structurePerIdRank	formulaRank	CSI:FingerIDScore	ModelScore	ZodiacScore	SiriusScoreNormalized	SiriusScore	molecularFormula	adduct	precursorFormula	InChIkey2D	InChI	name	smiles	ionMass	retentionTimeInSeconds	retentionTimeInMinutes	formulaId	alignedFeatureId	compoundId	mappingFeatureId	overallFeatureQuality
1	1	-35.496	-6.551		1.000	40.898	CH6N2O5S	[M + H]+	CH7N2O5S+	QOPCTVYLLKIEJD	InChI=1S/CH6N2O5S/c2-6-1-9(4,5)8-7-3/h1-3H2		NOCS(=O)(=O)OON	159.006	45	0.751	857337204435823791	857336421524195804	857336421490641371	119	
1	2	-60.013	-6.527		0.333	45.118	C2H6N2O5S	[M - H2O + H]+	C2H5N2O4S+	WFJYEFRUQKXCSE	InChI=1S/C2H6N2O5S/c3-4-10(7,8,9)1-2(5)6/h3H,1H2,(H,5,6)(H2,7,8,9)		N=NS(=O)(O)(O)CC(=O)O	152.998	45	0.754	857337220067994973	857336421788436960	857336421775854047	200	
1	3	-70.130	-5.360		0.282	50.366	C3H3N3OS	[M + CH2O2 + H]+	C4H6N3O3S+	UMWDBGDPZWRPNO	InChI=1S/C3H3N3OS/c7-3(8)2-4-1-5-6-2/h1H,(H,7,8)(H,4,5,6)	1H-1,2,4-triazol-1-ium-3-carbothioate	C1=NNC(=N1)C(=O)S	176.013	45	0.756	857337202389003423	857336422186895848	857336422182701543	230	
1	1	-80.220	-8.101		0.333	20.863	CH2N2O2S	[M + H]+	CH3N2O2S+	FYFXQFXLEJFUBX	InChI=1S/CH2N2O2S/c2-3-5-1(4)6/h2H,(H,4,6)		N=NOC(=O)S	106.992	45	0.757	857337201592085631	857336422358862316	857336422354668011	139	
1	5	-49.513	-7.278		0.008	11.078	C4H6F2N2	[M + Na]+	C4H6F2N2Na+	ZSGOMENBYNTVDP	InChI=1S/C4H6F2N2/c1-3(5)8-2-4(6)7/h7H,2H2,1H3		CC(F)=NCC(=N)F	143.040	46	0.759	857337208936312035	857336422522440176	857336422518245871	206	
1	1	-36.196	-7.376		0.942	22.884	C2H2F2O3	[M + Na]+	C2H2F2NaO3+	DBELYRGXKAWNDK	InChI=1S/C2H2F2O3/c3-2(4)1-6-7-5/h1,5H	1,1-Difluoro-2-(trioxidanyl)ethene	C(=C(F)F)OOO	134.987	46	0.761	857337196919630950	857336422677629428	857336422673435123	147	
1	1	-25.387	-5.530		1.000	19.192	H4N2O2S	[M + H]+	H5N2O2S+	UBDJPQDQVIRTSX	InChI=1S/H4N2O2S/c1-5-4-2-3/h2-3H,1H2		NSONO	97.008	46	0.761	857337190670117951	857336422841207288	857336422837012983	169	
1	2	-47.567	-4.725		0.333	19.418	C2H7N3O2S	[M - H2O + H]+	C2H6N3OS+	GUVJJUDIJBVKOZ	InChI=1S/C2H7N3O2S/c1-2(6)4-5-8(3)7/h8H,1H3,(H,4,6)(H2,3,5,7)		CC(=O)NN[SH](=N)=O	120.024	46	0.768	857337219908611402	857336423164168704	857336423159974399	204	
1	2	-35.129	-5.858		0.027	30.531	C2H5O2P	[M + K]+	C2H5KO2P+	IBNKQSROKQLMTD	InChI=1S/C2H5O2P/c1-5(4)2-3/h4-5H,1H3		C[PH](O)=C=O	130.966	46	0.768	857337205853498576	857336423361300996	857336423357106691	381	
1	1	-75.990	-5.720		1.000	48.028	C4H3F2NO2	[M + Na]+	C4H3F2NNaO2+	JSYKJMXPMNXQKP	InChI=1S/C4H3F2NO2/c5-1-3(6)7-2-4(8)9/h1-2H,(H,8,9)		O=C(O)C=NC(F)=CF	158.003	46	0.772	857337204641344698	857336423730399756	857336423722011147	208	
1	1	-67.040	-5.104		1.000	33.237	C3H3F2NO	[M + Na]+	C3H3F2NNaO+	ZKLLPXIUORMSIW	InChI=1S/C3H3F2NO/c4-1-3(5)7-2-6/h1-2,6H		N=COC(F)=CF	130.008	46	0.773	857337208986643698	857336423906560528	857336423902366223	205	
1	4	-40.489	-7.306		0.002	48.212	C4H6FO4PS	[M + Na]+	C4H6FNaO4PS+	ZKQZELZQHGFLHL	InChI=1S/C4H6FO4PS/c1-4(5)11-3-2-9-10(6,7)8/h2-3,10H,1H2,(H,6,7,8)		C=C(F)SC=CO[PH](=O)(=O)O	222.961	48	0.799	857337226242010532	857336424195967512	857336424191773207	232	
1	2	-59.474	-6.471		0.402	56.104	C3H5FNO6PS	[M + Na]+	C3H5FNNaO6PS+	SSWCKHSFLVTDFW	InChI=1S/C3H5FNO6PS/c4-3(6)11-12(7,8)13(9,10)2-1-5/h1,5H,2H2,(H,7,8)		N=CCS(=O)(=O)P(=O)(O)OC(=O)F	255.944	50	0.826	857337215672364337	857336425139685936	857336425127103023	398	
1	1	-14.885	-4.010		1.000	15.468	C3H2Cl2	[M + H3N + H]+	C3H6Cl2N+	KNMQFZVRVIGMPA	InChI=1S/C3H2Cl2/c4-2-1-3-5/h2-3H	1,3-Dichloroallene	C(=C=CCl)Cl	125.986	50	0.829	857337218004397382	857336425517173304	857336425512978999	429	
1	5	-59.500	-6.846		0.133	15.374	C5H12Cl2N2O2	[M - H4O2 + H]+	C5H9Cl2N2+	YWZQZTAGIXIGRF	InChI=1S/C5H12Cl2N2O2/c6-1-2-8-5(11)4(7)9-3-10/h4-5,8-11H,1-3H2		OCNC(Cl)C(O)NCCCl	167.013	50	0.834	857337242809511472	857336426452503116	857336426448308811	428	
1	1	-30.172	-4.818		1.000	54.366	C6H12N2	[M + H]+	C6H13N2+	DCRYNQTXGUTACA	InChI=1S/C6H12N2/c1-2-8-5-3-7-4-6-8/h2,7H,1,3-6H2	1-Ethenylpiperazin-1-ium	C=CN1CCNCC1	113.107	52	0.864	857337201944407196	857336426855156312	857336426850962007	583	
1	1	-89.373	-6.072		0.992	22.523	C4H8N2O4S	[M + H]+	C4H9N2O4S+	MSFUNTZPDLIZBE	InChI=1S/C4H8N2O4S/c1-5-10-6-3-2-4-11(7,8)9/h3H,1-2,4H2,(H,7,8,9)		C=NON=CCCS(=O)(=O)O	181.026	53	0.880	857337198073064565	857336427098425952	857336427098425951	631	
1	1	-30.861	-6.751		0.903	12.085	CH4N2O5P2	[M + H]+	CH5N2O5P2+	QCVGPNKXPMDZET	InChI=1S/CH4N2O5P2/c2-3-1-9(4,5)10(6,7)8/h1H,(H,4,5)(H2,6,7,8)		[N-]=[N+]=CP(=O)(O)P(=O)(O)O	186.966	54	0.900	857337228934753758	857336427480107624	857336427475913319	697	
1	1	-32.365	-1.155		1.000	35.802	CH6N2O4S2	[M + H]+	CH7N2O4S2+	IZPRJGQNZYJMMN	InChI=1S/CH6N2O4S2/c1-9(6,7)3-2-8(4)5/h3,8H,1H3,(H,2,4,5)		CS(=O)(=O)NN[SH](=O)=O	174.985	54	0.905	857337240422952472	857336427584965228	857336427584965227	733	
1	1	-65.564	-7.227		1.000	63.645	C2H4N2O4S2	[M + H]+	C2H5N2O4S2+	KPQRNHYBIBDFTR	InChI=1S/C2H4N2O4S2/c3-1(2(5)8-4)10(7)9-6/h3,6H,4H2		N=C(C(=O)ON)S(=O)SO	184.969	55	0.909	857337227324140999	857336427694017136	857336427689822831	699	
1	1	-51.584	-6.137		0.995	56.464	C4H5F2NO3S	[M + Na]+	C4H5F2NNaO3S+	MEHNINTWHRNQEH	InChI=1S/C4H5F2NO3S/c1-2-11(9,10)4(6)3(5)7-8/h2,7-8H,1H2		C=CS(=O)(=O)C(F)=C(F)NO	207.985	55	0.913	857337225977769360	857336427798874740	857336427794680435	701	
1	1	-78.377	-2.280		1.000	22.421	C5H13NO	[M + H]+	C5H14NO+	HMVFITKXZCNKSS	InChI=1S/C5H13NO/c1-6(2)4-5-7-3/h4-5H2,1-3H3		CN(C)CCOC	104.107	55	0.916	857337188946258996	857336427895343736	857336427895343735	741	
1	8	-71.271	-5.371		0.007	9.958	C5H4F3NO5	[M - H2O + H]+	C5H3F3NO4+	XOOMFEVNKRIHAY	InChI=1S/C5H4F3NO5/c1-2(13-4(11)12)9-14-3(10)5(6,7)8/h1H3,(H,11,12)		CC(=NOC(=O)C(F)(F)F)OC(=O)O	198.001	55	0.916	857337226632080828	857336428025367164	857336428025367163	735	
1	1	-3.140	-1.182		0.499	38.069	C3H5N5O	[M + H]+	C3H6N5O+	MASBWURJQFFLOO	InChI=1S/C3H5N5O/c4-1-6-2(5)8-3(9)7-1/h(H5,4,5,6,7,8,9)	2-Oxo-4,6-diamino-1-azonia-2,3-dihydro-1,3,5-triazine	C1(=NC(=NC(=O)N1)N)N	128.057	56	0.927	857337214984498469	857336428130224768	857336428126030463	763	
1	1	-28.076	-6.622		0.821	23.997	C4H4O8S	[M + Na]+	C4H4NaO8S+	QVGIGBWUBCFTOP	InChI=1S/C4H4O8S/c5-4(6)2-1-3-13(8,9)12-11-10-7/h7H,3H2,(H,5,6)		O=C(O)C#CCS(=O)(=O)OOOO	234.952	56	0.931	857337217996008763	857336428239276676	857336428235082371	999	
1	2	-17.302	-1.700		0.013	57.301	C13H13N3	[M + H]+	C13H14N3+	OWRCNXZUPFZXOS	InChI=1S/C13H13N3/c14-13(15-11-7-3-1-4-8-11)16-12-9-5-2-6-10-12/h1-10H,(H3,14,15,16)	Vulkazit	C1=CC=C(C=C1)NC(=NC2=CC=CC=C2)N	212.118	56	0.937	857337227596770770	857336428344134280	857336428339939975	843	
1	2	-44.718	-4.936		0.001	168.041	C10H14N2O	[M + H]+	C10H15N2O+	RWFBQHICRCUQJJ	InChI=1S/C10H14N2O/c1-12(13)7-3-5-10(12)9-4-2-6-11-8-9/h2,4,6,8,10H,3,5,7H2,1H3	Oxynicotine	C[N+]1(CCCC1C2=CN=CC=C2)[O-]	179.118	56	0.939	857337220311264623	857336428444797580	857336428440603275	867	
1	2	-30.569	-0.267		0.000	130.464	C10H14N2	[M + H]+	C10H15N2+	SNICXCGAKADSCV	InChI=1S/C10H14N2/c1-12-7-3-5-10(12)9-4-2-6-11-8-9/h2,4,6,8,10H,3,5,7H2,1H3	Habitrol	CN1CCCC1C2=CN=CC=C2	163.123	57	0.942	857337211478060303	857336428541266576	857336428537072271	862	
1	1	-10.765	-2.292		1.000	22.076	C6H15N	[M + H]+	C6H16N+	ZMANZCXQSJIPKH	InChI=1S/C6H15N/c1-4-7(5-2)6-3/h4-6H2,1-3H3	triethylamine	CCN(CC)CC	102.128	57	0.950	857337227319946694	857336428839062172	857336428834867867	898	
1	1	-61.224	-2.264		1.000	57.991	C11H23NO2	[M + H]+	C11H24NO2+	STEYNUVPFMIUOY	InChI=1S/C11H23NO2/c1-10(2)7-9(14)8-11(3,4)12(10)5-6-13/h9,13-14H,5-8H2,1-4H3	4-Hydroxy-2,2,6,6-tetramethyl-1-piperidineethanol	CC1(CC(CC(N1CCO)(C)C)O)C	202.180	57	0.951	857337212606328084	857336428931336864	857336428927142559	1124	
1	1	-9.420	-2.312		0.500	41.077	C12H23N	[M + H]+	C12H24N+	XBPCUCUWBYBCDP	InChI=1S/C12H23N/c1-3-7-11(8-4-1)13-12-9-5-2-6-10-12/h11-13H,1-10H2	Dicha	C1CCC(CC1)NC2CCCCC2	182.190	57	0.953	857337225747082638	857336429254298284	857336429250103979	1068	
1	1	-37.786	-5.159		0.913	8.990	C5H7FO2S	[M + Na]+	C5H7FNaO2S+	FWJABAPOIIDYBZ	InChI=1S/C5H7FO2S/c1-4(6)9(7,8)5-2-3-5/h5H,1-3H2		C=C(F)S(=O)(=O)C1CC1	173.005	57	0.956	857337243430268485	857336429346572976	857336429342378671	1106	
1	2	-60.592	-9.193		0.019	151.279	C10H12N2O	[M + H]+	C10H13N2O+	GQLSEYOOXBRDFZ	InChI=1S/C10H12N2O/c13-8-12-6-2-4-10(12)9-3-1-5-11-7-9/h1,3,5,7-8,10H,2,4,6H2	2-(pyridin-3-yl)pyrrolidine-1-carbaldehyde	C1CC(N(C1)C=O)C2=CN=CC=C2	177.102	57	0.956	857337250296344155	857336429451430580	857336429447236275	1118	
1	1	-29.944	-3.026		1.000	59.623	C12H27N	[M + H]+	C12H28N+	IMFACGCPASFAPR	InChI=1S/C12H27N/c1-4-7-10-13(11-8-5-2)12-9-6-3/h4-12H2,1-3H3	Tributilamina	CCCCN(CCCC)CCCC	186.222	58	0.963	857337234878082570	857336429543705272	857336429543705271	1229	
1	1	-102.921	-6.903		0.991	60.377	C7H15N3O3S	[M + Na]+	C7H15N3NaO3S+	UZCSLJBRWOHLDQ	InChI=1S/C7H15N3O3S/c1-4-8-13-10-7(11)12-9-6(3)14-5-2/h8H,4-5H2,1-3H3,(H,10,11)		CCNONC(=O)ON=C(C)SCC	244.072	58	0.964	857337256822681189	857336429640174268	857336429635979963	1327	
1	1	-115.846	-4.803		1.000	49.797	C9H19NO	[M + H]+	C9H20NO+	ZKSJCVWOHMEUED	InChI=1S/C9H19NO/c1-9(2)7-5-6-8-10(3,4)11/h7H,5-6,8H2,1-4H3		CC(C)=CCCC[N+](C)(C)[O-]	158.154	58	0.965	857337235062631954	857336429740837568	857336429736643263	1033	
1	1	-107.853	-6.965		0.999	18.263	C10H14F2O2	[M - H2O + H]+	C10H13F2O+	JYAHYYHAWPOJRP	InChI=1S/C10H14F2O2/c1-8(2,13)3-6-10(11,12)7-9(14)4-5-9/h13-14H,4-5,7H2,1-2H3		CC(C)(O)C#CC(F)(F)CC1(O)CC1	187.094	58	0.970	857337242310389285	857336429925386952	857336429921192647	1313	
1	2	-39.920	-0.179		0.500	37.943	C6H15NO	[M - H2O + H]+	C6H14N+	SUTWPJHCRAITLU	InChI=1S/C6H15NO/c7-5-3-1-2-4-6-8/h8H,1-7H2	6-Aminohexyloxidanium	C(CCCO)CCN	100.112	58	0.973	857337243115695684	857336430026050252	857336430021855947	925	
1	1	-40.657	-6.481		0.813	6.070	C5H7Br	[M + H]+	C5H8Br+	SPCNNRYTKRIZIV	InChI=1S/C5H7Br/c1-2-3-4-5-6/h3,5H,2H2,1H3	1-Bromo-penta-1,2-diene	CCC=C=CBr	146.981	59	0.988	857337269971824248	857336430353205976	857336430349011671	1246	
1	1	-21.741	-4.086		0.664	9.962	C2H10N4	[M + K]+	C2H10KN4+	IQCPISSDMLZBJH	InChI=1S/C2H10N4/c1-3-5-6-4-2/h3-6H,1-2H3	1,4-Dimethyltetrazane	CNNNNC	129.055	60	1.002	857337328750800547	857336430558726880	857336430554532575	1366	
1	1	-37.847	-0.253		1.000	55.115	C9H20O5	[M + H]+	C9H21O5+	ZNYRFEPBTVGZDN	InChI=1S/C9H20O5/c1-11-4-5-13-8-9-14-7-6-12-3-2-10/h10H,2-9H2,1H3	2,5,8,11-tetraoxatridecan-13-ol	COCCOCCOCCOCCO	209.138	61	1.020	857337329161842351	857336430651001572	857336430646807267	1670	
1	1	-137.242	-7.597		1.000	83.222	C7H16O4	[M + H]+	C7H17O4+	NEXKGOAIVZDCRE	InChI=1S/C7H16O4/c1-3-6(8,4-2)5-7(9,10)11/h8-11H,3-5H2,1-2H3		CCC(O)(CC)CC(O)(O)O	165.112	62	1.035	857337373885707740	857336430743276264	857336430739081959	1656	
1	15	-32.444	-5.022		0.003	7.839	C2H6NO7P3	[M - H4O2 + H]+	C2H3NO5P3+	FUNPKMJBCUPCMO	InChI=1S/C2H6NO7P3/c3-2(13(8,9)10)1-12(6,7)11(4)5/h3H,1H2,(H,6,7)(H2,8,9,10)		N=C(CP(=O)(O)P(=O)=O)P(=O)(O)O	213.923	63	1.047	857337379862590990	857336430898465516	857336430894271211	1768	
1	1	-39.206	-4.804		0.332	11.015	C2H6N2O6S2	[M + H]+	C2H7N2O6S2+	XKCOCEXERDHHSE	InChI=1S/C2H6N2O6S2/c3-2(12(7,8)9)1-11(5,6)10-4/h3H,1,4H2,(H,7,8,9)		N=C(CS(=O)(=O)ON)S(=O)(=O)O	218.975	70	1.162	857337378302309867	857336431200455412	857336431196261107	2048	
1	15	-32.301	-5.022		0.004	7.956	C2H6NO7P3	[M - H4O2 + H]+	C2H3NO5P3+	FUNPKMJBCUPCMO	InChI=1S/C2H6NO7P3/c3-2(13(8,9)10)1-12(6,7)11(4)5/h3H,1H2,(H,6,7)(H2,8,9,10)		N=C(CP(=O)(O)P(=O)=O)P(=O)(O)O	213.923	81	1.348	857337397126346565	857336431653440260	857336431649245955	2190	
1	1	-122.147	-6.748		1.000	31.532	C9H19NO	[M + H]+	C9H20NO+	WGFBDLMEOPUVGJ	InChI=1S/C9H19NO/c1-8(11)5-6-10(2)7-9-3-4-9/h8-9,11H,3-7H2,1-2H3	4-[Cyclopropylmethyl(methyl)amino]butan-2-ol	CC(CCN(C)CC1CC1)O	158.154	96	1.600	857337388146341632	857336431930264336	857336431926070031	2348	
1	1	-62.001	-3.347		1.000	28.926	C6H15NO	[M + H]+	C6H16NO+	VIVLBCLZNBHPGE	InChI=1S/C6H15NO/c1-7(2)5-4-6-8-3/h4-6H2,1-3H3	3-Methoxypropyl(dimethyl)azanium	CN(C)CCCOC	118.123	103	1.713	857337384824452843	857336432018344724	857336432014150419	2407	
1	2	-65.758	-3.720		0.013	135.044	C10H12N2O	[M + H]+	C10H13N2O+	ZNRCYLKKEPTBBN	InChI=1S/C10H12N2O/c1-2-9(6-12-8-13)10-4-3-5-11-7-10/h3-5,7,9H,2,6H2,1H3		CCC(CN=C=O)c1cccnc1	177.102	118	1.971	857337391505979172	857336432119008024	857336432114813719	2517	
1	1	-70.263	-4.602		1.000	24.129	C6H13N	[M + H]+	C6H14N+	DFDDLFCSYLTQBP	InChI=1S/C6H13N/c1-7-5-6-3-2-4-6/h6-7H,2-5H2,1H3	(Cyclobutylmethyl)(methyl)amine	CNCC1CCC1	100.112	169	2.817	857337388351862530	857336432207088412	857336432207088411	2883	
1	1	-27.068	-1.558		0.998	56.694	C8H8N2	[M + H]+	C8H9N2+	QCXGJTGMGJOYDP	InChI=1S/C8H8N2/c1-6-3-2-4-7-8(6)10-5-9-7/h2-5H,1H3,(H,9,10)	7-methyl-1H-benzo[d]imidazole	CC1=C2C(=CC=C1)NC=N2	133.076	239	3.978	857337389484324633	857336432567798572	857336432567798571	3190	
1	1	-38.085	-3.020		1.000	71.738	C12H17NO	[M + H]+	C12H18NO+	ZHVROAWYLQAMKK	InChI=1S/C12H17NO/c1-9-6-5-7-11(8-9)12(14)10(2)13(3)4/h5-8,10H,1-4H3	2-(Dimethylamino)-1-(3-methylphenyl)propan-1-one	CC1=CC(=CC=C1)C(=O)C(C)N(C)C	192.138	246	4.097	857337393548605230	857336432647490352	857336432643296047	3265	
1	1	-8.359	-0.100		1.000	22.963	C10H22O6	[M + H]+	C10H23O6+	JLFNLZLINWHATN	InChI=1S/C10H22O6/c11-1-3-13-5-7-15-9-10-16-8-6-14-4-2-12/h11-12H,1-10H2	Pentaglycol	C(COCCOCCOCCOCCO)O	239.149	248	4.138	857337400276268891	857336432727182132	857336432722987827	3272	
1	1	-97.136	-6.402		1.000	49.603	C9H14N4O	[M + H]+	C9H15N4O+	CFPYCEDAGBWSGB	InChI=1S/C9H14N4O/c1-3-12-6-11-7(2)8(12)9(14)13-4-10-5-13/h6,10H,3-5H2,1-2H3		CCn1cnc(C)c1C(=O)N1CNC1	195.123	250	4.158	857337406676776814	857336432815262520	857336432815262519	3304	
1	1	-88.767	-6.030		1.000	54.115	C12H23NO	[M + H]+	C12H24NO+	TYGHMBIHLZRATP	InChI=1S/C12H23NO/c14-12-9-5-4-8-11(12)13-10-6-2-1-3-7-10/h10-14H,1-9H2	2-(Cyclohexylamino)cyclohexan-1-ol	C1CCC(CC1)NC2CCCCC2O	198.185	254	4.240	857337415363180407	857336433041754944	857336433037560639	3334	
1	2	-27.421	-0.152		0.333	37.407	C8H6O4	[M - H2O + H]+	C8H5O3+	XNGIFLGASWRNHJ	InChI=1S/C8H6O4/c9-7(10)5-3-1-2-4-6(5)8(11)12/h1-4H,(H,9,10)(H,11,12)	phthalate	C1=CC=C(C(=C1)C(=O)O)C(=O)O	149.023	256	4.264	857337423072311726	857336433155001156	857336433155001155	3364	
1	1	-196.852	-6.138		0.976	12.742	C13H25N5O4	[M + H]+	C13H26N5O4+	MQOMEVRJWREOGT	InChI=1S/C13H25N5O4/c14-3-1-2-5-18-10-17-13(12(18)15)16-4-6-21-7-8-22-9-11(19)20/h10,16H,1-9,14-15H2,(H,19,20)		NCCCCn1cnc(NCCOCCOCC(=O)O)c1N	316.197	259	4.313	857337426146736797	857336433385687884	857336433381493579	3413	
1	2	-73.364	-5.244		0.316	15.867	C8H25N7O4	[M + H]+	C8H26N7O4+	VPQOCTCENQAQDL	InChI=1S/C8H25N7O4/c9-14(10)13-15(11)12-1-3-17-5-7-19-8-6-18-4-2-16/h12-13,16H,1-11H2		NN(N)NN(N)NCCOCCOCCOCCO	284.207	264	4.398	857337424775199347	857336433494739792	857336433490545487	3491	
1	1	-88.286	-6.031		1.000	52.112	C12H23NO	[M + H]+	C12H24NO+	TYGHMBIHLZRATP	InChI=1S/C12H23NO/c14-12-9-5-4-8-11(12)13-10-6-2-1-3-7-10/h10-14H,1-9H2	2-(Cyclohexylamino)cyclohexan-1-ol	C1CCC(CC1)NC2CCCCC2O	198.185	265	4.415	857337424406100591	857336433721232216	857336433717037911	3450	
1	1	-16.442	-0.210		0.960	14.961	C9H20O5	[M + H3N + H]+	C9H24NO5+	ZNYRFEPBTVGZDN	InChI=1S/C9H20O5/c1-11-4-5-13-8-9-14-7-6-12-3-2-10/h10H,2-9H2,1H3	2,5,8,11-tetraoxatridecan-13-ol	COCCOCCOCCOCCO	226.165	266	4.433	857337430110354315	857336434086136676	857336434081942371	3474	
1	1	-27.230	-0.119		1.000	38.743	C9H20O5	[M + H]+	C9H21O5+	ZNYRFEPBTVGZDN	InChI=1S/C9H20O5/c1-11-4-5-13-8-9-14-7-6-12-3-2-10/h10H,2-9H2,1H3	2,5,8,11-tetraoxatridecan-13-ol	COCCOCCOCCOCCO	209.138	266	4.438	857337436531834054	857336434211965800	857336434207771495	3481	
1	1	-97.999	-6.814		1.000	46.842	C6H12O3	[M + H]+	C6H13O3+	NFSCEXJYMUROGG	InChI=1S/C6H12O3/c1-3-8-9-6(2)4-5-7/h3,6-7H,1,4-5H2,2H3		C=COOC(C)CCO	133.086	267	4.444	857337435583921222	857336434329406316	857336434325212011	3483	
1	1	-13.990	-0.048		0.975	22.675	C12H26O7	[M + H]+	C12H27O7+	IIRDTKBZINWQAW	InChI=1S/C12H26O7/c13-1-3-15-5-7-17-9-11-19-12-10-18-8-6-16-4-2-14/h13-14H,1-12H2	Hexagol	C(COCCOCCOCCOCCOCCO)O	283.175	270	4.507	857337445054659915	857336434430069616	857336434425875311	3534	
1	1	-179.256	-7.466		0.807	11.488	C15H29N5O5	[M + H]+	C15H30N5O5+	YLJIRQYMHROYLB	InChI=1S/C15H29N5O5/c21-4-8-24-10-12-25-11-9-23-6-2-16-1-5-22-7-3-18-15-19-13-17-14-20-15/h13-14,16,21H,1-12H2,(H,17,18,19,20)		OCCOCCOCCOCCNCCOCCNc1ncncn1	360.223	274	4.573	857337547009833641	857336434660756344	857336434656562039	3603	
1	1	-41.552	-2.652		0.999	11.506	C8H18O4	[M + H]+	C8H19O4+	BZJMWEUXPKKANZ	InChI=1S/C8H18O4/c9-3-1-5-11-6-2-7-12-8-4-10/h9-10H,1-8H2	3-[3-(2-Hydroxyethoxy)propoxy]propan-1-ol	C(CO)COCCCOCCO	179.128	278	4.639	857337547769002817	857336434769808252	857336434769808251	3619	
1	1	-77.126	-6.288		0.996	37.034	C11H21N5	[M + H]+	C11H22N5+	JVMKCRBRAHFKAL	InChI=1S/C11H21N5/c1-6-9-12-10(8-16(5)7-2)14-11(13-9)15(3)4/h6-8H2,1-5H3		CCc1nc(CN(C)CC)nc(N(C)C)n1	224.186	279	4.643	857337548704332615	857336434883054464	857336434883054463	3627	
1	2	-61.410	-6.797		0.333	133.634	C10H14O3	[M - H2O + H]+	C10H13O2+	SLAGEXKECMIALZ	InChI=1S/C10H14O3/c11-8-4-7(3-6-1-2-6)9(5-8)10(12)13/h6-7,9H,1-5H2,(H,12,13)		O=C1CC(CC2CC2)C(C(=O)O)C1	165.091	280	4.665	857337551564847960	857336435164072840	857336435164072839	3644	
1	1	-96.970	-3.777		1.000	217.860	C10H16O4	[M - H2O + H]+	C10H15O3+	DAINTVGSEVHWDY	InChI=1S/C10H16O4/c1-2-4-8(11)5-3-6-9(12)7-10(13)14/h2-7H2,1H3,(H,13,14)		CCCC(=O)CCCC(=O)CC(=O)O	183.102	280	4.668	857337601565145976	857336435310873484	857336435310873483	3672	
1	2	-6.462	-0.048		0.108	11.027	C12H26O7	[M + H3N + H]+	C12H30NO7+	IIRDTKBZINWQAW	InChI=1S/C12H26O7/c13-1-3-15-5-7-17-9-11-19-12-10-18-8-6-16-4-2-14/h13-14H,1-12H2	Hexagol	C(COCCOCCOCCOCCOCCO)O	300.202	281	4.680	857337594464189295	857336435432508304	857336435428313999	3697	
1	1	-7.238	-0.048		0.943	15.639	C12H26O7	[M + H]+	C12H27O7+	IIRDTKBZINWQAW	InChI=1S/C12H26O7/c13-1-3-15-5-7-17-9-11-19-12-10-18-8-6-16-4-2-14/h13-14H,1-12H2	Hexagol	C(COCCOCCOCCOCCOCCO)O	283.175	282	4.692	857337673107389311	857336435528977300	857336435524782995	3696	
1	2	-108.949	-6.313		0.050	19.552	C13H31N5O3	[M + Na]+	C13H31N5NaO3+	FWIOFYWXSZTAGC	InChI=1S/C13H31N5O3/c14-12-18-13(15)11-17-4-2-1-3-16-5-7-20-9-10-21-8-6-19/h16-17,19H,1-12,14H2,(H2,15,18)		N=C(CNCCCCNCCOCCOCCO)NCN	328.233	282	4.694	857337695647579019	857336435642223512	857336435642223511	3699	
1	1	-258.589	-6.782		0.995	16.292	C15H27N5O4	[M + H]+	C15H28N5O4+	RFTSRMZASFTTON	InChI=1S/C15H27N5O4/c16-2-3-19-12-17-15-14(19)18-13-20(15)4-8-22-6-1-7-23-10-11-24-9-5-21/h12-13,21H,1-11,16H2		NCCn1cnc2c1ncn2CCOCCCOCCOCCO	342.212	285	4.750	857337833921201392	857336435747081116	857336435747081115	3735	
1	1	-140.722	-4.007		0.996	40.392	C17H33N5O4	[M + H]+	C17H34N5O4+	BAOIOCOYSNXDNH	InChI=1S/C17H33N5O4/c23-8-10-25-12-14-26-13-11-24-9-6-18-3-1-2-7-22-15-21-16-17(22)20-5-4-19-16/h15,18-20,23H,1-14H2		OCCOCCOCCOCCNCCCCn1cnc2c1NCCN2	372.259	291	4.843	857337851965101539	857336435868715936	857336435864521631	3746	
1	1	-15.497	-0.028		0.939	37.629	C14H30O8	[M + H]+	C14H31O8+	XPJRQAIZZQMSCM	InChI=1S/C14H30O8/c15-1-3-17-5-7-19-9-11-21-13-14-22-12-10-20-8-6-18-4-2-16/h15-16H,1-14H2	Epitope ID:161055	C(COCCOCCOCCOCCOCCOCCO)O	327.201	291	4.853	857337847741436549	857336435981962148	857336435977767843	3812	
1	1	-12.458	-6.087		0.951	19.530	C11H24O6	[M + H]+	C11H25O6+	SMBXIGKPAGOPPF	InChI=1S/C11H24O6/c1-12-3-5-14-7-9-16-11-17-10-8-15-6-4-13-2/h3-11H2,1-2H3	2,5,8,10,13,16-Hexaoxaheptadecane	COCCOCCOCOCCOCCOC	253.165	292	4.872	857337838073562651	857336436086819752	857336436082625447	3831	
1	4	-31.676	-1.121		0.155	22.430	C13H28O6	[M + H3N + H]+	C13H32NO6+	PJXDGFJDVVVXCY	InChI=1S/C13H28O6/c1-3-15-6-7-17-10-11-19-13-12-18-9-8-16-5-4-14-2/h3-13H2,1-2H3	2,5,8,11,14,17-Hexaoxanonadecane	CCOCCOCCOCCOCCOCCOC	298.222	293	4.875	857337835334681853	857336436195871660	857336436195871659	3828	
1	1	-74.589	-5.498		1.000	53.189	C12H23NO	[M + H]+	C12H24NO+	TYGHMBIHLZRATP	InChI=1S/C12H23NO/c14-12-9-5-4-8-11(12)13-10-6-2-1-3-7-10/h10-14H,1-9H2	2-(Cyclohexylamino)cyclohexan-1-ol	C1CCC(CC1)NC2CCCCC2O	198.185	301	5.022	857337847749825167	857336436313312176	857336436309117871	3944	
1	1	-25.229	-0.439		0.500	45.875	C8H6O4	[M + H]+	C8H7O4+	QQVIHTHCMHWDBS	InChI=1S/C8H6O4/c9-7(10)5-2-1-3-6(4-5)8(11)12/h1-4H,(H,9,10)(H,11,12)	Isophthalic Acid	C1=CC(=CC(=C1)C(=O)O)C(=O)O	167.034	302	5.035	857337851973490158	857336436418169780	857336436413975475	3958	
1	2	-33.910	-0.453		0.330	56.155	C8H6O4	[M - H2O + H]+	C8H5O3+	XNGIFLGASWRNHJ	InChI=1S/C8H6O4/c9-7(10)5-3-1-2-4-6(5)8(11)12/h1-4H,(H,9,10)(H,11,12)	phthalate	C1=CC=C(C(=C1)C(=O)O)C(=O)O	149.023	302	5.039	857337850740364451	857336436527221688	857336436523027383	3954	
1	4	-150.116	-7.343		0.012	30.595	C9H19NO5S	[M + K]+	C9H19KNO5S+	OIFCCNYZIOAPDD	InChI=1S/C9H19NO5S/c1-3-6-14-9(10-15-7-4-2)5-8-16(11,12)13/h3-8H2,1-2H3,(H,11,12,13)		CCCON=C(CCS(=O)(=O)O)OCCC	292.060	306	5.095	857337864040502893	857336436745325504	857336436745325503	3929	
1	1	-117.703	-6.109		1.000	56.715	C9H20O4	[M + H]+	C9H21O4+	PKDCHVAWNYRNMQ	InChI=1S/C9H20O4/c1-7(2,3)12-9(10,11)13-8(4,5)6/h10-11H,1-6H3	Bis[(2-methylpropan-2-yl)oxy]methanediol	CC(C)(C)OC(O)(O)OC(C)(C)C	193.144	306	5.099	857337836760745237	857336436955040712	857336436955040711	4014	
1	14	-60.828	-6.655		0.016	15.847	C5H6N4O6P2	[M + CH2O2 + H]+	C6H9N4O8P2+	QKOVFGHTTNLUEP	InChI=1S/C5H6N4O6P2/c6-1-2-8-3(10)7-4(11)9(5(8)12)17(13,14)15-16/h2,16H2,(H,13,14)(H,7,10,11)		N#CCn1c(=O)[nH]c(=O)n(P(=O)(O)OP)c1=O	326.989	307	5.110	857337847330393945	857336437076675532	857336437072481227	4038	
1	9	-39.437	-7.639		0.020	15.036	C5H8O13S	[M + H]+	C5H9O13S+	PZQWJXMQAUZDIV	InChI=1S/C5H8O13S/c1-2-3-9-12-14-16-18-17-15-13-10-4-5-11-19(6,7)8/h1H,3-5H2,(H,6,7,8)		C#CCOOOOOOOOOCCOS(=O)(=O)O	308.978	307	5.116	857337861679109718	857336437240253392	857336437236059087	4054	
1	1	-10.674	-0.032		0.935	50.931	C16H34O9	[M + H]+	C16H35O9+	GLZWNFNQMJAZGY	InChI=1S/C16H34O9/c17-1-3-19-5-7-21-9-11-23-13-15-25-16-14-24-12-10-22-8-6-20-4-2-18/h17-18H,1-16H2	PED-diol (n=8)	C(COCCOCCOCCOCCOCCOCCOCCO)O	371.228	310	5.163	857337849347855169	857336437340916692	857336437336722387	4138	
1	3	-94.519	-4.803		0.027	20.015	C19H43N3O4	[M + K]+	C19H43KN3O4+	FPJSTNMCLHENGC	InChI=1S/C19H43N3O4/c1-2-7-20-8-3-4-9-21-10-5-6-11-22-12-14-24-16-18-26-19-17-25-15-13-23/h20-23H,2-19H2,1H3		CCCNCCCCNCCCCNCCOCCOCCOCCO	416.285	310	5.169	857337848525771422	857336437475134424	857336437475134423	4132	
1	2	-114.657	-8.315		0.345	13.325	C13H25N5O	[M + H]+	C13H26N5O+	BIBWOODCRIWRHC	InChI=1S/C13H25N5O/c1-4-18(5-2)8-10-19-9-6-7-12-15-11(3)16-13(14)17-12/h4-10H2,1-3H3,(H2,14,15,16,17)		CCN(CC)CCOCCCc1nc(C)nc(N)n1	268.212	310	5.172	857337848479634067	857336437588380636	857336437584186331	4125	
1	1	-167.568	-6.658		1.000	126.227	C12H20O4	[M - H2O + H]+	C12H19O3+	IVJDXLQMQPIPOT	InChI=1S/C12H20O4/c1-4-6-10(9-12(14)16-3)7-5-8-11(13)15-2/h5,8,10H,4,6-7,9H2,1-3H3		CCCC(CC=CC(=O)OC)CC(=O)OC	211.133	312	5.206	857337838077756965	857336437697432544	857336437693238239	4173	
1	1	-112.225	-4.643		1.000	76.404	C9H12O2	[M + H]+	C9H13O2+	VDJGKHHLJHTPLO	InChI=1S/C9H12O2/c1-7(6-8(2)10)9-4-3-5-11-9/h3-5,7H,6H2,1-2H3	(4S)-4-(furan-2-yl)pentan-2-one	CC(CC(=O)C)C1=CC=CO1	153.091	313	5.209	857337837314393372	857336437814873060	857336437810678755	4178	
1	1	-138.124	-6.730		1.000	53.668	C12H20O4	[M + H]+	C12H21O4+	MJXUIWOBYQQHRY	InChI=1S/C12H20O4/c1-4-7-8-10(12(14)16-6-3)9-11(13)15-5-2/h9H,4-8H2,1-3H3	Diethyl 2-butylbut-2-enedioate	CCCCC(=CC(=O)OCC)C(=O)OCC	229.144	313	5.214	857337859162527271	857336437907147752	857336437907147751	4177	
1	2	-102.585	-6.957		0.500	56.111	C14H24O4	[M + H3N + H]+	C14H28NO4+	MKKVCNKZLUHJKZ	InChI=1S/C14H24O4/c1-5-13(4)14(15)18-11-10-17-9-8-16-7-6-12(2)3/h5,13H,1-2,6-11H2,3-4H3		C=CC(C)C(=O)OCCOCCOCCC(=C)C	274.201	313	5.215	857337870109660832	857336438024588268	857336438020393963	4176	
1	1	-79.116	-7.034		0.990	31.714	C6H6O	[M + H]+	C6H7O+	ISWSIDIOOBJBQZ	InChI=1S/C6H6O/c7-6-4-2-1-3-5-6/h1-5,7H	Phoh	C1=CC=C(C=C1)O	95.049	313	5.215	857337876552111836	857336438133640176	857336438129445871	4171	
1	1	-89.271	-7.860		1.000	48.624	C10H16O2	[M + H]+	C10H17O2+	HENKBPXZCWDXON	InChI=1S/C10H16O2/c1-3-5-6-7-8-9-10(11)12-4-2/h3-6,9H2,1-2H3	Ethyl oct-3-ynoate	CCCCC#CCC(=O)OCC	169.122	313	5.218	857337854699787789	857336438230109172	857336438230109171	4167	
1	6	-51.349	-8.132		0.008	22.364	C18H39NO10	[M + H]+	C18H40NO10+	XXPYNOBAJFTNGF	InChI=1S/C18H39NO10/c19-1-3-28-17-18(21)29-16-15-27-14-13-26-12-11-25-10-9-24-8-7-23-6-5-22-4-2-20/h18,20-21H,1-17,19H2		NCCOCC(O)OCCOCCOCCOCCOCCOCCOCCO	430.265	316	5.271	857337861217736257	857336438343355384	857336438343355383	4250	
1	1	-10.041	-0.652		0.999	18.121	C10H22O5	[M + H]+	C10H23O5+	ZUHZGEOKBKGPSW	InChI=1S/C10H22O5/c1-11-3-5-13-7-9-15-10-8-14-6-4-12-2/h3-10H2,1-2H3	Glyme 5	COCCOCCOCCOCCOC	223.154	321	5.356	857337868222224022	857336438553070592	857336438548876287	4337	
1	2	-14.126	-1.836		0.019	62.237	C13H13N3	[M + H]+	C13H14N3+	OWRCNXZUPFZXOS	InChI=1S/C13H13N3/c14-13(15-11-7-3-1-4-8-11)16-12-9-5-2-6-10-12/h1-10H,(H3,14,15,16)	Vulkazit	C1=CC=C(C=C1)NC(=NC2=CC=CC=C2)N	212.118	323	5.375	857337881815963393	857336438766980104	857336438762785799	4364	
1	1	-68.157	-3.866		1.000	90.711	C12H16O3	[M + H]+	C12H17O3+	WGIIOGRUHSJKMI	InChI=1S/C12H16O3/c1-4-14-11(13)12(2,3)15-10-8-6-5-7-9-10/h5-9H,4H2,1-3H3	Ethyl 2-methyl-2-phenoxypropanoate	CCOC(=O)C(C)(C)OC1=CC=CC=C1	209.117	325	5.420	857337873435743937	857336438867643404	857336438867643403	4419	
1	1	-205.053	-8.701		0.997	60.918	C21H41N5O6	[M + H]+	C21H42N5O6+	GXLJZNLLLSOYPH	InChI=1S/C21H41N5O6/c1-2-5-23-6-3-4-7-24-8-10-27-12-14-29-16-18-31-20-21-32-19-17-30-15-13-28-11-9-25-26-22/h1,23-24H,3-21H2		C#CCNCCCCNCCOCCOCCOCCOCCOCCOCCN=[N+]=[N-]	460.312	326	5.440	857337867525969548	857336438972501008	857336438972501007	4462	
1	1	-77.805	-2.381		0.473	19.666	C20H43NO11	[M + H]+	C20H44NO11+	QSXAZWFCKLVBPH	InChI=1S/C20H43NO11/c21-32-20-19-31-18-17-30-16-15-29-14-13-28-12-11-27-10-9-26-8-7-25-6-5-24-4-3-23-2-1-22/h22H,1-21H2	2-[2-[2-[2-[2-[2-[2-[2-[2-(2-Aminooxyethoxy)ethoxy]ethoxy]ethoxy]ethoxy]ethoxy]ethoxy]ethoxy]ethoxy]ethanol	C(COCCOCCOCCOCCOCCOCCOCCOCCOCCON)O	474.291	333	5.551	857337859510654513	857336439073164308	857336439073164307	4480	
1	1	-51.908	-6.638		0.940	20.598	C11H24O5	[M + H]+	C11H25O5+	AKDRSXXFPPLOSK	InChI=1S/C11H24O5/c1-10(12)8-14-6-7-16-11(2)9-15-5-4-13-3/h10-12H,4-9H2,1-3H3		COCCOCC(C)OCCOCC(C)O	237.170	334	5.560	857337880159213293	857336439178021912	857336439178021911	4490	
1	1	-115.970	-6.476		0.370	8.842	C9H27N7O3	[M + H]+	C9H28N7O3+	JLCWFZJSCNXDLG	InChI=1S/C9H27N7O3/c10-7-15(9-16(12)14-11)8-13-1-3-18-5-6-19-4-2-17/h13-14,17H,1-12H2		NCN(CNCCOCCOCCO)CN(N)NN	282.228	334	5.563	857337865869219454	857336439278685212	857336439274490907	4568	
1	1	-185.013	-8.815		0.977	61.608	C23H45N5O7	[M + H]+	C23H46N5O7+	MCOBFPVTQCTFKQ	InChI=1S/C23H45N5O7/c1-3-6-25-7-4-5-9-28(27-29)10-12-31-14-16-33-18-20-35-22-21-34-19-17-32-15-13-30-11-8-26-23(2)24/h1,25H,4-22H2,2H3,(H2,24,26)		C#CCNCCCCN(CCOCCOCCOCCOCCOCCOCCNC(C)=N)N=O	504.338	341	5.688	857337878129170147	857336439379348512	857336439375154207	4641	
1	3	-10.163	-0.047		0.032	14.502	C20H42O11	[M + H3N + H]+	C20H46NO11+	DTPCFIHYWYONMD	InChI=1S/C20H42O11/c21-1-3-23-5-7-25-9-11-27-13-15-29-17-19-31-20-18-30-16-14-28-12-10-26-8-6-24-4-2-22/h21-22H,1-20H2	Polyoxyethylene (10)	C(COCCOCCOCCOCCOCCOCCOCCOCCOCCO)O	476.307	341	5.689	857337865286211190	857336439471623204	857336439467428899	4646	
1	1	-7.809	-0.047		0.915	20.164	C20H42O11	[M + H]+	C20H43O11+	DTPCFIHYWYONMD	InChI=1S/C20H42O11/c21-1-3-23-5-7-25-9-11-27-13-15-29-17-19-31-20-18-30-16-14-28-12-10-26-8-6-24-4-2-22/h21-22H,1-20H2	Polyoxyethylene (10)	C(COCCOCCOCCOCCOCCOCCOCCOCCOCCO)O	459.280	341	5.691	857337873037285047	857336439559703592	857336439555509287	4645	
1	1	-193.784	-6.474		0.980	11.068	C14H27NO4	[M + H]+	C14H28NO4+	IHLRKYGKOVNKOB	InChI=1S/C14H27NO4/c1-4-8-18-14(17)11-15-7-9-19-13(16)10-12(5-2)6-3/h12,15H,4-11H2,1-3H3		CCCOC(=O)CNCCOC(=O)CC(CC)CC	274.201	345	5.744	857337876254316242	857336439731670064	857336439727475759	4721	
1	2	-37.593	-4.688		0.500	145.732	C11H16O	[M + CH2O2 + H]+	C12H19O3+	ZFDANLHTTOBRGH	InChI=1S/C11H16O/c1-5-10(4)6-7-11(12)8-9(2)3/h5-6,8H,1,7H2,2-4H3		C=CC(C)=CCC(=O)C=C(C)C	211.133	345	5.755	857337894117857045	857336439819750452	857336439819750451	4789	
1	1	-126.705	-4.801		0.982	30.221	C11H10N2O2	[M + H]+	C11H11N2O2+	NCVBOWNCUZNLBX	InChI=1S/C11H10N2O2/c14-13(15)9-3-4-10-8(5-9)6-11(12-10)7-1-2-7/h3-7,12H,1-2H2	2-cyclopropyl-5-nitro-1H-indole	C1CC1C2=CC3=C(N2)C=CC(=C3)[N+](=O)[O-]	203.082	346	5.766	857337872932427437	857336439907830840	857336439907830839	4802	
1	1	-124.814	-8.420		0.746	24.809	C23H42N4O8	[M + H3N + H]+	C23H46N5O8+	YIFWCMDRPHLYIW	InChI=1S/C23H42N4O8/c24-4-2-1-3-5-25-6-10-29-11-7-26-8-12-30-14-16-32-18-20-34-22-23-35-21-19-33-17-15-31-13-9-27-28/h9,25-26,28H,5-8,10-24H2		NC#CC#CCNCCOCCNCCOCCOCCOCCOCCOCCOCC=NO	520.333	355	5.909	857337882289919754	857336439995911228	857336439991716923	4901	
1	1	-4.175	-0.060		0.844	25.098	C22H46O12	[M + H]+	C22H47O12+	PSVXZQVXSXSQRO	InChI=1S/C22H46O12/c23-1-3-25-5-7-27-9-11-29-13-15-31-17-19-33-21-22-34-20-18-32-16-14-30-12-10-28-8-6-26-4-2-24/h23-24H,1-22H2	Undecaethylene glycol	C(COCCOCCOCCOCCOCCOCCOCCOCCOCCOCCO)O	503.306	355	5.911	857337881241343734	857336440100768832	857336440100768831	4892	
1	2	-73.735	-6.670		0.139	95.245	C10H17O3P	[M + H]+	C10H18O3P+	ZLRRNXPOWDAGFO	InChI=1S/C10H17O3P/c1-4-7-8-13-10(11)9-14(12,5-2)6-3/h5-6,8-9H2,1-3H3		CC#CCOC(=O)CP(=O)(CC)CC	217.097	355	5.912	857338661398666851	857336440218209348	857336440218209347	5004	
1	3	-200.122	-6.098		0.008	15.539	C26H56NO7P	[M + Na]+	C26H56NNaO7P+	XXCWTYOETQVJNQ	InChI=1S/C26H56NO7P/c1-3-5-7-9-11-12-13-15-19-30-20-17-21-31-24-26(25-34-35(28,29)33-23-18-27)32-22-16-14-10-8-6-4-2/h26H,3-25,27H2,1-2H3,(H,28,29)		CCCCCCCCCCOCCCOCC(COP(=O)(O)OCCN)OCCCCCCCC	548.364	355	5.916	857338665597165741	857336440436313164	857336440432118859	4905	
1	1	-136.954	-7.287		0.999	54.422	C10H13NO3	[M + H]+	C10H14NO3+	STLRUBDHWONGDW	InChI=1S/C10H13NO3/c11-9(10(13)14)7-5-3-1-2-4-6-8-12/h9,12H,1,6-8,11H2,(H,13,14)		NC(CC#CCC#CCCO)C(=O)O	196.097	358	5.963	857338653223968332	857336440541170768	857336440541170767	5081	
1	3	-182.059	-6.809		0.001	44.764	C28H60NO8P	[M + Na]+	C28H60NNaO8P+	VWKDCTABEOTYAK	InChI=1S/C28H60NO8P/c1-3-5-7-9-11-12-14-15-19-32-24-25-33-21-17-22-35-28(27-37-38(30,31)36-23-18-29)26-34-20-16-13-10-8-6-4-2/h28H,3-27,29H2,1-2H3,(H,30,31)		CCCCCCCCCCOCCOCCCOC(COCCCCCCCC)COP(=O)(O)OCCN	592.390	367	6.108	857338660920516186	857336440646028372	857336440641834067	5118	
1	1	-156.354	-7.755		0.845	22.879	C25H46N4O9	[M + H3N + H]+	C25H50N5O9+	NBJAEQVEPIHPPT	InChI=1S/C25H46N4O9/c1-23(30)28(33)13-7-4-6-12-27-24(31)9-10-25(32)29(34)14-16-36-18-20-38-22-21-37-19-17-35-15-8-3-2-5-11-26/h33-34H,2,4-7,9-22,26H2,1H3,(H,27,31)		CC(=O)N(O)CCCCCNC(=O)CCC(=O)N(O)CCOCCOCCOCCOCC#CCCCN	564.359	367	6.111	857338673423737179	857336440738303064	857336440734108759	5126	
1	1	-8.438	-0.063		0.777	46.400	C24H50O13	[M + H]+	C24H51O13+	WRZXKWFJEFFURH	InChI=1S/C24H50O13/c25-1-3-27-5-7-29-9-11-31-13-15-33-17-19-35-21-23-37-24-22-36-20-18-34-16-14-32-12-10-30-8-6-28-4-2-26/h25-26H,1-24H2	3,6,9,12,15,18,21,24,27,30,33-undecaoxapentatriacontane-1,35-diol	C(COCCOCCOCCOCCOCCOCCOCCOCCOCCOCCOCCO)O	547.333	367	6.113	857338674078048613	857336440830577756	857336440826383451	5196	
1	1	-82.970	-0.965		1.000	27.980	C10H22O4	[M + H]+	C10H23O4+	COBPKKZHLDDMTB	InChI=1S/C10H22O4/c1-2-3-5-12-7-9-14-10-8-13-6-4-11/h11H,2-10H2,1H3		CCCCOCCOCCOCCO	207.159	367	6.114	857338670349312342	857336440931241056	857336440931241055	5176	
1	1	-28.330	-2.836		1.000	26.239	C13H25N	[M + H]+	C13H26N+	JMXKCMGJNZQWDD	InChI=1S/C13H25N/c1-3-7-12(8-4-1)11-14-13-9-5-2-6-10-13/h12-14H,1-11H2	(Cyclohexylmethyl)cyclohexylamine	C1CCC(CC1)CNC2CCCCC2	196.206	368	6.131	857339020691146427	857336441036098660	857336441036098659	5234	
1	3	-118.776	-7.692		0.127	26.740	C11H25N3O6	[M + H]+	C11H26N3O6+	JRPRFPYRNYDFBL	InChI=1S/C11H25N3O6/c1-9(20-3-2-15)4-18-5-10(16)6-19-7-11(17)14-13-8-12/h9-11,15-17H,2-8,12H2,1H3		CC(COCC(O)COCC(O)N=NCN)OCCO	296.183	378	6.298	857339025158080342	857336441304534128	857336441304534127	5495	
1	3	-202.929	-8.888		0.188	24.119	C27H50N4O10	[M + H3N + H]+	C27H54N5O10+	KOTFBEPVACYKBZ	InChI=1S/C27H50N4O10/c1-25(32)31(35)12-7-6-10-29-27(34)24-41-23-22-40-21-20-39-19-18-38-17-16-37-15-14-36-13-11-30-26(33)8-4-2-3-5-9-28/h35H,2-3,5-7,9-24,28H2,1H3,(H,29,34)(H,30,33)		CC(=O)N(O)CCCCNC(=O)COCCOCCOCCOCCOCCOCCNC(=O)C#CCCCCN	608.385	378	6.301	857339031776692065	857336441388420212	857336441388420211	5497	
1	1	-668.618	-7.653		0.882	32.640	C35H57NO9	[M + H]+	C35H58NO9+	GMXSDXJMZTVLLZ	InChI=1S/C35H57NO9/c37-13-15-39-17-19-41-21-23-43-25-27-45-29-28-44-26-24-42-22-20-40-18-16-38-14-12-36-11-1-2-31-3-7-33(8-4-31)35-30-32-5-9-34(35)10-6-32/h3-4,7-8,32,34-37H,5-6,9-30H2		OCCOCCOCCOCCOCCOCCOCCOCCOCCNCC#Cc1ccc(C2CC3CCC2CC3)cc1	636.417	378	6.302	857339057580050958	857336441484889208	857336441480694903	5504	
1	1	-19.499	-0.072		0.902	20.497	C26H54O14	[M + H]+	C26H55O14+	AKWFJQNBHYVIPY	InChI=1S/C26H54O14/c27-1-3-29-5-7-31-9-11-33-13-15-35-17-19-37-21-23-39-25-26-40-24-22-38-20-18-36-16-14-34-12-10-32-8-6-30-4-2-28/h27-28H,1-26H2		C(COCCOCCOCCOCCOCCOCCOCCOCCOCCOCCOCCOCCO)O	591.359	378	6.304	857339045445929444	857336441774296188	857336441774296187	5492	
1	3	-44.016	-7.032		0.332	84.631	C9H10O5	[M - H4O2 + H]+	C9H7O3+	VJJYHEWSIYYSTJ	InChI=1S/C9H10O5/c10-7(6-9(13)14)4-2-1-3-5-8(11)12/h1-5,10H,6H2,(H,11,12)(H,13,14)		O=C(O)C=CC=CC=C(O)CC(=O)O	163.039	383	6.375	857339048977533434	857336441841405056	857336441841405055	5622	
1	1	-312.109	-6.744		1.000	27.866	C16H24O4	[M + H]+	C16H25O4+	BTBQWHIURRTWET	InChI=1S/C16H24O4/c1-3-4-5-6-11-16(12-7-8-13-16)20-15(18)10-9-14(17)19-2/h3-5,7-10,12-13H2,1-2H3		CCCCC#CC1(OC(=O)CCC(=O)OC)CCCC1	281.175	383	6.381	857339047169788398	857336441912708228	857336441908513923	5641	
1	1	-58.785	-0.751		1.000	40.327	C10H22O4	[M + H]+	C10H23O4+	COBPKKZHLDDMTB	InChI=1S/C10H22O4/c1-2-3-5-12-7-9-14-10-8-13-6-4-11/h11H,2-10H2,1H3		CCCCOCCOCCOCCO	207.159	388	6.460	857339039058004115	857336441975622792	857336441975622791	5775	
1	6	-95.793	-8.410		0.040	30.176	C14H28N3O3P	[M + H]+	C14H29N3O3P+	WOKQIYYKZBOCCS	InChI=1S/C14H28N3O3P/c1-4-5-13-21(2,3)14-12-20-11-10-19-9-8-18-7-6-16-17-15/h4H,1-2,5-14H2,3H3		C=CCCP(=C)(C)CCOCCOCCOCCN=[N+]=[N-]	318.196	388	6.464	857339042635745438	857336442046925964	857336442042731659	5742	
1	2	-243.388	-8.105		0.239	26.770	C34H65NO10S	[M + H]+	C34H66NO10S+	QENMLTUTSGMQRW	InChI=1S/C34H65NO10S/c1-2-3-14-38-16-18-40-20-22-42-24-26-44-28-29-45-27-25-43-23-21-41-19-17-39-15-13-35-46(36,37)34-12-11-32-31-8-6-4-5-7-30(31)9-10-33(32)34/h30-35H,2-29H2,1H3		CCCCOCCOCCOCCOCCOCCOCCOCCOCCNS(=O)(=O)C1CCC2C3CCCCCC3CCC21	680.443	388	6.468	857339172822751486	857336442114034832	857336442109840527	5741	
1	1	-24.352	-2.668		0.913	54.522	C7H7N3	[M + H]+	C7H8N3+	CMGDVUCDZOBDNL	InChI=1S/C7H7N3/c1-5-3-2-4-6-7(5)9-10-8-6/h2-4H,1H3,(H,8,9,10)	Tolytriazole	CC1=CC=CC2=NNN=C12	134.071	390	6.502	857339290519127391	857336442319555740	857336442319555739	5795	
1	3	-71.964	-6.189		0.111	60.571	C13H29N3O7	[M + H]+	C13H30N3O7+	CCZOHXQGEMBXOD	InChI=1S/C13H29N3O7/c14-13-16(2-5-23-15-18)1-4-19-7-9-21-11-12-22-10-8-20-6-3-17/h13-15,17-18H,1-12H2		N=CN(CCOCCOCCOCCOCCO)CCONO	340.209	397	6.620	857339111053234025	857336442382470304	857336442382470303	5991	
1	4	-85.099	-5.149		0.020	10.518	C15H36N4O7	[M + H]+	C15H37N4O7+	MIKGXCSMRNWKQM	InChI=1S/C15H36N4O7/c16-15(17,18)19-1-3-21-5-7-23-9-11-25-13-14-26-12-10-24-8-6-22-4-2-20/h19-20H,1-14,16-18H2		NC(N)(N)NCCOCCOCCOCCOCCOCCOCCO	385.267	397	6.620	857339103058890580	857336442449579172	857336442445384867	5995	
1	4	-86.847	-6.223		0.051	8.053	C14H34N4O7	[M + H]+	C14H35N4O7+	QJLXPXQDHAQQAG	InChI=1S/C14H34N4O7/c19-5-10-24-12-11-22-8-3-15-1-6-21-7-2-16-4-9-23-13-14-25-18-17-20/h15-20H,1-14H2		OCCOCCOCCNCCOCCNCCOCCONNO	371.252	397	6.624	857339105520947039	857336442512493736	857336442512493735	5994	
1	2	-460.877	-11.816		0.152	22.252	C39H65NO11	[M + H]+	C39H66NO11+	JZYCKOKHIXKZGJ	InChI=1S/C39H65NO11/c1-19-25-16-29-39(5,36(46)51-29)13-10-24-23(38(25,4)14-11-27(19)49-35-34(45)33(44)32(43)28(18-41)50-35)8-7-21-15-22(9-12-37(21,24)3)48-30-17-26(42)31(40-6)20(2)47-30/h19-35,40-45H,7-18H2,1-6H3		CNC1C(O)CC(OC2CCC3(C)C(CCC4C3CCC3(C)C(=O)OC3CC3C(C)C(OC5OC(CO)C(O)C(O)C5O)CCC34C)C2)OC1C	724.469	398	6.625	857339387504018841	857336442575408300	857336442575408299	6004	
1	5	-95.537	-5.952		0.085	9.792	C8H15N5O2	[M + Na]+	C8H15N5NaO2+	MYYJAWRHQBVTFA	InChI=1S/C8H15N5O2/c1-8(2,3)13-4-5(6(14)11-9)10-7(13)12-15/h4,15H,9H2,1-3H3,(H,10,12)(H,11,14)		CC(C)(C)n1cc(C(=O)NN)nc1NO	236.113	403	6.717	857339353727288714	857336442709626036	857336442705431731	6116	
1	1	-100.336	-5.691		0.998	105.537	C12H26O5	[M + H]+	C12H27O5+	KFLRJRGXNHBEBH	InChI=1S/C12H26O5/c13-7-2-1-3-11(16)9-12(17)5-4-10(15)6-8-14/h10-17H,1-9H2		OCCCCC(O)CC(O)CCC(O)CCO	251.185	406	6.767	857339352708072828	857336442915146944	857336442915146943	6264	
1	4	-172.111	-7.880		0.030	8.516	C15H29N5O	[M + H]+	C15H30N5O+	HIJHDXNDAJYASG	InChI=1S/C15H29N5O/c1-5-11-21-12-14-17-13(4)18-15(19-14)16-9-8-10-20(6-2)7-3/h5-12H2,1-4H3,(H,16,17,18,19)		CCCOCc1nc(C)nc(NCCCN(CC)CC)n1	296.243	406	6.770	857339521885324734	857336442978061508	857336442978061507	6284	
1	4	-168.305	-6.379		0.010	15.226	C21H42O5S	[M + H]+	C21H43O5S+	VKHDRVRYUQKKRV	InChI=1S/C21H42O5S/c1-2-3-4-5-6-7-8-9-10-11-12-13-14-15-16-17-18-19-27(24,25)20-21(22)26-23/h23H,2-20H2,1H3		CCCCCCCCCCCCCCCCCCCS(=O)(=O)CC(=O)OO	407.280	407	6.775	857339467485201844	857336443036781768	857336443036781767	6243	
1	4	-284.178	-13.512		0.046	16.457	C47H71NO5	[M + K]+	C47H71KNO5+	WAUUYXCSYSJSTL	InChI=1S/C47H71NO5/c1-10-11-31-50-33-35-52-37-38-53-36-34-51-32-29-44(46(49)48-9)26-16-24-41(4)22-14-20-39(2)18-12-13-19-40(3)21-15-23-42(5)27-28-45-43(6)25-17-30-47(45,7)8/h12-16,18-24,26-28H,10-11,17,25,29-38H2,1-9H3,(H,48,49)		CCCCOCCOCCOCCOCCC(=CC=CC(C)=CC=CC(C)=CC=CC=C(C)C=CC=C(C)C=CC1=C(C)CCCC1(C)C)C(=O)NC	768.495	407	6.778	857339788034888862	857336443099696332	857336443099696331	6218	
1	2	-159.937	-6.310		0.270	16.821	C21H38O5	[M + Na]+	C21H38NaO5+	NERWMSKKYUMPJJ	InChI=1S/C21H38O5/c1-2-3-4-5-6-7-8-9-10-11-12-14-23-16-18-25-20-21-26-19-17-24-15-13-22/h2,22H,1,3-5,8-21H2		C=CCCCC#CCCCCCCOCCOCCOCCOCCO	393.265	407	6.780	857339791507772582	857336443175193808	857336443175193807	6230	
1	1	-112.404	-4.497		0.986	81.967	C16H22N2O2	[M + H]+	C16H23N2O2+	RDRGEBTUKMHOOM	InChI=1S/C16H22N2O2/c1-2-3-4-8-13-17-15(19)11-12-16(20)18-14-9-6-5-7-10-14/h5-7,9-12H,2-4,8,13H2,1H3,(H,17,19)(H,18,20)		CCCCCCNC(=O)C=CC(=O)Nc1ccccc1	275.176	410	6.835	857339805193786976	857336443254885588	857336443254885587	6302	
1	11	-37.768	-1.205		0.000	25.080	C15H22O2	[M + H]+	C15H23O2+	RRIQVLZDOZPJTH	InChI=1S/C15H22O2/c1-14(2,3)11-7-10(9-16)13(17)12(8-11)15(4,5)6/h7-9,17H,1-6H3	3,5-di-tert-butyl-2-hydroxybenzaldehyde	CC(C)(C)C1=CC(=C(C(=C1)C(C)(C)C)O)C=O	235.154	413	6.892	857339798218659104	857336443326188760	857336443326188759	6265	
1	2	-57.926	-6.472		0.320	45.363	C15H33N3O8	[M + H]+	C15H34N3O8+	DYGUNVDTJLEPDQ	InChI=1S/C15H33N3O8/c16-1-3-20-5-6-21-7-8-22-9-10-23-11-12-24-13-14-26-18(19)2-4-25-15-17/h15,17,19H,1-14,16H2		N=COCCN(O)OCCOCCOCCOCCOCCOCCN	384.235	414	6.905	857339802748507733	857336443401686236	857336443401686235	6418	
1	6	-104.481	-7.219		0.004	9.067	C17H40N4O8	[M + H]+	C17H41N4O8+	GSVJYKQVBZBDLC	InChI=1S/C17H40N4O8/c18-19-17-29-16-15-28-14-13-27-11-8-24-5-2-21-20-1-4-23-7-10-26-12-9-25-6-3-22/h19-22H,1-18H2		NNCOCCOCCOCCOCCNNCCOCCOCCOCCO	429.293	414	6.906	857339801343415887	857336443464600800	857336443464600799	6416	
1	3	-83.876	-6.617		0.229	14.147	C16H38N4O8	[M + H]+	C16H39N4O8+	JJSOWXVVUBBHKA	InChI=1S/C16H38N4O8/c21-5-10-23-6-1-17-2-7-24-11-13-27-14-12-25-8-3-18-4-9-26-15-16-28-20-19-22/h17-22H,1-16H2		OCCOCCNCCOCCOCCOCCNCCOCCONNO	415.278	415	6.913	857339807186081509	857336443531709668	857336443531709667	6433	
1	1	-75.831	-8.534		1.000	36.692	C8H15NO	[M + H]+	C8H16NO+	WRFLTLVXCKWWBI	InChI=1S/C8H15NO/c1-4-5-8(10)9-6-7(2)3/h4-5,7H,6H2,1-3H3,(H,9,10)	N-(2-methylpropyl)but-2-enamide	CC=CC(=O)NCC(C)C	142.123	416	6.932	857339803125995102	857336443598818536	857336443598818535	6450	
1	1	-289.878	-8.841		1.000	161.112	C17H33NO5	[M + H]+	C17H34NO5+	SIAQSIXVVBUBAC	InChI=1S/C17H33NO5/c1-4-5-6-7-14(19)12(2)16(21)18-11-10-13-8-9-15(20)17(3,22)23-13/h12-15,19-20,22H,4-11H2,1-3H3,(H,18,21)		CCCCCC(O)C(C)C(=O)NCCC1CCC(O)C(C)(O)O1	332.243	416	6.939	857339831429161346	857336443665927404	857336443665927403	6461	
1	4	-149.598	-6.414		0.007	12.227	C15H29N5O	[M + H]+	C15H30N5O+	BDFRWIYUFKPJEW	InChI=1S/C15H29N5O/c16-14-19-10-5-11-20(13-12-19)15(21)17-6-4-9-18-7-2-1-3-8-18/h14,16H,1-13H2,(H,17,21)		N=CN1CCCN(C(=O)NCCCN2CCCCC2)CC1	296.243	416	6.940	857339813284599866	857336443737230576	857336443737230575	6506	
1	1	-119.880	-6.909		0.333	226.461	C15H22O3	[M + H]+	C15H23O3+	HQTAOVNYZSHTDO	InChI=1S/C15H22O3/c1-9-7-11(16)8-15(4)10(2)12(13(17)18)5-6-14(9,15)3/h9H,5-8H2,1-4H3,(H,17,18)		CC1=C(C(=O)O)CCC2(C)C(C)CC(=O)CC12C	251.164	416	6.941	857339854904689716	857336443808533748	857336443804339443	6454	
1	1	-99.942	-6.066		0.997	128.689	C12H26O5	[M + H]+	C12H27O5+	ACDSCUDXOABDEV	InChI=1S/C12H26O5/c13-8-4-1-2-7-12(16)17-9-5-3-6-11(15)10-14/h11-16H,1-10H2		OCCCCCC(O)OCCCCC(O)CO	251.185	419	6.979	857339815088150593	857336443976305916	857336443976305915	6555	
1	1	-115.473	-7.867		1.000	266.462	C15H22O4	[M + H]+	C15H23O4+	CQARNBISGJJPAG	InChI=1S/C15H22O4/c1-8-10-6-7-15(3)11(9(2)14(17)19-15)4-5-12(10)18-13(8)16/h8-12H,4-7H2,1-3H3		CC1C(=O)OC2CCC3C(C)C(=O)OC3(C)CCC21	267.159	420	7.008	857339855730967625	857336444051803392	857336444047609087	6549	
1	5	-108.202	-7.177		0.015	33.891	C20H22N6O2	[M + K]+	C20H22KN6O2+	HMQBLRWREBELNR	InChI=1S/C20H22N6O2/c1-14-10-15(2)26(25-14)13-18-6-5-17(12-24-18)20(28)23-9-8-22-19(27)16-4-3-7-21-11-16/h3-7,10-12H,8-9,13H2,1-2H3,(H,22,27)(H,23,28)		Cc1cc(C)n(Cc2ccc(C(=O)NCCNC(=O)c3cccnc3)cn2)n1	417.146	421	7.015	857339826861563422	857336444123106564	857336444123106563	6523	
1	3	-152.177	-10.013		0.038	19.204	C13H27N7O3	[M + H]+	C13H28N7O3+	XEVYZLWQBCSUSK	InChI=1S/C13H27N7O3/c14-5-1-6-17-10(15)2-7-18-11(21)3-8-19-12(22)4-9-20-13(16)23/h1-9,14H2,(H2,15,17)(H,18,21)(H,19,22)(H3,16,20,23)		N=C(CCNC(=O)CCNC(=O)CCNC(N)=O)NCCCN	330.228	422	7.026	857339854808220716	857336444194409736	857336444190215431	6576	
1	1	-168.764	-6.696		1.000	69.908	C11H19NO2	[M + H]+	C11H20NO2+	AUPQOQCDNGLGNN	InChI=1S/C11H19NO2/c1-3-8-14-11(13)7-4-9(2)12-10-5-6-10/h10H,3-8H2,1-2H3		CCCOC(=O)CCC(C)=NC1CC1	198.149	422	7.030	857340435463475128	857336444303461644	857336444299267339	6573	
1	1	-3.489	-3.026		1.000	36.675	C12H27N	[M + H]+	C12H28N+	IMFACGCPASFAPR	InChI=1S/C12H27N/c1-4-7-10-13(11-8-5-2)12-9-6-3/h4-12H2,1-3H3	Tributilamina	CCCCN(CCCC)CCCC	186.222	422	7.037	857339839658394665	857336444383153424	857336444383153423	6590	
1	1	-236.825	-5.998		0.466	38.569	C20H31N5O4	[M + H]+	C20H32N5O4+	OVEVHYLUUCOTTE	InChI=1S/C20H31N5O4/c26-10-12-28-14-16-29-15-13-27-11-7-22-19-18-17(5-4-6-21-18)23-20(24-19)25-8-2-1-3-9-25/h4-6,26H,1-3,7-16H2,(H,22,23,24)		OCCOCCOCCOCCNc1nc(N2CCCCC2)nc2cccnc12	406.249	422	7.039	857339855949071443	857336444454456596	857336444450262291	6624	
1	2	-158.387	-3.389		0.049	14.487	C23H42O6	[M + Na]+	C23H42NaO6+	QMCAXPURNNOWHA	InChI=1S/C23H42O6/c1-2-3-4-5-6-7-8-9-10-11-12-14-25-16-18-27-20-22-29-23-21-28-19-17-26-15-13-24/h2,24H,1,3-5,8-23H2		C=CCCCC#CCCCCCCOCCOCCOCCOCCOCCO	437.291	422	7.041	857340013763956644	857336444525759768	857336444525759767	6628	
1	2	-206.121	-6.285		0.050	13.985	C24H44O6	[M + Na]+	C24H44NaO6+	VPJXVRZLUURYBI	InChI=1S/C24H44O6/c1-2-3-4-5-6-7-8-9-10-11-12-13-15-26-17-19-28-21-23-30-24-22-29-20-18-27-16-14-25/h2,25H,1,3-4,7-24H2		C=CCCC#CCCCCCCCCOCCOCCOCCOCCOCCO	451.306	423	7.046	857340434293264302	857336444601257244	857336444597062939	6626	
1	4	-70.673	-0.177		0.108	13.486	C23H48O6	[M + K]+	C23H48KO6+	FJJPDQOHCDOSQU	InChI=1S/C23H48O6/c1-2-3-4-5-6-7-8-9-10-11-12-14-25-16-18-27-20-22-29-23-21-28-19-17-26-15-13-24/h24H,2-23H2,1H3	3,6,9,12,15-Pentaoxaoctacosan-1-ol	CCCCCCCCCCCCCOCCOCCOCCOCCOCCO	459.304	429	7.153	857340003928313722	857336444693531936	857336444689337631	6779	
1	5	-161.723	-7.279		0.025	27.140	C20H39NO7	[M + Na]+	C20H39NNaO7+	MABSNSHCICXAGI	InChI=1S/C20H39NO7/c1-2-3-4-5-7-22-9-11-24-13-15-26-17-19-28-20-18-27-16-14-25-12-10-23-8-6-21/h2,5-21H2,1H3		CCC#CCCOCCOCCOCCOCCOCCOCCOCCN	428.262	430	7.167	857339975805505393	857336444777418020	857336444777418019	6799	
1	2	-33.767	-3.538		0.500	132.399	C12H18O2	[M - H2O + H]+	C12H17O+	UGPWRRVOLLMHSC	InChI=1S/C12H18O2/c1-11(2,13)9-6-5-7-10(8-9)12(3,4)14/h5-8,13-14H,1-4H3	alpha,alpha'-Dihydroxy-1,3-diisopropylbenzene	CC(C)(C1=CC(=CC=C1)C(C)(C)O)O	177.127	432	7.200	857340012295950218	857336444899052840	857336444899052839	6829	
1	2	-161.475	-6.847		0.000	119.139	C10H21NO5S	[M + K]+	C10H21KNO5S+	LJGICLVZKOYMBX	InChI=1S/C10H21NO5S/c1-9(2,3)7-17(13,14)15-8(12)11-16-10(4,5)6/h7H2,1-6H3,(H,11,12)		CC(C)(C)CS(=O)(=O)OC(=O)NOC(C)(C)C	306.076	432	7.203	857340498499669950	857336445083602224	857336445083602223	6839	
1	2	-64.557	-6.281		0.454	29.585	C11H18N4	[M + Na]+	C11H18N4Na+	XWYIZRQKOFMOBQ	InChI=1S/C11H18N4/c12-11-14-13-10(15(11)9-6-7-9)8-4-2-1-3-5-8/h8-9H,1-7H2,(H2,12,14)		Nc1nnc(C2CCCCC2)n1C1CC1	229.141	432	7.205	857340745665810385	857336445318483260	857336445318483259	6849	
1	2	-57.453	-7.088		0.293	21.659	C7H10N4	[M + H]+	C7H11N4+	HJHDWTDKADLEMA	InChI=1S/C7H10N4/c1-4-3-5(2)10-11-6(4)7(8)9/h3H,1-2H3,(H3,8,9)		Cc1cc(C)c(C(=N)N)nn1	151.097	432	7.205	857340763936199157	857336445402369344	857336445402369343	6858	
1	4	-31.230	-6.431		0.013	95.078	C12H14	[M + H]+	C12H15+	QNTRVFFBWIQMKP	InChI=1S/C12H14/c1-3-5-8-12-10-7-6-9-11(12)4-2/h6-7,9-10H,3-4H2,1-2H3	1-(But-1-ynyl)-2-ethylbenzene	CCC#CC1=CC=CC=C1CC	159.117	432	7.205	857340776183566851	857336445494644036	857336445494644035	6831	
1	2	-75.283	-6.542		0.003	51.321	C11H18N4	[M + H3N + H]+	C11H22N5+	YQSOJDAHHAIGSG	InChI=1S/C11H18N4/c1-7(2)9-12-10-8(3)13-11(4,5)6-15(10)14-9/h7H,6H2,1-5H3		CC1=NC(C)(C)Cn2nc(C(C)C)nc21	224.186	432	7.206	857340818332127769	857336445641444684	857336445641444683	6850	
1	5	-126.851	-7.764		0.061	21.410	C19H36FN5O6	[M + H]+	C19H37FN5O6+	XVPCPTUYITYYNU	InChI=1S/C19H36FN5O6/c20-1-5-26-9-13-30-15-16-31-14-12-28-7-3-21-2-6-27-10-11-29-8-4-23-19-24-17-22-18-25-19/h17-18,21H,1-16H2,(H,22,23,24,25)		FCCOCCOCCOCCOCCNCCOCCOCCNc1ncncn1	450.275	437	7.276	857340876595212686	857336445830188376	857336445830188375	6973	
1	1	-100.314	-1.757		0.961	27.333	C12H17NO2	[M + H]+	C12H18NO2+	IENVBZPPHDSPBS	InChI=1S/C12H17NO2/c1-3-4-5-8-15-12-7-6-11(9-13-12)10(2)14/h6-7,9H,3-5,8H2,1-2H3	1-(6-Pentoxypyridin-3-yl)ethanone	CCCCCOC1=NC=C(C=C1)C(=O)C	208.133	440	7.337	857340890994258339	857336445901491548	857336445897297243	7066	
1	1	-88.385	-6.173		1.000	30.195	C12H27NO	[M + H]+	C12H28NO+	MWRMIBHTFREVGJ	InChI=1S/C12H27NO/c1-4-6-9-13(3)10-8-12-14-11-7-5-2/h4-12H2,1-3H3		CCCCOCCCN(C)CCCC	202.217	441	7.357	857340890620965281	857336446056680804	857336446052486499	7088	
1	2	-101.795	-0.386		0.235	15.230	C25H52O7	[M + K]+	C25H52KO7+	GDLHTTMISPHZCZ	InChI=1S/C25H52O7/c1-2-3-4-5-6-7-8-9-10-11-12-14-27-16-18-29-20-22-31-24-25-32-23-21-30-19-17-28-15-13-26/h26H,2-25H2,1H3	Tridecylhexaethoxylate	CCCCCCCCCCCCCOCCOCCOCCOCCOCCOCCO	503.330	443	7.381	857340907314295517	857336446123789672	857336446123789671	7126	
1	1	-290.824	-7.284		0.511	24.632	C24H41NO8	[M + H]+	C24H42NO8+	MCXBBUXWIABHBH	InChI=1S/C24H41NO8/c1-2-3-4-5-6-7-11-27-12-8-25-9-13-28-15-17-30-19-21-32-23-24-33-22-20-31-18-16-29-14-10-26/h8,26H,4,7,9-24H2,1H3		CC#CCC#CCCOCC=NCCOCCOCCOCCOCCOCCOCCO	472.288	443	7.382	857340910309028582	857336446186704236	857336446186704235	7118	
1	6	-202.339	-7.090		0.063	8.021	C31H49O4P	[M + H]+	C31H50O4P+	PGDPCXLITKGLBQ	InChI=1S/C31H49O4P/c1-3-5-7-9-11-13-14-15-16-17-18-19-20-21-23-25-27-29-31-35-36(32,33)34-30-28-26-24-22-12-10-8-6-4-2/h3-5,7,9,11,13-21,23,25,27,29-31H2,1-2H3,(H,32,33)		CCC#CC#CC#CC#CCOP(=O)(O)OCCCCCCCCCCCCCCCCCCCC	517.346	443	7.385	857340911793812213	857336446253813104	857336446253813103	7137	
1	1	-154.507	-3.733		1.000	92.231	C12H16O3	[M + H]+	C12H17O3+	CKUZLPDJOVBVCP	InChI=1S/C12H16O3/c1-4-14-12(13)10(3)15-11-7-5-6-9(2)8-11/h5-8,10H,4H2,1-3H3	Ethyl 2-(3-methylphenoxy)propanoate	CCOC(=O)C(C)OC1=CC=CC(=C1)C	209.117	445	7.423	857340922493482269	857336446320921972	857336446316727667	7191	
1	1	-108.459	-6.262		1.000	77.895	C12H27NO3	[M + H]+	C12H28NO3+	AJVJSVUJEIYJMM	InChI=1S/C12H27NO3/c1-2-3-4-5-9-15-11-12-16-10-7-13-6-8-14/h13-14H,2-12H2,1H3		CCCCCCOCCOCCNCCO	234.206	446	7.429	857340916667593662	857336446392225144	857336446392225143	7192	
1	3	-141.516	-8.528		0.212	6.192	C17H27N5O	[M + H]+	C17H28N5O+	ALIDVLHIQUHKCH	InChI=1S/C17H27N5O/c23-16(14-5-3-1-2-4-6-14)18-17-20-19-15-12-21(9-10-22(15)17)11-13-7-8-13/h13-14H,1-12H2,(H,18,20,23)		O=C(Nc1nnc2n1CCN(CC1CC1)C2)C1CCCCCC1	318.228	447	7.444	857340918496310211	857336446463528316	857336446463528315	7201	
1	1	-11.786	-0.126		0.990	77.411	C7H5NOS	[M + H]+	C7H6NOS+	YEDUAINPPJYDJZ	InChI=1S/C7H5NOS/c9-7-8-5-3-1-2-4-6(5)10-7/h1-4H,(H,8,9)	benzothiazolol	C1=CC=C2C(=C1)NC(=O)S2	152.017	447	7.450	857341238509123479	857336446534831488	857336446530637183	7229	
1	3	-101.598	-10.554		0.176	25.293	C18H39N9O7	[M + H]+	C18H40N9O7+	MWJYKGCXMQVBMW	InChI=1S/C18H39N9O7/c19-1-2-23-27(5-8-34-26-25-24-21)4-7-29-10-12-31-14-16-33-18-17-32-15-13-30-11-9-28-6-3-22-20/h2,20-21H,1,3-19H2		N=NCCOCCOCCOCCOCCOCCOCCN(CCON=NN=N)N=CCN	494.301	449	7.489	857340963266311535	857336446597746052	857336446593551747	7276	
1	1	-201.923	-7.005		0.496	17.174	C16H31N5O	[M + H]+	C16H32N5O+	JMIJPOSEETYENQ	InChI=1S/C16H31N5O/c1-6-10-20(9-4)15-17-14(8-3)18-16(19-15)21(11-7-2)12-13-22-5/h6-13H2,1-5H3		CCCN(CC)c1nc(CC)nc(N(CCC)CCOC)n1	310.259	452	7.532	857341049694140278	857336446748741004	857336446748741003	7327	
1	1	-44.777	-4.287		1.000	28.862	C12H27N	[M + H]+	C12H28N+	PXSXRABJBXYMFT	InChI=1S/C12H27N/c1-3-5-7-9-11-13-12-10-8-6-4-2/h13H,3-12H2,1-2H3	dihexylazanium	CCCCCCNCCCCCC	186.222	454	7.563	857341009617565275	857336446824238480	857336446820044175	7376	
1	2	-124.051	-3.545		0.500	79.068	C12H27NO4	[M - H2O + H]+	C12H26NO3+	QSCLCEAAGPTKDE	InChI=1S/C12H27NO4/c1-2-3-4-7-16-8-9-17-11-12(15)10-13-5-6-14/h12-15H,2-11H2,1H3		CCCCCOCCOCC(O)CNCCO	232.191	454	7.568	857341038294021991	857336446916513172	857336446912318867	7351	
1	7	-247.672	-9.666		0.010	9.254	C21H48N8O7	[M + Na]+	C21H48N8NaO7+	FCMNAWLEKDWJTR	InChI=1S/C21H48N8O7/c22-6-1-4-18(23)20(30)26-7-2-5-19(24)21(31)27-9-11-33-12-13-34-14-15-35-16-17-36-29(32)10-3-8-28-25/h18-19,28,32H,1-17,22-25H2,(H,26,30)(H,27,31)		NCCCC(N)C(=O)NCCCC(N)C(=O)NCCOCCOCCOCCON(O)CCCNN	547.356	455	7.584	857341271748982695	857336446983622040	857336446979427735	7383	
1	1	-235.702	-10.937		0.319	22.938	C22H41N7O7	[M + H]+	C22H42N7O7+	INTHJSDQJJKHOQ	InChI=1S/C22H41N7O7/c23-7-13-33-17-18-34-14-9-26-21(30)5-6-22(31)29(32)12-16-36-20-19-35-15-11-28(25)10-4-2-1-3-8-27-24/h27,32H,5-20,23-25H2,(H,26,30)		NCCOCCOCCNC(=O)CCC(=O)N(O)CCOCCOCCN(N)CC#CC#CCNN	516.315	455	7.592	857341049002080108	857336447046536604	857336447046536603	7402	
1	1	-29.395	-0.162		0.953	14.635	C12H26O5	[M + H3N + H]+	C12H30NO5+	MXVMODFDROLTFD	InChI=1S/C12H26O5/c1-2-3-5-14-7-9-16-11-12-17-10-8-15-6-4-13/h13H,2-12H2,1H3	3,6,9,12-Tetraoxahexadecan-1-OL	CCCCOCCOCCOCCOCCO	268.212	456	7.601	857341105528715141	857336447113645472	857336447109451167	7455	
1	1	-112.999	-10.033		0.936	17.496	C6H21N9O2	[M + H]+	C6H22N9O2+	VWLSUWPVOJOIOD	InChI=1S/C6H21N9O2/c7-6(8)12-3-5-16-13-2-1-4-17-15(11)14(9)10/h13H,1-5,9-11H2,(H4,7,8,12)		NC(N)=NCCONCCCON(N)N(N)N	252.189	456	7.602	857341274320091053	857336447184948644	857336447184948643	7411	
1	2	-154.248	-7.750		0.014	6.681	C13H31N5O	[M + Na]+	C13H31N5NaO+	UCMNEKKSYIOVCO	InChI=1S/C13H31N5O/c19-10-9-18-12-16-6-4-2-1-3-5-14-11-15-7-8-17-13-18/h14-17,19H,1-13H2		OCCN1CNCCCCCCNCNCCNC1	296.243	456	7.603	857341647231466110	857336447252057512	857336447247863207	7453	
1	1	-21.775	-0.246		0.667	63.090	C12H26O5	[M + H]+	C12H27O5+	MXVMODFDROLTFD	InChI=1S/C12H26O5/c1-2-3-5-14-7-9-16-11-12-17-10-8-15-6-4-13/h13H,2-12H2,1H3	3,6,9,12-Tetraoxahexadecan-1-OL	CCCCOCCOCCOCCOCCO	251.185	456	7.606	857341664604276085	857336447319166380	857336447319166379	7460	
1	1	-41.992	-0.689		1.000	46.758	C12H20O7	[M + H]+	C12H21O7+	DOOTYTYQINUNNV	InChI=1S/C12H20O7/c1-4-17-9(13)7-12(16,11(15)19-6-3)8-10(14)18-5-2/h16H,4-8H2,1-3H3	Eudraflex	CCOC(=O)CC(CC(=O)OCC)(C(=O)OCC)O	277.128	460	7.669	857341651866173722	857336447424023988	857336447419829683	7477	
1	2	-134.215	-7.913		0.027	26.847	C11H31N7O3	[M + H]+	C11H32N7O3+	HICGLAVUTNCKDG	InChI=1S/C11H31N7O3/c1-9(2)21-11(5-19)6-20-10(3)4-15-7-16-8-17(12)18(13)14/h9-11,15-16,19H,4-8,12-14H2,1-3H3		CC(C)OC(CO)COC(C)CNCNCN(N)N(N)N	310.259	463	7.723	857341651761316102	857336447507910072	857336447507910071	7628	
1	1	-55.324	-6.397		0.967	18.634	C13H28O5	[M + H]+	C13H29O5+	HADDJDRHNJCFEV	InChI=1S/C13H28O5/c1-12(2)18-11-13(3)17-10-9-16-8-7-15-6-5-14-4/h12-13H,5-11H2,1-4H3		COCCOCCOCCOC(C)COC(C)C	265.201	464	7.726	857341651752927483	857336447558241724	857336447558241723	7631	
1	1	-22.728	-0.816		1.000	22.867	C2H4O2	[M + K]+	C2H4KO2+	IEZWOVIWXFLQTP	InChI=1S/C2H4O2/c1-2-4-3/h2-3H,1H2	Oxidooxyethene	C=COO	98.984	467	7.784	857341656060477758	857336447616961984	857336447616961983	7700	
1	2	-102.373	-5.764		0.000	71.984	C9H19FO5	[M + H]+	C9H20FO5+	ZBOFPSFNDGYFGV	InChI=1S/C9H19FO5/c1-13-4-8(11)6-15-7-9(12)5-14-3-2-10/h8-9,11-12H,2-7H2,1H3		COCC(O)COCC(O)COCCF	227.128	470	7.827	857341664491029868	857336447780539848	857336447780539847	7798	
1	1	-42.677	-0.408		1.000	50.856	C12H20O7	[M + H]+	C12H21O7+	DOOTYTYQINUNNV	InChI=1S/C12H20O7/c1-4-17-9(13)7-12(16,11(15)19-6-3)8-10(14)18-5-2/h16H,4-8H2,1-3H3	Eudraflex	CCOC(=O)CC(CC(=O)OCC)(C(=O)OCC)O	277.128	471	7.855	857341679837990337	857336447939923412	857336447939923411	7927	
1	1	-183.262	-9.161		0.958	8.747	C13H25N5O3	[M + Na]+	C13H25N5NaO3+	PPWQBOGGZZERMN	InChI=1S/C13H25N5O3/c1-9(11(19)20)18-13(21-10-5-4-6-10)17-8-3-2-7-16-12(14)15/h9-10H,2-8H2,1H3,(H,17,18)(H,19,20)(H4,14,15,16)		CC(NC(=NCCCCN=C(N)N)OC1CCC1)C(=O)O	322.186	475	7.912	857341680328724721	857336448028003804	857336448028003803	7976	
1	1	-66.411	-5.117		0.987	17.016	C9H14O5	[M + H]+	C9H15O5+	UEFJWSSSLHJNRK	InChI=1S/C9H14O5/c1-4-14-8(11)5-7(10)6-9(12-2)13-3/h4,9H,1,5-6H2,2-3H3		C=COC(=O)CC(=O)CC(OC)OC	203.091	476	7.930	857341696313223024	857336448074141152	857336448074141151	7965	
1	1	-179.436	-6.696		1.000	72.422	C14H24O3	[M + H]+	C14H25O3+	LSPWDBGXHIVTKL	InChI=1S/C14H24O3/c1-3-5-6-7-8-9-12-13(17-12)11-14(15)16-10-4-2/h4,12-13H,2-3,5-11H2,1H3		C=CCOC(=O)CC1OC1CCCCCCC	241.180	480	8.006	857341697340827514	857336448158027240	857336448158027239	8065	
1	1	-151.936	-3.885		1.000	61.565	C11H21NO2	[M + H]+	C11H22NO2+	UWMGCWILYDWSRX	InChI=1S/C11H21NO2/c1-3-5-6-7-8-12-10-11(13)14-9-4-2/h4,12H,2-3,5-10H2,1H3	Prop-2-enyl 2-(hexylamino)acetate	CCCCCCNCC(=O)OCC=C	200.165	482	8.031	857341723156768684	857336448208358892	857336448204164587	8079	
1	1	-30.979	-0.850		0.812	23.074	C21H28O6	[M + H]+	C21H29O6+	NISVZEWKUNUGQQ	InChI=1S/C21H28O6/c1-21(2,15-3-7-19(8-4-15)26-13-17(24)11-22)16-5-9-20(10-6-16)27-14-18(25)12-23/h3-10,17-18,22-25H,11-14H2,1-2H3	3-(4-{2-[4-(2,3-dihydroxypropoxy)phenyl]propan-2-yl}phenoxy)propane-1,2-diol	CC(C)(C1=CC=C(C=C1)OCC(CO)O)C2=CC=C(C=C2)OCC(CO)O	377.196	487	8.125	857341718920521634	857336448313216500	857336448313216499	8208	
1	1	-69.405	-4.892		0.985	91.674	C12H16O3	[M + H]+	C12H17O3+	WGIIOGRUHSJKMI	InChI=1S/C12H16O3/c1-4-14-11(13)12(2,3)15-10-8-6-5-7-9-10/h5-9H,4H2,1-3H3	Ethyl 2-methyl-2-phenoxypropanoate	CCOC(=O)C(C)(C)OC1=CC=CC=C1	209.117	487	8.125	857341704710219672	857336448371936760	857336448371936759	8207	
1	1	-109.904	-9.571		0.884	19.567	C13H25N5O3	[M + Na]+	C13H25N5NaO3+	BISWPRJPJPVMAU	InChI=1S/C13H25N5O3/c14-12(15)16-6-2-3-7-17-13(18-8-10-20)21-11-5-1-4-9-19/h19-20H,2-4,6-11H2,(H,17,18)(H4,14,15,16)		NC(N)=NCCCCN=C(NCCO)OCC#CCCO	322.186	491	8.177	857341736314300344	857336448439045628	857336448434851323	8305	
1	1	-46.354	-1.396		1.000	59.151	C12H20O7	[M + H]+	C12H21O7+	DOOTYTYQINUNNV	InChI=1S/C12H20O7/c1-4-17-9(13)7-12(16,11(15)19-6-3)8-10(14)18-5-2/h16H,4-8H2,1-3H3	Eudraflex	CCOC(=O)CC(CC(=O)OCC)(C(=O)OCC)O	277.128	491	8.186	857341700511721358	857336448493571584	857336448493571583	8327	
1	2	-113.387	-6.779		0.074	19.286	C11H14N4	[M + H]+	C11H15N4+	BGSCPQOQPSDLNY	InChI=1S/C11H14N4/c1-9-3-2-4-10(7-9)5-6-15-8-13-14-11(15)12/h2-4,7-8H,5-6H2,1H3,(H2,12,14)		Cc1cccc(CCn2cnnc2N)c1	203.128	492	8.193	857341754605660101	857336448606817800	857336448606817799	8308	
1	1	-245.226	-7.808		0.995	104.150	C12H13NO2	[M + H]+	C12H14NO2+	WPPIEYGHRFCVGZ	InChI=1S/C12H13NO2/c1-4-5-6-7-8-11(14)12-9(2)13-15-10(12)3/h4H,1,7-8H2,2-3H3		C=CC#CCCC(=O)c1c(C)noc1C	204.102	492	8.195	857341787874879448	857336448669732364	857336448669732363	8313	
1	1	-76.063	-8.613		1.000	46.683	C9H14O5	[M + H]+	C9H15O5+	UEFJWSSSLHJNRK	InChI=1S/C9H14O5/c1-4-14-8(11)5-7(10)6-9(12-2)13-3/h4,9H,1,5-6H2,2-3H3		C=COC(=O)CC(=O)CC(OC)OC	203.091	492	8.199	857341898994577050	857336448728452624	857336448728452623	8326	
1	3	-157.904	-9.098		0.017	7.413	C12H31N7O4	[M + H]+	C12H32N7O4+	LYTFABDZXGQZFQ	InChI=1S/C12H31N7O4/c1-9(4-14)23-12(20)17-6-11(7-18-19-16)22-8-10(5-15)21-3-2-13/h9-11,18-19H,2-8,13-16H2,1H3,(H,17,20)		CC(CN)OC(=O)NCC(CNNN)OCC(CN)OCCN	338.254	493	8.219	857341910864457510	857336448787172884	857336448782978579	8353	
1	1	-63.057	-7.017		0.977	24.346	C14H28O6	[M + H]+	C14H29O6+	OGUIHVMPTBUAAE	InChI=1S/C14H28O6/c1-3-15-5-7-17-9-11-19-13-14-20-12-10-18-8-6-16-4-2/h3H,1,4-14H2,2H3	Pentaethylene glycol ethyl vinyl ether	CCOCCOCCOCCOCCOCCOC=C	293.196	493	8.223	857341903922884261	857336448845893144	857336448845893143	8357	
1	1	-162.832	-4.809		1.000	38.027	C11H19NO2	[M + H]+	C11H20NO2+	TZCLWADEKLNFLE	InChI=1S/C11H19NO2/c1-5-7-12-10(4)9(3)11(13)14-8-6-2/h3,5-8H2,1-2,4H3		C=C(C(=O)OCCC)C(C)=NCCC	198.149	498	8.293	857341911720095535	857336448963333664	857336448959139359	8471	
1	1	-115.681	-4.714		0.997	20.604	C10H18O4	[M + H]+	C10H19O4+	NPUPVIQJOVIZCH	InChI=1S/C10H18O4/c1-3-5-7-14-10(12)8-9(11)13-6-4-2/h3-8H2,1-2H3	3-O-butyl 1-O-propyl propanedioate	CCCCOC(=O)CC(=O)OCCC	203.128	504	8.398	857341914358312755	857336449017859620	857336449017859619	8589	
1	2	-88.293	-6.969		0.500	15.241	C9H16O2	[M + CH2O2 + H]+	C10H19O4+	OBCIYFQTMFZLEJ	InChI=1S/C9H16O2/c1-3-5-7-9(10)11-8-6-4-2/h3,5H,4,6-8H2,1-2H3	Butyl pent-3-enoate	CCCCOC(=O)CC=CC	203.128	510	8.494	857341915687907133	857336449198214704	857336449194020399	8769	
1	1	-195.201	-6.726		0.984	49.044	C17H26N2O	[M + H]+	C17H27N2O+	QTOVCLGXCYWKBT	InChI=1S/C17H26N2O/c1-2-3-9-16-10-5-4-6-12-19(16)17(20)13-15-8-7-11-18-14-15/h7-8,11,14,16H,2-6,9-10,12-13H2,1H3		CCCCC1CCCCCN1C(=O)Cc1cccnc1	275.212	514	8.567	857341918762331981	857336449248546356	857336449248546355	8843	
1	1	-134.951	-5.294		1.000	37.456	C11H19NO2	[M + H]+	C11H20NO2+	RDAGYCNZQSTBQU	InChI=1S/C11H19NO2/c1-4-6-8-14-11(13)10(3)9-12-7-5-2/h4-8H2,1-3H3		CCCCOC(=O)C(C)=C=NCCC	198.149	519	8.650	857341921748676686	857336449361792572	857336449361792571	8938	
1	1	-86.953	-7.378		1.000	41.241	C10H18O4	[M + H]+	C10H19O4+	NPUPVIQJOVIZCH	InChI=1S/C10H18O4/c1-3-5-7-14-10(12)8-9(11)13-6-4-2/h3-8H2,1-2H3	3-O-butyl 1-O-propyl propanedioate	CCCCOC(=O)CC(=O)OCCC	203.128	520	8.671	857341923313152159	857336449416318528	857336449416318527	8981	
1	1	-102.041	-0.026		1.000	45.505	C12H25NO3	[M + H]+	C12H26NO3+	FZQAYFWUOCXLKJ	InChI=1S/C12H25NO3/c1-2-3-4-5-6-7-12(16)13(8-10-14)9-11-15/h14-15H,2-11H2,1H3	N,N-Bis(2-hydroxyethyl)octanamide	CCCCCCCC(=O)N(CCO)CCO	232.191	520	8.674	857341927561982131	857336449479233092	857336449479233091	8971	
1	2	-177.755	-7.835		0.014	28.974	C18H25N7O4	[M + H]+	C18H26N7O4+	CTOAXYTWXQLNJD	InChI=1S/C18H25N7O4/c19-12(8-29-13-3-1-11(2-4-13)5-15(27)28)6-25-10-23-16-17(24-14(20)7-26)21-9-22-18(16)25/h1-4,9-10,12,14-15,26-28H,5-8,19-20H2,(H,21,22,24)		NC(COc1ccc(CC(O)O)cc1)Cn1cnc2c(NC(N)CO)ncnc21	404.207	524	8.736	857342039969332995	857336449533759048	857336449533759047	9042	
1	1	-85.618	-5.899		1.000	106.151	C12H18O2	[M + H]+	C12H19O2+	BAOPUBKXXQHOMQ	InChI=1S/C12H18O2/c1-6-14-11(13)10-9(7-8(2)3)12(10,4)5/h6-7,9-10H,1H2,2-5H3	Ethenyl 2,2-dimethyl-3-(2-methylprop-1-enyl)cyclopropane-1-carboxylate	CC(=CC1C(C1(C)C)C(=O)OC=C)C	195.138	524	8.738	857342040275517198	857336449592479308	857336449592479307	9050	
1	1	-125.892	-6.067		1.000	119.605	C12H13NO2	[M + H]+	C12H14NO2+	CSTDKDCPNJEAMM	InChI=1S/C12H13NO2/c1-3-9-7(2)10-6-8(14)4-5-11(10)13-12(9)15/h4-6,14H,3H2,1-2H3,(H,13,15)	3-ethyl-6-hydroxy-4-methyl-1H-quinolin-2-one	CCC1=C(C2=C(C=CC(=C2)O)NC1=O)C	204.102	526	8.761	857342044234940185	857336449709919828	857336449709919827	9089	
1	1	-56.399	-3.338		0.491	87.814	C9H10O	[M + H]+	C9H11O+	DPHNJPUOMLRELT	InChI=1S/C9H10O/c10-9-6-2-4-7-3-1-5-8(7)9/h2,4,6,10H,1,3,5H2	2,3-dihydro-1H-inden-4-ol	C1CC2=C(C1)C(=CC=C2)O	135.081	529	8.810	857342039889641200	857336449768640088	857336449768640087	9192	
1	1	-27.308	-1.202		0.997	62.968	C21H28O6	[M + H]+	C21H29O6+	NISVZEWKUNUGQQ	InChI=1S/C21H28O6/c1-21(2,15-3-7-19(8-4-15)26-13-17(24)11-22)16-5-9-20(10-6-16)27-14-18(25)12-23/h3-10,17-18,22-25H,11-14H2,1-2H3	3-(4-{2-[4-(2,3-dihydroxypropoxy)phenyl]propan-2-yl}phenoxy)propane-1,2-diol	CC(C)(C1=CC=C(C=C1)OCC(CO)O)C2=CC=C(C=C2)OCC(CO)O	377.196	530	8.827	857342051298149259	857336449827360348	857336449827360347	9186	
1	1	-40.086	-1.148		0.725	45.759	C21H28O6	[M + H3N + H]+	C21H32NO6+	NISVZEWKUNUGQQ	InChI=1S/C21H28O6/c1-21(2,15-3-7-19(8-4-15)26-13-17(24)11-22)16-5-9-20(10-6-16)27-14-18(25)12-23/h3-10,17-18,22-25H,11-14H2,1-2H3	3-(4-{2-[4-(2,3-dihydroxypropoxy)phenyl]propan-2-yl}phenoxy)propane-1,2-diol	CC(C)(C1=CC=C(C=C1)OCC(CO)O)C2=CC=C(C=C2)OCC(CO)O	394.223	530	8.830	857342068108926373	857336450062241388	857336450062241387	9190	
1	2	-140.654	-9.076		0.009	13.389	C15H23N3O13	[M + Na]+	C15H23N3NaO13+	GWPKCNZFPCCVCA	InChI=1S/C15H23N3O13/c19-1-4-8(23)10(25)11(12(29-4)17-14(26)18-15(27)28)31-13-6(16-3-21)9(24)7(22)5(2-20)30-13/h4-13,19-20,22-25H,1-2H2,(H,27,28)(H2,17,18,26)		O=C=NC1C(OC2C(NC(=O)NC(=O)O)OC(CO)C(O)C2O)OC(CO)C(O)C1O	476.113	530	8.830	857342094046502732	857336450125155952	857336450120961647	9171	
1	1	-144.642	-9.152		0.959	59.696	C11H31N5O5P2	[M + H]+	C11H32N5O5P2+	GAGGBIQAVGULEZ	InChI=1S/C11H31N5O5P2/c1-3-7-14-22(17,20-4-2)15-8-5-10-21-23(18,19)16-9-6-11(12)13/h11H,3-10,12-13H2,1-2H3,(H2,14,15,17)(H2,16,18,19)		CCCNP(=O)(NCCCOP(=O)(O)NCCC(N)N)OCC	376.188	530	8.831	857342165320310671	857336450204847732	857336450204847731	9202	
1	1	-49.878	-5.459		1.000	19.608	C12H27N	[M + H]+	C12H28N+	PXSXRABJBXYMFT	InChI=1S/C12H27N/c1-3-5-7-9-11-13-12-10-8-6-4-2/h13H,3-12H2,1-2H3	dihexylazanium	CCCCCCNCCCCCC	186.222	530	8.835	857342187315240858	857336450263567992	857336450259373687	9177	
1	1	-53.843	-0.864		1.000	71.658	C9H14O5	[M + H]+	C9H15O5+	ZSANYRMTSBBUCA	InChI=1S/C9H14O5/c1-3-13-8(11)5-7(10)6-9(12)14-4-2/h3-6H2,1-2H3	Diethyl 1,3-acetonedicarboxylate	CCOC(=O)CC(=O)CC(=O)OCC	203.091	534	8.892	857342117144534894	857336450330676860	857336450330676859	9256	
1	1	-76.802	-7.040		1.000	32.500	C10H14O6	[M + H]+	C10H15O6+	WRASDLHLTYNVJF	InChI=1S/C10H14O6/c1-3-15-8(12)7-10(14,5-6-11)9(13)16-4-2/h11,14H,3-4,7H2,1-2H3		CCOC(=O)CC(O)(C#CO)C(=O)OCC	231.086	534	8.894	857342158328405890	857336450389397120	857336450389397119	9259	
1	1	-45.849	-5.381		1.000	35.304	C7H8O4	[M + H]+	C7H9O4+	DFWBWOYTVVUMBF	InChI=1S/C7H8O4/c8-4-2-1-3-6(9)5-7(10)11/h8H,1,3,5H2,(H,10,11)		O=C(O)CC(=O)CCC#CO	157.050	534	8.894	857342100459593572	857336450448117380	857336450448117379	9252	
1	1	-42.313	-0.590		0.995	21.948	C12H20O7	[M + H3N + H]+	C12H24NO7+	DOOTYTYQINUNNV	InChI=1S/C12H20O7/c1-4-17-9(13)7-12(16,11(15)19-6-3)8-10(14)18-5-2/h16H,4-8H2,1-3H3	Eudraflex	CCOC(=O)CC(CC(=O)OCC)(C(=O)OCC)O	294.155	534	8.894	857342100006608730	857336450515226248	857336450511031943	9258	
1	1	-49.160	-0.562		1.000	99.833	C12H20O7	[M + H]+	C12H21O7+	DOOTYTYQINUNNV	InChI=1S/C12H20O7/c1-4-17-9(13)7-12(16,11(15)19-6-3)8-10(14)18-5-2/h16H,4-8H2,1-3H3	Eudraflex	CCOC(=O)CC(CC(=O)OCC)(C(=O)OCC)O	277.128	534	8.895	857342085041332023	857336450703969936	857336450703969935	9253	
1	2	-169.162	-6.334		0.025	25.593	C13H25N5O3	[M + Na]+	C13H25N5NaO3+	QYRYYLDLRSMGQN	InChI=1S/C13H25N5O3/c1-21-13-17-11(10-14-6-2-4-8-19)16-12(18-13)15-7-3-5-9-20/h14,19-20H,2-10H2,1H3,(H,15,16,17,18)		COc1nc(CNCCCCO)nc(NCCCCO)n1	322.186	534	8.895	857342087616634690	857336450796244628	857336450796244627	9255	
1	1	-124.881	-7.767		0.993	95.006	C12H17Cl2N3O5	[M + Na]+	C12H17Cl2N3NaO5+	IJKILIZSQYHGHG	InChI=1S/C12H17Cl2N3O5/c1-3-5-17-8(7-21-12(19)22-14)15-10(9(17)13)16-11(18)20-6-4-2/h3-7H2,1-2H3,(H,16,18)		CCCOC(=O)Nc1nc(COC(=O)OCl)n(CCC)c1Cl	376.045	534	8.895	857342266193321883	857336450863353496	857336450863353495	9264	
1	1	-68.358	-0.506		1.000	43.282	C9H20N2O	[M + H]+	C9H21N2O+	OJKIFGONQWOAMV	InChI=1S/C9H20N2O/c1-4-5-6-10-9(12)11-7-8(2)3/h8H,4-7H2,1-3H3,(H2,10,11,12)	1-Butyl-3-(2-methylpropyl)urea	CCCCNC(=O)NCC(C)C	173.165	536	8.925	857342163541925773	857336450917879452	857336450917879451	9231	
1	1	-67.034	-6.473		0.999	33.405	C9H19NOS	[M + H]+	C9H20NOS+	NEAJSNHAXGSCGB	InChI=1S/C9H19NOS/c1-4-6-8-10(7-5-2)11-9(3)12/h4-8H2,1-3H3		CCCCN(CCC)OC(C)=S	190.126	536	8.940	857342354936406343	857336450980794016	857336450980794015	9341	
1	4	-123.549	-8.828		0.053	6.993	C16H38FN5O3	[M + H]+	C16H39FN5O3+	AWCTWKSDZQBYPB	InChI=1S/C16H38FN5O3/c1-22(15-18)16-21-8-12-23-9-6-20-7-11-25-14-13-24-10-5-19-4-2-3-17/h19-21H,2-16,18H2,1H3		CN(CN)CNCCOCCNCCOCCOCCNCCCF	368.301	538	8.958	857342355221619038	857336451039514276	857336451039514275	9362	
1	3	-84.488	-7.517		0.000	52.168	C17H16	[M + H]+	C17H17+	MCYVSWCYGQZNAW	InChI=1S/C17H16/c1-3-5-6-7-8-9-11-17-14-12-16(10-4-2)13-15-17/h12-15H,6-8H2,1-2H3		CC#CCCCC#Cc1ccc(C#CC)cc1	221.133	538	8.973	857342364507808496	857336451098234536	857336451098234535	9342	
1	1	-137.289	-6.661		1.000	32.891	C11H21NO3	[M + H]+	C11H22NO3+	AOLLHDVGIXRION	InChI=1S/C11H21NO3/c1-8(2)6-10(14)11(15)12-7-9(3)4-5-13/h5,8-10,14H,4,6-7H2,1-3H3,(H,12,15)		CC(C)CC(O)C(=O)NCC(C)CC=O	216.160	543	9.049	857342396569076798	857336451148566188	857336451148566187	9475	
1	1	-135.832	-5.508		1.000	77.206	C10H17NO3	[M + H]+	C10H18NO3+	HXXJDJHHLXEVBZ	InChI=1S/C10H17NO3/c1-2-3-4-5-8-11-9(12)6-7-10(13)14/h6-7H,2-5,8H2,1H3,(H,11,12)(H,13,14)	N-Hexylmaleamidic acid	CCCCCCNC(=O)C=CC(=O)O	200.128	548	9.129	857342401803569484	857336451211480752	857336451211480751	9562	
1	1	-107.884	-4.911		1.000	90.143	C10H18O4	[M - H2O + H]+	C10H17O3+	CXMXRPHRNRROMY	InChI=1S/C10H18O4/c11-9(12)7-5-3-1-2-4-6-8-10(13)14/h1-8H2,(H,11,12)(H,13,14)	Sebacate	C(CCCCC(=O)O)CCCC(=O)O	185.117	553	9.213	857342396569076794	857336451333115576	857336451333115575	9667	
1	1	-107.350	-3.855		1.000	101.248	C10H18O4	[M + H]+	C10H19O4+	CXMXRPHRNRROMY	InChI=1S/C10H18O4/c11-9(12)7-5-3-1-2-4-6-8-10(13)14/h1-8H2,(H,11,12)(H,13,14)	Sebacate	C(CCCCC(=O)O)CCCC(=O)O	203.128	553	9.214	857342365539607293	857336451450556096	857336451446361791	9662	
1	4	-73.090	-7.089		0.000	93.714	C10H17O3P	[M + H]+	C10H18O3P+	LPCIPVPRPXHLQG	InChI=1S/C10H17O3P/c1-2-3-4-5-9-14(11)10-8-12-6-7-13-14/h1H,3-10H2		C#CCCCCP1(=O)CCOCCO1	217.097	553	9.215	857342462683908067	857336451509276356	857336451509276355	9675	
1	1	-46.610	-6.525		0.500	23.806	C8H12O	[M + H]+	C8H13O+	ONMAQLISHAPAEY	InChI=1S/C8H12O/c1-2-3-4-5-6-7-8-9/h2-3,7H,4-6H2,1H3		CC=CCCCC=C=O	125.096	554	9.226	857342444723898148	857336451584773832	857336451584773831	9665	
1	3	-180.218	-10.805		0.013	25.083	C18H32ClN5O4	[M + H]+	C18H33ClN5O4+	WAKBUVGKLMBPAA	InChI=1S/C18H32ClN5O4/c1-3-6-22-16(10-20)12-23(24(26)27)11-15-4-5-18(17(19)9-15)28-13-14(2)21-7-8-25/h4-5,9,14,16,21-22,25H,3,6-8,10-13,20H2,1-2H3		CCCNC(CN)CN(Cc1ccc(OCC(C)NCCO)c(Cl)c1)[N+](=O)[O-]	418.223	554	9.241	857342452311394170	857336451660271308	857336451660271307	9709	
1	1	-107.080	-4.508		1.000	63.433	C14H31NO3	[M + H]+	C14H32NO3+	CHGRVRCHXOZULD	InChI=1S/C14H31NO3/c1-2-3-4-5-6-7-8-15(9-11-16)10-13-18-14-12-17/h16-17H,2-14H2,1H3	PEG-3 caprylamine	CCCCCCCCN(CCO)CCOCCO	262.238	561	9.346	857342447794128715	857336451735768784	857336451735768783	9808	
1	1	-30.746	-4.538		1.000	58.330	C8H16OS3	[M + H]+	C8H17OS3+	DMCSDFCQZIKGQY	InChI=1S/C8H16OS3/c1-7(2)10-5-6-11-12(9)8(3)4/h8H,1,5-6H2,2-4H3		C=C(C)SCCSS(=O)C(C)C	225.044	561	9.348	857342456379869096	857336451811266260	857336451811266259	9811	
1	4	-302.679	-6.722		0.007	5.391	C23H41NO2S	[M + H]+	C23H42NO2S+	VTWXKORGDFUQLT	InChI=1S/C23H41NO2S/c1-2-3-4-5-10-13-17-22(25)18-14-11-8-6-7-9-12-15-19-23(26)27-21-16-20-24/h2-19,21H2,1H3		CCCCCCCCC(=O)CCCCCCCCCCC(=O)SCCC#N	396.296	564	9.399	857342448389719901	857336451882569432	857336451882569431	9884	
1	4	-214.660	-9.401		0.013	7.317	C13H30N6O5	[M + H3N + H]+	C13H34N7O5+	SBSPZPGGYAVSDP	InChI=1S/C13H30N6O5/c1-8(2)24-13(21)11(19-17)18-12(20)10(16)9(7-15)23-6-5-22-4-3-14/h8-11,19H,3-7,14-17H2,1-2H3,(H,18,20)		CC(C)OC(=O)C(NN)NC(=O)C(N)C(CN)OCCOCCN	368.264	564	9.399	857342446250624824	857336451953872604	857336451953872603	9887	
1	1	-228.982	-7.349		0.937	14.579	C17H34O7	[M + H]+	C17H35O7+	YENZORGOUPGVKX	InChI=1S/C17H34O7/c1-4-6-7-20-8-9-21-10-11-22-12-16(19)13-23-14-17(5-2)24-15(3)18/h16-17,19H,4-14H2,1-3H3		CCCCOCCOCCOCC(O)COCC(CC)OC(C)=O	351.238	564	9.402	857342448079341391	857336452029370080	857336452025175775	9885	
1	1	-118.745	-6.769		0.999	48.024	C19H23NO4	[M + H]+	C19H24NO4+	OVMZTCOENLYTPF	InChI=1S/C19H23NO4/c1-15(13-21)20-19(22)14-24-18-9-7-16(8-10-18)11-12-23-17-5-3-2-4-6-17/h2-10,15,21H,11-14H2,1H3,(H,20,22)		CC(CO)NC(=O)COc1ccc(CCOc2ccccc2)cc1	330.170	565	9.414	857342453208975236	857336452100673252	857336452100673251	9906	
1	1	-83.633	-5.842		1.000	49.016	C14H31N	[M + H]+	C14H32N+	YAQAKQBMSVHFHQ	InChI=1S/C14H31N/c1-3-5-7-8-10-12-14(13-15)11-9-6-4-2/h14H,3-13,15H2,1-2H3	2-Pentylnonan-1-amine	CCCCCCCC(CCCCC)CN	214.253	568	9.466	857342448200976217	857336452176170728	857336452171976423	9960	
1	2	-151.275	-6.655		0.113	38.391	C15H23FN2O	[M + H]+	C15H24FN2O+	BKFZCYJJYPGVTG	InChI=1S/C15H23FN2O/c1-10(2)12(5)18(11(3)4)13-6-7-15(17-9-19)14(16)8-13/h6-12H,1-5H3,(H,17,19)		CC(C)C(C)N(c1ccc(NC=O)c(F)c1)C(C)C	267.186	569	9.483	857342470669862961	857336452260056812	857336452255862507	9971	
1	1	-103.280	-5.151		0.963	68.455	C13H12N2O	[M + H]+	C13H13N2O+	MOEPMIWUAWHTCO	InChI=1S/C13H12N2O/c14-13-3-1-2-11(9-16)12(13)8-10-4-6-15-7-5-10/h1-7,9H,8,14H2		Nc1cccc(C=O)c1Cc1ccncc1	213.102	570	9.505	857342463979948021	857336452402663156	857336452402663155	10011	
1	1	-84.979	-5.173		0.890	39.719	C18H24N2	[M + H]+	C18H25N2+	ARGBNJMRCXQFBO	InChI=1S/C18H24N2/c1-14(2)19-16-10-12-18(13-11-16)20(15(3)4)17-8-6-5-7-9-17/h5-15,19H,1-4H3	N~1~-Phenyl-N~1~,N~4~-di(propan-2-yl)benzene-1,4-diamine	CC(C)NC1=CC=C(C=C1)N(C2=CC=CC=C2)C(C)C	269.201	570	9.506	857342465305348106	857336452637544184	857336452637544183	10008	
1	1	-211.097	-6.679		1.000	47.101	C14H29NO3	[M + H]+	C14H30NO3+	VEBGFUBFVLALEP	InChI=1S/C14H29NO3/c1-3-4-5-6-7-8-9-10-15(11-12-18-2)13-14(16)17/h3-13H2,1-2H3,(H,16,17)	2-[2-Methoxyethyl(nonyl)amino]acetic acid	CCCCCCCCCN(CCOC)CC(=O)O	260.222	570	9.508	857342453947172750	857336452696264444	857336452696264443	9987	
1	8	-74.404	-5.333		0.021	4.247	C13H24O15	[M + Na]+	C13H24NaO15+	CWBUTQYPBNCHDG	InChI=1S/C13H24O15/c14-1-2-3(15)4(16)7(19)12(26-2)28-13(11(24)25)27-8(10(22)23)5(17)6(18)9(20)21/h2-10,12-23H,1H2,(H,24,25)		O=C(O)C(OC1OC(CO)C(O)C(O)C1O)OC(C(O)O)C(O)C(O)C(O)O	443.103	572	9.537	857342460427372483	857336452750790400	857336452750790399	10060	
1	1	-45.693	-0.693		0.498	78.914	C9H10O	[M + H]+	C9H11O+	DPHNJPUOMLRELT	InChI=1S/C9H10O/c10-9-6-2-4-7-3-1-5-8(7)9/h2,4,6,10H,1,3,5H2	2,3-dihydro-1H-inden-4-ol	C1CC2=C(C1)C(=CC=C2)O	135.080	572	9.537	857342454077196178	857336452805316356	857336452805316355	10052	
1	4	-172.290	-5.762		0.006	41.401	C15H24ClNO3	[M + H]+	C15H25ClNO3+	LDUSTOSDPZDPOM	InChI=1S/C15H24ClNO3/c1-13-12-14(4-6-17-7-5-16)2-3-15(13)20-11-10-19-9-8-18/h2-3,12,17-18H,4-11H2,1H3		Cc1cc(CCNCCCl)ccc1OCCOCCO	302.151	572	9.538	857342462260283353	857336452859842312	857336452855648007	10073	
1	7	-136.935	-6.711		0.000	86.867	C21H17NO4S	[M + Na]+	C21H17NNaO4S+	HGZCRRDXNHEIFX	InChI=1S/C21H17NO4S/c1-3-11-24-18-12-15(4-2)9-10-17(18)25-14-21(23)26-13-20-22-16-7-5-6-8-19(16)27-20/h1,4-10,12H,2,11,13-14H2		C#CCOc1cc(C=C)ccc1OCC(=O)OCc1nc2ccccc2s1	402.076	572	9.538	857342632007961887	857336452922756876	857336452922756875	10061	
1	4	-17.735	-1.263		0.016	42.598	C6H12Cl3O4P	[M + H]+	C6H13Cl3O4P+	HQUQLFOMPYWACS	InChI=1S/C6H12Cl3O4P/c7-1-4-11-14(10,12-5-2-8)13-6-3-9/h1-6H2	Fyrol CF	C(CCl)OP(=O)(OCCCl)OCCCl	284.961	573	9.550	857342464596510723	857336452981477136	857336452977282831	10094	
1	2	-43.757	-3.891		0.500	41.963	C11H18O	[M + H3N + H]+	C11H22NO+	ARLRQNXRRFDJPG	InChI=1S/C11H18O/c12-11(8-9-6-7-9)10-4-2-1-3-5-10/h9-10H,1-8H2	1-Cyclohexyl-2-cyclopropylethanone	C1CCC(CC1)C(=O)CC2CC2	184.170	576	9.607	857342461287204808	857336453086334744	857336453086334743	10179	
1	1	-91.231	-1.053		1.000	101.105	C10H17NO3	[M + H]+	C10H18NO3+	HXXJDJHHLXEVBZ	InChI=1S/C10H17NO3/c1-2-3-4-5-8-11-9(12)6-7-10(13)14/h6-7H,2-5,8H2,1H3,(H,11,12)(H,13,14)	N-Hexylmaleamidic acid	CCCCCCNC(=O)C=CC(=O)O	200.128	577	9.617	857342473131919443	857336453136666396	857336453132472091	10198	
1	1	-86.596	-5.656		0.999	96.503	C11H12O3	[M + H]+	C11H13O3+	GEMDCILYSIGTKA	InChI=1S/C11H12O3/c1-2-7-14-10-6-4-3-5-9(10)8-11(12)13/h2-6H,1,7-8H2,(H,12,13)	2-(Allyloxy) phenyl acetic acid	C=CCOC1=CC=CC=C1CC(=O)O	193.086	583	9.724	857342476051155037	857336453182803744	857336453182803743	10307	
1	3	-110.212	-9.157		0.053	22.736	C24H34O2	[M + K]+	C24H34KO2+	YOWLHVWUWIZFSI	InChI=1S/C24H34O2/c1-6-18(3)10-8-11-19(4)12-9-13-20(5)14-15-22-17-23(25)16-21(7-2)24(22)26/h6,10,12,14,16-17,25-26H,1,7-9,11,13,15H2,2-5H3		C=CC(C)=CCCC(C)=CCCC(C)=CCc1cc(O)cc(CC)c1O	393.217	584	9.735	857342483584125044	857336453228941092	857336453228941091	10350	
1	2	-108.212	-8.968		0.072	24.582	C14H22Cl3N5O5S	[M + K]+	C14H22Cl3KN5O5S+	QMVONPRLMLRQGA	InChI=1S/C14H22Cl3N5O5S/c15-4-1-8-26-13-19-11(3-5-16)20-14(21-13)27-9-2-10-28(24,25)22-12(23)18-7-6-17/h1-10H2,(H2,18,22,23)		O=C(NCCCl)NS(=O)(=O)CCCOc1nc(CCCl)nc(OCCCCl)n1	516.004	585	9.749	857342471110264901	857336453287661352	857336453283467047	10379	
1	1	-81.945	-11.652		0.141	24.176	C12H22ClN5O7S3	[M + K]+	C12H22ClKN5O7S3+	PMFQGCPIIBEMSR	InChI=1S/C12H22ClN5O7S3/c13-5-2-1-3-6-15-12(14)4-7-16-26(19,20)10-8-17-27(21,22)11-9-18-28(23,24)25/h2,5,16-18H,4,6-11H2,(H2,14,15)(H,23,24,25)		N=C(CCNS(=O)(=O)CCNS(=O)(=O)CCNS(=O)(=O)O)NCC#CC=CCl	518.001	585	9.749	857342484913719420	857336453346381612	857336453342187307	10380	
1	1	-71.651	-0.429		1.000	37.134	C11H22N2O	[M + H]+	C11H23N2O+	COLUTWBYJCLQKO	InChI=1S/C11H22N2O/c1-11(2,3)13-10(14)12-9-7-5-4-6-8-9/h9H,4-8H2,1-3H3,(H2,12,13,14)	N-(tert-butyl)-N'-cyclohexylurea	CC(C)(C)NC(=O)NC1CCCCC1	199.181	586	9.773	857342454601484196	857336453400907568	857336453396713263	10391	
1	1	-89.547	-4.912		0.943	43.205	C13H8O	[M + H]+	C13H9O+	YPDSRVKCAIZYIA	InChI=1S/C13H8O/c14-8-9-4-3-7-12-10-5-1-2-6-11(10)13(9)12/h1-8H	Biphenylene-1-carbaldehyde	C1=CC=C2C(=C1)C3=CC=CC(=C23)C=O	181.065	589	9.817	857342479842805863	857336453459627828	857336453459627827	10442	
1	1	-111.741	-4.883		1.000	93.393	C12H16O3	[M + H]+	C12H17O3+	KJOWLMCSCDFVCH	InChI=1S/C12H16O3/c1-8(2)10-6-4-5-7-11(10)15-9(3)12(13)14/h4-9H,1-3H3,(H,13,14)	(2S)-2-(2-propan-2-ylphenoxy)propanoic acid	CC(C)C1=CC=CC=C1OC(C)C(=O)O	209.117	590	9.833	857342461702440908	857336453572874044	857336453568679739	10469	
1	2	-62.313	-5.677		0.500	50.626	C12H20O	[M + H3N + H]+	C12H24NO+	ZBKYZKPNVAXWPZ	InChI=1S/C12H20O/c13-12(11-8-4-5-9-11)10-6-2-1-3-7-10/h10-11H,1-9H2	Cyclohexyl(cyclopentyl)methanone	C1CCC(CC1)C(=O)C2CCCC2	198.185	591	9.843	857342472276281423	857336453518348088	857336453518348087	10492	
1	1	-51.601	-0.269		0.925	62.683	C10H15NO2S	[M + H]+	C10H16NO2S+	FZIFUJULXRFHBB	InChI=1S/C10H15NO2S/c1-3-11(4-2)14(12,13)10-8-6-5-7-9-10/h5-9H,3-4H2,1-2H3	N,N-Diethylbenzenesulfonamide	CCN(CC)S(=O)(=O)C1=CC=CC=C1	214.090	592	9.865	857342465531840532	857336453623205696	857336453619011391	10503	
1	1	-80.270	-5.286		1.000	58.602	C11H21NO	[M + H]+	C11H22NO+	KDOWYZAXEZQVBH	InChI=1S/C11H21NO/c1-9(2)8-11(13)12-10-6-4-3-5-7-10/h9-10H,3-8H2,1-2H3,(H,12,13)	N-cyclohexyl-3-methylbutanamide	CC(C)CC(=O)NC1CCCCC1	184.170	593	9.883	857342454970582950	857336453673537348	857336453673537347	10538	
1	1	-40.857	-5.721		0.476	54.289	C11H12O	[M + H]+	C11H13O+	PIXKUBMUBIEAPI	InChI=1S/C11H12O/c1-3-4-10-5-7-11(8-6-10)9(2)12/h3-8H,1-2H3	1-(4-Prop-1-enylphenyl)ethanone	CC=CC1=CC=C(C=C1)C(=O)C	161.096	593	9.888	857342450210047844	857336453723869000	857336453723868999	10526	
1	1	-23.779	-6.720		0.993	29.897	C8H6O	[M + H]+	C8H7O+	RZGZTQYTDRQOEY	InChI=1S/C8H6O/c9-7-6-8-4-2-1-3-5-8/h1-6H	Phenyl ketene	C1=CC=C(C=C1)C=C=O	119.049	594	9.892	857342467947759646	857336453774200652	857336453770006347	10525	
1	1	-30.606	-0.031		0.803	38.275	C10H15NO2S	[M + H]+	C10H16NO2S+	FZIFUJULXRFHBB	InChI=1S/C10H15NO2S/c1-3-11(4-2)14(12,13)10-8-6-5-7-9-10/h5-9H,3-4H2,1-2H3	N,N-Diethylbenzenesulfonamide	CCN(CC)S(=O)(=O)C1=CC=CC=C1	214.090	596	9.938	857342470959269946	857336453837115216	857336453837115215	10601	
1	1	-131.924	-7.104		0.965	27.475	C20H25NO4	[M + H]+	C20H26NO4+	UWFFQPCQWGACAO	InChI=1S/C20H25NO4/c1-2-16-5-9-19(10-6-16)25-14-13-24-15-20(23)21-12-11-17-3-7-18(22)8-4-17/h3-10,22H,2,11-15H2,1H3,(H,21,23)		CCc1ccc(OCCOCC(=O)NCCc2ccc(O)cc2)cc1	344.186	599	9.977	857342495672109192	857336453887446868	857336453887446867	10645	
1	1	-134.423	-7.299		1.000	75.565	C12H23NO	[M + H]+	C12H24NO+	XFSNSTNIVVYBIU	InChI=1S/C12H23NO/c1-3-11(12(14)13-4-2)7-5-6-10-8-9-10/h10-11H,3-9H2,1-2H3,(H,13,14)		CCNC(=O)C(CC)CCCC1CC1	198.185	600	10.007	857343150386187632	857336453941972824	857336453941972823	10685	
1	1	-58.948	-6.820		0.887	95.042	C12H9NO	[M + H]+	C12H10NO+	BTNRMJPEPMITJM	InChI=1S/C12H9NO/c1-2-5-11-10(8-14)9-6-3-4-7-12(9)13-11/h3-8,13H,1H2		C=C=Cc1[nH]c2ccccc2c1C=O	184.076	602	10.037	857343431878520791	857336453996498780	857336453996498779	10722	
1	1	-14.001	-0.011		1.000	66.647	C12H17NO	[M + H]+	C12H18NO+	MMOXZBCLCQITDF	InChI=1S/C12H17NO/c1-4-13(5-2)12(14)11-8-6-7-10(3)9-11/h6-9H,4-5H2,1-3H3	Deet	CCN(CC)C(=O)C1=CC=CC(=C1)C	192.138	603	10.047	857343453353358504	857336454046830432	857336454046830431	10741	
1	2	-195.228	-8.190		0.011	88.317	C17H25NO5	[M + Na]+	C17H25NNaO5+	SOKLTGNMQYOLBX	InChI=1S/C17H25NO5/c1-12(19)10-18-15(20)14(16(21)23-17(2,3)4)11-22-13-8-6-5-7-9-13/h5-9,12,14,19H,10-11H2,1-4H3,(H,18,20)		CC(O)CNC(=O)C(COc1ccccc1)C(=O)OC(C)(C)C	346.165	606	10.098	857343478053614804	857336454147493736	857336454147493735	10797	
1	11	-8.970	-0.721		0.000	16.809	C18H15OP	[M + H]+	C18H16OP+	FIQMHBFVRAXMOP	InChI=1S/C18H15OP/c19-20(16-10-4-1-5-11-16,17-12-6-2-7-13-17)18-14-8-3-9-15-18/h1-15H	Triphenylphosphanoxid	C1=CC=C(C=C1)P(=O)(C2=CC=CC=C2)C3=CC=CC=C3	279.093	609	10.144	857343499012552994	857336454197825388	857336454197825387	10835	
1	2	-162.101	-7.543		0.037	87.141	C10H16F2O3	[M + H]+	C10H17F2O3+	IAROYWAPKRJZIP	InChI=1S/C10H16F2O3/c1-9(2,8(14)15)10(11,12)6-3-4-7(13)5-6/h6-7,13H,3-5H2,1-2H3,(H,14,15)		CC(C)(C(=O)O)C(F)(F)C1CCC(O)C1	223.115	610	10.161	857343479601312990	857336454256545648	857336454256545647	10860	
1	3	-215.499	-7.542		0.080	51.769	C28H31N3O2	[M + Na]+	C28H31N3NaO2+	SYAJYLBGUWWUQT	InChI=1S/C28H31N3O2/c1-27(2,3)19-13-11-18(12-14-19)25(32)17-31-23-10-8-7-9-20(23)21-15-22(29-16-24(21)31)26(33)30-28(4,5)6/h7-16H,17H2,1-6H3,(H,30,33)		CC(C)(C)NC(=O)c1cc2c3ccccc3n(CC(=O)c3ccc(C(C)(C)C)cc3)c2cn1	464.233	610	10.169	857343484596729065	857336454311071604	857336454306877299	10871	
1	1	-43.509	-1.849		1.000	66.778	C12H23NO3	[M + H]+	C12H24NO3+	QLHULAHOXSSASE	InChI=1S/C12H23NO3/c1-3-10(2)16-12(15)13-8-5-4-6-11(13)7-9-14/h10-11,14H,3-9H2,1-2H3	Bayrepel	CCC(C)OC(=O)N1CCCCC1CCO	230.175	610	10.172	857343498974804245	857336454353014648	857336454353014647	10874	
1	1	-119.694	-6.874		1.000	73.240	C11H14N2OS2	[M + H]+	C11H15N2OS2+	JYLKSECVYGOUHC	InChI=1S/C11H14N2OS2/c1-8-3-4-9(2)12(8)5-6-13-10(14)7-16-11(13)15/h3-4H,5-7H2,1-2H3		Cc1ccc(C)n1CCN1C(=O)CSC1=S	255.062	611	10.176	857343520873272811	857336454415929212	857336454411734907	10882	
1	1	-34.937	-0.022		0.996	70.847	C10H15NO2S	[M + H]+	C10H16NO2S+	FZIFUJULXRFHBB	InChI=1S/C10H15NO2S/c1-3-11(4-2)14(12,13)10-8-6-5-7-9-10/h5-9H,3-4H2,1-2H3	N,N-Diethylbenzenesulfonamide	CCN(CC)S(=O)(=O)C1=CC=CC=C1	214.090	612	10.198	857343567396555762	857336454466260864	857336454462066559	10946	
1	1	-118.491	-6.765		1.000	101.077	C12H23NO	[M + H]+	C12H24NO+	NENUZIREVDAFKX	InChI=1S/C12H23NO/c1-2-3-4-7-10-13-12(14)11-8-5-6-9-11/h11H,2-10H2,1H3,(H,13,14)	N-hexylcyclopentanecarboxamide	CCCCCCNC(=O)C1CCCC1	198.185	617	10.288	857343579253853212	857336454508203908	857336454504009603	11050	
1	1	-98.240	-4.168		1.000	40.429	C12H25NO3	[M + H]+	C12H26NO3+	ZPCPEZPQYGDCPS	InChI=1S/C12H25NO3/c1-2-3-4-5-6-8-13-9-7-10-16-11-12(14)15/h13H,2-11H2,1H3,(H,14,15)		CCCCCCCNCCCOCC(=O)O	232.191	619	10.313	857343567388167150	857336454550146952	857336454550146951	11128	
1	3	-79.633	-6.939		0.333	141.643	C10H18O2	[M + CH2O2 + H]+	C11H21O4+	XHYRRNSTOSHRPK	InChI=1S/C10H18O2/c1-4-7-10(11)12-8-9(5-2)6-3/h4,9H,1,5-8H2,2-3H3		C=CCC(=O)OCC(CC)CC	217.144	622	10.373	857343567472053258	857336454596284300	857336454596284299	11184	
1	1	-185.450	-7.116		1.000	19.417	C15H29NO3	[M + H]+	C15H30NO3+	GJHFZRHAIKTVIA	InChI=1S/C15H29NO3/c1-2-3-4-5-6-7-10-17-12-14-19-15-13-18-11-8-9-16/h2-8,10-15H2,1H3		CCCCCCCCOCCOCCOCCC#N	272.222	623	10.383	857343567375584229	857336454642421648	857336454638227343	11206	
1	1	-12.678	-0.088		1.000	33.535	C13H24N2O	[M + H]+	C13H25N2O+	ADFXKUOMJKEIND	InChI=1S/C13H24N2O/c16-13(14-11-7-3-1-4-8-11)15-12-9-5-2-6-10-12/h11-12H,1-10H2,(H2,14,15,16)	Oprea1_447813	C1CCC(CC1)NC(=O)NC2CCCCC2	225.196	624	10.401	857343567379778539	857336454680170388	857336454680170387	11199	
1	1	-40.759	-7.559		0.803	68.003	C14H12O2	[M + H]+	C14H13O2+	JLGXYDMVIJFOKF	InChI=1S/C14H12O2/c15-10-12-6-8-13(9-7-12)11-16-14-4-2-1-3-5-14/h1-10H,11H2	4-(Phenoxymethyl)benzaldehyde	C1=CC=C(C=C1)OCC2=CC=C(C=C2)C=O	213.091	625	10.415	857343594776972449	857336454717919128	857336454717919127	11235	
1	1	-162.366	-6.487		0.832	37.468	C18H22N2O	[M + H]+	C18H23N2O+	YAQIFNRRCRUGKJ	InChI=1S/C18H22N2O/c1-12-6-9-17(13(2)10-12)20(5)18(21)11-16-8-7-14(3)19-15(16)4/h6-10H,11H2,1-5H3		Cc1ccc(N(C)C(=O)Cc2ccc(C)nc2C)c(C)c1	283.181	625	10.416	857343567459470333	857336454764056476	857336454764056475	11247	
1	1	-133.893	-10.691		0.991	32.471	C14H11Cl2O12P	[M + H]+	C14H12Cl2O12P+	UGUIWIPHIBEHRE	InChI=1S/C14H11Cl2O12P/c15-5-12(19)26-8-1-3-9(4-2-8)28-29(23,25-7-11(16)18)24-6-10(17)13(20)27-14(21)22/h1-4H,5-7H2,(H,21,22)		O=C(Cl)COP(=O)(OCC(=O)C(=O)OC(=O)O)Oc1ccc(OC(=O)CCl)cc1	472.943	625	10.423	857343590213569668	857336454814388128	857336454810193823	11252	
1	5	-83.629	-13.079		0.087	46.462	C12H22ClN5O7S3	[M + K]+	C12H22ClKN5O7S3+	MXTPVFWKJGTGET	InChI=1S/C12H22ClN5O7S3/c1-15(2)28(24,25)18(13)27(22,23)14-9-12-26(20,21)17(4)11-8-6-5-7-10-16(3)19/h14,19H,9-12H2,1-4H3		CN(O)CC#CC#CCN(C)S(=O)(=O)CCNS(=O)(=O)N(Cl)S(=O)(=O)N(C)C	518.001	626	10.425	857343631422606591	857336454873108388	857336454873108387	11270	
1	1	-118.531	-10.995		0.949	27.370	C13H18Cl4F5N3O4	[M + H]+	C13H19Cl4F5N3O4+	OEMJZHYGUPWQIH	InChI=1S/C13H18Cl4F5N3O4/c14-11(15,16)6-29-8-5-25(2-4-28-8)10(26)24-9(13(17,21)22)23-1-3-27-7-12(18,19)20/h8-9,23H,1-7H2,(H,24,26)		O=C(NC(NCCOCC(F)(F)F)C(F)(F)Cl)N1CCOC(OCC(Cl)(Cl)Cl)C1	516.004	626	10.429	857343585947962464	857336454923440040	857336454923440039	11269	
1	2	-35.135	-4.932		0.172	30.766	C10H20Cl4O8P2	[M + H]+	C10H21Cl4O8P2+	CJWBPEYRTPGWPF	InChI=1S/C10H20Cl4O8P2/c11-1-5-17-23(15,18-6-2-12)21-9-10-22-24(16,19-7-3-13)20-8-4-14/h1-10H2	Phosphoric acid, 1,2-ethanediyl tetrakis(2-chloroethyl) ester	C(COP(=O)(OCCCl)OCCCl)OP(=O)(OCCCl)OCCCl	470.946	626	10.430	857343585310428247	857336454973771692	857336454973771691	11263	
1	1	-99.832	-7.019		1.000	102.145	C13H21NO	[M + H3N + H]+	C13H25N2O+	XLSRMIKFOZUDSI	InChI=1S/C13H21NO/c15-13(12-7-4-8-12)14-10-9-11-5-2-1-3-6-11/h4,7,11-12H,1-3,5-6,8-10H2,(H,14,15)		O=C(NCCC1CCCCC1)C1C=CC1	225.196	633	10.542	857343583267802177	857336455032491952	857336455032491951	11375	
1	1	-27.375	-0.072		0.728	68.322	C13H18N2O	[M + H]+	C13H19N2O+	WPLYTRWMCWBZEN	InChI=1S/C13H18N2O/c16-13(14-11-7-3-1-4-8-11)15-12-9-5-2-6-10-12/h1,3-4,7-8,12H,2,5-6,9-10H2,(H2,14,15,16)	1-cyclohexyl-3-phenylurea	C1CCC(CC1)NC(=O)NC2=CC=CC=C2	219.149	633	10.549	857343587990588536	857336455095406516	857336455091212211	11388	
1	1	-150.022	-7.978		1.000	24.350	C11H23NO2	[M + H]+	C11H24NO2+	MAEKWHGPEVALSE	InChI=1S/C11H23NO2/c1-3-5-6-10-14-11-8-12(4-2)7-9-13/h4,13H,2-3,5-11H2,1H3		C=CN(CCO)CCOCCCCC	202.180	635	10.585	857343580658945068	857336455149932472	857336455149932471	11429	
1	3	-86.844	-6.332		0.333	25.520	C11H20O	[M + CH2O2 + H]+	C12H23O3+	UEQWNODGLWOCGT	InChI=1S/C11H20O/c1-10(2)6-8-11(3,4)7-5-9-12/h5,10H,6-8H2,1-4H3		CC(C)CCC(C)(C)CC=C=O	215.164	637	10.613	857343582680599610	857336455204458428	857336455204458427	11484	
1	2	-50.071	-5.323		0.217	37.389	C8H7N	[M + H]+	C8H8N+	SYIDBLSYBAMQSX	InChI=1S/C8H7N/c9-7-6-8-4-2-1-3-5-8/h1-6,9H	beta-Iminostyrene	C1=CC=C(C=C1)C=C=N	118.065	643	10.711	857343600934210745	857336455258984384	857336455258984383	11609	
1	1	-130.887	-6.984		0.992	39.951	C12H17N3O3S2	[M + K]+	C12H17KN3O3S2+	DTNMSWCPUZAMBY	InChI=1S/C12H17N3O3S2/c1-2-15-20(17,18)12-7-6-10(19-12)9-14-11(16)5-3-4-8-13/h6-7,15H,2-3,5,9,13H2,1H3,(H,14,16)		CCNS(=O)(=O)c1ccc(CNC(=O)CCC#CN)s1	354.033	643	10.717	857343646262054150	857336455321898948	857336455321898947	11623	
1	3	-37.225	-4.676		0.000	64.551	C3H2F2O4	[M + H3N + H]+	C3H6F2NO4+	VUDCRMPYLUYZTH	InChI=1S/C3H2F2O4/c4-1(6)2(5)9-3(7)8/h6H,(H,7,8)		O=C(O)OC(F)=C(O)F	158.027	643	10.718	857343673390812454	857336455380619208	857336455376424903	11626	
1	1	-32.800	-0.023		0.997	77.510	C10H15NO2S	[M + H]+	C10H16NO2S+	FZIFUJULXRFHBB	InChI=1S/C10H15NO2S/c1-3-11(4-2)14(12,13)10-8-6-5-7-9-10/h5-9H,3-4H2,1-2H3	N,N-Diethylbenzenesulfonamide	CCN(CC)S(=O)(=O)C1=CC=CC=C1	214.090	643	10.719	857343598405045421	857336455460310988	857336455456116683	11629	
1	1	-29.709	-0.088		1.000	54.675	C13H24N2O	[M + H]+	C13H25N2O+	ADFXKUOMJKEIND	InChI=1S/C13H24N2O/c16-13(14-11-7-3-1-4-8-11)15-12-9-5-2-6-10-12/h11-12H,1-10H2,(H2,14,15,16)	Oprea1_447813	C1CCC(CC1)NC(=O)NC2CCCCC2	225.196	645	10.758	857343587600518261	857336455535808464	857336455535808463	11690	
1	1	-81.860	-0.948		1.000	17.117	C13H29N	[M + H]+	C13H30N+	ABVVEAHYODGCLZ	InChI=1S/C13H29N/c1-2-3-4-5-6-7-8-9-10-11-12-13-14/h2-14H2,1H3	Tridecylamine	CCCCCCCCCCCCCN	200.237	649	10.815	857343591606078608	857336455611305940	857336455611305939	11747	
1	1	-322.824	-7.945		0.771	35.801	C14H21FN4O	[M + H]+	C14H22FN4O+	PKKDEVNZMWJFDT	InChI=1S/C14H21FN4O/c1-3-4-11-5-6-12(15)9-13(11)18-14(20)10(2)7-8-17-19-16/h5-6,9-10H,3-4,7-8H2,1-2H3,(H2,16,17)(H,18,20)		CCCc1ccc(F)cc1NC(=O)C(C)CCN=NN	281.175	649	10.819	857343623491177713	857336455682609112	857336455682609111	11758	
1	1	-55.257	-0.452		1.000	34.626	C11H24N2O	[M + H]+	C11H25N2O+	KFYGFXWBZARYAP	InChI=1S/C11H24N2O/c1-3-5-7-8-10-13-11(14)12-9-6-4-2/h3-10H2,1-2H3,(H2,12,13,14)	1-Butyl-3-hexylurea	CCCCCCNC(=O)NCCCC	201.196	651	10.852	857343592600128658	857336455741329372	857336455741329371	11803	
1	2	-86.487	-7.740		0.500	150.557	C13H22O2	[M + CH2O2 + H]+	C14H25O4+	NOSXQCHVLLCHSS	InChI=1S/C13H22O2/c1-12(2)7-10(14)5-6-11(15)8-13(3,4)9-12/h5-9H2,1-4H3		CC1(C)CC(=O)CCC(=O)CC(C)(C)C1	257.175	651	10.854	857343619133295846	857336455804243936	857336455804243935	11809	
1	1	-117.386	-8.035		0.672	166.342	C18H20N2O	[M + H]+	C18H21N2O+	XLNGWXBHJMKGSE	InChI=1S/C18H20N2O/c1-11(2)16-9-14-12(10-19-16)17(21)20-15-8-6-5-7-13(15)18(14,3)4/h5-11H,1-4H3,(H,20,21)		CC(C)c1cc2c(cn1)C(=O)Nc1ccccc1C2(C)C	281.165	654	10.901	857343668764495120	857336455858769892	857336455858769891	11860	
1	1	-68.038	-1.050		1.000	26.449	C14H31N	[M + H]+	C14H32N+	PLZVEHJLHYMBBY	InChI=1S/C14H31N/c1-2-3-4-5-6-7-8-9-10-11-12-13-14-15/h2-15H2,1H3	Armeen 14	CCCCCCCCCCCCCCN	214.253	658	10.968	857343594772778144	857336455917490152	857336455917490151	11951	
1	1	-103.623	-0.075		0.941	22.837	C15H15NO	[M + H]+	C15H16NO+	CPKRCGUDZGKAPJ	InChI=1S/C15H15NO/c17-15(11-13-7-3-1-4-8-13)16-12-14-9-5-2-6-10-14/h1-10H,11-12H2,(H,16,17)	N-Benzyl-2-phenylacetamide	C1=CC=C(C=C1)CC(=O)NCC2=CC=CC=C2	226.123	658	10.974	857343587457911914	857336455972016108	857336455972016107	11873	
1	2	-246.082	-9.020		0.089	79.327	C32H35N5O4	[M + H]+	C32H36N5O4+	YQBOPVATAOAOSF	InChI=1S/C32H35N5O4/c1-2-7-23-10-12-25(13-11-23)21-29(37-22-35-32(37)33)31(40)36-28(20-24-14-16-26(38)17-15-24)30(39)34-18-6-19-41-27-8-4-3-5-9-27/h3-5,8-17,28-29,38H,6,18-22H2,1H3,(H2,33,35)(H,34,39)(H,36,40)		CC#Cc1ccc(CC(C(=O)NC(Cc2ccc(O)cc2)C(=O)NCCCOc2ccccc2)N2CNC2=N)cc1	554.275	659	10.991	857343672216407323	857336456026542064	857336456026542063	11984	
1	1	-208.187	-6.509		0.970	68.751	C19H22N2O6	[M + H]+	C19H23N2O6+	BPGGLMCOYYSHJA	InChI=1S/C19H22N2O6/c1-3-12-25-16-8-10-17(11-9-16)26-13-14(2)20-19(22)27-18-6-4-15(5-7-18)21(23)24/h4-11,14H,3,12-13H2,1-2H3,(H,20,22)		CCCOc1ccc(OCC(C)NC(=O)Oc2ccc([N+](=O)[O-])cc2)cc1	375.155	664	11.074	857343608337157339	857336456081068020	857336456081068019	12095	
1	1	-47.541	-5.182		0.680	33.670	C16H10N2O2	[M + H]+	C16H11N2O2+	COHYTHOBJLSHDF	InChI=1S/C16H10N2O2/c19-15-9-5-1-3-7-11(9)17-13(15)14-16(20)10-6-2-4-8-12(10)18-14/h1-8,17-18H	Indigo	C1=CC=C2C(=C1)C(=O)C(=C3C(=O)C4=CC=CC=C4N3)N2	263.082	665	11.077	857343602108615873	857336456135593976	857336456135593975	12114	
1	1	-87.550	-0.974		1.000	25.595	C13H29N	[M + H]+	C13H30N+	ABVVEAHYODGCLZ	InChI=1S/C13H29N/c1-2-3-4-5-6-7-8-9-10-11-12-13-14/h2-14H2,1H3	Tridecylamine	CCCCCCCCCCCCCN	200.237	666	11.099	857343594982493356	857336456194314236	857336456194314235	12136	
1	1	-72.847	-7.078		1.000	32.031	C14H31N	[M + H]+	C14H32N+	SKLXFEQHEBALKG	InChI=1S/C14H31N/c1-3-5-7-9-10-12-14-15-13-11-8-6-4-2/h15H,3-14H2,1-2H3	Hexyloctylamine	CCCCCCCCNCCCCCC	214.253	667	11.117	857343583242636352	857336456257228800	857336456257228799	12180	
1	1	-47.381	-5.890		1.000	21.613	C12H24O4	[M + H]+	C12H25O4+	DYKUWWLBZGMLFQ	InChI=1S/C12H24O4/c1-3-4-7-14-10-11-15-8-5-6-9-16-12(2)13/h3-11H2,1-2H3		CCCCOCCOCCCCOC(C)=O	233.175	668	11.129	857343601655631036	857336456315949060	857336456311754755	12203	
1	1	-78.562	-6.259		1.000	81.147	C10H18O2	[M + H]+	C10H19O2+	XZKZOAYDHBSAQW	InChI=1S/C10H18O2/c1-3-5-7-8-10(11)12-9-6-4-2/h5,7H,3-4,6,8-9H2,1-2H3	Butyl (3E)-hex-3-enoate	CCCCOC(=O)CC=CCC	171.138	668	11.130	857343591153093774	857336456374669320	857336456374669319	12200	
1	1	-54.310	-0.960		1.000	19.125	C16H35N	[M + H]+	C16H36N+	FJLUATLTXUNBOT	InChI=1S/C16H35N/c1-2-3-4-5-6-7-8-9-10-11-12-13-14-15-16-17/h2-17H2,1H3	Hexadecylamine	CCCCCCCCCCCCCCCCN	242.284	670	11.163	857343584467373141	857336456559218708	857336456555024403	12250	
1	1	-111.926	-6.190		1.000	87.701	C12H18O2	[M + H]+	C12H19O2+	BUFUUYDJEGQLAY	InChI=1S/C12H18O2/c1-6-9-8(2)11(13)14-10(9)7-12(3,4)5/h7H,6H2,1-5H3		CCC1=C(C)C(=O)OC1=CC(C)(C)C	195.138	671	11.175	857343593548041364	857336456617938968	857336456617938967	12272	
1	1	-48.944	-1.387		1.000	15.437	C14H31NO	[M + H]+	C14H32NO+	SYELZBGXAIXKHU	InChI=1S/C14H31NO/c1-4-5-6-7-8-9-10-11-12-13-14-15(2,3)16/h4-14H2,1-3H3	Admox 12	CCCCCCCCCCCC[N+](C)(C)[O-]	230.248	671	11.183	857343594101689502	857336456752156704	857336456752156703	12286	
1	1	-134.965	-3.957		1.000	54.432	C12H20O3	[M + H]+	C12H21O3+	LBNSYGBGOYPLRR	InChI=1S/C12H20O3/c1-11(2)5-8(9(13)6-11)12(3,4)7-10(14)15/h8H,5-7H2,1-4H3,(H,14,15)		CC1(C)CC(=O)C(C(C)(C)CC(=O)O)C1	213.149	671	11.184	857343889825287471	857336456819265572	857336456819265571	12273	
1	1	-79.413	-0.035		0.984	46.490	C15H15NO	[M + H]+	C15H16NO+	CPKRCGUDZGKAPJ	InChI=1S/C15H15NO/c17-15(11-13-7-3-1-4-8-13)16-12-14-9-5-2-6-10-14/h1-10H,11-12H2,(H,16,17)	N-Benzyl-2-phenylacetamide	C1=CC=C(C=C1)CC(=O)NCC2=CC=CC=C2	226.123	671	11.186	857344616857576984	857336456886374440	857336456882180135	12299	
1	1	-156.872	-5.921		1.000	57.554	C19H38N2O3	[M + H]+	C19H39N2O3+	ZOVXLDDMGDVNND	InChI=1S/C19H38N2O3/c1-3-4-5-6-7-8-9-10-11-12-14-18(22)20-15-13-16-21(2)17-19(23)24/h3-17H2,1-2H3,(H,20,22)(H,23,24)		CCCCCCCCCCCCC(=O)NCCCN(C)CC(=O)O	343.296	671	11.191	857344619042809436	857336456689242140	857336456689242139	12253	
1	1	-132.822	-12.298		1.000	71.071	C12H23NO	[M + H]+	C12H24NO+	IDTNAQMVZKYSBB	InChI=1S/C12H23NO/c1-2-5-11(6-3-1)13-12-7-4-9-14-10-8-12/h11-13H,1-10H2	N-cyclohexyloxepan-4-amine	C1CCC(CC1)NC2CCCOCC2	198.185	675	11.258	857344613871232306	857336456949289004	857336456949289003	12388	
1	6	-84.452	-6.824		0.013	17.446	C14H12F5N5	[M + H]+	C14H13F5N5+	XRFBDLVUIGRXEY	InChI=1S/C14H12F5N5/c1-7(2)10-4-11(14(17,18)19)21-12-3-9(22-24(10)12)8-5-20-23(6-8)13(15)16/h3-7,13H,1-2H3		CC(C)c1cc(C(F)(F)F)nc2cc(-c3cnn(C(F)F)c3)nn12	346.107	677	11.277	857344630052857537	857336457020592176	857336457016397871	12416	
1	1	-41.015	-1.040		1.000	22.424	C14H28O5	[M + H]+	C14H29O5+	JFSSGOJEDMVAIO	InChI=1S/C14H28O5/c1-3-4-5-6-7-16-8-9-17-10-11-18-12-13-19-14(2)15/h3-13H2,1-2H3	Triethylene glycol, hexyl ether, acetate	CCCCCCOCCOCCOCCOC(=O)C	277.201	677	11.282	857344620716336751	857336457142227000	857336457138032695	12433	
1	1	-65.419	-1.050		1.000	43.046	C14H31N	[M + H]+	C14H32N+	PLZVEHJLHYMBBY	InChI=1S/C14H31N/c1-2-3-4-5-6-7-8-9-10-11-12-13-14-15/h2-15H2,1H3	Armeen 14	CCCCCCCCCCCCCCN	214.253	677	11.287	857344612650689665	857336457200947260	857336457200947259	12429	
1	1	-79.941	-5.895		1.000	74.432	C10H18O2	[M + H]+	C10H19O2+	ILZDKSDOSVLILQ	InChI=1S/C10H18O2/c1-3-5-9(6-4-2)7-8-10(11)12/h7H,3-6,8H2,1-2H3,(H,11,12)	4-Propylhept-3-enoic acid	CCCC(=CCC(=O)O)CCC	171.138	677	11.288	857344613854455088	857336457263861824	857336457263861823	12469	
1	2	-136.573	-4.192		0.013	12.549	C17H22N2O2S	[M + Na]+	C17H22N2NaO2S+	MPKFIXIOIKCRGJ	InChI=1S/C17H22N2O2S/c20-15(10-5-6-10)18-9-13-12-3-1-2-4-14(12)22-17(13)19-16(21)11-7-8-11/h10-11H,1-9H2,(H,18,20)(H,19,21)		O=C(NCc1c(NC(=O)C2CC2)sc2c1CCCC2)C1CC1	341.128	677	11.289	857344634012280544	857336457322582084	857336457322582083	12449	
1	2	-128.615	-6.506		0.254	8.238	C13H26O4	[M + H]+	C13H27O4+	VIJZWTSRXJIOID	InChI=1S/C13H26O4/c1-2-3-4-5-6-7-8-9-11(13(16)17)10-12(14)15/h11,13,16-17H,2-10H2,1H3,(H,14,15)		CCCCCCCCCC(CC(=O)O)C(O)O	247.191	677	11.291	857344617767740994	857336457381302344	857336457377108039	12452	
1	1	-99.678	-7.138		0.979	43.628	C15H20N2O3	[M + H]+	C15H21N2O3+	PRJVYMLYROXOTB	InChI=1S/C15H20N2O3/c1-5-6-9-20-14(18)16-13-8-7-11(17-19)10-12(13)15(2,3)4/h7-8,10,17,19H,9H2,1-4H3,(H,16,18)		CC#CCOC(=O)Nc1ccc(NO)cc1C(C)(C)C	277.155	678	11.307	857344619638400613	857336457444216908	857336457444216907	12557	
1	1	-199.813	-6.656		1.000	102.493	C16H29NO3	[M + H]+	C16H30NO3+	SWSJWEMTBCZCFF	InChI=1S/C16H29NO3/c1-2-3-4-6-11-14(16(19)20)12-17-15(18)13-9-7-5-8-10-13/h13-14H,2-12H2,1H3,(H,17,18)(H,19,20)		CCCCCCC(CNC(=O)C1CCCCC1)C(=O)O	284.222	680	11.332	857344626303149727	857336457502937168	857336457498742863	12526	
1	1	-145.328	-5.921		1.000	44.516	C19H38N2O3	[M + H]+	C19H39N2O3+	ZOVXLDDMGDVNND	InChI=1S/C19H38N2O3/c1-3-4-5-6-7-8-9-10-11-12-14-18(22)20-15-13-16-21(2)17-19(23)24/h3-17H2,1-2H3,(H,20,22)(H,23,24)		CCCCCCCCCCCCC(=O)NCCCN(C)CC(=O)O	343.296	680	11.342	857344623161616003	857336457561657428	857336457561657427	12541	
1	1	-75.211	-6.933		1.000	98.912	C15H33N	[M + H]+	C15H34N+	KFOWGRPPAPLOIY	InChI=1S/C15H33N/c1-3-5-7-9-11-13-15(14-16)12-10-8-6-4-2/h15H,3-14,16H2,1-2H3	2-Hexylnonan-1-amine	CCCCCCCC(CCCCCC)CN	228.269	682	11.374	857344626743551657	857336457624571992	857336457624571991	12592	
1	1	-22.904	-1.056		1.000	23.050	C2H4O2	[M + K]+	C2H4KO2+	IEZWOVIWXFLQTP	InChI=1S/C2H4O2/c1-2-4-3/h2-3H,1H2	Oxidooxyethene	C=COO	98.984	686	11.434	857344623757207180	857336457683292252	857336457683292251	12700	
1	2	-92.549	-6.256		0.000	175.810	C13H25FO5	[M + H]+	C13H26FO5+	VYSIMAMQEXVBNR	InChI=1S/C13H25FO5/c1-6-16-11(15)13(14,19-9-4)10-12(5,17-7-2)18-8-3/h6-10H2,1-5H3		CCOC(=O)C(F)(CC(C)(OCC)OCC)OCC	281.175	688	11.460	857344709325203361	857336457742012512	857336457742012511	12730	
1	3	-198.572	-7.512		0.016	39.739	C18H34O5	[M + K]+	C18H34KO5+	GDFVNZFRJNJPTA	InChI=1S/C18H34O5/c1-5-7-9-11-13-18(22-15(3)19)23-17(20)14-16(21-4)12-10-8-6-2/h16,18H,5-14H2,1-4H3		CCCCCCC(OC(C)=O)OC(=O)CC(CCCCC)OC	369.202	688	11.465	857344632519108306	857336457800732772	857336457800732771	12740	
1	2	-97.933	-7.948		0.082	15.726	C8H13N4O4PS	[M + K]+	C8H13KN4O4PS+	DUKPUZFHFREELT	InChI=1S/C8H13N4O4PS/c1-3-14-17(13,18)15-4-7-12-8(9-5-10-12)11-6(2)16-7/h5,7H,3-4H2,1-2H3,(H,13,18)		CCOP(O)(=S)OCC1OC(C)=Nc2ncnn21	331.002	688	11.468	857344638860896019	857336457863647336	857336457863647335	12739	
1	2	-85.638	-1.437		0.499	91.006	C12H24O5	[M - H2O + H]+	C12H23O4+	PZMSNWUWKSGKEU	InChI=1S/C12H24O5/c13-11(14)9-7-5-3-1-2-4-6-8-10-12(15,16)17/h15-17H,1-10H2,(H,13,14)	Trihydroxydodecanoic acid	C(CCCCCC(O)(O)O)CCCCC(=O)O	231.159	689	11.476	857344627183953579	857336457922367596	857336457918173291	12752	
1	1	-112.178	-0.023		0.998	58.521	C15H15NO	[M + H]+	C15H16NO+	CPKRCGUDZGKAPJ	InChI=1S/C15H15NO/c17-15(11-13-7-3-1-4-8-13)16-12-14-9-5-2-6-10-14/h1-10H,11-12H2,(H,16,17)	N-Benzyl-2-phenylacetamide	C1=CC=C(C=C1)CC(=O)NCC2=CC=CC=C2	226.123	689	11.476	857344644963608381	857336457981087856	857336457981087855	12753	
1	1	-132.676	-7.318		0.962	28.657	C8H14N6O2	[M + H]+	C8H15N6O2+	SZGSNTHAGFRYNT	InChI=1S/C8H14N6O2/c1-3-5-10-7(9)12-8(11-6-4-2)13-14(15)16/h3-4H,1-2,5-6H2,(H4,9,10,11,12,13)		C=CCN=C(N)NC(=NCC=C)N[N+](=O)[O-]	227.126	689	11.477	857344652131673940	857336458044002420	857336458044002419	12770	
1	9	-70.126	-7.051		0.009	18.238	C5H15ClN2O8P2	[M + H]+	C5H16ClN2O8P2+	KFGAIDISSHIXIT	InChI=1S/C5H15ClN2O8P2/c6-5(4-16-18(11,12)13)3-8-17(9,10)15-2-1-14-7/h5H,1-4,7H2,(H2,8,9,10)(H2,11,12,13)		NOCCOP(=O)(O)NCC(Cl)COP(=O)(O)O	329.005	689	11.477	857344666476193670	857336458106916984	857336458106916983	12755	
1	4	-120.314	-8.022		0.001	72.122	C10H12FNO6	[M + H]+	C10H13FNO6+	HNQCNJKJENKXGH	InChI=1S/C10H12FNO6/c1-3-7(11)4-17-9(15)10(16)18-5-8(14)12-6(2)13/h3H,4-5H2,1-2H3,(H,12,13,14)		CC=C(F)COC(=O)C(=O)OCC(=O)NC(C)=O	262.074	689	11.478	857344641566222132	857336458165637244	857336458165637243	12772	
1	2	-28.292	-3.971		0.110	94.618	C16H10N2O2	[M + H]+	C16H11N2O2+	COHYTHOBJLSHDF	InChI=1S/C16H10N2O2/c19-15-9-5-1-3-7-11(9)17-13(15)14-16(20)10-6-2-4-8-12(10)18-14/h1-8,17-18H	Indigo	C1=CC=C2C(=C1)C(=O)C(=C3C(=O)C4=CC=CC=C4N3)N2	263.082	689	11.483	857344638252721929	857336458228551808	857336458224357503	12766	
1	4	-114.441	-5.975		0.021	13.925	C13H26Cl3NO2	[M + K]+	C13H26Cl3KNO2+	GMSZDPAAPFXUQL	InChI=1S/C13H26Cl3NO2/c1-2-3-4-7-10-17(13(15)18)11-8-5-6-9-12(14)16-19/h12,16,19H,2-11H2,1H3		CCCCCCN(CCCCCC(Cl)[ClH]O)C(=O)Cl	372.066	690	11.498	857344615452485134	857336458291466372	857336458291466371	12815	
1	1	-100.401	-8.573		0.974	50.589	C13H20N2O	[M + H]+	C13H21N2O+	VZEMEUZMGKZZKU	InChI=1S/C13H20N2O/c1-9(2)11(4)14-13(16)15-12-7-5-6-10(3)8-12/h5-9,11H,1-4H3,(H2,14,15,16)	1-(3-Methylbutan-2-yl)-3-(3-methylphenyl)urea	CC1=CC(=CC=C1)NC(=O)NC(C)C(C)C	221.165	690	11.500	857344641054517030	857336458345992328	857336458341798023	12808	
1	1	-107.726	-5.312		0.997	49.314	C15H20N2O3	[M + H]+	C15H21N2O3+	VAZVRJBPGVCUTF	InChI=1S/C15H20N2O3/c1-6-11-15(2,3)20-14(18)16-12-7-9-13(10-8-12)17(4)19-5/h7-10H,1-5H3,(H,16,18)		CC#CC(C)(C)OC(=O)Nc1ccc(N(C)OC)cc1	277.155	690	11.504	857344634775643891	857336458404712588	857336458404712587	12823	
1	8	-92.047	-6.937		0.048	15.855	C14H12F5N5	[M + H]+	C14H13F5N5+	VDLXIIUIWIRDGX	InChI=1S/C14H12F5N5/c1-7(2)10-3-11(14(17,18)19)24-12(22-10)9(5-21-24)8-4-20-23(6-8)13(15)16/h3-7,13H,1-2H3		CC(C)c1cc(C(F)(F)F)n2ncc(-c3cnn(C(F)F)c3)c2n1	346.107	690	11.505	857344637304809220	857336458459238544	857336458455044239	12831	
1	1	-41.114	-5.886		0.906	28.834	C9H18Cl3O4P	[M + H]+	C9H19Cl3O4P+	WOURXYYHORRGQO	InChI=1S/C9H18Cl3O4P/c10-4-1-7-14-17(13,15-8-2-5-11)16-9-3-6-12/h1-9H2	Tris(3-chloropropyl)phosphate	C(COP(=O)(OCCCCl)OCCCCl)CCl	327.008	690	11.506	857344621446145657	857336458517958804	857336458517958803	12809	
1	4	-141.237	-7.096		0.214	30.211	C12H22N4O4S	[M + Na]+	C12H22N4NaO4S+	JXOLADGHSXGNIQ	InChI=1S/C12H22N4O4S/c17-11(15-16-12(18)14-8-9-2-3-9)13-6-1-7-21(19,20)10-4-5-10/h9-10H,1-8H2,(H2,13,15,17)(H2,14,16,18)		O=C(NCCCS(=O)(=O)C1CC1)NNC(=O)NCC1CC1	341.128	690	11.506	857344678614509451	857336458585067672	857336458580873367	12819	
1	1	-134.866	-3.300		0.924	17.102	C13H26O4	[M + H]+	C13H27O4+	AMBZCNPVQNGIOD	InChI=1S/C13H26O4/c1-2-3-4-5-6-7-8-9-10-12(17-16)11-13(14)15/h12,16H,2-11H2,1H3,(H,14,15)		CCCCCCCCCCC(CC(=O)O)OO	247.190	691	11.510	857344639825585949	857336458643787932	857336458639593627	12827	
1	1	-168.632	-6.062		1.000	114.079	C16H29NO3	[M + H]+	C16H30NO3+	WYWPQHBPSQNTDC	InChI=1S/C16H29NO3/c1-12(8-6-7-9-13(2)16(19)20)15(18)17-14-10-4-3-5-11-14/h12-14H,3-11H2,1-2H3,(H,17,18)(H,19,20)		CC(CCCCC(C)C(=O)NC1CCCCC1)C(=O)O	284.222	691	11.514	857344662789400436	857336458698313888	857336458698313887	12840	
1	1	-142.201	-3.846		0.858	26.478	C11H11ClO8	[M + Na]+	C11H11ClNaO8+	MWXKBGARTSTUGA	InChI=1S/C11H11ClO8/c1-3(2-13)20-11(19)5-4(10(17)18)8(15)9(16)6(12)7(5)14/h3,13-16H,2H2,1H3,(H,17,18)		CC(CO)OC(=O)c1c(O)c(Cl)c(O)c(O)c1C(=O)O	329.005	693	11.549	857344679835051925	857336458887057580	857336458887057579	12868	
1	1	-60.261	-3.922		0.988	28.477	C16H17NO	[M + H]+	C16H18NO+	JJGMIJNIKHHXHK	InChI=1S/C16H17NO/c1-14(18)17(12-15-8-4-2-5-9-15)13-16-10-6-3-7-11-16/h2-11H,12-13H2,1H3	N,N-Dibenzylacetamide	CC(=O)N(CC1=CC=CC=C1)CC2=CC=CC=C2	240.138	695	11.578	857344649803835209	857336458941583536	857336458937389231	12947	
1	2	-59.846	-6.961		0.024	21.135	C17H8O5	[M + K]+	C17H8KO5+	WWOCWSSSEJBDJK	InChI=1S/C17H8O5/c18-7-9-8-21-17-11(15(9)19)5-6-13-14(17)16(20)10-3-1-2-4-12(10)22-13/h1-8H		O=Cc1coc2c(ccc3oc4ccccc4c(=O)c32)c1=O	331.002	695	11.588	857344656875431776	857336459004498100	857336459004498099	12968	
1	3	-116.478	-6.269		0.010	16.771	C8H12ClFO9	[M + Na]+	C8H12ClFNaO9+	PJHVIBVJUJQSNJ	InChI=1S/C8H12ClFO9/c9-7(18-1-2(11)12)5(15)3(13)4(14)6(16)8(17)19-10/h3-7,13-16H,1H2,(H,11,12)		O=C(O)COC(Cl)C(O)C(O)C(O)C(O)C(=O)OF	329.005	698	11.630	857344623962728087	857336459067412664	857336459067412663	13035	
1	1	-41.223	-5.886		0.607	22.848	C9H18Cl3O4P	[M + H]+	C9H19Cl3O4P+	WOURXYYHORRGQO	InChI=1S/C9H18Cl3O4P/c10-4-1-7-14-17(13,15-8-2-5-11)16-9-3-6-12/h1-9H2	Tris(3-chloropropyl)phosphate	C(COP(=O)(OCCCCl)OCCCCl)CCl	327.008	698	11.632	857345073797638060	857336459134521532	857336459134521531	13034	
1	1	-159.495	-6.829		1.000	56.054	C17H26O5	[M + H]+	C17H27O5+	OXZHXRFXSMMRNN	InChI=1S/C17H26O5/c1-5-6-7-8-9-21-15(18)11-14(4)12-17(20)22-16(19)10-13(2)3/h13-14H,5-6,9-12H2,1-4H3		CCCC#CCOC(=O)CC(C)CC(=O)OC(=O)CC(C)C	311.185	699	11.647	857344658578319210	857336459197436096	857336459197436095	12987	
1	1	-70.414	-1.855		1.000	36.158	C13H26N2O	[M + H]+	C13H27N2O+	QZDGGCAVTQECFB	InChI=1S/C13H26N2O/c1-2-3-4-8-11-14-13(16)15-12-9-6-5-7-10-12/h12H,2-11H2,1H3,(H2,14,15,16)	1-Cyclohexyl-3-hexylurea	CCCCCCNC(=O)NC1CCCCC1	227.212	699	11.649	857344758083987370	857336459256156356	857336459256156355	13066	
1	10	-185.537	-6.708		0.008	7.177	C15H16ClN5O2	[M + K]+	C15H16ClKN5O2+	RDJMAOYIUQTWDE	InChI=1S/C15H16ClN5O2/c1-3-22-21(23-4-2)15-13-9-19-20(14(13)17-10-18-15)12-7-5-11(16)6-8-12/h5-10H,3-4H2,1-2H3		CCON(OCC)c1ncnc2c1cnn2-c1ccc(Cl)cc1	372.066	699	11.658	857345395018411038	857336459319070920	857336459319070919	13092	
1	1	-50.763	-7.439		0.426	15.193	C5H8O10	[M + Na]+	C5H8NaO10+	XOCUGDVGSQVKOX	InChI=1S/C5H8O10/c6-1(2(7)4(9)13-11)3(8)5(10)14-15-12/h1-3,6-8,11-12H		O=C(OO)C(O)C(O)C(O)C(=O)OOO	251.000	700	11.660	857345390094297882	857336459377791180	857336459377791179	13095	
1	1	-72.052	-6.373		1.000	28.571	C16H35N	[M + H]+	C16H36N+	BIQZXMMUGUJHNJ	InChI=1S/C16H35N/c1-4-7-10-12-15-17(14-9-6-3)16-13-11-8-5-2/h4-16H2,1-3H3	Butyl(dihexyl)azanium	CCCCCCN(CCCC)CCCCCC	242.284	701	11.677	857345387003095824	857336459436511440	857336459436511439	13109	
1	1	-23.440	-0.952		1.000	22.790	C2H4O2	[M + K]+	C2H4KO2+	IEZWOVIWXFLQTP	InChI=1S/C2H4O2/c1-2-4-3/h2-3H,1H2	Oxidooxyethene	C=COO	98.984	703	11.710	857345387409943313	857336459499426004	857336459499426003	13136	
1	1	-170.736	-6.636		1.000	164.710	C16H29NO3	[M + H]+	C16H30NO3+	WTGDMWPFDPMVIC	InChI=1S/C16H29NO3/c1-17(19)16(10-6-3-7-11-16)13-20-15(18)12-14-8-4-2-5-9-14/h14,19H,2-13H2,1H3		CN(O)C1(COC(=O)CC2CCCCC2)CCCCC1	284.222	705	11.750	857345406447889516	857336459612672220	857336459612672219	13198	
1	2	-165.487	-9.759		0.018	11.226	C14H35N7O2	[M + H]+	C14H36N7O2+	YUOQHGOGJOXMLY	InChI=1S/C14H35N7O2/c15-14(16)20(10-11-21(17)18)9-2-1-6-19(8-5-13-23)7-3-4-12-22/h22-23H,1-13,17-18H2,(H3,15,16)		N=C(N)N(CCCCN(CCCO)CCCCO)CCN(N)N	334.295	708	11.802	857345424256904323	857336459721724132	857336459721724131	13311	
1	1	-177.548	-6.598		0.980	16.467	C16H32O4	[M + H3N + H]+	C16H36NO4+	GUISBSARJMDNHF	InChI=1S/C16H32O4/c1-15(17)20-14-12-10-8-6-4-5-7-9-11-13-16(18-2)19-3/h16H,4-14H2,1-3H3	12-Acetoxydodecanal dimethyl acetal	CC(=O)OCCCCCCCCCCCC(OC)OC	306.264	708	11.803	857345558222983112	857336459776250088	857336459776250087	13307	
1	2	-95.171	-5.903		0.000	99.955	C14H27FO6	[M + H]+	C14H28FO6+	CSLSFDPIUBDXBZ	InChI=1S/C14H27FO6/c1-6-8-10-20-12(16)13(15,21-11-9-7-2)14(17-3,18-4)19-5/h6-11H2,1-5H3		CCCCOC(=O)C(F)(OCCCC)C(OC)(OC)OC	311.185	709	11.810	857345574308138987	857336459893690608	857336459889496303	13331	
1	1	-195.678	-7.021		1.000	60.352	C14H22O3	[M + H]+	C14H23O3+	NSUDUETXXMGJFT	InChI=1S/C14H22O3/c1-5-6-17-14(16)13(9(2)3)12(15)8-11-7-10(11)4/h5,9-11,13H,1,6-8H2,2-4H3		C=CCOC(=O)C(C(=O)CC1CC1C)C(C)C	239.164	710	11.838	857345558965374929	857336459956605172	857336459952410867	13368	
1	1	-112.777	-7.018		0.999	141.290	C15H20N2O3	[M + H]+	C15H21N2O3+	LBOCBRHXCCQXFG	InChI=1S/C15H20N2O3/c1-15(2,3)11-8-10(14(19)17-20)6-7-12(11)16-13(18)9-4-5-9/h6-9,20H,4-5H2,1-3H3,(H,16,18)(H,17,19)		CC(C)(C)c1cc(C(=O)NO)ccc1NC(=O)C1CC1	277.155	711	11.857	857345592662413329	857336460011131128	857336460011131127	13383	
1	1	-150.869	-7.298		0.998	51.673	C15H24O4	[M + H3N + H]+	C15H28NO4+	XHDNLPONCOKBOP	InChI=1S/C15H24O4/c1-15(2,7-13(16)18-9-11-3-4-11)8-14(17)19-10-12-5-6-12/h11-12H,3-10H2,1-2H3		CC(C)(CC(=O)OCC1CC1)CC(=O)OCC1CC1	286.201	712	11.863	857345562358566876	857336460061462780	857336460061462779	13420	
1	5	-148.300	-9.848		0.009	40.307	C29H29N5O2	[M + H]+	C29H30N5O2+	LIJRDMDIRZNQJE	InChI=1S/C29H29N5O2/c1-2-30-29-33-26-17-19-32-28(31-18-16-21-8-12-23(35)13-9-21)27(26)34(29)20-22-10-14-25(15-11-22)36-24-6-4-3-5-7-24/h3-15,17,19,35H,2,16,18,20H2,1H3,(H,30,33)(H,31,32)		CCNc1nc2ccnc(NCCc3ccc(O)cc3)c2n1Cc1ccc(Oc2ccccc2)cc1	480.238	712	11.864	857345578036875256	857336460115988736	857336460115988735	13394	
1	1	-70.026	-5.989		1.000	109.784	C9H12O2	[M + H]+	C9H13O2+	GOYGLNCNYHENPZ	InChI=1S/C9H12O2/c1-5(2)8-6(3)7(4)9(10)11-8/h1-4H3	3,4-Dimethyl-5-propan-2-ylidenefuran-2-one	CC1=C(C(=O)OC1=C(C)C)C	153.091	712	11.871	857345591659974663	857336460170514692	857336460170514691	13413	
1	1	-149.340	-6.454		1.000	114.183	C15H24O4	[M + H]+	C15H25O4+	SIFWKVIVGQWPQH	InChI=1S/C15H24O4/c1-3-9-18-14(16)13(15(17)19-10-4-2)11-12-7-5-6-8-12/h7,13H,3-6,8-11H2,1-2H3		CCCOC(=O)C(CC1=CCCC1)C(=O)OCCC	269.175	713	11.890	857345596265320475	857336460225040648	857336460225040647	13419	
1	1	-132.290	-8.152		1.000	31.124	C10H20N4O2	[M + Na]+	C10H20N4NaO2+	WRQQHZFMXHVYGF	InChI=1S/C10H20N4O2/c1-7(2)9-12-13(5-6-16-11)10(15)14(9)8(3)4/h7-8H,5-6,11H2,1-4H3		CC(C)c1nn(CCON)c(=O)n1C(C)C	251.146	717	11.951	857345626283954223	857336460283760908	857336460283760907	13485	
1	2	-99.661	-6.942		0.000	138.076	C14H27FO6	[M + H]+	C14H28FO6+	CDIBDSMYDWEASB	InChI=1S/C14H27FO6/c1-4-6-7-18-8-9-19-10-11-20-13(16)12-14(15,17-3)21-5-2/h4-12H2,1-3H3		CCCCOCCOCCOC(=O)CC(F)(OC)OCC	311.185	721	12.025	857345715719098938	857336460342481168	857336460342481167	13542	
1	7	-81.220	-8.949		0.054	17.242	C7H9N5O7S	[M + Na]+	C7H9N5NaO7S+	QZYWYULBNFVELS	InChI=1S/C7H9N5O7S/c1-3(12(16)17)2-4-9-5(6(13)11(4)15)20(18,19)10-7(8)14/h2,13,15H,1H3,(H3,8,10,14)		CC(=Cc1nc(S(=O)(=O)NC(N)=O)c(O)n1O)[N+](=O)[O-]	330.008	722	12.027	857345862515554857	857336460472504600	857336460472504599	13554	
1	6	-71.213	-5.487		0.062	20.506	C6H14ClO11P	[M + H]+	C6H15ClO11P+	JYZQUCNQPPOTCG	InChI=1S/C6H14ClO11P/c7-17-5(12)3(10)1(8)2(9)4(11)6(13)18-19(14,15)16/h1-6,8-13H,(H2,14,15,16)		O=P(O)(O)OC(O)C(O)C(O)C(O)C(O)C(O)OCl	329.005	722	12.028	857345911089805015	857336460539613468	857336460539613467	13557	
1	2	-41.224	-5.886		0.484	22.534	C9H18Cl3O4P	[M + H]+	C9H19Cl3O4P+	WOURXYYHORRGQO	InChI=1S/C9H18Cl3O4P/c10-4-1-7-14-17(13,15-8-2-5-11)16-9-3-6-12/h1-9H2	Tris(3-chloropropyl)phosphate	C(COP(=O)(OCCCCl)OCCCCl)CCl	327.008	722	12.028	857345924838736942	857336460606722336	857336460606722335	13556	
1	10	-73.866	-6.830		0.012	14.454	C12H11O7PS	[M + H]+	C12H12O7PS+	VRKNDCUFLGEGAY	InChI=1S/C12H11O7PS/c13-19-20(14,17-11-7-3-1-4-8-11)21(15,16)18-12-9-5-2-6-10-12/h1-10,13H		O=P(OO)(Oc1ccccc1)S(=O)(=O)Oc1ccccc1	331.002	722	12.029	857345926872974437	857336460678025508	857336460678025507	13560	
1	1	-26.579	-2.240		0.999	36.894	C4H9O3P	[M + K]+	C4H9KO3P+	WDYADVAIJGHVNJ	InChI=1S/C4H9O3P/c1-3-4(2)8(5,6)7/h3-4H,1H2,2H3,(H2,5,6,7)	But-3-en-2-yl-dioxido-oxo-lambda5-phosphane	CC(C=C)P(=O)(O)O	174.992	722	12.029	857345934624048300	857336460736745768	857336460736745767	13567	
1	1	-40.655	-5.774		0.873	28.702	C6H13Cl2O4P	[M + H]+	C6H14Cl2O4P+	AHBHVEFMFBEWEK	InChI=1S/C6H13Cl2O4P/c1-3-10-13(9,11-4-2)12-5-6(7)8/h6H,3-5H2,1-2H3	2,2-Dichloroethyl diethyl phosphate	CCOP(=O)(OCC)OCC(Cl)Cl	251.000	722	12.030	857345925035869239	857336460799660332	857336460799660331	13564	
1	3	-54.749	-5.323		0.187	24.602	C5H10O9	[M + K]+	C5H10KO9+	AHCLIOGOLWWWEI	InChI=1S/C5H10O9/c6-1(2(7)8)4(10,11)3(9)5(12,13)14/h1,3,6,9-14H,(H,7,8)		O=C(O)C(O)C(O)(O)C(O)C(O)(O)O	252.997	722	12.030	857345931599955065	857336460866769200	857336460866769199	13559	
1	1	-21.253	-1.645		1.000	26.047	C2H4O2	[M + K]+	C2H4KO2+	IEZWOVIWXFLQTP	InChI=1S/C2H4O2/c1-2-4-3/h2-3H,1H2	Oxidooxyethene	C=COO	98.984	722	12.031	857345925153309761	857336460980015416	857336460980015415	13561	
1	4	-102.538	-8.416		0.028	14.372	C11H21N3O5P2	[M + K]+	C11H21KN3O5P2+	UPGFYNPSCDBICE	InChI=1S/C11H21N3O5P2/c1-10(2)8-13(10)20(15,14-9-11(14,3)4)19-21(16,17)18-7-5-6-12/h5,7-9H2,1-4H3,(H,16,17)		CC1(C)CN1P(=O)(OP(=O)(O)OCCC#N)N1CC1(C)C	376.060	722	12.032	857345938805769409	857336461042929980	857336461038735675	13570	
1	10	-81.348	-6.878		0.028	17.159	C7H15NO9S	[M + K]+	C7H15KNO9S+	ZZTDUEJQXXUFSO	InChI=1S/C7H15NO9S/c8-17-7-4(2-15-18(12,13)14)16-3(1-9)5(10)6(7)11/h3-7,9-11H,1-2,8H2,(H,12,13,14)		NOC1C(COS(=O)(=O)O)OC(CO)C(O)C1O	328.011	722	12.032	857345941305574614	857336461105844544	857336461105844543	13535	
1	2	-83.726	-4.842		0.090	13.487	C11H19N3O6P2	[M + Na]+	C11H19N3NaO6P2+	MBDNABDPSVYPOG	InChI=1S/C11H19N3O6P2/c1-21(2)8-5-10(14-4-3-9(12)13-11(14)15)20-7(8)6-19-22(16,17)18/h3-4,7-8,10,21H,1,5-6H2,2H3,(H2,12,13,15)(H2,16,17,18)		C=[PH](C)C1CC(n2ccc(N)nc2=O)OC1COP(=O)(O)O	374.063	722	12.033	857345970321769853	857336461164564804	857336461164564803	13573	
1	4	-114.137	-5.777		0.014	21.431	C13H26Cl3NO2	[M + K]+	C13H26Cl3KNO2+	GMSZDPAAPFXUQL	InChI=1S/C13H26Cl3NO2/c1-2-3-4-7-10-17(13(15)18)11-8-5-6-9-12(14)16-19/h12,16,19H,2-11H2,1H3		CCCCCCN(CCCCCC(Cl)[ClH]O)C(=O)Cl	372.066	722	12.034	857345934376584357	857336461231673672	857336461231673671	13578	
1	1	-79.061	-9.570		0.938	41.425	C8H14N4O8S2	[M + Na]+	C8H14N4NaO8S2+	LAFVBFIKFPIUFY	InChI=1S/C8H14N4O8S2/c13-3-5(10-16)4-21(17,18)11-7(14)9-8(15)12-22(19,20)6-1-2-6/h6,13,16H,1-4H2,(H3,9,11,12,14,15)		O=C(NC(=O)NS(=O)(=O)C1CC1)NS(=O)(=O)CC(CO)=NO	381.018	725	12.083	857346018694677904	857336461294588236	857336461294588235	13639	
1	1	-146.644	-7.868		1.000	37.747	C12H25NO	[M + H]+	C12H26NO+	SIMTXFOEYKYLRD	InChI=1S/C12H25NO/c1-2-3-4-5-6-7-8-9-10-11-13-12-14/h12H,2-11H2,1H3,(H,13,14)	n-Undecylformamide	CCCCCCCCCCCNC=O	200.201	726	12.104	857345929469248629	857336461353308496	857336461349114191	13674	
1	1	-178.053	-7.537		1.000	94.528	C16H31NO3	[M + H]+	C16H32NO3+	DUNKLNRRHSWCSR	InChI=1S/C16H31NO3/c1-4-5-6-7-8-9-10-11-14(12-15(18)19)16(20)17-13(2)3/h13-14H,4-12H2,1-3H3,(H,17,20)(H,18,19)		CCCCCCCCCC(CC(=O)O)C(=O)NC(C)C	286.238	727	12.111	857345943998317817	857336461407834452	857336461407834451	13649	
1	5	-64.623	-8.028		0.000	79.671	C15H25O2P	[M + H]+	C15H26O2P+	MKHFWJMIXFOHEF	InChI=1S/C15H25O2P/c1-3-4-11-14-18(2,17)15-12-9-7-5-6-8-10-13-16/h16H,3-4,7-9,11-12,14-15H2,1-2H3		CCCCCP(C)(=O)CCCCC#CCC#CO	269.165	733	12.224	857345941825668316	857336461462360408	857336461462360407	13778	
1	3	-88.726	-4.689		0.333	108.274	C14H28O3	[M + C2H3N + H]+	C16H32NO3+	KLUAWLMKSUWTSZ	InChI=1S/C14H28O3/c1-3-4-5-8-11-16-12-9-6-7-10-13-17-14(2)15/h3-13H2,1-2H3		CCCCCCOCCCCCCOC(C)=O	286.238	734	12.227	857345946036749586	857336461521080668	857336461521080667	13786	
1	3	-179.364	-8.264		0.027	18.507	C15H24FN5O3	[M + H]+	C15H25FN5O3+	LYMBNGQDINIGHG	InChI=1S/C15H24FN5O3/c1-5-15(4,16)10-8-9-12(22)17-14-18-20-21(19-14)11-13(23-6-2)24-7-3/h13H,5-7,9,11H2,1-4H3,(H,17,19,22)		CCOC(Cn1nnc(NC(=O)CC#CC(C)(F)CC)n1)OCC	342.191	738	12.295	857345925954421843	857336461575606624	857336461575606623	13877	
1	1	-67.064	-0.887		1.000	69.593	C12H23NO	[M + H]+	C12H24NO+	WPPOGHDFAVQKLN	InChI=1S/C12H23NO/c1-2-3-4-5-6-7-10-13-11-8-9-12(13)14/h2-11H2,1H3	N-Octylpyrrolidone	CCCCCCCCN1CCCC1=O	198.185	740	12.339	857345927988659302	857336461634326884	857336461630132579	13937	
1	1	-202.515	-7.628		1.000	129.595	C17H31NO4	[M + H]+	C17H32NO4+	HMGXWDIGZMKHIH	InChI=1S/C17H31NO4/c19-15(20)11-7-3-6-10-14-17(16(21)18-22)12-8-4-1-2-5-9-13-17/h22H,1-14H2,(H,18,21)(H,19,20)		O=C(O)CCCCCCC1(C(=O)NO)CCCCCCCC1	314.233	741	12.342	857345968052651378	857336461693047144	857336461688852839	13942	
1	1	-76.517	-6.259		1.000	89.790	C12H20O2	[M + H]+	C12H21O2+	XUMRERXKPPIKBE	InChI=1S/C12H20O2/c1-5-8-9-10(4)11(6-2)12(13)14-7-3/h5-6,10-11H,1-2,7-9H2,3-4H3		C=CCCC(C)C(C=C)C(=O)OCC	197.154	741	12.350	857345928185791592	857336461911150956	857336461911150955	13949	
1	1	-237.993	-7.187		1.000	42.313	C16H24O4	[M + H]+	C16H25O4+	WYQUWHCGMAUKLS	InChI=1S/C16H24O4/c1-12(2)10-13(17)19-16(8-6-7-9-16)20-14(18)11-15(3,4)5/h6-9,12H,10-11H2,1-5H3		CC(C)CC(=O)OC1(OC(=O)CC(C)(C)C)C=CC=C1	281.175	743	12.385	857345933969736856	857336461965676912	857336461965676911	13995	
1	1	-219.340	-7.572		1.000	154.952	C16H31NO3	[M + H]+	C16H32NO3+	FBPLFVCGGDXSPJ	InChI=1S/C16H31NO3/c1-3-4-5-6-7-8-11-14(16(20)17-2)12-9-10-13-15(18)19/h14H,3-13H2,1-2H3,(H,17,20)(H,18,19)		CCCCCCCCC(CCCCC(=O)O)C(=O)NC	286.238	745	12.409	857345928714273901	857336462024397172	857336462024397171	14057	
1	1	-293.105	-5.372		0.981	20.696	C18H38N2O3	[M + H]+	C18H39N2O3+	BLFYKBVPAYYHJC	InChI=1S/C18H38N2O3/c1-2-3-4-5-6-7-10-13-16-19-17(21)14-11-8-9-12-15-18(22)20-23/h18,20,22-23H,2-16H2,1H3,(H,19,21)		CCCCCCCCCCNC(=O)CCCCCCC(O)NO	331.296	745	12.421	857345938675745975	857336462078923128	857336462078923127	14062	
1	1	-35.496	-0.714		1.000	63.649	C12H23NO	[M + H]+	C12H24NO+	WPPOGHDFAVQKLN	InChI=1S/C12H23NO/c1-2-3-4-5-6-7-10-13-11-8-9-12(13)14/h2-11H2,1H3	N-Octylpyrrolidone	CCCCCCCCN1CCCC1=O	198.185	749	12.490	857345946460374306	857336462129254780	857336462129254779	14132	
1	1	-109.975	-6.525		0.980	48.226	C16H22N2O2	[M + H]+	C16H23N2O2+	XJOMFJFTJFYBGW	InChI=1S/C16H22N2O2/c1-3-5-7-12-17-14(8-6-4-2)11-13-18-15(19)9-10-16(18)20/h6,8-11,13H,3-5,7,12H2,1-2H3		CCC=CC(C=CN1C(=O)C=CC1=O)=NCCCCC	275.175	750	12.502	857345942236710114	857336462179586432	857336462179586431	14149	
1	1	-164.586	-10.851		1.000	36.517	C13H25NO	[M + H]+	C13H26NO+	XKRKXXHGFFLXKL	InChI=1S/C13H25NO/c1-2-6-12(7-3-1)14-13-8-4-5-10-15-11-9-13/h12-14H,1-11H2		C1CCC(NC2CCCCOCC2)CC1	212.201	752	12.527	857345925262361674	857336462234112388	857336462234112387	14214	
1	1	-130.983	-6.037		0.999	49.681	C16H16OS	[M + H]+	C16H17OS+	GGQQVZVUEXWHKO	InChI=1S/C16H16OS/c1-13(14-9-5-3-6-10-14)16(17-2)18-15-11-7-4-8-12-15/h3-12H,1-2H3	[(E)-1-methoxy-2-phenylprop-1-enyl]sulfanylbenzene	CC(=C(OC)SC1=CC=CC=C1)C2=CC=CC=C2	257.099	753	12.546	857345954681210180	857336462288638344	857336462288638343	14235	
1	1	-94.844	-8.771		1.000	76.833	C17H24O6	[M + H3N + H]+	C17H28NO6+	RGWPWNNMQLIWKM	InChI=1S/C17H24O6/c1-8(2)13-15(23-17(21)9(3)4)12(7-18)10(5)14(20)16(13)22-11(6)19/h8,13,15-16,18H,3,7H2,1-2,4-6H3		C=C(C)C(=O)OC1C(CO)=C(C)C(=O)C(OC(C)=O)C1C(C)C	342.191	754	12.567	857345944765875457	857336462397690256	857336462397690255	14271	
1	1	-119.386	-8.461		1.000	112.744	C16H24O4	[M + H]+	C16H25O4+	DXYGUVXJQAAAJP	InChI=1S/C16H24O4/c1-9(2)6-13(18)16(15-11(5)8-12(15)17)20-14(19)7-10(3)4/h9-11H,6-8H2,1-5H3		CC(C)CC(=O)OC(C(=O)CC(C)C)=C1C(=O)CC1C	281.175	754	12.574	857345946561037604	857336462456410516	857336462456410515	14279	
1	1	-30.980	-0.013		1.000	27.545	C13H23NO	[M + H]+	C13H24NO+	IUTRXWNRCBITFD	InChI=1S/C13H23NO/c15-13(11-7-3-1-4-8-11)14-12-9-5-2-6-10-12/h11-12H,1-10H2,(H,14,15)	N-cyclohexylcyclohexanecarboxamide	C1CCC(CC1)C(=O)NC2CCCCC2	210.185	755	12.583	857345925690180686	857336462523519384	857336462523519383	14310	
1	1	-67.146	-6.933		1.000	102.082	C15H33N	[M + H]+	C15H34N+	KFOWGRPPAPLOIY	InChI=1S/C15H33N/c1-3-5-7-9-11-13-15(14-16)12-10-8-6-4-2/h15H,3-14,16H2,1-2H3	2-Hexylnonan-1-amine	CCCCCCCC(CCCCCC)CN	228.269	756	12.598	857345923723052076	857336462578045340	857336462573851035	14316	
1	1	-66.123	-0.679		1.000	87.478	C12H23NO	[M + H]+	C12H24NO+	WPPOGHDFAVQKLN	InChI=1S/C12H23NO/c1-2-3-4-5-6-7-10-13-11-8-9-12(13)14/h2-11H2,1H3	N-Octylpyrrolidone	CCCCCCCCN1CCCC1=O	198.185	761	12.689	857345939543966921	857336462640959904	857336462636765599	14414	
1	1	-58.405	-0.680		0.652	39.023	C12H10N2O2	[M + H]+	C12H11N2O2+	XXYMSQQCBUKFHE	InChI=1S/C12H10N2O2/c15-14(16)12-8-6-11(7-9-12)13-10-4-2-1-3-5-10/h1-9,13H	Oprea1_074824	C1=CC=C(C=C1)NC2=CC=C(C=C2)[N+](=O)[O-]	215.082	762	12.697	857345943251731694	857336462695485860	857336462695485859	14431	
1	1	-107.379	-6.537		1.000	168.981	C14H26O2	[M + H]+	C14H27O2+	UALLEVOWZSSBMN	InChI=1S/C14H26O2/c1-4-16-11-6-5-8-13(2)9-7-10-14(3)12-15/h4,12-14H,1,5-11H2,2-3H3		C=COCCCCC(C)CCCC(C)C=O	227.201	765	12.756	857345940449936587	857336462758400424	857336462754206119	14550	
1	1	-103.744	-4.482		0.991	73.433	C16H22N2O2	[M + H]+	C16H23N2O2+	RDRGEBTUKMHOOM	InChI=1S/C16H22N2O2/c1-2-3-4-8-13-17-15(19)11-12-16(20)18-14-9-6-5-7-10-14/h5-7,9-12H,2-4,8,13H2,1H3,(H,17,19)(H,18,20)		CCCCCCNC(=O)C=CC(=O)Nc1ccccc1	275.175	766	12.759	857345958162482525	857336462880035248	857336462875840943	14557	
1	1	-57.046	-0.035		0.995	68.641	C10H15NO2	[M + H]+	C10H16NO2+	FBPVUBVZRPURIU	InChI=1S/C10H15NO2/c1-2-3-4-5-8-11-9(12)6-7-10(11)13/h6-7H,2-5,8H2,1H3	1-Hexylpyrrole-2,5-dione	CCCCCCN1C(=O)C=CC1=O	182.118	766	12.761	857345949576742201	857336462934561204	857336462934561203	14559	
1	1	-42.033	-0.961		1.000	11.190	C16H35N	[M + H]+	C16H36N+	FJLUATLTXUNBOT	InChI=1S/C16H35N/c1-2-3-4-5-6-7-8-9-10-11-12-13-14-15-16-17/h2-17H2,1H3	Hexadecylamine	CCCCCCCCCCCCCCCCN	242.284	767	12.785	857345947185988920	857336462989087160	857336462989087159	14592	
1	1	-29.047	-0.041		1.000	26.264	C13H23NO	[M + H]+	C13H24NO+	IUTRXWNRCBITFD	InChI=1S/C13H23NO/c15-13(11-7-3-1-4-8-11)14-12-9-5-2-6-10-12/h11-12H,1-10H2,(H,14,15)	N-cyclohexylcyclohexanecarboxamide	C1CCC(CC1)C(=O)NC2CCCCC2	210.185	771	12.854	857345955629122894	857336463039418812	857336463039418811	14675	
1	1	-142.520	-5.560		0.998	176.973	C12H14N2O2	[M + H]+	C12H15N2O2+	HNOOUUOYXVYFDY	InChI=1S/C12H14N2O2/c1-4-10-7-11(14(15)16)5-6-12(10)13-8-9(2)3/h4-9H,1H2,2-3H3		C=Cc1cc([N+](=O)[O-])ccc1N=CC(C)C	219.113	774	12.906	857345970825086342	857336463093944768	857336463093944767	14761	
1	1	-142.891	-6.559		1.000	23.396	C13H27NO2	[M + H]+	C13H28NO2+	VEARKSCTXOUQED	InChI=1S/C13H27NO2/c1-4-5-6-7-8-9-11-16-12-10-14(3)13(2)15/h4-12H2,1-3H3		CCCCCCCCOCCN(C)C(C)=O	230.212	775	12.912	857345925560157260	857336463144276420	857336463144276419	14767	
1	1	-30.253	-1.154		0.942	30.830	C18H18O5	[M + H]+	C18H19O5+	NXQMCAOPTPLPRL	InChI=1S/C18H18O5/c19-17(15-7-3-1-4-8-15)22-13-11-21-12-14-23-18(20)16-9-5-2-6-10-16/h1-10H,11-14H2	Benzo Flex 2-45	C1=CC=C(C=C1)C(=O)OCCOCCOC(=O)C2=CC=CC=C2	315.123	776	12.934	857345947118880046	857336463194608072	857336463194608071	14787	
1	1	-85.559	-7.098		0.838	8.553	C9H17NS	[M + H]+	C9H18NS+	QUCRCCMHCFRPRX	InChI=1S/C9H17NS/c1-3-7-10-9(2)6-4-5-8-11/h8H,3-7H2,1-2H3		CCCN=C(C)CCCC=S	172.115	776	12.937	857345945910920459	857336463244939724	857336463244939723	14782	
1	1	-62.193	-2.766		1.000	87.867	C9H8O2	[M + H]+	C9H9O2+	GLJATPSORVSJNG	InChI=1S/C9H8O2/c10-5-4-8-2-1-3-9(6-8)7-11/h1-7,10H		O=Cc1cccc(C=CO)c1	149.060	777	12.945	857345956904191313	857336463299465680	857336463299465679	14825	
1	5	-56.579	-2.863		0.014	33.653	C13H25N	[M + K]+	C13H25KN+	RXCHNXVJKOUIIS	InChI=1S/C13H25N/c14-10-13-7-5-12(6-8-13)9-11-3-1-2-4-11/h11-13H,1-10,14H2		NCC1CCC(CC2CCCC2)CC1	234.162	779	12.988	857345959932478828	857336463353991636	857336463353991635	14869	
1	1	-141.602	-9.006		0.952	52.483	C39H48O9	[M + H]+	C39H49O9+	RHNCMZXRGXHERY	InChI=1S/C39H48O9/c1-38(2,27-5-13-34(14-6-27)45-23-31(42)21-40)29-9-17-36(18-10-29)47-25-33(44)26-48-37-19-11-30(12-20-37)39(3,4)28-7-15-35(16-8-28)46-24-32(43)22-41/h5-20,31-33,40-44H,21-26H2,1-4H3	3-[4-[2-[4-[3-[4-[2-[4-(2,3-Dihydroxypropoxy)phenyl]propan-2-yl]phenoxy]-2-hydroxypropoxy]phenyl]propan-2-yl]phenoxy]propane-1,2-diol	CC(C)(C1=CC=C(C=C1)OCC(CO)O)C2=CC=C(C=C2)OCC(COC3=CC=C(C=C3)C(C)(C)C4=CC=C(C=C4)OCC(CO)O)O	661.337	780	12.995	857346852912412077	857336463408517592	857336463404323287	14903	
1	2	-84.011	-6.928		0.083	50.122	C28H38O6	[M + Na]+	C28H38NaO6+	ODZFRDLGIDASNQ	InChI=1S/C28H38O6/c1-27(2,21-5-9-25(10-6-21)33-17-23(29)15-20-3-4-20)22-7-11-26(12-8-22)34-18-24(30)16-32-19-28(31)13-14-28/h5-12,20,23-24,29-31H,3-4,13-19H2,1-2H3		CC(C)(c1ccc(OCC(O)COCC2(O)CC2)cc1)c1ccc(OCC(O)CC2CC2)cc1	493.259	780	13.004	857346799263050567	857336463458849244	857336463458849243	14902	
1	1	-146.625	-4.086		0.777	73.988	C16H20N2O	[M + H]+	C16H21N2O+	KLPORYNEJRXVMA	InChI=1S/C16H20N2O/c17-12-15(13-8-4-1-2-5-9-13)16(19)18-14-10-6-3-7-11-14/h3,6-7,10-11,13,15H,1-2,4-5,8-9H2,(H,18,19)		N#CC(C(=O)Nc1ccccc1)C1CCCCCC1	257.165	783	13.057	857346821035689927	857336463517569504	857336463513375199	14945	
1	1	-86.335	-7.543		0.839	8.943	C9H17NS	[M + H]+	C9H18NS+	QUCRCCMHCFRPRX	InChI=1S/C9H17NS/c1-3-7-10-9(2)6-4-5-8-11/h8H,3-7H2,1-2H3		CCCN=C(C)CCCC=S	172.115	784	13.073	857346821106993105	857336463567901156	857336463567901155	14965	
1	1	-77.404	-4.157		1.000	93.992	C9H8O2	[M + H]+	C9H9O2+	GLJATPSORVSJNG	InChI=1S/C9H8O2/c10-5-4-8-2-1-3-9(6-8)7-11/h1-7,10H		O=Cc1cccc(C=CO)c1	149.060	786	13.105	857346822163958006	857336463618232808	857336463618232807	15010	
1	1	-23.639	-1.096		0.945	33.996	C18H18O5	[M + H]+	C18H19O5+	NXQMCAOPTPLPRL	InChI=1S/C18H18O5/c19-17(15-7-3-1-4-8-15)22-13-11-21-12-14-23-18(20)16-9-5-2-6-10-16/h1-10H,11-14H2	Benzo Flex 2-45	C1=CC=C(C=C1)C(=O)OCCOCCOC(=O)C2=CC=CC=C2	315.123	787	13.117	857346806405954247	857336463718896112	857336463718896111	15029	
1	1	-177.271	-6.518		0.745	31.936	C18H22N2	[M + H]+	C18H23N2+	ZAOUSUHZODQZNV	InChI=1S/C18H22N2/c1-4-12-20-16-9-6-5-8-14(16)18(2,3)13-15-17(20)10-7-11-19-15/h5-11H,4,12-13H2,1-3H3		CCCN1c2ccccc2C(C)(C)Cc2ncccc21	267.186	790	13.164	857346851922554485	857336463769227764	857336463769227763	15095	
1	1	-22.164	-1.152		1.000	22.979	C2H4O2	[M + K]+	C2H4KO2+	IEZWOVIWXFLQTP	InChI=1S/C2H4O2/c1-2-4-3/h2-3H,1H2	Oxidooxyethene	C=COO	98.984	790	13.173	857346833761218148	857336463823753720	857336463823753719	15109	
1	1	-72.360	-1.183		1.000	29.144	C15H22O2	[M + H]+	C15H23O2+	RRIQVLZDOZPJTH	InChI=1S/C15H22O2/c1-14(2,3)11-7-10(9-16)13(17)12(8-11)15(4,5)6/h7-9,17H,1-6H3	3,5-di-tert-butyl-2-hydroxybenzaldehyde	CC(C)(C)C1=CC(=C(C(=C1)C(C)(C)C)O)C=O	235.166	791	13.186	857346833912213099	857336463878279676	857336463878279675	15127	
1	1	-85.621	-7.267		0.995	15.038	C9H17NS	[M + H]+	C9H18NS+	MFHPVQNODNLJJN	InChI=1S/C9H17NS/c1-3-4-6-10-8-9(2)5-7-11/h5,9-10H,3-4,6,8H2,1-2H3		CCCCNCC(C)C=C=S	172.115	795	13.255	857346851956108927	857336463941194240	857336463941194239	15207	
1	1	-34.527	-1.137		0.589	35.023	C18H18O5	[M + H3N + H]+	C18H22NO5+	NXQMCAOPTPLPRL	InChI=1S/C18H18O5/c19-17(15-7-3-1-4-8-15)22-13-11-21-12-14-23-18(20)16-9-5-2-6-10-16/h1-10H,11-14H2	Benzo Flex 2-45	C1=CC=C(C=C1)C(=O)OCCOCCOC(=O)C2=CC=CC=C2	332.149	797	13.287	857346852811748771	857336463995720196	857336463991525891	15250	
1	7	-148.071	-6.536		0.012	4.410	C18H27NO5	[M + Na]+	C18H27NNaO5+	JOJJBSDDGFHFPO	InChI=1S/C18H27NO5/c1-2-9-21-11-13-23-15-16-24-14-12-22-10-8-19-18(20)17-6-4-3-5-7-17/h2-7H,1,8-16H2,(H,19,20)		C=CCOCCOCCOCCOCCNC(=O)c1ccccc1	360.181	797	13.288	857346851977080457	857336464050246152	857336464050246151	15248	
1	1	-23.549	-1.096		0.945	49.248	C18H18O5	[M + H]+	C18H19O5+	NXQMCAOPTPLPRL	InChI=1S/C18H18O5/c19-17(15-7-3-1-4-8-15)22-13-11-21-12-14-23-18(20)16-9-5-2-6-10-16/h1-10H,11-14H2	Benzo Flex 2-45	C1=CC=C(C=C1)C(=O)OCCOCCOC(=O)C2=CC=CC=C2	315.123	797	13.288	857346858104961260	857336464104772108	857336464100577803	15252	
1	1	-69.078	-5.541		1.000	81.611	C9H8O2	[M + H]+	C9H9O2+	QPBKZAUXBSYQHM	InChI=1S/C9H8O2/c1-7(10)9(11)8-5-3-2-4-6-8/h2-6,10H,1H2	2-Hydroxy-1-phenylprop-2-en-1-one	C=C(C(=O)C1=CC=CC=C1)O	149.060	797	13.289	857346863821803890	857336464163492368	857336464163492367	15251	
1	1	-54.044	-9.021		0.991	33.269	C7H4O	[M + H]+	C7H5O+	VMFGUUSJINAJIS	InChI=1S/C7H4O/c8-6-5-7-3-1-2-4-7/h1-3,5H		O=C=CC1=C=CC=C1	105.034	797	13.290	857346857614227008	857336464218018324	857336464218018323	15249	
1	2	-103.972	-7.927		0.096	5.211	C19H14N4O	[M + Na]+	C19H14N4NaO+	PLFQSCVNVCFRLJ	InChI=1S/C19H14N4O/c24-11-10-14-6-4-5-9-16(14)18-19-22-20-13-23(19)12-17(21-18)15-7-2-1-3-8-15/h1-13,24H		OC=Cc1ccccc1-c1nc(-c2ccccc2)cn2cnnc12	337.105	797	13.290	857346878153740673	857336464264155672	857336464264155671	15260	
1	2	-146.747	-6.845		0.001	122.713	C12H21FN2O4	[M + H]+	C12H22FN2O4+	WOTSBVXXHRRQDE	InChI=1S/C12H21FN2O4/c1-7-15(19-9(13)16)8-12(5,6)14-10(17)18-11(2,3)4/h7H,1,8H2,2-6H3,(H,14,17)		C=CN(CC(C)(C)NC(=O)OC(C)(C)C)OC(=O)F	277.155	799	13.309	857346878376038961	857336464327070236	857336464327070235	15283	
1	1	-125.203	-5.796		1.000	124.080	C11H16O3	[M + H]+	C11H17O3+	AHIGTCDUMVQHOL	InChI=1S/C11H16O3/c1-2-3-4-5-10-9(6-7-12)8-11(13)14-10/h9-10,12H,2-5,8H2,1H3		CCCCCC1OC(=O)CC1C#CO	197.117	801	13.344	857346878342484518	857336464385790496	857336464385790495	15331	
1	1	-123.854	-6.583		1.000	180.799	C15H24O3	[M + H]+	C15H25O3+	XJJSJGAAGPNSBN	InChI=1S/C15H24O3/c1-4-5-8-18-15(17)13-7-6-12(9-11(2)3)14(16)10-13/h7,11-12H,4-6,8-10H2,1-3H3		CCCCOC(=O)C1=CCC(CC(C)C)C(=O)C1	253.180	801	13.345	857346878342484506	857336464436122148	857336464431927843	15329	
1	1	-142.385	-9.583		1.000	46.810	C14H27NO	[M + H]+	C14H28NO+	ODSAXNZSFCGQPW	InChI=1S/C14H27NO/c1-2-16-14-11-7-6-10-13(14)15-12-8-4-3-5-9-12/h12-15H,2-11H2,1H3		CCOC1CCCCC1NC1CCCCC1	226.217	806	13.430	857346879273620117	857336464536785452	857336464536785451	15430	
1	1	-90.180	-5.076		1.000	30.867	C8H14O2	[M + H]+	C8H15O2+	HRHOWZHRCRZVCU	InChI=1S/C8H14O2/c1-3-4-5-6-7-10-8(2)9/h5-6H,3-4,7H2,1-2H3	(E)-Hex-2-Enyl Acetate	CCCC=CCOC(=O)C	143.107	811	13.509	857346878342484516	857336464595505712	857336464591311407	15455	
1	1	-147.541	-0.069		1.000	76.117	C14H27NO	[M + H]+	C14H28NO+	RHOCTPBIKTXDST	InChI=1S/C14H27NO/c1-2-3-4-5-9-12-14(16)15-13-10-7-6-8-11-13/h13H,2-12H2,1H3,(H,15,16)	N-Cyclohexyloctanamide	CCCCCCCC(=O)NC1CCCCC1	226.217	822	13.701	857346879491723930	857336464696169016	857336464691974711	15683	
1	1	-41.339	-0.561		0.998	41.858	C12H27O4P	[M + H]+	C12H28O4P+	STCOOQWBFONSKY	InChI=1S/C12H27O4P/c1-4-7-10-14-17(13,15-11-8-5-2)16-12-9-6-3/h4-12H2,1-3H3	bmse000777	CCCCOP(=O)(OCCCC)OCCCC	267.172	824	13.730	857346886701732651	857336464796832320	857336464792638015	15721	
1	1	-19.870	-1.931		1.000	25.875	C2H4O2	[M + K]+	C2H4KO2+	IEZWOVIWXFLQTP	InChI=1S/C2H4O2/c1-2-4-3/h2-3H,1H2	Oxidooxyethene	C=COO	98.984	824	13.734	857346880435442392	857336464847163972	857336464847163971	15728	
1	1	-396.669	-4.647		1.000	45.715	C19H27NO3	[M + H]+	C19H28NO3+	XGBKOFRLYPGTNI	InChI=1S/C19H27NO3/c1-2-3-5-10-17(19(22)23)20-16(13-14-18(20)21)12-11-15-8-6-4-7-9-15/h4,6-9,16-17H,2-3,5,10-14H2,1H3,(H,22,23)		CCCCCC(C(=O)O)N1C(=O)CCC1CCc1ccccc1	318.206	828	13.804	857346891353215821	857336464897495624	857336464897495623	15817	
1	1	-51.360	-3.717		0.499	64.889	C9H10O	[M + H]+	C9H11O+	DPHNJPUOMLRELT	InChI=1S/C9H10O/c10-9-6-2-4-7-3-1-5-8(7)9/h2,4,6,10H,1,3,5H2	2,3-dihydro-1H-inden-4-ol	C1CC2=C(C1)C(=CC=C2)O	135.080	831	13.845	857346883753136890	857336464947827276	857336464947827275	15908	
1	1	-131.355	-8.204		1.000	64.698	C16H24O4	[M + H]+	C16H25O4+	QDKVIKXMHDRYRJ	InChI=1S/C16H24O4/c1-10(2)7-13(18)9-20-16(19)14-6-5-12(17)8-15(14)11(3)4/h5-6,10-11,14-15H,7-9H2,1-4H3		CC(C)CC(=O)COC(=O)C1C=CC(=O)CC1C(C)C	281.175	831	13.848	857346893966267235	857336465002353232	857336465002353231	15880	
1	1	-78.558	-6.688		0.878	41.709	C30H36O6	[M + H]+	C30H37O6+	PLUMAPAPSIROSG	InChI=1S/C30H36O6/c1-30(2,23-7-13-28(14-8-23)34-18-25(32)17-31)24-9-15-29(16-10-24)36-20-26(33)19-35-27-11-5-22(6-12-27)21-3-4-21/h5-16,21,25-26,31-33H,3-4,17-20H2,1-2H3		CC(C)(c1ccc(OCC(O)CO)cc1)c1ccc(OCC(O)COc2ccc(C3CC3)cc2)cc1	493.259	832	13.862	857346902958855051	857336465052684884	857336465052684883	15921	
1	10	-138.081	-7.345		0.000	56.292	C16H13N7OS	[M + H]+	C16H14N7OS+	HGWSQSRTBRKEKC	InChI=1S/C16H13N7OS/c1-10-3-2-4-11(5-10)14-21-13(24-22-14)8-25-16-19-9-18-15-12(6-17)7-20-23(15)16/h2-7,9,17H,8H2,1H3		Cc1cccc(-c2noc(CSc3ncnc4c(C=N)cnn34)n2)c1	352.097	834	13.897	857346905609655198	857336465157542492	857336465157542491	15965	
1	1	-167.617	-7.475		1.000	45.408	C15H24O3	[M + H]+	C15H25O3+	VAUDAWYQGLFLDD	InChI=1S/C15H24O3/c1-9(2)13(17)18-12-10(3)11(16)14(4,5)8-15(12,6)7/h9H,8H2,1-7H3		CC1=C(OC(=O)C(C)C)C(C)(C)CC(C)(C)C1=O	253.180	834	13.901	857346888526254912	857336465203679840	857336465203679839	15955	
1	1	-36.903	-0.924		1.000	21.558	C17H37N	[M + H]+	C17H38N+	KAJZYANLDWUIES	InChI=1S/C17H37N/c1-2-3-4-5-6-7-8-9-10-11-12-13-14-15-16-17-18/h2-18H2,1H3	Heptadecylazanium	CCCCCCCCCCCCCCCCCN	256.300	838	13.960	857346897166521226	857336465258205796	857336465258205795	16061	
1	1	-142.091	-4.791		1.000	123.593	C14H22O	[M + H]+	C14H23O+	ICKWICRCANNIBI	InChI=1S/C14H22O/c1-13(2,3)10-7-8-12(15)11(9-10)14(4,5)6/h7-9,15H,1-6H3	Prodox 146	CC(C)(C)C1=CC(=C(C=C1)O)C(C)(C)C	207.174	839	13.979	857346896902280065	857336465367257708	857336465367257707	16046	
1	3	-91.946	-6.421		0.333	67.434	C10H22O	[M + C2H3N + H]+	C12H26NO+	JJZZVQICFJITMO	InChI=1S/C10H22O/c1-9(2)7-5-6-8-10(3,4)11/h9,11H,5-8H2,1-4H3	2,7-Dimethyloctan-2-ol	CC(C)CCCCC(C)(C)O	200.201	840	13.993	857346883656667894	857336465316926056	857336465316926055	16070	
1	1	-70.306	-6.078		0.488	6.863	C16H34O3	[M + H3N + H]+	C16H38NO3+	SWCNUKQPBHRWKE	InChI=1S/C16H34O3/c1-2-3-4-5-6-7-8-10-15(18)12-13-16(19)11-9-14-17/h15-19H,2-14H2,1H3		CCCCCCCCCC(O)CCC(O)CCCO	292.285	844	14.068	857346885632185112	857336465425977968	857336465425977967	16143	
1	1	-124.878	-6.705		0.998	113.216	C16H21NO3	[M + H]+	C16H22NO3+	BQJBDKMTGVRGII	InChI=1S/C16H21NO3/c1-7-11-8-12(10-13(9-11)16(2,3)4)14(17-20-6)15(18)19-5/h7-10H,1H2,2-6H3		C=Cc1cc(C(=NOC)C(=O)OC)cc(C(C)(C)C)c1	276.160	848	14.130	857346912979047328	857336465476309620	857336465476309619	16264	
1	1	-99.367	-4.641		1.000	121.621	C18H26O3	[M + H]+	C18H27O3+	XYRXYGMNLZYJFC	InChI=1S/C18H26O3/c1-12(19)13-8-9-15(14(10-13)17(2,3)4)21-11-16(20)18(5,6)7/h8-10H,11H2,1-7H3		CC(=O)c1ccc(OCC(=O)C(C)(C)C)c(C(C)(C)C)c1	291.196	848	14.130	857346923028599722	857336465530835576	857336465530835575	16266	
1	1	-40.771	-1.113		1.000	11.308	C18H39N	[M + H]+	C18H40N+	REYJJPSVUYRZGE	InChI=1S/C18H39N/c1-2-3-4-5-6-7-8-9-10-11-12-13-14-15-16-17-18-19/h2-19H2,1H3	Amine AB	CCCCCCCCCCCCCCCCCCN	270.316	849	14.143	857346881450463974	857336465639887488	857336465639887487	16282	
1	3	-122.274	-7.054		0.015	7.645	C17H39N5	[M + Na]+	C17H39N5Na+	VBIWMEIDJGCGEH	InChI=1S/C17H39N5/c1-2-3-4-5-6-7-10-13-16-20-22-21-17-14-11-8-9-12-15-19-18/h19H,2-18H2,1H3,(H,20,21)		CCCCCCCCCCN=NNCCCCCCCNN	336.311	849	14.151	857346886563320613	857336465706996356	857336465706996355	16281	
1	1	-374.015	-4.338		1.000	30.577	C19H27NO3	[M + H]+	C19H28NO3+	IHPFHFFRPMRUHL	InChI=1S/C19H27NO3/c21-18-14-6-2-5-12-16(18)20-17(19(22)23)13-8-7-11-15-9-3-1-4-10-15/h1,3-4,9-10,16-17,20H,2,5-8,11-14H2,(H,22,23)		O=C(O)C(CCCCc1ccccc1)NC1CCCCCC1=O	318.206	849	14.156	857346892456317783	857336465761522312	857336465761522311	16292	
1	2	-144.884	-7.352		0.045	18.390	C12H33N7O	[M + H]+	C12H34N7O+	YAGWVLKYFBTZKG	InChI=1S/C12H33N7O/c13-19-12-18-11-17-10-16-9-15-6-4-2-1-3-5-14-7-8-20/h14-20H,1-13H2		NNCNCNCNCNCCCCCCNCCO	292.285	853	14.212	857346887733531453	857336465816048268	857336465816048267	16348	
1	1	-59.054	-0.632		0.517	25.139	C14H30O3	[M + H3N + H]+	C14H34NO3+	UVNSFSOKRSZVEZ	InChI=1S/C14H30O3/c1-2-3-4-5-6-7-8-9-11-16-13-14-17-12-10-15/h15H,2-14H2,1H3	Diethylene glycol, decyl ether	CCCCCCCCCCOCCOCCO	264.253	853	14.224	857346890531132234	857336465933488788	857336465933488787	16360	
1	1	-168.817	-5.400		0.405	61.788	C16H22N2O	[M + H]+	C16H23N2O+	VPTMVIRLHRGSFD	InChI=1S/C16H22N2O/c19-16(18-15-9-5-3-6-10-15)12-11-14-8-4-1-2-7-13-17-14/h3,5-6,9-10H,1-2,4,7-8,11-13H2,(H,18,19)		O=C(CCC1=NCCCCCC1)Nc1ccccc1	259.181	854	14.227	857346895597851504	857336465996403352	857336465996403351	16367	
1	1	-3.791	-1.029		0.993	67.278	C18H15O4P	[M + H]+	C18H16O4P+	XZZNDPSIHUTMOC	InChI=1S/C18H15O4P/c19-23(20-16-10-4-1-5-11-16,21-17-12-6-2-7-13-17)22-18-14-8-3-9-15-18/h1-15H	Reofos TPP	C1=CC=C(C=C1)OP(=O)(OC2=CC=CC=C2)OC3=CC=CC=C3	327.078	854	14.231	857346937842881460	857336465874768528	857336465874768527	16345	
1	1	-52.388	-2.742		1.000	64.293	C14H30O3	[M + H]+	C14H31O3+	RTQDSHGPCXUMLE	InChI=1S/C14H30O3/c1-2-3-4-7-11-16-12-8-5-6-9-13-17-14-10-15/h15H,2-14H2,1H3	2-(6-Hexoxyhexoxy)ethanol	CCCCCCOCCCCCCOCCO	247.227	854	14.237	857346895463633773	857336466059317916	857336466055123611	16376	
1	1	-51.336	-0.161		1.000	51.268	C16H34O4	[M + H3N + H]+	C16H38NO4+	UKODLHVFJRCQME	InChI=1S/C16H34O4/c1-2-3-4-5-6-7-8-9-11-18-13-15-20-16-14-19-12-10-17/h17H,2-16H2,1H3	2-[2-[2-(1,1-Dideuteriodecoxy)ethoxy]ethoxy]ethanol	CCCCCCCCCCOCCOCCOCCO	308.280	857	14.287	857347916701161132	857336466180952740	857336466176758435	16421	
1	1	-203.410	-3.192		1.000	125.496	C16H34O4	[M + H]+	C16H35O4+	UKODLHVFJRCQME	InChI=1S/C16H34O4/c1-2-3-4-5-6-7-8-9-11-18-13-15-20-16-14-19-12-10-17/h17H,2-16H2,1H3	2-[2-[2-(1,1-Dideuteriodecoxy)ethoxy]ethoxy]ethanol	CCCCCCCCCCOCCOCCOCCO	291.253	857	14.291	857347992840366275	857336466235478696	857336466231284391	16427	
1	1	-66.655	-3.760		0.997	25.926	C9H19NOS2	[M + H]+	C9H20NOS2+	UOPLKNXKUDREJJ	InChI=1S/C9H19NOS2/c1-4-7-8-12-9(11)10(5-2)13-6-3/h4-8H2,1-3H3		CCCCSC(=O)N(CC)SCC	222.098	858	14.306	857348027804093012	857336466344530608	857336466340336303	16462	
1	1	-8.564	-1.005		0.761	33.237	C13H9NS	[M + H]+	C13H10NS+	XBHOUXSGHYZCNH	InChI=1S/C13H9NS/c1-2-6-10(7-3-1)13-14-11-8-4-5-9-12(11)15-13/h1-9H	2-Phenylbenzothiazole	C1=CC=C(C=C1)C2=NC3=CC=CC=C3S2	212.053	859	14.310	857348026772294215	857336466394862260	857336466394862259	16463	
1	1	-20.059	-1.957		1.000	25.961	C2H4O2	[M + K]+	C2H4KO2+	IEZWOVIWXFLQTP	InChI=1S/C2H4O2/c1-2-4-3/h2-3H,1H2	Oxidooxyethene	C=COO	98.984	860	14.333	857348024243128889	857336466508108476	857336466503914171	16511	
1	1	-22.114	-0.797		0.943	13.350	C12H27O4P	[M + H]+	C12H28O4P+	STCOOQWBFONSKY	InChI=1S/C12H27O4P/c1-4-7-10-14-17(13,15-11-8-5-2)16-12-9-6-3/h4-12H2,1-3H3	bmse000777	CCCCOP(=O)(OCCCC)OCCCC	267.172	860	14.334	857348029989325419	857336466558440128	857336466558440127	16517	
1	1	-3.514	-1.029		0.990	83.137	C18H15O4P	[M + H]+	C18H16O4P+	XZZNDPSIHUTMOC	InChI=1S/C18H15O4P/c19-23(20-16-10-4-1-5-11-16,21-17-12-6-2-7-13-17)22-18-14-8-3-9-15-18/h1-15H	Reofos TPP	C1=CC=C(C=C1)OP(=O)(OC2=CC=CC=C2)OC3=CC=CC=C3	327.078	860	14.336	857348066752400088	857336466453582520	857336466449388215	16423	
1	1	-22.693	-0.206		1.000	65.047	C18H38O5	[M + H]+	C18H39O5+	ASMWIUUCZFNLHL	InChI=1S/C18H38O5/c1-2-3-4-5-6-7-8-9-11-20-13-15-22-17-18-23-16-14-21-12-10-19/h19H,2-18H2,1H3	3,6,9,12-Tetraoxadocosan-1-ol	CCCCCCCCCCOCCOCCOCCOCCO	335.279	861	14.342	857348030446504575	857336466608771780	857336466608771779	16530	
1	1	-27.052	-7.926		1.000	52.457	C18H38O5	[M + H3N + H]+	C18H42NO5+	VHMYOUUFSJKBOE	InChI=1S/C18H38O5/c1-2-3-4-5-6-7-8-9-10-12-20-14-16-22-18-23-17-15-21-13-11-19/h19H,2-18H2,1H3		CCCCCCCCCCCOCCOCOCCOCCO	352.306	861	14.343	857348029716695649	857336466663297736	857336466663297735	16534	
1	1	-62.755	-0.552		1.000	81.811	C14H29NO	[M + H]+	C14H30NO+	QEALYLRSRQDCRA	InChI=1S/C14H29NO/c1-2-3-4-5-6-7-8-9-10-11-12-13-14(15)16/h2-13H2,1H3,(H2,15,16)	Myristamide	CCCCCCCCCCCCCC(=O)N	228.232	861	14.354	857348029599255135	857336466717823692	857336466717823691	16558	
1	2	-135.470	-8.781		0.075	36.902	C16H41N7O3	[M + H]+	C16H42N7O3+	MGIWPLVQYCIOBP	InChI=1S/C16H41N7O3/c17-16(18)23-15-22-14-21-13-20-6-4-2-1-3-5-19-7-9-25-11-12-26-10-8-24/h16,19-24H,1-15,17-18H2		NC(N)NCNCNCNCCCCCCNCCOCCOCCO	380.337	861	14.355	857348031058872970	857336466772349648	857336466768155343	16565	
1	1	-58.334	-7.069		1.000	47.658	C20H42O6	[M + H]+	C20H43O6+	UTNJPIBLSGJTIG	InChI=1S/C20H42O6/c1-2-3-4-5-6-7-11-22-16-19-26-20-17-24-13-9-8-12-23-15-18-25-14-10-21/h21H,2-20H2,1H3		CCCCCCCCOCCOCCOCCCCOCCOCCO	379.305	862	14.373	857348030215817845	857336466822681300	857336466822681299	16597	
1	1	-260.139	-6.738		1.000	45.447	C22H38N2O3	[M + H3N + H]+	C22H42N3O3+	ALLDEGVFEQTRML	InChI=1S/C22H38N2O3/c1-2-3-4-5-6-7-8-9-10-11-12-15-18-23-21(26)22(27)24-19-16-13-14-17-20-25/h20H,2-13,15-16,18-19H2,1H3,(H,23,26)(H,24,27)		CCCCCCCCCCCCCCNC(=O)C(=O)NCCCC#CC=O	396.332	862	14.374	857348043100719812	857336466873012952	857336466873012951	16598	
1	1	-133.726	-8.009		0.875	39.869	C18H45N7O4	[M + H]+	C18H46N7O4+	MLUZVTAPAMCUPB	InChI=1S/C18H45N7O4/c19-24-25(20)11-4-2-1-3-5-21-6-13-27-14-7-22-8-15-28-16-9-23-10-17-29-18-12-26/h21-24,26H,1-20H2		NNN(N)CCCCCCNCCOCCNCCOCCNCCOCCO	424.363	863	14.378	857348033369934493	857336466923344604	857336466923344603	16603	
1	1	-52.348	-0.135		1.000	54.938	C22H46O7	[M + H]+	C22H47O7+	GLGQRQQFWLTGES	InChI=1S/C22H46O7/c1-2-3-4-5-6-7-8-9-11-24-13-15-26-17-19-28-21-22-29-20-18-27-16-14-25-12-10-23/h23H,2-22H2,1H3	3,6,9,12,15,18-Hexaoxaoctacosan-1-ol	CCCCCCCCCCOCCOCCOCCOCCOCCOCCO	423.332	863	14.380	857348035425143462	857336466973676256	857336466973676255	16614	
1	2	-64.688	-7.573		0.407	33.356	C26H54O9	[M + H3N + H]+	C26H58NO9+	WNCJRIQRFIEIBQ	InChI=1S/C26H54O9/c1-2-3-4-5-6-7-11-28-15-19-33-23-25-35-26-24-34-21-17-30-13-9-8-12-29-16-20-32-22-18-31-14-10-27/h27H,2-26H2,1H3		CCCCCCCCOCCOCCOCCOCCOCCCCOCCOCCOCCO	528.411	863	14.386	857348045298535119	857336467091116776	857336467086922471	16613	
1	1	-36.652	-6.311		1.000	61.190	C22H46O7	[M + H3N + H]+	C22H50NO7+	AWENFTSZLOYHAN	InChI=1S/C22H46O7/c1-2-3-4-5-6-7-11-24-12-8-9-13-25-15-17-27-19-21-29-22-20-28-18-16-26-14-10-23/h23H,2-22H2,1H3		CCCCCCCCOCCCCOCCOCCOCCOCCOCCO	440.358	863	14.387	857348035571944112	857336467175002860	857336467170808555	16617	
1	1	-239.793	-4.884		0.991	42.371	C28H51N3O2	[M + Na]+	C28H51N3NaO2+	ZPZWWNHHWFXXFJ	InChI=1S/C28H51N3O2/c1-2-3-4-5-6-7-8-9-10-11-12-13-14-15-16-17-18-19-20-22-32-24-25-33-23-21-31-28(26-29)27-30/h2-25H2,1H3		CCCCCCCCCCCCCCCCCCCCCOCCOCCN=C(C#N)C#N	484.385	864	14.393	857348039728499386	857336467225334512	857336467225334511	16631	
1	1	-2.784	-1.029		0.887	102.589	C18H15O4P	[M + H]+	C18H16O4P+	XZZNDPSIHUTMOC	InChI=1S/C18H15O4P/c19-23(20-16-10-4-1-5-11-16,21-17-12-6-2-7-13-17)22-18-14-8-3-9-15-18/h1-15H	Reofos TPP	C1=CC=C(C=C1)OP(=O)(OC2=CC=CC=C2)OC3=CC=CC=C3	327.078	868	14.459	857348244469257805	857336467279860468	857336467279860467	16707	
1	1	-78.536	-5.975		1.000	39.132	C15H30N2O	[M + H]+	C15H31N2O+	ZUTUVTVLZVGFQC	InChI=1S/C15H30N2O/c1-3-5-12-17(13-6-4-2)15(18)16-14-10-8-7-9-11-14/h14H,3-13H2,1-2H3,(H,16,18)	3,3-Dibutyl-1-cyclohexylurea	CCCCN(CCCC)C(=O)NC1CCCCC1	255.243	868	14.472	857348210457643960	857336467342775032	857336467342775031	16728	
1	1	-54.184	-7.860		0.333	89.288	C11H12O	[M + H]+	C11H13O+	ZJYHGYBYEYRQGU	InChI=1S/C11H12O/c1-3-6-10-7-4-5-8-11(10)9(2)12/h3-5,7-8H,1,6H2,2H3	2'-Allylacetophenone	CC(=O)C1=CC=CC=C1CC=C	161.096	871	14.524	857348229927604594	857336467401495292	857336467401495291	16778	
1	1	-92.949	-8.989		1.000	211.763	C16H24O2	[M + H]+	C16H25O2+	VMFWPVMLGVMEQW	InChI=1S/C16H24O2/c1-7-16(5,6)18-14(17)12-8-10-13(11-9-12)15(2,3)4/h8-11H,7H2,1-6H3	2-Methylbutan-2-yl 4-tert-butylbenzoate	CCC(C)(C)OC(=O)C1=CC=C(C=C1)C(C)(C)C	249.185	871	14.524	857348259589728738	857336467468604160	857336467468604159	16776	
1	1	-112.828	-6.735		0.998	143.097	C13H17NO	[M + H]+	C13H18NO+	XVWCPUSDYPJASN	InChI=1S/C13H17NO/c1-10-5-6-12(14-7-8-15)11(9-10)13(2,3)4/h5-7,9,14H,1-4H3		Cc1ccc(NC=C=O)c(C(C)(C)C)c1	204.138	873	14.543	857348239704527612	857336467527324420	857336467527324419	16811	
1	1	-98.327	-3.772		1.000	117.738	C16H24O2	[M + H]+	C16H25O2+	UFWJOZRHOQMEHP	InChI=1S/C16H24O2/c1-15(2,3)13-9-7-12(8-10-13)11-18-14(17)16(4,5)6/h7-10H,11H2,1-6H3	(4-Tert-butylphenyl)methyl 2,2-dimethylpropanoate	CC(C)(C)C1=CC=C(C=C1)COC(=O)C(C)(C)C	249.185	878	14.635	857348234579087767	857336467590238984	857336467586044679	16990	
1	1	-35.207	-0.219		0.990	34.842	C14H30O3	[M + H]+	C14H31O3+	UVNSFSOKRSZVEZ	InChI=1S/C14H30O3/c1-2-3-4-5-6-7-8-9-11-16-13-14-17-12-10-15/h15H,2-14H2,1H3	Diethylene glycol, decyl ether	CCCCCCCCCCOCCOCCO	247.227	878	14.638	857348232913949077	857336467644764940	857336467640570635	16936	
1	1	-83.572	-4.728		0.848	11.937	C16H34O4	[M + H3N + H]+	C16H38NO4+	UKODLHVFJRCQME	InChI=1S/C16H34O4/c1-2-3-4-5-6-7-8-9-11-18-13-15-20-16-14-19-12-10-17/h17H,2-16H2,1H3	2-[2-[2-(1,1-Dideuteriodecoxy)ethoxy]ethoxy]ethanol	CCCCCCCCCCOCCOCCOCCO	308.280	881	14.680	857348241235448787	857336467804148504	857336467799954199	17007	
1	2	-87.239	-6.867		0.001	37.479	C12H30N6O2	[M + H]+	C12H31N6O2+	JVRDUGXFSNEYHJ	InChI=1S/C12H30N6O2/c1-2-3-4-7-10-14-17-15-12-13-9-6-5-8-11-16-18(19)20/h13-17H,2-12H2,1H3		CCCCCCNNNCNCCCCCN[N+](=O)[O-]	291.253	881	14.682	857348260483115507	857336467854480156	857336467854480155	17000	
1	1	-41.542	-0.206		1.000	44.958	C18H38O5	[M + H]+	C18H39O5+	ASMWIUUCZFNLHL	InChI=1S/C18H38O5/c1-2-3-4-5-6-7-8-9-11-20-13-15-22-17-18-23-16-14-21-12-10-19/h19H,2-18H2,1H3	3,6,9,12-Tetraoxadocosan-1-ol	CCCCCCCCCCOCCOCCOCCOCCO	335.279	883	14.723	857348260533447161	857336467909006112	857336467909006111	17069	
1	2	-185.196	-9.020		0.067	29.554	C16H41N7O3	[M + H]+	C16H42N7O3+	WERKWFOHRNQMED	InChI=1S/C16H41N7O3/c17-16(13-24,14-25)15-26-12-10-21-8-4-2-1-3-7-20-9-5-6-11-23(19)22-18/h20-22,24-25H,1-15,17-19H2		NNN(N)CCCCNCCCCCCNCCOCC(N)(CO)CO	380.337	883	14.724	857348260546030094	857336467959337764	857336467959337763	17073	
1	1	-50.502	-7.896		0.987	22.364	C18H38O5	[M + H3N + H]+	C18H42NO5+	VHMYOUUFSJKBOE	InChI=1S/C18H38O5/c1-2-3-4-5-6-7-8-9-10-12-20-14-16-22-18-23-17-15-21-13-11-19/h19H,2-18H2,1H3		CCCCCCCCCCCOCCOCOCCOCCO	352.306	884	14.728	857348260541835779	857336468009669416	857336468009669415	17080	
1	1	-71.414	-6.175		1.000	17.418	C14H30O3	[M + H]+	C14H31O3+	YQUKMYATVFUZFS	InChI=1S/C14H30O3/c1-2-3-4-5-6-10-13-17-14(16)11-8-7-9-12-15/h14-16H,2-13H2,1H3		CCCCCCCCOC(O)CCCCCO	247.227	891	14.845	857348305953569292	857336468114527024	857336468114527023	17228	
1	1	-45.452	-6.910		1.000	26.401	C16H34O4	[M + H3N + H]+	C16H38NO4+	KRMCOGJUYKEOJD	InChI=1S/C16H34O4/c1-2-3-4-7-11-18-12-8-5-6-9-13-19-15-16-20-14-10-17/h17H,2-16H2,1H3		CCCCCCOCCCCCCOCCOCCO	308.280	893	14.890	857348293609732594	857336468169052980	857336468164858675	17297	
1	2	-140.950	-8.667		0.036	1.394	C17H30N4	[M + Na]+	C17H30N4Na+	VVXDTXIALYGFJS	InChI=1S/C17H30N4/c1-4-15-20-13(3)16(17(21-15)18-5-2)19-12-14-10-8-6-7-9-11-14/h14,19H,4-12H2,1-3H3,(H,18,20,21)		CCNc1nc(CC)nc(C)c1NCC1CCCCCC1	313.235	893	14.892	857348292036868571	857336468219384632	857336468219384631	17300	
1	1	-120.472	-6.524		0.998	35.856	C16H34O4	[M + H]+	C16H35O4+	UKODLHVFJRCQME	InChI=1S/C16H34O4/c1-2-3-4-5-6-7-8-9-11-18-13-15-20-16-14-19-12-10-17/h17H,2-16H2,1H3	2-[2-[2-(1,1-Dideuteriodecoxy)ethoxy]ethoxy]ethanol	CCCCCCCCCCOCCOCCOCCO	291.253	894	14.894	857348299175574011	857336468324242240	857336468324242239	17303	
1	1	-30.547	-0.170		1.000	31.242	C18H38O5	[M + H3N + H]+	C18H42NO5+	ASMWIUUCZFNLHL	InChI=1S/C18H38O5/c1-2-3-4-5-6-7-8-9-11-20-13-15-22-17-18-23-16-14-21-12-10-19/h19H,2-18H2,1H3	3,6,9,12-Tetraoxadocosan-1-ol	CCCCCCCCCCOCCOCCOCCOCCO	352.306	896	14.928	857348305068571138	857336468374573892	857336468374573891	17356	
1	3	-123.350	-6.640		0.014	19.485	C21H41N5O	[M + H]+	C21H42N5O+	MOWWMLRSCAENLV	InChI=1S/C21H41N5O/c1-2-3-4-5-6-7-8-11-14-17-24-20(22)25-18-15-12-9-10-13-16-19-26-21(23)27/h2-5,8-19H2,1H3,(H3,22,24,25)(H3,23,26,27)		CCCCCC#CCCCCNC(=N)NCCCCCCCCNC(N)=O	380.337	896	14.929	857348292766677474	857336468429099848	857336468429099847	17360	
1	1	-40.564	-0.206		1.000	38.515	C18H38O5	[M + H]+	C18H39O5+	ASMWIUUCZFNLHL	InChI=1S/C18H38O5/c1-2-3-4-5-6-7-8-9-11-20-13-15-22-17-18-23-16-14-21-12-10-19/h19H,2-18H2,1H3	3,6,9,12-Tetraoxadocosan-1-ol	CCCCCCCCCCOCCOCCOCCOCCO	335.279	896	14.929	857348437801516461	857336468479431500	857336468479431499	17354	
1	2	-140.983	-7.744		0.183	15.571	C20H46FN5O3	[M + H]+	C20H47FN5O3+	XLJVXWQAIUASGU	InChI=1S/C20H46FN5O3/c21-26-25-12-8-4-3-7-11-24-15-18-29-20-19-28-17-14-23-10-6-2-1-5-9-22-13-16-27/h22-27H,1-20H2		OCCNCCCCCCNCCOCCOCCNCCCCCCNNF	424.363	897	14.954	857348438086729147	857336468529763152	857336468529763151	17401	
1	1	-51.396	-6.753		1.000	26.700	C20H42O6	[M + H3N + H]+	C20H46NO6+	UTNJPIBLSGJTIG	InChI=1S/C20H42O6/c1-2-3-4-5-6-7-11-22-16-19-26-20-17-24-13-9-8-12-23-15-18-25-14-10-21/h21H,2-20H2,1H3		CCCCCCCCOCCOCCOCCCCOCCOCCO	396.332	897	14.954	857348441312148987	857336468584289108	857336468584289107	17396	
1	1	-118.465	-7.101		1.000	25.786	C14H30O3	[M + Na]+	C14H30NaO3+	QWOAOELPCKUOCM	InChI=1S/C14H30O3/c15-12-8-6-4-2-1-3-5-7-10-14(17)11-9-13-16/h14-17H,1-13H2	Tetradecane-1,4,14-triol	C(CCCCCO)CCCCC(CCCO)O	269.209	900	15.006	857348437960900023	857336468634620760	857336468634620759	17463	
1	1	-31.939	-0.211		1.000	40.718	C14H30O3	[M + H]+	C14H31O3+	UVNSFSOKRSZVEZ	InChI=1S/C14H30O3/c1-2-3-4-5-6-7-8-9-11-16-13-14-17-12-10-15/h15H,2-14H2,1H3	Diethylene glycol, decyl ether	CCCCCCCCCCOCCOCCO	247.227	901	15.011	857348438405496259	857336468689146716	857336468689146715	17468	
1	1	-95.471	-5.615		0.782	13.916	C16H35NOS	[M + K]+	C16H35KNOS+	HDDGUYIDMHESHV	InChI=1S/C16H35NOS/c1-3-5-7-10-13-17-14-11-8-9-12-16-19(18)15-6-4-2/h17H,3-16H2,1-2H3		CCCCCCNCCCCCCS(=O)CCCC	328.207	902	15.032	857348445183491660	857336468747866976	857336468743672671	17493	
1	1	-14.604	-4.343		1.000	29.169	C2H4OS	[M + K]+	C2H4KOS+	LGPCWKWKDCSZRO	InChI=1S/C2H4OS/c1-2-4-3/h2,4H,1H2		C=C[SH]=O	114.961	902	15.033	857348446164958813	857336468806587236	857336468806587235	17494	
1	1	-51.312	-5.586		1.000	37.568	C12H27O3PS	[M + H]+	C12H28O3PS+	QUCNGSAIQGBOAF	InChI=1S/C12H27O3PS/c1-4-7-9-11-14-16(17,13-6-3)15-12-10-8-5-2/h4-12H2,1-3H3		CCCCCOP(=S)(OCC)OCCCCC	283.149	902	15.033	857348447083511399	857336468865307496	857336468861113191	17496	
1	2	-28.546	-4.910		0.001	60.196	C6H12OS	[M + K]+	C6H12KOS+	KLWAGMFJBPADPJ	InChI=1S/C6H12OS/c1-3-5-6-8(7)4-2/h4H,2-3,5-6H2,1H3	Butane, 1-(ethenylsulfinyl)-	CCCCS(=O)C=C	171.024	902	15.034	857348449642036903	857336468924027756	857336468924027755	17500	
1	3	-40.104	-2.000		0.030	19.399	C8H19O3PS	[M + H]+	C8H20O3PS+	CCLBBCBPHBBKKD	InChI=1S/C8H19O3PS/c1-3-5-7-10-12(9,13)11-8-6-4-2/h3-8H2,1-2H3,(H,9,13)	O,O-Dibutyl hydrogen thiophosphate	CCCCOP(=S)(O)OCCCC	227.087	902	15.034	857348447196757619	857336468974359408	857336468974359407	17505	
1	2	-86.448	-8.214		0.002	41.110	C12H30N6O2	[M + H]+	C12H31N6O2+	NXLMFCUHFMFPHZ	InChI=1S/C12H30N6O2/c13-8-4-1-2-5-9-15-12(14)17-16-10-6-3-7-11-18(19)20/h16,18-19H,1-11,13H2,(H3,14,15,17)		NCCCCCCNC(N)=NNCCCCC[NH+]([O-])O	291.253	903	15.050	857348445342875223	857336469024691060	857336469024691059	17536	
1	3	-185.351	-7.071		0.013	12.391	C16H38FN5O	[M + H]+	C16H39FN5O+	PZQXMMJWORHFFW	InChI=1S/C16H38FN5O/c1-2-3-4-5-6-10-13-19-16(23)15-18-12-9-7-8-11-14-20-22-21-17/h16,18-23H,2-15H2,1H3		CCCCCCCCNC(O)CNCCCCCCNNNF	336.311	903	15.050	857348452901011336	857336469075022712	857336469075022711	17532	
1	1	-82.936	-4.322		0.996	21.687	C16H34O4	[M + H3N + H]+	C16H38NO4+	UKODLHVFJRCQME	InChI=1S/C16H34O4/c1-2-3-4-5-6-7-8-9-11-18-13-15-20-16-14-19-12-10-17/h17H,2-16H2,1H3	2-[2-[2-(1,1-Dideuteriodecoxy)ethoxy]ethoxy]ethanol	CCCCCCCCCCOCCOCCOCCO	308.280	903	15.050	857348447658131067	857336469129548668	857336469129548667	17531	
1	1	-197.360	-9.058		0.666	14.683	C16H41N7O3	[M + H]+	C16H42N7O3+	JBYRLRZBAZWTCR	InChI=1S/C16H41N7O3/c17-16(14-24)15-26-13-12-25-11-9-21-7-4-2-1-3-6-20-8-5-10-23(19)22-18/h16,20-22,24H,1-15,17-19H2		NNN(N)CCCNCCCCCCNCCOCCOCC(N)CO	380.337	905	15.081	857348453823758223	857336469179880320	857336469179880319	17578	
1	1	-43.964	-0.206		1.000	37.636	C18H38O5	[M + H]+	C18H39O5+	ASMWIUUCZFNLHL	InChI=1S/C18H38O5/c1-2-3-4-5-6-7-8-9-11-20-13-15-22-17-18-23-16-14-21-12-10-19/h19H,2-18H2,1H3	3,6,9,12-Tetraoxadocosan-1-ol	CCCCCCCCCCOCCOCCOCCOCCO	335.279	905	15.082	857348456604581785	857336469230211972	857336469230211971	17583	
1	1	-78.828	-8.320		0.996	25.534	C17H24O4	[M + H]+	C17H25O4+	NZOFKXGQXVRDNW	InChI=1S/C17H24O4/c1-17(2,3)11-7-4-8-12-21-16(20)14-10-6-5-9-13(14)15(18)19/h5-6,9-10H,4,7-8,11-12H2,1-3H3,(H,18,19)	2-(6,6-Dimethylheptoxycarbonyl)benzoate	CC(C)(C)CCCCCOC(=O)C1=CC=CC=C1C(=O)O	293.175	905	15.086	857348465752358980	857336469288932232	857336469284737927	17562	
1	1	-86.816	-7.443		0.999	31.078	C17H24O3	[M + H]+	C17H25O3+	IRJRNGMSRUMAQD	InChI=1S/C17H24O3/c1-8-9-10-13(18)11(16(2,3)4)12(17(5,6)7)15(20)14(10)19/h8,19H,1,9H2,2-7H3		C=CCC1=C(O)C(=O)C(C(C)(C)C)=C(C(C)(C)C)C1=O	277.180	906	15.106	857348467862093990	857336469339263884	857336469339263883	17673	
1	1	-68.003	-0.116		1.000	46.317	C15H31NO2	[M + H]+	C15H32NO2+	QIGCFPDRVPZWCY	InChI=1S/C15H31NO2/c1-2-3-4-5-6-7-8-9-10-11-12-13-16-14-15(17)18/h16H,2-14H2,1H3,(H,17,18)	Glycine, N-tridecyl-	CCCCCCCCCCCCCNCC(=O)O	258.243	908	15.131	857348467434274976	857336469393789840	857336469389595535	17657	
1	1	-70.548	-6.768		1.000	23.019	C15H32O3	[M + H]+	C15H33O3+	WSNYYDUKAZRHNP	InChI=1S/C15H32O3/c1-3-4-5-6-7-8-9-10-11-17-14-15-18-13-12-16-2/h3-15H2,1-2H3		CCCCCCCCCCOCCOCCOC	261.243	909	15.147	857348467849511074	857336469444121492	857336469439927187	17683	
1	1	-70.687	-3.219		0.999	32.821	C17H24O4	[M + H]+	C17H25O4+	RNCMBSSLYOAVRT	InChI=1S/C17H24O4/c1-13(2)9-5-3-4-8-12-21-17(20)15-11-7-6-10-14(15)16(18)19/h6-7,10-11,13H,3-5,8-9,12H2,1-2H3,(H,18,19)	Monoisononyl Phthalate	CC(C)CCCCCCOC(=O)C1=CC=CC=C1C(=O)O	293.175	912	15.204	857348471855071452	857336469494453144	857336469494453143	17760	
1	8	-138.792	-8.941		0.005	30.789	C23H31N5O3	[M + K]+	C23H31KN5O3+	PRTFRUWIXANASP	InChI=1S/C23H31N5O3/c29-14-11-25-13-16-31-21-5-1-19(2-6-21)9-10-24-12-15-30-22-7-3-20(4-8-22)17-23-26-18-27-28-23/h1-8,18,24-25,29H,9-17H2,(H,26,27,28)		OCCNCCOc1ccc(CCNCCOc2ccc(Cc3ncn[nH]3)cc2)cc1	464.207	916	15.263	857348495833908833	857336469548979100	857336469548979099	17810	
1	3	-33.421	-0.501		0.080	45.943	C19H17O4P	[M + H]+	C19H18O4P+	XMNDMAQKWSQVOV	InChI=1S/C19H17O4P/c1-16-10-8-9-15-19(16)23-24(20,21-17-11-4-2-5-12-17)22-18-13-6-3-7-14-18/h2-15H,1H3	Cresyl diphenylphosphate	CC1=CC=CC=C1OP(=O)(OC2=CC=CC=C2)OC3=CC=CC=C3	341.094	916	15.275	857348714709469984	857336469607699360	857336469603505055	17819	
1	1	-86.768	-5.477		0.333	238.479	C13H14O2	[M + H]+	C13H15O2+	UVYUUQGGBNKRFU	InChI=1S/C13H14O2/c1-8(2)13-7-11-6-10(9(3)14)4-5-12(11)15-13/h4-6,13H,1,7H2,2-3H3	Tremetone	CC(=C)C1CC2=C(O1)C=CC(=C2)C(=O)C	203.107	920	15.330	857348725706935104	857336469666419620	857336469666419619	17899	
1	1	-75.470	-6.587		1.000	164.410	C11H12O	[M + H]+	C11H13O+	GDJUKAPDSBBJDU	InChI=1S/C11H12O/c1-8-5-4-6-9(2)11(8)10(3)7-12/h4-6H,1-3H3	Methyl(2,6-dimethylphenyl)ketene	CC1=C(C(=CC=C1)C)C(=C=O)C	161.096	920	15.331	857348702726342340	857336469729334184	857336469729334183	17902	
1	2	-114.137	-6.470		0.500	113.471	C13H16O3	[M + C2H3N + H]+	C15H20NO3+	QUICTSPDEORZBQ	InChI=1S/C13H16O3/c1-5-16-13(14)10(3)11-6-7-12(15-4)9(2)8-11/h5-8,10H,1H2,2-4H3		C=COC(=O)C(C)c1ccc(OC)c(C)c1	262.144	920	15.332	857348711995755213	857336469788054444	857336469788054443	17904	
1	1	-75.911	-8.546		1.000	121.412	C17H24O3	[M + H]+	C17H25O3+	OQEFHIATRHJBHJ	InChI=1S/C17H24O3/c1-9-11(10(2)18)15(20)13(17(6,7)8)12(14(9)19)16(3,4)5/h1-8H3		CC(=O)C1=C(C)C(=O)C(C(C)(C)C)=C(C(C)(C)C)C1=O	277.180	920	15.333	857348735802625642	857336469850969008	857336469850969007	17901	
1	2	-93.329	-5.854		0.000	136.002	C14H28O2	[M + Na]+	C14H28NaO2+	USXUKSHWBYQZEA	InChI=1S/C14H28O2/c1-13(2,9-10-15)11-5-7-12(8-6-11)14(3,4)16/h11-12,15-16H,5-10H2,1-4H3		CC(C)(O)C1CCC(C(C)(C)CCO)CC1	251.201	923	15.391	857348705096124272	857336469909689268	857336469909689267	17985	
1	1	-47.981	-1.120		1.000	6.146	C20H43N	[M + H]+	C20H44N+	BUHXFUSLEBPCEB	InChI=1S/C20H43N/c1-2-3-4-5-6-7-8-9-10-11-12-13-14-15-16-17-18-19-20-21/h2-21H2,1H3	1-Eicosanamine	CCCCCCCCCCCCCCCCCCCCN	298.347	925	15.412	857348712578763549	857336469960020920	857336469960020919	18013	
1	1	-68.528	-4.470		1.000	43.014	C17H24O4	[M + H]+	C17H25O4+	RNCMBSSLYOAVRT	InChI=1S/C17H24O4/c1-13(2)9-5-3-4-8-12-21-17(20)15-11-7-6-10-14(15)16(18)19/h6-7,10-11,13H,3-5,8-9,12H2,1-2H3,(H,18,19)	Monoisononyl Phthalate	CC(C)CCCCCCOC(=O)C1=CC=CC=C1C(=O)O	293.175	927	15.446	857348727141387100	857336470014546876	857336470014546875	18062	
1	1	-34.159	-0.920		0.999	35.147	C19H20O4	[M + H]+	C19H21O4+	IRIAEXORFWYRCZ	InChI=1S/C19H20O4/c1-2-3-13-22-18(20)16-11-7-8-12-17(16)19(21)23-14-15-9-5-4-6-10-15/h4-12H,2-3,13-14H2,1H3	Sicol 160	CCCCOC(=O)C1=CC=CC=C1C(=O)OCC2=CC=CC=C2	313.143	927	15.453	857348728479370086	857336470069072832	857336470064878527	18030	
1	1	-130.999	-7.165		1.000	111.027	C17H32O2	[M + H]+	C17H33O2+	NRKJRACGJLVROU	InChI=1S/C17H32O2/c18-16-14-12-10-8-6-4-2-1-3-5-7-9-11-13-15-17-19/h16-17H,1-15H2	Heptadecanedial	C(CCCCCCCC=O)CCCCCCCC=O	269.248	929	15.486	857348732824669799	857336470119404484	857336470119404483	18098	
1	1	-93.059	-4.013		1.000	5.784	C21H45N	[M + H]+	C21H46N+	ATBNMWWDBWBAHM	InChI=1S/C21H45N/c1-4-6-8-10-12-14-16-18-20-22(3)21-19-17-15-13-11-9-7-5-2/h4-21H2,1-3H3	methylamine,n,n-bis(n.-decyl)	CCCCCCCCCCN(C)CCCCCCCCCC	312.362	930	15.498	857348727095249755	857336470169736136	857336470169736135	18109	
1	3	-161.674	-7.537		0.050	44.250	C19H19NO5S	[M + Na]+	C19H19NNaO5S+	WMEKCTGYLQJDHJ	InChI=1S/C19H19NO5S/c1-5-16-20-12(4)17(26-16)15(21)10-24-18(22)13-6-8-14(9-7-13)19(23)25-11(2)3/h5-9,11H,1,10H2,2-4H3		C=Cc1nc(C)c(C(=O)COC(=O)c2ccc(C(=O)OC(C)C)cc2)s1	396.086	934	15.572	857348788818628253	857336470224262092	857336470224262091	18283	
1	6	-245.169	-8.108		0.015	7.442	C17H29N5O	[M + K]+	C17H29KN5O+	SIICXIOAOPTWOV	InChI=1S/C17H29N5O/c1-3-5-11-18-15-20-16(19-13-14-9-7-8-10-14)22-17(21-15)23-12-6-4-2/h4,14H,2-3,5-13H2,1H3,(H2,18,19,20,21,22)		C=CCCOc1nc(NCCCC)nc(NCC2CCCC2)n1	358.201	935	15.589	857348750235225740	857336470278788048	857336470278788047	18293	
1	1	-32.663	-5.894		0.990	33.970	C7H6	[M + H]+	C7H7+	WGSGKLSYPKUZAD	InChI=1S/C7H6/c1-2-6-4-7(3-1)5-6/h1-4H,5H2	Bicyclo[3.1.1]hepta-1(6),2,4-triene	C1C2=CC1=CC=C2	91.054	936	15.595	857348742681284226	857336470329119700	857336470329119699	18299	
1	9	-33.001	-0.920		0.000	39.186	C19H20O4	[M + H]+	C19H21O4+	IRIAEXORFWYRCZ	InChI=1S/C19H20O4/c1-2-3-13-22-18(20)16-11-7-8-12-17(16)19(21)23-14-15-9-5-4-6-10-15/h4-12H,2-3,13-14H2,1H3	Sicol 160	CCCCOC(=O)C1=CC=CC=C1C(=O)OCC2=CC=CC=C2	313.143	936	15.597	857348758858714777	857336470559806424	857336470555612119	18301	
1	1	-22.583	-1.152		1.000	22.882	C2H4O2	[M + K]+	C2H4KO2+	IEZWOVIWXFLQTP	InChI=1S/C2H4O2/c1-2-4-3/h2-3H,1H2	Oxidooxyethene	C=COO	98.984	941	15.686	857348973040848719	857336470618526684	857336470614332379	18367	
1	1	-71.091	-5.322		1.000	128.455	C18H24O2	[M + H]+	C18H25O2+	ZDEWBSPWHQNJEC	InChI=1S/C18H24O2/c1-7-8-20-16(19)13-10-15-14(9-12(13)2)17(3,4)11-18(15,5)6/h7,9-10H,1,8,11H2,2-6H3		C=CCOC(=O)c1cc2c(cc1C)C(C)(C)CC2(C)C	273.185	943	15.722	857348982121519107	857336470677246944	857336470677246943	18470	
1	1	-181.871	-8.752		0.994	16.935	C18H32O7	[M + Na]+	C18H32NaO7+	ICPPSYIOPJZRBD	InChI=1S/C18H32O7/c1-11(2)9-13(20)23-14(16(22)25-18(6,7)8)12(10-19)15(21)24-17(3,4)5/h11-12,14,19H,9-10H2,1-8H3		CC(C)CC(=O)OC(C(=O)OC(C)(C)C)C(CO)C(=O)OC(C)(C)C	383.204	950	15.839	857348977860105113	857336470731772900	857336470727578595	18592	
1	1	-33.610	-4.028		0.994	56.707	C18H32O7	[M + H]+	C18H33O7+	ZFOZVQLOBQUTQQ	InChI=1S/C18H32O7/c1-4-7-10-23-15(19)13-18(22,17(21)25-12-9-6-3)14-16(20)24-11-8-5-2/h22H,4-14H2,1-3H3	Citroflex 4	CCCCOC(=O)CC(CC(=O)OCCCC)(C(=O)OCCCC)O	361.222	951	15.842	857348977776218910	857336470782104552	857336470782104551	18603	
1	4	-168.417	-9.500		0.056	11.410	C16H35N7O5	[M + H]+	C16H36N7O5+	ZPAQWDWOCNKOGV	InChI=1S/C16H35N7O5/c1-27-10-12(17)14(24)20-6-2-4-8-22-16(26)23-9-5-3-7-21-15(25)13(18)11-28-19/h12-13H,2-11,17-19H2,1H3,(H,20,24)(H,21,25)(H2,22,23,26)		COCC(N)C(=O)NCCCCNC(=O)NCCCCNC(=O)C(N)CON	406.280	951	15.843	857348977860105126	857336470832436204	857336470832436203	18606	
1	1	-118.939	-5.709		1.000	14.420	C13H27NO	[M + H]+	C13H28NO+	RYGFLUQHZZRLMA	InChI=1S/C13H27NO/c1-2-3-4-5-6-7-8-9-11-14-12-10-13-15/h13-14H,2-12H2,1H3	3-(Decylamino)propanal	CCCCCCCCCCNCCC=O	214.217	953	15.890	857348975939112814	857336470886962160	857336470882767855	18668	
1	1	-120.459	-5.779		1.000	42.711	C17H36O4	[M + H]+	C17H37O4+	ASULYNFXTCGEAN	InChI=1S/C17H36O4/c1-2-3-4-5-6-7-8-9-10-12-19-14-16-21-17-15-20-13-11-18/h18H,2-17H2,1H3		CCCCCCCCCCCOCCOCCOCCO	305.269	960	15.996	857348977910436781	857336470937293812	857336470933099507	18791	
1	1	-117.841	-5.783		0.985	16.866	C20H39N5	[M + H]+	C20H40N5+	UVRSUPIOWPRVAP	InChI=1S/C20H39N5/c1-3-5-7-9-11-12-14-16-18-21-20-24-22-19(23-25-20)17-15-13-10-8-6-4-2/h3-18H2,1-2H3,(H,21,24,25)		CCCCCCCCCCNc1nnc(CCCCCCCC)nn1	350.326	960	16.001	857348993156733375	857336470991819768	857336470991819767	18794	
1	1	-108.062	-6.569		0.999	52.708	C16H14O	[M + H]+	C16H15O+	VVEGZFBRICYCMV	InChI=1S/C16H14O/c1-11(17)12-2-4-13(5-3-12)15-8-6-14-7-9-16(14)10-15/h2-6,8,10H,7,9H2,1H3		CC(=O)c1ccc(-c2ccc3c(c2)CC3)cc1	223.112	960	16.001	857349000115083898	857336471042151420	857336471042151419	18811	
1	1	-51.783	-0.180		0.992	34.921	C15H32O3	[M + H]+	C15H33O3+	JHLNZBMSRRDBRC	InChI=1S/C15H32O3/c1-2-3-4-5-6-7-8-9-10-12-17-14-15-18-13-11-16/h16H,2-15H2,1H3	2-(2-(Undecyloxy)ethoxy)ethanol	CCCCCCCCCCCOCCOCCO	261.243	971	16.182	857348986491984268	857336471092483072	857336471092483071	19072	
1	1	-115.777	-4.673		1.000	41.830	C17H36O4	[M + H]+	C17H37O4+	ASULYNFXTCGEAN	InChI=1S/C17H36O4/c1-2-3-4-5-6-7-8-9-10-12-19-14-16-21-17-15-20-13-11-18/h18H,2-17H2,1H3		CCCCCCCCCCCOCCOCCOCCO	305.269	972	16.197	857348990413658531	857336471142814724	857336471142814723	19117	
1	2	-212.125	-7.237		0.378	21.592	C19H36N8O4	[M + H]+	C19H37N8O4+	ZFHLYZKXBMEKPK	InChI=1S/C19H36N8O4/c1-3-5-7-20-14(6-4-2)15(16(31)21-8-11-28)24-19-26-17(22-9-12-29)25-18(27-19)23-10-13-30/h15,28-30H,3-13H2,1-2H3,(H,21,31)(H3,22,23,24,25,26,27)		CCCCN=C(CCC)C(Nc1nc(NCCO)nc(NCCO)n1)C(=O)NCCO	441.295	973	16.214	857348988056459674	857336471247672332	857336471247672331	19173	
1	2	-113.410	-9.457		0.076	6.705	C14H32N6O3	[M + H3N + H]+	C14H36N7O3+	VANZGPYNYMDMTR	InChI=1S/C14H32N6O3/c1-2-3-8-17-13(15)18-9-4-5-10-19-14(16)20-11-6-7-12-22-23-21/h21H,2-12H2,1H3,(H3,15,17,18)(H3,16,19,20)		CCCCN=C(N)NCCCCN=C(N)NCCCCOOO	350.290	977	16.291	857348988010322320	857336471423833112	857336471423833111	19285	
1	1	-65.909	-6.349		1.000	73.173	C18H36O5	[M + H]+	C18H37O5+	XNENOEAGGKRUHS	InChI=1S/C18H36O5/c1-2-3-4-5-6-7-8-9-15(19)10-11-16(20)12-13-17(21)14-18(22)23/h15-17,19-21H,2-14H2,1H3,(H,22,23)		CCCCCCCCCC(O)CCC(O)CCC(O)CC(=O)O	333.264	978	16.296	857348997111962062	857336471474164764	857336471474164763	19292	
1	1	-68.499	-1.298		1.000	93.412	C16H32O4	[M + H]+	C16H33O4+	OUNZARDETXBPIX	InChI=1S/C16H32O4/c1-2-3-4-5-6-7-8-9-10-11-12-19-13-14-20-15-16(17)18/h2-15H2,1H3,(H,17,18)	Laureth-7 carboxylic acid	CCCCCCCCCCCCOCCOCC(=O)O	289.237	979	16.321	857348992129128885	857336471532885024	857336471532885023	19322	
1	1	-116.369	-4.606		0.980	25.597	C16H32O4	[M + Na]+	C16H32NaO4+	XKUKFJJPOXEIFM	InChI=1S/C16H32O4/c1-2-3-4-5-6-7-8-10-14(17)11-9-12-15(18)13-16(19)20/h14-15,17-18H,2-13H2,1H3,(H,19,20)		CCCCCCCCCC(O)CCCC(O)CC(=O)O	311.219	979	16.322	857349024622409426	857336471587410980	857336471587410979	19314	
1	3	-356.718	-7.170		0.002	67.753	C43H73O8P	[M + H]+	C43H74O8P+	FUFYOHKJGSYROW	InChI=1S/C43H73O8P/c1-3-5-7-9-11-13-15-17-19-21-23-25-27-29-31-33-35-37-42(44)49-39-41(40-50-52(46,47)48)51-43(45)38-36-34-32-30-28-26-24-22-20-18-16-14-12-10-8-6-4-2/h41H,3-22,24,26,28,30,32,34-40H2,1-2H3,(H2,46,47,48)		CCCCCCCCCCCC#CC#CC#CCCC(=O)OCC(COP(=O)(O)O)OC(=O)CCCCCCCCCCCCCCCCCCC	749.504	980	16.331	857349119774392010	857336471704851500	857336471704851499	19333	
1	1	-75.463	-7.924		1.000	71.432	C14H26O2	[M + H]+	C14H27O2+	HYFVXXMGAQPQRS	InChI=1S/C14H26O2/c1-2-3-4-5-6-7-8-9-10-11-12-13-14-16-15/h15H,2-12H2,1H3		CCCCCCCCCCCCC#COO	227.201	981	16.348	857349114682506950	857336471763571760	857336471763571759	19437	
1	1	-112.798	-9.469		1.000	127.535	C19H38O4	[M - H2O + H]+	C19H37O3+	QCHAVULXFGSBMV	InChI=1S/C19H38O4/c1-3-4-5-6-7-8-9-12-17(2)13-10-11-14-19(22)23-16-18(21)15-20/h17-18,20-21H,3-16H2,1-2H3		CCCCCCCCCC(C)CCCCC(=O)OCC(O)CO	313.274	981	16.353	857349024890844892	857336471813903412	857336471813903411	19366	
1	4	-144.775	-8.186		0.113	12.623	C19H25F6NO2	[M + H]+	C19H26F6NO2+	KCSASRRBUXPWAH	InChI=1S/C19H25F6NO2/c1-27-17(6-2-3-7-17)28-9-5-4-8-26-13-14-10-15(18(20,21)22)12-16(11-14)19(23,24)25/h10-12,26H,2-9,13H2,1H3		COC1(OCCCCNCc2cc(C(F)(F)F)cc(C(F)(F)F)c2)CCCC1	414.183	993	16.556	857349147251277525	857336471868429368	857336471868429367	19610	
1	4	-99.856	-6.974		0.007	50.514	C19H22ClFO4	[M + H]+	C19H23ClFO4+	KKPFIPPGZIACCO	InChI=1S/C19H22ClFO4/c1-6-7-16(20)17(21)18(19(22)24-13(4)5)25-15-10-8-14(9-11-15)23-12(2)3/h8-13,18H,1-5H3		CC#CC(Cl)=C(F)C(Oc1ccc(OC(C)C)cc1)C(=O)OC(C)C	369.125	994	16.558	857349077533556415	857336471918761020	857336471918761019	19614	
1	1	-181.706	-7.822		0.997	67.196	C21H36O4	[M + H3N + H]+	C21H40NO4+	PLCVABYUIZEVQH	InChI=1S/C21H36O4/c1-3-5-7-9-10-11-13-15-19-25-21(23)17-16-20(22)24-18-14-12-8-6-4-2/h3-12,14,16-19H2,1-2H3		CCCCCCCC#CCOC(=O)CCC(=O)OCCCCCCC	370.295	997	16.615	857349497681183455	857336471969092672	857336471969092671	19701	
1	1	-175.628	-9.252		1.000	81.517	C23H40O5	[M + H]+	C23H41O5+	LASJZMBQPXYJOH	InChI=1S/C23H40O5/c1-17(2)8-7-9-18(3)14-22(25)28-16-19(4)12-13-27-23(26)15-20-10-5-6-11-21(20)24/h12,17-18,20-21,24H,5-11,13-16H2,1-4H3		CC(=CCOC(=O)CC1CCCCC1O)COC(=O)CC(C)CCCC(C)C	397.295	997	16.616	857349503960056557	857336472015230020	857336472015230019	19695	
1	1	-152.306	-7.397		1.000	71.069	C23H40O5	[M + H3N + H]+	C23H44NO5+	KOYKMUVMCHKZNZ	InChI=1S/C23H40O5/c1-2-3-4-5-6-9-15-25-16-17-26-18-19-27-20-21-28-23(24)14-10-13-22-11-7-8-12-22/h22H,2-9,11-12,14-21H2,1H3		CCCCCCCCOCCOCCOCCOC(=O)CC#CC1CCCC1	414.321	997	16.620	857349508145971970	857336472061367368	857336472061367367	19702	
1	1	-183.550	-6.310		0.994	29.033	C20H28O5	[M + H]+	C20H29O5+	YGVJMAVTLPMJRP	InChI=1S/C20H28O5/c1-15(2)9-5-4-8-13-24-19(22)17-10-6-7-11-18(17)20(23)25-14-12-16(3)21/h6-7,10-11,15H,4-5,8-9,12-14H2,1-3H3		CC(=O)CCOC(=O)c1ccccc1C(=O)OCCCCCC(C)C	349.201	1008	16.807	857349508087251704	857336472111699020	857336472111699019	19916	
1	11	-25.875	-4.650		0.000	47.339	C21H21O4P	[M + H]+	C21H22O4P+	RMLPZKRPSQVRAB	InChI=1S/C21H21O4P/c1-16-7-4-10-19(13-16)23-26(22,24-20-11-5-8-17(2)14-20)25-21-12-6-9-18(3)15-21/h4-15H,1-3H3	Tri-m-tolyl phosphate	CC1=CC(=CC=C1)OP(=O)(OC2=CC=CC(=C2)C)OC3=CC=CC(=C3)C	369.125	1009	16.812	857349524780583990	857336472157836368	857336472157836367	19920	
1	2	-75.406	-5.789		0.450	8.949	C18H39NOS	[M + K]+	C18H39KNOS+	YQXPFEWUGDOPEM	InChI=1S/C18H39NOS/c1-3-5-7-9-10-11-12-15-19-16-14-18-21(20)17-13-8-6-4-2/h19H,3-18H2,1-2H3		CCCCCCCCCNCCCS(=O)CCCCCC	356.238	1016	16.935	857349510192792700	857336472266888280	857336472266888279	20086	
1	3	-89.316	-8.056		0.003	33.271	C24H22	[M + H]+	C24H23+	GKGARCZULNRMBR	InChI=1S/C24H22/c1-23(2)21-11-7-5-9-18(21)19-13-12-17(14-22(19)23)24(3)15-16-8-4-6-10-20(16)24/h4-14H,15H2,1-3H3		CC1(C)c2ccccc2-c2ccc(C3(C)Cc4ccccc43)cc21	311.180	1016	16.937	857349521261561388	857336472317219932	857336472317219931	20092	
1	1	-87.717	-5.950		1.000	77.347	C17H16O	[M + H]+	C17H17O+	ULHYKFMHPUAVOC	InChI=1S/C17H16O/c1-4-12-5-6-13-14(9-12)17(18)15-8-10(2)7-11(3)16(13)15/h5-9H,4H2,1-3H3		CCc1ccc2c(c1)C(=O)c1cc(C)cc(C)c1-2	237.127	1017	16.956	857349522696013364	857336472367551584	857336472367551583	20119	
1	1	-121.261	-7.206		0.541	9.579	C21H41N5	[M + H]+	C21H42N5+	VGFPBBWOUGIVBI	InChI=1S/C21H41N5/c1-2-3-4-5-6-7-8-9-10-11-12-13-14-15-16-17-18-23-21-25-19-24-20(22)26-21/h19H,2-18H2,1H3,(H3,22,23,24,25,26)		CCCCCCCCCCCCCCCCCCNc1ncnc(N)n1	364.342	1018	16.974	857349521244784162	857336472422077540	857336472417883235	20256	
1	2	-306.439	-6.678		0.443	50.971	C43H70O8	[M + H]+	C43H71O8+	GXDYDIBNUQMWCA	InChI=1S/C43H70O8/c1-25-21-32(49-24-38(25,4)5)51-34-33(45)28(44)23-48-35(34)50-31-14-15-40(8)29(39(31,6)7)13-16-42(10)30(40)12-11-26-27-22-37(2,3)17-19-43(27,36(46)47)20-18-41(26,42)9/h11,25,27-35,44-45H,12-24H2,1-10H3,(H,46,47)		CC1CC(OC2C(OC3CCC4(C)C(CCC5(C)C4CC=C4C6CC(C)(C)CCC6(C(=O)O)CCC45C)C3(C)C)OCC(O)C2O)OCC1(C)C	715.520	1019	16.978	857349761775539852	857336472468214888	857336472468214887	20148	
1	1	-63.892	-5.929		1.000	41.948	C17H36O3	[M + H]+	C17H37O3+	IBTRSSQRCAGPJP	InChI=1S/C17H36O3/c1-16(19)13-11-9-7-5-3-2-4-6-8-10-12-14-17(20)15-18/h16-20H,2-15H2,1H3		CC(O)CCCCCCCCCCCCCC(O)CO	289.274	1024	17.064	857349779630691990	857336472518546540	857336472518546539	20281	
1	3	-120.985	-7.356		0.005	31.330	C19H34N4	[M + H]+	C19H35N4+	CLFIEOKPCPLYCT	InChI=1S/C19H34N4/c1-2-3-4-5-6-7-8-9-10-11-14-17-22-19(21)23-18-15-12-13-16-20/h2-11,14-15,17-18H2,1H3,(H3,21,22,23)		CCCCCCCCCCCCCNC(N)=NCCC#CC#N	319.284	1024	17.075	857349781530711709	857336472577266800	857336472573072495	20296	
1	1	-132.336	-7.839		1.000	50.749	C14H29NO	[M + H]+	C14H30NO+	JPDCAAMJJHFYPK	InChI=1S/C14H29NO/c1-2-3-4-5-6-7-8-9-10-11-12-14(16)13-15/h2-13,15H2,1H3	1-Aminotetradecanone	CCCCCCCCCCCCC(=O)CN	228.232	1028	17.127	857349811415138073	857336472682124408	857336472682124407	20352	
1	1	-65.867	-5.916		1.000	82.936	C16H24O7	[M + H]+	C16H25O7+	UUBBPXMJVCPIIK	InChI=1S/C16H24O7/c1-4-7-9-22-14(18)12-16(20,11-13(17)21-6-3)15(19)23-10-8-5-2/h20H,5-6,8-12H2,1-3H3		CC#CCOC(=O)CC(O)(CC(=O)OCC)C(=O)OCCCC	329.159	1029	17.156	857349834177627844	857336472736650364	857336472736650363	20412	
1	1	-191.321	-7.362		0.998	66.603	C22H41NO8	[M + H]+	C22H42NO8+	SIEFPYJYPVLFSZ	InChI=1S/C22H41NO8/c1-8-11-13-28-19(25)16-22(27-7,29-10-3)31-20(26)21(6,30-14-12-9-2)23-18(24)15-17(4)5/h17H,8-16H2,1-7H3,(H,23,24)		CCCCOC(=O)CC(OC)(OCC)OC(=O)C(C)(NC(=O)CC(C)C)OCCCC	448.291	1029	17.156	857349812723762151	857336472786982016	857336472786982015	20399	
1	1	-109.117	-7.800		0.942	40.170	C20H34O8	[M + Na]+	C20H34NaO8+	QZCLKYGREBVARF	InChI=1S/C20H34O8/c1-5-8-11-25-17(22)14-20(28-16(4)21,19(24)27-13-10-7-3)15-18(23)26-12-9-6-2/h5-15H2,1-4H3	Blo-trol	CCCCOC(=O)CC(CC(=O)OCCCC)(C(=O)OCCCC)OC(=O)C	425.215	1029	17.157	857349829509367165	857336472845702276	857336472845702275	20414	
1	1	-33.503	-4.028		0.497	57.119	C18H32O7	[M + H]+	C18H33O7+	ZFOZVQLOBQUTQQ	InChI=1S/C18H32O7/c1-4-7-10-23-15(19)13-18(22,17(21)25-12-9-6-3)14-16(20)24-11-8-5-2/h22H,4-14H2,1-3H3	Citroflex 4	CCCCOC(=O)CC(CC(=O)OCCCC)(C(=O)OCCCC)O	361.222	1029	17.157	857349812719567834	857336472896033928	857336472896033927	20422	
1	1	-16.204	-3.448		1.000	64.755	C20H34O8	[M + H]+	C20H35O8+	QZCLKYGREBVARF	InChI=1S/C20H34O8/c1-5-8-11-25-17(22)14-20(28-16(4)21,19(24)27-13-10-7-3)15-18(23)26-12-9-6-2/h5-15H2,1-4H3	Blo-trol	CCCCOC(=O)CC(CC(=O)OCCCC)(C(=O)OCCCC)OC(=O)C	403.233	1029	17.158	857349915165472160	857336472950559884	857336472950559883	20420	
1	1	-81.394	-4.564		1.000	44.604	C17H36O3	[M + H]+	C17H37O3+	CXWTVZDRYKNMMX	InChI=1S/C17H36O3/c1-2-3-4-5-6-7-8-9-10-11-12-16(19)13-14-17(20)15-18/h16-20H,2-15H2,1H3		CCCCCCCCCCCCC(O)CCC(O)CO	289.274	1034	17.230	857349910644012401	857336473063806100	857336473063806099	20500	
1	1	-91.716	-3.505		1.000	46.865	C15H31NO	[M + H]+	C15H32NO+	AZWGBXIPQKPEME	InChI=1S/C15H31NO/c1-3-5-7-8-9-10-11-13-16(14-15-17)12-6-4-2/h15H,3-14H2,1-2H3		CCCCCCCCCN(CC=O)CCCC	242.248	1035	17.255	857349910597875046	857336473118332056	857336473114137751	20545	
1	1	-183.904	-5.252		0.942	24.944	C15H32N4O2	[M + Na]+	C15H32N4NaO2+	WJFJBSMGSNHLCQ	InChI=1S/C15H32N4O2/c1-2-3-4-5-6-7-8-9-10-11-14(20)17-13-18-15(21)12-19-16/h19H,2-13,16H2,1H3,(H,17,20)(H,18,21)		CCCCCCCCCCCC(=O)NCNC(=O)CNN	323.235	1049	17.476	857349917497505197	857336473214801056	857336473214801055	20856	
1	1	-119.545	-4.739		1.000	61.591	C17H32O3	[M + H]+	C17H33O3+	XSWYNKSXRRGZGL	InChI=1S/C17H32O3/c1-2-3-10-13-16(18)14-11-8-6-4-5-7-9-12-15-17(19)20/h2,16,18H,1,3-15H2,(H,19,20)		C=CCCCC(O)CCCCCCCCCCC(=O)O	285.242	1049	17.479	857349915018671513	857336473265132708	857336473265132707	20859	
1	1	-45.581	-0.904		1.000	62.545	C12H14O4	[M + H]+	C12H15O4+	YZBOVSFWWNVKRJ	InChI=1S/C12H14O4/c1-2-3-8-16-12(15)10-7-5-4-6-9(10)11(13)14/h4-7H,2-3,8H2,1H3,(H,13,14)	monobutyl ester	CCCCOC(=O)C1=CC=CC=C1C(=O)O	223.097	1052	17.540	857349927299593722	857336473315464360	857336473315464359	20933	
1	1	-111.306	-9.831		1.000	41.806	C16H33NO	[M + H]+	C16H34NO+	HGDNNEAWKZSOBF	InChI=1S/C16H33NO/c1-3-5-7-9-10-11-13-15-17(16-18)14-12-8-6-4-2/h16H,3-15H2,1-2H3		CCCCCCCCCN(C=O)CCCCCC	256.264	1056	17.603	857349928725657093	857336473361601708	857336473361601707	21087	
1	1	-70.334	-3.659		0.500	58.074	C17H36O3	[M + H]+	C17H37O3+	CXWTVZDRYKNMMX	InChI=1S/C17H36O3/c1-2-3-4-5-6-7-8-9-10-11-12-16(19)13-14-17(20)15-18/h16-20H,2-15H2,1H3		CCCCCCCCCCCCC(O)CCC(O)CO	289.274	1058	17.630	857349914511160720	857336473416127664	857336473411933359	21028	
1	7	-145.131	-7.697		0.019	36.219	C20H33N3O3S2	[M + K]+	C20H33KN3O3S2+	LVCVGBFZHAMNEL	InChI=1S/C20H33N3O3S2/c1-2-3-4-7-14-21-20(24)22-15-8-5-6-9-16-23-28(25,26)19-12-10-18(17-27)11-13-19/h10-13,23,27H,2-9,14-16H2,1H3,(H2,21,22,24)		CCCCCCNC(=O)NCCCCCCNS(=O)(=O)c1ccc(C#[SH])cc1	466.162	1065	17.749	857349969456543410	857336473462265012	857336473462265011	21192	
1	1	-10.744	-2.482		1.000	20.331	C2H4OS	[M + K]+	C2H4KOS+	LGPCWKWKDCSZRO	InChI=1S/C2H4OS/c1-2-4-3/h2,4H,1H2		C=C[SH]=O	114.961	1068	17.797	857349924040619460	857336473508402360	857336473508402359	21258	
1	1	-94.894	-6.700		0.841	29.754	C17H34OS	[M + K]+	C17H34KOS+	IUNKYXGJRBQVPG	InChI=1S/C17H34OS/c1-3-5-6-7-8-9-10-11-12-13-14-16-19-17-15-18-4-2/h4H,2-3,5-17H2,1H3		C=COCCSCCCCCCCCCCCCC	325.196	1068	17.801	857349943061788286	857336473554539708	857336473554539707	21265	
1	2	-89.679	-6.474		0.170	15.022	C11H20N6O2S2	[M + Na]+	C11H20N6NaO2S2+	NOBDNVBSNIMZQN	InChI=1S/C11H20N6O2S2/c1-11(2,6-14-13-4)8(19)15-9-16-17-10(21-9)20-5-7(18)12-3/h13-14H,5-6H2,1-4H3,(H,12,18)(H,15,16,19)		CNNCC(C)(C)C(=O)Nc1nnc(SCC(=O)NC)s1	355.097	1071	17.858	857349929967171090	857336473604871360	857336473604871359	21330	
1	1	-50.995	-5.822		1.000	77.984	C17H32O3	[M + H]+	C17H33O3+	VYHSUOCQOYARAS	InChI=1S/C17H32O3/c1-2-3-9-12-16(19)13-10-7-5-4-6-8-11-14-17(20)15-18/h1,16-20H,3-15H2		C#CCCCC(O)CCCCCCCCCC(O)CO	285.242	1071	17.858	857349925571540440	857336473651008708	857336473651008707	21327	
1	1	-233.583	-7.587		1.000	25.587	C18H35NO	[M + H]+	C18H36NO+	QFVIPOKPJYRPGC	InChI=1S/C18H35NO/c1-2-3-6-15-18(20)19(16-11-7-4-8-12-16)17-13-9-5-10-14-17/h16-18,20H,2-15H2,1H3		CCCCCC(O)N(C1CCCCC1)C1CCCCC1	282.279	1073	17.882	857349914976728471	857336473697146056	857336473697146055	21354	
1	1	-101.300	-6.535		1.000	56.014	C18H30O6	[M + H]+	C18H31O6+	AOQRONGJPFWYKQ	InChI=1S/C18H30O6/c1-5-8-10-23-16(20)13-18(4,12-15(19)22-7-3)14-17(21)24-11-9-6-2/h7H,3,5-6,8-14H2,1-2,4H3		C=COC(=O)CC(C)(CC(=O)OCCCC)CC(=O)OCCCC	343.212	1075	17.911	857349936518674011	857336473793615056	857336473789420751	21390	
1	1	-113.138	-4.417		1.000	53.259	C24H31NO4	[M + H]+	C24H32NO4+	FDATWRLUYRHCJE	InChI=1S/C24H31NO4/c1-4-7-8-11-16-29-24(28)20-13-10-9-12-19(20)23(27)21-15-14-18(17-22(21)26)25(5-2)6-3/h9-10,12-15,17,26H,4-8,11,16H2,1-3H3	Uvinul A Plus	CCCCCCOC(=O)C1=CC=CC=C1C(=O)C2=C(C=C(C=C2)N(CC)CC)O	398.233	1080	17.996	857349950091441810	857336473835558100	857336473835558099	21504	
1	1	-60.576	-5.203		1.000	90.307	C17H32O3	[M + H]+	C17H33O3+	DZDOQOIXXNIXOA	InChI=1S/C17H32O3/c1-2-3-4-9-12-16(19)13-10-7-5-6-8-11-14-17(20)15-18/h16-20H,4-15H2,1H3		CC#CCCCC(O)CCCCCCCCC(O)CO	285.243	1082	18.041	857349925672203743	857336473932027100	857336473932027099	21590	
1	1	-120.285	-6.893		0.747	16.645	C22H43N5	[M + H]+	C22H44N5+	JNJJJGLYBGZJPC	InChI=1S/C22H43N5/c1-3-5-7-9-11-12-13-15-17-19-21-24-26-22(27-25-21)23-20-18-16-14-10-8-6-4-2/h3-20H2,1-2H3,(H,23,26,27)		CCCCCCCCCCCc1nnc(NCCCCCCCCC)nn1	378.358	1086	18.103	857349932374701602	857336473978164448	857336473978164447	21662	
1	2	-198.639	-7.804		0.016	1.581	C20H36N4	[M + Na]+	C20H36N4Na+	KMZCDTANSJNAPP	InChI=1S/C20H36N4/c1-3-4-5-6-7-8-9-10-11-14-19-21-18(2)22-20(23-19)17-24-15-12-13-16-24/h3-17H2,1-2H3		CCCCCCCCCCCc1nc(C)nc(CN2CCCC2)n1	355.282	1087	18.111	857349930822809116	857336474024301796	857336474024301795	21669	
1	1	-95.027	-6.976		1.000	36.614	C19H40O4	[M + H]+	C19H41O4+	KLFVDTRVIFNWIH	InChI=1S/C19H40O4/c1-2-3-4-5-6-7-8-9-10-11-12-14-21-16-18-23-19-17-22-15-13-20/h20H,2-19H2,1H3	Triethylene glycol monotridecyl ether	CCCCCCCCCCCCCOCCOCCOCCO	333.300	1087	18.119	857349929677764103	857336474070439144	857336474066244839	21678	
1	1	-62.988	-9.782		1.000	20.910	C13H28N2O	[M + H]+	C13H29N2O+	QSTQPLFBYDUDHN	InChI=1S/C13H28N2O/c1-3-5-7-9-11-14-13(16)15-12-10-8-6-4-2/h3-12H2,1-2H3,(H2,14,15,16)	1,3-Dihexylurea	CCCCCCNC(=O)NCCCCCC	229.228	1093	18.220	857349917698831799	857336474116576492	857336474116576491	21798	
1	1	-28.519	-6.675		1.000	71.966	C8H12	[M + H]+	C8H13+	OTJYGFDMTQLPSU	InChI=1S/C8H12/c1-2-8-6-3-5(4-6)7(1)8/h5-8H,1-4H2	Tricyclo[4.1.1.0(2,5)]octane	C1CC2C1C3CC2C3	109.101	1095	18.242	857349934861923909	857336474162713840	857336474162713839	21848	
1	2	-29.558	-0.173		0.498	46.248	C8H6O4	[M - H2O + H]+	C8H5O3+	XNGIFLGASWRNHJ	InChI=1S/C8H6O4/c9-7(10)5-3-1-2-4-6(5)8(11)12/h1-4H,(H,9,10)(H,11,12)	phthalate	C1=CC=C(C(=C1)C(=O)O)C(=O)O	149.023	1095	18.246	857349934283109941	857336474213045492	857336474213045491	21832	
1	1	-74.916	-9.541		0.838	8.357	C7H19N7O2	[M + K]+	C7H19KN7O2+	QBAITQIVJPASGQ	InChI=1S/C7H19N7O2/c1-7(2,4-10-8)5-11-12-6(9-3)13-14(15)16/h10-11H,4-5,8H2,1-3H3,(H2,9,12,13)		CNC(=NNCC(C)(C)CNN)N[N+](=O)[O-]	272.122	1095	18.247	857349917753357753	857336474263377144	857336474263377143	21838	
1	1	-70.198	-5.976		1.000	17.217	C8H14O	[M + H]+	C8H15O+	RXDUOUNWGRBBLU	InChI=1S/C8H14O/c1-2-3-5-8-6-4-7-9-8/h2,8H,1,3-7H2	(2R)-2-but-3-enyloxolane	C=CCCC1CCCO1	127.112	1095	18.247	857349915635234218	857336474309514492	857336474309514491	21839	
1	1	-271.675	-8.765		1.000	79.854	C26H43NO5	[M + H]+	C26H44NO5+	FAVKMLWWVLCBCC	InChI=1S/C26H43NO5/c1-3-4-5-6-9-12-17-25(30)27-21-14-15-22-32-26(31)18-13-10-7-8-11-16-24(29)20-19-23(2)28/h3-13,16-22H2,1-2H3,(H,27,30)		CCCCCCCCC(=O)NCC#CCOC(=O)CCCCCCCC(=O)CCC(C)=O	450.321	1095	18.250	857349933184202282	857336474359846144	857336474359846143	21845	
1	1	-179.456	-6.358		1.000	13.341	C24H36O5	[M + Na]+	C24H36NaO5+	NWBRGCJLFVXWQE	InChI=1S/C24H36O5/c1-4-6-7-8-9-10-11-15-20(18-19(25)14-5-2)29-24(27)22-17-13-12-16-21(22)23(26)28-3/h12-13,16-17,20H,4-11,14-15,18H2,1-3H3		CCCCCCCCCC(CC(=O)CCC)OC(=O)c1ccccc1C(=O)OC	427.246	1095	18.254	857349928285255172	857336474405983492	857336474405983491	21842	
1	3	-202.299	-8.794		0.001	58.462	C20H32N6O3	[M + H]+	C20H33N6O3+	XZJSMEHSDDQCAM	InChI=1S/C20H32N6O3/c1-2-3-4-9-13-28-14-12-21-18(27)17-22-15-26(25-17)20-24-23-19(29-20)16-10-7-5-6-8-11-16/h15-16H,2-14H2,1H3,(H,21,27)		CCCCCCOCCNC(=O)c1ncn(-c2nnc(C3CCCCCC3)o2)n1	405.264	1095	18.254	857349935642064467	857336474452120840	857336474452120839	21853	
1	1	-234.095	-8.168		0.998	47.885	C24H36O5	[M + H3N + H]+	C24H40NO5+	HNDOHPQNHVYKLP	InChI=1S/C24H36O5/c1-5-6-7-12-22(25)29-24(27)20-11-9-8-10-19(20)23(26)28-21-15-17(4)13-14-18(21)16(2)3/h8-11,16-18,21-22,25H,5-7,12-15H2,1-4H3		CCCCCC(O)OC(=O)c1ccccc1C(=O)OC1CC(C)CCC1C(C)C	422.290	1095	18.257	857349925873530342	857336474498258188	857336474498258187	21864	
1	1	-196.378	-5.956		0.997	28.787	C22H32O5	[M + H]+	C22H33O5+	SGQIYSIQONYGPH	InChI=1S/C22H32O5/c1-17(2)9-8-10-18(3)13-16-27-22(25)20-12-5-4-11-19(20)21(24)26-15-7-6-14-23/h4-5,11-12,14,17-18H,6-10,13,15-16H2,1-3H3		CC(C)CCCC(C)CCOC(=O)c1ccccc1C(=O)OCCCC=O	377.232	1096	18.261	857349924254528974	857336474544395536	857336474540201231	21860	
1	1	-84.898	-6.327		1.000	54.976	C18H36O4	[M + H]+	C18H37O4+	LZSVYIQKUAVZFB	InChI=1S/C18H36O4/c1-2-3-4-5-6-7-8-9-10-11-12-13-18(20)22-17-16-21-15-14-19/h19H,2-17H2,1H3	2-(2-Hydroxyethoxy)ethyl myristate	CCCCCCCCCCCCCC(=O)OCCOCCO	317.269	1106	18.434	857349935461709383	857336474586338580	857336474586338579	22105	
1	2	-74.710	-6.756		0.206	48.172	C26H28O2	[M + K]+	C26H28KO2+	FPQINLHLLQFKTF	InChI=1S/C26H28O2/c1-18(2)20-6-8-21(9-7-20)19(3)28-25-16-12-23(13-17-25)26(4,5)22-10-14-24(27)15-11-22/h6-18,27H,3H2,1-2,4-5H3		C=C(Oc1ccc(C(C)(C)c2ccc(O)cc2)cc1)c1ccc(C(C)C)cc1	411.172	1111	18.512	857349971046184631	857336474632475928	857336474632475927	22211	
1	1	-128.080	-7.100		1.000	99.868	C19H34O3	[M + H]+	C19H35O3+	XZNRTVXHMPKRFO	InChI=1S/C19H34O3/c1-2-3-4-5-6-7-8-9-10-11-12-15-18(20)16-13-14-17-19(21)22/h5-8,18,20H,2-4,9-17H2,1H3,(H,21,22)		CCCCC=CC=CCCCCCC(O)CCCCC(=O)O	311.258	1117	18.622	857349926750139888	857336474678613276	857336474674418971	22362	
1	1	-72.986	-4.017		0.996	34.773	C16H35O3PS	[M + H]+	C16H36O3PS+	DQCOURVTDJUHQM	InChI=1S/C16H35O3PS/c1-3-5-7-9-11-13-15-18-20(17,21)19-16-14-12-10-8-6-4-2/h3-16H2,1-2H3,(H,17,21)	Dioctylthiophosphoric acid	CCCCCCCCOP(=S)(O)OCCCCCCCC	339.212	1119	18.655	857349941606364788	857336474720556320	857336474720556319	22389	
1	1	-13.021	-2.861		0.993	12.765	C2H4OS	[M + K]+	C2H4KOS+	LGPCWKWKDCSZRO	InChI=1S/C2H4OS/c1-2-4-3/h2,4H,1H2		C=C[SH]=O	114.961	1119	18.656	857349944835978888	857336474766693668	857336474766693667	22390	
1	1	-64.677	-6.706		0.997	14.256	C20H43NOS	[M + K]+	C20H43KNOS+	LBJAGXKOHWTZLY	InChI=1S/C20H43NOS/c1-3-5-7-9-10-11-12-13-14-15-17-19-21-23(22)20-18-16-8-6-4-2/h21H,3-20H2,1-2H3		CCCCCCCCCCCCCNS(=O)CCCCCCC	384.270	1120	18.659	857349959461516957	857336474817025320	857336474817025319	22394	
1	1	-81.111	-8.532		1.000	39.937	C17H35NO	[M + H]+	C17H36NO+	SIHWPYVFNJBALM	InChI=1S/C17H35NO/c1-4-6-8-10-12-14-16-18(17(3)19)15-13-11-9-7-5-2/h4-16H2,1-3H3	N-heptyl-N-octylacetamide	CCCCCCCCN(CCCCCCC)C(=O)C	270.279	1121	18.691	857350284117423816	857336474909300016	857336474909300015	22441	
1	1	-192.669	-5.177		0.719	21.700	C24H36O5	[M + H3N + H]+	C24H40NO5+	SAJPNJGTODPTPD	InChI=1S/C24H36O5/c1-3-5-6-7-8-9-10-11-12-17-23(26)29-21(18-25)19-28-24(27)22-16-14-13-15-20(22)4-2/h4,13-16,21,25H,2-3,5-12,17-19H2,1H3		C=Cc1ccccc1C(=O)OCC(CO)OC(=O)CCCCCCCCCCC	422.290	1126	18.759	857350559012108788	857336474955437364	857336474955437363	22539	
1	1	-167.632	-5.623		1.000	47.360	C24H36O5	[M + Na]+	C24H36NaO5+	CRUPEKSXNIJPNN	InChI=1S/C24H36O5/c1-3-4-5-6-7-8-9-10-11-12-15-20(2)29-24(27)22-17-14-13-16-21(22)23(26)28-19-18-25/h13-14,16-18,20H,3-12,15,19H2,1-2H3		CCCCCCCCCCCCC(C)OC(=O)c1ccccc1C(=O)OCC=O	427.246	1126	18.760	857350567300053549	857336475001574712	857336474997380407	22530	
1	2	-280.560	-8.722		0.148	24.769	C27H39N5O	[M + H]+	C27H40N5O+	LBHOVTCTFBAQDB	InChI=1S/C27H39N5O/c1-5-9-11-21(8-4)27(33)28-23-14-17-25-29-26(30-32(25)20-23)22-12-15-24(16-13-22)31(18-7-3)19-10-6-2/h12-17,20-21H,5-11,18-19H2,1-4H3,(H,28,33)		CCCCC(CC)C(=O)Nc1ccc2nc(-c3ccc(N(CCC)CCCC)cc3)nn2c1	450.322	1126	18.761	857350611885512278	857336475047712060	857336475043517755	22538	
1	2	-225.830	-6.716		0.058	22.306	C25H32N4O	[M + H]+	C25H33N4O+	YSZWHVKKSSTBBY	InChI=1S/C25H32N4O/c1-2-3-4-5-11-19-29-22-16-12-15-21(23(22)27-28-29)26-24(30)25(17-9-10-18-25)20-13-7-6-8-14-20/h6-8,12-16H,2-5,9-11,17-19H2,1H3,(H,26,30)		CCCCCCCn1nnc2c(NC(=O)C3(c4ccccc4)CCCC3)cccc21	405.264	1126	18.765	857350619061966448	857336475139986756	857336475135792451	22547	
1	1	-94.341	-5.520		1.000	21.920	C18H37NO	[M + H]+	C18H38NO+	HNFAHYFEGZYVFA	InChI=1S/C18H37NO/c1-3-5-6-7-8-9-10-11-12-13-14-15-16-17-18-19-20-4-2/h4,19H,2-3,5-18H2,1H3		C=CONCCCCCCCCCCCCCCCC	284.295	1128	18.802	857350653694334636	857336475186124104	857336475181929799	22590	
1	1	-85.727	-3.745		1.000	122.200	C18H34O4	[M + H]+	C18H35O4+	PYGXAGIECVVIOZ	InChI=1S/C18H34O4/c1-3-5-15-21-17(19)13-11-9-7-8-10-12-14-18(20)22-16-6-4-2/h3-16H2,1-2H3	Staflex DBS	CCCCOC(=O)CCCCCCCCC(=O)OCCCC	315.253	1130	18.826	857350633737836181	857336475232261452	857336475232261451	22639	
1	1	-45.818	-2.188		0.998	17.398	C22H42O6	[M + H3N + H]+	C22H46NO6+	FRQDZJMEHSJOPU	InChI=1S/C22H42O6/c1-5-9-11-19(7-3)21(23)27-17-15-25-13-14-26-16-18-28-22(24)20(8-4)12-10-6-2/h19-20H,5-18H2,1-4H3		CCCCC(CC)C(=O)OCCOCCOCCOC(=O)C(CC)CCCC	420.332	1133	18.885	857350632752174723	857336475370673496	857336475366479191	22726	
1	1	-41.039	-1.703		0.957	34.595	C22H42O6	[M + H]+	C22H43O6+	FRQDZJMEHSJOPU	InChI=1S/C22H42O6/c1-5-9-11-19(7-3)21(23)27-17-15-25-13-14-26-16-18-28-22(24)20(8-4)12-10-6-2/h19-20H,5-18H2,1-4H3		CCCCC(CC)C(=O)OCCOCCOCCOC(=O)C(CC)CCCC	403.306	1133	18.886	857350620639024761	857336475412616540	857336475412616539	22720	
1	1	-81.569	-7.278		1.000	54.164	C10H18O2	[M + H]+	C10H19O2+	XZKZOAYDHBSAQW	InChI=1S/C10H18O2/c1-3-5-7-8-10(11)12-9-6-4-2/h5,7H,3-4,6,8-9H2,1-2H3	Butyl (3E)-hex-3-enoate	CCCCOC(=O)CC=CCC	171.138	1133	18.887	857350649198040735	857336475462948192	857336475458753887	22724	
1	1	-87.559	-6.706		0.362	23.170	C16H35O3PS	[M + H]+	C16H36O3PS+	AQAPIEHWUGRHJS	InChI=1S/C16H35O3PS/c1-4-7-9-11-13-15-18-20(21,17-6-3)19-16-14-12-10-8-5-2/h4-16H2,1-3H3		CCCCCCCOP(=S)(OCC)OCCCCCCC	339.212	1134	18.895	857350610383951435	857336475534251364	857336475534251363	22737	
1	1	-121.993	-10.391		1.000	120.154	C19H36O2	[M + H]+	C19H37O2+	YKMHFCIQKZFADX	InChI=1S/C19H36O2/c1-3-4-15-18(2)16-13-11-9-7-5-6-8-10-12-14-17-19(20)21/h15H,3-14,16-17H2,1-2H3,(H,20,21)		CCCC=C(C)CCCCCCCCCCCCC(=O)O	297.279	1134	18.902	857350613391267435	857336475584583016	857336475584583015	22717	
1	1	-121.449	-4.557		1.000	28.005	C17H35NO	[M + H]+	C17H36NO+	JUPNPXMAEGQBTK	InChI=1S/C17H35NO/c1-4-5-6-7-8-9-10-11-12-13-14-15-16-17(19)18(2)3/h4-16H2,1-3H3	n,n-Dimethylpentadecanamide	CCCCCCCCCCCCCCC(=O)N(C)C	270.279	1139	18.987	857350667627812526	857336475630720364	857336475630720363	22859	
1	1	-820.848	-9.040		0.998	22.231	C26H45NO5	[M + H]+	C26H46NO5+	APFMZXBIINHMIW	InChI=1S/C26H45NO5/c1-3-5-7-9-11-13-15-17-19-22-24(29)26(31)27(25(22)30)21-23(28)32-20-18-16-14-12-10-8-6-4-2/h22H,3-21H2,1-2H3		CCCCCCCCCCOC(=O)CN1C(=O)C(=O)C(CCCCCCCCCC)C1=O	452.337	1145	19.088	857350653396539042	857336475681052016	857336475681052015	22978	
1	1	-199.579	-6.330		0.981	8.315	C24H38O5	[M + Na]+	C24H38NaO5+	YHQHBIKPMYKFNJ	InChI=1S/C24H38O5/c1-5-7-9-11-13-18(3)28-23(26)21-16-15-20(25)17-22(21)24(27)29-19(4)14-12-10-8-6-2/h15-19,25H,5-14H2,1-4H3		CCCCCCC(C)OC(=O)c1ccc(O)cc1C(=O)OC(C)CCCCCC	429.261	1145	19.089	857350687030662833	857336475722995060	857336475722995059	22982	
1	1	-102.539	-6.720		1.000	65.382	C24H38O5	[M - H2O + H]+	C24H37O4+	USIXFCCSJRRWPR	InChI=1S/C24H38O5/c1-19(2)13-12-15-20(3)14-8-6-4-5-7-11-18-28-23(25)21-16-9-10-17-22(21)24(26)29-27/h9-10,16-17,19-20,27H,4-8,11-15,18H2,1-3H3		CC(C)CCCC(C)CCCCCCCCOC(=O)c1ccccc1C(=O)OO	389.269	1145	19.090	857350909496547738	857336475769132408	857336475769132407	22983	
1	1	-191.595	-7.129		0.996	36.843	C24H36O5	[M + H]+	C24H37O5+	VPYSVZABLWHDFH	InChI=1S/C24H36O5/c1-18(2)12-8-6-5-7-11-15-28-23(26)21-13-9-10-14-22(21)24(27)29-17-20(25)16-19(3)4/h9-10,13-14,18-19H,5-8,11-12,15-17H2,1-4H3		CC(C)CCCCCCCOC(=O)c1ccccc1C(=O)OCC(=O)CC(C)C	405.264	1146	19.100	857350908443777424	857336475815269756	857336475815269755	22998	
1	1	-22.364	-0.816		1.000	23.022	C2H4O2	[M + K]+	C2H4KO2+	IEZWOVIWXFLQTP	InChI=1S/C2H4O2/c1-2-4-3/h2-3H,1H2	Oxidooxyethene	C=COO	98.984	1146	19.108	857350913544051941	857336475915933060	857336475915933059	23021	
1	1	-286.674	-7.479		0.998	29.963	C17H36N4O2	[M + Na]+	C17H36N4NaO2+	IABPZTBMRWIIBM	InChI=1S/C17H36N4O2/c1-2-3-4-5-6-7-10-13-16(22)20-21-17(23)14-11-8-9-12-15-19-18/h19H,2-15,18H2,1H3,(H,20,22)(H,21,23)		CCCCCCCCCC(=O)NNC(=O)CCCCCCNN	351.266	1147	19.111	857350918841459246	857336475966264712	857336475966264711	23020	
1	1	-525.539	-8.162		0.998	17.825	C28H49NO5	[M + H]+	C28H50NO5+	XAWMRWCPGFVIJB	InChI=1S/C28H49NO5/c1-24(2)15-11-9-7-5-4-6-8-10-12-21-34-28(30)26-17-13-18-27(23-26)33-22-19-25(3)16-14-20-29(31)32/h13,17-18,23-25,31-32H,4-12,14-16,19-22H2,1-3H3		CC(C)CCCCCCCCCCCOC(=O)c1cccc(OCCC(C)CCCN(O)O)c1	480.369	1151	19.192	857350915184026146	857336476016596364	857336476016596363	23159	
1	1	-97.874	-8.284		1.000	28.673	C16H33NO	[M + H]+	C16H34NO+	KRWBUQLAFANNPU	InChI=1S/C16H33NO/c1-2-3-4-5-6-7-8-9-10-11-12-14-17-15-13-16-18/h16-17H,2-15H2,1H3		CCCCCCCCCCCCCNCCC=O	256.264	1157	19.287	857350914529713460	857336476062733712	857336476062733711	23347	
1	1	-99.364	-6.729		1.000	3.830	C32H67N	[M + H]+	C32H68N+	WMQTZJNGJMNROL	InChI=1S/C32H67N/c1-4-7-10-13-15-17-19-21-23-26-29-32-33(30-27-24-12-9-6-3)31-28-25-22-20-18-16-14-11-8-5-2/h4-32H2,1-3H3		CCCCCCCCCCCCCN(CCCCCCC)CCCCCCCCCCCC	466.535	1158	19.303	857350930992357974	857336476117259668	857336476113065363	23386	
1	2	-325.063	-8.115		0.010	17.099	C21H43N3O7	[M + H]+	C21H44N3O7+	VMGCKSHWEBUUAN	InChI=1S/C21H43N3O7/c1-3-5-6-7-8-9-10-11-13-22-16(26)14-23-19(29)18(28)21(31)24-20(30)17(27)15(25)12-4-2/h15,17-18,20-21,24-25,27-28,30-31H,3-14H2,1-2H3,(H,22,26)(H,23,29)		CCCCCCCCCCNC(=O)CNC(=O)C(O)C(O)NC(O)C(O)C(O)CCC	450.322	1164	19.404	857350934305858229	857336476163397016	857336476163397015	23478	
1	1	-136.980	-5.361		1.000	117.948	C19H36O3	[M + H]+	C19H37O3+	MRHBMDJAVHWMDY	InChI=1S/C19H36O3/c1-2-3-4-5-12-15-18-22-19(21)16-13-10-8-6-7-9-11-14-17-20/h17H,2-16,18H2,1H3		CCCCCCCCOC(=O)CCCCCCCCCC=O	313.274	1166	19.433	857350933123064485	857336476209534364	857336476209534363	23487	
1	2	-221.430	-8.014		0.428	18.185	C29H43N5O	[M + H]+	C29H44N5O+	PZSDCRRWVDFXNR	InChI=1S/C29H43N5O/c1-3-5-6-7-8-9-10-11-12-13-14-15-16-17-21-30-27-23-31-29(32-24-27)34-26-20-18-19-25(22-26)33-28(35)4-2/h2,18-20,22-24,30H,3,5-17,21H2,1H3,(H,33,35)(H,31,32,34)		C#CC(=O)Nc1cccc(Nc2ncc(NCCCCCCCCCCCCCCCC)cn2)c1	478.353	1171	19.509	857350930090582604	857336476301809060	857336476301809059	23609	
1	1	-88.676	-6.820		1.000	39.868	C18H37NO	[M + H]+	C18H38NO+	AGUGSRSNHGAEIZ	InChI=1S/C18H37NO/c1-3-5-7-8-9-10-11-12-13-14-15-17-19(18-20)16-6-4-2/h18H,3-17H2,1-2H3		CCCCCCCCCCCCCN(C=O)CCCC	284.295	1171	19.514	857350927817269830	857336476347946408	857336476347946407	23595	
1	1	-145.644	-5.448		1.000	115.321	C19H36O3	[M + H]+	C19H37O3+	DCQYXIXLKBSNFN	InChI=1S/C19H36O3/c1-4-7-8-9-10-11-12-13-14-15-16-19(20)22-17-18(5-2)21-6-3/h6,18H,3-5,7-17H2,1-2H3		C=COC(CC)COC(=O)CCCCCCCCCCCC	313.274	1172	19.536	857350931449537112	857336476394083756	857336476394083755	23634	
1	1	-155.661	-7.087		1.000	71.867	C25H42O5	[M + H]+	C25H43O5+	GCXGGCGFERYPOH	InChI=1S/C25H42O5/c1-3-5-7-9-11-12-14-17-23(26)19-20-25(28)30-22-16-18-24(27)29-21-15-13-10-8-6-4-2/h3-13,15-16,18-22H2,1-2H3		CCCCCCCC#CC(=O)CCC(=O)OCCCC(=O)OCCCCCCCC	423.311	1174	19.563	857350937246065381	857336476440221104	857336476440221103	23656	
1	1	-115.891	-7.021		1.000	19.625	C27H46O5	[M + H3N + H]+	C27H50NO5+	ICCAYPWODNPFRQ	InChI=1S/C27H46O5/c1-3-5-7-9-11-13-14-16-18-20-22-32-27(30)24-25(28)23-26(29)31-21-19-17-15-12-10-8-6-4-2/h3-14,16,18-24H2,1-2H3		CCCCCCC#CCCOC(=O)CC(=O)CC(=O)OCCCCCCCCCCCC	468.369	1174	19.569	857350929172030026	857336476503135668	857336476498941363	23658	
1	1	-192.923	-7.797		1.000	23.764	C20H39NO	[M + H]+	C20H40NO+	KEIUIRSZEDCEKI	InChI=1S/C20H39NO/c1-3-4-5-6-7-8-9-10-11-12-13-14-15-16-17-20-21-19(2)18-22-20/h19H,3-18H2,1-2H3	2-Hexadecyl-4-methyl-4,5-dihydro-1,3-oxazole	CCCCCCCCCCCCCCCCC1=NC(CO1)C	310.310	1188	19.796	857350929130086984	857336476553467320	857336476549273015	23918	
1	1	-101.345	-6.391		1.000	123.609	C19H36O3	[M + H]+	C19H37O3+	NEQPZCBSSKXLQD	InChI=1S/C19H36O3/c1-3-4-5-6-7-9-12-15-19(21)16-13-10-8-11-14-17-22-18(2)20/h14,17,19,21H,3-13,15-16H2,1-2H3		CCCCCCCCCC(O)CCCCCC=COC(C)=O	313.274	1188	19.806	857350933274059437	857336476603798972	857336476603798971	23938	
1	1	-114.352	-6.935		0.976	47.636	C19H36O3	[M + H3N + H]+	C19H40NO3+	FMDABIQBMMIGBX	InChI=1S/C19H36O3/c1-3-5-6-7-8-11-15-18(20)16-12-9-10-13-17-22-19(21)14-4-2/h4,18,20H,2-3,5-17H2,1H3		C=CCC(=O)OCCCCCCC(O)CCCCCCCC	330.300	1190	19.833	857350937107653342	857336476733822404	857336476729628099	23947	
1	2	-95.742	-7.252		0.500	198.653	C19H36O3	[M + C2H3N + H]+	C21H40NO3+	NEQPZCBSSKXLQD	InChI=1S/C19H36O3/c1-3-4-5-6-7-9-12-15-19(21)16-13-10-8-11-14-17-22-18(2)20/h14,17,19,21H,3-13,15-16H2,1-2H3		CCCCCCCCCC(O)CCCCCC=COC(C)=O	354.300	1190	19.833	857350963942820848	857336476788348360	857336476788348359	23941	
1	1	-29.068	-0.975		1.000	170.318	C24H47NO	[M + H]+	C24H48NO+	FXUDPARCGRIVON	InChI=1S/C24H47NO/c1-2-3-4-5-6-7-8-9-10-11-12-13-14-15-16-17-18-19-20-21-22-23-24(25)26/h9-10H,2-8,11-23H2,1H3,(H2,25,26)	Nervonamide	CCCCCCCCC=CCCCCCCCCCCCCCC(=O)N	366.373	1191	19.855	857350946599365926	857336476847068620	857336476842874315	23963	
1	1	-201.467	-6.983		1.000	61.939	C25H40O3	[M + H]+	C25H41O3+	FBABFPIOMQGYJX	InChI=1S/C25H40O3/c1-8-9-10-11-12-23(2,3)19-16-18-21(17(22(19)28)15-20(26)27)25(6,7)14-13-24(18,4)5/h16,28H,8-15H2,1-7H3,(H,26,27)		CCCCCCC(C)(C)c1cc2c(c(CC(=O)O)c1O)C(C)(C)CCC2(C)C	389.305	1192	19.861	857350988907319442	857336476901594576	857336476897400271	23968	
1	2	-93.167	-6.317		0.500	144.722	C19H36O3	[M - H2O + H]+	C19H35O2+	LTXGMUGTQNVFJB	InChI=1S/C19H36O3/c1-2-3-4-12-15-18(20)16-13-10-8-6-5-7-9-11-14-17-19(21)22/h2-3,18,20H,4-17H2,1H3,(H,21,22)		CC=CCCCC(O)CCCCCCCCCCCC(=O)O	295.263	1194	19.893	857350992975794333	857336476951926228	857336476951926227	24098	
1	1	-89.070	-4.445		0.982	27.339	C9H17NS	[M + H]+	C9H18NS+	FQOOKOGSQBFRND	InChI=1S/C9H17NS/c1-4-6-7-10-9(11)8(3)5-2/h5,8H,2,4,6-7H2,1,3H3,(H,10,11)		C=CC(C)C(=S)NCCCC	172.115	1196	19.930	857351010466042023	857336477006452184	857336477006452183	24059	
1	1	-145.571	-5.776		1.000	19.861	C34H71N	[M + H]+	C34H72N+	BUFSUWGWWQHSTH	InChI=1S/C34H71N/c1-4-6-8-10-12-14-15-16-17-18-19-20-21-22-23-24-26-28-30-32-34-35(3)33-31-29-27-25-13-11-9-7-5-2/h4-34H2,1-3H3	N-methyl-N-undecyldocosan-1-amine	CCCCCCCCCCCCCCCCCCCCCCN(C)CCCCCCCCCCC	494.566	1196	19.933	857350997241401510	857336477056783836	857336477056783835	24057	
1	1	-254.252	-8.284		0.508	19.270	C28H47NO5	[M + H]+	C28H48NO5+	XXHFLBJHDUXSBG	InChI=1S/C28H47NO5/c1-3-5-6-7-8-9-10-11-12-13-16-21-26(30)29-24-19-20-25-34-28(32)23-18-15-14-17-22-27(31)33-4-2/h4H,2-3,5-18,21-25H2,1H3,(H,29,30)		C=COC(=O)CCCCCCC(=O)OCC#CCNC(=O)CCCCCCCCCCCCC	478.353	1199	19.984	857351219505959101	857336477102921184	857336477102921183	24085	
1	1	-163.604	-6.024		1.000	60.197	C23H42O4	[M + H]+	C23H43O4+	GKJDCRUAXNOALY	InChI=1S/C23H42O4/c1-3-4-5-6-7-8-9-12-15-18-22(25)20-27-23(26)19-16-13-10-11-14-17-21(2)24/h3-20H2,1-2H3		CCCCCCCCCCCC(=O)COC(=O)CCCCCCCC(C)=O	383.316	1200	19.999	857351222152565088	857336477157447140	857336477153252835	24110	
1	1	-138.039	-7.166		0.997	26.154	C24H38O5	[M + H]+	C24H39O5+	YMXAMRYBPRXSCN	InChI=1S/C24H38O5/c1-5-8-10-19(6-2)16-29-24(27)22-15-18(4)12-13-21(22)23(26)28-17-20(7-3)11-9-14-25/h12-13,15,19-20,25H,5-11,14,16-17H2,1-4H3		CCCCC(CC)COC(=O)c1cc(C)ccc1C(=O)OCC(CC)CCCO	407.279	1204	20.067	857351231593943434	857336477203584488	857336477203584487	24170	
1	1	-50.392	-0.099		1.000	18.350	C15H32N2O	[M + H]+	C15H33N2O+	IPOBMWQSKXACEW	InChI=1S/C15H32N2O/c1-2-3-4-5-6-7-8-9-10-11-12-13-14-17-15(16)18/h2-14H2,1H3,(H3,16,17,18)	Tetradecylurea	CCCCCCCCCCCCCCNC(=O)N	257.259	1208	20.134	857351224996303230	857336477249721836	857336477249721835	24222	
1	1	-10.074	-2.446		1.000	19.487	C2H4OS	[M + K]+	C2H4KOS+	LGPCWKWKDCSZRO	InChI=1S/C2H4OS/c1-2-4-3/h2,4H,1H2		C=C[SH]=O	114.961	1213	20.210	857351231518445952	857336477300053488	857336477300053487	24318	
1	1	-85.240	-6.832		0.866	50.914	C18H39O3PS	[M + H]+	C18H40O3PS+	IPWSRNCDIGVQFU	InChI=1S/C18H39O3PS/c1-3-5-7-9-11-13-15-17-20-22(19,23)21-18-16-14-12-10-8-6-4-2/h3-18H2,1-2H3,(H,19,23)	Hydroxy-di(nonoxy)-sulfanylidene-lambda5-phosphane	CCCCCCCCCOP(=S)(O)OCCCCCCCCC	367.243	1213	20.210	857351224492986740	857336477350385140	857336477346190835	24320	
1	1	-89.984	-6.885		0.790	9.022	C22H47NOS	[M + K]+	C22H47KNOS+	FJCSCCFAYKRGJR	InChI=1S/C22H47NOS/c1-3-5-7-9-11-12-13-14-16-18-20-22-25(24)23-21-19-17-15-10-8-6-4-2/h23H,3-22H2,1-2H3		CCCCCCCCCCCCCS(=O)NCCCCCCCCC	412.301	1213	20.212	857351224249717098	857336477396522488	857336477396522487	24338	
1	1	-127.408	-7.016		1.000	31.083	C13H24O3	[M + H]+	C13H25O3+	BGWWWBYEUNVOSD	InChI=1S/C13H24O3/c1-4-7-9-12(5-2)13(14)16-11-8-10-15-6-3/h6,12H,3-5,7-11H2,1-2H3		C=COCCCOC(=O)C(CC)CCCC	229.180	1213	20.220	857351432605965364	857336477442659836	857336477442659835	24398	
1	1	-304.734	-7.926		0.994	36.443	C28H47NO5	[M + H]+	C28H48NO5+	VBBMNAFWSXHVEA	InChI=1S/C28H47NO5/c1-3-4-5-6-7-8-9-10-11-12-13-14-15-16-17-18-21-33-27(31)22-29-26(30)23-34-28(32)25-20-19-24(25)2/h19-20H,3-18,21-23H2,1-2H3,(H,29,30)		CCCCCCCCCCCCCCCCCCOC(=O)CNC(=O)COC(=O)C1=CC=C1C	478.353	1214	20.226	857351465581584679	857336477492991488	857336477492991487	24356	
1	3	-125.745	-8.011		0.077	29.066	C24H51N5O2	[M - H4O2 + H]+	C24H48N5+	XMBVVWFJWDEUHA	InChI=1S/C24H51N5O2/c1-3-5-7-9-11-13-14-16-18-20-22-27-24(29-28-23(25)31-30)26-21-19-17-15-12-10-8-6-4-2/h30H,3-22H2,1-2H3,(H2,25,28)(H2,26,27,29)		CCCCCCCCCCCCNC(=NNC(=N)OO)NCCCCCCCCCC	406.389	1214	20.227	857351477258527233	857336477585266184	857336477585266183	24386	
1	1	-9.708	-0.154		0.999	77.360	C21H26O3	[M + H]+	C21H27O3+	QUAMTGJKVDWJEQ	InChI=1S/C21H26O3/c1-2-3-4-5-6-10-15-24-18-13-14-19(20(22)16-18)21(23)17-11-8-7-9-12-17/h7-9,11-14,16,22H,2-6,10,15H2,1H3	Benzon OO	CCCCCCCCOC1=CC(=C(C=C1)C(=O)C2=CC=CC=C2)O	327.195	1225	20.424	857351474507063797	857336477639792140	857336477639792139	24591	
1	1	-144.788	-6.610		1.000	26.264	C36H75N	[M + H]+	C36H76N+	OOJFRPVDGVPOFW	InChI=1S/C36H75N/c1-4-6-8-10-12-14-16-18-19-20-21-22-24-26-28-30-32-34-36-37(3)35-33-31-29-27-25-23-17-15-13-11-9-7-5-2/h4-36H2,1-3H3		CCCCCCCCCCCCCCCCCCCCN(C)CCCCCCCCCCCCCCC	522.597	1229	20.476	857351573031266048	857336477690123792	857336477690123791	24641	
1	1	-93.098	-3.120		0.500	51.784	C22H34O4	[M + H]+	C22H35O4+	QKHFLKSFVQUMDC	InChI=1S/C22H34O4/c1-17(2)11-7-5-6-10-15-25-21(23)19-12-8-9-13-20(19)22(24)26-16-14-18(3)4/h8-9,12-13,17-18H,5-7,10-11,14-16H2,1-4H3		CC(C)CCCCCCOC(=O)c1ccccc1C(=O)OCCC(C)C	363.253	1229	20.492	857351578362226709	857336477761426964	857336477761426963	24647	
1	2	-387.905	-10.421		0.318	14.879	C25H33N5O3	[M + H]+	C25H34N5O3+	XNDAHPHWBRHEAT	InChI=1S/C25H33N5O3/c1-25(2,3)15-22(31)29-19-7-5-6-18(14-19)24(33)30(4)20-10-8-17(9-11-20)23(32)28-16-21-26-12-13-27-21/h5-11,14,21,26-27H,12-13,15-16H2,1-4H3,(H,28,32)(H,29,31)		CN(C(=O)c1cccc(NC(=O)CC(C)(C)C)c1)c1ccc(C(=O)NCC2NCCN2)cc1	452.264	1232	20.531	857351572649584364	857336477815952920	857336477815952919	24666	
1	2	-259.795	-6.052		0.178	22.847	C22H36N2O4S	[M + H]+	C22H37N2O4S+	LZLAPGZVZBHKOB	InChI=1S/C22H36N2O4S/c1-5-6-7-8-9-10-11-16-22(3,4)17-23-21(26)19-12-14-20(15-13-19)29(27,28)24-18(2)25/h12-15H,5-11,16-17H2,1-4H3,(H,23,26)(H,24,25)		CCCCCCCCCC(C)(C)CNC(=O)c1ccc(S(=O)(=O)NC(C)=O)cc1	425.245	1246	20.760	857351572754441974	857336477862090268	857336477862090267	24830	
1	2	-108.745	-13.024		0.000	73.882	C20H33ClO2	[M + H]+	C20H34ClO2+	XEKOTUJNEOQYSC	InChI=1S/C20H33ClO2/c1-18(2)10-5-11-19(3,21)17(18)8-12-20(4,23)16-7-6-15(14-16)9-13-22/h15-17,22-23H,5-8,10-12,14H2,1-4H3		CC1(C)CCCC(C)(Cl)C1CCC(C)(O)C1CCC(C#CO)C1	341.222	1251	20.854	857351592950019253	857336477912421920	857336477912421919	24898	
1	1	-38.701	-0.694		0.950	31.427	C18H36N2S4	[M + H]+	C18H37N2S4+	PGAXJQVAHDTGBB	InChI=1S/C18H36N2S4/c1-5-9-13-19(14-10-6-2)17(21)23-24-18(22)20(15-11-7-3)16-12-8-4/h5-16H2,1-4H3	Tetrabutylthiuram disulfide	CCCCN(CCCC)C(=S)SSC(=S)N(CCCC)CCCC	409.183	1251	20.854	857351583529609876	857336477966947876	857336477966947875	24899	
1	1	-111.181	-9.340		1.000	19.393	C19H39NO	[M + H]+	C19H40NO+	RXRRQBKJGABTIX	InChI=1S/C19H39NO/c1-3-5-7-8-9-10-11-12-13-14-15-17-20(18-19-21)16-6-4-2/h19H,3-18H2,1-2H3		CCCCCCCCCCCCCN(CC=O)CCCC	298.311	1253	20.886	857351579524048935	857336478013085224	857336478013085223	24916	
1	1	-29.686	-0.029		0.997	29.285	C8H4O3	[M + H]+	C8H5O3+	LGRFSURHDFAFJT	InChI=1S/C8H4O3/c9-7-5-3-1-2-4-6(5)8(10)11-7/h1-4H	Wiltrol P	C1=CC=C2C(=C1)C(=O)OC2=O	149.023	1253	20.890	857351583034681987	857336478067611180	857336478067611179	24930	
1	1	-56.095	-4.552		1.000	47.352	C22H34O4	[M + H]+	C22H35O4+	JQCXWCOOWVGKMT	InChI=1S/C22H34O4/c1-3-5-7-9-13-17-25-21(23)19-15-11-12-16-20(19)22(24)26-18-14-10-8-6-4-2/h11-12,15-16H,3-10,13-14,17-18H2,1-2H3	Diheptyl Phthalate	CCCCCCCOC(=O)C1=CC=CC=C1C(=O)OCCCCCCC	363.253	1254	20.899	857351598209676988	857336478159885876	857336478159885875	24926	
1	1	-134.767	-5.662		1.000	11.324	C38H79N	[M + H]+	C38H80N+	JRMKISWYTQQOGD	InChI=1S/C38H79N/c1-4-6-8-10-12-13-14-15-16-17-18-19-20-21-22-23-24-25-26-27-28-29-30-31-32-34-36-38-39(3)37-35-33-11-9-7-5-2/h4-38H2,1-3H3		CCCCCCCCCCCCCCCCCCCCCCCCCCCCCN(C)CCCCCCCC	550.629	1259	20.976	857351591221964933	857336478222800440	857336478218606135	24982	
1	1	-119.813	-6.540		1.000	15.190	C18H37NO	[M + H]+	C18H38NO+	FFPOGEXCZYGKET	InChI=1S/C18H37NO/c1-3-5-6-7-8-9-10-11-12-13-14-15-16-19-18(4-2)17-20/h4,18-20H,2-3,5-17H2,1H3		C=CC(CO)NCCCCCCCCCCCCCC	284.295	1271	21.192	857351588655050337	857336478268937788	857336478268937787	25178	
1	2	-80.952	-6.609		0.500	44.572	C20H38O	[M + H3N + H]+	C20H42NO+	GIDJGLGGPACVTA	InChI=1S/C20H38O/c1-2-3-4-5-6-7-8-9-10-11-12-13-14-15-16-17-18-19-20-21/h21H,2-14,17-20H2,1H3	Icos-5-yn-1-ol	CCCCCCCCCCCCCCC#CCCCCO	312.326	1275	21.249	857351596829750679	857336478323463744	857336478323463743	25214	
1	1	-91.769	-7.064		0.984	19.961	C20H42O3	[M + H]+	C20H43O3+	NMSBTWLFBGNKON	InChI=1S/C20H42O3/c1-2-3-4-5-6-7-8-9-10-11-12-13-14-15-17-22-19-20-23-18-16-21/h21H,2-20H2,1H3		CCCCCCCCCCCCCCCCOCCOCCO	331.321	1282	21.367	857351608573805085	857336478373795396	857336478369601091	25316	
1	1	-21.518	-4.678		1.000	42.845	C24H38O4	[M + H]+	C24H39O4+	BJQHLKABXJIVAM	InChI=1S/C24H38O4/c1-5-9-13-19(7-3)17-27-23(25)21-15-11-12-16-22(21)24(26)28-18-20(8-4)14-10-6-2/h11-12,15-16,19-20H,5-10,13-14,17-18H2,1-4H3	Dehp	CCCCC(CC)COC(=O)C1=CC=CC=C1C(=O)OCC(CC)CCCC	391.284	1289	21.484	857351608418615827	857336478419932744	857336478415738439	25414	
1	1	-119.037	-7.037		1.000	92.123	C22H43NO	[M + H]+	C22H44NO+	UVGJTQGZHWEEHF	InChI=1S/C22H43NO/c1-3-5-7-8-9-10-11-12-13-14-15-16-17-18-20-22(24)23-21-19-6-4-2/h21H,3-20H2,1-2H3		CCCCC=NC(=O)CCCCCCCCCCCCCCCC	338.342	1292	21.532	857351608661885496	857336478474458700	857336478474458699	25457	
1	1	-53.205	-6.543		1.000	55.233	C23H36O4	[M + H]+	C23H37O4+	AVEHGUHEEVYXIF	InChI=1S/C23H36O4/c1-4-6-8-12-17-26-22(24)20-14-10-11-15-21(20)23(25)27-18-16-19(3)13-9-7-5-2/h10-11,14-15,19H,4-9,12-13,16-18H2,1-3H3		CCCCCCOC(=O)c1ccccc1C(=O)OCCC(C)CCCCC	377.269	1295	21.582	857351608577999395	857336478520596048	857336478520596047	25520	
1	1	-31.209	-0.024		0.499	42.377	C8H4O3	[M + H]+	C8H5O3+	LGRFSURHDFAFJT	InChI=1S/C8H4O3/c9-7-5-3-1-2-4-6(5)8(10)11-7/h1-4H	Wiltrol P	C1=CC=C2C(=C1)C(=O)OC2=O	149.023	1296	21.598	857351615838339733	857336478617065048	857336478617065047	25517	
1	2	-32.423	-6.836		0.418	12.666	C6H12FO2P	[M + K]+	C6H12FKO2P+	KUZUROKTMMWMSU	InChI=1S/C6H12FO2P/c1-6(7)4-5-10(8-2)9-3/h4H,5H2,1-3H3		COP(CC=C(C)F)OC	205.017	1298	21.628	857351617310540461	857336478948415080	857336478948415079	25538	
1	1	-53.890	-1.451		1.000	80.437	C22H42O4	[M + H]+	C22H43O4+	SAOKZLXYCUGLFA	InChI=1S/C22H42O4/c1-5-9-13-19(7-3)17-25-21(23)15-11-12-16-22(24)26-18-20(8-4)14-10-6-2/h19-20H,5-18H2,1-4H3	Mollan S	CCCCC(CC)COC(=O)CCCCC(=O)OCC(CC)CCCC	371.316	1299	21.650	857351622624723662	857336479032301168	857336479032301167	25611	
1	1	-20.186	-1.471		1.000	65.015	C24H38O4	[M + H]+	C24H39O4+	BJQHLKABXJIVAM	InChI=1S/C24H38O4/c1-5-9-13-19(7-3)17-27-23(25)21-15-11-12-16-22(21)24(26)28-18-20(8-4)14-10-6-2/h11-12,15-16,19-20H,5-10,13-14,17-18H2,1-4H3	Dehp	CCCCC(CC)COC(=O)C1=CC=CC=C1C(=O)OCC(CC)CCCC	391.284	1300	21.663	857351632904962837	857336479078438516	857336479078438515	25626	
1	1	-354.292	-7.091		1.000	25.989	C24H49NO4	[M + H]+	C24H50NO4+	GIJYTVINGBPEPH	InChI=1S/C24H49NO4/c1-4-7-8-9-10-11-12-13-14-15-16-18-22(26)19-17-20-23(27)25-21-24(28-5-2)29-6-3/h22,24,26H,4-21H2,1-3H3,(H,25,27)		CCCCCCCCCCCCCC(O)CCCC(=O)NCC(OCC)OCC	416.373	1310	21.825	857351609035178561	857336479124575864	857336479124575863	25829	
1	1	-34.337	-1.451		1.000	73.943	C22H42O4	[M + H]+	C22H43O4+	SAOKZLXYCUGLFA	InChI=1S/C22H42O4/c1-5-9-13-19(7-3)17-25-21(23)15-11-12-16-22(24)26-18-20(8-4)14-10-6-2/h19-20H,5-18H2,1-4H3	Mollan S	CCCCC(CC)COC(=O)CCCCC(=O)OCC(CC)CCCC	371.316	1310	21.826	857351624486994658	857336479166518908	857336479166518907	25825	
1	1	-49.468	-1.451		1.000	52.904	C22H42O4	[M + H3N + H]+	C22H46NO4+	SAOKZLXYCUGLFA	InChI=1S/C22H42O4/c1-5-9-13-19(7-3)17-25-21(23)15-11-12-16-22(24)26-18-20(8-4)14-10-6-2/h19-20H,5-18H2,1-4H3	Mollan S	CCCCC(CC)COC(=O)CCCCC(=O)OCC(CC)CCCC	388.342	1310	21.828	857351626256990966	857336479208461952	857336479208461951	25826	
1	2	-132.192	-3.574		0.285	46.178	C18H29ClN4O2S2	[M + K]+	C18H29ClKN4O2S2+	CZWQFQOAEFMRAM	InChI=1S/C18H29ClN4O2S2/c1-6-13-16(19)18(27-12-15(25)23(9-4)10-5)21-20-17(13)26-11-14(24)22(7-2)8-3/h6-12H2,1-5H3		CCc1c(SCC(=O)N(CC)CC)nnc(SCC(=O)N(CC)CC)c1Cl	471.105	1312	21.873	857351632686859019	857336479262987908	857336479262987907	25856	
1	1	-24.264	-4.256		0.829	26.409	C26H42O4	[M + H]+	C26H43O4+	WSLDDBKNCOLXER	InChI=1S/C26H42O4/c1-20(2)12-7-6-10-18-29-25(27)23-15-8-9-16-24(23)26(28)30-19-17-22(5)14-11-13-21(3)4/h8-9,15-16,20-22H,6-7,10-14,17-19H2,1-5H3		CC(C)CCCCCOC(=O)c1ccccc1C(=O)OCCC(C)CCCC(C)C	419.315	1333	22.214	857351625304883948	857336479669835428	857336479665641123	26099	
1	1	-47.189	-1.399		1.000	58.348	C24H38O4	[M + H]+	C24H39O4+	MQIUGAXCHLFZKX	InChI=1S/C24H38O4/c1-3-5-7-9-11-15-19-27-23(25)21-17-13-14-18-22(21)24(26)28-20-16-12-10-8-6-4-2/h13-14,17-18H,3-12,15-16,19-20H2,1-2H3	Dinopol NOP	CCCCCCCCOC(=O)C1=CC=CC=C1C(=O)OCCCCCCCC	391.284	1334	22.239	857351629700514560	857336479711778472	857336479711778471	26117	
1	1	-29.734	-0.029		0.997	38.010	C8H4O3	[M + H]+	C8H5O3+	LGRFSURHDFAFJT	InChI=1S/C8H4O3/c9-7-5-3-1-2-4-6(5)8(10)11-7/h1-4H	Wiltrol P	C1=CC=C2C(=C1)C(=O)OC2=O	149.023	1335	22.252	857351709077717802	857336479766304428	857336479766304427	26114	
1	1	-88.800	-6.895		0.911	146.921	C6H7N3O2S	[M + K]+	C6H7KN3O2S+	FKFJPYLZKQVROZ	InChI=1S/C6H7N3O2S/c1-2-12-11-6-5(4-8-10)3-7-9-6/h2-4,10H,1H2,(H,7,9)		C=CSOc1[nH]ncc1C=NO	223.988	1343	22.379	857351851495310163	857336479854384820	857336479850190515	26215	
1	2	-142.674	-10.132		0.375	39.294	C15H27Cl2F2N2O6P	[M + H]+	C15H28Cl2F2N2O6P+	HBYYLIDBBUHTGD	InChI=1S/C15H27Cl2F2N2O6P/c1-4-6-9-21(14(23)26-12-25-13(22)15(17,18)19)28(24,20(3)10-8-16)27-11-7-5-2/h4-12H2,1-3H3		CCCCOP(=O)(N(C)CCCl)N(CCCC)C(=O)OCOC(=O)C(F)(F)Cl	471.105	1355	22.576	857352001005470622	857336480047322820	857336480047322819	26341	
1	4	-84.772	-8.354		0.000	76.021	C10H13NO8S	[M + H]+	C10H14NO8S+	PZUUSSJYSXOOBC	InChI=1S/C10H13NO8S/c1-2-17-18-10(14)8(5-9(12)13)11-19-20(15,16)6-7-3-4-7/h2,7H,1,3-6H2,(H,12,13)		C=COOC(=O)C(CC(=O)O)=NOS(=O)(=O)CC1CC1	308.044	1355	22.579	857351959494443913	857336480110237384	857336480110237383	26339	
1	10	-113.238	-8.668		0.006	34.630	C14H23F5N2O6S2	[M + H]+	C14H24F5N2O6S2+	XUHQADXBKMLFDI	InChI=1S/C14H23F5N2O6S2/c1-10(2)8-21(29(25,26)9-11-4-5-11)28(23,24)7-3-6-20-12(22)27-14(18,19)13(15,16)17/h10-11H,3-9H2,1-2H3,(H,20,22)		CC(C)CN(S(=O)(=O)CCCNC(=O)OC(F)(F)C(F)(F)F)S(=O)(=O)CC1CC1	475.099	1355	22.582	857351983947236251	857336480168957644	857336480168957643	26351	
1	1	-29.384	-4.398		0.996	53.159	C26H42O4	[M + H]+	C26H43O4+	GJGFBBDUHSRRFS	InChI=1S/C26H42O4/c1-20(2)12-6-7-14-22(5)17-19-30-26(28)24-16-9-8-15-23(24)25(27)29-18-11-10-13-21(3)4/h8-9,15-16,20-22H,6-7,10-14,17-19H2,1-5H3		CC(C)CCCCOC(=O)c1ccccc1C(=O)OCCC(C)CCCCC(C)C	419.316	1365	22.755	857352011386373581	857336480269620948	857336480269620947	26479	
1	1	-31.568	-4.730		0.995	74.911	C26H42O4	[M + H]+	C26H43O4+	GJGFBBDUHSRRFS	InChI=1S/C26H42O4/c1-20(2)12-6-7-14-22(5)17-19-30-26(28)24-16-9-8-15-23(24)25(27)29-18-11-10-13-21(3)4/h8-9,15-16,20-22H,6-7,10-14,17-19H2,1-5H3		CC(C)CCCCOC(=O)c1ccccc1C(=O)OCCC(C)CCCCC(C)C	419.316	1372	22.874	857352010966943166	857336480500307684	857336480496113379	26568	
1	1	-44.071	-2.935		0.997	18.303	C25H40O4	[M + H]+	C25H41O4+	LZZFTQBNXQLULW	InChI=1S/C25H40O4/c1-20(2)14-8-5-6-12-18-28-24(26)22-16-10-11-17-23(22)25(27)29-19-13-7-9-15-21(3)4/h10-11,16-17,20-21H,5-9,12-15,18-19H2,1-4H3	Isononyl isooctyl phthalate	CC(C)CCCCCCOC(=O)C1=CC=CC=C1C(=O)OCCCCCC(C)C	405.300	1374	22.904	857352011839358457	857336480554833640	857336480554833639	26594	
1	1	-131.009	-6.305		1.000	41.282	C24H47NO	[M + H]+	C24H48NO+	XRJGXFJOVBPGDE	InChI=1S/C24H47NO/c1-3-5-6-7-8-9-10-11-12-13-14-15-16-17-18-19-20-21-22-23-25-26-24-4-2/h2,25H,3,5-24H2,1H3		C#CCONCCCCCCCCCCCCCCCCCCCCC	366.373	1387	23.108	857352025001084859	857336480663885552	857336480663885551	26740	
1	1	-33.857	-3.011		1.000	58.634	C27H44O4	[M + H]+	C27H45O4+	CCAFFEIZYRCQAT	InChI=1S/C27H44O4/c1-21(2)13-8-6-7-11-19-30-26(28)24-16-9-10-17-25(24)27(29)31-20-18-23(5)15-12-14-22(3)4/h9-10,16-17,21-23H,6-8,11-15,18-20H2,1-5H3		CC(C)CCCCCCOC(=O)c1ccccc1C(=O)OCCC(C)CCCC(C)C	433.331	1396	23.270	857352019154224678	857336480756160248	857336480756160247	26918	
1	5	-125.867	-8.067		0.016	32.118	C14H16N6O9S	[M + H]+	C14H17N6O9S+	DTNWMQYMRCUCCX	InChI=1S/C14H16N6O9S/c1-18-11(26-2)6(9(21)16-12(18)23)4-30-14-15-8-7(19(14)5-28-29-25)10(22)17-13(24)20(8)27-3/h25H,4-5H2,1-3H3,(H,16,21,23)(H,17,22,24)		COc1c(CSc2nc3c(c(=O)[nH]c(=O)n3OC)n2COOO)c(=O)[nH]c(=O)n1C	445.076	1413	23.557	857352060455539834	857336480856823552	857336480856823551	27101	
1	30	-180.887	-8.063		0.000	3.441	C20H16N2O4	[M + Na]+	C20H16N2NaO4+	FKTDCBNYONOMSK	InChI=1S/C20H16N2O4/c1-21-15-10-6-4-8-13(15)17(18(19(21)23)20(24)25)16-11-12-7-3-5-9-14(12)22(16)26-2/h3-11H,1-2H3,(H,24,25)		COn1c(-c2c(C(=O)O)c(=O)n(C)c3ccccc23)cc2ccccc21	371.101	1414	23.562	857352055023916137	857336480953292552	857336480953292551	27132	
1	1	-19.543	-1.931		1.000	26.417	C2H4O2	[M + K]+	C2H4KO2+	IEZWOVIWXFLQTP	InChI=1S/C2H4O2/c1-2-4-3/h2-3H,1H2	Oxidooxyethene	C=COO	98.984	1422	23.698	857352044353606705	857336481200756508	857336481200756507	27259	
1	2	-253.853	-7.082		0.036	16.358	C31H55NO	[M + Na]+	C31H55NNaO+	SVTUCZLPNKUQOG	InChI=1S/C31H55NO/c1-3-5-6-7-8-9-10-11-12-13-14-15-16-17-18-19-20-21-22-23-24-25-26-27-28-29-30-31(33)32-4-2/h3-23,28-30H2,1-2H3,(H,32,33)		CCCCCCCCCCCCCCCCCCCCCC#CC#CCCCC(=O)NCC	480.418	1422	23.699	857352304845051584	857336481246893856	857336481246893855	27263	
1	1	-217.615	-8.507		0.999	13.046	C31H46O	[M + H]+	C31H47O+	VEHVOFYOXUUEAF	InChI=1S/C31H46O/c1-25(12-7-6-8-18-28-19-20-29-21-22-30(29)24-28)13-9-14-26(2)15-10-16-27(3)17-11-23-31(4,5)32/h19-20,24-27,32H,9-17,21-23H2,1-5H3		CC(CC#CC#Cc1ccc2c(c1)CC2)CCCC(C)CCCC(C)CCCC(C)(C)O	435.360	1422	23.700	857352306145285838	857336481288836900	857336481288836899	27268	
1	1	-29.791	-5.368		0.988	53.078	C28H46O4	[M + H]+	C28H47O4+	KVZQPXDGIYJYLU	InChI=1S/C28H46O4/c1-21(2)11-9-13-23(5)17-19-31-27(29)25-15-7-8-16-26(25)28(30)32-20-18-24(6)14-10-12-22(3)4/h7-8,15-16,21-24H,9-14,17-20H2,1-6H3	Phthalic Acid Bis(3,7-dimethyloctyl) Ester-d4	CC(C)CCCC(C)CCOC(=O)C1=CC=CC=C1C(=O)OCCC(C)CCCC(C)C	447.347	1437	23.954	857352305876850378	857336481330779944	857336481330779943	27438	
1	1	-123.740	-6.578		1.000	37.529	C26H50O4	[M + H3N + H]+	C26H54NO4+	HOXTZVAUZJFCAA	InChI=1S/C26H50O4/c1-6-10-16-23(8-3)20-29-25(27)18-13-14-19-26(28)30-21-24(9-4)17-12-11-15-22(5)7-2/h22-24H,6-21H2,1-5H3		CCCCC(CC)COC(=O)CCCCC(=O)OCC(CC)CCCCC(C)CC	444.405	1456	24.274	857352305507751622	857336481376917292	857336481376917291	27614	
1	1	-86.160	-6.070		1.000	128.813	C26H50O4	[M + H]+	C26H51O4+	VJHINFRRDQUWOJ	InChI=1S/C26H50O4/c1-5-9-17-23(7-3)21-29-25(27)19-15-13-11-12-14-16-20-26(28)30-22-24(8-4)18-10-6-2/h23-24H,5-22H2,1-4H3	1,10-bis(2-ethylhexyl) decanedioate	CCCCC(CC)COC(=O)CCCCCCCCC(=O)OCC(CC)CCCC	427.378	1457	24.281	857352321148311631	857336481464997684	857336481464997683	27624	
1	1	-248.439	-6.300		1.000	48.143	C26H48O4	[M + H]+	C26H49O4+	HPCGOZKFCRLIJA	InChI=1S/C26H48O4/c1-4-7-9-11-13-14-15-17-19-21-26(28)30-23-24(6-3)22-29-25(27)20-18-16-12-10-8-5-2/h5,24H,2,4,6-23H2,1,3H3		C=CCCCCCCC(=O)OCC(CC)COC(=O)CCCCCCCCCCC	425.362	1463	24.384	857352316761069531	857336481511135032	857336481511135031	27672	
1	1	-157.368	-4.915		0.805	18.818	C26H55N5O	[M + K]+	C26H55KN5O+	NWLRBJOOKHFHIS	InChI=1S/C26H55N5O/c1-2-3-4-5-6-7-8-9-10-11-12-13-14-15-16-17-18-20-23-28-26(32)29-24-21-19-22-25-30-31-27/h2-25H2,1H3,(H2,27,30)(H2,28,29,32)		CCCCCCCCCCCCCCCCCCCCNC(=O)NCCCCCN=NN	492.405	1472	24.527	857352318132607024	857336481557272380	857336481557272379	27739	
1	1	-23.977	-5.192		0.999	40.937	C28H46O4	[M + H]+	C28H47O4+	AGSLEQHTXGRORG	InChI=1S/C28H46O4/c1-4-5-6-7-12-17-22-31-27(29)25-20-15-16-21-26(25)28(30)32-23-18-13-10-8-9-11-14-19-24(2)3/h15-16,20-21,24H,4-14,17-19,22-23H2,1-3H3		CCCCCCCCOC(=O)c1ccccc1C(=O)OCCCCCCCCCC(C)C	447.347	1472	24.527	857352319512533051	857336481599215424	857336481599215423	27736	
1	1	-255.905	-6.930		1.000	45.207	C26H48O4	[M + H]+	C26H49O4+	WWAHHVVPBNMEEF	InChI=1S/C26H48O4/c1-5-6-7-12-16-19-25(27)29-21-24(4)22-30-26(28)20-17-14-11-9-8-10-13-15-18-23(2)3/h5,23-24H,1,6-22H2,2-4H3		C=CCCCCCC(=O)OCC(C)COC(=O)CCCCCCCCCCC(C)C	425.362	1473	24.552	857352320523360325	857336481649547076	857336481649547075	27757	
1	1	-93.433	-5.863		1.000	48.426	C30H58O5S	[M + H]+	C30H59O5S+	HDCJAQSQIYIGRQ	InChI=1S/C30H58O5S/c1-2-3-4-5-6-14-17-20-24-34-25-21-18-15-12-10-8-7-9-11-13-16-19-22-26-35-30(33)28-36-27-23-29(31)32/h2-28H2,1H3,(H,31,32)		CCCCCCCCCCOCCCCCCCCCCCCCCCOC(=O)CSCCC(=O)O	531.408	1496	24.935	857352323581007964	857336481737627468	857336481737627467	27957	
1	1	-67.452	-4.359		1.000	31.587	C42H82O4S	[M + H]+	C42H83O4S+	DHTANZBZQDKORA	InChI=1S/C42H82O4S/c1-3-5-7-9-11-13-14-15-16-17-18-19-20-21-22-23-24-25-26-27-28-30-32-34-38-46-42(44)36-40-47-39-35-41(43)45-37-33-31-29-12-10-8-6-4-2/h3-40H2,1-2H3		CCCCCCCCCCCCCCCCCCCCCCCCCCOC(=O)CCSCCC(=O)OCCCCCCCCCC	683.601	1736	28.940	857352521082396625	857336482068977512	857336482064783207	30201	
1	2	-124.796	-7.477		0.171	10.471	C15H5Br5ClF2NO	[M + H3N + H]+	C15H9Br5ClF2N2O+	MBECICZAWNOVPF	InChI=1S/C15H5Br5ClF2NO/c16-7-3-10(21)6(14(25)12(20)11(7)19)4-24-13-8(17)1-5(15(22)23)2-9(13)18/h1-4,15H		O=c1c(Br)c(Br)c(Br)cc(Cl)c1C=Nc1c(Br)cc(C(F)F)cc1Br	700.627	1736	28.940	857352522084835290	857336482106726252	857336482106726251	30202	
1	2	-121.558	-8.071		0.377	10.952	C15H5Br5ClF2NO	[M + H3N + H]+	C15H9Br5ClF2N2O+	QAGKSXMHMKIEFB	InChI=1S/C15H5Br5ClF2NO/c16-5-1-7(18)12(8(19)2-5)24-13(15(22)23)11-10(21)4-6(17)3-9(20)14(11)25/h1-4,15H		O=c1c(Br)cc(Br)cc(Cl)c1C(=Nc1c(Br)cc(Br)cc1Br)C(F)F	700.627	1762	29.372	857352522542014432	857336482148669296	857336482144474991	30463	
1	8	-96.946	-7.084		0.008	22.496	C20H43O6P	[M + H]+	C20H44O6P+	JGUUNYYCSFLWAY	InChI=1S/C20H43O6P/c1-2-3-4-5-6-7-8-9-10-11-13-16-24-17-14-12-15-18-25-19-20-26-27(21,22)23/h2-20H2,1H3,(H2,21,22,23)		CCCCCCCCCCCCCOCCCCCOCCOP(=O)(O)O	411.290	1764	29.406	857352526769873075	857336482190612340	857336482190612339	30460	
1	1	-66.243	-4.359		1.000	32.006	C42H82O4S	[M + H]+	C42H83O4S+	DHTANZBZQDKORA	InChI=1S/C42H82O4S/c1-3-5-7-9-11-13-14-15-16-17-18-19-20-21-22-23-24-25-26-27-28-30-32-34-38-46-42(44)36-40-47-39-35-41(43)45-37-33-31-29-12-10-8-6-4-2/h3-40H2,1-2H3		CCCCCCCCCCCCCCCCCCCCCCCCCCOC(=O)CCSCCC(=O)OCCCCCCCCCC	683.601	1764	29.406	857352528942522677	857336482232555384	857336482228361079	30462	
1	1	-78.807	-4.359		1.000	22.968	C42H82O4S	[M + H]+	C42H83O4S+	DHTANZBZQDKORA	InChI=1S/C42H82O4S/c1-3-5-7-9-11-13-14-15-16-17-18-19-20-21-22-23-24-25-26-27-28-30-32-34-38-46-42(44)36-40-47-39-35-41(43)45-37-33-31-29-12-10-8-6-4-2/h3-40H2,1-2H3		CCCCCCCCCCCCCCCCCCCCCCCCCCOC(=O)CCSCCC(=O)OCCCCCCCCCC	683.601	1776	29.592	857352528804110631	857336482232555388	857336482232555387	30552	
1	2	-120.478	-8.389		0.141	9.128	C15H5Br5ClF2NO	[M + H3N + H]+	C15H9Br5ClF2N2O+	NSOJCBSYPIIRGC	InChI=1S/C15H5Br5ClF2NO/c1-2-14(19,20)15(22,23)11-9(5-10(21)25)24-13-7(12(11)18)3-6(16)4-8(13)17/h1,3-4H,5H2		C#CC(Br)(Br)C(F)(F)c1c(CC(=O)Cl)nc2c(Br)cc(Br)cc2c1Br	700.627	1776	29.592	857352528825082160	857336482236749696	857336482236749695	30553	
