spectralMatchRank	spectrumType	analogHit	querySpectrumIndex	querySpectrumScanNumber	querySpectrumMsLevel	querySpectrumCE	similarity	sharedPeaks	referenceMsLevel	referenceCE	referenceAdduct	referencePrecursorMz	referenceInstrument	referenceSmiles	referenceSplash	referenceName	referenceLinks	InChIkey2D	ionMass	retentionTimeInSeconds	retentionTimeInMinutes	alignedFeatureId	compoundId	mappingFeatureId	overallFeatureQuality
1	SPECTRUM	true	0		2	-1 eV	0.5638942	7	2	-1 eV (corrected -1 eV)	[M + H]+	131.070	Orbitrap (LCMS)	CC1(CCOC(=O)C1)O	splash10-00xr-9400000000-6b6e730cd317b69f6be0	Prestwick_97	public_spectra_2506:(CCMSLIB00006708633)	JYVXNLLUYHCIIH	159.006	45	0.751	857336421524195804	857336421490641371	119	
1	SPECTRUM	true	-1		2		0.7159315	6	2	29 eV	[M + H]+	163.039	Orbitrap (LCMS)	C1=CC(=CC2=C1C=CC(=O)O2)O	splash10-0a4i-3900000000-a68f16c74a90b40deff8	Hydrangin	public_spectra_2506:(MSBNK-NaToxAq-NA003625)	ORHBXUUXSCNDEV	152.998	45	0.754	857336421788436960	857336421775854047	200	
7	SPECTRUM	true	-1		2		0.5562237	6	2	-1 eV (corrected -1 eV)	[M + H]+	124.039	Orbitrap (LCMS)	C1=CC=NC(=C1)C(=O)O	splash10-006t-9400000000-c630d4efa032b2aadc33	Nicogamol	public_spectra_2506:(CCMSLIB00006120668)	SIOXPEMLGUPBBT	106.992	45	0.757	857336422358862316	857336422354668011	139	
3	SPECTRUM	true	0		2	-1 eV	0.3468081	6	2	-1 eV (corrected -1 eV)	[M + H]+	171.029	Orbitrap (LCMS)	C1=C(C=C(C(=C1O)O)O)C(=O)O	splash10-0a59-9300000000-52c837653f48e1b095d2	gallate	public_spectra_2506:(CCMSLIB00011428735)	LNTHITQWFMADLM	143.040	46	0.759	857336422522440176	857336422518245871	206	
2	SPECTRUM	true	-1		2		0.36301202	6	2	-1 eV (corrected -1 eV)	[M + H]+	179.034	FTICR (LCMS)	C1=CC(=O)OC2=CC(=C(C=C21)O)O	null-null-null-null	Esculatin	public_spectra_2506:(CCMSLIB00004696274)	ILEDWLMCKZNDJK	134.987	46	0.761	857336422677629428	857336422673435123	147	
2	SPECTRUM	true	0		2	-1 eV	0.6077802	6	2	-1 eV (corrected -1 eV)	[M + H]+	132.102	Orbitrap (LCMS)	CCC(C)C(C(=O)O)N	splash10-000i-9000000000-9890f383cc8c0b622acb	Isoleucine	public_spectra_2506:(CCMSLIB00006113111)	AGPKZVBTJJNPAG	130.966	46	0.768	857336423361300996	857336423357106691	381	
1	SPECTRUM	true	9		2	-1 eV	0.56037474	6	2	-1 eV (corrected -1 eV)	[M + H]+	273.040	Orbitrap (LCMS)	C1CC(=CC2=CC=CS2)C(=O)C1=CC3=CC=CS3	splash10-0005-8900000000-4b16b00bb90a7ab2d835	Maybridge3_001395	public_spectra_2506:(BRUNGS_MCEBIO_00204)	KPFZCKDPBMGECB	158.003	46	0.772	857336423730399756	857336423722011147	208	
1	SPECTRUM	true	2		2	-1 eV	0.38716903	6	2	-1 eV (corrected -1 eV)	[M + H]+	171.029	Orbitrap (LCMS)	C1=C(C=C(C(=C1O)O)O)C(=O)O	splash10-0a59-9300000000-52c837653f48e1b095d2	gallate	public_spectra_2506:(CCMSLIB00011428735)	LNTHITQWFMADLM	130.008	46	0.773	857336423906560528	857336423902366223	205	
1	SPECTRUM	true	1		2	-1 eV	0.69835687	8	2	-1 eV (corrected -1 eV)	[M + H]+	188.034	Orbitrap (LCMS)	C1=CC2=C(C=C1O)OC(=O)C(=C2)C#N	splash10-000i-0900000000-bad8b625e4467d3fb262	Oprea1_274246	public_spectra_2506:(CCMSLIB00006700366)	IJQYTHQDUDCJEQ	222.961	48	0.799	857336424195967512	857336424191773207	232	
1	SPECTRUM	true	2		2	-1 eV	0.7131853	6	2	-1 eV (corrected -1 eV)	[M + Na]+	214.051	Orbitrap (LCMS)	CC(=O)NC(CCSC)C(=O)O	splash10-03di-1290000000-544ea971fd8c7ba58f77	Methionin	public_spectra_2506:(CCMSLIB00005464478)	XUYPXLNMDZIRQH	255.944	50	0.826	857336425139685936	857336425127103023	398	
1	SPECTRUM	true	-1		2		0.7117693	7	2	-1 eV (corrected -1 eV)	[M + H]+	167.034	Orbitrap (LCMS)	C1OC2=C(O1)C=C(C=C2)C(=O)O	splash10-001i-9400000000-5f627155218c5066b82e	Spectrum_001164	public_spectra_2506:(CCMSLIB00006708884)	VDVJGIYXDVPQLP	125.986	50	0.829	857336425517173304	857336425512978999	429	
1	SPECTRUM	true	3		2	-1 eV	0.7609058	8	2	-1 eV (corrected -1 eV)	[M - H2O + H]+	163.039	Orbitrap (LCMS)	C1=CC(=C(C=C1C=CC(=O)O)O)O	splash10-001i-9800000000-f1b5cb592c344f7b3930	Caffeate	public_spectra_2506:(CCMSLIB00006705314)	QAIPRVGONGVQAS	250.939	50	0.830	857336425697528380	857336425693334075	412	
1	SPECTRUM	true	0		2	-1 eV	0.51880705	6	2	-1 eV (corrected -1 eV)	[M - H2O + H]+	130.050	Orbitrap (LCMS)	C(CC(=O)O)C(C(=O)O)N	splash10-08ir-9200000000-af3c62399ee81e16c87f	Glutamat	public_spectra_2506:(BRUNGS_MCEBIO_07659)	WHUUTDBJXJRKMK	143.997	50	0.830	857336425911437888	857336425907243583	420	
1	SPECTRUM	true	5		2	-1 eV	0.65701383	7	2	-1 eV (corrected -1 eV)	[M + H]+	167.034	Orbitrap (LCMS)	C1OC2=C(O1)C=C(C=C2)C(=O)O	splash10-001i-9400000000-5f627155218c5066b82e	Spectrum_001164	public_spectra_2506:(CCMSLIB00006708884)	VDVJGIYXDVPQLP	214.918	50	0.832	857336426146318916	857336426142124611	423	
1	SPECTRUM	true	2		2	-1 eV	0.63897187	6	2	-1 eV (corrected -1 eV)	[M + Na]+	214.051	Orbitrap (LCMS)	CC(=O)NC(CCSC)C(=O)O	splash10-03di-1290000000-544ea971fd8c7ba58f77	Methionin	public_spectra_2506:(CCMSLIB00005464478)	XUYPXLNMDZIRQH	344.876	50	0.832	857336426293119560	857336426288925255	432	
1	SPECTRUM	true	-1		2		0.79359555	6	2	-1 eV (corrected -1 eV)	[M + H]+	167.143	Orbitrap (LCMS)	CC1(C2CC=C(C1C2)CCO)C	splash10-001i-9400000000-e9b9dac3179fdbff13d4	(-)-Nopol	public_spectra_2506:(CCMSLIB00006697485)	ROKSAUSPJGWCSM	167.013	50	0.834	857336426452503116	857336426448308811	428	
1	SPECTRUM	true	0		2	-1 eV	0.8077289	6	2	-1 eV (corrected -1 eV)	[M + H]+	167.034	Orbitrap (LCMS)	C1OC2=C(O1)C=C(C=C2)C(=O)O	splash10-001i-9400000000-5f627155218c5066b82e	Spectrum_001164	public_spectra_2506:(CCMSLIB00010125979)	VDVJGIYXDVPQLP	232.928	50	0.836	857336426733521492	857336426729327187	425	
1	SPECTRUM	true	1		2	-1 eV	0.7088743	6	2	-1 eV (corrected -1 eV)	[M - H2O + H]+	337.191	Orbitrap (LCMS)	CCC12CCCN3C1C4=C(CC3)C5=CC=CC=C5N4C(C2)(C(=O)OC)O	splash10-000i-0029000000-cbd4cba80c008b1ecd46	Angiopac	public_spectra_2506:(CCMSLIB00010104057)	RXPRRQLKFXBCSJ	113.107	52	0.864	857336426855156312	857336426850962007	583	
1	SPECTRUM	true	1		2	-1 eV	0.5190687	7	2	28 eV	[M + H]+	188.110	Orbitrap (LCMS)	CCSC(=O)N1CCCCCC1	splash10-0a4i-9000000000-2e6843cbd165f92af824	Sakkimol	public_spectra_2506:(MSBNK-Eawag-EQ371405)	DEDOPGXGGQYYMW	183.024	53	0.880	857336426964208220	857336426960013915	621	
1	SPECTRUM	true	1		2	-1 eV	0.4795069	11	2	-1 eV (corrected -1 eV)	[M + H]+	183.021	Orbitrap (LCMS)	C1=CC(=CC=C1C=CC(=O)O)Cl	splash10-0309-2900000000-bc5115a34823cab03874	ACMC-20aixa	public_spectra_2506:(CCMSLIB00010124380)	GXLIFJYFGMHYDY	186.966	54	0.900	857336427480107624	857336427475913319	697	
1	SPECTRUM	true	-1		2		0.36312988	6	2	-1 eV (corrected -1 eV)	[M + H]+	171.029	Orbitrap (LCMS)	C1=C(C=C(C(=C1O)O)O)C(=O)O	splash10-0a59-9300000000-52c837653f48e1b095d2	gallate	public_spectra_2506:(CCMSLIB00011428735)	LNTHITQWFMADLM	174.985	54	0.905	857336427584965228	857336427584965227	733	
1	SPECTRUM	true	3		2	-1 eV	0.51358867	7	2	-1 eV (corrected -1 eV)	[M - H2O + H]+	153.018	Orbitrap (LCMS)	C1=C(C=C(C(=C1O)O)O)C(=O)O	splash10-0udi-3900000000-d4f009e7872b34f47576	gallate	public_spectra_2506:(CCMSLIB00006708001)	LNTHITQWFMADLM	184.969	55	0.909	857336427694017136	857336427689822831	699	
1	SPECTRUM	true	-1		2		0.7984703	11	2	-1 eV (corrected -1 eV)	[M + H]+	178.109	Orbitrap (LCMS)	C1=CC=C(C=C1)N=C(N)N=C(N)N	splash10-03di-9100000000-c028b216a6e6b88eb6bf	Lopac-P-120	public_spectra_2506:(BRUNGS_MCEBIO_03896)	CUQCMXFWIMOWRP	212.118	56	0.937	857336428344134280	857336428339939975	843	
1	SPECTRUM	true	0		2	-1 eV	0.90880764	39	2	-1 eV (corrected -1 eV)	[M + H]+	163.123	Orbitrap (LCMS)	CNCCC=CC1=CN=CC=C1	splash10-001i-3900000000-0f0b4d318baf5ce973e3	Rivanicline	public_spectra_2506:(BRUNGS_MCEBIO_01188)	JUOSGGQXEBBCJB	179.118	56	0.939	857336428444797580	857336428440603275	867	
1	SPECTRUM	true	0		2	-1 eV	0.90861213	34	2	36 eV	[M + H]+	149.107	Orbitrap (LCMS)	C1CC(NC1)C2=CN=CC=C2	splash10-00lr-9800000000-a45b0ff544bcd0281db0	Nornicotin	public_spectra_2506:(MSBNK-Eawag-EQ328007)	MYKUKUCHPMASKF	163.123	57	0.942	857336428541266576	857336428537072271	862	
1	SPECTRUM	true	0		2	-1 eV	0.60370207	7	2	15 eV	[M + H]+	163.039	Orbitrap (LCMS)	CC1=CC2=C(C=C1)C(=O)OC2=O	splash10-03di-0900000000-8a410938a6509d2b8183	Ambap19438-61-0	public_spectra_2506:(MSBNK-LCSB-LU019401)	ZOXBWJMCXHTKNU	114.066	57	0.945	857336428637735572	857336428633541267	864	
1	SPECTRUM	true	3		2	-1 eV	0.41539717	6	2	-1 eV (corrected -1 eV)	[M + H]+	237.091	Orbitrap (LCMS)	CC1=CC2=C(C=C1)OC(=CC2=O)C3=CC=CC=C3	splash10-000i-0090000000-e5e51bb212a6dead4be4	Oprea1_512723	public_spectra_2506:(CCMSLIB00006687320)	NOQJBXPAMJLUSS	236.949	57	0.948	857336428742593176	857336428738398871	1101	
1	SPECTRUM	true	-1		2		0.84188175	9	2	20 eV	[M + H]+	172.170	Q-ToF (LCMS)	CC1(CC(CC(N1C)(C)C)O)C	splash10-00di-9400000000-0a26d6a287ad48b931a2	1,2,2,6,6-Pentamethyl-4-piperidinol	public_spectra_2506:(MSBNK-EPA-ENTACT_AGILENT000077)	NWHNXXMYEICZAT	202.180	57	0.951	857336428931336864	857336428927142559	1124	
1	SPECTRUM	true	9		2	-1 eV	0.76999277	13	2	-1 eV (corrected -1 eV)	[M - H2O + H]+	224.165	Orbitrap (LCMS)	CCC(C)(C(CO)NC(=O)C(=CC=CC)C)O	splash10-0a6r-8920000000-08ce724cdead84a65b18	CHEBI:182554	public_spectra_2506:(BRUNGS_NIHNP_01517)	PHCDULUANYZTRK	198.185	57	0.952	857336429044583076	857336429040388771	913	
1	SPECTRUM	true	35		2	-1 eV	0.83616185	6	2	75 eV	[M + H]+	241.173	Orbitrap (LCMS)	C1CCC(CC1)NC(=S)NC2CCCCC2	splash10-0a59-9000000000-9720b5fbd8c5e447a1e1	Oprea1_850375	public_spectra_2506:(MSBNK-LCSB-LU118805)	KAJICSGLHKRDLN	182.190	57	0.953	857336429254298284	857336429250103979	1068	
9	SPECTRUM	true	23		2	-1 eV	0.77801514	31	2	36 eV	[M + H]+	149.107	Orbitrap (LCMS)	C1CC(NC1)C2=CN=CC=C2	splash10-00lr-9800000000-a45b0ff544bcd0281db0	Nornicotin	public_spectra_2506:(MSBNK-Eawag-EQ328007)	MYKUKUCHPMASKF	177.102	57	0.956	857336429451430580	857336429447236275	1118	
2	SPECTRUM	true	-1		2		0.67435604	6	2	60 eV	[M + H]+	173.165	Orbitrap (LCMS)	CCCCNC(=O)NCCCC	splash10-0ab9-9000000000-0808bf9094d149147fbe	1,3-Dibutylurea	public_spectra_2506:(MSBNK-LCSB-LU018804)	AQSQFWLMFCKKMG	186.222	58	0.963	857336429543705272	857336429543705271	1229	
1	SPECTRUM	true	36		2	-1 eV	0.3892921	6	2	-1 eV (corrected -1 eV)	[M + H]+	150.037	Orbitrap (LCMS)	C1=CC=C(C=C1)CN=C=S	splash10-03kc-9300000000-ed62be1f89914fe79b19	Tromalyt	public_spectra_2506	MDKCFLQDBWCQCV	187.094	58	0.970	857336429925386952	857336429921192647	1313	
3	SPECTRUM	true	-1		2		0.42251292	6	2	-1 eV (corrected -1 eV)	[M + H]+	132.102	Orbitrap (LCMS)	CC(C)C(CC(=O)O)N	splash10-00di-9000000000-922787dc3fdfc7904bd2	bmse000466	public_spectra_2506:(BRUNGS_MCEBIO_07617)	GLUJNGJDHCTUJY	100.112	58	0.973	857336430026050252	857336430021855947	925	
1	SPECTRUM	true	74		2	-1 eV	0.841246	8	2	48 eV	[M + H]+	199.083	Orbitrap (LCMS)	CC1(C(N2C(=NC(=O)NC2=O)N1)O)C	splash10-014r-9000000000-47d33bb8c2fe7f2f8621	Terbuthylazine-TP CSCD692760 (LM3)	public_spectra_2506:(MSBNK-Eawag-EQ417707)	SDFNUIRNRULFGI	129.041	59	0.987	857336430227376852	857336430223182547	1420	
13	SPECTRUM	true	-1		2		0.58196867	6	2	-1 eV (corrected -1 eV)	[M + H]+	338.190	Orbitrap (LCMS)	CC1=CN(N=C1)C2CC3CCC(C2)N3CC4CCS(=O)(=O)CC4	splash10-0a5i-9373000000-9c28e139f99740c8e622	F6672-0469	public_spectra_2506:(BRUNGS_MCESCAF_01203)	UUPDQVWJAGAYOH	146.981	59	0.988	857336430353205976	857336430349011671	1246	
1	SPECTRUM	true	18		2	-1 eV	0.630119	7	2	90 eV	[M + H]+	358.145	Orbitrap (LCMS)	CC(=O)C1=CC2=C(C=C1)OC(C(C2NC(=O)C3=CC=C(C=C3)F)O)(C)C	splash10-0a4i-9700000000-de34855f7676f14351be	Carabersat	public_spectra_2506:(MSBNK-LCSB-LU115206)	RCLXAPJEFHPYEG	209.138	61	1.020	857336430651001572	857336430646807267	1670	
1	SPECTRUM	true	-1		2		0.6912488	6	2	-1 eV (corrected -1 eV)	[M + H]+	421.149	Orbitrap (LCMS)	CC(CC1=C(C(=O)C(=CO1)C(=O)C2=C(C=C(C=C2OC)OC)C(=O)OC)OC)OC	splash10-0a4i-9000000000-13189fd3270c8ea9dc3e	Compound NP-015657	public_spectra_2506:(BRUNGS_NIHNP_01181)	SADAOVOLILWFIU	165.112	62	1.035	857336430743276264	857336430739081959	1656	
1	SPECTRUM	true	5		2	-1 eV	0.36541554	6	2	-1 eV (corrected -1 eV)	[M - H2O + H]+	159.080	Orbitrap (LCMS)	CC(=O)C=CC1=CC=C(C=C1)OC	splash10-0a4l-2900000000-c9023c3fe86f7bbbe7dc	Anisalacetone	public_spectra_2506:(CCMSLIB00006702075)	WRRZKDVBPZBNJN	213.923	63	1.047	857336430898465516	857336430894271211	1768	
1	SPECTRUM	true	-1		2		0.5226703	6	2	-1 eV (corrected -1 eV)	[M + Na]+	293.078	FTICR (LCMS)	COC1=C(C=CC(=C1)O)C(=O)C=CC2=CC=C(C=C2)O	null-null-null-null	3-Deoxysappanchalcone	public_spectra_2506:(CCMSLIB00004696871)	PACBGANPVNHGNP	218.975	70	1.162	857336431200455412	857336431196261107	2048	
1	SPECTRUM	true	0		2	-1 eV	0.36546427	10	2	-1 eV (corrected -1 eV)	[M + Na]+	237.073	Orbitrap (LCMS)	CC1C(C(C=CO1)OC(=O)C)OC(=O)C	splash10-0002-9110000000-76e778c4e957be45d8ab	Diacetyl-L-rhamnal	public_spectra_2506:(CCMSLIB00010125919)	NDEGMKQAZZBNBB	213.923	81	1.348	857336431653440260	857336431649245955	2190	
1	SPECTRUM	true	27		2	-1 eV	0.42282844	6	2	-1 eV (corrected -1 eV)	[M + Na]+	196.022	Orbitrap (LCMS)	C(C(=O)O)NC(=O)C=CC(=O)O	splash10-0002-9700000000-d5e1f7a3b382fadecfcb	N-Glycinylmaleamic acid	public_spectra_2506:(CCMSLIB00010125529)	JKCBZBFTTXFZGH	163.940	82	1.363	857336431745714952	857336431745714951	2195	
1	SPECTRUM	true	36		2	-1 eV	0.3441696	6	2	-1 eV (corrected -1 eV)	[M + H]+	257.081	Orbitrap (LCMS)	C1C(C(=O)C2=C(O1)C=C(C=C2)O)C3=CC=C(C=C3)O	splash10-074j-9800000000-3446e1eeb0d814775fa9	dihydrodaidzein	public_spectra_2506:(BRUNGS_MCEBIO_06647)	JHYXBPPMXZIHKG	135.945	83	1.385	857336431833795340	857336431833795339	2202	
3	SPECTRUM	true	1		2	-1 eV	0.56964195	6	2	-1 eV (corrected -1 eV)	[M + H]+	301.239	Orbitrap (LCMS)	CC(C)C1=NC(=C(C2=C1CCCC2)C#N)NCCCN(C)C	splash10-0a70-9260000000-0b75c4f717d9d953120e	3-{[3-(dimethylamino)propyl]amino}-1-isopropyl-5,6,7,8-tetrahydro-4-isoquinolinecarbonitrile	public_spectra_2506:(BRUNGS_MCESCAF_00610)	WTLXQYKLIMSRJP	118.123	103	1.713	857336432018344724	857336432014150419	2407	
2	SPECTRUM	true	14		2	-1 eV	0.5898038	12	2	22 eV	[M + H]+	149.107	Orbitrap (LCMS)	C1CC(NC1)C2=CN=CC=C2	splash10-001i-3900000000-73abee1b55e5f70341cb	Nornicotin	public_spectra_2506:(MSBNK-Eawag-EQ328005)	MYKUKUCHPMASKF	177.102	118	1.971	857336432119008024	857336432114813719	2517	
1	SPECTRUM	true	0		2	-1 eV	0.75938755	11	2	-1 eV (corrected -1 eV)	[M + H]+	147.092	Orbitrap (LCMS)	CC1=CC2=C(C=C1C)N=CN2	splash10-001i-2900000000-7be8a177ec3ff531284e	Dimedazol	public_spectra_2506:(BRUNGS_MCEBIO_07524)	LJUQGASMPRMWIW	133.076	239	3.978	857336432567798572	857336432567798571	3190	
1	SPECTRUM	true	-1		2		0.88233143	13	2	35 eV	[M + H]+	194.118	Orbitrap (LCMS)	CC(CC1=CC2=C(C=C1)OCO2)NC	splash10-0a6r-4900000000-9902e8afbb6b491db024	Ecstasy	public_spectra_2506:(MSBNK-Eawag-EQ361306)	SHXWCVYOXRDMCX	192.138	246	4.097	857336432647490352	857336432643296047	3265	
1	SPECTRUM	true	2		2	-1 eV	0.9700879	7	2	8 eV	[M + H]+	195.088	Orbitrap (LCMS)	CN1C=NC2=C1C(=O)N(C(=O)N2C)C	splash10-0002-0900000000-b5a979ae7ba9d458755a	Caffeina	public_spectra_2506:(MSBNK-ACES_SU-AS000088)	RYYVLZVUVIJVGH	195.123	250	4.158	857336432815262520	857336432815262519	3304	
1	SPECTRUM	true	7		2	-1 eV	0.82371974	7	2	-1 eV (corrected -1 eV)	[M - H2O + H]+	224.165	Orbitrap (LCMS)	CCC(C)(C(CO)NC(=O)C(=CC=CC)C)O	splash10-0a6r-8920000000-08ce724cdead84a65b18	CHEBI:182554	public_spectra_2506:(BRUNGS_NIHNP_01517)	PHCDULUANYZTRK	198.185	254	4.240	857336433041754944	857336433037560639	3334	
1	SPECTRUM	true	1		2	-1 eV	0.7713096	6	2	20 eV	[M + H]+	115.123	Q-ToF (LCMS)	C1CCC(C(C1)N)N	splash10-053s-9000000000-7cdce49e5a2bf658ead4	r-dach	public_spectra_2506:(MSBNK-EPA-ENTACT_AGILENT000083)	SSJXIUAHEKJCMH	198.185	265	4.415	857336433721232216	857336433717037911	3450	
1	SPECTRUM	true	64		2	-1 eV	0.37465355	7	2	-1 eV (corrected -1 eV)	[M + Na]+	291.157	Orbitrap (LCMS)	CC1=CC(=O)C2C(CC(CC2(C1(CO)O)C)O)(C)C	splash10-03ei-9830000000-22b87cb6780b634eb257	2?,9?,11-Trihydroxy-6-oxodrim-7-ene	public_spectra_2506	MMMVWBXLRFTTSV	209.138	266	4.438	857336434211965800	857336434207771495	3481	
1	SPECTRUM	true	0		2	-1 eV	0.60242957	7	2	54 eV	[M + H]+	150.091	Orbitrap (LCMS)	CC1=CC(=C(C=C1)NC=O)C	splash10-0a6r-9500000000-beab88d876aa2518a922	2'',4''-Formoxylidide	public_spectra_2506:(MSBNK-Eawag-EQ033009)	JOFDPSBOUCXJCC	133.086	267	4.444	857336434329406316	857336434325212011	3483	
1	SPECTRUM	true	-1		2		0.5413086	6	2	-1 eV (corrected -1 eV)	[M + H3N + H]+	330.191	FTICR (LCMS)	CC1CCC(C=CC(=O)OC(CCC(C=CC(=O)O1)O)C)O	null-null-null-null	Pyrenophorol	public_spectra_2506:(CCMSLIB00004708361)	RBQNDQOKFICJGL	224.186	279	4.643	857336434883054464	857336434883054463	3627	
1	SPECTRUM	true	0		2	-1 eV	0.8313597	11	2	55 eV	[M + H]+	307.263	Orbitrap (LCMS)	CCC=CCC=CCC=CCCCCCCCCCC(=O)O	splash10-0159-9000000000-ef0351d6642d9ee1965e	Icosatrienoic acid	public_spectra_2506:(MSBNK-Eawag-EQ01142706)	AHANXAKGNAKFSK	165.091	280	4.665	857336435164072840	857336435164072839	3644	
1	SPECTRUM	true	131		2	-1 eV	0.72808	30	2	-1 eV (corrected -1 eV)	[M + K]+	449.100	FTICR (LCMS)	CC(=C)C1CC2=C(O1)C=CC3=C2OC4COC5=CC(=C(C=C5C4(C3=O)O)OC)OC	null-null-null-null	Rotenalone	public_spectra_2506:(CCMSLIB00004695347)	JFVKWCYZKMUTLH	183.102	280	4.668	857336435310873484	857336435310873483	3672	
1	SPECTRUM	true	4		2	-1 eV	0.7945155	7	2	45 eV	[M + H]+	282.279	Orbitrap (LCMS)	CC1CN(CC(O1)C)C2CCCCCCCCCCC2	splash10-00kb-9100000000-e4a08fe976d38bc2ab00	Meltatox	public_spectra_2506:(MSBNK-UFZ-WANA2382237762PH)	JMXKCYUTURMERF	198.185	301	5.022	857336436313312176	857336436309117871	3944	
1	SPECTRUM	true	0		2	-1 eV	0.8141102	7	2	25 eV	[M + H]+	139.039	Orbitrap (LCMS)	C1=CC=C(C(=C1)C(=O)O)O	splash10-01b9-9700000000-e00d66b41e77653cb63f	Domerine	public_spectra_2506:(MSBNK-Eawag-EQ369606)	YGSDEFSMJLZEOE	167.034	302	5.035	857336436418169780	857336436413975475	3958	
1	SPECTRUM	true	47		2	-1 eV	0.98142797	6	2	67 eV	[M + H]+	279.159	Orbitrap (LCMS)	CCCCOC(=O)C1=CC=CC=C1C(=O)OCCCC	splash10-014i-9200000000-2b0820b30884f0f997a5	Hatcol DBP	public_spectra_2506:(MSBNK-Eawag-EQ367007)	DOIRQSBPFJWKBE	149.023	302	5.039	857336436527221688	857336436523027383	3954	
1	SPECTRUM	true	-1		2		0.4556073	7	2	-1 eV (corrected -1 eV)	[M + Na]+	196.022	Orbitrap (LCMS)	C(C(=O)O)NC(=O)C=CC(=O)O	splash10-0002-9700000000-d5e1f7a3b382fadecfcb	N-Glycinylmaleamic acid	public_spectra_2506:(CCMSLIB00010125529)	JKCBZBFTTXFZGH	292.060	306	5.095	857336436745325504	857336436745325503	3929	
5	SPECTRUM	true	-1		2		0.74641883	6	2	-1 eV (corrected -1 eV)	[M + H]+	309.227	Q-ToF (LCMS)	CC(CO)OCC(C)OCC(C)OCC(C)OCC(C)O	splash10-0a4i-9200000000-fc753dccb7acc8283810	Pentapropyleneglycol (6CI,8CI)	public_spectra_2506:(CCMSLIB00003135788)	AQRQHYITOOVBTO	193.144	306	5.099	857336436955040712	857336436955040711	4014	
1	SPECTRUM	true	16		2	-1 eV	0.36117128	6	2	-1 eV (corrected -1 eV)	[M + H]+	201.112	Q-ToF (LCMS)	CC1C(CC2C1COC(=O)C2CO)O	splash10-0uy3-1900000000-d81bf356774a1270daa0	(4R,4aS,6S,7R,7aS)-6-hydroxy-4-(hydroxymethyl)-7-methyl-4,4a,5,6,7,7a-hexahydro-1H-cyclopenta[c]pyran-3-one	public_spectra_2506:(CCMSLIB00010007809)	DYRWCEDTDIXFOD	308.978	307	5.116	857336437240253392	857336437236059087	4054	
2	SPECTRUM	true	-1		2		0.9335858	6	2	-1 eV (corrected -1 eV)	[M + H]+	415.254	N/A	C(COCCOCCOCCOCCOCCOCCOCCOCCO)O	splash10-000i-9200000000-584c3589e41a9e4f353b	Epitope ID:159256	public_spectra_2506:(CCMSLIB00003135946)	YZUUTMGDONTGTN	371.228	310	5.163	857336437340916692	857336437336722387	4138	
7	SPECTRUM	true	62		2	-1 eV	0.9299536	6	2	-1 eV (corrected -1 eV)	[M + H]+	459.280	N/A	C(COCCOCCOCCOCCOCCOCCOCCOCCOCCO)O	splash10-001r-6900200000-32a2ba17a2fa204bb9d5	Polyoxyethylene (10)	public_spectra_2506:(CCMSLIB00003136855)	DTPCFIHYWYONMD	416.285	310	5.169	857336437475134424	857336437475134423	4132	
4	SPECTRUM	true	64		2	-1 eV	0.6748139	18	2	-1 eV (corrected -1 eV)	[M - H2O + H]+	195.138	Orbitrap (LCMS)	CC(C)(CCCCCC1C=CC(=O)O1)O	splash10-05ox-9100000000-201b748673e6061eeb62	(2S)-2-(6-hydroxy-6-methylheptyl)-2H-furan-5-one	public_spectra_2506:(BRUNGS_NIHNP_00946)	RFEPDQFPTNCOBK	211.133	312	5.206	857336437697432544	857336437693238239	4173	
8	SPECTRUM	true	4		2	-1 eV	0.7371546	6	2	-1 eV (corrected -1 eV)	[M + H]+	497.217	FTICR (LCMS)	CC=CC=CC(=O)C1C(C2C(=C(C=CC=CC)O)C(=O)C1(C(=O)C2(C)O)C)C3(C(=C(C(=O)O3)C)O)C	null-null-null-null	Bislongiquinolide	public_spectra_2506:(CCMSLIB00004712867)	POOKHYNGUAZJAE	153.091	313	5.209	857336437814873060	857336437810678755	4178	
3	SPECTRUM	true	6		2	-1 eV	0.54833156	8	2	-1 eV (corrected -1 eV)	[M + Na]+	836.440	Orbitrap (LCMS)	CC1CC(C(C(O1)OC2C(CC3(CO3)C(=O)C(C(C(C(OC(=O)C(C(C2C)OC4CC(C(C(O4)C)OC(=O)C)OC)C)C)C)OC(=O)C)C)C)OC(=O)C)N(C)C	splash10-000b-9300000030-4ccbe6567b358fc80443	Triocetin	public_spectra_2506:(CCMSLIB00006706646)	LQCLVBQBTUVCEQ	229.144	313	5.214	857336437907147752	857336437907147751	4177	
1	SPECTRUM	true	0		2	-1 eV	0.7346416	6	2	-1 eV (corrected -1 eV)	[M - H4O2 + H]+	204.138	Orbitrap (LCMS)	CCCC=CC=CCC(CC(=O)O)NC(=O)C	splash10-0a4i-2900000000-9718896eef6e669863be	(5E,7E)-3-Acetamidoundeca-5,7-dienoic acid	public_spectra_2506:(BRUNGS_NIHNP_00584)	BSATYPPYQRYOBE	169.122	313	5.218	857336438230109172	857336438230109171	4167	
1	SPECTRUM	true	5		2	-1 eV	0.8297907	10	2	-1 eV (corrected -1 eV)	[M + H]+	178.109	Orbitrap (LCMS)	C1=CC=C(C=C1)N=C(N)N=C(N)N	splash10-03di-9100000000-c028b216a6e6b88eb6bf	Lopac-P-120	public_spectra_2506:(BRUNGS_MCEBIO_03896)	CUQCMXFWIMOWRP	212.118	323	5.375	857336438766980104	857336438762785799	4364	
9	SPECTRUM	true	2		2	-1 eV	0.7659332	9	2	-1 eV (corrected -1 eV)	[M + H]+	304.154	Orbitrap (LCMS)	CC(CC1=CC=C(C=C1)O)NCC(C2=CC(=CC(=C2)O)O)O	splash10-0a4r-0900000000-18cc6c46f5415dda722c	Berotec	public_spectra_2506:(BRUNGS_MCEBIO_02136)	LSLYOANBFKQKPT	209.117	325	5.420	857336438867643404	857336438867643403	4419	
2	SPECTRUM	true	68		2	-1 eV	0.97009975	6	2	-1 eV (corrected -1 eV)	[M + H]+	459.280	N/A	C(COCCOCCOCCOCCOCCOCCOCCOCCOCCO)O	splash10-0019-9600000000-64cd347fe8e46b4cc0c5	Polyoxyethylene (10)	public_spectra_2506:(CCMSLIB00003135910)	DTPCFIHYWYONMD	460.312	326	5.440	857336438972501008	857336438972501007	4462	
1	SPECTRUM	true	12		2	-1 eV	0.3466484	6	2	-1 eV (corrected -1 eV)	[M + H]+	237.091	Orbitrap (LCMS)	CC1=CC2=C(C=C1)OC(=CC2=O)C3=CC=CC=C3	splash10-000i-0090000000-e5e51bb212a6dead4be4	Oprea1_512723	public_spectra_2506:(CCMSLIB00010104413)	NOQJBXPAMJLUSS	237.170	334	5.560	857336439178021912	857336439178021911	4490	
1	SPECTRUM	true	43		2	-1 eV	0.97185045	6	2	-1 eV (corrected -1 eV)	[M + H]+	459.280	N/A	C(COCCOCCOCCOCCOCCOCCOCCOCCOCCO)O	splash10-0019-9600000000-64cd347fe8e46b4cc0c5	Polyoxyethylene (10)	public_spectra_2506:(CCMSLIB00003135910)	DTPCFIHYWYONMD	504.338	341	5.688	857336439379348512	857336439375154207	4641	
1	SPECTRUM	true	17		2	-1 eV	0.9554654	6	2	-1 eV (corrected -1 eV)	[M + H]+	415.254	N/A	C(COCCOCCOCCOCCOCCOCCOCCOCCO)O	splash10-000i-9200000000-584c3589e41a9e4f353b	Epitope ID:159256	public_spectra_2506:(CCMSLIB00003135946)	YZUUTMGDONTGTN	459.280	341	5.691	857336439559703592	857336439555509287	4645	
3	SPECTRUM	true	23		2	-1 eV	0.7281132	16	2	44 eV	[M + H]+	233.154	Orbitrap (LCMS)	CC1=CCCC(=CC2C(CC1)C(=C)C(=O)O2)C	splash10-05nf-5900000000-15bed26f2aa4addf3700	Costunlide	public_spectra_2506:(MSBNK-NaToxAq-NA003461)	HRYLQFBHBWLLLL	211.133	345	5.755	857336439819750452	857336439819750451	4789	
2	SPECTRUM	true	2		2	-1 eV	0.7594225	6	2	-1 eV (corrected -1 eV)	[M + H]+	251.082	Q-ToF (LCMS)	C1=CC=C2C(=C1)C=CN=C2C3=CC=C(C=C3)[N+](=O)[O-]	splash10-0pbi-0090000000-b452d0a62524ddd7d1f3	1-(4-nitrophenyl)isoquinoline	public_spectra_2506:(CCMSLIB00000224025)	NCKCFKKDTKRSBR	203.082	346	5.766	857336439907830840	857336439907830839	4802	
1	SPECTRUM	true	4		2	-1 eV	0.98505336	6	2	-1 eV (corrected -1 eV)	[M + H]+	459.280	N/A	C(COCCOCCOCCOCCOCCOCCOCCOCCOCCO)O	splash10-0019-9600000000-64cd347fe8e46b4cc0c5	Polyoxyethylene (10)	public_spectra_2506:(CCMSLIB00003135910)	DTPCFIHYWYONMD	520.333	355	5.909	857336439995911228	857336439991716923	4901	
4	SPECTRUM	true	3		2	-1 eV	0.94103104	6	2	-1 eV (corrected -1 eV)	[M + H]+	415.254	N/A	C(COCCOCCOCCOCCOCCOCCOCCOCCO)O	splash10-000i-9200000000-584c3589e41a9e4f353b	Epitope ID:159256	public_spectra_2506:(CCMSLIB00003135946)	YZUUTMGDONTGTN	503.306	355	5.911	857336440100768832	857336440100768831	4892	
1	SPECTRUM	true	7		2	-1 eV	0.8119487	17	2	75 eV	[M + H]+	435.295	Orbitrap (LCMS)	CCCCOCCOCCOC(=O)CCCCC(=O)OCCOCCOCCCC	splash10-0bt9-9300000000-aaa56dc0cc5e7e1a5af6	Wareflex	public_spectra_2506:(MSBNK-LCSB-LU125405)	SCABKEBYDRTODC	217.097	355	5.912	857336440218209348	857336440218209347	5004	
1	SPECTRUM	true	53		2	-1 eV	0.67397606	6	2	-1 eV (corrected -1 eV)	[M + K]+	759.356	FTICR (LCMS)	CCCCCCCCCC(=O)OC1C(C(C(OC1OC2(C(C(C(O2)CO)O)OC(=O)CC(C)C)CO)CO)OC(=O)C(C)C)OC(=O)C(C)C	null-null-null-null	Compound NP-012421	public_spectra_2506:(CCMSLIB00004699598)	LOTLMZWGLBOKFL	114.073	355	5.914	857336440331455560	857336440327261255	4976	
1	SPECTRUM	true	26		2	-1 eV	0.9682341	6	2	-1 eV (corrected -1 eV)	[M + H]+	459.280	N/A	C(COCCOCCOCCOCCOCCOCCOCCOCCOCCO)O	splash10-0019-9600000000-64cd347fe8e46b4cc0c5	Polyoxyethylene (10)	public_spectra_2506:(CCMSLIB00003135910)	DTPCFIHYWYONMD	548.364	355	5.916	857336440436313164	857336440432118859	4905	
1	SPECTRUM	true	1		2	-1 eV	0.81490844	6	2	-1 eV (corrected -1 eV)	[M + H]+	594.140	Orbitrap (LCMS)	CC1=CC=C(C=C1)CNC(=O)C2=CC3=C(S2)C4=C(C=C(C=C4)C5=CC=CC=C5C(=O)C6=CC=C(C=C6)OC)S(=O)(=O)C3	splash10-0a4i-6900000000-ec56638791bf0ff715e9	7-[2-(4-Methoxybenzoyl)phenyl]-N-[(4-methylphenyl)methyl]-5,5-dioxo-4H-thieno[3,2-c]thiochromene-2-carboxamide	public_spectra_2506:(BRUNGS_MCEBIO_06995)	DQVRUUKJUZNKSW	196.097	358	5.963	857336440541170768	857336440541170767	5081	
1	SPECTRUM	true	9		2	-1 eV	0.95903337	6	2	-1 eV (corrected -1 eV)	[M + H]+	459.280	N/A	C(COCCOCCOCCOCCOCCOCCOCCOCCOCCO)O	splash10-0019-9600000000-64cd347fe8e46b4cc0c5	Polyoxyethylene (10)	public_spectra_2506:(CCMSLIB00003135910)	DTPCFIHYWYONMD	592.390	367	6.108	857336440646028372	857336440641834067	5118	
2	SPECTRUM	true	1		2	-1 eV	0.976518	6	2	-1 eV (corrected -1 eV)	[M + H]+	459.280	N/A	C(COCCOCCOCCOCCOCCOCCOCCOCCOCCO)O	splash10-0019-9600000000-64cd347fe8e46b4cc0c5	Polyoxyethylene (10)	public_spectra_2506:(CCMSLIB00003135910)	DTPCFIHYWYONMD	564.359	367	6.111	857336440738303064	857336440734108759	5126	
4	SPECTRUM	true	0		2	-1 eV	0.9478976	7	2	-1 eV (corrected -1 eV)	[M + H]+	415.254	N/A	C(COCCOCCOCCOCCOCCOCCOCCOCCO)O	splash10-000i-9200000000-584c3589e41a9e4f353b	Epitope ID:159256	public_spectra_2506:(CCMSLIB00003135946)	YZUUTMGDONTGTN	547.333	367	6.113	857336440830577756	857336440826383451	5196	
3	SPECTRUM	true	0		2	-1 eV	0.7953166	6	2	-1 eV (corrected -1 eV)	[M + Na]+	501.100	FTICR (LCMS)	CC1C(C(C(C(O1)OC2=C(OC3=CC(=CC(=C3C2=O)O)O)C4=CC(=C(C(=C4)O)OC)O)O)O)O	null-null-null-null	Mearncitrin	public_spectra_2506:(CCMSLIB00004706249)	NAQNISJXKDSYJD	296.183	378	6.298	857336441304534128	857336441304534127	5495	
4	SPECTRUM	true	0		2	-1 eV	0.9600486	6	2	-1 eV (corrected -1 eV)	[M + H]+	459.280	N/A	C(COCCOCCOCCOCCOCCOCCOCCOCCOCCO)O	splash10-0019-9600000000-64cd347fe8e46b4cc0c5	Polyoxyethylene (10)	public_spectra_2506:(CCMSLIB00003135910)	DTPCFIHYWYONMD	608.385	378	6.301	857336441388420212	857336441388420211	5497	
1	SPECTRUM	true	4		2	-1 eV	0.94984394	9	2	-1 eV (corrected -1 eV)	[M + H]+	503.306	N/A	C(COCCOCCOCCOCCOCCOCCOCCOCCOCCOCCO)O	splash10-001r-6900010000-1754a9999dad3e2f1b53	Undecaethylene glycol	public_spectra_2506:(CCMSLIB00003136774)	PSVXZQVXSXSQRO	636.417	378	6.302	857336441484889208	857336441480694903	5504	
5	SPECTRUM	true	0		2	-1 eV	0.93078184	6	2	-1 eV (corrected -1 eV)	[M + H]+	503.306	N/A	C(COCCOCCOCCOCCOCCOCCOCCOCCOCCOCCO)O	splash10-001r-6900010000-1754a9999dad3e2f1b53	Undecaethylene glycol	public_spectra_2506:(CCMSLIB00003136774)	PSVXZQVXSXSQRO	591.359	378	6.304	857336441774296188	857336441774296187	5492	
1	SPECTRUM	true	6		2	-1 eV	0.78397477	12	2	21 eV	[M + H]+	152.107	FTICR (LCMS)	CC(CC1=CC=C(C=C1)O)N	splash10-0a6s-9300000000-ffe62efdb5dd3fbd7400	Pedrolon	public_spectra_2506:(MSBNK-Eawag-EQ01087208)	GIKNHHRFLCDOEU	163.039	383	6.375	857336441841405056	857336441841405055	5622	
1	SPECTRUM	true	2		2	-1 eV	0.56574976	6	2	-1 eV (corrected -1 eV)	[M + H]+	502.224	Orbitrap (LCMS)	C(C1C(C(C(C(O1)OC2C(OC(C(C2O)N)OC3C(OC(C(C3O)N)O)CO)CO)N)O)O)O	splash10-03la-8901000000-750eb73e501f98c17c5c	D-Glucosaminide	public_spectra_2506:(BRUNGS_MCEBIO_07880)	RQFQJYYMBWVMQG	318.196	388	6.464	857336442046925964	857336442042731659	5742	
1	SPECTRUM	true	2		2	-1 eV	0.9439595	6	2	-1 eV (corrected -1 eV)	[M + H]+	459.280	N/A	C(COCCOCCOCCOCCOCCOCCOCCOCCOCCO)O	splash10-0019-9600000000-64cd347fe8e46b4cc0c5	Polyoxyethylene (10)	public_spectra_2506:(CCMSLIB00003135910)	DTPCFIHYWYONMD	680.443	388	6.468	857336442114034832	857336442109840527	5741	
2	SPECTRUM	true	-1		2		0.95328844	6	2	-1 eV (corrected -1 eV)	[M + H]+	459.280	N/A	C(COCCOCCOCCOCCOCCOCCOCCOCCOCCO)O	splash10-0019-9600000000-64cd347fe8e46b4cc0c5	Polyoxyethylene (10)	public_spectra_2506:(CCMSLIB00003135910)	DTPCFIHYWYONMD	652.411	388	6.470	857336442185338004	857336442181143699	5755	
1	SPECTRUM	true	12		2	-1 eV	0.90398425	7	2	121 eV	[M + H]+	337.227	Orbitrap (LCMS)	CCC(=O)N(C1CCN(CC1)CCC2=CC=CC=C2)C3=CC=CC=C3	splash10-0ufs-9200000000-ff2c211a084a5f124781	Fentanil	public_spectra_2506:(MSBNK-Eawag-EQ364009)	PJMPHNIQZUBGLI	134.071	390	6.502	857336442319555740	857336442319555739	5795	
2	SPECTRUM	true	2		2	-1 eV	0.69252235	6	2	-1 eV (corrected -1 eV)	[M + H]+	415.254	N/A	C(COCCOCCOCCOCCOCCOCCOCCOCCO)O	splash10-000i-9200000000-584c3589e41a9e4f353b	Epitope ID:159256	public_spectra_2506:(CCMSLIB00003135946)	YZUUTMGDONTGTN	340.209	397	6.620	857336442382470304	857336442382470303	5991	
3	SPECTRUM	true	0		2	-1 eV	0.9328255	6	2	-1 eV (corrected -1 eV)	[M + H]+	459.280	N/A	C(COCCOCCOCCOCCOCCOCCOCCOCCOCCO)O	splash10-0019-9600000000-64cd347fe8e46b4cc0c5	Polyoxyethylene (10)	public_spectra_2506:(CCMSLIB00003135910)	DTPCFIHYWYONMD	724.469	398	6.625	857336442575408300	857336442575408299	6004	
1	SPECTRUM	true	11		2	-1 eV	0.5134568	15	2	-1 eV (corrected -1 eV)	[M + H]+	200.107	Orbitrap (LCMS)	CC1=CC(=O)N2CCCC3=C2C1=CC=C3	splash10-0udi-1590000000-290cd4bc4213c93559a4	Oprea1_162401	public_spectra_2506:(CCMSLIB00010114760)	INLMMGKPTMPKDG	159.065	403	6.720	857336442772540600	857336442772540599	6114	
1	SPECTRUM	true	0		2	-1 eV	0.7310837	16	2	-1 eV (corrected -1 eV)	[M + H3N + H]+	350.217	FTICR (LCMS)	CC(=CCCC(C)(C=C)O)COC1C(C(C(C(O1)CO)O)O)O	null-null-null-null	Betulalbusides A	public_spectra_2506:(CCMSLIB00004699280)	WEHZDNHJZBEGME	251.185	406	6.767	857336442915146944	857336442915146943	6264	
1	SPECTRUM	true	-1		2		0.9411562	6	2	-1 eV (corrected -1 eV)	[M + H]+	459.280	N/A	C(COCCOCCOCCOCCOCCOCCOCCOCCOCCO)O	splash10-0019-9600000000-64cd347fe8e46b4cc0c5	Polyoxyethylene (10)	public_spectra_2506:(CCMSLIB00003135910)	DTPCFIHYWYONMD	768.495	407	6.778	857336443099696332	857336443099696331	6218	
1	SPECTRUM	true	4		2	-1 eV	0.64882493	8	2	-1 eV (corrected -1 eV)	[M + H]+	222.149	Orbitrap (LCMS)	CCCCCCOC1=CC=CC=C1C(=O)N	splash10-00di-6900000000-d060cac5d6fa93452a5e	Exalamida	public_spectra_2506:(BRUNGS_MCEBIO_03336)	CKSJXOVLXUMMFF	275.176	410	6.835	857336443254885588	857336443254885587	6302	
4	SPECTRUM	true	-1		2		0.59412843	6	2	-1 eV (corrected -1 eV)	[M + H3N + H]+	396.202	Orbitrap (LCMS)	CCC(C)C(=O)OC1C2C(CC(=O)C(C1(C(=O)C=CC)O)C)C(=C)C(=O)O2	splash10-0a4i-9100000000-ad555542900af32ffd0f	(3aS,6R,7S,8S,8aR)-7-((2E)-But-2-enoyl)-7-hydroxy-6-methyl-3-methylidene-2,5-dioxooctahydro-2H-cyclohepta[b]furan-8-yl 2-methylbutanoate	public_spectra_2506:(BRUNGS_NIHNP_00063)	DFGOIVFBKDWNBI	235.154	413	6.892	857336443326188760	857336443326188759	6265	
4	SPECTRUM	true	0		2	-1 eV	0.73755324	6	2	-1 eV (corrected -1 eV)	[M + H]+	503.306	N/A	C(COCCOCCOCCOCCOCCOCCOCCOCCOCCOCCO)O	splash10-001r-6900000000-d8f4a27e14e2ad6b1f23	Undecaethylene glycol	public_spectra_2506:(CCMSLIB00003135327)	PSVXZQVXSXSQRO	384.235	414	6.905	857336443401686236	857336443401686235	6418	
2	SPECTRUM	true	42		2	-1 eV	0.59391737	22	2	-1 eV (corrected -1 eV)	[M + H3N + H]+	352.248	FTICR (LCMS)	CC(C)C1(CCC2C(=C1)C(=O)CC3C2(CCCC3(C)C(=O)O)C)O	null-null-null-null	(1R,4aR,4bR,7S,10aR)-7-hydroxy-1,4a-dimethyl-9-oxo-7-propan-2-yl-2,3,4,4b,5,6,10,10a-octahydrophenanthrene-1-carboxylic acid	public_spectra_2506:(CCMSLIB00004698785)	UFEHYRPBLFGEJW	332.243	416	6.939	857336443665927404	857336443665927403	6461	
1	SPECTRUM	true	-1		2		0.82671076	34	2	-1 eV (corrected -1 eV)	[M + H]+	343.212	Orbitrap (LCMS)	CC(CCCCC(C(CO)C(=O)O)O)CC(=CC(=CC(=O)O)C)C	splash10-0a5c-9600000000-bf8ebc969254f9bc90b3	2,4-Tetradecadienedioicacid, 12-hydroxy-13-(hydroxymethyl)-3,5,7-trimethyl- (9CI)	public_spectra_2506:(BRUNGS_NIHNP_00872)	QFZISQBFEIXWDM	251.164	416	6.941	857336443808533748	857336443804339443	6454	
4	SPECTRUM	true	-1		2		0.7286958	21	2	-1 eV (corrected -1 eV)	[M + H]+	293.211	Orbitrap (LCMS)	CCC=CCC1C(C=CC1=O)CCCCCCCC(=O)O	splash10-05po-9400000000-1090c4b3b5313bc0c0bd	o-Phytodienoic acid	public_spectra_2506:(BRUNGS_NIHNP_03064)	PMTMAFAPLCGXGK	251.185	419	6.979	857336443976305916	857336443976305915	6555	
4	SPECTRUM	true	-1		2		0.7676275	32	2	-1 eV (corrected -1 eV)	[M + K]+	441.240	FTICR (LCMS)	CC1=CCCC(=CCC2(C(CC=C(C(CC1)O)C)C(=C(C2=O)O)C(C)CO)C)C	null-null-null-null	Terpestacin	public_spectra_2506:(CCMSLIB00004708853)	UTGBBPSEQPITLF	267.159	420	7.008	857336444051803392	857336444047609087	6549	
1	SPECTRUM	true	3		2	-1 eV	0.91637224	6	2	37 eV	[M + H]+	411.108	Orbitrap (LCMS)	CN(C)C(=O)C1=C(N=CC=C1)S(=O)(=O)NC(=O)NC2=NC(=CC(=N2)OC)OC	splash10-001i-0900000000-8dda3c3ef0f4f625a058	Motivell	public_spectra_2506:(MSBNK-Eawag-EA012910)	RTCOGUMHFFWOJV	417.146	421	7.015	857336444123106564	857336444123106563	6523	
1	SPECTRUM	true	12		2	-1 eV	0.69930774	6	2	-1 eV (corrected -1 eV)	[M + H]+	425.189	Orbitrap (LCMS)	CC1=CC(=C2C(=C1)OC(=CC2=O)C(=O)NCC(C3=CC=CS3)N4CCCCCC4)C	splash10-0ufr-0945000000-ff9cf85602666fed2fa5	N-[2-(1-azepanyl)-2-(2-thienyl)ethyl]-5,7-dimethyl-4-oxo-4H-chromene-2-carboxamide	public_spectra_2506:(BRUNGS_MCESCAF_03143)	GBKNUICKTUDQSL	198.149	422	7.030	857336444303461644	857336444299267339	6573	
1	SPECTRUM	true	-1		2		0.6217213	6	2	75 eV	[M + H]+	198.185	Orbitrap (LCMS)	CCCCCCCCN1CCCC1=O	splash10-000i-9000000000-990d72a9b5176aaf0520	N-Octylpyrrolidone	public_spectra_2506:(MSBNK-LCSB-LU086505)	WPPOGHDFAVQKLN	186.222	422	7.037	857336444383153424	857336444383153423	6590	
5	SPECTRUM	true	0		2	-1 eV	0.75051296	6	2	-1 eV (corrected -1 eV)	[M + H]+	503.306	N/A	C(COCCOCCOCCOCCOCCOCCOCCOCCOCCOCCO)O	splash10-001r-6900000000-d8f4a27e14e2ad6b1f23	Undecaethylene glycol	public_spectra_2506:(CCMSLIB00003135327)	PSVXZQVXSXSQRO	406.249	422	7.039	857336444454456596	857336444450262291	6624	
5	SPECTRUM	true	2		2	-1 eV	0.7375855	7	2	-1 eV (corrected -1 eV)	[M + H]+	503.306	N/A	C(COCCOCCOCCOCCOCCOCCOCCOCCOCCOCCO)O	splash10-0019-6900010000-972475c0af2df72e7d4f	Undecaethylene glycol	public_spectra_2506:(CCMSLIB00003136783)	PSVXZQVXSXSQRO	428.262	430	7.167	857336444777418020	857336444777418019	6799	
1	SPECTRUM	true	90		2	-1 eV	0.8245008	16	2	45 eV	[M + H]+	293.117	Orbitrap (LCMS)	C1CC(C2=CC=CC=C2C1)C3=C(C4=CC=CC=C4OC3=O)O	splash10-004i-3900000000-14b0bb8ad23474c84131	Endrocid	public_spectra_2506:(MSBNK-LCSB-LU071003)	ULSLJYXHZDTLQK	177.127	432	7.200	857336444899052840	857336444899052839	6829	
1	SPECTRUM	true	3		2	-1 eV	0.41242906	14	2	-1 eV (corrected -1 eV)	[M + H]+	200.107	Orbitrap (LCMS)	CC1=CC(=O)N2CCCC3=C2C1=CC=C3	splash10-0udi-1590000000-290cd4bc4213c93559a4	Oprea1_162401	public_spectra_2506:(CCMSLIB00006697667)	INLMMGKPTMPKDG	306.076	432	7.203	857336445083602224	857336445083602223	6839	
1	SPECTRUM	true	-1		2		0.6458316	6	2	-1 eV (corrected -1 eV)	[M + H]+	577.395	Orbitrap (LCMS)	CCCCCC(CC(CC(=O)OC(CCCCC)CC(CC(=O)OC(CC(CCCCC)O)CC(=O)O)O)O)O	splash10-0a4i-5900000000-66295baf30b17ce17136	3-[5-(3,5-Dihydroxydecanoyloxy)-3-hydroxydecanoyl]oxy-5-hydroxydecanoic acid	public_spectra_2506:(BRUNGS_NIHNP_01101)	XBEDTLDOFCRJHC	229.141	432	7.205	857336445318483260	857336445318483259	6849	
1	SPECTRUM	true	-1		2		0.56725806	6	2	-1 eV (corrected -1 eV)	[M - H2O + H]+	151.075	Orbitrap (LCMS)	COC1=CC(=CC(=C1)CO)OC	splash10-0udl-6900000000-b324a1e12854a7f312b7	3,5-Dimethoxybenzylalcohol	public_spectra_2506:(CCMSLIB00010122834)	AUDBREYGQOXIFT	151.097	432	7.205	857336445402369344	857336445402369343	6858	
1	SPECTRUM	true	29		2	-1 eV	0.5526056	25	2	-1 eV (corrected -1 eV)	[M - H2O + H]+	159.080	Orbitrap (LCMS)	CC(=O)C=CC1=CC=C(C=C1)OC	splash10-0a4l-2900000000-c9023c3fe86f7bbbe7dc	Anisalacetone	public_spectra_2506:(CCMSLIB00006702075)	WRRZKDVBPZBNJN	159.117	432	7.205	857336445494644036	857336445494644035	6831	
3	SPECTRUM	true	-1		2		0.59144926	6	2	-1 eV (corrected -1 eV)	[M + H3N + H]+	396.202	Orbitrap (LCMS)	CCC(C)C(=O)OC1C2C(CC(=O)C(C1(C(=O)C=CC)O)C)C(=C)C(=O)O2	splash10-0a4i-9100000000-ad555542900af32ffd0f	(3aS,6R,7S,8S,8aR)-7-((2E)-But-2-enoyl)-7-hydroxy-6-methyl-3-methylidene-2,5-dioxooctahydro-2H-cyclohepta[b]furan-8-yl 2-methylbutanoate	public_spectra_2506:(BRUNGS_NIHNP_00063)	DFGOIVFBKDWNBI	207.159	432	7.206	857336445578530120	857336445578530119	6845	
1	SPECTRUM	true	-1		2		0.6158119	8	2	-1 eV (corrected -1 eV)	[M - H2O + H]+	319.227	Orbitrap (LCMS)	CC(C1CCC(O1)(C)C=C)C(=O)OCC(=CCCC(C)(C=C)O)C	splash10-0006-9200000000-d5302152bb48b9622426	6-Hydroxy-2,6-dimethyl-2,7-octadien-1-yl 5-ethenyltetrahydro-.alpha.,5-dimethyl-2-furanacetate	public_spectra_2506:(BRUNGS_NIHNP_03151)	KQTYDMMVMJEHAN	224.186	432	7.206	857336445641444684	857336445641444683	6850	
5	SPECTRUM	true	2		2	-1 eV	0.6429618	6	2	-1 eV (corrected -1 eV)	[M + H]+	502.224	Orbitrap (LCMS)	C(C1C(C(C(C(O1)OC2C(OC(C(C2O)N)OC3C(OC(C(C3O)N)O)CO)CO)N)O)O)O	splash10-01xa-6901000000-722eda75f0bbb4096d65	D-Glucosaminide	public_spectra_2506:(BRUNGS_MCEBIO_07880)	RQFQJYYMBWVMQG	450.275	437	7.276	857336445830188376	857336445830188375	6973	
2	SPECTRUM	true	0		2	-1 eV	0.7815425	7	2	-1 eV (corrected -1 eV)	[M + H]+	503.306	N/A	C(COCCOCCOCCOCCOCCOCCOCCOCCOCCOCCO)O	splash10-0019-6900010000-972475c0af2df72e7d4f	Undecaethylene glycol	public_spectra_2506:(CCMSLIB00003136783)	PSVXZQVXSXSQRO	472.288	443	7.382	857336446186704236	857336446186704235	7118	
1	SPECTRUM	true	-1		2		0.5619769	10	2	42 eV	[M + H]+	233.154	Orbitrap (LCMS)	CC1=CCCC(=CC2C(CC1)C(=C)C(=O)O2)C	splash10-05ng-4900000000-a7696c97f92d58eb9b0e	Costunlide	public_spectra_2506:(MSBNK-NaToxAq-NA003460)	HRYLQFBHBWLLLL	209.117	445	7.423	857336446320921972	857336446316727667	7191	
1	SPECTRUM	true	3		2	-1 eV	0.61438346	11	2	-1 eV (corrected -1 eV)	[M + K]+	375.063	FTICR (LCMS)	CC1(C=CC2=C(O1)C=C3C(=C2O)C(=O)C=C(O3)C4=CC=C(C=C4)O)C	null-null-null-null	Carpachromene	public_spectra_2506:(CCMSLIB00004699037)	YXOATFKTEDZPFL	234.206	446	7.429	857336446392225144	857336446392225143	7192	
3	SPECTRUM	true	9		2	-1 eV	0.87824327	12	2	36 eV	[M + H]+	151.032	Orbitrap (LCMS)	C1=CC=C2C(=C1)N=C(S2)N	splash10-0aor-9800000000-5d620782dea16cbeb82b	2-Aminobenzthiazole	public_spectra_2506:(MSBNK-Eawag-EQ337407)	UHGULLIUJBCTEF	152.017	447	7.450	857336446534831488	857336446530637183	7229	
3	SPECTRUM	true	1		2	-1 eV	0.79054	6	2	-1 eV (corrected -1 eV)	[M + H]+	503.306	N/A	C(COCCOCCOCCOCCOCCOCCOCCOCCOCCOCCO)O	splash10-0019-6900010000-972475c0af2df72e7d4f	Undecaethylene glycol	public_spectra_2506:(CCMSLIB00003136783)	PSVXZQVXSXSQRO	494.301	449	7.489	857336446597746052	857336446593551747	7276	
1	SPECTRUM	true	8		2	-1 eV	0.6723831	6	2	-1 eV (corrected -1 eV)	[M + H]+	386.196	Orbitrap (LCMS)	CC(C)(C)C1=C(C=CC(=C1)C2=CC3=C(C=C2)OCO3)OCCN(C)CC(=O)O	splash10-014i-2900000000-8032a226d26db9f9c22a	2-[2-[4-(1,3-benzodioxol-5-yl)-2-tert-butylphenoxy]ethyl-methylamino]acetic acid	public_spectra_2506:(BRUNGS_MCEBIO_02983)	FKPLJWGRBCQLTL	232.191	454	7.568	857336446916513172	857336446912318867	7351	
2	SPECTRUM	true	41		2	-1 eV	0.6340624	6	2	45 eV	[M + H]+	435.295	Orbitrap (LCMS)	CCCCOCCOCCOC(=O)CCCCC(=O)OCCOCCOCCCC	splash10-0a4r-8900000000-ddf8f7f019e15ccda9b6	Wareflex	public_spectra_2506:(MSBNK-LCSB-LU125403)	SCABKEBYDRTODC	251.185	456	7.606	857336447319166380	857336447319166379	7460	
1	SPECTRUM	true	-1		2		0.4953138	6	2	-1 eV (corrected -1 eV)	[M + H]+	133.037	FTICR (LCMS)	C(C(C(=O)O)N)C(=O)O	splash10-00dr-9500000000-d28c5c5b286b205d6788	aspartate	public_spectra_2506:(CCMSLIB00000081781)	CKLJMWTZIZZHCS	310.259	463	7.723	857336447507910072	857336447507910071	7628	
1	SPECTRUM	true	0		2	-1 eV	0.9100896	8	2	-1 eV (corrected -1 eV)	[M + H]+	180.102	Orbitrap (LCMS)	CC(=O)NCCC1=CC=C(C=C1)O	splash10-0f6y-9500000000-408ba1665def162d4ec8	N-Acetyltyramine	public_spectra_2506:(BRUNGS_MCEBIO_06960)	ATDWJOOPFDQZNK	227.128	470	7.827	857336447780539848	857336447780539847	7798	
1	SPECTRUM	true	-1		2		0.7610529	10	2	-1 eV (corrected -1 eV)	[M + H]+	203.128	Orbitrap (LCMS)	CC(CCC(CC1CCC(=O)O1)O)O	splash10-0ar3-9000000000-a691180052a2f2f7d136	5-(2,5-dihydroxyhexyl)oxolan-2-one	public_spectra_2506:(BRUNGS_NIHNP_01513)	STXXJRAORSDCEP	241.180	480	8.006	857336448158027240	857336448158027239	8065	
1	SPECTRUM	true	4		2	-1 eV	0.5669126	11	2	-1 eV (corrected -1 eV)	[M + H]+	200.107	Orbitrap (LCMS)	CC1=CC(=O)N2CCCC3=C2C1=CC=C3	splash10-0udi-1590000000-290cd4bc4213c93559a4	Oprea1_162401	public_spectra_2506:(CCMSLIB00006697667)	INLMMGKPTMPKDG	200.165	482	8.031	857336448208358892	857336448204164587	8079	
10	SPECTRUM	true	0		2	-1 eV	0.8279011	9	2	-1 eV (corrected -1 eV)	[M + H]+	304.154	Orbitrap (LCMS)	CC(CC1=CC=C(C=C1)O)NCC(C2=CC(=CC(=C2)O)O)O	splash10-0a4r-0900000000-18cc6c46f5415dda722c	Berotec	public_spectra_2506:(BRUNGS_MCEBIO_02136)	LSLYOANBFKQKPT	209.117	487	8.125	857336448371936760	857336448371936759	8207	
2	SPECTRUM	true	18		2	-1 eV	0.53478914	6	2	40 eV	[M + H]+	319.139	Q-ToF (LCMS)	CCOC(=O)CC(CC(=O)OCC)(C(=O)OCC)OC(=O)C	splash10-0296-7900000000-a0f7d3bb7ac736f03e65	Citroflex A 2	public_spectra_2506:(MSBNK-EPA-ENTACT_AGILENT000320)	WEAPVABOECTMGR	277.128	491	8.186	857336448493571584	857336448493571583	8327	
1	SPECTRUM	true	-1		2		0.57175833	6	2	-1 eV (corrected -1 eV)	[M + H3N + H]+	394.186	FTICR (LCMS)	CC=C(C)C(=O)OC1CC2(C(O2)C3C(O3)C(=C)C(C4C1C(=C)C(=O)O4)O)C	null-null-null-null	Cordifene	public_spectra_2506:(CCMSLIB00004701491)	RKAXEWSQYMGBAP	203.128	492	8.193	857336448606817800	857336448606817799	8308	
7	SPECTRUM	true	-1		2		0.61400646	7	2	-1 eV (corrected -1 eV)	[M + H]+	347.160	Orbitrap (LCMS)	CC1(CC2=C(C(=O)C1)N(C(=N2)C3=CC(=C(C(=C3)OC)OC)OC)O)C	splash10-0002-0009000000-93a726bef75d174697c7	3-hydroxy-6,6-dimethyl-2-(3,4,5-trimethoxyphenyl)-3,5,6,7-tetrahydrobenzimidaz ol-4-one	public_spectra_2506:(CCMSLIB00006687368)	JZWFFWPWYDAKAR	204.102	492	8.195	857336448669732364	857336448669732363	8313	
1	SPECTRUM	true	-1		2		0.4388164	8	2	-1 eV (corrected -1 eV)	[M + H]+	253.143	Bruker Q-ToF (LCMS)	CC1CCCCC2C(CC(=O)O1)C(C=CC2=O)O	splash10-0ap0-1900000000-5f78bd7ec236716a8a2a	4-Hydroxy-8-methyl-4a,5,8,9,10,11,12,12a-octahydro-4H-7-oxa-benzocyclodecene-1,6-dione	public_spectra_2506:(CCMSLIB00000851569)	WTQWDNIIFGEBSZ	203.091	492	8.199	857336448728452624	857336448728452623	8326	
1	SPECTRUM	true	4		2	-1 eV	0.7672023	7	2	-1 eV (corrected -1 eV)	[M + H]+	437.246	Orbitrap (LCMS)	CN1C(=C2CCCCC2=N1)CN3CCN(CC3)C4=NC=NC(=C4F)C5=CC=C(C=C5)OC	splash10-0002-0900000000-553a3e40daef42bc1be5	3-[[4-[5-Fluoro-6-(4-methoxyphenyl)pyrimidin-4-yl]piperazin-1-yl]methyl]-2-methyl-4,5,6,7-tetrahydroindazole	public_spectra_2506:(BRUNGS_MCESCAF_03556)	ZVXYBCSKRPZIJS	275.212	514	8.567	857336449248546356	857336449248546355	8843	
1	SPECTRUM	true	-1		2		0.39960143	6	2	90 eV	[M + H]+	212.201	Orbitrap (LCMS)	CCNC(=O)C1CC(CCC1C(C)C)C	splash10-0a4i-9100000000-2c33f8b169314a4809eb	Framidice 3	public_spectra_2506:(MSBNK-LCSB-LU130206)	VUNOFAIHSALQQH	203.128	520	8.671	857336449416318528	857336449416318527	8981	
2	SPECTRUM	true	8		2	-1 eV	0.5134548	6	2	-1 eV (corrected -1 eV)	[M + H]+	513.248	N/A	CC(=C)C(=O)OCC(COC1=CC=C(C=C1)C(C)(C)C2=CC=C(C=C2)OCC(COC(=O)C(=C)C)O)O	splash10-000f-2910000000-08bb796d5b5008e76512	Nupol 1629	public_spectra_2506:(CCMSLIB00000085424)	AMFGWXWBFGVCKG	404.207	524	8.736	857336449533759048	857336449533759047	9042	
1	SPECTRUM	true	0		2	-1 eV	0.6706379	15	2	-1 eV (corrected -1 eV)	[M + H]+	181.122	Orbitrap (LCMS)	CC1(CCCC2(C1=CC(=O)O2)C)C	splash10-052f-9300000000-126e503d65106873985c	Actinidiolide, dihydro-	public_spectra_2506:(BRUNGS_MCEBIO_07552)	IMKHDCBNRDRUEB	195.138	524	8.738	857336449592479308	857336449592479307	9050	
1	SPECTRUM	true	10		2	-1 eV	0.6971594	7	2	-1 eV (corrected -1 eV)	[M + H]+	234.112	Orbitrap (LCMS)	CCOC(=O)C1=C(N(C2=C1C=C(C=C2)O)C)C	splash10-03dj-0900000000-7b7b36392f1a78c86358	Mecarbine	public_spectra_2506:(BRUNGS_MCEBIO_00666)	YTBNTDMBGXAOCG	204.102	526	8.761	857336449709919828	857336449709919827	9089	
1	SPECTRUM	true	4		2	-1 eV	0.9214901	11	2	21 eV	[M + H]+	152.107	FTICR (LCMS)	CC(CC1=CC=C(C=C1)O)N	splash10-0a6s-9300000000-ffe62efdb5dd3fbd7400	Pedrolon	public_spectra_2506:(MSBNK-Eawag-EQ01087208)	GIKNHHRFLCDOEU	135.081	529	8.810	857336449768640088	857336449768640087	9192	
13	SPECTRUM	true	8		2	-1 eV	0.7267596	6	2	-1 eV (corrected -1 eV)	[M + H]+	413.175	Orbitrap (LCMS)	CCOC1=CC=CC(=C1)CNC(=O)C2=NC3=NN(C=C3C(=N2)N4CCSCC4)C	splash10-000i-1910000000-c81017bdf3bb0571bf1e	AKOS021868726	public_spectra_2506:(BRUNGS_MCESCAF_02169)	CIWYHAXKBYBXHV	377.196	530	8.827	857336449827360348	857336449827360347	9186	
1	SPECTRUM	true	5		2	-1 eV	0.34486985	10	2	-1 eV (corrected -1 eV)	[M + H]+	261.113	N/A	CC(C)C(=O)CC1=C(C=CC2=C1OC(=O)C=C2)OC	splash10-001i-0900000000-11b98d669e17ae7f986c	Isomeranzin	public_spectra_2506:(CCMSLIB00000080097)	OMOYQLRHKFGVGN	430.108	530	8.828	857336449890274912	857336449886080607	9180	
10	SPECTRUM	true	15		2	-1 eV	0.9055424	19	2	-1 eV (corrected -1 eV)	[M + H]+	304.154	Orbitrap (LCMS)	CC(CC1=CC=C(C=C1)O)NCC(C2=CC(=CC(=C2)O)O)O	splash10-0a4i-5900000000-987f74f7bbddbf5d50f2	Berotec	public_spectra_2506:(BRUNGS_MCEBIO_02136)	LSLYOANBFKQKPT	209.117	530	8.828	857336449953189476	857336449948995171	9173	
1	SPECTRUM	true	-1		2		0.6146071	6	2	40 eV	[M + H3N + H]+	358.201	Q-ToF (LCMS)	CC(C)(C1=CC=C(C=C1)OCC2CO2)C3=CC=C(C=C3)OCC4CO4	splash10-0a4r-1900000000-c2a1b9f41c7876b2c32b	Epoxide A	public_spectra_2506:(MSBNK-Antwerp_Univ-AN121539)	LCFVJGUPQDGYKZ	394.223	530	8.830	857336450062241388	857336450062241387	9190	
6	SPECTRUM	true	0		2	-1 eV	0.42312753	7	2	-1 eV (corrected -1 eV)	[M + H]+	269.081	Orbitrap (LCMS)	COC1=CC2=C(C=C1)C(=O)C(=C(O2)C3=CC=CC=C3)O	splash10-014i-0190000000-0c023e8fbb765c83d886	Oprea1_220260	public_spectra_2506:(CCMSLIB00006700218)	IPRIGHIBTRMTDP	376.188	530	8.831	857336450204847732	857336450204847731	9202	
2	SPECTRUM	true	9		2	-1 eV	0.40512782	6	2	-1 eV (corrected -1 eV)	[M + H]+	195.102	Orbitrap (LCMS)	CCC=CC1=C(OC(=O)C=C1OC)C	splash10-00kf-9600000000-5db6ee765240401d4655	5-(1-Buten-1-yl)-4-methoxy-6-methyl-2H-pyran-2-one	public_spectra_2506:(BRUNGS_NIHNP_01549)	YKTRFCJDTCAPSG	203.091	534	8.892	857336450330676860	857336450330676859	9256	
1	SPECTRUM	true	0		2	-1 eV	0.69099987	6	2	-1 eV (corrected -1 eV)	[M + H]+	277.128	Orbitrap (LCMS)	CCOC(=O)CC(CC(=O)OCC)(C(=O)OCC)O	splash10-0a4i-0900000000-21415634324b5ba3c209	Eudraflex	public_spectra_2506:(CCMSLIB00000579680)	DOOTYTYQINUNNV	231.086	534	8.894	857336450389397120	857336450389397119	9259	
2	SPECTRUM	true	-1		2		0.7691415	6	2	-1 eV (corrected -1 eV)	[M + H]+	277.128	Orbitrap (LCMS)	CCOC(=O)CC(CC(=O)OCC)(C(=O)OCC)O	splash10-0a4i-0900000000-21415634324b5ba3c209	Eudraflex	public_spectra_2506:(CCMSLIB00000579680)	DOOTYTYQINUNNV	294.155	534	8.894	857336450515226248	857336450511031943	9258	
1	SPECTRUM	true	65		2	-1 eV	0.65249014	6	2	75 eV	[M + H]+	403.233	Orbitrap (LCMS)	CCCCOC(=O)CC(CC(=O)OCCCC)(C(=O)OCCCC)OC(=O)C	splash10-014i-9600000000-e0597296cb7bcbf9403d	Blo-trol	public_spectra_2506:(MSBNK-LCSB-LU052305)	QZCLKYGREBVARF	277.128	534	8.895	857336450703969936	857336450703969935	9253	
2	SPECTRUM	true	-1		2		0.7564621	6	2	-1 eV (corrected -1 eV)	[M + H]+	277.128	Orbitrap (LCMS)	CCOC(=O)CC(CC(=O)OCC)(C(=O)OCC)O	splash10-0a4i-0900000000-21415634324b5ba3c209	Eudraflex	public_spectra_2506:(CCMSLIB00000579680)	DOOTYTYQINUNNV	322.186	534	8.895	857336450796244628	857336450796244627	9255	
12	SPECTRUM	true	9		2	-1 eV	0.3933529	8	2	-1 eV (corrected -1 eV)	[M - H2O + H]+	359.149	Orbitrap (LCMS)	CC(C)CC(=O)OCC(=C)C(C(C1=C(C=CC2=C1OC(=O)C=C2)OC)O)O	splash10-0a4i-0890000000-2495cfe2da5d26b87937	[(3R,4S)-3,4-dihydroxy-4-(7-methoxy-2-oxochromen-8-yl)-2-methylidenebutyl] 3-methylbutanoate	public_spectra_2506:(BRUNGS_NIHNP_01325)	RPWASDJXFDDBFQ	376.045	534	8.895	857336450863353496	857336450863353495	9264	
1	SPECTRUM	true	0		2	-1 eV	0.56897736	6	2	-1 eV (corrected -1 eV)	[M + Na]+	347.146	FTICR (LCMS)	CC=C(C)C(=O)OC1C(C(C=C(C1=O)CO)OC(=O)C)C(C)C	null-null-null-null	3,5,7-Trihydroxy-p-menth-1-en-6-one, 5-tigloyl, 3-acetate	public_spectra_2506:(CCMSLIB00004692560)	NUENJLVLKHHYJS	173.165	536	8.925	857336450917879452	857336450917879451	9231	
1	SPECTRUM	true	7		2	-1 eV	0.7921158	6	2	28 eV	[M + H]+	188.070	Orbitrap (LCMS)	CC(C)NC1=NC(=NC(=N1)N)Cl	splash10-0002-3900000000-c3b65d177ae8ddb1e082	Deethylatrazin	public_spectra_2506:(MSBNK-Eawag-EA030906)	DFWFIQKMSFGDCQ	221.133	538	8.973	857336451098234536	857336451098234535	9342	
1	SPECTRUM	true	0		2	-1 eV	0.57531345	12	2	-1 eV (corrected -1 eV)	[M + H]+	200.107	Orbitrap (LCMS)	CC1=CC(=O)N2CCCC3=C2C1=CC=C3	splash10-0udi-1590000000-290cd4bc4213c93559a4	Oprea1_162401	public_spectra_2506:(CCMSLIB00006697667)	INLMMGKPTMPKDG	200.128	548	9.129	857336451211480752	857336451211480751	9562	
1	SPECTRUM	true	2		2	-1 eV	0.7771825	9	2	50 eV	[M + H]+	315.253	Q-ToF (LCMS)	CCCCOC(=O)CCCCCCCCC(=O)OCCCC	splash10-0a4i-9000000000-e95cb3a4eb5af9d601ec	Staflex DBS	public_spectra_2506:(MSBNK-Antwerp_Univ-AN111810)	PYGXAGIECVVIOZ	185.117	553	9.213	857336451333115576	857336451333115575	9667	
1	SPECTRUM	true	-1		2		0.4208176	6	2	-1 eV (corrected -1 eV)	[M + Na]+	196.022	Orbitrap (LCMS)	C(C(=O)O)NC(=O)C=CC(=O)O	splash10-0002-9700000000-d5e1f7a3b382fadecfcb	N-Glycinylmaleamic acid	public_spectra_2506:(CCMSLIB00006708434)	JKCBZBFTTXFZGH	302.045	553	9.214	857336451396030140	857336451396030139	9663	
1	SPECTRUM	true	11		2	-1 eV	0.8516616	10	2	-1 eV (corrected -1 eV)	[M - H2O + H]+	171.102	Orbitrap (LCMS)	C(CCCC(=O)O)CCCC(=O)O	splash10-0a59-9100000000-440a4359eead538221a1	Acnederm	public_spectra_2506:(CCMSLIB00006701465)	BDJRBEYXGGNYIS	203.128	553	9.214	857336451450556096	857336451446361791	9662	
1	SPECTRUM	true	2		2	-1 eV	0.8314025	18	2	75 eV	[M + H]+	435.295	Orbitrap (LCMS)	CCCCOCCOCCOC(=O)CCCCC(=O)OCCOCCOCCCC	splash10-0bt9-9300000000-aaa56dc0cc5e7e1a5af6	Wareflex	public_spectra_2506:(MSBNK-LCSB-LU125405)	SCABKEBYDRTODC	217.097	553	9.215	857336451509276356	857336451509276355	9675	
1	SPECTRUM	true	5		2	-1 eV	0.6019236	9	2	-1 eV (corrected -1 eV)	[M + K]+	375.063	FTICR (LCMS)	CC1(C=CC2=C(O1)C=C3C(=C2O)C(=O)C=C(O3)C4=CC=C(C=C4)O)C	null-null-null-null	Carpachromene	public_spectra_2506:(CCMSLIB00004699037)	YXOATFKTEDZPFL	262.238	561	9.346	857336451735768784	857336451735768783	9808	
3	SPECTRUM	true	-1		2		0.4256469	7	2	-1 eV (corrected -1 eV)	[M + Na]+	399.141	FTICR (LCMS)	CC=C(C)C(=O)OC1CC2(C(O2)C3C(O3)C(=C)C(C4C1C(=C)C(=O)O4)O)C	null-null-null-null	Cordifene	public_spectra_2506:(CCMSLIB00004701485)	RKAXEWSQYMGBAP	225.044	561	9.348	857336451811266260	857336451811266259	9811	
7	SPECTRUM	true	5		2	-1 eV	0.7318013	7	2	40 eV	[M + H3N + H]+	358.201	Q-ToF (LCMS)	CC(C)(C1=CC=C(C=C1)OCC2CO2)C3=CC=C(C=C3)OCC4CO4	splash10-0a4r-1900000000-c2a1b9f41c7876b2c32b	Epoxide A	public_spectra_2506:(MSBNK-Antwerp_Univ-AN121539)	LCFVJGUPQDGYKZ	330.170	565	9.414	857336452100673252	857336452100673251	9906	
1	SPECTRUM	true	0		2	-1 eV	0.85618544	6	2	-1 eV (corrected -1 eV)	[M - H2O + H]+	239.237	Orbitrap (LCMS)	CCCCCCCCCCCCCCCC(=O)O	splash10-0a4i-9000000000-35f8ac4eda4e54fbda82	Cetylate	public_spectra_2506:(CCMSLIB00011428811)	IPCSVZSSVZVIGE	214.253	568	9.466	857336452176170728	857336452171976423	9960	
2	SPECTRUM	true	2		2	-1 eV	0.6618922	10	2	-1 eV (corrected -1 eV)	[M + H]+	210.103	Orbitrap (LCMS)	C1=CC(=CC2=NC3=C(C=CC(=C3)N)C=C21)N	splash10-00l6-0910000000-245130b4bdb17a8fcbff	Proflavin	public_spectra_2506:(BRUNGS_MCEBIO_01091)	WDVSHHCDHLJJJR	267.186	569	9.483	857336452260056812	857336452255862507	9971	
1	SPECTRUM	true	-1		2		0.6069331	15	2	40 eV	[M + H]+	269.201	Q-ToF (LCMS)	CC(C)CC(C)N(C1=CC=CC=C1)C2=CC=C(C=C2)N	splash10-00lr-1900000000-f3ae585bac60908fffdc	N-(1,3-Dimethylbutyl)-N-phenylbenzene-1,4-diamine	public_spectra_2506:(MSBNK-EPA-ENTACT_AGILENT000349)	KZTCAXCBXSIQSS	268.194	570	9.503	857336452335554288	857336452335554287	10012	
1	SPECTRUM	true	0		2	-1 eV	0.7805715	10	2	40 eV	[M + H]+	186.091	Q-ToF (LCMS)	C1=CC=C(C=C1)NC2=CC=C(C=C2)O	splash10-0a59-9800000000-a9539447481cb66660a8	Oprea1_025350	public_spectra_2506:(MSBNK-EPA-ENTACT_AGILENT000162)	JTTMYKSFKOOQLP	213.102	570	9.505	857336452402663156	857336452402663155	10011	
1	SPECTRUM	true	1		2	-1 eV	0.901027	14	2	40 eV	[M + H]+	297.233	Q-ToF (LCMS)	CCCCCCC(C)NC1=CC=C(C=C1)NC2=CC=CC=C2	splash10-001i-1900000000-842919ea7f63651b73ee	4-(2-Octylamino)diphenylamine	public_spectra_2506:(MSBNK-EPA-ENTACT_AGILENT000175)	JQTYAZKTBXWQOM	269.201	570	9.506	857336452637544184	857336452637544183	10008	
5	SPECTRUM	true	3		2	-1 eV	0.59981143	6	2	-1 eV (corrected -1 eV)	[M + H]+	386.196	Orbitrap (LCMS)	CC(C)(C)C1=C(C=CC(=C1)C2=CC3=C(C=C2)OCO3)OCCN(C)CC(=O)O	splash10-014i-6902000000-f7f99b4f4b3a9c299310	2-[2-[4-(1,3-benzodioxol-5-yl)-2-tert-butylphenoxy]ethyl-methylamino]acetic acid	public_spectra_2506:(BRUNGS_MCEBIO_02983)	FKPLJWGRBCQLTL	260.222	570	9.508	857336452696264444	857336452696264443	9987	
1	SPECTRUM	true	5		2	-1 eV	0.93064374	14	2	21 eV	[M + H]+	152.107	FTICR (LCMS)	CC(CC1=CC=C(C=C1)O)N	splash10-0a6s-9300000000-ffe62efdb5dd3fbd7400	Pedrolon	public_spectra_2506:(MSBNK-Eawag-EQ01087208)	GIKNHHRFLCDOEU	135.080	572	9.537	857336452805316356	857336452805316355	10052	
9	SPECTRUM	true	3		2	-1 eV	0.53150207	6	2	-1 eV (corrected -1 eV)	[M + H]+	312.091	Orbitrap (LCMS)	C1=CC=C(C=C1)CNC(=O)C2=CSC(=N2)NC3=NC=NC=C3	splash10-074i-6984000000-117803f860b29e6015b1	Thiazovivin	public_spectra_2506:(BRUNGS_MCEBIO_01131)	DOBKQCZBPPCLEG	302.151	572	9.538	857336452859842312	857336452855648007	10073	
1	SPECTRUM	true	0		2	-1 eV	0.36179215	9	2	40 eV	[M + H]+	247.133	Bruker Q-ToF (LCMS)	CC1C2CCC3(C=CC(=O)C(=C3C2OC1=O)C)C	splash10-0a4r-0900000000-dc8703710ac87a59fcc2	santonin	public_spectra_2506:(MSBNK-Fiocruz-FIO00233)	XJHDMGJURBVLLE	402.076	572	9.538	857336452922756876	857336452922756875	10061	
1	SPECTRUM	true	2		2	-1 eV	0.9320025	6	2	20 eV	[M + H]+	168.138	Q-ToF (LCMS)	C1CCC(CC1)N2CCCC2=O	splash10-000i-9000000000-f696e44190fcc803404e	Cyclohexyl pyrrolidone	public_spectra_2506:(MSBNK-EPA-ENTACT_AGILENT000638)	PZYDAVFRVJXFHS	184.170	576	9.607	857336453086334744	857336453086334743	10179	
1	SPECTRUM	true	16		2	-1 eV	0.5706675	13	2	-1 eV (corrected -1 eV)	[M + H]+	200.107	Orbitrap (LCMS)	CC1=CC(=O)N2CCCC3=C2C1=CC=C3	splash10-0udi-1590000000-290cd4bc4213c93559a4	Oprea1_162401	public_spectra_2506:(CCMSLIB00006697667)	INLMMGKPTMPKDG	200.128	577	9.617	857336453136666396	857336453132472091	10198	
1	SPECTRUM	true	-1		2		0.8934287	17	2	90 eV	[M + H]+	405.109	Orbitrap (LCMS)	CC(CC1=CC=C(C=C1)OCC(=O)O)NCC(C2=CSC(=N2)C(F)(F)F)O	splash10-05mo-5900000000-336221e106f66bae4921	{4-[2-({2-hydroxy-2-[2-(trifluoromethyl)-1,3-thiazol-4-yl]ethyl}amino)propyl]phenoxy}acetic acid	public_spectra_2506:(MSBNK-LCSB-LU026506)	YVIXXPCJZAUQHJ	193.086	583	9.724	857336453182803744	857336453182803743	10307	
1	SPECTRUM	true	0		2	-1 eV	0.33280995	7	2	-1 eV (corrected -1 eV)	[M + H]+	337.152	Orbitrap (LCMS)	CCN1C(=O)CNC2=NC=C(N=C21)C3=C(N=C(C=C3)C4=NC=NN4)C	splash10-002r-0595000000-1a823de7ebdc3ab204d8	DNA-PK/TOR Kinase Inhibitor CC-115	public_spectra_2506:(BRUNGS_MCEBIO_06259)	GMYLVKUGJMYTFB	393.217	584	9.735	857336453228941092	857336453228941091	10350	
1	SPECTRUM	true	15		2	-1 eV	0.48588264	6	2	90 eV	[M + H]+	212.201	Orbitrap (LCMS)	CCNC(=O)C1CC(CCC1C(C)C)C	splash10-0a4i-9100000000-2c33f8b169314a4809eb	Framidice 3	public_spectra_2506:(MSBNK-LCSB-LU130206)	VUNOFAIHSALQQH	199.181	586	9.773	857336453400907568	857336453396713263	10391	
3	SPECTRUM	true	2		2	-1 eV	0.9048122	6	2	-1 eV (corrected -1 eV)	[M - H2O + H]+	207.080	Orbitrap (LCMS)	C1=CC=C(C=C1)C=C(C2=CC=CC=C2)C(=O)O	splash10-004i-0900000000-c42c90cee9fb4d5bd7a7	NCIStruc1_000625	public_spectra_2506:(CCMSLIB00010125030)	BIDDLDNGQCUOJQ	181.065	589	9.817	857336453459627828	857336453459627827	10442	
1	SPECTRUM	true	2		2	-1 eV	0.7713741	8	2	-1 eV (corrected -1 eV)	[M - H2O + H]+	136.076	Orbitrap (LCMS)	C1=CC(=CC=C1C(CN)O)O	splash10-00kf-9500000000-923743358fec36b5bb96	Norphen	public_spectra_2506:(BRUNGS_MCEBIO_05944)	QHGUCRYDKWKLMG	209.117	590	9.833	857336453572874044	857336453568679739	10469	
2	SPECTRUM	true	1		2	-1 eV	0.381872	6	2	-1 eV (corrected -1 eV)	[M - H2O + H]+	153.127	Q-ToF (LCMS)	CC(CCC=C(C)C)CC(=O)O	splash10-0lds-9700000000-24f3c4e1ad95519efabf	ACMC-20apjr	public_spectra_2506:(CCMSLIB00003139419)	GJWSUKYXUMVMGX	198.185	591	9.843	857336453518348088	857336453518348087	10492	
6	SPECTRUM	true	0		2	-1 eV	0.91254014	8	2	28 eV	[M + H]+	158.027	Orbitrap (LCMS)	C1=CC=C(C=C1)S(=O)(=O)N	splash10-054k-9300000000-a07e15d8e1579565b0ec	benzolsulfonamid	public_spectra_2506:(MSBNK-Eawag-EQ359506)	KHBQMWCZKVMBLN	214.090	592	9.865	857336453623205696	857336453619011391	10503	
3	SPECTRUM	true	-1		2		0.7677642	6	2	40 eV	[M + H]+	168.138	Q-ToF (LCMS)	C1CCC(CC1)N2CCCC2=O	splash10-0a4u-9000000000-8f8b287e8ebc25ec9b9a	Cyclohexyl pyrrolidone	public_spectra_2506:(MSBNK-EPA-ENTACT_AGILENT000639)	PZYDAVFRVJXFHS	184.170	593	9.883	857336453673537348	857336453673537347	10538	
1	SPECTRUM	true	-1		2		0.88988364	7	2	44 eV	[M + H]+	150.128	Orbitrap (LCMS)	CC(C)(CC1=CC=CC=C1)N	splash10-0006-9000000000-386f63596b11516c24fb	Adipex-P	public_spectra_2506:(MSBNK-HBM4EU-HB001448)	DHHVAGZRUROJKS	161.096	593	9.888	857336453723869000	857336453723868999	10526	
4	SPECTRUM	true	0		2	-1 eV	0.90256995	7	2	14 eV	[M + H]+	158.027	Orbitrap (LCMS)	C1=CC=C(C=C1)S(=O)(=O)N	splash10-052b-9500000000-c7e0c16ebd86f61e15b5	benzolsulfonamid	public_spectra_2506:(MSBNK-Eawag-EQ359503)	KHBQMWCZKVMBLN	214.090	596	9.938	857336453837115216	857336453837115215	10601	
1	SPECTRUM	true	13		2	-1 eV	0.85077465	6	2	-1 eV (corrected -1 eV)	[M + H]+	290.211	Orbitrap (LCMS)	CC1CCC(C(C1)C(=O)NC2=CC=C(C=C2)OC)C(C)C	splash10-0a59-9000000000-c8c45b41532071a7fd06	(2S,5R)-2-Isopropyl-N-(4-methoxyphenyl)-5-methylcyclohexanecarboximide	public_spectra_2506:(BRUNGS_MCEBIO_06316)	HNSGVPAAXJJOPQ	198.185	600	10.007	857336453941972824	857336453941972823	10685	
1	SPECTRUM	true	1		2	-1 eV	0.7951829	7	2	24 eV	[M + H]+	147.080	Orbitrap (LCMS)	CC(=O)C=CC1=CC=CC=C1	splash10-004i-0900000000-898228abd5f05e253cef	ACMC-20aplv	public_spectra_2506:(MSBNK-NaToxAq-NA001431)	BWHOZHOGCMHOBV	184.076	602	10.037	857336453996498780	857336453996498779	10722	
1	SPECTRUM	true	34		2	-1 eV	0.9371491	7	2	-1 eV (corrected -1 eV)	[M + H]+	387.116	Orbitrap (LCMS)	CC1=CC=C(C=C1)C(=O)CSC2=NC=CN(C2=O)C3=CC=CC4=CC=CC=C43	splash10-014i-9700000000-eec909767779e6cf1c94	1-(naphthalen-1-yl)-3-((2-oxo-2-(p-tolyl)ethyl)thio)pyrazin-2(1H)-one	public_spectra_2506:(BRUNGS_MCESCAF_02648)	NFGZZLODIPDLRY	192.138	603	10.047	857336454046830432	857336454046830431	10741	
1	SPECTRUM	true	1		2	-1 eV	0.69901043	6	2	-1 eV (corrected -1 eV)	[M - H2O + H]+	284.165	Orbitrap (LCMS)	CC(COC1=CC=CC=C1)NC(C)C(C2=CC=C(C=C2)O)O	splash10-053r-2950000000-b343f91fe9764fe260a7	Dilavase	public_spectra_2506:(BRUNGS_MCEBIO_02750)	BMUKKTUHUDJSNZ	346.165	606	10.098	857336454147493736	857336454147493735	10797	
1	SPECTRUM	true	1		2	-1 eV	0.78017896	12	2	39 eV	[M + H]+	217.078	Orbitrap (LCMS)	CP(=O)(C1=CC=CC=C1)C2=CC=CC=C2	splash10-0a4r-2900000000-2089f9c136c0c9b7ed56	Diphenylmethylphosphine oxide	public_spectra_2506:(MSBNK-Eawag-EQ501406)	PEGCITODQASXKH	279.093	609	10.144	857336454197825388	857336454197825387	10835	
1	SPECTRUM	true	21		2	-1 eV	0.6149365	20	2	53 eV	[M + H]+	219.138	Orbitrap (LCMS)	CC1CC2=C(C1=O)C(=C(C(=C2)C)CCO)C	splash10-004l-0900000000-8a422061b3be6075d033	Pterosin B	public_spectra_2506:(MSBNK-NaToxAq-NA001783)	SJNCSXMTBXDZQA	223.115	610	10.161	857336454256545648	857336454256545647	10860	
2	SPECTRUM	true	0		2	-1 eV	0.380384	6	2	-1 eV (corrected -1 eV)	[M + H]+	348.195	N/A	CC1=CC2=C(C=C1O)NC3=C2C=CC4=C3C=CC(O4)(C)CCC=C(C)C	splash10-03di-0390000000-b5e90aa3935a8bb02406	3,8-dimethyl-3-(4-methylpent-3-enyl)-11H-pyrano[3,2-a]carbazol-9-ol	public_spectra_2506:(CCMSLIB00000079847)	WWXYBSVWYPHUPZ	464.233	610	10.169	857336454311071604	857336454306877299	10871	
1	SPECTRUM	true	6		2	-1 eV	0.67123675	8	2	-1 eV (corrected -1 eV)	[M + H]+	316.202	Orbitrap (LCMS)	CCN1C=C(C2=CC=CC=C21)NC(=O)N3CCCCC3CCO	splash10-001i-7900000000-bcc8a6a95e2289d2532d	N-(1-ethylindol-3-yl)-2-(2-hydroxyethyl)piperidine-1-carboxamide	public_spectra_2506:(BRUNGS_MCESCAF_00323)	SUZLSTBSAKWFIT	230.175	610	10.172	857336454353014648	857336454353014647	10874	
9	SPECTRUM	true	0		2	-1 eV	0.5357591	6	2	-1 eV (corrected -1 eV)	[M + H]+	329.107	Orbitrap (LCMS)	COC1=CC=CC=C1CC(=O)NCC2=CN(N=N2)C3=CSC=C3	splash10-0apu-4900000000-6904c56d4f2875747b86	F6562-0271	public_spectra_2506:(BRUNGS_MCESCAF_01572)	RECJGDYXLPYVCO	255.062	611	10.176	857336454415929212	857336454411734907	10882	
24	SPECTRUM	true	4		2	-1 eV	0.9177181	6	2	28 eV	[M + H]+	158.027	Orbitrap (LCMS)	C1=CC=C(C=C1)S(=O)(=O)N	splash10-054k-9300000000-a07e15d8e1579565b0ec	benzolsulfonamid	public_spectra_2506:(MSBNK-Eawag-EQ359506)	KHBQMWCZKVMBLN	214.090	612	10.198	857336454466260864	857336454462066559	10946	
1	SPECTRUM	true	36		2	-1 eV	0.85471684	18	2	90 eV	[M + H]+	212.201	Orbitrap (LCMS)	CCNC(=O)C1CC(CCC1C(C)C)C	splash10-0a4i-9100000000-2c33f8b169314a4809eb	Framidice 3	public_spectra_2506:(MSBNK-LCSB-LU130206)	VUNOFAIHSALQQH	198.185	617	10.288	857336454508203908	857336454504009603	11050	
1	SPECTRUM	true	0		2	-1 eV	0.82857037	20	2	75 eV	[M + H]+	435.295	Orbitrap (LCMS)	CCCCOCCOCCOC(=O)CCCCC(=O)OCCOCCOCCCC	splash10-0bt9-9300000000-aaa56dc0cc5e7e1a5af6	Wareflex	public_spectra_2506:(MSBNK-LCSB-LU125405)	SCABKEBYDRTODC	217.144	622	10.373	857336454596284300	857336454596284299	11184	
3	SPECTRUM	true	0		2	-1 eV	0.84978557	6	2	75 eV	[M + H]+	241.173	Orbitrap (LCMS)	C1CCC(CC1)NC(=S)NC2CCCCC2	splash10-0a59-9000000000-9720b5fbd8c5e447a1e1	Oprea1_850375	public_spectra_2506:(MSBNK-LCSB-LU118805)	KAJICSGLHKRDLN	225.196	624	10.401	857336454680170388	857336454680170387	11199	
1	SPECTRUM	true	-1		2		0.7268944	9	2	-1 eV (corrected -1 eV)	[M - H2O + H]+	136.076	Orbitrap (LCMS)	C1=CC(=CC=C1C(CN)O)O	splash10-00kf-9500000000-923743358fec36b5bb96	Norphen	public_spectra_2506:(BRUNGS_MCEBIO_05944)	QHGUCRYDKWKLMG	213.091	625	10.415	857336454717919128	857336454717919127	11235	
3	SPECTRUM	true	-1		2		0.4311579	7	2	-1 eV (corrected -1 eV)	[M + H]+	231.135	Orbitrap (LCMS)	C1CC(=NN=C(N)N)C2=C1C(=CC=C2)C(=N)N	splash10-0ac0-0930000000-43d749e36acf75ad6df6	Sardomozide	public_spectra_2506:(BRUNGS_MCEBIO_03254)	CYPGNVSXMAUSJY	283.181	625	10.416	857336454764056476	857336454764056475	11247	
1	SPECTRUM	true	0		2	-1 eV	0.8940646	6	2	25 eV	[M + H]+	580.915	Q-ToF (LCMS)	C(CCl)OP(=O)(OCCCl)OCC(COP(=O)(OCCCl)OCCCl)(CCl)CCl	splash10-0532-2193000000-6c773fbde5436aaa1b08	Phosgard 2xc20	public_spectra_2506:(MSBNK-Antwerp_Univ-AN118805)	ZGHUDSLVQAGWEY	470.946	626	10.430	857336454973771692	857336454973771691	11263	
1	SPECTRUM	true	7		2	-1 eV	0.87457025	6	2	75 eV	[M + H]+	241.173	Orbitrap (LCMS)	C1CCC(CC1)NC(=S)NC2CCCCC2	splash10-0a59-9000000000-9720b5fbd8c5e447a1e1	Oprea1_850375	public_spectra_2506:(MSBNK-LCSB-LU118805)	KAJICSGLHKRDLN	225.196	633	10.542	857336455032491952	857336455032491951	11375	
1	SPECTRUM	true	0		2	-1 eV	0.78365153	10	2	64 eV	[M + H]+	265.155	FTICR (LCMS)	C1=CC=C(C=C1)NC(=O)CCCCCCC(=O)NO	splash10-0a6u-9000000000-1141642bb972a29d3d64	Zolinza	public_spectra_2506:(MSBNK-Eawag-EQ01070107)	WAEXFXRVDQXREF	219.149	633	10.549	857336455095406516	857336455091212211	11388	
1	SPECTRUM	true	1		2	-1 eV	0.6916602	6	2	-1 eV (corrected -1 eV)	[M + H]+	282.185	Orbitrap (LCMS)	CN(C)CC1CCOC1(C2=CC=CC=C2)C3=CC=CC=C3	splash10-0a4i-9120000000-c3ade16e6f52ec879eed	Tetrahydro-N,N-dimethyl-2,2-diphenyl-3-furanemethanamine	public_spectra_2506:(BRUNGS_MCEBIO_05090)	BOTHKNZTGGXFEQ	118.065	643	10.711	857336455258984384	857336455258984383	11609	
1	SPECTRUM	true	0		2	-1 eV	0.7607537	11	2	76 eV	[M + H]+	318.013	Orbitrap (LCMS)	COP(=S)(OC)SCN1C(=O)C2=CC=CC=C2N=N1	splash10-0udi-9100000000-4f01682d659e9f4fcf0f	Azinphos	public_spectra_2506:(MSBNK-Eawag-EQ365507)	CJJOSEISRRTUQB	158.027	643	10.718	857336455380619208	857336455376424903	11626	
1	SPECTRUM	true	15		2	-1 eV	0.9306762	6	2	60 eV	[M + H]+	241.173	Orbitrap (LCMS)	C1CCC(CC1)NC(=S)NC2CCCCC2	splash10-053r-9100000000-d3eefc38ea49a40f763d	Oprea1_850375	public_spectra_2506:(MSBNK-LCSB-LU118804)	KAJICSGLHKRDLN	225.196	645	10.758	857336455535808464	857336455535808463	11690	
1	SPECTRUM	true	0		2	-1 eV	0.49132463	7	2	-1 eV (corrected -1 eV)	[M + H]+	200.107	Orbitrap (LCMS)	CC1=CC(=O)N2CCCC3=C2C1=CC=C3	splash10-0udi-1590000000-290cd4bc4213c93559a4	Oprea1_162401	public_spectra_2506:(CCMSLIB00006697667)	INLMMGKPTMPKDG	200.237	649	10.815	857336455611305940	857336455611305939	11747	
3	SPECTRUM	true	0		2	-1 eV	0.4760309	6	2	-1 eV (corrected -1 eV)	[M + H]+	397.177	Orbitrap (LCMS)	CC1=CC(=CN=C1C2=CC(=NC=C2)C)CC(=O)NC3=NC=C(C=C3)C4=NC=CN=C4	splash10-004i-0290000000-7cbd1d9aa133d52ac63e	Acotiamide Impurity LGK	public_spectra_2506:(BRUNGS_MCEBIO_02009)	XXYGTCZJJLTAGH	281.175	649	10.819	857336455682609112	857336455682609111	11758	
1	SPECTRUM	true	10		2	-1 eV	0.3315636	6	2	-1 eV (corrected -1 eV)	[M + H]+	213.091	N/A	C1=CC=C(C=C1)C(C(=O)C2=CC=CC=C2)O	splash10-0h90-9800000000-3c75ee7f1a0a9cbd7bd4	Aerozoin	public_spectra_2506	ISAOCJYIOMOJEB	201.196	651	10.852	857336455741329372	857336455741329371	11803	
1	SPECTRUM	true	0		2	-1 eV	0.62793833	20	2	-1 eV (corrected -1 eV)	[M - H2O + H]+	255.232	Orbitrap (LCMS)	C(CCCCCCCC(=O)O)CCCCCCCO	splash10-067i-9310000000-41cf2dfb63ed5fd15378	bmse000700	public_spectra_2506:(CCMSLIB00010122748)	UGAGPNKCDRTDHP	257.175	651	10.854	857336455804243936	857336455804243935	11809	
1	SPECTRUM	true	0		2	-1 eV	0.68370986	10	2	-1 eV (corrected -1 eV)	[M + H]+	258.149	Orbitrap (LCMS)	CC(C)COC1=CC2=C(C=C1)NC3=C2CCCC3=O	splash10-0pb9-0390000000-b1da0362912b24969fe8	Oprea1_408918	public_spectra_2506:(CCMSLIB00010116311)	HECYQAMBHBDMRR	281.165	654	10.901	857336455858769892	857336455858769891	11860	
3	SPECTRUM	true	-1		2		0.4336582	6	2	38 eV	[M + H]+	319.263	Orbitrap (LCMS)	CCCCCCC(C)(C)C1=CC(=C(C=C1)C2CCCC(C2)O)O	splash10-0ab9-3900000000-d373484ea54fad1ea365	(?-CP 47,497-d11 (solution)	public_spectra_2506:(MSBNK-Eawag-EQ369904)	ZWWRREXSUJTKNN	214.253	658	10.968	857336455917490152	857336455917490151	11951	
1	SPECTRUM	true	2		2	-1 eV	0.5017425	8	2	19 eV	[M + H]+	269.154	Orbitrap (LCMS)	CCC(=C(CC)C1=CC=C(C=C1)O)C2=CC=C(C=C2)O	splash10-000j-0920000000-b941d1dd16b8df959d3f	Dicorvin	public_spectra_2506:(MSBNK-UFZ-UF423703)	RGLYKWWBQGJZGM	554.275	659	10.991	857336456026542064	857336456026542063	11984	
15	SPECTRUM	true	3		2	-1 eV	0.47729626	6	2	-1 eV (corrected -1 eV)	[M + H]+	272.186	Orbitrap (LCMS)	CCCCCCCC(CC(=O)NC1CCOC1=O)O	splash10-0udi-4900000000-0009a6acf10ba3cb8544	3-hydroxy-N-(2-oxooxolan-3-yl)decanamide	public_spectra_2506:(CCMSLIB00005463689)	DOICJCCMIBBSOO	375.155	664	11.074	857336456081068020	857336456081068019	12095	
1	SPECTRUM	true	0		2	-1 eV	0.6549535	9	2	-1 eV (corrected -1 eV)	[M + H]+	174.055	Orbitrap (LCMS)	C1=CC=C2C(=C1)C(=CC=N2)C(=O)O	splash10-003s-1900000000-e9b8dc5efd04bf386ed8	Oprea1_466681	public_spectra_2506:(BRUNGS_MCEBIO_07568)	VQMSRUREDGBWKT	263.082	665	11.077	857336456135593976	857336456135593975	12114	
1	SPECTRUM	true	0		2	-1 eV	0.5775004	10	2	-1 eV (corrected -1 eV)	[M + H]+	200.107	Orbitrap (LCMS)	CC1=CC(=O)N2CCCC3=C2C1=CC=C3	splash10-0udi-1590000000-290cd4bc4213c93559a4	Oprea1_162401	public_spectra_2506:(CCMSLIB00010114760)	INLMMGKPTMPKDG	200.237	666	11.099	857336456194314236	857336456194314235	12136	
2	SPECTRUM	true	22		2	-1 eV	0.56235445	7	2	75 eV	[M + H]+	198.185	Orbitrap (LCMS)	C1CCCCCC(=O)NCCCCC1	splash10-0a4i-9100000000-11f8d6de963cd1b8514d	Nylon 12	public_spectra_2506:(MSBNK-LCSB-LU080705)	JHWNWJKBPDFINM	171.138	668	11.130	857336456374669320	857336456374669319	12200	
4	SPECTRUM	true	1		2	-1 eV	0.5726105	12	2	-1 eV (corrected -1 eV)	[M + H]+	327.253	FTICR (LCMS)	CC(=O)OCC(CC(CCCCCCCCCCCC#C)O)O	null-null-null-null	Spectrum_000278	public_spectra_2506:(CCMSLIB00004702472)	JAKAZHIACKJNNB	195.138	671	11.175	857336456617938968	857336456617938967	12272	
2	SPECTRUM	true	-1		2		0.6800397	6	2	-1 eV (corrected -1 eV)	[M + H]+	272.165	Q-ToF (LCMS)	CCCCCCCC1=NC(=CC2=CC=CC=C2)C(=O)O1	splash10-0a4i-9300000000-b5d3f0d0f3f5abbc1061	heptylphenazolone	public_spectra_2506:(CCMSLIB00005723540)	LAAYPPBQOSKYRF	213.149	671	11.184	857336456819265572	857336456819265571	12273	
1	SPECTRUM	true	-1		2		0.9485468	12	2	45 eV	[M + H]+	285.290	Orbitrap (LCMS)	CCCCCCCCCCCC(=O)NCCCN(C)C	splash10-0006-3190000000-9a0ead1ab06a1568277f	Lexamine L 13	public_spectra_2506:(MSBNK-LCSB-LU071403)	TWMFGCHRALXDAR	343.296	671	11.191	857336456689242140	857336456689242139	12253	
1	SPECTRUM	true	11		2	-1 eV	0.86436266	6	2	20 eV	[M + H]+	168.138	Q-ToF (LCMS)	C1CCC(CC1)N2CCCC2=O	splash10-000i-9000000000-f696e44190fcc803404e	Cyclohexyl pyrrolidone	public_spectra_2506:(MSBNK-EPA-ENTACT_AGILENT000638)	PZYDAVFRVJXFHS	198.185	675	11.258	857336456949289004	857336456949289003	12388	
1	SPECTRUM	true	-1		2		0.547982	6	2	-1 eV (corrected -1 eV)	[M + K]+	367.225	FTICR (LCMS)	CC(=O)OC(CCCCCCCCCCCC=C)CC(CO)O	null-null-null-null	Avocadene 4-acetate	public_spectra_2506:(CCMSLIB00004699628)	MFLWBVVCOWPUBA	214.253	677	11.287	857336457200947260	857336457200947259	12429	
1	SPECTRUM	true	3		2	-1 eV	0.51472056	6	2	20 eV	[M + H]+	172.170	Q-ToF (LCMS)	CCCCCCCC(=O)N(C)C	splash10-0aba-9300000000-ac76bdb88ab9ed8507db	NN-Dimethyloctanamide	public_spectra_2506:(MSBNK-EPA-ENTACT_AGILENT001263)	VHRUBWHAOUIMDW	171.138	677	11.288	857336457263861824	857336457263861823	12469	
1	SPECTRUM	true	2		2	-1 eV	0.5336244	9	2	-1 eV (corrected -1 eV)	[M + H]+	200.107	Orbitrap (LCMS)	CC1=CC(=O)N2CCCC3=C2C1=CC=C3	splash10-0udi-1590000000-290cd4bc4213c93559a4	Oprea1_162401	public_spectra_2506:(CCMSLIB00006697667)	INLMMGKPTMPKDG	341.128	677	11.289	857336457322582084	857336457322582083	12449	
1	SPECTRUM	true	0		2	-1 eV	0.5700072	6	2	90 eV	[M + H]+	245.129	Orbitrap (LCMS)	COC1=C(C=CC(=C1)C2=CC(=C(C=C2)N)OC)N	splash10-000i-0900000000-af722d869b3e3637dbc7	Dianisidine	public_spectra_2506:(MSBNK-LCSB-LU055806)	JRBJSXQPQWSCCF	277.155	678	11.307	857336457444216908	857336457444216907	12557	
1	SPECTRUM	true	3		2	-1 eV	0.6537796	9	2	-1 eV (corrected -1 eV)	[M + H]+	189.112	Orbitrap (LCMS)	C(CCCC(=O)O)CCCC(=O)O	splash10-0a7j-9400000000-f4877249a6ccb5c9e8f6	Acnederm	public_spectra_2506:(CCMSLIB00010118560)	BDJRBEYXGGNYIS	284.222	680	11.332	857336457502937168	857336457498742863	12526	
1	SPECTRUM	true	7		2	-1 eV	0.9610865	15	2	45 eV	[M + H]+	285.290	Orbitrap (LCMS)	CCCCCCCCCCCC(=O)NCCCN(C)C	splash10-0006-3190000000-9a0ead1ab06a1568277f	Lexamine L 13	public_spectra_2506:(MSBNK-LCSB-LU071403)	TWMFGCHRALXDAR	343.296	680	11.342	857336457561657428	857336457561657427	12541	
1	SPECTRUM	true	2		2	-1 eV	0.88069254	14	2	46 eV	[M + H]+	307.263	Orbitrap (LCMS)	CCC=CCC=CCC=CCCCCCCCCCC(=O)O	splash10-0159-9000000000-642c58d17ed6c7aadffc	Icosatrienoic acid	public_spectra_2506:(MSBNK-Eawag-EQ01142705)	AHANXAKGNAKFSK	228.269	682	11.374	857336457624571992	857336457624571991	12592	
1	SPECTRUM	true	2		2	-1 eV	0.62702394	31	2	75 eV	[M + H]+	219.174	Orbitrap (LCMS)	CC1CC(=O)C=C2C1(CC(CC2)C(=C)C)C	splash10-053u-9600000000-6e7ead114080944ed69b	()-Nootkatone	public_spectra_2506:(MSBNK-LCSB-LU071505)	WTOYNNBCKUYIKC	281.175	688	11.460	857336457742012512	857336457742012511	12730	
1	SPECTRUM	true	5		2	-1 eV	0.83844453	8	2	56 eV	[M + H]+	311.258	Orbitrap (LCMS)	CC(C)OC(=O)C=C(C)C=CCC(C)CCCC(C)(C)OC	splash10-0aru-9100000000-10dea44110acbacc79d6	Juvemon	public_spectra_2506:(MSBNK-Eawag-EQ01094906)	NFGXHKASABOEEW	231.159	689	11.476	857336457922367596	857336457918173291	12752	
1	SPECTRUM	true	47		2	-1 eV	0.9735342	6	2	75 eV	[M + H]+	288.175	Orbitrap (LCMS)	C1=CC=C(C=C1)CN(CC2=CC=CC=C2)CC3=CC=CC=C3	splash10-0006-9000000000-1d6c56d6fc508f2c40d8	Tribenzylamine	public_spectra_2506:(MSBNK-LCSB-LU113205)	MXHTZQSKTCCMFG	226.123	689	11.476	857336457981087856	857336457981087855	12753	
2	SPECTRUM	true	0		2	-1 eV	0.6300617	6	2	-1 eV (corrected -1 eV)	[M - H2O + H]+	131.049	Orbitrap (LCMS)	C1=CC=C(C=C1)C=CC(=O)O	splash10-0udi-0900000000-3b4595fd5a1d5b741473	cinnamate	public_spectra_2506:(CCMSLIB00011431672)	WBYWAXJHAXSJNI	262.074	689	11.478	857336458165637244	857336458165637243	12772	
1	SPECTRUM	true	26		2	-1 eV	0.7011189	14	2	-1 eV (corrected -1 eV)	[M + H]+	174.055	Orbitrap (LCMS)	C1=CC=C2C(=C1)C(=CC=N2)C(=O)O	splash10-003s-1900000000-e9b8dc5efd04bf386ed8	Oprea1_466681	public_spectra_2506:(BRUNGS_MCEBIO_07568)	VQMSRUREDGBWKT	263.082	689	11.483	857336458228551808	857336458224357503	12766	
1	SPECTRUM	true	0		2	-1 eV	0.8580334	8	2	32 eV	[M + H]+	179.118	Orbitrap (LCMS)	CC(C)C1=CC=C(C=C1)NC(=O)N	splash10-0006-9100000000-9ac062128a447e7c65c7	Didemethylisoproturon	public_spectra_2506:(MSBNK-Eawag-EA028507)	ABBKOIZWGCVCKE	221.165	690	11.500	857336458345992328	857336458341798023	12808	
1	SPECTRUM	true	1		2	-1 eV	0.6568967	6	2	40 eV	[M + H]+	202.123	Q-ToF (LCMS)	CC1(C2=CC=CC=C2N(C1=CC=O)C)C	splash10-0a4i-0900000000-981b8e66fe6610bf91cf	Tribasenaldehyde	public_spectra_2506:(MSBNK-EPA-ENTACT_AGILENT000070)	GCECACVNILMTRD	277.155	690	11.504	857336458404712588	857336458404712587	12823	
1	SPECTRUM	true	-1		2		0.3906065	6	2	-1 eV (corrected -1 eV)	[M + H]+	200.107	Orbitrap (LCMS)	CC1=CC(=O)N2CCCC3=C2C1=CC=C3	splash10-0udi-1590000000-290cd4bc4213c93559a4	Oprea1_162401	public_spectra_2506:(CCMSLIB00006697667)	INLMMGKPTMPKDG	341.128	690	11.506	857336458585067672	857336458580873367	12819	
1	SPECTRUM	true	0		2	-1 eV	0.6659922	14	2	19 eV	[M + H]+	160.133	Orbitrap (LCMS)	CC(C)CC(CC(=O)O)CN	splash10-0a4i-9100000000-5283d02d98611a8c2c38	Pregablin	public_spectra_2506:(MSBNK-Eawag-EQ312904)	AYXYPKUFHZROOJ	284.222	691	11.514	857336458698313888	857336458698313887	12840	
1	SPECTRUM	true	0		2	-1 eV	0.97085595	6	2	60 eV	[M + H]+	288.175	Orbitrap (LCMS)	C1=CC=C(C=C1)CN(CC2=CC=CC=C2)CC3=CC=CC=C3	splash10-0006-9000000000-2ed1793d70ff5c51762c	Tribenzylamine	public_spectra_2506:(MSBNK-LCSB-LU113204)	MXHTZQSKTCCMFG	240.138	695	11.578	857336458941583536	857336458937389231	12947	
1	SPECTRUM	true	0		2	-1 eV	0.7715788	9	2	-1 eV (corrected -1 eV)	[M + Na]+	311.068	Orbitrap (LCMS)	C1=CC=C2C(=C1)C=CC3=C2OC(=CC3=O)C4=CC=CC=C4O	splash10-03di-1369000000-d7a62eb674996c1e6394	2-(2-hydroxyphenyl)benzo[h]chromen-4-one	public_spectra_2506:(CCMSLIB00010115016)	ZKMLQDNHMSFULN	311.185	699	11.647	857336459197436096	857336459197436095	12987	
1	SPECTRUM	true	0		2	-1 eV	0.76924324	8	2	-1 eV (corrected -1 eV)	[M + H]+	261.112	N/A	CC1=CC(=O)C2=C(O1)C=C(C(=C2O)CC=C(C)C)O	splash10-05fr-9010000000-24c697cf8c305130632d	Peucenin	public_spectra_2506	DTNGBIGBPPPNNB	242.284	701	11.677	857336459436511440	857336459436511439	13109	
1	SPECTRUM	true	1		2	-1 eV	0.42775756	6	2	-1 eV (corrected -1 eV)	[M + H]+	341.207	Orbitrap (LCMS)	CCCC(C(=O)O)NC(C)C(=O)N1C2CCCCC2CC1C(=O)O	splash10-006w-9800000000-79db72e8e0b2c9abe5ad	Perindoprilat	public_spectra_2506	ODAIHABQVKJNIY	329.280	704	11.742	857336459553951960	857336459553951959	13192	
1	SPECTRUM	true	29		2	-1 eV	0.689749	18	2	-1 eV (corrected -1 eV)	[M - H2O + H]+	171.102	Orbitrap (LCMS)	C(CCCC(=O)O)CCCC(=O)O	splash10-0a59-9100000000-440a4359eead538221a1	Acnederm	public_spectra_2506:(CCMSLIB00010118559)	BDJRBEYXGGNYIS	284.222	705	11.750	857336459612672220	857336459612672219	13198	
1	SPECTRUM	true	-1		2		0.80461174	16	2	-1 eV (corrected -1 eV)	[M + Na]+	311.068	Orbitrap (LCMS)	C1=CC=C2C(=C1)C=CC3=C2OC(=CC3=O)C4=CC=CC=C4O	splash10-03di-1369000000-d7a62eb674996c1e6394	2-(2-hydroxyphenyl)benzo[h]chromen-4-one	public_spectra_2506:(CCMSLIB00006697923)	ZKMLQDNHMSFULN	311.185	709	11.810	857336459893690608	857336459889496303	13331	
8	SPECTRUM	true	2		2	-1 eV	0.6834699	6	2	-1 eV (corrected -1 eV)	[M + Na]+	349.235	Orbitrap (LCMS)	CC(=O)OC(CCCCCCCCCCCC#C)CC(CO)O	splash10-0002-9100000000-b8959bc199dcef66a915	Avocadyne 4-acetate	public_spectra_2506	FHGZOCAZNHYWAL	239.164	710	11.838	857336459956605172	857336459952410867	13368	
1	SPECTRUM	true	12		2	-1 eV	0.748751	7	2	-1 eV (corrected -1 eV)	[M + H]+	279.159	Orbitrap (LCMS)	CCCCOC(=O)C1=CC=CC=C1C(=O)OCCCC	splash10-0002-1900000000-9cb4a52b44187ee3cc2c	Hatcol DBP	public_spectra_2506:(BRUNGS_MCEBIO_07698)	DOIRQSBPFJWKBE	277.155	711	11.857	857336460011131128	857336460011131127	13383	
1	SPECTRUM	true	1		2	-1 eV	0.5414285	6	2	-1 eV (corrected -1 eV)	[M - H2O + H]+	320.186	Orbitrap (LCMS)	CC(C)(CC(CO)NC(=O)CC(CC(=O)CC1=CC=CC=C1)O)O	splash10-000f-8912000000-8adc64cf5d656645ed71	Compound NP-005560	public_spectra_2506:(BRUNGS_NIHNP_02125)	ZCEYUYRVYFKPRM	286.201	712	11.863	857336460061462780	857336460061462779	13420	
1	SPECTRUM	true	1		2	-1 eV	0.6497029	6	2	-1 eV (corrected -1 eV)	[M + H]+	163.075	Orbitrap (LCMS)	COC1=CC=CC=C1C=CC=O	splash10-052s-0900000000-912b200115ad7420fcdd	2-Methoxycinnamaldehyde	public_spectra_2506:(CCMSLIB00006114609)	KKVZAVRSVHUSPL	480.238	712	11.864	857336460115988736	857336460115988735	13394	
1	SPECTRUM	true	2		2	-1 eV	0.7623548	10	2	54 eV	[M + H]+	180.175	Orbitrap (LCMS)	CC12CC3CC(C1)(CC(C3)(C2)N)C	splash10-0006-9100000000-608b372857aacd60eb61	Memantin	public_spectra_2506:(MSBNK-Eawag-EQ335108)	BUGYDGFZZOZRHP	153.091	712	11.871	857336460170514692	857336460170514691	13413	
1	SPECTRUM	true	2		2	-1 eV	0.697967	19	2	-1 eV (corrected -1 eV)	[M + H]+	215.128	Orbitrap (LCMS)	CCCCC(C1CC(=CC(=O)O1)OC)O	splash10-0a4i-9000000000-4ed089ebd59c98c85c71	Pestalotin	public_spectra_2506:(BRUNGS_NIHNP_00162)	YFIMUDXPJZVJJO	269.175	713	11.890	857336460225040648	857336460225040647	13419	
10	SPECTRUM	true	-1		2		0.73104197	7	2	79 eV	[M + H]+	330.909	Orbitrap (LCMS)	COC(=O)C1=C(C(=C(C(=C1Cl)Cl)C(=O)OC)Cl)Cl	splash10-0002-9300000000-f1c2e072aeec737ead66	dacthal	public_spectra_2506:(MSBNK-Eawag-EQ370107)	NPOJQCVWMSKXDN	251.146	717	11.951	857336460283760908	857336460283760907	13485	
1	SPECTRUM	true	29		2	-1 eV	0.8378374	17	2	-1 eV (corrected -1 eV)	[M + Na]+	311.068	Orbitrap (LCMS)	C1=CC=C2C(=C1)C=CC3=C2OC(=CC3=O)C4=CC=CC=C4O	splash10-03di-1369000000-d7a62eb674996c1e6394	2-(2-hydroxyphenyl)benzo[h]chromen-4-one	public_spectra_2506:(CCMSLIB00006697923)	ZKMLQDNHMSFULN	311.185	721	12.025	857336460342481168	857336460342481167	13542	
7	SPECTRUM	true	4		2	-1 eV	0.46141458	6	2	-1 eV (corrected -1 eV)	[M + H]+	140.995	Orbitrap (LCMS)	C(C(=O)O)P(=O)(O)O	splash10-00di-2900000000-64ea4bb62e12d5b00beb	Fosfonet	public_spectra_2506:(CCMSLIB00006122855)	XUYJLQHKOGNDPB	174.992	722	12.029	857336460736745768	857336460736745767	13567	
22	SPECTRUM	true	50		2	-1 eV	0.6748453	6	2	-1 eV (corrected -1 eV)	[M + H]+	245.081	N/A	COC1=C(C=C(C(=C1)O)C(=O)C2=CC=CC=C2)O	splash10-0002-9120000000-fe00bda90567e1aacae9	Spectrum_000592	public_spectra_2506	NFJVELXCUBWAFL	251.000	722	12.030	857336460799660332	857336460799660331	13564	
8	SPECTRUM	true	1		2	-1 eV	0.58516026	6	2	-1 eV (corrected -1 eV)	[M + H]+	126.031	Orbitrap (LCMS)	C(CP(=O)(O)O)N	splash10-052b-9500000000-415e20001e7a5a4edff5	Ciliatine	public_spectra_2506:(BRUNGS_MCEBIO_07653)	QQVDJLLNRSOCEL	252.997	722	12.030	857336460866769200	857336460866769199	13559	
1	SPECTRUM	true	1		2	-1 eV	0.60864985	13	2	-1 eV (corrected -1 eV)	[M + H]+	200.107	Orbitrap (LCMS)	CC1=CC(=O)N2CCCC3=C2C1=CC=C3	splash10-0udi-1590000000-290cd4bc4213c93559a4	Oprea1_162401	public_spectra_2506:(CCMSLIB00006697667)	INLMMGKPTMPKDG	200.201	726	12.104	857336461353308496	857336461349114191	13674	
1	SPECTRUM	true	0		2	-1 eV	0.64383113	10	2	-1 eV (corrected -1 eV)	[M + H]+	189.112	Orbitrap (LCMS)	C(CCCC(=O)O)CCCC(=O)O	splash10-0a7j-9400000000-f4877249a6ccb5c9e8f6	Acnederm	public_spectra_2506:(CCMSLIB00006701466)	BDJRBEYXGGNYIS	286.238	727	12.111	857336461407834452	857336461407834451	13649	
1	SPECTRUM	true	0		2	-1 eV	0.7312018	14	2	47 eV	[M + H]+	311.258	Orbitrap (LCMS)	CC(C)OC(=O)C=C(C)C=CCC(C)CCCC(C)(C)OC	splash10-0apm-9200000000-c8b9108e2264b06b6ab0	Juvemon	public_spectra_2506:(MSBNK-Eawag-EQ01094905)	NFGXHKASABOEEW	269.165	733	12.224	857336461462360408	857336461462360407	13778	
1	SPECTRUM	true	0		2	-1 eV	0.64903796	10	2	-1 eV (corrected -1 eV)	[M + H]+	189.112	Orbitrap (LCMS)	C(CCCC(=O)O)CCCC(=O)O	splash10-0a7j-9400000000-f4877249a6ccb5c9e8f6	Acnederm	public_spectra_2506:(CCMSLIB00010118560)	BDJRBEYXGGNYIS	286.238	734	12.227	857336461521080668	857336461521080667	13786	
1	SPECTRUM	true	0		2	-1 eV	0.97762686	8	2	60 eV	[M + H]+	254.248	Orbitrap (LCMS)	CCCCCCCCCCCCN1CCCC1=O	splash10-000i-9000000000-13976b603f9070892670	Lauryl pyrrolidone	public_spectra_2506:(MSBNK-LCSB-LU015304)	NJPQAIBZIHNJDO	198.185	740	12.339	857336461634326884	857336461630132579	13937	
1	SPECTRUM	true	7		2	-1 eV	0.6153055	16	2	60 eV	[M + H]+	516.296	Orbitrap (LCMS)	COCCOCC(CC1(CCCC1)C(=O)NC2CCC(CC2)C(=O)O)C(=O)OC3=CC4=C(CCC4)C=C3	splash10-057i-6900000000-8f1c779833786f408588	Candoxatril	public_spectra_2506:(MSBNK-LCSB-LU115104)	ZTWZVMIYIIVABD	314.233	741	12.342	857336461693047144	857336461688852839	13942	
1	SPECTRUM	true	2		2	-1 eV	0.77520823	7	2	-1 eV (corrected -1 eV)	[M + H]+	137.132	Orbitrap (LCMS)	CC1(C2CCC(=C)C1C2)C	splash10-001j-9100000000-7dd320f715d7871a1949	Nopinene	public_spectra_2506:(CCMSLIB00006123945)	WTARULDDTDQWMU	197.154	741	12.350	857336461911150956	857336461911150955	13949	
3	SPECTRUM	true	0		2	-1 eV	0.62732494	6	2	-1 eV (corrected -1 eV)	[M + H]+	321.206	N/A	CC1=C(C2=C(CCC(O2)(C)CCCC(C)C(=O)O)C(=C1O)C)C	splash10-014i-1900000000-52a2fe04cde2b53db0ce	.alpha.-CMBHC	public_spectra_2506:(CCMSLIB00003134792)	QWPNLVBAEZJBMI	281.175	743	12.385	857336461965676912	857336461965676911	13995	
6	SPECTRUM	true	17		2	-1 eV	0.65104365	9	2	-1 eV (corrected -1 eV)	[M + H]+	189.112	Orbitrap (LCMS)	C(CCCC(=O)O)CCCC(=O)O	splash10-0a7j-9400000000-f4877249a6ccb5c9e8f6	Acnederm	public_spectra_2506:(CCMSLIB00006701466)	BDJRBEYXGGNYIS	286.238	745	12.409	857336462024397172	857336462024397171	14057	
2	SPECTRUM	true	2		2	-1 eV	0.976233	8	2	60 eV	[M + H]+	254.248	Orbitrap (LCMS)	CCCCCCCCCCCCN1CCCC1=O	splash10-000i-9000000000-13976b603f9070892670	Lauryl pyrrolidone	public_spectra_2506:(MSBNK-LCSB-LU015304)	NJPQAIBZIHNJDO	198.185	749	12.490	857336462129254780	857336462129254779	14132	
3	SPECTRUM	true	0		2	-1 eV	0.48923138	6	2	-1 eV (corrected -1 eV)	[M + H]+	368.119	Orbitrap (LCMS)	CCCCCCNC(=O)CC1C(=O)NC(=NC2=CC=C(C=C2)Cl)S1	splash10-001r-1920000000-40abf79f580603ca202b	2-[2-(4-chloroanilino)-4-oxo-1,3-thiazol-5-yl]-N-hexylacetamide	public_spectra_2506:(BRUNGS_MCESCAF_03584)	KJENZKOMJGIPLH	275.175	750	12.502	857336462179586432	857336462179586431	14149	
1	SPECTRUM	true	1		2	-1 eV	0.8168952	6	2	-1 eV (corrected -1 eV)	[M + H]+	200.201	Orbitrap (LCMS)	CCCCCCC(=O)NCCC(C)C	splash10-0udi-1390000000-44eae511605d26bfcf45	N-(3-methylbutyl)heptanamide	public_spectra_2506:(CCMSLIB00012472443)	MRLPJJSVJMYNEF	212.201	752	12.527	857336462234112388	857336462234112387	14214	
1	SPECTRUM	true	-1		2		0.7129698	7	2	-1 eV (corrected -1 eV)	[M + H]+	347.160	Orbitrap (LCMS)	CC1(CC2=C(C(=O)C1)N(C(=N2)C3=CC(=C(C(=C3)OC)OC)OC)O)C	splash10-0002-0009000000-93a726bef75d174697c7	3-hydroxy-6,6-dimethyl-2-(3,4,5-trimethoxyphenyl)-3,5,6,7-tetrahydrobenzimidaz ol-4-one	public_spectra_2506:(CCMSLIB00006687368)	JZWFFWPWYDAKAR	257.099	753	12.546	857336462288638344	857336462288638343	14235	
1	SPECTRUM	true	25		2	-1 eV	0.68827784	12	2	-1 eV (corrected -1 eV)	[M + H3N + H]+	490.425	FTICR (LCMS)	CC1=C(C(=C(C2=C1OC(CC2)(C)CCCC(C)CCCC(C)CCCC(C)C)C)OC(=O)C)C	null-null-null-null	E-Toplex	public_spectra_2506:(CCMSLIB00004693799)	ZAKOWWREFLAJOT	342.191	754	12.567	857336462397690256	857336462397690255	14271	
1	SPECTRUM	true	-1		2		0.74637	7	2	-1 eV (corrected -1 eV)	[M + H]+	207.138	Orbitrap (LCMS)	CC(C)(C)C1=CC=C(C=C1)CC(=O)OC	splash10-0006-9100000000-1a56d770cba093d36ad5	Methyl 4-tert-butylphenylacetate	public_spectra_2506:(CCMSLIB00006124066)	HXVTYMWVMVKVTF	281.175	754	12.574	857336462456410516	857336462456410515	14279	
1	SPECTRUM	true	1		2	-1 eV	0.87912965	11	2	38 eV	[M + H]+	237.221	Orbitrap (LCMS)	C1CCCCCC(=O)CCCC=CCCCC1	splash10-067j-9000000000-a0fde8b466a36908ccb5	5-Cyclohexadecenone	public_spectra_2506:(MSBNK-UFZ-WANA2456237762PH)	ABRIMXGLNHCLIP	228.269	756	12.598	857336462578045340	857336462573851035	14316	
1	SPECTRUM	true	71		2	-1 eV	0.9831598	10	2	60 eV	[M + H]+	254.248	Orbitrap (LCMS)	CCCCCCCCCCCCN1CCCC1=O	splash10-000i-9000000000-13976b603f9070892670	Lauryl pyrrolidone	public_spectra_2506:(MSBNK-LCSB-LU015304)	NJPQAIBZIHNJDO	198.185	761	12.689	857336462640959904	857336462636765599	14414	
1	SPECTRUM	true	1		2	-1 eV	0.8318083	6	2	127 eV	[M + H]+	705.397	Orbitrap (LCMS)	CC(C)(C)C(C(=O)NC(CC1=CC=CC=C1)C(CN(CC2=CC=C(C=C2)C3=CC=CC=N3)NC(=O)C(C(C)(C)C)NC(=O)OC)O)NC(=O)OC	splash10-014i-0900000000-902cba4c526d44dd49e0	Reyataz	public_spectra_2506:(MSBNK-Eawag-EQ301206)	AXRYRYVKAWYZBR	215.082	762	12.697	857336462695485860	857336462695485859	14431	
1	SPECTRUM	true	10		2	-1 eV	0.92645615	16	2	47 eV	[M + H]+	311.258	Orbitrap (LCMS)	CC(C)OC(=O)C=C(C)C=CCC(C)CCCC(C)(C)OC	splash10-0apm-9200000000-c8b9108e2264b06b6ab0	Juvemon	public_spectra_2506:(MSBNK-Eawag-EQ01094905)	NFGXHKASABOEEW	227.201	765	12.756	857336462758400424	857336462754206119	14550	
1	SPECTRUM	true	59		2	-1 eV	0.63395697	7	2	70 eV	[M + H]+	292.206	Orbitrap (LCMS)	CC(C)(C)C#CC=CCN(C)CC1=CC=CC2=CC=CC=C21	splash10-014i-2900000000-ee0a358da932783f63ab	Bramazil	public_spectra_2506:(MSBNK-Eawag-EQ358607)	DOMXUEMWDBAQBQ	275.175	766	12.759	857336462880035248	857336462875840943	14557	
1	SPECTRUM	true	22		2	-1 eV	0.83709264	6	2	60 eV	[M + H]+	194.154	Orbitrap (LCMS)	CCCCCCOC1=CC=C(C=C1)N	splash10-03di-4900000000-32cf68707c9d88ae4144	4-hexoxyaniline	public_spectra_2506:(MSBNK-LCSB-LU057404)	DJRKHTCUXRGYEU	182.118	766	12.761	857336462934561204	857336462934561203	14559	
1	SPECTRUM	true	-1		2		0.64467263	29	2	90 eV	[M + H]+	420.265	Orbitrap (LCMS)	CCC1CCC(C(N1)C2=CC=CC=C2)NCC3=CC4=C(C=C3OC)C5CC5C(=O)N4C	splash10-052f-1900000000-9b3ff4b0814cd36e4ae7	(1aS,7bR)-5-[[[(2R,3R,6R)-6-ethyl-2-phenylpiperidin-3-yl]amino]methyl]-6-methoxy-3-methyl-1a,7b-dihydro-1H-cyclopropa[c]quinolin-2-one	public_spectra_2506:(MSBNK-LCSB-LU050606)	KDGDTPNBDMVKHC	219.113	774	12.906	857336463093944768	857336463093944767	14761	
1	SPECTRUM	true	-1		2		0.6245151	6	2	-1 eV (corrected -1 eV)	[M + H]+	131.070	Orbitrap (LCMS)	CC1(CCOC(=O)C1)O	splash10-00xr-9400000000-6b6e730cd317b69f6be0	Prestwick_97	public_spectra_2506:(CCMSLIB00010125728)	JYVXNLLUYHCIIH	172.115	776	12.937	857336463244939724	857336463244939723	14782	
1	SPECTRUM	true	4		2	-1 eV	0.9550348	9	2	-1 eV (corrected -1 eV)	[M + H]+	350.186	Orbitrap (LCMS)	CCCCCCN1C2=CC=CC=C2C(=C1O)N=NC(=O)C3=CC=CC=C3	splash10-0pba-9500000000-94cdcd81b730888c72d7	MDA 19 (Standard)	public_spectra_2506:(BRUNGS_MCEBIO_02628)	ICNRTDOKKSWDRL	149.060	777	12.945	857336463299465680	857336463299465679	14825	
1	SPECTRUM	true	0		2	-1 eV	0.80422366	6	2	-1 eV (corrected -1 eV)	[M + H]+	290.211	Orbitrap (LCMS)	CC1CCC(C(C1)C(=O)NC2=CC=C(C=C2)OC)C(C)C	splash10-0a59-9000000000-9f0ab2d6656bc97b349c	(2S,5R)-2-Isopropyl-N-(4-methoxyphenyl)-5-methylcyclohexanecarboximide	public_spectra_2506:(BRUNGS_MCEBIO_06316)	HNSGVPAAXJJOPQ	234.162	779	12.988	857336463353991636	857336463353991635	14869	
1	SPECTRUM	true	-1		2		0.4911309	6	2	-1 eV (corrected -1 eV)	[M + H]+	513.248	N/A	CC(=C)C(=O)OCC(COC1=CC=C(C=C1)C(C)(C)C2=CC=C(C=C2)OCC(COC(=O)C(=C)C)O)O	splash10-000f-2910000000-08bb796d5b5008e76512	Nupol 1629	public_spectra_2506:(CCMSLIB00000085424)	AMFGWXWBFGVCKG	661.337	780	12.995	857336463408517592	857336463404323287	14903	
1	SPECTRUM	true	0		2	-1 eV	0.81803495	8	2	40 eV	[M + H3N + H]+	586.316	Q-ToF (LCMS)	CC1(C2=CC=C(C=C2)OCC(COC3=CC=C(C=C3)C(C4=CC=C(C=C4)OCC(COC5=CC=C1C=C5)O)(C)C)O)C	splash10-000i-0900000000-a14892bfa52e950eb339	2,2,10,10-Tetramethyl-4,8,12,16-tetraoxa-1,3,9,11(1,4)-tetrabenzenacyclohexadecaphane-6,14-diol	public_spectra_2506:(MSBNK-NILU-NL0371)	JOECRAPIMXFQDL	493.259	780	13.004	857336463458849244	857336463458849243	14902	
1	SPECTRUM	true	11		2	-1 eV	0.8002489	9	2	45 eV	[M + H]+	194.154	Orbitrap (LCMS)	CCCCCCOC1=CC=C(C=C1)N	splash10-03dl-0900000000-8d3f27efdf9282da4880	4-hexoxyaniline	public_spectra_2506:(MSBNK-LCSB-LU057403)	DJRKHTCUXRGYEU	257.165	783	13.057	857336463517569504	857336463513375199	14945	
1	SPECTRUM	true	-1		2		0.6112884	6	2	-1 eV (corrected -1 eV)	[M + H]+	131.070	Orbitrap (LCMS)	CC1(CCOC(=O)C1)O	splash10-00xr-9400000000-6b6e730cd317b69f6be0	Prestwick_97	public_spectra_2506:(CCMSLIB00006708633)	JYVXNLLUYHCIIH	172.115	784	13.073	857336463567901156	857336463567901155	14965	
1	SPECTRUM	true	6		2	-1 eV	0.9455763	10	2	-1 eV (corrected -1 eV)	[M + H]+	350.186	Orbitrap (LCMS)	CCCCCCN1C2=CC=CC=C2C(=C1O)N=NC(=O)C3=CC=CC=C3	splash10-0pba-9500000000-94cdcd81b730888c72d7	MDA 19 (Standard)	public_spectra_2506:(BRUNGS_MCEBIO_02628)	ICNRTDOKKSWDRL	149.060	786	13.105	857336463618232808	857336463618232807	15010	
1	SPECTRUM	true	-1		2		0.97161	6	2	-1 eV (corrected -1 eV)	[M + H]+	276.098	Orbitrap (LCMS)	CC1=NC=C(N1CCOC(=O)C2=CC=CC=C2)[N+](=O)[O-]	splash10-052b-0900000000-1632da590850da47a426	Flagyl S	public_spectra_2506:(BRUNGS_MCEBIO_07462)	CUUCCLJJOWSASK	315.123	787	13.117	857336463718896112	857336463718896111	15029	
1	SPECTRUM	true	0		2	-1 eV	0.6407408	8	2	-1 eV (corrected -1 eV)	[M + H]+	210.103	Orbitrap (LCMS)	C1=CC(=CC2=NC3=C(C=CC(=C3)N)C=C21)N	splash10-00l6-0910000000-245130b4bdb17a8fcbff	Proflavin	public_spectra_2506:(BRUNGS_MCEBIO_01091)	WDVSHHCDHLJJJR	267.186	790	13.164	857336463769227764	857336463769227763	15095	
1	SPECTRUM	true	-1		2		0.6731977	6	2	-1 eV (corrected -1 eV)	[M + H3N + H]+	396.202	Orbitrap (LCMS)	CCC(C)C(=O)OC1C2C(CC(=O)C(C1(C(=O)C=CC)O)C)C(=C)C(=O)O2	splash10-0a4i-9100000000-ad555542900af32ffd0f	(3aS,6R,7S,8S,8aR)-7-((2E)-But-2-enoyl)-7-hydroxy-6-methyl-3-methylidene-2,5-dioxooctahydro-2H-cyclohepta[b]furan-8-yl 2-methylbutanoate	public_spectra_2506:(BRUNGS_NIHNP_00063)	DFGOIVFBKDWNBI	235.166	791	13.186	857336463878279676	857336463878279675	15127	
1	SPECTRUM	true	4		2	-1 eV	0.6232207	6	2	-1 eV (corrected -1 eV)	[M + H]+	131.070	Orbitrap (LCMS)	CC1(CCOC(=O)C1)O	splash10-00xr-9400000000-6b6e730cd317b69f6be0	Prestwick_97	public_spectra_2506:(CCMSLIB00010125728)	JYVXNLLUYHCIIH	172.115	795	13.255	857336463941194240	857336463941194239	15207	
1	SPECTRUM	true	25		2	-1 eV	0.9728754	6	2	-1 eV (corrected -1 eV)	[M + H]+	276.098	Orbitrap (LCMS)	CC1=NC=C(N1CCOC(=O)C2=CC=CC=C2)[N+](=O)[O-]	splash10-052b-0900000000-1632da590850da47a426	Flagyl S	public_spectra_2506:(BRUNGS_MCEBIO_07462)	CUUCCLJJOWSASK	315.123	797	13.288	857336464104772108	857336464100577803	15252	
1	SPECTRUM	true	46		2	-1 eV	0.9587187	10	2	-1 eV (corrected -1 eV)	[M + H]+	350.186	Orbitrap (LCMS)	CCCCCCN1C2=CC=CC=C2C(=C1O)N=NC(=O)C3=CC=CC=C3	splash10-0pba-9500000000-94cdcd81b730888c72d7	MDA 19 (Standard)	public_spectra_2506:(BRUNGS_MCEBIO_02628)	ICNRTDOKKSWDRL	149.060	797	13.289	857336464163492368	857336464163492367	15251	
1	SPECTRUM	true	1		2	-1 eV	0.9339657	6	2	47 eV	[M + H]+	158.027	Orbitrap (LCMS)	C1=CC=C(C=C1)S(=O)(=O)N	splash10-0udi-9000000000-f1598e6c08968c0ea4ce	benzolsulfonamid	public_spectra_2506:(MSBNK-Eawag-EQ359508)	KHBQMWCZKVMBLN	105.034	797	13.290	857336464218018324	857336464218018323	15249	
1	SPECTRUM	true	19		2	-1 eV	0.53696245	18	2	-1 eV (corrected -1 eV)	[M + H]+	305.140	Orbitrap (LCMS)	CC1=CC2=CC(=C(N=C2C=C1)C)C(=O)NN=CC3=CN=CC=C3	splash10-0a4i-0900000000-1941a442eac02290d4e8	2,6-dimethyl-N''-(3-pyridinylmethylene)-3-quinolinecarbohydrazide	public_spectra_2506:(BRUNGS_MCESCAF_02507)	QZXAQKBCLSVYCJ	277.155	799	13.309	857336464327070236	857336464327070235	15283	
1	SPECTRUM	true	0		2	-1 eV	0.6659986	14	2	-1 eV (corrected -1 eV)	[M + H]+	463.217	FTICR (LCMS)	CC1CCC=C(C(=O)OCC2(COC(C2O)OCC3C(C(C(C(O3)OCC1)O)O)O)O)C	null-null-null-null	Urceolide	public_spectra_2506:(CCMSLIB00004713677)	FSTIKTPQGMHLFJ	197.117	801	13.344	857336464385790496	857336464385790495	15331	
1	SPECTRUM	true	5		2	-1 eV	0.614896	22	2	-1 eV (corrected -1 eV)	[M + H]+	215.128	FTICR (LCMS)	CCCCC(C1CC(=CC(=O)O1)OC)O	null-null-null-null	Pestalotin	public_spectra_2506:(CCMSLIB00004691935)	YFIMUDXPJZVJJO	253.180	801	13.345	857336464436122148	857336464431927843	15329	
1	SPECTRUM	true	0		2	-1 eV	0.83381605	6	2	-1 eV (corrected -1 eV)	[M + H]+	214.217	Orbitrap (LCMS)	CCCCCCCC(=O)NCCC(C)C	splash10-03di-0290000000-1570ed1a9913538bc81c	N-(3-methylbutyl)octanamide	public_spectra_2506:(CCMSLIB00012472466)	REQCSZJUXVVNII	226.217	806	13.430	857336464536785452	857336464536785451	15430	
2	SPECTRUM	true	67		2	-1 eV	0.8435258	6	2	-1 eV (corrected -1 eV)	[M + H]+	214.217	Orbitrap (LCMS)	CCCCCCCC(=O)NCCC(C)C	splash10-03di-0290000000-1570ed1a9913538bc81c	N-(3-methylbutyl)octanamide	public_spectra_2506:(CCMSLIB00012472187)	REQCSZJUXVVNII	226.217	822	13.701	857336464696169016	857336464691974711	15683	
2	SPECTRUM	true	-1		2		0.7501101	8	2	-1 eV (corrected -1 eV)	[M + Na]+	349.235	Orbitrap (LCMS)	CC(=O)OC(CCCCCCCCCCCC#C)CC(CO)O	splash10-0002-9100000000-b8959bc199dcef66a915	Avocadyne 4-acetate	public_spectra_2506	FHGZOCAZNHYWAL	267.172	824	13.730	857336464796832320	857336464792638015	15721	
1	SPECTRUM	true	-1		2		0.7910269	6	2	-1 eV (corrected -1 eV)	[M + H]+	319.093	Orbitrap (LCMS)	CC1=CC=C(C=C1)CSCC(=O)NN=CC2=C(C=CS2)C	splash10-0a4i-1900000000-cfd599c03e2c0dcac065	2-[(4-methylbenzyl)sulfanyl]-N''-[(3-methyl-2-thienyl)methylene]acetohydrazide	public_spectra_2506:(BRUNGS_MCESCAF_01662)	HZEUBQRRTOFTQI	318.206	828	13.804	857336464897495624	857336464897495623	15817	
1	SPECTRUM	true	0		2	-1 eV	0.90316576	11	2	21 eV	[M + H]+	152.107	FTICR (LCMS)	CC(CC1=CC=C(C=C1)O)N	splash10-0a6s-9300000000-ffe62efdb5dd3fbd7400	Pedrolon	public_spectra_2506:(MSBNK-Eawag-EQ01087208)	GIKNHHRFLCDOEU	135.080	831	13.845	857336464947827276	857336464947827275	15908	
1	SPECTRUM	true	-1		2		0.64249027	7	2	-1 eV (corrected -1 eV)	[M + H]+	182.118	Orbitrap (LCMS)	COC1=CC(=C(C=C1)OC)CCN	splash10-014i-0900000000-3a78f1e2c4c8956c9ca7	2,5-Dimethoxyphenethylamine	public_spectra_2506:(CCMSLIB00004722154)	WNCUVUUEJZEATP	281.175	831	13.848	857336465002353232	857336465002353231	15880	
1	SPECTRUM	true	2		2	-1 eV	0.79107934	6	2	40 eV	[M + H3N + H]+	586.316	Q-ToF (LCMS)	CC1(C2=CC=C(C=C2)OCC(COC3=CC=C(C=C3)C(C4=CC=C(C=C4)OCC(COC5=CC=C1C=C5)O)(C)C)O)C	splash10-000i-0900000000-a14892bfa52e950eb339	2,2,10,10-Tetramethyl-4,8,12,16-tetraoxa-1,3,9,11(1,4)-tetrabenzenacyclohexadecaphane-6,14-diol	public_spectra_2506:(MSBNK-NILU-NL0371)	JOECRAPIMXFQDL	493.259	832	13.862	857336465052684884	857336465052684883	15921	
1	SPECTRUM	true	0		2	-1 eV	0.43698302	10	2	-1 eV (corrected -1 eV)	[M + H]+	333.191	FTICR (LCMS)	CC(=CCCC(C)(C=C)O)COC1C(C(C(C(O1)CO)O)O)O	null-null-null-null	Betulalbusides A	public_spectra_2506:(CCMSLIB00004699283)	WEHZDNHJZBEGME	352.097	834	13.897	857336465157542492	857336465157542491	15965	
1	SPECTRUM	true	1		2	-1 eV	0.77128255	8	2	27 eV	[M + H]+	301.180	FTICR (LCMS)	CC1=C(C(=O)CC1OC(=O)C2C(C2(C)C)C=C(C)C)CC#C	splash10-0ab9-3900000000-beb33ba12fd86f3ee4f7	Prallethrin	public_spectra_2506:(MSBNK-Eawag-EQ00321603)	SMKRKQBMYOFFMU	253.180	834	13.901	857336465203679840	857336465203679839	15955	
1	SPECTRUM	true	1		2	-1 eV	0.61113125	9	2	31 eV	[M + H]+	207.138	Orbitrap (LCMS)	CC(C)(C)C1=CC=C(C=C1)OCC2CO2	splash10-0a4i-9800000000-b6d096ec279a187d8ef2	t-Butyl phenyl glycidyl ether	public_spectra_2506:(MSBNK-Eawag-EQ01109505)	HHRACYLRBOUBKM	207.174	839	13.979	857336465367257708	857336465367257707	16046	
1	SPECTRUM	true	0		2	-1 eV	0.58973366	13	2	-1 eV (corrected -1 eV)	[M + H]+	200.107	Orbitrap (LCMS)	CC1=CC(=O)N2CCCC3=C2C1=CC=C3	splash10-0udi-1590000000-290cd4bc4213c93559a4	Oprea1_162401	public_spectra_2506:(CCMSLIB00006697667)	INLMMGKPTMPKDG	200.201	840	13.993	857336465316926056	857336465316926055	16070	
4	SPECTRUM	true	-1		2		0.5496383	18	2	-1 eV (corrected -1 eV)	[M + H]+	206.118	N/A	CC1=NCCC2=CC(=C(C=C12)OC)OC	splash10-0006-0900000000-fd635a1dd8894c112bf2	Oprea1_325770	public_spectra_2506:(CCMSLIB00000079420)	VASUQTGZAPZKFK	276.160	848	14.130	857336465476309620	857336465476309619	16264	
2	SPECTRUM	true	3		2	-1 eV	0.6276259	7	2	-1 eV (corrected -1 eV)	[M + H]+	263.128	Orbitrap (LCMS)	CC(=O)C1=CC(=C2C(=C1OC)C=CC(O2)(C)C)OC	splash10-074i-0090000000-4edc043784a3906ba071	Ethanone, 1-(5,8-dimethoxy-2,2-dimethyl-2H-1-benzopyran-6-yl)-	public_spectra_2506:(BRUNGS_NIHNP_03168)	KDHNUTVJWLXEHG	291.196	848	14.130	857336465530835576	857336465530835575	16266	
1	SPECTRUM	true	0		2	-1 eV	0.7968654	6	2	-1 eV (corrected -1 eV)	[M + H]+	319.093	Orbitrap (LCMS)	CC1=CC=C(C=C1)CSCC(=O)NN=CC2=C(C=CS2)C	splash10-0a4i-1900000000-cfd599c03e2c0dcac065	2-[(4-methylbenzyl)sulfanyl]-N''-[(3-methyl-2-thienyl)methylene]acetohydrazide	public_spectra_2506:(BRUNGS_MCESCAF_01662)	HZEUBQRRTOFTQI	318.206	849	14.156	857336465761522312	857336465761522311	16292	
2	SPECTRUM	true	6		2	-1 eV	0.63392586	6	2	-1 eV (corrected -1 eV)	[M + H]+	257.248	N/A	CC(C)CCCCCCCCCCCCC(=O)O	splash10-0a4i-9210000000-562af335eaa7e106e145	Isohexadecanoic acid	public_spectra_2506:(CCMSLIB00003134561)	ZONJATNKKGGVSU	292.285	853	14.212	857336465816048268	857336465816048267	16348	
27	SPECTRUM	true	6		2	-1 eV	0.75336593	7	2	75 eV	[M + H]+	194.154	Orbitrap (LCMS)	CCCCCCOC1=CC=C(C=C1)N	splash10-03xu-9600000000-2b02368c514db0269626	4-hexoxyaniline	public_spectra_2506:(MSBNK-LCSB-LU057405)	DJRKHTCUXRGYEU	259.181	854	14.227	857336465996403352	857336465996403351	16367	
1	SPECTRUM	true	2		2	-1 eV	0.88356674	14	2	18 eV	[M + H]+	251.047	Orbitrap (LCMS)	C1=CC=C(C=C1)OP(=O)(O)OC2=CC=CC=C2	splash10-0udi-2390000000-607557e96ba39a755904	diphenoxyphosphinic acid	public_spectra_2506:(MSBNK-CASMI_2016-SM881501)	ASMQGLCHMVWBQR	327.078	854	14.231	857336465874768528	857336465874768527	16345	
2	SPECTRUM	true	54		2	-1 eV	0.815122	7	2	-1 eV (corrected -1 eV)	[M + H]+	257.248	N/A	CC(C)CCCCCCCCCCCCC(=O)O	splash10-0a4i-9000000000-a09fdd28c64e8df18e2a	Isohexadecanoic acid	public_spectra_2506:(CCMSLIB00003139666)	ZONJATNKKGGVSU	247.227	854	14.237	857336466059317916	857336466055123611	16376	
1	SPECTRUM	true	99		2	-1 eV	0.6662701	8	2	-1 eV (corrected -1 eV)	[M + H]+	247.096	FTICR (LCMS)	CC(C)(C1CC2=C(O1)C=CC3=C2OC(=O)C=C3)O	null-null-null-null	Columbianetin	public_spectra_2506:(CCMSLIB00004695096)	YRAQEMCYCSSHJG	336.311	857	14.284	857336466126426784	857336466126426783	16424	
1	SPECTRUM	true	48		2	-1 eV	0.9722375	6	2	29 eV	[M + H]+	319.284	Orbitrap (LCMS)	CCCCCCCCCCCCOCCOCCOCCO	splash10-052r-9000000000-13bf11427c5b89b4701f	Laureth-3	public_spectra_2506:(MSBNK-Eawag-EQ01034503)	FKMHSNTVILORFA	308.280	857	14.287	857336466180952740	857336466176758435	16421	
1	SPECTRUM	true	79		2	-1 eV	0.95878506	6	2	29 eV	[M + H]+	319.284	Orbitrap (LCMS)	CCCCCCCCCCCCOCCOCCOCCO	splash10-052r-9000000000-13bf11427c5b89b4701f	Laureth-3	public_spectra_2506:(MSBNK-Eawag-EQ01034503)	FKMHSNTVILORFA	291.253	857	14.291	857336466235478696	857336466231284391	16427	
1	SPECTRUM	true	0		2	-1 eV	0.5707523	6	2	40 eV	[M + H]+	167.994	Orbitrap (LCMS)	C1=CC=C2C(=C1)NC(=S)S2	splash10-05n0-9800000000-f9f390220b974d6fe5dd	Dermacid	public_spectra_2506:(MSBNK-Eawag-EQ319007)	YXIWHUQXZSMYRE	212.053	859	14.310	857336466394862260	857336466394862259	16463	
1	SPECTRUM	true	22		2	-1 eV	0.77385527	7	2	-1 eV (corrected -1 eV)	[M + Na]+	349.235	Orbitrap (LCMS)	CC(=O)OC(CCCCCCCCCCCC#C)CC(CO)O	splash10-0002-9100000000-b8959bc199dcef66a915	Avocadyne 4-acetate	public_spectra_2506	FHGZOCAZNHYWAL	267.172	860	14.334	857336466558440128	857336466558440127	16517	
1	SPECTRUM	true	0		2	-1 eV	0.869055	16	2	18 eV	[M + H]+	251.047	Orbitrap (LCMS)	C1=CC=C(C=C1)OP(=O)(O)OC2=CC=CC=C2	splash10-0udi-2390000000-607557e96ba39a755904	diphenoxyphosphinic acid	public_spectra_2506:(MSBNK-CASMI_2016-SM881501)	ASMQGLCHMVWBQR	327.078	860	14.336	857336466453582520	857336466449388215	16423	
1	SPECTRUM	true	-1		2		0.95208746	7	2	29 eV	[M + H]+	319.284	Orbitrap (LCMS)	CCCCCCCCCCCCOCCOCCOCCO	splash10-052r-9000000000-13bf11427c5b89b4701f	Laureth-3	public_spectra_2506:(MSBNK-Eawag-EQ01034503)	FKMHSNTVILORFA	335.279	861	14.342	857336466608771780	857336466608771779	16530	
2	SPECTRUM	true	2		2	-1 eV	0.9095512	6	2	29 eV	[M + H]+	319.284	Orbitrap (LCMS)	CCCCCCCCCCCCOCCOCCOCCO	splash10-052r-9000000000-13bf11427c5b89b4701f	Laureth-3	public_spectra_2506:(MSBNK-Eawag-EQ01034503)	FKMHSNTVILORFA	352.306	861	14.343	857336466663297736	857336466663297735	16534	
1	SPECTRUM	true	0		2	-1 eV	0.75725096	14	2	-1 eV (corrected -1 eV)	[M - H4O2 + H]+	245.226	Orbitrap (LCMS)	CCCCCC=CCC=CCCCCCCCC(=O)O	splash10-05nf-9600000000-046786a3863116e168ee	Linolate	public_spectra_2506:(CCMSLIB00011428770)	OYHQOLUKZRVURQ	228.232	861	14.354	857336466717823692	857336466717823691	16558	
2	SPECTRUM	true	29		2	-1 eV	0.6524434	7	2	-1 eV (corrected -1 eV)	[M + H]+	247.096	FTICR (LCMS)	CC(C)(C1CC2=C(O1)C=CC3=C2OC(=O)C=C3)O	null-null-null-null	Columbianetin	public_spectra_2506:(CCMSLIB00004695096)	YRAQEMCYCSSHJG	380.337	861	14.355	857336466772349648	857336466768155343	16565	
1	SPECTRUM	true	4		2	-1 eV	0.93254405	6	2	29 eV	[M + H]+	319.284	Orbitrap (LCMS)	CCCCCCCCCCCCOCCOCCOCCO	splash10-052r-9000000000-13bf11427c5b89b4701f	Laureth-3	public_spectra_2506:(MSBNK-Eawag-EQ01034503)	FKMHSNTVILORFA	379.305	862	14.373	857336466822681300	857336466822681299	16597	
1	SPECTRUM	true	6		2	-1 eV	0.906599	6	2	29 eV	[M + H]+	319.284	Orbitrap (LCMS)	CCCCCCCCCCCCOCCOCCOCCO	splash10-052r-9000000000-13bf11427c5b89b4701f	Laureth-3	public_spectra_2506:(MSBNK-Eawag-EQ01034503)	FKMHSNTVILORFA	396.332	862	14.374	857336466873012952	857336466873012951	16598	
1	SPECTRUM	true	0		2	-1 eV	0.6322333	7	2	-1 eV (corrected -1 eV)	[M + K]+	285.052	FTICR (LCMS)	CC(C)(C1CC2=C(O1)C=CC3=C2OC(=O)C=C3)O	null-null-null-null	Columbianetin	public_spectra_2506:(CCMSLIB00004695093)	YRAQEMCYCSSHJG	424.363	863	14.378	857336466923344604	857336466923344603	16603	
1	SPECTRUM	true	-1		2		0.8871525	6	2	29 eV	[M + H]+	319.284	Orbitrap (LCMS)	CCCCCCCCCCCCOCCOCCOCCO	splash10-052r-9000000000-13bf11427c5b89b4701f	Laureth-3	public_spectra_2506:(MSBNK-Eawag-EQ01034503)	FKMHSNTVILORFA	423.332	863	14.380	857336466973676256	857336466973676255	16614	
1	SPECTRUM	true	0		2	-1 eV	0.84235823	6	2	19 eV	[M + H]+	319.284	Orbitrap (LCMS)	CCCCCCCCCCCCOCCOCCOCCO	splash10-000i-9200000000-cc826876131a6d2fa05d	Laureth-3	public_spectra_2506:(MSBNK-Eawag-EQ01034502)	FKMHSNTVILORFA	468.390	863	14.381	857336467032396516	857336467028202211	16609	
1	SPECTRUM	true	0		2	-1 eV	0.812214	7	2	19 eV	[M + H]+	319.284	Orbitrap (LCMS)	CCCCCCCCCCCCOCCOCCOCCO	splash10-000i-9200000000-cc826876131a6d2fa05d	Laureth-3	public_spectra_2506:(MSBNK-Eawag-EQ01034502)	FKMHSNTVILORFA	528.411	863	14.386	857336467091116776	857336467086922471	16613	
1	SPECTRUM	true	1		2	-1 eV	0.8680904	7	2	19 eV	[M + H]+	319.284	Orbitrap (LCMS)	CCCCCCCCCCCCOCCOCCOCCO	splash10-000i-9200000000-cc826876131a6d2fa05d	Laureth-3	public_spectra_2506:(MSBNK-Eawag-EQ01034502)	FKMHSNTVILORFA	440.358	863	14.387	857336467175002860	857336467170808555	16617	
1	SPECTRUM	true	3		2	-1 eV	0.84095776	7	2	19 eV	[M + H]+	319.284	Orbitrap (LCMS)	CCCCCCCCCCCCOCCOCCOCCO	splash10-000i-9200000000-cc826876131a6d2fa05d	Laureth-3	public_spectra_2506:(MSBNK-Eawag-EQ01034502)	FKMHSNTVILORFA	484.385	864	14.393	857336467225334512	857336467225334511	16631	
1	SPECTRUM	true	14		2	-1 eV	0.88858026	15	2	18 eV	[M + H]+	251.047	Orbitrap (LCMS)	C1=CC=C(C=C1)OP(=O)(O)OC2=CC=CC=C2	splash10-0udi-2390000000-607557e96ba39a755904	diphenoxyphosphinic acid	public_spectra_2506:(MSBNK-CASMI_2016-SM881501)	ASMQGLCHMVWBQR	327.078	868	14.459	857336467279860468	857336467279860467	16707	
1	SPECTRUM	true	0		2	-1 eV	0.6802031	9	2	-1 eV (corrected -1 eV)	[M + H]+	341.280	Orbitrap (LCMS)	C1CCC(CC1)NC(=O)NCCCCCCCCCCCC(=O)O	splash10-014i-7891000000-b77ac0b9a3f939af2f08	Dodecanoic acid, 12-[[(cyclohexylamino)carbonyl]amino]-	public_spectra_2506:(BRUNGS_MCEBIO_05087)	HPTJABJPZMULFH	255.243	868	14.472	857336467342775032	857336467342775031	16728	
1	SPECTRUM	true	3		2	-1 eV	0.74546385	14	2	-1 eV (corrected -1 eV)	[M - H2O + H]+	161.060	Orbitrap (LCMS)	COC1=CC=C(C=C1)C=CC(=O)O	splash10-01q9-1900000000-48db48f949f32a01964b	bmse010212	public_spectra_2506:(CCMSLIB00010121627)	AFDXODALSZRGIH	161.096	871	14.524	857336467401495292	857336467401495291	16778	
1	SPECTRUM	true	8		2	-1 eV	0.77652246	7	2	-1 eV (corrected -1 eV)	[M + H]+	698.431	Ion Trap (LCMS)	CC(=O)C1CCC2C1(CCC3C2CCC4=CC(=NOCC(=O)NCCCCCNC(=O)CCCCC5C6C(CS5)NC(=O)N6)CCC34C)C	splash10-03di-0900000000-2212dec5a191f73839ae	Progesterone 3-biotin	public_spectra_2506:(CCMSLIB00003138660)	YDTYUCKIDRPFKB	249.185	871	14.524	857336467468604160	857336467468604159	16776	
1	SPECTRUM	true	7		2	-1 eV	0.76598155	13	2	-1 eV (corrected -1 eV)	[M + H]+	147.092	Orbitrap (LCMS)	CC1=CC2=C(C=C1C)N=CN2	splash10-0002-0900000000-0698ab07801223290c26	Dimedazol	public_spectra_2506:(CCMSLIB00006118800)	LJUQGASMPRMWIW	204.138	873	14.543	857336467527324420	857336467527324419	16811	
1	SPECTRUM	true	8		2	-1 eV	0.77846825	7	2	-1 eV (corrected -1 eV)	[M + H]+	277.216	Ion Trap (LCMS)	CCCCCC#CCC#CCCCCCCCC(=O)O	splash10-03di-0900000000-3c011cef2e75ae5946db	9,12-Octadecadiynoicacid	public_spectra_2506:(CCMSLIB00003137526)	KDYILQLPKVZDGB	249.185	878	14.635	857336467590238984	857336467586044679	16990	
1	SPECTRUM	true	-1		2		0.6523184	6	2	-1 eV (corrected -1 eV)	[M + K]+	344.162	FTICR (LCMS)	CC(C)C=CCCCCC(=O)NCC1=CC(=C(C=C1)O)OC	null-null-null-null	Civamide	public_spectra_2506:(CCMSLIB00004694033)	YKPUWZUDDOIDPM	247.227	878	14.638	857336467644764940	857336467640570635	16936	
1	SPECTRUM	true	7		2	-1 eV	0.6767273	6	2	-1 eV (corrected -1 eV)	[M + H]+	247.096	FTICR (LCMS)	CC(C)(C1CC2=C(O1)C=CC3=C2OC(=O)C=C3)O	null-null-null-null	Columbianetin	public_spectra_2506:(CCMSLIB00004695096)	YRAQEMCYCSSHJG	336.311	881	14.679	857336467749622548	857336467749622547	16848	
5	SPECTRUM	true	11		2	-1 eV	0.7639936	6	2	-1 eV (corrected -1 eV)	[M + H]+	257.248	N/A	CC(C)CCCCCCCCCCCCC(=O)O	splash10-0a4i-9000000000-a09fdd28c64e8df18e2a	Isohexadecanoic acid	public_spectra_2506:(CCMSLIB00003139666)	ZONJATNKKGGVSU	291.253	881	14.682	857336467854480156	857336467854480155	17000	
3	SPECTRUM	true	2		2	-1 eV	0.9129821	7	2	19 eV	[M + H]+	319.284	Orbitrap (LCMS)	CCCCCCCCCCCCOCCOCCOCCO	splash10-000i-9200000000-cc826876131a6d2fa05d	Laureth-3	public_spectra_2506:(MSBNK-Eawag-EQ01034502)	FKMHSNTVILORFA	335.279	883	14.723	857336467909006112	857336467909006111	17069	
1	SPECTRUM	true	-1		2		0.39889163	6	2	-1 eV (corrected -1 eV)	[M + K]+	531.163	FTICR (LCMS)	CC1C(C(C(C(O1)OC2=C(C=C(C=C2)C3C(C4=C(O3)C(=CC(=C4)CCCO)O)CO)OC)O)O)O	null-null-null-null	(2S,3R,4R,5S,6S)-2-[4-[7-hydroxy-3-(hydroxymethyl)-5-(3-hydroxypropyl)-2,3-dihydro-1-benzofuran-2-yl]-2-methoxyphenoxy]-6-methyloxane-3,4,5-triol	public_spectra_2506:(CCMSLIB00004693248)	PHHIEOZUONPPQY	380.337	883	14.724	857336467959337764	857336467959337763	17073	
1	SPECTRUM	true	8		2	-1 eV	0.97238415	6	2	19 eV	[M + H]+	319.284	Orbitrap (LCMS)	CCCCCCCCCCCCOCCOCCOCCO	splash10-000i-9200000000-cc826876131a6d2fa05d	Laureth-3	public_spectra_2506:(MSBNK-Eawag-EQ01034502)	FKMHSNTVILORFA	308.280	893	14.890	857336468169052980	857336468164858675	17297	
1	SPECTRUM	true	15		2	-1 eV	0.618431	6	2	-1 eV (corrected -1 eV)	[M + K]+	285.052	FTICR (LCMS)	CC(C)(C1CC2=C(O1)C=CC3=C2OC(=O)C=C3)O	null-null-null-null	Columbianetin	public_spectra_2506:(CCMSLIB00004695093)	YRAQEMCYCSSHJG	336.311	894	14.892	857336468273910588	857336468273910587	17287	
1	SPECTRUM	true	6		2	-1 eV	0.73433816	9	2	-1 eV (corrected -1 eV)	[M + K]+	344.162	FTICR (LCMS)	CC(C)C=CCCCCC(=O)NCC1=CC(=C(C=C1)O)OC	null-null-null-null	Civamide	public_spectra_2506:(CCMSLIB00004694033)	YKPUWZUDDOIDPM	291.253	894	14.894	857336468324242240	857336468324242239	17303	
1	SPECTRUM	true	-1		2		0.9017825	6	2	19 eV	[M + H]+	319.284	Orbitrap (LCMS)	CCCCCCCCCCCCOCCOCCOCCO	splash10-000i-9200000000-cc826876131a6d2fa05d	Laureth-3	public_spectra_2506:(MSBNK-Eawag-EQ01034502)	FKMHSNTVILORFA	352.306	896	14.928	857336468374573892	857336468374573891	17356	
1	SPECTRUM	true	-1		2		0.4243114	6	2	-1 eV (corrected -1 eV)	[M + H]+	425.312	Orbitrap (LCMS)	CCCCCCCCCCCCCCCCCC(=O)N1C(C(=O)NC1=O)NC(=O)N	splash10-0002-2900000000-9b2cf0666f2dc567218d	1-(2,5-dioxoimidazolidin-4-yl)urea_Octadecanoyl chloride (Chimeric precursor selection)	public_spectra_2506:(CCMSLIB00012472260)	VJIXBGBPARMDSX	380.337	896	14.929	857336468429099848	857336468429099847	17360	
1	SPECTRUM	true	5		2	-1 eV	0.9693036	7	2	19 eV	[M + H]+	319.284	Orbitrap (LCMS)	CCCCCCCCCCCCOCCOCCOCCO	splash10-000i-9200000000-cc826876131a6d2fa05d	Laureth-3	public_spectra_2506:(MSBNK-Eawag-EQ01034502)	FKMHSNTVILORFA	335.279	896	14.929	857336468479431500	857336468479431499	17354	
1	SPECTRUM	true	-1		2		0.6329635	6	2	-1 eV (corrected -1 eV)	[M + K]+	285.052	FTICR (LCMS)	CC(C)(C1CC2=C(O1)C=CC3=C2OC(=O)C=C3)O	null-null-null-null	Columbianetin	public_spectra_2506:(CCMSLIB00004695093)	YRAQEMCYCSSHJG	424.363	897	14.954	857336468529763152	857336468529763151	17401	
1	SPECTRUM	true	-1		2		0.6684189	7	2	-1 eV (corrected -1 eV)	[M + K]+	285.052	FTICR (LCMS)	CC(C)(C1CC2=C(O1)C=CC3=C2OC(=O)C=C3)O	null-null-null-null	Columbianetin	public_spectra_2506:(CCMSLIB00004695093)	YRAQEMCYCSSHJG	396.332	897	14.954	857336468584289108	857336468584289107	17396	
1	SPECTRUM	true	-1		2		0.8162101	6	2	90 eV	[M + H]+	354.300	Orbitrap (LCMS)	CCCCCCCCC=CCCCCCCCC(=O)N(C)CC(=O)O	splash10-0aor-9000000000-ee1917d1917aa42ac418	Hamposyl O	public_spectra_2506:(MSBNK-LCSB-LU033606)	DIOYAVUHUXAUPX	269.209	900	15.006	857336468634620760	857336468634620759	17463	
1	SPECTRUM	true	35		2	-1 eV	0.68492424	6	2	-1 eV (corrected -1 eV)	[M + K]+	344.162	FTICR (LCMS)	CC(C)C=CCCCCC(=O)NCC1=CC(=C(C=C1)O)OC	null-null-null-null	Civamide	public_spectra_2506:(CCMSLIB00004694033)	YKPUWZUDDOIDPM	247.227	901	15.011	857336468689146716	857336468689146715	17468	
1	SPECTRUM	true	20		2	-1 eV	0.7661868	6	2	116 eV	[M + H]+	323.030	Orbitrap (LCMS)	CCOP(=S)(OCC)OP(=S)(OCC)OCC	splash10-03di-9000000000-3fe19718253c93b6b16e	Bladafum	public_spectra_2506:(MSBNK-Eawag-EQ01140118)	XIUROWKZWPIAIB	114.961	902	15.033	857336468806587236	857336468806587235	17494	
3	SPECTRUM	true	-1		2		0.88233507	6	2	-1 eV (corrected -1 eV)	[M + H]+	267.172	N/A	CCCCOP(=O)(OCCCC)OCCCC	splash10-0002-9000000000-d47f5a3cb90c8f4550d4	bmse000777	public_spectra_2506:(CCMSLIB00003137189)	STCOOQWBFONSKY	283.149	902	15.033	857336468865307496	857336468861113191	17496	
1	SPECTRUM	true	4		2	-1 eV	0.721867	6	2	58 eV	[M + H]+	243.064	Orbitrap (LCMS)	CCCSP(=O)(OCC)SCCC	splash10-03di-8900000000-57292e996367ca8c273e	ethoprop	public_spectra_2506:(MSBNK-Eawag-EQ365107)	VJYFKVYYMZPMAB	171.024	902	15.034	857336468924027756	857336468924027755	17500	
3	SPECTRUM	true	-1		2		0.6163984	6	2	63 eV	[M + H]+	349.934	Orbitrap (LCMS)	CCOP(=S)(OCC)OC1=NC(=C(C=C1Cl)Cl)Cl	splash10-08fs-2900000000-b9485df818d11c39fef7	Danusban	public_spectra_2506:(MSBNK-Eawag-EA295007)	SBPBAQFWLVIOKP	227.087	902	15.034	857336468974359408	857336468974359407	17505	
6	SPECTRUM	true	29		2	-1 eV	0.7359984	6	2	-1 eV (corrected -1 eV)	[M + H]+	257.248	N/A	CC(C)CCCCCCCCCCCCC(=O)O	splash10-0a4i-9000000000-a09fdd28c64e8df18e2a	Isohexadecanoic acid	public_spectra_2506:(CCMSLIB00003139666)	ZONJATNKKGGVSU	291.253	903	15.050	857336469024691060	857336469024691059	17536	
1	SPECTRUM	true	-1		2		0.6529842	6	2	-1 eV (corrected -1 eV)	[M + K]+	285.052	FTICR (LCMS)	CC(C)(C1CC2=C(O1)C=CC3=C2OC(=O)C=C3)O	null-null-null-null	Columbianetin	public_spectra_2506:(CCMSLIB00004695093)	YRAQEMCYCSSHJG	380.337	905	15.081	857336469179880320	857336469179880319	17578	
1	SPECTRUM	true	1		2	-1 eV	0.935236	6	2	29 eV	[M + H]+	319.284	Orbitrap (LCMS)	CCCCCCCCCCCCOCCOCCOCCO	splash10-052r-9000000000-13bf11427c5b89b4701f	Laureth-3	public_spectra_2506:(MSBNK-Eawag-EQ01034503)	FKMHSNTVILORFA	335.279	905	15.082	857336469230211972	857336469230211971	17583	
6	SPECTRUM	true	-1		2		0.5936121	7	2	-1 eV (corrected -1 eV)	[M + H]+	206.154	Orbitrap (LCMS)	CCCCC1=CC(=C(C=C1)NC(=O)C)C	splash10-0a4i-2940000000-05ea19ca5b0802b4d476	Maybridge1_000068	public_spectra_2506:(BRUNGS_MCEBIO_04511)	ZFVMECVBUGMWIX	277.180	906	15.106	857336469339263884	857336469339263883	17673	
1	SPECTRUM	true	-1		2		0.6894607	9	2	45 eV	[M + H]+	274.274	Orbitrap (LCMS)	CCCCCCCCCCCCN(CCO)CCO	splash10-05fr-9370000000-07245eb0f79c6ebb8c3c	Lauryldiethanolamine	public_spectra_2506:(MSBNK-LCSB-LU030803)	NKFNBVMJTSYZDV	258.243	908	15.131	857336469393789840	857336469389595535	17657	
1	SPECTRUM	true	1		2	-1 eV	0.9335348	6	2	-1 eV (corrected -1 eV)	[M + H]+	391.284	N/A	CCCCCCCCOC(=O)C1=CC=CC=C1C(=O)OCCCCCCCC	splash10-0002-1900000000-479655a0b89595a9cb1b	Dinopol NOP	public_spectra_2506:(CCMSLIB00003139668)	MQIUGAXCHLFZKX	293.175	912	15.204	857336469494453144	857336469494453143	17760	
3	SPECTRUM	true	0		2	-1 eV	0.6946907	6	2	40 eV	[M + H3N + H]+	586.316	Q-ToF (LCMS)	CC1(C2=CC=C(C=C2)OCC(COC3=CC=C(C=C3)C(C4=CC=C(C=C4)OCC(COC5=CC=C1C=C5)O)(C)C)O)C	splash10-000i-0900000000-a14892bfa52e950eb339	2,2,10,10-Tetramethyl-4,8,12,16-tetraoxa-1,3,9,11(1,4)-tetrabenzenacyclohexadecaphane-6,14-diol	public_spectra_2506:(MSBNK-NILU-NL0371)	JOECRAPIMXFQDL	464.207	916	15.263	857336469548979100	857336469548979099	17810	
1	SPECTRUM	true	0		2	-1 eV	0.8178783	12	2	40 eV	[M + H]+	327.078	Q-ToF (LCMS)	C1=CC=C(C=C1)OP(=O)(OC2=CC=CC=C2)OC3=CC=CC=C3	splash10-0fb9-9820000000-2983aa82c155cba64bcf	Reofos TPP	public_spectra_2506:(MSBNK-Antwerp_Univ-AN118308)	XZZNDPSIHUTMOC	341.094	916	15.275	857336469607699360	857336469603505055	17819	
1	SPECTRUM	true	-1		2		0.7366275	31	2	-1 eV (corrected -1 eV)	[M + H]+	234.149	Orbitrap (LCMS)	CCC(=O)NC1CCC2=C(C1)C(=CC=C2)OC	splash10-03di-2900000000-911e51b7f90f6f233a34	Tocris-1035	public_spectra_2506:(BRUNGS_MCEBIO_06444)	RVIGBTUDFAGRTQ	203.107	920	15.330	857336469666419620	857336469666419619	17899	
1	SPECTRUM	true	8		2	-1 eV	0.80643195	20	2	90 eV	[M + H]+	147.080	Orbitrap (LCMS)	CC(=O)C=CC1=CC=CC=C1	splash10-00kf-9700000000-7635dca462202bafddcb	ACMC-20aplv	public_spectra_2506:(MSBNK-LCSB-LU122406)	BWHOZHOGCMHOBV	161.096	920	15.331	857336469729334184	857336469729334183	17902	
3	SPECTRUM	true	32		2	-1 eV	0.66060275	6	2	-1 eV (corrected -1 eV)	[M + H]+	398.186	Orbitrap (LCMS)	CC(C)(C)C1=CC=C(C=C1)C2=NC3=CC=CC=C3C(=N2)NC4=CC=C(C=C4)C(=O)O	splash10-000t-0009000000-02b2c2dc49faf7b821dd	Neuro1_000611	public_spectra_2506:(CCMSLIB00006698030)	ZNSUGEQEFLIXSX	262.144	920	15.332	857336469788054444	857336469788054443	17904	
2	SPECTRUM	true	32		2	-1 eV	0.6849528	6	2	-1 eV (corrected -1 eV)	[M + H]+	176.107	Orbitrap (LCMS)	CC(=O)N1CCC2=CC=CC=C2C1	splash10-0059-0900000000-997e22eb64a4851a75c7	2-Acetyl-1,2,3,4-tetrahydroisoquinoline	public_spectra_2506:(CCMSLIB00006690560)	JBPPSLURCSFQDH	277.180	920	15.333	857336469850969008	857336469850969007	17901	
5	SPECTRUM	true	5		2	-1 eV	0.86151016	21	2	-1 eV (corrected -1 eV)	[M - H2O + H]+	263.237	Orbitrap (LCMS)	CCCCCC=CCC=CCCCCCCCC(=O)O	splash10-0apm-9300000000-70cabf06fa277d823352	Linolate	public_spectra_2506:(CCMSLIB00011428768)	OYHQOLUKZRVURQ	251.201	923	15.391	857336469909689268	857336469909689267	17985	
1	SPECTRUM	true	1		2	-1 eV	0.95100576	6	2	45 eV	[M + H]+	391.284	Q-ToF (LCMS)	CCCCC(CC)COC(=O)C1=CC=CC=C1C(=O)OCC(CC)CCCC	splash10-0002-2900000000-13042b445a95fc64f522	Fleximel	public_spectra_2506:(MSBNK-Antwerp_Univ-AN112909)	BJQHLKABXJIVAM	293.175	927	15.446	857336470014546876	857336470014546875	18062	
1	SPECTRUM	true	-1		2		0.6112933	6	2	-1 eV (corrected -1 eV)	[M + H]+	280.154	Orbitrap (LCMS)	CC1=C(C(=CC=C1)C)OCC(C)NC(=O)CCC(=O)O	splash10-0ab9-9500000000-6a86a02623b03493f4a9	4-{[1-(2,6-dimethylphenoxy)propan-2-yl]amino}-4-oxobutanoic acid	public_spectra_2506	VLGUKBMOYDQZNE	313.143	927	15.453	857336470069072832	857336470064878527	18030	
1	SPECTRUM	true	1		2	-1 eV	0.91278154	16	2	-1 eV (corrected -1 eV)	[M + H]+	388.394	Orbitrap (LCMS)	CC(C)CCCC(C)C1CCC2C1(CCC3C2CCC4C3(CCC(C4)N)C)C	splash10-05o1-9400000000-01d89d4e70dd8a2db219	NCIStruc1_001203	public_spectra_2506:(BRUNGS_MCEBIO_07883)	RJNGJYWAIUJHOJ	269.248	929	15.486	857336470119404484	857336470119404483	18098	
1	SPECTRUM	true	-1		2		0.85949206	6	2	-1 eV (corrected -1 eV)	[M + H]+	285.336	Orbitrap (LCMS)	CCCCCCCCCCCCCCCC[N+](C)(C)C	splash10-03di-9000000000-fcf9281c343a4157f79e	bmse000717	public_spectra_2506:(BRUNGS_MCEBIO_00658)	RLGQACBPNDBWTB	312.362	930	15.498	857336470169736136	857336470169736135	18109	
1	SPECTRUM	true	-1		2		0.425294	6	2	-1 eV (corrected -1 eV)	[M + H]+	302.132	Orbitrap (LCMS)	CC1=C(SC(=N1)NC(=O)C2=CC=CC=C2)CN3CCCC3	splash10-0a4i-3900000000-84a03ed7363294947fd4	N-(4-methyl-5-(pyrrolidin-1-ylmethyl)thiazol-2-yl)benzamide	public_spectra_2506:(BRUNGS_MCESCAF_03119)	SRDIGHLCXDRFQS	396.086	934	15.572	857336470224262092	857336470224262091	18283	
1	SPECTRUM	true	-1		2		0.89282537	6	2	62 eV	[M + H]+	172.043	Orbitrap (LCMS)	CC1=CC=C(C=C1)S(=O)(=O)N	splash10-014i-9000000000-5b0dba361fae3f6a9c45	Tosylamide	public_spectra_2506:(MSBNK-Eawag-EQ361809)	LMYRWZFENFIFIT	91.054	936	15.595	857336470329119700	857336470329119699	18299	
2	SPECTRUM	true	24		2	-1 eV	0.625021	6	2	-1 eV (corrected -1 eV)	[M + H]+	280.154	Orbitrap (LCMS)	CC1=C(C(=CC=C1)C)OCC(C)NC(=O)CCC(=O)O	splash10-0ab9-9500000000-6a86a02623b03493f4a9	4-{[1-(2,6-dimethylphenoxy)propan-2-yl]amino}-4-oxobutanoic acid	public_spectra_2506	VLGUKBMOYDQZNE	313.143	936	15.597	857336470559806424	857336470555612119	18301	
9	SPECTRUM	true	-1		2		0.69078547	22	2	-1 eV (corrected -1 eV)	[M - H2O + H]+	213.127	Orbitrap (LCMS)	C=C1CCC2C(C3C1CCC3=C)OC(=O)C2=C	splash10-07c5-0910000000-1fe6c0f39de8f01849fc	Ambotz477-43-0	public_spectra_2506:(CCMSLIB00006706221)	NETSQGRTUNRXEO	273.185	943	15.722	857336470677246944	857336470677246943	18470	
1	SPECTRUM	true	-1		2		0.5829711	6	2	20 eV	[M + H]+	171.138	Q-ToF (LCMS)	CCCCC1CCCCC(=O)O1	splash10-0aor-9100000000-6618f0a8ac071d124233	|A-Decalactone	public_spectra_2506:(MSBNK-EPA-ENTACT_AGILENT000495)	YKVIWISPFDZYOW	383.204	950	15.839	857336470731772900	857336470727578595	18592	
3	SPECTRUM	true	1		2	-1 eV	0.9133884	7	2	60 eV	[M + H]+	403.233	Orbitrap (LCMS)	CCCCOC(=O)CC(CC(=O)OCCCC)(C(=O)OCCCC)OC(=O)C	splash10-004i-3900000000-89659d8da8fccf416860	Blo-trol	public_spectra_2506:(MSBNK-LCSB-LU052304)	QZCLKYGREBVARF	361.222	951	15.842	857336470782104552	857336470782104551	18603	
3	SPECTRUM	true	-1		2		0.7902838	6	2	19 eV	[M + H]+	319.284	Orbitrap (LCMS)	CCCCCCCCCCCCOCCOCCOCCO	splash10-000i-9200000000-cc826876131a6d2fa05d	Laureth-3	public_spectra_2506:(MSBNK-Eawag-EQ01034502)	FKMHSNTVILORFA	305.269	960	15.996	857336470937293812	857336470933099507	18791	
1	SPECTRUM	true	0		2	-1 eV	0.8629749	9	2	-1 eV (corrected -1 eV)	[M + H]+	347.139	Orbitrap (LCMS)	CC1=C(C=C(C=C1)C(=O)C(C2=CC=CC=C2)OC(=O)C3=NC=CN=C3)C	splash10-00lr-0900000000-a66dbd70d7659d883c9c	2-(3,4-dimethylphenyl)-2-oxo-1-phenylethyl 2-pyrazinecarboxylate	public_spectra_2506:(BRUNGS_MCESCAF_04136)	NOEFYEQSZJCHKO	223.112	960	16.001	857336471042151420	857336471042151419	18811	
2	SPECTRUM	true	-1		2		0.6705719	6	2	-1 eV (corrected -1 eV)	[M + K]+	344.162	FTICR (LCMS)	CC(C)C=CCCCCC(=O)NCC1=CC(=C(C=C1)O)OC	null-null-null-null	Civamide	public_spectra_2506:(CCMSLIB00004694033)	YKPUWZUDDOIDPM	261.243	971	16.182	857336471092483072	857336471092483071	19072	
3	SPECTRUM	true	-1		2		0.7250171	6	2	-1 eV (corrected -1 eV)	[M + H]+	257.248	N/A	CC(C)CCCCCCCCCCCCC(=O)O	splash10-0a4i-9000000000-a09fdd28c64e8df18e2a	Isohexadecanoic acid	public_spectra_2506:(CCMSLIB00003139666)	ZONJATNKKGGVSU	305.269	972	16.197	857336471142814724	857336471142814723	19117	
1	SPECTRUM	true	0		2	-1 eV	0.69997424	6	2	-1 eV (corrected -1 eV)	[M + H]+	301.128	FTICR (LCMS)	C1=CC(=CC=C1CCOC2C(C(C(C(O2)CO)O)O)O)O	null-null-null-null	Rhodosin	public_spectra_2506:(CCMSLIB00004694809)	ILRCGYURZSFMEG	441.295	973	16.214	857336471247672332	857336471247672331	19173	
3	SPECTRUM	true	1		2	-1 eV	0.75964534	6	2	-1 eV (corrected -1 eV)	[M + H]+	459.280	N/A	C(COCCOCCOCCOCCOCCOCCOCCOCCOCCO)O	splash10-0019-9600000000-64cd347fe8e46b4cc0c5	Polyoxyethylene (10)	public_spectra_2506:(CCMSLIB00003135910)	DTPCFIHYWYONMD	854.583	975	16.252	857336471323169808	857336471318975503	19215	
5	SPECTRUM	true	2		2	-1 eV	0.7297826	6	2	-1 eV (corrected -1 eV)	[M + H]+	459.280	N/A	C(COCCOCCOCCOCCOCCOCCOCCOCCOCCO)O	splash10-0019-9600000000-64cd347fe8e46b4cc0c5	Polyoxyethylene (10)	public_spectra_2506:(CCMSLIB00003135910)	DTPCFIHYWYONMD	810.557	977	16.291	857336471373501460	857336471373501459	19283	
1	SPECTRUM	true	-1		2		0.64257145	10	2	20 eV	[M + H]+	244.227	Orbitrap (LCMS)	CCCCCCCCCCCC(=O)NCCO	splash10-03fr-9130000000-622471257a8f6606895b	Copramyl	public_spectra_2506:(MSBNK-UFZ-UP000055)	QZXSMBBFBXPQHI	333.264	978	16.296	857336471474164764	857336471474164763	19292	
1	SPECTRUM	true	11		2	-1 eV	0.7316505	11	2	-1 eV (corrected -1 eV)	[M - H2O + H]+	267.268	Orbitrap (LCMS)	CCCCCCCCCCCCCCCCCC(=O)O	splash10-0awa-9000000000-d2578078d679088f9993	Stearate	public_spectra_2506:(CCMSLIB00010125870)	QIQXTHQIDYTFRH	289.237	979	16.321	857336471532885024	857336471532885023	19322	
1	SPECTRUM	true	2		2	-1 eV	0.79639834	9	2	-1 eV (corrected -1 eV)	[M + Na]+	447.199	FTICR (LCMS)	CC(C)CC(=O)OCC1=COC(C2C1CC(C23CO3)OC(=O)C)OC(=O)CC(C)C	null-null-null-null	Didrovaltrat	public_spectra_2506:(CCMSLIB00004692881)	PHHROXLDZHUIGO	311.219	979	16.322	857336471587410980	857336471587410979	19314	
1	SPECTRUM	true	16		2	-1 eV	0.79981965	9	2	46 eV	[M + H]+	307.263	Orbitrap (LCMS)	CCC=CCC=CCC=CCCCCCCCCCC(=O)O	splash10-0159-9000000000-642c58d17ed6c7aadffc	Icosatrienoic acid	public_spectra_2506:(MSBNK-Eawag-EQ01142705)	AHANXAKGNAKFSK	228.204	980	16.329	857336471650325544	857336471650325543	19312	
4	SPECTRUM	true	0		2	-1 eV	0.75661373	8	2	-1 eV (corrected -1 eV)	[M + H]+	503.306	N/A	C(COCCOCCOCCOCCOCCOCCOCCOCCOCCOCCO)O	splash10-001r-6900010000-1754a9999dad3e2f1b53	Undecaethylene glycol	public_spectra_2506:(CCMSLIB00003136774)	PSVXZQVXSXSQRO	749.504	980	16.331	857336471704851500	857336471704851499	19333	
1	SPECTRUM	true	14		2	-1 eV	0.9181946	7	2	-1 eV (corrected -1 eV)	[M - H2O + H]+	239.237	Orbitrap (LCMS)	CCCCCCCCCCCCCCCC(=O)O	splash10-0a4i-9000000000-35f8ac4eda4e54fbda82	Cetylate	public_spectra_2506:(CCMSLIB00011428811)	IPCSVZSSVZVIGE	227.201	981	16.348	857336471763571760	857336471763571759	19437	
1	SPECTRUM	true	7		2	-1 eV	0.91012216	14	2	56 eV	[M + H]+	311.258	Orbitrap (LCMS)	CC(C)OC(=O)C=C(C)C=CCC(C)CCCC(C)(C)OC	splash10-0aru-9100000000-10dea44110acbacc79d6	Juvemon	public_spectra_2506:(MSBNK-Eawag-EQ01094906)	NFGXHKASABOEEW	313.274	981	16.353	857336471813903412	857336471813903411	19366	
7	SPECTRUM	true	2		2	-1 eV	0.6930798	19	2	60 eV	[M + H]+	327.078	Orbitrap (LCMS)	C1=CC=C(C=C1)OP(=O)(OC2=CC=CC=C2)OC3=CC=CC=C3	splash10-0udi-5930000000-53ec5fbd453eace875fa	Reofos TPP	public_spectra_2506:(MSBNK-LCSB-LU049104)	XZZNDPSIHUTMOC	369.125	994	16.558	857336471918761020	857336471918761019	19614	
1	SPECTRUM	true	1		2	-1 eV	0.64917165	6	2	-1 eV (corrected -1 eV)	[M + H]+	278.211	Orbitrap (LCMS)	CCCCCCCCC(=O)NCCC1=CC=C(C=C1)O	splash10-00di-2910000000-9fab92731331f68f32c8	Nonanamide, N-[2-(4-hydroxyphenyl)ethyl]-	public_spectra_2506:(CCMSLIB00012472026)	HGAPHXWPANIZBB	370.295	997	16.615	857336471969092672	857336471969092671	19701	
1	SPECTRUM	true	2		2	-1 eV	0.67517334	6	2	29 eV	[M + H]+	319.284	Orbitrap (LCMS)	CCCCCCCCCCCCOCCOCCOCCO	splash10-052r-9000000000-13bf11427c5b89b4701f	Laureth-3	public_spectra_2506:(MSBNK-Eawag-EQ01034503)	FKMHSNTVILORFA	397.295	997	16.616	857336472015230020	857336472015230019	19695	
1	SPECTRUM	true	0		2	-1 eV	0.6243225	10	2	-1 eV (corrected -1 eV)	[M + H]+	301.128	FTICR (LCMS)	C1=CC(=CC=C1CCOC2C(C(C(C(O2)CO)O)O)O)O	null-null-null-null	Rhodosin	public_spectra_2506:(CCMSLIB00004694809)	ILRCGYURZSFMEG	414.321	997	16.620	857336472061367368	857336472061367367	19702	
2	SPECTRUM	true	-1		2		0.85293174	6	2	-1 eV (corrected -1 eV)	[M + H]+	391.284	Orbitrap (LCMS)	CCCCC(CC)COC(=O)C1=CC=CC=C1C(=O)OCC(CC)CCCC	splash10-0002-1900000000-991967733764c046b6fd	Fleximel	public_spectra_2506:(CCMSLIB00010120445)	BJQHLKABXJIVAM	349.201	1008	16.807	857336472111699020	857336472111699019	19916	
3	SPECTRUM	true	0		2	-1 eV	0.64883065	7	2	-1 eV (corrected -1 eV)	[M + H]+	198.128	N/A	C1=CC=C(C=C1)CNCC2=CC=CC=C2	splash10-0006-9400000000-42d8a855a842c6e4650b	Bibenzylamine	public_spectra_2506:(CCMSLIB00003139088)	BWLUMTFWVZZZND	369.125	1009	16.812	857336472157836368	857336472157836367	19920	
1	SPECTRUM	true	14		2	-1 eV	0.7750461	6	2	116 eV	[M + H]+	323.030	Orbitrap (LCMS)	CCOP(=S)(OCC)OP(=S)(OCC)OCC	splash10-03di-9000000000-3fe19718253c93b6b16e	Bladafum	public_spectra_2506:(MSBNK-Eawag-EQ01140118)	XIUROWKZWPIAIB	114.961	1016	16.931	857336472212362324	857336472212362323	20080	
2	SPECTRUM	true	-1		2		0.7089264	9	2	-1 eV (corrected -1 eV)	[M + H]+	347.258	Orbitrap (LCMS)	CCCCCCC=CCCCCCCCC1=C(C(=CC=C1)O)C(=O)O	splash10-0udi-0902000000-fba70cbb2be0a492bcae	Ginkgoic acid	public_spectra_2506:(CCMSLIB00011427949)	YXHVCZZLWZYHSA	311.180	1016	16.937	857336472317219932	857336472317219931	20092	
1	SPECTRUM	true	2		2	-1 eV	0.66715467	11	2	90 eV	[M + H]+	356.178	Orbitrap (LCMS)	COC1=CC=CC(=C1)C2=C(C=C(C=C2)C=CCN3CCCCCC3)Cl	splash10-004i-0920000000-0f17f68e1341c6da651a	1-[3-(2-Chloro-3'-methoxy[1,1'-biphenyl]-4-yl)prop-2-en-1-yl]azepane	public_spectra_2506:(MSBNK-LCSB-LU110306)	ZDPINFKDQWCRTF	237.127	1017	16.956	857336472367551584	857336472367551583	20119	
3	SPECTRUM	true	0		2	-1 eV	0.7851031	8	2	19 eV	[M + H]+	319.284	Orbitrap (LCMS)	CCCCCCCCCCCCOCCOCCOCCO	splash10-000i-9200000000-cc826876131a6d2fa05d	Laureth-3	public_spectra_2506:(MSBNK-Eawag-EQ01034502)	FKMHSNTVILORFA	715.520	1019	16.978	857336472468214888	857336472468214887	20148	
2	SPECTRUM	true	-1		2		0.76763177	7	2	40 eV	[M + H]+	201.091	Q-ToF (LCMS)	C1=CC=C(C(=C1)CC2=CC=C(C=C2)O)O	splash10-00di-9020000000-3afd141840b6e352b5bf	2,4''-Bisphenol F	public_spectra_2506:(MSBNK-NILU-NL0349)	LVLNPXCISNPHLE	289.274	1024	17.064	857336472518546540	857336472518546539	20281	
2	SPECTRUM	true	-1		2		0.6514676	6	2	75 eV	[M + H]+	285.290	Orbitrap (LCMS)	CCCCCCCCCCCC(=O)NCCCN(C)C	splash10-0a4i-9000000000-9c482d240cb0a0f8b657	Lexamine L 13	public_spectra_2506:(MSBNK-LCSB-LU071405)	TWMFGCHRALXDAR	319.284	1024	17.075	857336472577266800	857336472573072495	20296	
1	SPECTRUM	true	-1		2		0.64462066	6	2	-1 eV (corrected -1 eV)	[M + H]+	318.300	N/A	CCCCCCCCCCCCCCC(C(C(CO)N)O)O	splash10-03di-9010000000-4606a80e9a3b96aa649c	phytosphingosine	public_spectra_2506:(CCMSLIB00003139655)	AERBNCYCJBRYDG	229.236	1028	17.126	857336472627598452	857336472627598451	20360	
1	SPECTRUM	true	31		2	-1 eV	0.8223908	6	2	60 eV	[M + H]+	254.248	Orbitrap (LCMS)	CCCCCCCCCCCCN1CCCC1=O	splash10-000i-9000000000-13976b603f9070892670	Lauryl pyrrolidone	public_spectra_2506:(MSBNK-LCSB-LU015304)	NJPQAIBZIHNJDO	228.232	1028	17.127	857336472682124408	857336472682124407	20352	
1	SPECTRUM	true	9		2	-1 eV	0.9637165	8	2	60 eV	[M + H]+	403.233	Orbitrap (LCMS)	CCCCOC(=O)CC(CC(=O)OCCCC)(C(=O)OCCCC)OC(=O)C	splash10-004i-3900000000-89659d8da8fccf416860	Blo-trol	public_spectra_2506:(MSBNK-LCSB-LU052304)	QZCLKYGREBVARF	329.159	1029	17.156	857336472736650364	857336472736650363	20412	
1	SPECTRUM	true	20		2	-1 eV	0.956886	10	2	10 eV	[M + H]+	403.233	Q-ToF (LCMS)	CCCCOC(=O)CC(CC(=O)OCCCC)(C(=O)OCCCC)OC(=O)C	splash10-0550-0920000000-38f7cff96a6dc9d44f58	Blo-trol	public_spectra_2506:(MSBNK-Antwerp_Univ-AN111302)	QZCLKYGREBVARF	448.291	1029	17.156	857336472786982016	857336472786982015	20399	
2	SPECTRUM	true	26		2	-1 eV	0.5098784	6	2	-1 eV (corrected -1 eV)	[M + H]+	357.170	FTICR (LCMS)	CC(=O)OC(C)(C)C1CC2=C(O1)C=C3C(=C2)C=C(C(=O)O3)C(C)(C)C=C	null-null-null-null	Rutamarin	public_spectra_2506:(CCMSLIB00004700517)	AWMHMGFGCLBSAY	425.215	1029	17.157	857336472845702276	857336472845702275	20414	
7	SPECTRUM	true	2		2	-1 eV	0.9086707	7	2	60 eV	[M + H]+	403.233	Orbitrap (LCMS)	CCCCOC(=O)CC(CC(=O)OCCCC)(C(=O)OCCCC)OC(=O)C	splash10-004i-3900000000-89659d8da8fccf416860	Blo-trol	public_spectra_2506:(MSBNK-LCSB-LU052304)	QZCLKYGREBVARF	361.222	1029	17.157	857336472896033928	857336472896033927	20422	
1	SPECTRUM	true	53		2	-1 eV	0.92405075	7	2	20 eV	[M + H]+	361.222	Q-ToF (LCMS)	CCCCOC(=O)CC(CC(=O)OCCCC)(C(=O)OCCCC)O	splash10-004i-0900000000-65c74454ce3eb46dd744	Citroflex 4	public_spectra_2506:(MSBNK-EPA-ENTACT_AGILENT000551)	ZFOZVQLOBQUTQQ	403.233	1029	17.158	857336472950559884	857336472950559883	20420	
1	SPECTRUM	true	23		2	-1 eV	0.7949255	10	2	-1 eV (corrected -1 eV)	[M - H2O + H]+	267.268	Orbitrap (LCMS)	CCCCCCCCCCCCCCCCCC(=O)O	splash10-0awa-9000000000-d2578078d679088f9993	Stearate	public_spectra_2506:(CCMSLIB00006708775)	QIQXTHQIDYTFRH	289.274	1034	17.230	857336473063806100	857336473063806099	20500	
1	SPECTRUM	true	8		2	-1 eV	0.8642149	9	2	-1 eV (corrected -1 eV)	[M + H]+	256.263	N/A	CCCCCCCCCCCCCCCC(=O)N	splash10-0a4i-4190000000-0e9b5465f1d2622377fc	Amide 16	public_spectra_2506:(CCMSLIB00003135927)	HSEMFIZWXHQJAE	242.248	1035	17.255	857336473118332056	857336473114137751	20545	
4	SPECTRUM	true	-1		2		0.8930797	6	2	-1 eV (corrected -1 eV)	[M + H]+	267.172	N/A	CCCCOP(=O)(OCCCC)OCCCC	splash10-0002-9000000000-d47f5a3cb90c8f4550d4	bmse000777	public_spectra_2506:(CCMSLIB00003137189)	STCOOQWBFONSKY	323.235	1049	17.476	857336473214801056	857336473214801055	20856	
1	SPECTRUM	true	-1		2		0.82362884	8	2	37 eV	[M + H]+	307.263	Orbitrap (LCMS)	CCC=CCC=CCC=CCCCCCCCCCC(=O)O	splash10-015a-9100000000-f61a8b53f333efbbca51	Icosatrienoic acid	public_spectra_2506:(MSBNK-Eawag-EQ01142704)	AHANXAKGNAKFSK	285.242	1049	17.479	857336473265132708	857336473265132707	20859	
1	SPECTRUM	true	6		2	-1 eV	0.7538107	6	2	32 eV	[M + H]+	134.071	Orbitrap (LCMS)	CN1C2=CC=CC=C2N=N1	splash10-054k-9200000000-cf9d1981f8aa9dd33446	Cobratec TT 100	public_spectra_2506:(MSBNK-Eawag-EQ279807)	HXQHRUJXQJEGER	223.097	1052	17.540	857336473315464360	857336473315464359	20933	
1	SPECTRUM	true	2		2	-1 eV	0.807467	7	2	-1 eV (corrected -1 eV)	[M + H]+	468.420	Ion Trap (LCMS)	CCCCCCCCCCCC(=O)NCC1(CCCC2(C1CCC3=C2C=CC(=C3)C(C)C)C)C	splash10-0udi-1290000000-49b9b142bf22f1664b1d	Lauric acid leelamide	public_spectra_2506:(CCMSLIB00003134633)	ZJZPELRZWMRYGW	256.264	1056	17.603	857336473361601708	857336473361601707	21087	
1	SPECTRUM	true	6		2	-1 eV	0.79087275	8	2	-1 eV (corrected -1 eV)	[M - H2O + H]+	267.268	Orbitrap (LCMS)	CCCCCCCCCCCCCCCCCC(=O)O	splash10-0awa-9000000000-d2578078d679088f9993	Stearate	public_spectra_2506:(CCMSLIB00010125870)	QIQXTHQIDYTFRH	289.274	1058	17.630	857336473416127664	857336473411933359	21028	
1	SPECTRUM	true	0		2	-1 eV	0.8170335	7	2	20 eV	[M + H]+	269.201	Q-ToF (LCMS)	CC(C)CC(C)N(C1=CC=CC=C1)C2=CC=C(C=C2)N	splash10-001i-0910000000-f3c389f3588fb33f954a	N-(1,3-Dimethylbutyl)-N-phenylbenzene-1,4-diamine	public_spectra_2506:(MSBNK-EPA-ENTACT_AGILENT000350)	KZTCAXCBXSIQSS	466.162	1065	17.749	857336473462265012	857336473462265011	21192	
1	SPECTRUM	true	-1		2		0.5315515	12	2	60 eV	[M + H]+	367.994	Orbitrap (LCMS)	CCOP(=S)(OCC)SCN1C2=C(C=C(C=C2)Cl)OC1=O	splash10-067i-9200000000-807f26e63340095f4783	Benzphos	public_spectra_2506:(MSBNK-LCSB-LU017504)	IOUNQDKNJZEDEP	325.196	1068	17.801	857336473554539708	857336473554539707	21265	
1	SPECTRUM	true	-1		2		0.87088084	12	2	-1 eV (corrected -1 eV)	[M + H]+	889.500	Orbitrap (LCMS)	CC(CCCCCC(CCCCCCCCCCCC(CC(=O)OC)OC1C(C(C(C(O1)CO)O)O)O)OC2C(C(C(C(O2)CO)O)O)O)OC3C(C(C(C(O3)CO)O)O)O	splash10-05o1-9300000000-96d8448a9397ca8eb363	Compound NP-016090	public_spectra_2506:(BRUNGS_NIHNP_00456)	BKEFKSNTAPNAHR	285.242	1071	17.858	857336473651008708	857336473651008707	21327	
1	SPECTRUM	true	4		2	-1 eV	0.7885752	6	2	-1 eV (corrected -1 eV)	[M + H]+	468.420	Ion Trap (LCMS)	CCCCCCCCCCCC(=O)NCC1(CCCC2(C1CCC3=C2C=CC(=C3)C(C)C)C)C	splash10-0udi-1290000000-49b9b142bf22f1664b1d	Lauric acid leelamide	public_spectra_2506:(CCMSLIB00003134633)	ZJZPELRZWMRYGW	282.279	1073	17.882	857336473697146056	857336473697146055	21354	
1	SPECTRUM	true	-1		2		0.6683224	6	2	20 eV	[M + H]+	357.300	Q-ToF (LCMS)	CCCCCCOC(=O)CCCCCCCC(=O)OCCCCCC	splash10-00fr-4900000000-4b626b0f7dfc08943cdb	Plastolein 9050	public_spectra_2506:(MSBNK-EPA-ENTACT_AGILENT000096)	MJOKHGMXPJXFTG	343.212	1075	17.911	857336473793615056	857336473789420751	21390	
1	SPECTRUM	true	-1		2		0.81781965	6	2	-1 eV (corrected -1 eV)	[M + H]+	279.232	Orbitrap (LCMS)	CCCCCC=CCC=CCC=CCCCCC(=O)O	splash10-0002-0900000000-341dadc57def129f7ede	Viacutan	public_spectra_2506:(CCMSLIB00013576564)	VZCCETWTMQHEPK	398.233	1080	17.996	857336473835558100	857336473835558099	21504	
2	SPECTRUM	true	1		2	-1 eV	0.7269117	6	2	-1 eV (corrected -1 eV)	[M + K]+	344.162	FTICR (LCMS)	CC(C)C=CCCCCC(=O)NCC1=CC(=C(C=C1)O)OC	null-null-null-null	Civamide	public_spectra_2506:(CCMSLIB00004694033)	YKPUWZUDDOIDPM	289.274	1082	18.039	857336473885889752	857336473885889751	21571	
1	SPECTRUM	true	0		2	-1 eV	0.9230069	13	2	38 eV	[M + H]+	237.221	Orbitrap (LCMS)	C1CCCCCC(=O)CCCC=CCCCC1	splash10-067j-9000000000-a0fde8b466a36908ccb5	5-Cyclohexadecenone	public_spectra_2506:(MSBNK-UFZ-WANA2456237762PH)	ABRIMXGLNHCLIP	285.243	1082	18.041	857336473932027100	857336473932027099	21590	
1	SPECTRUM	true	-1		2		0.49996722	6	2	-1 eV (corrected -1 eV)	[M + H]+	359.316	N/A	CCCCCCCCCCCCCCCCCC(=O)OCC(CO)O	splash10-0ac1-9200000000-44419fce608c85ad258a	Sandin EU	public_spectra_2506:(CCMSLIB00003135610)	VBICKXHEKHSIBG	378.358	1086	18.103	857336473978164448	857336473978164447	21662	
1	SPECTRUM	true	2		2	-1 eV	0.8689158	6	2	29 eV	[M + H]+	319.284	Orbitrap (LCMS)	CCCCCCCCCCCCOCCOCCOCCO	splash10-052r-9000000000-13bf11427c5b89b4701f	Laureth-3	public_spectra_2506:(MSBNK-Eawag-EQ01034503)	FKMHSNTVILORFA	333.300	1087	18.119	857336474070439144	857336474066244839	21678	
1	SPECTRUM	true	0		2	-1 eV	0.8340665	8	2	56 eV	[M + H]+	187.097	Orbitrap (LCMS)	C1CCC(CC1)(CC(=O)O)C(=O)O	splash10-00pi-9000000000-2557cbd15567b8c9332c	NCIStruc1_000126	public_spectra_2506:(MSBNK-Eawag-EQ331208)	SDAXMMUAZRUWNL	109.101	1095	18.242	857336474162713840	857336474162713839	21848	
1	SPECTRUM	true	34		2	-1 eV	0.980146	6	2	67 eV	[M + H]+	279.159	Orbitrap (LCMS)	CCCCOC(=O)C1=CC=CC=C1C(=O)OCCCC	splash10-014i-9200000000-2b0820b30884f0f997a5	Hatcol DBP	public_spectra_2506:(MSBNK-Eawag-EQ367007)	DOIRQSBPFJWKBE	149.023	1095	18.246	857336474213045492	857336474213045491	21832	
1	SPECTRUM	true	24		2	-1 eV	0.6190433	7	2	-1 eV (corrected -1 eV)	[M + Na]+	493.350	N/A	CCCCCCCC(=O)OCC(COC(=O)CCCCCCC)OC(=O)CCCCCCC	splash10-0a6r-8902100000-60b08b5f240814040228	Caprylin	public_spectra_2506:(CCMSLIB00003137984)	VLPFTAMPNXLGLX	450.321	1095	18.250	857336474359846144	857336474359846143	21845	
1	SPECTRUM	true	-1		2		0.4173745	6	2	-1 eV (corrected -1 eV)	[M + H]+	300.290	Orbitrap (LCMS)	CCCCCCCCCCCCCCCC(=O)NCCO	splash10-03di-9000000000-07152547a28a27b1f696	Impulsin	public_spectra_2506:(BRUNGS_MCEBIO_07825)	HXYVTAGFYLMHSO	427.246	1095	18.254	857336474405983492	857336474405983491	21842	
1	SPECTRUM	true	14		2	-1 eV	0.6574227	8	2	-1 eV (corrected -1 eV)	[M + Na]+	349.235	Orbitrap (LCMS)	CC(=O)OC(CCCCCCCCCCCC#C)CC(CO)O	splash10-052b-9410000000-a4824daf028b46991df2	Avocadyne 4-acetate	public_spectra_2506	FHGZOCAZNHYWAL	405.264	1095	18.254	857336474452120840	857336474452120839	21853	
1	SPECTRUM	true	16		2	-1 eV	0.63936347	7	2	-1 eV (corrected -1 eV)	[M + Na]+	493.350	N/A	CCCCCCCC(=O)OCC(COC(=O)CCCCCCC)OC(=O)CCCCCCC	splash10-0a6r-8902100000-60b08b5f240814040228	Caprylin	public_spectra_2506:(CCMSLIB00003137984)	VLPFTAMPNXLGLX	422.290	1095	18.257	857336474498258188	857336474498258187	21864	
3	SPECTRUM	true	0		2	-1 eV	0.59475005	6	2	-1 eV (corrected -1 eV)	[M + K]+	365.209	FTICR (LCMS)	CC(=O)OC(CCCCCCCCCCCC#C)CC(CO)O	null-null-null-null	Avocadyne 4-acetate	public_spectra_2506:(CCMSLIB00004701752)	FHGZOCAZNHYWAL	377.232	1096	18.261	857336474544395536	857336474540201231	21860	
5	SPECTRUM	true	2		2	-1 eV	0.7529872	8	2	20 eV	[M + H]+	272.258	Bruker Q-ToF (LCMS)	CCCCCCCCCCCCCC(=O)NCCO	splash10-0ab9-6090000000-18459fe7bd22832fa1a8	Comperlan MM	public_spectra_2506:(MSBNK-BGC_Munich-RP003002)	JHIXEZNTXMFXEK	317.269	1106	18.434	857336474586338580	857336474586338579	22105	
3	SPECTRUM	true	-1		2		0.69031346	6	2	60 eV	[M + H]+	324.159	Orbitrap (LCMS)	CC(C)C1=C(C(=CC=C1)C(C)C)N2C(=O)C3=C(C2=O)C=C(C=C3)O	splash10-0006-1590000000-509cd4e11d38bf11f50d	5-Hydroxy-2-(2,6-diisopropylphenyl)-1H-isoindole-1,3-dione	public_spectra_2506:(MSBNK-LCSB-LU024204)	LAKWINYVWJPHQW	411.172	1111	18.512	857336474632475928	857336474632475927	22211	
1	SPECTRUM	true	-1		2		0.8707811	12	2	33 eV	[M + H]+	237.221	Orbitrap (LCMS)	C1CCCCCC(=O)CCCC=CCCCC1	splash10-067j-9100000000-61e4a752ed391c368bff	5-Cyclohexadecenone	public_spectra_2506:(MSBNK-UFZ-WANA2456213166PH)	ABRIMXGLNHCLIP	311.258	1117	18.622	857336474678613276	857336474674418971	22362	
1	SPECTRUM	true	18		2	-1 eV	0.6839566	9	2	-1 eV (corrected -1 eV)	[M - H2O + H]+	267.268	Orbitrap (LCMS)	CCCCCCCCCCCCCCCCCC(=O)O	splash10-0awa-9000000000-d2578078d679088f9993	Stearate	public_spectra_2506:(CCMSLIB00006708775)	QIQXTHQIDYTFRH	339.212	1119	18.655	857336474720556320	857336474720556319	22389	
1	SPECTRUM	true	-1		2		0.6807041	6	2	60 eV	[M + H]+	198.185	Orbitrap (LCMS)	CCCCCCCCN1CCCC1=O	splash10-000i-9200000000-bb15bd6cfd47a794d836	N-Octylpyrrolidone	public_spectra_2506:(MSBNK-LCSB-LU086504)	WPPOGHDFAVQKLN	270.279	1121	18.691	857336474909300016	857336474909300015	22441	
8	SPECTRUM	true	-1		2		0.55691063	6	2	-1 eV (corrected -1 eV)	[M + H]+	258.206	Orbitrap (LCMS)	CCCCCCCC(=O)NC(C(C)CC)C(=O)O	splash10-053r-5900000000-ea16e88d5f92cc0532d1	3-methyl-2-(octanoylamino)pentanoic acid	public_spectra_2506:(CCMSLIB00012474129)	KVCDSSZXBUPFNM	427.246	1126	18.760	857336475001574712	857336474997380407	22530	
1	SPECTRUM	true	10		2	-1 eV	0.91543597	18	2	20 eV	[M + H]+	259.190	Q-ToF (LCMS)	CCOC(=O)CCCCCCCCC(=O)OCC	splash10-00y4-9700000000-6a672ba901e839e68ac9	Bisoflex DES	public_spectra_2506:(MSBNK-EPA-ENTACT_AGILENT000741)	ONKUXPIBXRRIDU	315.253	1130	18.826	857336475232261452	857336475232261451	22639	
1	SPECTRUM	true	1		2	-1 eV	0.37683332	6	2	-1 eV (corrected -1 eV)	[M + K]+	365.318	FTICR (LCMS)	CCCCCCCCCCCCCCCCCCCCCCO	null-null-null-null	Erazaban	public_spectra_2506:(CCMSLIB00004702732)	NOPFSRXAKWQILS	403.306	1133	18.886	857336475412616540	857336475412616539	22720	
1	SPECTRUM	true	3		2	-1 eV	0.52960837	6	2	20 eV	[M + H]+	172.170	Q-ToF (LCMS)	CCCCCCCC(=O)N(C)C	splash10-0aba-9300000000-ac76bdb88ab9ed8507db	NN-Dimethyloctanamide	public_spectra_2506:(MSBNK-EPA-ENTACT_AGILENT001263)	VHRUBWHAOUIMDW	171.138	1133	18.887	857336475462948192	857336475458753887	22724	
1	SPECTRUM	true	3		2	-1 eV	0.67538834	7	2	-1 eV (corrected -1 eV)	[M - H2O + H]+	284.295	Orbitrap (LCMS)	CCCCCCCCCCCCCCCC(C(CO)N)O	splash10-001i-9070000000-c638b63c6dc1f4fafae3	saginfol	public_spectra_2506:(CCMSLIB00006698008)	OTKJDMGTUTTYMP	339.212	1134	18.895	857336475534251364	857336475534251363	22737	
1	SPECTRUM	true	18		2	-1 eV	0.93251437	17	2	-1 eV (corrected -1 eV)	[M + H]+	388.394	Orbitrap (LCMS)	CC(C)CCCC(C)C1CCC2C1(CCC3C2CCC4C3(CCC(C4)N)C)C	splash10-05o1-9400000000-01d89d4e70dd8a2db219	NCIStruc1_001203	public_spectra_2506:(BRUNGS_MCEBIO_07883)	RJNGJYWAIUJHOJ	297.279	1134	18.902	857336475584583016	857336475584583015	22717	
1	SPECTRUM	true	14		2	-1 eV	0.78011453	8	2	-1 eV (corrected -1 eV)	[M + H]+	256.263	N/A	CCCCCCCCCCCCCCCC(=O)N	splash10-0a4i-4190000000-0e9b5465f1d2622377fc	Amide 16	public_spectra_2506:(CCMSLIB00003135927)	HSEMFIZWXHQJAE	270.279	1139	18.987	857336475630720364	857336475630720363	22859	
1	SPECTRUM	true	4		2	-1 eV	0.85117215	6	2	-1 eV (corrected -1 eV)	[M + H]+	425.312	Orbitrap (LCMS)	CCCCCCCCCCCCCCCCCC(=O)N1C(C(=O)NC1=O)NC(=O)N	splash10-0002-2900000000-9b2cf0666f2dc567218d	1-(2,5-dioxoimidazolidin-4-yl)urea_Octadecanoyl chloride (Chimeric precursor selection)	public_spectra_2506:(CCMSLIB00012472260)	VJIXBGBPARMDSX	452.337	1145	19.088	857336475681052016	857336475681052015	22978	
13	SPECTRUM	true	11		2	-1 eV	0.9480678	7	2	-1 eV (corrected -1 eV)	[M + H]+	391.284	Orbitrap (LCMS)	CCCCC(CC)COC(=O)C1=CC=CC=C1C(=O)OCC(CC)CCCC	splash10-0002-1900000000-991967733764c046b6fd	Fleximel	public_spectra_2506:(CCMSLIB00006703351)	BJQHLKABXJIVAM	389.269	1145	19.090	857336475769132408	857336475769132407	22983	
3	SPECTRUM	true	-1		2		0.80940247	6	2	-1 eV (corrected -1 eV)	[M + H]+	279.159	N/A	CCCCOC(=O)C1=CC=CC=C1C(=O)OCCCC	splash10-0002-0900000000-bf26aa5e2614ef202d47	Hatcol DBP	public_spectra_2506:(CCMSLIB00003138727)	DOIRQSBPFJWKBE	405.264	1146	19.100	857336475815269756	857336475815269755	22998	
1	SPECTRUM	true	-1		2		0.9449541	8	2	-1 eV (corrected -1 eV)	[M + H]+	267.172	N/A	CCCCOP(=O)(OCCCC)OCCCC	splash10-0002-9000000000-d47f5a3cb90c8f4550d4	bmse000777	public_spectra_2506:(CCMSLIB00003137189)	STCOOQWBFONSKY	351.266	1147	19.111	857336475966264712	857336475966264711	23020	
1	SPECTRUM	true	19		2	-1 eV	0.7519586	6	2	-1 eV (corrected -1 eV)	[M + H]+	318.300	Orbitrap (LCMS)	CCCCCCCCCCCCCCC(C(C(CO)N)O)O	splash10-03di-9000000000-d0c2fd193e2f5a4a08b8	phytosphingosine	public_spectra_2506:(BRUNGS_MCEBIO_06387)	AERBNCYCJBRYDG	256.264	1157	19.287	857336476062733712	857336476062733711	23347	
1	SPECTRUM	true	-1		2		0.3560064	6	2	-1 eV (corrected -1 eV)	[M + H]+	493.098	FTICR (LCMS)	COC1=C(C=C2C3=C1OC(=O)C4=CC(=C(C(=C43)OC2=O)OC)OC5C(C(C(C(O5)CO)O)O)O)O	null-null-null-null	3,3'-Di-O-Meellagic acid 4'-glucoside	public_spectra_2506:(CCMSLIB00004715998)	PNYQFRZBMVRYFC	466.535	1158	19.303	857336476117259668	857336476113065363	23386	
1	SPECTRUM	true	11		2	-1 eV	0.91295856	15	2	56 eV	[M + H]+	311.258	Orbitrap (LCMS)	CC(C)OC(=O)C=C(C)C=CCC(C)CCCC(C)(C)OC	splash10-0aru-9100000000-10dea44110acbacc79d6	Juvemon	public_spectra_2506:(MSBNK-Eawag-EQ01094906)	NFGXHKASABOEEW	313.274	1166	19.433	857336476209534364	857336476209534363	23487	
1	SPECTRUM	true	-1		2		0.6353132	6	2	38 eV	[M + H]+	237.221	Orbitrap (LCMS)	C1CCCCCC(=O)CCCC=CCCCC1	splash10-067j-9000000000-a0fde8b466a36908ccb5	5-Cyclohexadecenone	public_spectra_2506:(MSBNK-UFZ-WANA2456237762PH)	ABRIMXGLNHCLIP	325.271	1166	19.436	857336476255671712	857336476255671711	23524	
2	SPECTRUM	true	1		2	-1 eV	0.89741176	6	2	-1 eV (corrected -1 eV)	[M + H]+	298.310	Orbitrap (LCMS)	CCCCCCCCCCCCCC(=O)NCCC(C)C	splash10-0002-0090000000-1942f5c59c656817703b	Myristamide, N-(3-methylbutyl)-	public_spectra_2506:(CCMSLIB00012472091)	IYZXUMQBCKGGBU	284.295	1171	19.514	857336476347946408	857336476347946407	23595	
1	SPECTRUM	true	-1		2		0.9353419	15	2	-1 eV (corrected -1 eV)	[M - H2O + H]+	267.268	Orbitrap (LCMS)	CCCCCCCCCCCCCCCCCC(=O)O	splash10-0awa-9000000000-d2578078d679088f9993	Stearate	public_spectra_2506:(CCMSLIB00010125870)	QIQXTHQIDYTFRH	313.274	1172	19.536	857336476394083756	857336476394083755	23634	
1	SPECTRUM	true	0		2	-1 eV	0.85984343	12	2	-1 eV (corrected -1 eV)	[M + Na]+	311.068	Orbitrap (LCMS)	C1=CC=C2C(=C1)C=CC3=C2OC(=CC3=O)C4=CC=CC=C4O	splash10-03di-1369000000-d7a62eb674996c1e6394	2-(2-hydroxyphenyl)benzo[h]chromen-4-one	public_spectra_2506:(CCMSLIB00006697923)	ZKMLQDNHMSFULN	423.311	1174	19.563	857336476440221104	857336476440221103	23656	
4	SPECTRUM	true	2		2	-1 eV	0.8686413	6	2	-1 eV (corrected -1 eV)	[M + H]+	298.310	Orbitrap (LCMS)	CCCCCCCCCCCCCC(=O)NCCC(C)C	splash10-0002-0090000000-1942f5c59c656817703b	Myristamide, N-(3-methylbutyl)-	public_spectra_2506:(CCMSLIB00012472091)	IYZXUMQBCKGGBU	310.310	1188	19.796	857336476553467320	857336476549273015	23918	
1	SPECTRUM	true	2		2	-1 eV	0.9499751	17	2	-1 eV (corrected -1 eV)	[M - H4O2 + H]+	377.269	Orbitrap (LCMS)	CC(CC(C)C(C)O)CC(CC(C)C=C(C)C=C(CC(C)C(=O)O)C(=O)O)CO	splash10-0a4i-9500000000-4ae6342a199f9b46bacc	BRUNGS_NIHNP_00483	public_spectra_2506:(BRUNGS_NIHNP_00483)	YOSAXDOXINGSJA	313.274	1188	19.806	857336476603798972	857336476603798971	23938	
1	SPECTRUM	true	-1		2		0.8332781	7	2	38 eV	[M + H]+	237.221	Orbitrap (LCMS)	C1CCCCCC(=O)CCCC=CCCCC1	splash10-067j-9000000000-a0fde8b466a36908ccb5	5-Cyclohexadecenone	public_spectra_2506:(MSBNK-UFZ-WANA2456237762PH)	ABRIMXGLNHCLIP	330.300	1190	19.833	857336476733822404	857336476729628099	23947	
1	SPECTRUM	true	7		2	-1 eV	0.770841	20	2	-1 eV (corrected -1 eV)	[M + H]+	875.485	Orbitrap (LCMS)	CC(CCCCCC(CCCCCCCCCCCC(CC(=O)O)OC1C(C(C(C(O1)CO)O)O)O)OC2C(C(C(C(O2)CO)O)O)O)OC3C(C(C(C(O3)CO)O)O)O	splash10-05o1-9300000000-817373bbe2251268572f	BRUNGS_NIHNP_00325	public_spectra_2506:(BRUNGS_NIHNP_00325)	ZPUOWQZPFGUNIS	354.300	1190	19.833	857336476788348360	857336476788348359	23941	
1	SPECTRUM	true	-1		2		0.9235344	32	2	-1 eV (corrected -1 eV)	[M + H]+	338.342	N/A	CCCCCCCCC=CCCCCCCCCCCCC(=O)N	splash10-05us-9400000000-475a3842665f8c45498e	Erucylamide	public_spectra_2506:(CCMSLIB00003139394)	UAUDZVJPLUQNMU	366.373	1191	19.855	857336476847068620	857336476842874315	23963	
3	SPECTRUM	true	3		2	-1 eV	0.5398808	6	2	-1 eV (corrected -1 eV)	[M + H]+	256.191	Orbitrap (LCMS)	CCCCCCCCCC(=O)NC1CCOC1=O	splash10-0kmi-9400000000-bbc94f9ab069efe2e03d	n-Decanoyl L-homoserine lactone	public_spectra_2506:(CCMSLIB00005463693)	TZWZKDULKILUPV	389.305	1192	19.861	857336476901594576	857336476897400271	23968	
1	SPECTRUM	true	3		2	-1 eV	0.9243073	20	2	-1 eV (corrected -1 eV)	[M - H2O + H]+	263.237	Orbitrap (LCMS)	CCCCCC=CCC=CCCCCCCCC(=O)O	splash10-0apm-9300000000-70cabf06fa277d823352	Linolate	public_spectra_2506:(CCMSLIB00011428768)	OYHQOLUKZRVURQ	295.263	1194	19.893	857336476951926228	857336476951926227	24098	
2	SPECTRUM	true	-1		2		0.44348997	6	2	-1 eV (corrected -1 eV)	[M + H]+	302.075	Orbitrap (LCMS)	CC(C)CCCC(C)NC(=O)C1=CC=C(O1)Br	splash10-01w0-4910000000-3ff475ea7082caf6e25e	5-bromo-N-(1,5-dimethylhexyl)-2-furamide	public_spectra_2506:(BRUNGS_MCESCAF_01115)	AITGBRXOLACPPZ	172.115	1196	19.930	857336477006452184	857336477006452183	24059	
1	SPECTRUM	true	2		2	-1 eV	0.39666915	8	2	-1 eV (corrected -1 eV)	[M + H]+	493.098	FTICR (LCMS)	COC1=C(C=C2C3=C1OC(=O)C4=CC(=C(C(=C43)OC2=O)OC)OC5C(C(C(C(O5)CO)O)O)O)O	null-null-null-null	3,3'-Di-O-Meellagic acid 4'-glucoside	public_spectra_2506:(CCMSLIB00004715998)	PNYQFRZBMVRYFC	494.566	1196	19.933	857336477056783836	857336477056783835	24057	
1	SPECTRUM	true	1		2	-1 eV	0.70008385	6	2	-1 eV (corrected -1 eV)	[M - H2O + H]+	267.268	Orbitrap (LCMS)	CCCCCCCCCCCCCCCCCC(=O)O	splash10-0ac1-9100000000-278bcfc223a9862b18ba	Stearate	public_spectra_2506:(CCMSLIB00010114542)	QIQXTHQIDYTFRH	383.316	1200	19.999	857336477157447140	857336477153252835	24110	
5	SPECTRUM	true	0		2	-1 eV	0.6604604	7	2	-1 eV (corrected -1 eV)	[M + H]+	371.316	N/A	CCCCC(CC)COC(=O)CCCCC(=O)OCC(CC)CCCC	splash10-0m90-6900000000-b6300c5d74f007ca7432	Mollan S	public_spectra_2506:(CCMSLIB00003139554)	SAOKZLXYCUGLFA	407.279	1204	20.067	857336477203584488	857336477203584487	24170	
2	SPECTRUM	true	17		2	-1 eV	0.6588252	7	2	-1 eV (corrected -1 eV)	[M + H]+	345.336	N/A	CCCCCCCCCCCCCCCCCCOCC(CO)O	splash10-0a6u-9000000000-cfa2d42391d32cdee510	Batilol	public_spectra_2506:(CCMSLIB00003135006)	OGBUMNBNEWYMNJ	367.243	1213	20.210	857336477350385140	857336477346190835	24320	
2	SPECTRUM	true	-1		2		0.7241106	9	2	-1 eV (corrected -1 eV)	[M - H2O + H]+	397.368	N/A	CCCCCCCCCCCCCCCCCCCCCC(=O)OCC(CO)O	splash10-0ab9-9200000000-bcabbc364f5384f32dba	Behenin	public_spectra_2506:(CCMSLIB00003136883)	OKMWKBLSFKFYGZ	361.331	1214	20.227	857336477539128836	857336477534934531	24381	
1	SPECTRUM	true	-1		2		0.38846353	6	2	-1 eV (corrected -1 eV)	[M + K]+	401.136	FTICR (LCMS)	COC1=C(C=CC(=C1)CC(CO)C(CC2=CC(=C(C=C2)O)OC)CO)O	null-null-null-null	ACMC-20fagw	public_spectra_2506:(CCMSLIB00004708871)	PUETUDUXMCLALY	406.389	1214	20.227	857336477585266184	857336477585266183	24386	
4	SPECTRUM	true	-1		2		0.85945857	6	2	15 eV	[M + H]+	215.070	Orbitrap (LCMS)	C1=CC=C(C=C1)C(=O)C2=C(C=C(C=C2)O)O	splash10-00kr-0940000000-7006e7c70a9657b678ac	aduvex 12	public_spectra_2506:(MSBNK-CASMI_2016-SM833201)	ZXDDPOHVAMWLBH	327.195	1225	20.424	857336477639792140	857336477639792139	24591	
1	SPECTRUM	true	-1		2		0.47264674	6	2	-1 eV (corrected -1 eV)	[M + Na]+	551.225	FTICR (LCMS)	CCCCCC(=O)CC1=C(C(=CC(=C1)O)O)C(=O)OC2=CC(=C(C(=C2)OC)C(=O)O)CC(=O)CCCCC	null-null-null-null	Spectrum_001548	public_spectra_2506:(CCMSLIB00004721013)	DGXLEDCXMIJNPJ	522.597	1229	20.476	857336477690123792	857336477690123791	24641	
3	SPECTRUM	true	-1		2		0.7772939	6	2	-1 eV (corrected -1 eV)	[M + H]+	279.159	N/A	CCCCOC(=O)C1=CC=CC=C1C(=O)OCCCC	splash10-0002-0900000000-bf26aa5e2614ef202d47	Hatcol DBP	public_spectra_2506:(CCMSLIB00003138727)	DOIRQSBPFJWKBE	363.253	1229	20.492	857336477761426964	857336477761426963	24647	
3	SPECTRUM	true	0		2	-1 eV	0.79172647	8	2	-1 eV (corrected -1 eV)	[M + H]+	425.312	Orbitrap (LCMS)	CCCCCCCCCCCCCCCCCC(=O)N1C(C(=O)NC1=O)NC(=O)N	splash10-0002-2900000000-9b2cf0666f2dc567218d	1-(2,5-dioxoimidazolidin-4-yl)urea_Octadecanoyl chloride (Chimeric precursor selection)	public_spectra_2506:(CCMSLIB00012472260)	VJIXBGBPARMDSX	425.245	1246	20.760	857336477862090268	857336477862090267	24830	
1	SPECTRUM	true	-1		2		0.55659217	14	2	40 eV	[M + H]+	309.160	Q-ToF (LCMS)	CC1=C(C2=CC=CC=C2N1CCCCC(=O)O)C3=CN=CC=C3	splash10-0a4i-0190000000-cac1d185df152708a5d8	5-[2-methyl-3-(pyridin-3-yl)-1H-indol-1-yl]pentanoic acid	public_spectra_2506:(MSBNK-EPA-ENTACT_AGILENT001314)	MYDPDVXVDQMNLD	341.222	1251	20.854	857336477912421920	857336477912421919	24898	
4	SPECTRUM	true	2		2	-1 eV	0.80099756	6	2	-1 eV (corrected -1 eV)	[M + Na]+	471.090	FTICR (LCMS)	C1=CC(=C(C=C1C2=CC(=O)OC3=C2C(=CC(=C3)O)OC4C(C(C(C(O4)CO)O)O)O)O)O	null-null-null-null	5,7,3'',4''-Tetrahydroxy-4-phenylcoumarin 5-O-glucoside	public_spectra_2506:(CCMSLIB00004697984)	VAPVFWUBNBLVMB	409.183	1251	20.854	857336477966947876	857336477966947875	24899	
1	SPECTRUM	true	0		2	-1 eV	0.74186915	6	2	-1 eV (corrected -1 eV)	[M - H2O + H]+	279.305	Q-ToF (LCMS)	CC(C)CCCC(C)CCCC(C)CCCC(=CCO)C	splash10-05nb-9200000000-4e462b8961036af83806	Phytol	public_spectra_2506:(CCMSLIB00003139562)	BOTWFXYSPFMFNR	298.311	1253	20.886	857336478013085224	857336478013085223	24916	
1	SPECTRUM	true	1		2	-1 eV	0.98581314	6	2	33 eV	[M + H]+	279.159	Orbitrap (LCMS)	CCCCOC(=O)C1=CC=CC=C1C(=O)OCCCC	splash10-0002-0900000000-a0747aefa385c43d47b1	Hatcol DBP	public_spectra_2506:(MSBNK-Eawag-EQ367004)	DOIRQSBPFJWKBE	363.253	1254	20.899	857336478159885876	857336478159885875	24926	
1	SPECTRUM	true	1		2	-1 eV	0.46259233	6	2	-1 eV (corrected -1 eV)	[M + Na]+	551.225	FTICR (LCMS)	CCCCCC(=O)CC1=C(C(=CC(=C1)O)O)C(=O)OC2=CC(=C(C(=C2)OC)C(=O)O)CC(=O)CCCCC	null-null-null-null	Spectrum_001548	public_spectra_2506:(CCMSLIB00004721012)	DGXLEDCXMIJNPJ	550.629	1259	20.976	857336478222800440	857336478218606135	24982	
2	SPECTRUM	true	1		2	-1 eV	0.8018182	7	2	-1 eV (corrected -1 eV)	[M + H]+	326.342	Q-ToF (LCMS)	CCCCCCCCCCCCCCCC(=O)NCCCCC	splash10-004i-0149000000-94ca728a80f336d24f75	ZUVJPPGVSJMBKU-UHFFFAOYSA-N	public_spectra_2506:(CCMSLIB00010010770)	ZUVJPPGVSJMBKU	312.326	1275	21.249	857336478323463744	857336478323463743	25214	
3	SPECTRUM	true	6		2	-1 eV	0.93453723	6	2	35 eV	[M + H]+	447.347	Q-ToF (LCMS)	CC(C)CCCCCCCOC(=O)C1=CC=CC=C1C(=O)OCCCCCCCC(C)C	splash10-052b-9500000000-80f350297c72e18ea7d0	Sicol 184	public_spectra_2506:(MSBNK-Antwerp_Univ-AN112607)	ZVFDTKUVRCTHQE	391.284	1289	21.484	857336478419932744	857336478415738439	25414	
1	SPECTRUM	true	20		2	-1 eV	0.7416935	12	2	-1 eV (corrected -1 eV)	[M + H]+	326.342	Q-ToF (LCMS)	CCCCCCCCCCCCCCCC(=O)NCCCCC	splash10-004i-0149000000-94ca728a80f336d24f75	ZUVJPPGVSJMBKU-UHFFFAOYSA-N	public_spectra_2506:(CCMSLIB00010010770)	ZUVJPPGVSJMBKU	338.342	1292	21.532	857336478474458700	857336478474458699	25457	
1	SPECTRUM	true	1		2	-1 eV	0.98783094	6	2	35 eV	[M + H]+	391.284	Q-ToF (LCMS)	CCCCC(CC)COC(=O)C1=CC=CC=C1C(=O)OCC(CC)CCCC	splash10-0002-1900000000-c3c75da5282361ed6906	Fleximel	public_spectra_2506:(MSBNK-Antwerp_Univ-AN112907)	BJQHLKABXJIVAM	377.269	1295	21.582	857336478520596048	857336478520596047	25520	
1	SPECTRUM	true	1		2	-1 eV	0.9795036	6	2	54 eV	[M + H]+	223.097	Orbitrap (LCMS)	CCOC(=O)C1=CC=CC=C1C(=O)OCC	splash10-014i-9200000000-4d7079f620d5ad4e4a28	Neantine	public_spectra_2506:(MSBNK-Eawag-EQ367207)	FLKPEMZONWLCSK	149.023	1296	21.598	857336478617065048	857336478617065047	25517	
1	SPECTRUM	true	0		2	-1 eV	0.55262774	14	2	-1 eV (corrected -1 eV)	[M + H]+	183.021	Orbitrap (LCMS)	C1=CC(=CC=C1C=CC(=O)O)Cl	splash10-0309-2900000000-bc5115a34823cab03874	ACMC-20aixa	public_spectra_2506:(CCMSLIB00006707285)	GXLIFJYFGMHYDY	182.985	1297	21.617	857336478671591004	857336478667396699	25513	
4	SPECTRUM	true	0		2	-1 eV	0.5235524	6	2	-1 eV (corrected -1 eV)	[M + H]+	183.021	Orbitrap (LCMS)	C1=CC(=CC=C1C=CC(=O)O)Cl	splash10-0309-2900000000-bc5115a34823cab03874	ACMC-20aixa	public_spectra_2506:(CCMSLIB00006707285)	GXLIFJYFGMHYDY	205.017	1298	21.628	857336478948415080	857336478948415079	25538	
1	SPECTRUM	true	1		2	-1 eV	0.8407199	7	2	-1 eV (corrected -1 eV)	[M + H]+	259.190	N/A	CCCCOC(=O)CCCCC(=O)OCCCC	splash10-0imi-1900000000-9c528cd70e97fff9f423	Cetiol B	public_spectra_2506:(CCMSLIB00003135657)	XTJFFFGAUHQWII	371.316	1299	21.650	857336479032301168	857336479032301167	25611	
7	SPECTRUM	true	19		2	-1 eV	0.9220381	6	2	35 eV	[M + H]+	447.347	Q-ToF (LCMS)	CC(C)CCCCCCCOC(=O)C1=CC=CC=C1C(=O)OCCCCCCCC(C)C	splash10-052b-9500000000-80f350297c72e18ea7d0	Sicol 184	public_spectra_2506:(MSBNK-Antwerp_Univ-AN112607)	ZVFDTKUVRCTHQE	391.284	1300	21.663	857336479078438516	857336479078438515	25626	
1	SPECTRUM	true	39		2	-1 eV	0.88130075	7	2	-1 eV (corrected -1 eV)	[M + H]+	259.190	N/A	CCCCOC(=O)CCCCC(=O)OCCCC	splash10-0imi-1900000000-9c528cd70e97fff9f423	Cetiol B	public_spectra_2506:(CCMSLIB00003135657)	XTJFFFGAUHQWII	371.316	1310	21.826	857336479166518908	857336479166518907	25825	
1	SPECTRUM	true	4		2	-1 eV	0.96397173	8	2	10 eV	[M + H]+	371.316	Q-ToF (LCMS)	CCCCC(CC)COC(=O)CCCCC(=O)OCC(CC)CCCC	splash10-03fr-2900000000-3800d9b30d008f79d028	Mollan S	public_spectra_2506:(MSBNK-Antwerp_Univ-AN112102)	SAOKZLXYCUGLFA	388.342	1310	21.828	857336479208461952	857336479208461951	25826	
7	SPECTRUM	true	1		2	-1 eV	0.8834845	10	2	-1 eV (corrected -1 eV)	[M + Na]+	471.090	FTICR (LCMS)	C1=CC(=C(C=C1C2=CC(=O)OC3=C2C(=CC(=C3)O)OC4C(C(C(C(O4)CO)O)O)O)O)O	null-null-null-null	5,7,3'',4''-Tetrahydroxy-4-phenylcoumarin 5-O-glucoside	public_spectra_2506:(CCMSLIB00004697982)	VAPVFWUBNBLVMB	471.105	1312	21.873	857336479262987908	857336479262987907	25856	
1	SPECTRUM	true	0		2	-1 eV	0.7928387	20	2	-1 eV (corrected -1 eV)	[M + H]+	757.255	FTICR (LCMS)	CC1C(C(C(C(O1)OC2C(C(OC(C2OC(=O)C=CC3=CC(=C(C=C3)O)O)CO)OCCC4=CC(=C(C=C4)O)O)O)OC5C(C(C(CO5)O)O)O)O)O	null-null-null-null	Phlinoside B	public_spectra_2506:(CCMSLIB00004713166)	UDHCHDJLZGYDDM	519.139	1313	21.886	857336479313319560	857336479309125255	25896	
1	SPECTRUM	true	2		2	-1 eV	0.7614656	18	2	-1 eV (corrected -1 eV)	[M + H]+	757.255	FTICR (LCMS)	CC1C(C(C(C(O1)OC2C(C(OC(C2OC(=O)C=CC3=CC(=C(C=C3)O)O)CO)OCCC4=CC(=C(C=C4)O)O)O)OC5C(C(C(CO5)O)O)O)O)O	null-null-null-null	Phlinoside B	public_spectra_2506:(CCMSLIB00004713166)	UDHCHDJLZGYDDM	536.166	1313	21.886	857336479359456908	857336479359456907	25887	
5	SPECTRUM	true	4		2	-1 eV	0.88705754	9	2	-1 eV (corrected -1 eV)	[M + Na]+	471.090	FTICR (LCMS)	C1=CC(=C(C=C1C2=CC(=O)OC3=C2C(=CC(=C3)O)OC4C(C(C(C(O4)CO)O)O)O)O)O	null-null-null-null	5,7,3'',4''-Tetrahydroxy-4-phenylcoumarin 5-O-glucoside	public_spectra_2506:(CCMSLIB00004697982)	VAPVFWUBNBLVMB	471.105	1318	21.962	857336479523034776	857336479523034775	25972	
1	SPECTRUM	true	4		2	-1 eV	0.85980546	6	2	10 eV	[M + H]+	425.363	Q-ToF (LCMS)	CC(C)CCCCCCOC(=O)C1CCCCC1C(=O)OCCCCCCC(C)C	splash10-0ab9-9500000000-971823ecc4be8e5ea28d	Hexamoll DINCH	public_spectra_2506:(MSBNK-Antwerp_Univ-AN112702)	HORIEOQXBKUKGQ	419.315	1333	22.214	857336479669835428	857336479665641123	26099	
1	SPECTRUM	true	3		2	-1 eV	0.9639959	8	2	33 eV	[M + H]+	279.159	Orbitrap (LCMS)	CCCCOC(=O)C1=CC=CC=C1C(=O)OCCCC	splash10-0002-0900000000-a0747aefa385c43d47b1	Hatcol DBP	public_spectra_2506:(MSBNK-Eawag-EQ367004)	DOIRQSBPFJWKBE	391.284	1334	22.239	857336479711778472	857336479711778471	26117	
1	SPECTRUM	true	-1		2		0.80512387	6	2	-1 eV (corrected -1 eV)	[M + H]+	276.062	Orbitrap (LCMS)	C1=CC(=CC=C1C(=O)NN=CC2=CC=C(O2)[N+](=O)[O-])O	splash10-00xr-5900000000-50b06db60daf61a1d17a	Adral-d4	public_spectra_2506:(BRUNGS_MCEBIO_05545)	YCWSUKQGVSGXJO	149.023	1335	22.252	857336479766304428	857336479766304427	26114	
1	SPECTRUM	true	-1		2		0.5541267	8	2	-1 eV (corrected -1 eV)	[M + H]+	155.034	Orbitrap (LCMS)	C1=CC(=C(C=C1O)O)C(=O)O	splash10-000i-2900000000-d4eb2c57220855a25c47	Oprea1_259729	public_spectra_2506:(CCMSLIB00006705544)	UIAFKZKHHVMJGS	154.990	1342	22.370	857336479808247472	857336479808247471	26190	
1	SPECTRUM	true	0		2	-1 eV	0.38126633	16	2	-1 eV (corrected -1 eV)	[M + Na]+	196.094	Orbitrap (LCMS)	CCC(C)C(C(=O)O)NC(=O)C	splash10-0002-2900000000-ca2aebc961759f656f21	Oprea1_237024	public_spectra_2506:(CCMSLIB00006700927)	JDTWZSUNGHMMJM	223.988	1343	22.379	857336479854384820	857336479850190515	26215	
10	SPECTRUM	true	13		2	-1 eV	0.8863641	9	2	-1 eV (corrected -1 eV)	[M + Na]+	471.090	FTICR (LCMS)	C1=CC(=C(C=C1C2=CC(=O)OC3=C2C(=CC(=C3)O)OC4C(C(C(C(O4)CO)O)O)O)O)O	null-null-null-null	5,7,3'',4''-Tetrahydroxy-4-phenylcoumarin 5-O-glucoside	public_spectra_2506:(CCMSLIB00004697982)	VAPVFWUBNBLVMB	471.105	1355	22.576	857336480047322820	857336480047322819	26341	
5	SPECTRUM	true	-1		2		0.43714386	21	2	-1 eV (corrected -1 eV)	[M + H3N + H]+	344.389	FTICR (LCMS)	CCCCCCCCCCCCCCCCCCCCCCO	null-null-null-null	Erazaban	public_spectra_2506:(CCMSLIB00004702736)	NOPFSRXAKWQILS	308.044	1355	22.579	857336480110237384	857336480110237383	26339	
3	SPECTRUM	true	0		2	-1 eV	0.83362395	12	2	-1 eV (corrected -1 eV)	[M + Na]+	471.090	FTICR (LCMS)	C1=CC(=C(C=C1C2=CC(=O)OC3=C2C(=CC(=C3)O)OC4C(C(C(C(O4)CO)O)O)O)O)O	null-null-null-null	5,7,3'',4''-Tetrahydroxy-4-phenylcoumarin 5-O-glucoside	public_spectra_2506:(CCMSLIB00004697982)	VAPVFWUBNBLVMB	475.099	1355	22.582	857336480168957644	857336480168957643	26351	
1	SPECTRUM	true	21		2	-1 eV	0.9730026	6	2	20 eV	[M + H]+	447.347	Q-ToF (LCMS)	CC(C)CCCCCCCOC(=O)C1=CC=CC=C1C(=O)OCCCCCCCC(C)C	splash10-0abj-9300000000-6c173040765370829434	Sicol 184	public_spectra_2506:(MSBNK-Antwerp_Univ-AN112604)	ZVFDTKUVRCTHQE	419.316	1365	22.755	857336480269620948	857336480269620947	26479	
1	SPECTRUM	true	20		2	-1 eV	0.9805801	6	2	20 eV	[M + H]+	447.347	Q-ToF (LCMS)	CC(C)CCCCCCCOC(=O)C1=CC=CC=C1C(=O)OCCCCCCCC(C)C	splash10-0abj-9300000000-6c173040765370829434	Sicol 184	public_spectra_2506:(MSBNK-Antwerp_Univ-AN112604)	ZVFDTKUVRCTHQE	419.316	1372	22.874	857336480500307684	857336480496113379	26568	
1	SPECTRUM	true	1		2	-1 eV	0.7312696	7	2	-1 eV (corrected -1 eV)	[M + H]+	354.373	Q-ToF (LCMS)	CCCCCCCCCCCCCCCCCC(=O)NCCCCC	splash10-0udi-0029000000-68bab7c5aec523721e14	BNMNWSJQGWRNAD-UHFFFAOYSA-N	public_spectra_2506:(CCMSLIB00010010803)	BNMNWSJQGWRNAD	366.373	1387	23.108	857336480663885552	857336480663885551	26740	
1	SPECTRUM	true	-1		2		0.9810671	7	2	20 eV	[M + H]+	447.347	Q-ToF (LCMS)	CC(C)CCCCCCCOC(=O)C1=CC=CC=C1C(=O)OCCCCCCCC(C)C	splash10-0abj-9300000000-6c173040765370829434	Sicol 184	public_spectra_2506:(MSBNK-Antwerp_Univ-AN112604)	ZVFDTKUVRCTHQE	433.331	1396	23.270	857336480756160248	857336480756160247	26918	
1	SPECTRUM	true	0		2	-1 eV	0.43459964	7	2	-1 eV (corrected -1 eV)	[M + Na]+	371.100	Orbitrap (LCMS)	CCC1(C2=C(COC1=O)C(=O)N3CC4=CC5=CC=CC=C5N=C4C3=C2)O	splash10-059l-9065000000-63bdda72ae157dece8bf	Campathecin	public_spectra_2506:(CCMSLIB00011427902)	VSJKWCGYPAHWDS	223.064	1413	23.549	857336480806491900	857336480806491899	27114	
1	SPECTRUM	true	0		2	-1 eV	0.7999496	17	2	-1 eV (corrected -1 eV)	[M + K]+	447.105	FTICR (LCMS)	CC1C(=O)OC2C1(C34C(=O)OC5C3(C2)C6(C(C5)C(C)(C)C)C(C(=O)OC6O4)O)O	null-null-null-null	Ginkgolide A	public_spectra_2506:(CCMSLIB00004701792)	FPUXKXIZEIDQKW	445.076	1413	23.557	857336480856823552	857336480856823551	27101	
1	SPECTRUM	true	-1		2		0.83949417	22	2	-1 eV (corrected -1 eV)	[M + K]+	447.105	FTICR (LCMS)	CC1C(=O)OC2C1(C34C(=O)OC5C3(C2)C6(C(C5)C(C)(C)C)C(C(=O)OC6O4)O)O	null-null-null-null	Ginkgolide A	public_spectra_2506:(CCMSLIB00004701792)	FPUXKXIZEIDQKW	446.074	1413	23.557	857336480907155204	857336480907155203	27103	
1	SPECTRUM	true	1		2	-1 eV	0.8035417	13	2	-1 eV (corrected -1 eV)	[M + K]+	371.053	FTICR (LCMS)	CC1=CC(=C(C(=C1)O)C(=O)C2=C(C=C(C=C2OC)O)C(=O)OC)O	null-null-null-null	Sulochrin	public_spectra_2506:(CCMSLIB00004695012)	YJRLSCDUYLRBIZ	371.101	1414	23.562	857336480953292552	857336480953292551	27132	
5	SPECTRUM	true	-1		2		0.75927585	10	2	-1 eV (corrected -1 eV)	[M + K]+	555.199	FTICR (LCMS)	CC1=C2COC(=O)C2=C(C3=C1OC4(CC(C56C(OC(O5)(CCC6(C4C3)C)OC)(C)C)OC(=O)C)C)OC	null-null-null-null	(3S,5aR,6R,7aS,14aR,14bR)-3,13-dimethoxy-5,5,7a,9,14b-pentamethyl-12-oxo-1,2,3,7,7a,10,12,14,14a,14b-decahydro-6H-3,5a-epoxyfuro[3,4-i]oxepino[4,3-a]xanthen-6(5H)-yl acetate	public_spectra_2506:(CCMSLIB00004691797)	JVCNHGXAVMINTN	463.131	1414	23.570	857336481003624204	857336481003624203	27150	
1	SPECTRUM	true	-1		2		0.7965579	18	2	-1 eV (corrected -1 eV)	[M + K]+	447.105	FTICR (LCMS)	CC1C(=O)OC2C1(C34C(=O)OC5C3(C2)C6(C(C5)C(C)(C)C)C(C(=O)OC6O4)O)O	null-null-null-null	Ginkgolide A	public_spectra_2506:(CCMSLIB00004701792)	FPUXKXIZEIDQKW	445.120	1415	23.578	857336481053955856	857336481053955855	27178	
1	SPECTRUM	true	1		2	-1 eV	0.79388505	21	2	-1 eV (corrected -1 eV)	[M + H]+	609.291	FTICR (LCMS)	CC1C(C(C(C(O1)OCC2C(C(C(C(O2)OC(CCCCC3=CC=C(C=C3)O)CCC4=CC=C(C=C4)O)O)O)O)O)O)O	null-null-null-null	(2R,3R,4R,5R,6S)-2-	public_spectra_2506:(CCMSLIB00004699296)	JYQIWENZJDPRSV	815.214	1416	23.595	857336481104287508	857336481104287507	27158	
2	SPECTRUM	true	5		2	-1 eV	0.76643074	17	2	-1 eV (corrected -1 eV)	[M + H3N + H]+	628.187	Bruker Q-ToF (LCMS)	C1=CC(=C(C=C1C2=CC(=O)C3=C(C=C(C=C3O2)O)O)OC4C(C(C(C(O4)CO)O)O)O)OC5C(C(C(C(O5)CO)O)O)O	splash10-0adj-0196100000-64cd523d5ecce5fc4be8	Luteolin 3'',4''-diglucoside	public_spectra_2506:(CCMSLIB00000847749)	XKAYFELZCPZDEK	850.251	1417	23.613	857336481154619160	857336481154619159	27216	
3	SPECTRUM	true	5		2	-1 eV	0.48405805	6	2	-1 eV (corrected -1 eV)	[M + H]+	148.097	Orbitrap (LCMS)	C1CNC(C(C1O)O)CO	splash10-0002-9800000000-4982768cf7256698fbf7	Fagomine	public_spectra_2506:(BRUNGS_MCEBIO_03802)	YZNNBIPIQWYLDM	98.984	1422	23.698	857336481200756508	857336481200756507	27259	
21	SPECTRUM	true	18		2	-1 eV	0.91101396	6	2	40 eV	[M + H]+	419.316	Q-ToF (LCMS)	CC(CCOC(=O)C1=CC=CC=C1C(=O)OCCC(C)CC(C)(C)C)CC(C)(C)C	splash10-0597-9200000000-74cd01c36b1421127e3a	Vestinol 9	public_spectra_2506:(MSBNK-EPA-ENTACT_AGILENT000324)	GDJOUZYAIHWDCA	447.347	1437	23.954	857336481330779944	857336481330779943	27438	
1	SPECTRUM	true	-1		2		0.71224564	7	2	-1 eV (corrected -1 eV)	[M + H]+	315.253	Orbitrap (LCMS)	CCCCOC(=O)CCCCCCCCC(=O)OCCCC	splash10-0udi-0790000000-f5fd259319ed391be134	Staflex DBS	public_spectra_2506:(BRUNGS_MCEBIO_04418)	PYGXAGIECVVIOZ	444.405	1456	24.274	857336481376917292	857336481376917291	27614	
1	SPECTRUM	true	13		2	-1 eV	0.88524365	21	2	-1 eV (corrected -1 eV)	[M + H]+	315.253	Orbitrap (LCMS)	CCCCOC(=O)CCCCCCCCC(=O)OCCCC	splash10-0fy9-9620000000-361177fd0d1e88510174	Staflex DBS	public_spectra_2506:(CCMSLIB00006124131)	PYGXAGIECVVIOZ	427.378	1457	24.281	857336481464997684	857336481464997683	27624	
2	SPECTRUM	true	-1		2		0.6566606	6	2	-1 eV (corrected -1 eV)	[M - H2O + H]+	267.268	Orbitrap (LCMS)	CCCCCCCCCCCCCCCCCC(=O)O	splash10-0ac1-9100000000-278bcfc223a9862b18ba	Stearate	public_spectra_2506:(CCMSLIB00006697449)	QIQXTHQIDYTFRH	425.362	1463	24.384	857336481511135032	857336481511135031	27672	
2	SPECTRUM	true	22		2	-1 eV	0.9587309	6	2	10 eV	[M + H]+	391.284	Q-ToF (LCMS)	CCCCC(CC)COC(=O)C1=CC=CC=C1C(=O)OCC(CC)CCCC	splash10-0002-2900000000-b71e14b996c7acd4d68e	Fleximel	public_spectra_2506:(MSBNK-Antwerp_Univ-AN112902)	BJQHLKABXJIVAM	447.347	1472	24.527	857336481599215424	857336481599215423	27736	
1	SPECTRUM	true	2		2	-1 eV	0.41097203	6	2	-1 eV (corrected -1 eV)	[M + H]+	427.393	FTICR (LCMS)	CC(=C)C1CCC2(C1C3CCC4C5(CCC(C(C5CCC4(C3(CC2)C)C)(C)C)O)C)C	null-null-null-null	b-viscol	public_spectra_2506:(CCMSLIB00004696724)	MQYXUWHLBZFQQO	425.362	1473	24.552	857336481649547076	857336481649547075	27757	
1	SPECTRUM	true	-1		2		0.5498185	10	2	-1 eV (corrected -1 eV)	[M + K]+	531.163	FTICR (LCMS)	CC1C(C(C(C(O1)OC2=C(C=C(C=C2)C3C(C4=C(O3)C(=CC(=C4)CCCO)O)CO)OC)O)O)O	null-null-null-null	(2S,3R,4R,5S,6S)-2-[4-[7-hydroxy-3-(hydroxymethyl)-5-(3-hydroxypropyl)-2,3-dihydro-1-benzofuran-2-yl]-2-methoxyphenoxy]-6-methyloxane-3,4,5-triol	public_spectra_2506:(CCMSLIB00004693249)	PHHIEOZUONPPQY	531.408	1496	24.935	857336481737627468	857336481737627467	27957	
2	SPECTRUM	true	0		2	-1 eV	0.84287125	9	2	-1 eV (corrected -1 eV)	[M + Na]+	371.100	Orbitrap (LCMS)	CCC1(C2=C(COC1=O)C(=O)N3CC4=CC5=CC=CC=C5N=C4C3=C2)O	splash10-059l-9065000000-63bdda72ae157dece8bf	Campathecin	public_spectra_2506:(CCMSLIB00011427902)	VSJKWCGYPAHWDS	593.158	1603	26.719	857336481783764816	857336481783764815	28910	
1	SPECTRUM	true	2		2	-1 eV	0.82556534	19	2	-1 eV (corrected -1 eV)	[M + H]+	609.291	FTICR (LCMS)	CC1C(C(C(C(O1)OCC2C(C(C(C(O2)OC(CCCCC3=CC=C(C=C3)O)CCC4=CC=C(C=C4)O)O)O)O)O)O)O	null-null-null-null	(2R,3R,4R,5R,6S)-2-	public_spectra_2506:(CCMSLIB00004699296)	JYQIWENZJDPRSV	610.184	1603	26.719	857336481834096468	857336481834096467	28913	
2	SPECTRUM	true	3		2	-1 eV	0.75209224	18	2	-1 eV (corrected -1 eV)	[M + H3N + H]+	628.187	Bruker Q-ToF (LCMS)	C1=CC(=C(C=C1C2=CC(=O)C3=C(C=C(C=C3O2)O)O)OC4C(C(C(C(O4)CO)O)O)O)OC5C(C(C(C(O5)CO)O)O)O	splash10-0adj-0196100000-64cd523d5ecce5fc4be8	Luteolin 3'',4''-diglucoside	public_spectra_2506:(CCMSLIB00000847749)	XKAYFELZCPZDEK	924.270	1663	27.723	857336481880233816	857336481880233815	29463	
1	SPECTRUM	true	-1		2		0.3919014	6	2	-1 eV (corrected -1 eV)	[M + K]+	865.398	FTICR (LCMS)	CC(C1CCC2(C1(CCC34C2CCC5C3(C4)CCC(C5(C)C(=O)O)OC6C(C(C(C(O6)C(=O)O)O)O)OC7C(C(C(C(O7)CO)O)O)O)C)C)C(CC=C(C)CO)O	null-null-null-null	6-({7-carboxy-15-	public_spectra_2506:(CCMSLIB00004710986)	JBNMHJLAARQCFY	223.064	1670	27.834	857336481930565468	857336481930565467	29534	
1	SPECTRUM	true	1		2	-1 eV	0.7199533	21	2	-1 eV (corrected -1 eV)	[M + H]+	646.255	Orbitrap (LCMS)	CC1C(C(C(C(O1)OC2C(OC(C(C2O)O)OC(C(CO)O)C(C(C=O)O)O)CO)O)O)NC3C=C(C(C(C3O)O)O)CO	splash10-001c-5144009000-d43ea455476c0f1c4d73	4-[5-[3,4-dihydroxy-6-methyl-5-[[4,5,6-trihydroxy-3-(hydroxymethyl)cyclohex-2-en-1-yl]amino]oxan-2-yl]oxy-3,4-dihydroxy-6-(hydroxymethyl)oxan-2-yl]oxy-2,3,5,6-tetrahydroxyhexanal	public_spectra_2506	CEMXHAPUFJOOSV	889.233	1670	27.834	857336481980897120	857336481976702815	29545	
2	SPECTRUM	true	0		2	-1 eV	0.8004305	12	2	-1 eV (corrected -1 eV)	[M + K]+	447.105	FTICR (LCMS)	CC1C(=O)OC2C1(C34C(=O)OC5C3(C2)C6(C(C5)C(C)(C)C)C(C(=O)OC6O4)O)O	null-null-null-null	Ginkgolide A	public_spectra_2506:(CCMSLIB00004701792)	FPUXKXIZEIDQKW	445.120	1674	27.908	857336482027034468	857336482027034467	29589	
3	SPECTRUM	true	-1		2		0.5049576	7	2	-1 eV (corrected -1 eV)	[M + H]+	477.190	N/A	CC(=O)OC1CC2=CC3=C(C=C2OC1(C)C)OC=C(C3=O)C4=C(C5=C(C=C4)OC(C=C5)(C)C)OC	splash10-0909-9340220000-49cb3a7406c48aabb9bc	[7-(5-methoxy-2,2-dimethylchromen-6-yl)-2,2-dimethyl-6-oxo-3,4-dihydropyrano[3,2-g]chromen-3-yl] acetate	public_spectra_2506	QUQMZWZRFQKNFP	683.601	1736	28.940	857336482068977512	857336482064783207	30201	
2	SPECTRUM	true	0		2	-1 eV	0.33193725	6	2	-1 eV (corrected -1 eV)	[M - H2O + H]+	221.084	Orbitrap (LCMS)	CC(C)SC1C(C(C(C(O1)CO)O)O)O	splash10-000i-9510000000-0e2b15747745bc736f7e	bmse000829	public_spectra_2506:(CCMSLIB00010113709)	BPHPUYQFMNQIOC	700.627	1736	28.940	857336482106726252	857336482106726251	30202	
3	SPECTRUM	true	0		2	-1 eV	0.342076	6	2	-1 eV (corrected -1 eV)	[M - H2O + H]+	221.084	Orbitrap (LCMS)	CC(C)SC1C(C(C(C(O1)CO)O)O)O	splash10-000i-9510000000-0e2b15747745bc736f7e	bmse000829	public_spectra_2506:(CCMSLIB00010113709)	BPHPUYQFMNQIOC	700.627	1762	29.372	857336482148669296	857336482144474991	30463	
3	SPECTRUM	true	-1		2		0.48722827	6	2	-1 eV (corrected -1 eV)	[M + H]+	477.190	N/A	CC(=O)OC1CC2=CC3=C(C=C2OC1(C)C)OC=C(C3=O)C4=C(C5=C(C=C4)OC(C=C5)(C)C)OC	splash10-0909-9340220000-49cb3a7406c48aabb9bc	[7-(5-methoxy-2,2-dimethylchromen-6-yl)-2,2-dimethyl-6-oxo-3,4-dihydropyrano[3,2-g]chromen-3-yl] acetate	public_spectra_2506	QUQMZWZRFQKNFP	683.601	1764	29.406	857336482232555384	857336482228361079	30462	
3	SPECTRUM	true	-1		2		0.4635612	6	2	-1 eV (corrected -1 eV)	[M + H]+	477.190	N/A	CC(=O)OC1CC2=CC3=C(C=C2OC1(C)C)OC=C(C3=O)C4=C(C5=C(C=C4)OC(C=C5)(C)C)OC	splash10-0909-9340220000-49cb3a7406c48aabb9bc	[7-(5-methoxy-2,2-dimethylchromen-6-yl)-2,2-dimethyl-6-oxo-3,4-dihydropyrano[3,2-g]chromen-3-yl] acetate	public_spectra_2506	QUQMZWZRFQKNFP	683.601	1776	29.592	857336482232555388	857336482232555387	30552	
