structurePerIdRank	formulaRank	ConfidenceScoreExact	ConfidenceScoreApproximate	CSI:FingerIDScore	ZodiacScore	SiriusScoreNormalized	SiriusScore	molecularFormula	adduct	precursorFormula	InChIkey2D	InChI	name	smiles	xlogp	pubchemids	links	dbflags	ionMass	retentionTimeInSeconds	retentionTimeInMinutes	formulaId	alignedFeatureId	compoundId	mappingFeatureId	overallFeatureQuality
1	2	0.110	0.110	-86.103		0.333	45.118	C2H6N2O5S	[M - H2O + H]+	C2H5N2O4S+	XVYVRCKPGQRPJJ	InChI=1S/C2H6N2O5S/c3-10(7,8)4-9-1-2(5)6/h4H,1H2,(H,5,6)(H2,3,7,8)	2-(Sulfamoylamino)oxyacetic acid	C(C(=O)O)ONS(=O)(=O)N	-1.700	114958894	PUBCHEM:(114958894)	2	152.998	45	0.754	857337220067994973	857336421788436960	857336421775854047	200	
1	6	0.131	0.131	-82.530		0.001	44.800	C7H4FNO2	[M + Na]+	C7H4FNNaO2+	LAMXJMFSONZHOP	InChI=1S/C7H4FNO2/c8-4-2-1-3-5-6(4)7(10)9-11-5/h1-3H,(H,9,10)	4-Fluorobenzo[d]isoxazol-3(2H)-one	C1=CC2=C(C(=C1)F)C(=O)NO2	1.200	11815956	PUBCHEMANNOTATIONBIO:(null);PUBCHEM:(11815956);DSSTox:(DTXSID70473429);PUBMED:(null)	137455730754	176.013	45	0.756	857337202389003426	857336422186895848	857336422182701543	230	
1	2	0.033	0.033	-110.386		0.333	20.863	CH4N2O3S	[M - H2O + H]+	CH3N2O2S+	VYYXFWWMQOQXIH	InChI=1S/CH4N2O3S/c2-1(4)3-7(5)6/h(H,5,6)(H3,2,3,4)	Sufonylurea	C(=O)(N)NS(=O)O	-0.400	21618712;21618713	BloodExposome:(21618712);PUBCHEM:(21618712 21618713);PUBMED:(null)	4194370	106.992	45	0.757	857337201592085632	857336422358862316	857336422354668011	139	
1	5	0.012	0.012	-49.328		0.008	11.078	C4H6F2N2	[M + Na]+	C4H6F2N2Na+	WCFXJMJACHYWPV	InChI=1S/C4H6F2N2/c1-3(7-5)4(2)8-6/h1-2H3	2-N,3-N-difluorobutane-2,3-diimine	CC(=NF)C(=NF)C	1.000	21765985;9601331;5466515;533411	PUBCHEM:(21765985 9601331 5466515 533411)	2	143.040	46	0.759	857337208936312035	857336422522440176	857336422518245871	206	
1	1	0.081	0.081	-36.196		0.942	22.884	C2H2F2O3	[M + Na]+	C2H2F2NaO3+	DBELYRGXKAWNDK	InChI=1S/C2H2F2O3/c3-2(4)1-6-7-5/h1,5H	1,1-Difluoro-2-(trioxidanyl)ethene	C(=C(F)F)OOO	0.400	57896563	PUBCHEM:(57896563)	2	134.987	46	0.761	857337196919630950	857336422677629428	857336422673435123	147	
1	1	0.068	0.068	-39.913		1.000	19.192	H4N2O2S	[M + H]+	H5N2O2S+	NVBFHJWHLNUMCV	InChI=1S/H4N2O2S/c1-5(2,3)4/h(H4,1,2,3,4)	Sulfamide	NS(=O)(=O)N	-1.700	19785664;23466980;82267;148242237;44391604	PUBCHEMANNOTATIONBIO:(null);NORMAN:(NS00040642);HMDB:(HMDB0258578);PUBCHEMANNOTATIONSAFETYANDTOXIC:(null);BloodExposome:(82267);CHEBI:(29368);PUBCHEM:(19785664 23466980 82267 148242237 44391604);DSSTox:(DTXSID5064885);PUBMED:(null)	137527296106	97.008	46	0.761	857337190670117951	857336422841207288	857336422837012983	169	
1	1	0.029	0.029	-93.365		0.333	19.418	C2H5N3OS	[M + H]+	C2H6N3OS+	KSKPFCYLLBRSBQ	InChI=1S/C2H5N3OS/c3-2(7)5-4-1-6/h1H,(H,4,6)(H3,3,5,7)	1-Formyl-3-thiosemicarbazide	C(=O)NNC(=S)N	-0.900	2775486	NORMAN:(NS00027326);PUBCHEM:(2775486);DSSTox:(DTXSID1020641);PUBMED:(null)	137439215682	120.024	46	0.768	857337219908611401	857336423164168704	857336423159974399	204	
1	1	0.025	0.025	-75.383		0.973	34.119	C2H4Cl2O2	[M + H]+	C2H5Cl2O2+	RUUBIFVWPACNLY	InChI=1S/C2H4Cl2O2/c3-1(4)2(5)6/h1-2,5-6H	2,2-Dichloro-1,1-ethanediol	C(C(Cl)Cl)(O)O	0.400	85275	PUBCHEMANNOTATIONBIO:(null);NORMAN:(NS00055229);HMDB:(HMDB0062193);PUBCHEMANNOTATIONSAFETYANDTOXIC:(null);CHEBI:(34213);KEGG:(C14860);PUBCHEM:(85275);DSSTox:(DTXSID10936422)	137523101994	130.966	46	0.768	857337205853498575	857336423361300996	857336423357106691	381	
1	1	0.053	0.053	-138.279		1.000	48.028	C4H3F2NO2	[M + Na]+	C4H3F2NNaO2+	BFFSYVAOPYBXSM	InChI=1S/C4H3F2NO2/c5-4(6,1-2-7)3(8)9/h1H2,(H,8,9)	3-Cyano-2,2-difluoropropanoic acid	C(C#N)C(C(=O)O)(F)F	0.200	84716150	PUBCHEM:(84716150)	2	158.003	46	0.772	857337204641344698	857336423730399756	857336423722011147	208	
1	1	0.070	0.070	-84.523		1.000	33.237	C3H3F2NO	[M + Na]+	C3H3F2NNaO+	HHMFJCVUFBFVNG	InChI=1S/C3H3F2NO/c4-3(5)1-6-2-7/h3H,1H2	1,1-Difluoro-2-isocyanatoethane	C(C(F)F)N=C=O	1.900	22392485	PUBCHEMANNOTATIONSAFETYANDTOXIC:(null);PUBCHEM:(22392485);DSSTox:(DTXSID00625398)	137506062338	130.008	46	0.773	857337208986643698	857336423906560528	857336423902366223	205	
1	8	0.209	0.209	-61.910		0.000	46.729	C8H2F2O3	[M + K]+	C8H2F2KO3+	UATBWQQFLABWKR	InChI=1S/C8H2F2O3/c9-5-1-3-4(2-6(5)10)8(12)13-7(3)11/h1-2H	4,5-Difluorophthalic anhydride	C1=C2C(=CC(=C1F)F)C(=O)OC2=O	1.500	639745	PUBCHEMANNOTATIONSAFETYANDTOXIC:(null);PUBCHEM:(639745);DSSTox:(DTXSID10348667)	137506062338	222.961	48	0.799	857337226242010536	857336424195967512	857336424191773207	232	
1	1	0.118	0.118	-117.984		0.429	56.168	C7H4ClNO4S	[M + Na]+	C7H4ClNNaO4S+	GEGGQSRHLRMCSU	InChI=1S/C7H4ClNO4S/c8-4-3(7-12-1-2-13-7)14-5(9-4)6(10)11/h1-2,7H,(H,10,11)	4-Chloro-5-(1,3-dioxol-2-yl)-1,3-thiazole-2-carboxylic acid	C1=COC(O1)C2=C(N=C(S2)C(=O)O)Cl	1.700	141093528	PUBCHEM:(141093528)	2	255.944	50	0.826	857337215672364336	857336425139685936	857336425127103023	398	
1	1	0.004	0.004	-14.885		1.000	15.468	C3H2Cl2	[M + H3N + H]+	C3H6Cl2N+	KNMQFZVRVIGMPA	InChI=1S/C3H2Cl2/c4-2-1-3-5/h2-3H	1,3-Dichloroallene	C(=C=CCl)Cl	1.400	55061	PUBCHEM:(55061);DSSTox:(DTXSID20232508)	137438953474	125.986	50	0.829	857337218004397382	857336425517173304	857336425512978999	429	
1	6	0.056	0.056	-91.258		0.133	15.374	C3H5Cl2N	[M + C2H3N + H]+	C5H9Cl2N2+	WILYSFGDCDXQIC	InChI=1S/C3H6Cl2N/c1-6(2)3(4)5/h1-2H3/q+1	Dichloromethylidene(dimethyl)azanium	C[N+](=C(Cl)Cl)C	1.900	419147	NORMAN:(NS00059541);PUBCHEM:(419147)	262146	167.013	50	0.834	857337242809511473	857336426452503116	857336426448308811	428	
1	1	0.716	0.716	-24.775		1.000	54.366	C6H12N2	[M + H]+	C6H13N2+	IMNIMPAHZVJRPE	InChI=1S/C6H12N2/c1-2-8-5-3-7(1)4-6-8/h1-6H2	Dabco EG	C1CN2CCN1CC2	-0.200	4060555;89854808;3350061;9237;12254371	PUBCHEMANNOTATIONBIO:(null);HMDB:(HMDB0244208);PUBCHEMANNOTATIONSAFETYANDTOXIC:(null);BloodExposome:(9237);SUPERNATURAL:(SN0149562);HSDB:(280-57-9);MESH:(9237);PUBCHEM:(4060555 89854808 3350061 9237 12254371);public_spectra_2506;COCONUT:(CNP0373566);NORMAN:(NS00001624);CHEBI:(151129);DSSTox:(DTXSID0022016 DTXSID00722275 DTXSID20334157 DTXSID90740968);PUBCHEMANNOTATIONDRUG:(null);PUBMED:(null)	146153931374	113.107	52	0.864	857337201944407196	857336426855156312	857336426850962007	583	
1	1	0.050	0.050	-46.142		1.000	71.080	C6H12O2Si	[M + K]+	C6H12KO2Si+	ZPECUSGQPIKHLT	InChI=1S/C6H12O2Si/c1-5-9(6-2,7-3)8-4/h5-6H,1-2H2,3-4H3	Silane, diethenyldimethoxy-	CO[Si](C=C)(C=C)OC	1.691	4642093	PUBCHEMANNOTATIONSAFETYANDTOXIC:(null);PUBCHEM:(4642093);DSSTox:(DTXSID20405154)	137506062338	183.024	53	0.880	857337201805995154	857336426964208220	857336426960013915	621	
1	1	0.049	0.049	-113.358		0.992	22.523	C4H8N2O4S	[M + H]+	C4H9N2O4S+	AYNVWEYVBJUZSS	InChI=1S/C4H8N2O4S/c5-4(8)6-11(9,10)3-1-2-7/h1-2,7H,3H2,(H3,5,6,8)	[(E)-3-hydroxyprop-2-enyl]sulfonylurea	C(C=CO)S(=O)(=O)NC(=O)N	-1.500	88512346	PUBCHEM:(88512346)	2	181.026	53	0.880	857337198073064565	857336427098425952	857336427098425951	631	
1	2	-Infinity	-Infinity	-26.563		0.095	9.828	C2H8O3Si3	[M + Na]+	C2H8NaO3Si3+	DQPOZFSORSVQFG	InChI=1S/C2H8O3Si3/c1-7(2)5-8(4)6-3/h6-7H,1-2H3	Dimethyl-[oxo(oxosilyl)silyl]oxysilane	C[SiH](C)O[Si](=O)[SiH]=O	0.000	159445986	PUBCHEM:(159445986)	2	186.966	54	0.900	857337228934753759	857336427480107624	857336427475913319	697	
1	1	0.162	0.162	-34.611		1.000	35.802	CH6N2O4S2	[M + H]+	CH7N2O4S2+	NLUNBDHOGNBDDC	InChI=1S/CH6N2O4S2/c1-9(6,7)3-2-8(4)5/h2-3H,1H3,(H,4,5)	(Sulfinatoamino)sulfamoylmethane	CS(=O)(=O)NNS(=O)O	-0.800	149433446;149433447	PUBCHEM:(149433446 149433447)	2	174.985	54	0.905	857337240422952472	857336427584965228	857336427584965227	733	
1	1	0.037	0.037	-61.615		1.000	63.645	C2H4N2O4S2	[M + H]+	C2H5N2O4S2+	KIXRAPZOUQXPSI	InChI=1S/C2H4N2O4S2/c3-7-1(5)9-10-2(6)8-4/h3-4H2	Amino (aminooxycarbonyldisulfanyl)formate	C(=O)(ON)SSC(=O)ON	-0.200	87846682	PUBCHEM:(87846682)	2	184.969	55	0.909	857337227324140999	857336427694017136	857336427689822831	699	
1	6	0.029	0.029	-63.706		0.001	49.298	C2H2N2O3S2	[M + C2H3N + H]+	C4H6N3O3S2+	CUKLWJQUPXOVGV	InChI=1S/C2H2N2O3S2/c5-9(6,7)2-4-3-1-8-2/h1H,(H,5,6,7)	1,3,4-Thiadiazole-2-sulfonic acid	C1=NN=C(S1)S(=O)(=O)O	-0.600	21459853	PUBCHEM:(21459853)	2	207.985	55	0.913	857337225977769365	857336427798874740	857336427794680435	701	
1	1	0.479	0.504	-51.080		1.000	22.421	C5H13NO	[M + H]+	C5H14NO+	OEYIOHPDSNJKLS	InChI=1S/C5H14NO/c1-6(2,3)4-5-7/h7H,4-5H2,1-3H3/q+1	Choline	C[N+](C)(C)CCO	-0.400	102525980;162343633;20523476;87229148;50908615;50915167;16213402;16213540;16217620;51035565;51035567;51037636;51037638;51038292;51038294;129887589;21257979;162642011;162642013;20077284;56625880;56953094;25217431;153693961;54146804;54146805;54146806;121225371;10884620;305;13335705;13335707;449688;71309124;71310336;57880219	PUBCHEMANNOTATIONBIO:(null);HMDB:(HMDB0000097);MiMeDB:(MMDBc0000025);PUBCHEMANNOTATIONSAFETYANDTOXIC:(null);BloodExposome:(6209 31255 305);SUPERNATURAL:(SN0263611 SN0263612);HSDB:(67-48-1);MESH:(305);FooDB:(FDB000710 FDB000711);PUBCHEM:(102525980 162343633 20523476 87229148 50908615 50915167 16213402 16213540 16217620 51035565 51035567 51037636 51037638 51038292 51038294 129887589 21257979 162642011 162642013 20077284 56625880 56953094 25217431 153693961 54146804 54146805 54146806 121225371 10884620 305 13335705 13335707 449688 71309124 71310336 57880219);public_spectra_2506;GNPS:(CCMSLIB00003139061);COCONUT:(CNP0161849 CNP0180666);NORMAN:(NS00006125 NS00076292 NS00078102 NS00081648 NS00086153);METACYC:(ALCOHOL-GROUP CHOLINE CPD-10691 SMA-0000109);PLANTCYC:(CHOLINE);CHEBI:(72322 133341 72321 15354);KEGG:(C00114);DSSTox:(DTXSID10241624 DTXSID20745729 DTXSID30745790 DTXSID30938983 DTXSID4020325 DTXSID50236498 DTXSID50584461 DTXSID50746148 DTXSID6049012 DTXSID8043789 DTXSID80745765 DTXSID9047467 DTXSID90584026);LOTUS:(Q193166);YMDB:(YMDB00227);PUBCHEMANNOTATIONDRUG:(null);PUBMED:(null);KNAPSACK:(OEYIOHPDSNJKLS-UHFFFAOYSA-N)	148033182590	104.107	55	0.916	857337188946258996	857336427895343736	857336427895343735	741	
1	8	0.021	0.021	-86.861		0.007	9.958	C5H4F3NO5	[M - H2O + H]+	C5H3F3NO4+	KMEMZFHMEJLPQQ	InChI=1S/C5H4F3NO5/c6-5(7,8)4(13)9-14-3(12)1-2(10)11/h1H2,(H,9,13)(H,10,11)	3-Oxo-3-[(2,2,2-trifluoroacetyl)amino]oxypropanoic acid	C(C(=O)O)C(=O)ONC(=O)C(F)(F)F	0.400	54001865;150832139	PUBCHEM:(54001865 150832139)	2	198.001	55	0.916	857337226632080828	857336428025367164	857336428025367163	735	
1	1	0.877	0.877	-3.140		0.499	38.069	C3H5N5O	[M + H]+	C3H6N5O+	MASBWURJQFFLOO	InChI=1S/C3H5N5O/c4-1-6-2(5)8-3(9)7-1/h(H5,4,5,6,7,8,9)	2-Oxo-4,6-diamino-1-azonia-2,3-dihydro-1,3,5-triazine	C1(=NC(=NC(=O)N1)N)N	-1.800	136732209;135408770;136257798	PUBCHEMANNOTATIONBIO:(null);NORMAN:(NS00003796);PUBCHEMANNOTATIONSAFETYANDTOXIC:(null);BloodExposome:(135408770);METACYC:(CPD-7399);CHEBI:(28646);KEGG:(C08733);MESH:(135408770);PUBCHEM:(136732209 135408770 136257798);DSSTox:(DTXSID3060950 DTXSID40675610);PUBCHEMANNOTATIONDRUG:(null);PUBMED:(null)	137560852838	128.057	56	0.927	857337214984498469	857336428130224768	857336428126030463	763	
1	1	0.050	0.050	-49.543		0.821	23.997	C4H4O8S	[M + Na]+	C4H4NaO8S+	XYXPXZNXAHEEKC	InChI=1S/C4H4O8S/c5-1(6)3(9)13(11,12)4(10)2(7)8/h11-12H,(H,5,6)(H,7,8)	2-[Dihydroxy(oxalo)-lambda4-sulfanyl]-2-oxoacetic acid	C(=O)(C(=O)S(C(=O)C(=O)O)(O)O)O	-0.600	91289277	PUBCHEM:(91289277)	2	234.952	56	0.931	857337217996008763	857336428239276676	857336428235082371	999	
1	2	0.874	0.874	-17.302		0.013	57.301	C13H13N3	[M + H]+	C13H14N3+	OWRCNXZUPFZXOS	InChI=1S/C13H13N3/c14-13(15-11-7-3-1-4-8-11)16-12-9-5-2-6-10-12/h1-10H,(H3,14,15,16)	Vulkazit	C1=CC=C(C=C1)NC(=NC2=CC=CC=C2)N	2.400	4377576;139024083;7594	PUBCHEMANNOTATIONBIO:(null);PUBCHEMANNOTATIONSAFETYANDTOXIC:(null);BloodExposome:(7594);SUPERNATURAL:(SN0277191);HSDB:(102-06-7);MESH:(7594);PUBCHEM:(4377576 139024083 7594);public_spectra_2506;COCONUT:(CNP0461078);NORMAN:(NS00011462 NS00084550 NS00091787);CHEBI:(144319);DSSTox:(DTXSID00916733 DTXSID3025178 DTXSID401014595);PUBCHEMANNOTATIONDRUG:(null);PUBCHEMANNOTATIONFOOD:(null);PUBMED:(null)	146288149094	212.118	56	0.937	857337227596770770	857336428344134280	857336428339939975	843	
1	2	0.501	0.906	-44.718		0.001	168.041	C10H14N2O	[M + H]+	C10H15N2O+	RWFBQHICRCUQJJ	InChI=1S/C10H14N2O/c1-12(13)7-3-5-10(12)9-4-2-6-11-8-9/h2,4,6,8,10H,3,5,7H2,1H3	Oxynicotine	C[N+]1(CCCC1C2=CN=CC=C2)[O-]	0.700	124747468;75124178;163322641;16760026;100962849;71751018;10888489;409;68107;12313859;133686880	PUBCHEMANNOTATIONBIO:(null);HMDB:(HMDB0001497);PUBCHEMANNOTATIONSAFETYANDTOXIC:(null);BloodExposome:(409 10888489 68107 12313859);SUPERNATURAL:(SN0336905);MESH:(409 68107);FooDB:(FDB022656);PUBCHEM:(124747468 75124178 163322641 16760026 100962849 71751018 10888489 409 68107 12313859 133686880);public_spectra_2506;COCONUT:(CNP0070132);NORMAN:(NS00114099);METACYC:(BDDs CPD-24747 CPD-25244 CPD-25245 CPD-25253 CPD-2743 Digeranylfarnesyl-glycero-phospholipids Ether-linked-phosphoglycolipids GDDs Sesterterpanyl-glycero-phospholipids Tetraether-Phospholipids);CHEBI:(30734 142659 142661 142660);DSSTox:(DTXSID301335801 DTXSID601262724 DTXSID70867021);LOTUS:(Q27272930);PUBCHEMANNOTATIONDRUG:(null);PUBMED:(null)	146959239278	179.118	56	0.939	857337220311264623	857336428444797580	857336428440603275	867	
1	2	0.852	0.892	-30.569		0.000	130.464	C10H14N2	[M + H]+	C10H15N2+	SNICXCGAKADSCV	InChI=1S/C10H14N2/c1-12-7-3-5-10(12)9-4-2-6-11-8-9/h2,4,6,8,10H,3,5,7H2,1H3	Habitrol	CN1CCCC1C2=CN=CC=C2	1.488	42612859;42612860;42612861;42612862;21679711;21769024;4339100;102602019;162343606;6913202;6919000;6950509;76973745;129701801;129701816;129848840;134812017;22858536;101622857;101764092;20242060;66677905;69164568;46191584;46214007;46214008;46214009;46214010;46214011;46214012;46214013;46214014;46214186;46214187;46214188;46214189;46214190;46214191;46214192;46214193;46214194;46214358;46214359;46214360;46214361;46214362;46214363;46214364;46214365;46214517;46214518;46214519;46214520;46214521;46214522;46214523;46214524;46214687;46214688;46214689;46214690;46214691;46214692;46214693;46216364;46216365;46216366;46216367;46216368;46216539;46216537;46216538;46216540;46216541;46216542;46216543;46216544;46216545;89060756;89060759;89060760;89060761;89060762;89060767;89060770;89060773;141718971;90767551;153500103;153693975;153693986;54314660;11126596;45040011;45040012;45040013;45040014;10630878;942;89594;157672;175605;450006;46783612;3733233;12260041;12260042;12260044;12260047;11969437;71312299	PUBCHEMANNOTATIONBIO:(null);HMDB:(HMDB0001934 HMDB0243542);PUBCHEMANNOTATIONSAFETYANDTOXIC:(null);BloodExposome:(157672 89594 942);SUPERNATURAL:(SN0350212);HSDB:(54-11-5 2820-51-1);MESH:(89594 157672);FooDB:(FDB003968 FDB030174);PUBCHEM:(42612859 42612860 42612861 42612862 21679711 21769024 4339100 102602019 162343606 6913202 6919000 6950509 76973745 129701801 129701816 129848840 134812017 22858536 101622857 101764092 20242060 66677905 69164568 46191584 46214007 46214008 46214009 46214010 46214011 46214012 46214013 46214014 46214186 46214187 46214188 46214189 46214190 46214191 46214192 46214193 46214194 46214358 46214359 46214360 46214361 46214362 46214363 46214364 46214365 46214517 46214518 46214519 46214520 46214521 46214522 46214523 46214524 46214687 46214688 46214689 46214690 46214691 46214692 46214693 46216364 46216365 46216366 46216367 46216368 46216539 46216537 46216538 46216540 46216541 46216542 46216543 46216544 46216545 89060756 89060759 89060760 89060761 89060762 89060767 89060770 89060773 141718971 90767551 153500103 153693975 153693986 54314660 11126596 45040011 45040012 45040013 45040014 10630878 942 89594 157672 175605 450006 46783612 3733233 12260041 12260042 12260044 12260047 11969437 71312299);public_spectra_2506;GNPS:(CCMSLIB00003139080);COCONUT:(CNP0132486 CNP0218587);NORMAN:(NS00010445);METACYC:(NICOTINE R-NICOTINE);PLANTCYC:(NICOTINE);CHEBI:(79008 17688 39162 138000 59806 18723);KEGG:(C00745 C16150 C16386);DSSTox:(DTXSID001266180 DTXSID0046351 DTXSID1020930 DTXSID10230437 DTXSID20662144 DTXSID3048154 DTXSID30884214 DTXSID40943922 DTXSID60662143 DTXSID60915702 DTXSID80442666 DTXSID80676247 DTXSID80746757 DTXSID90951037);LOTUS:(Q12144 Q28086552);PUBCHEMANNOTATIONDRUG:(null);PUBMED:(null);KNAPSACK:(SNICXCGAKADSCV-UHFFFAOYSA-N)	146959375230	163.123	57	0.942	857337211478060303	857336428541266576	857336428537072271	862	
1	1	0.020	0.020	-99.512		1.000	29.434	C6H9O2	[M + H]+	C6H10O2+	SVPLHRZPIXHXRP	InChI=1S/C6H9O2/c1-3-5(7)6(8)4-2/h1,3-8H,2H2		C=CC(C(C=[CH])O)O	0.200	102328299;102328301	PUBCHEM:(102328299 102328301)	2	114.066	57	0.945	857337207170510042	857336428637735572	857336428633541267	864	
1	1	0.890	0.890	-10.765		1.000	22.076	C6H15N	[M + H]+	C6H16N+	ZMANZCXQSJIPKH	InChI=1S/C6H15N/c1-4-7(5-2)6-3/h4-6H2,1-3H3	triethylamine	CCN(CC)CC	1.501	87563301;16212933;141501626;18398577;88802587;59911701;8471;167656;1385867	PUBCHEMANNOTATIONBIO;HMDB:(HMDB0032539);PUBCHEMANNOTATIONSAFETYANDTOXIC;BloodExposome:(8471 12210273 1385867 2734074 11130);SUPERNATURAL:(SN0474053);HSDB:(554-68-7 121-44-8);MESH:(8471 167656 1385867);FooDB:(FDB010411);PUBCHEM:(87563301 16212933 141501626 18398577 88802587 59911701 8471 167656 1385867);MACONDA:(CON00116 CON00114 CON00115);COCONUT:(CNP0209343);NORMAN:(NS00002646 NS00078362 NS00078389 NS00082562);METACYC:(TRIETHYLAMINE);CHEBI:(45791 35026);KEGG:(C14691);DSSTox:(DTXSID20883519 DTXSID301024181 DTXSID3024366 DTXSID50583737 DTXSID50938506 DTXSID60480602 DTXSID8060292);PUBCHEMANNOTATIONDRUG;PUBCHEMANNOTATIONFOOD;PUBMED	138235088750	102.128	57	0.950	857337227319946694	857336428839062172	857336428834867867	898	
1	1	0.900	0.900	-61.224		1.000	57.991	C11H23NO2	[M + H]+	C11H24NO2+	STEYNUVPFMIUOY	InChI=1S/C11H23NO2/c1-10(2)7-9(14)8-11(3,4)12(10)5-6-13/h9,13-14H,5-8H2,1-4H3	4-Hydroxy-2,2,6,6-tetramethyl-1-piperidineethanol	CC1(CC(CC(N1CCO)(C)C)O)C	0.700	153701633;104301	COCONUT:(CNP0467802);NORMAN:(NS00011457);PUBCHEMANNOTATIONSAFETYANDTOXIC:(null);CHEBI:(182655);SUPERNATURAL:(SN0354657);PUBCHEM:(153701633 104301);public_spectra_2506;DSSTox:(DTXSID4068795)	146099404834	202.180	57	0.951	857337212606328084	857336428931336864	857336428927142559	1124	
1	1	0.905	0.905	-9.420		0.500	41.077	C12H23N	[M + H]+	C12H24N+	XBPCUCUWBYBCDP	InChI=1S/C12H23N/c1-3-7-11(8-4-1)13-12-9-5-2-6-10-12/h11-13H,1-10H2	Dicha	C1CCC(CC1)NC2CCCCC2	3.400	10511663;7582;3770554;57164717	PUBCHEMANNOTATIONBIO:(null);HMDB:(HMDB0251214);PUBCHEMANNOTATIONSAFETYANDTOXIC:(null);BloodExposome:(3770554 2793652 7582);SUPERNATURAL:(SN0425752);HSDB:(101-83-7);MESH:(7582 3770554);PUBCHEM:(10511663 7582 3770554 57164717);public_spectra_2506;COCONUT:(CNP0273019);NORMAN:(NS00011452);METACYC:(CPD0-1376);CHEBI:(34694);KEGG:(C14686);DSSTox:(DTXSID00383148 DTXSID60194055 DTXSID6025018);LOTUS:(Q425368);PUBCHEMANNOTATIONDRUG:(null);PUBCHEMANNOTATIONFOOD:(null);PUBMED:(null)	146556586862	182.190	57	0.953	857337225747082638	857336429254298284	857336429250103979	1068	
1	2	0.096	0.096	-75.828		0.085	6.620	C4H6O6	[M + Na]+	C4H6NaO6+	RUVFIDKLDALOGA	InChI=1S/C4H6O6/c5-2(6)1-4(9,10)3(7)8/h9-10H,1H2,(H,5,6)(H,7,8)	2,2,4-Trihydroxy-4-oxobutanoate	C(C(=O)O)C(C(=O)O)(O)O	-1.751	153732058;163030;18667933	PUBCHEMANNOTATIONBIO:(null);PUBCHEM:(153732058 163030 18667933);DSSTox:(DTXSID60276522)	137455730690	173.005	57	0.956	857337243430268486	857336429346572976	857336429342378671	1106	
1	2	0.585	0.856	-60.592		0.019	151.279	C10H12N2O	[M + H]+	C10H13N2O+	GQLSEYOOXBRDFZ	InChI=1S/C10H12N2O/c13-8-12-6-2-4-10(12)9-3-1-5-11-7-9/h1,3,5,7-8,10H,2,4,6H2	2-(pyridin-3-yl)pyrrolidine-1-carbaldehyde	C1CC(N(C1)C=O)C2=CN=CC=C2	0.700	528369;13945368;13945370	COCONUT:(CNP0246487);NORMAN:(NS00040773);PUBCHEMANNOTATIONSAFETYANDTOXIC:(null);SUPERNATURAL:(SN0112658);MESH:(13945368);PUBCHEM:(528369 13945368 13945370);DSSTox:(DTXSID30336006 DTXSID80553004);LOTUS:(Q105015452);PUBMED:(null)	137777905734	177.102	57	0.956	857337250296344155	857336429451430580	857336429447236275	1118	
1	1	0.791	0.791	-29.944		1.000	59.623	C12H27N	[M + H]+	C12H28N+	IMFACGCPASFAPR	InChI=1S/C12H27N/c1-4-7-10-13(11-8-5-2)12-9-6-3/h4-12H2,1-3H3	Tributilamina	CCCCN(CCCC)CCCC	4.000	101337508;7622;3724478	PUBCHEMANNOTATIONBIO:(null);HMDB:(HMDB0259165);PUBCHEMANNOTATIONSAFETYANDTOXIC:(null);BloodExposome:(7622);SUPERNATURAL:(SN0149343);HSDB:(102-82-9);MESH:(7622);PUBCHEM:(101337508 7622 3724478);public_spectra_2506;MACONDA:(CON00112);COCONUT:(CNP0449971);NORMAN:(NS00000551 NS00081063 NS00103275);CHEBI:(38905);DSSTox:(DTXSID4026183 DTXSID70480971 DTXSID70768428);PUBCHEMANNOTATIONDRUG:(null);PUBMED:(null)	146153932398	186.222	58	0.963	857337234878082570	857336429543705272	857336429543705271	1229	
1	2	0.052	0.052	-176.913		0.008	55.609	C7H10BF3N2O2	[M + Na]+	C7H10BF3N2NaO2+	BRTYYHMOCKZIPM	InChI=1S/C7H10BF3N2O2/c1-4(2)13-6(8(14)15)3-5(12-13)7(9,10)11/h3-4,14-15H,1-2H3	1-Isopropyl-3-(trifluoromethyl)pyrazole-5-boronic acid	B(C1=CC(=NN1C(C)C)C(F)(F)F)(O)O	1.967	66779527	PUBCHEMANNOTATIONSAFETYANDTOXIC:(null);PUBCHEM:(66779527)	67108866	244.072	58	0.964	857337256822681190	857336429640174268	857336429635979963	1327	
1	1	0.098	0.171	-136.327		1.000	49.797	C9H19NO	[M + H]+	C9H20NO+	VDVUCLWJZJHFAV	InChI=1S/C9H19NO/c1-8(2)5-7(11)6-9(3,4)10-8/h7,10-11H,5-6H2,1-4H3	2,2,6,6-tetramethyl(115N)azinan-4-ol	CC1(CC(CC(N1)(C)C)O)C	0.900	161271293;7058007;11040968;75471	PUBCHEMANNOTATIONBIO:(null);NORMAN:(NS00010069);HMDB:(HMDB0245344);PUBCHEMANNOTATIONSAFETYANDTOXIC:(null);BloodExposome:(75471);MESH:(75471);PUBCHEM:(161271293 7058007 11040968 75471);DSSTox:(DTXSID3029655);PUBMED:(null)	137527296078	158.154	58	0.965	857337235062631954	857336429740837568	857336429736643263	1033	
1	1	0.016	0.016	-119.886		0.999	18.263	C10H14F2O2	[M - H2O + H]+	C10H13F2O+	IBOSMDMSEPEIJS	InChI=1S/C10H14F2O2/c1-5-13-7(3)9(11)10(12)8(4)14-6-2/h3-6H2,1-2H3	(3Z)-2,5-diethoxy-3,4-difluorohexa-1,3,5-triene	CCOC(=C)C(=C(C(=C)OCC)F)F	2.500	145009677	PUBCHEM:(145009677)	2	187.094	58	0.970	857337242310389285	857336429925386952	857336429921192647	1313	
1	2	0.764	0.764	-39.920		0.500	37.943	C6H15NO	[M - H2O + H]+	C6H14N+	SUTWPJHCRAITLU	InChI=1S/C6H15NO/c7-5-3-1-2-4-6-8/h8H,1-7H2	6-Aminohexyloxidanium	C(CCCO)CCN	0.000	6992902;153274111;88570509;19960	PUBCHEMANNOTATIONBIO:(null);NORMAN:(NS00030800);PUBCHEMANNOTATIONSAFETYANDTOXIC:(null);METACYC:(CPD-16893);SUPERNATURAL:(SN0355918);PUBCHEM:(6992902 153274111 88570509 19960);DSSTox:(DTXSID80611714 DTXSID9075242);PUBMED:(null)	137524152386	100.112	58	0.973	857337243115695684	857336430026050252	857336430021855947	925	
1	1	0.007	0.007	-116.657		0.999	37.485	C5H6NO3	[M + H]+	C5H7NO3+	HBEDQCQWLMZJLH	InChI=1S/C5H6NO3/c1-3(7)5(6-9)4(2)8/h1-2H3	[[(1-Acetyl-2-oxopropylidene)amino]oxy]radical	CC(=C(C(=O)C)N=O)[O]	0.300	101226113	PUBCHEM:(101226113)	2	129.041	59	0.987	857337295674519197	857336430227376852	857336430223182547	1420	
1	1	0.027	0.092	-40.657		0.813	6.070	C5H7Br	[M + H]+	C5H8Br+	SPCNNRYTKRIZIV	InChI=1S/C5H7Br/c1-2-3-4-5-6/h3,5H,2H2,1H3	1-Bromo-penta-1,2-diene	CCC=C=CBr	1.800	13838523	PUBCHEMANNOTATIONSAFETYANDTOXIC:(null);PUBCHEM:(13838523)	67108866	146.981	59	0.988	857337269971824248	857336430353205976	857336430349011671	1246	
1	1	0.046	0.035	-21.741		0.664	9.962	C2H10N4	[M + K]+	C2H10KN4+	IQCPISSDMLZBJH	InChI=1S/C2H10N4/c1-3-5-6-4-2/h3-6H,1-2H3	1,4-Dimethyltetrazane	CNNNNC	-0.900	85997597	PUBCHEM:(85997597)	2	129.055	60	1.002	857337328750800547	857336430558726880	857336430554532575	1366	
1	1	0.509	0.509	-37.847		1.000	55.115	C9H20O5	[M + H]+	C9H21O5+	ZNYRFEPBTVGZDN	InChI=1S/C9H20O5/c1-11-4-5-13-8-9-14-7-6-12-3-2-10/h10H,2-9H2,1H3	2,5,8,11-tetraoxatridecan-13-ol	COCCOCCOCCOCCO	-1.000	90263	PUBCHEMANNOTATIONBIO:(null);COCONUT:(CNP0321873);NORMAN:(NS00005940);HMDB:(HMDB0062236);PUBCHEMANNOTATIONSAFETYANDTOXIC:(null);BloodExposome:(90263);CHEBI:(189796);SUPERNATURAL:(SN0475586);PUBCHEM:(90263);DSSTox:(DTXSID3027829);PUBMED:(null)	137530441834	209.138	61	1.020	857337329161842351	857336430651001572	857336430646807267	1670	
1	2	0.065	0.065	-66.573		0.000	73.572	C7H17FOSi	[M + H]+	C7H18FOSi+	QWAKPUVSDWQMLD	InChI=1S/C7H17FOSi/c1-5-10(8,6-2)9-7(3)4/h7H,5-6H2,1-4H3	Silane, diethylfluoroisopropoxy-	CC[Si](CC)(OC(C)C)F	3.379	67644	PUBCHEMANNOTATIONSAFETYANDTOXIC:(null);PUBCHEM:(67644);DSSTox:(DTXSID20187463)	137506062338	165.112	62	1.035	857337373885707741	857336430743276264	857336430739081959	1656	
1	20	0.011	0.011	-43.327		0.003	7.594	CH5NO5S2	[M + K]+	CH5KNO5S2+	YUZJXVJNRWFLCZ	InChI=1S/CH5NO5S2/c2-8(3,4)1-9(5,6)7/h1H2,(H2,2,3,4)(H,5,6,7)	Sulfamoylmethanesulfonic acid	C(S(=O)(=O)N)S(=O)(=O)O	-2.100	54528747	PUBCHEM:(54528747)	2	213.923	63	1.047	857337379862590995	857336430898465516	857336430894271211	1768	
1	4	0.073	0.073	-173.347		0.003	6.139	C6H4N4OS	[M + K]+	C6H4KN4OS+	SQCVJGZVTWQPQV	InChI=1S/C6H4N4OS/c12-6-10-9-5(11-6)4-3-7-1-2-8-4/h1-3H,(H,10,12)	5-(Pyrazin-2-yl)-1,3,4-oxadiazole-2-thiol	C1=CN=C(C=N1)C2=NNC(=S)O2	0.200	3000558	MESH:(3000558);PUBCHEM:(3000558);DSSTox:(DTXSID70190982);PUBMED:(null)	137438953542	218.975	70	1.162	857337378302309870	857336431200455412	857336431196261107	2048	
1	20	0.011	0.011	-43.295		0.003	7.525	CH5NO5S2	[M + K]+	CH5KNO5S2+	YUZJXVJNRWFLCZ	InChI=1S/CH5NO5S2/c2-8(3,4)1-9(5,6)7/h1H2,(H2,2,3,4)(H,5,6,7)	Sulfamoylmethanesulfonic acid	C(S(=O)(=O)N)S(=O)(=O)O	-2.100	54528747	PUBCHEM:(54528747)	2	213.923	81	1.348	857337397126346570	857336431653440260	857336431649245955	2190	
1	1	-Infinity	-Infinity	-75.136		0.333	22.209	C2H3NO3Se	[M + H]+	C2H4NO3Se+	BTIIUFFVIAQKAS	InChI=1S/C2H3NO3Se/c4-2-1-6-7(5)3-2/h1H2,(H,3,4)	2-Oxo-1,2lambda4,3-oxaselenazolidin-4-one	C1C(=O)N[Se](=O)O1	-0.725	88331932	PUBCHEM:(88331932)	2	163.940	82	1.363	857337399676483405	857336431745714952	857336431745714951	2195	
1	1	0.082	0.082	-91.928		1.000	31.532	C9H19NO	[M + H]+	C9H20NO+	AYQFSOVKGAFFRP	InChI=1S/C9H19NO/c1-10(6-3-7-11)8-9-4-2-5-9/h9,11H,2-8H2,1H3	3-[Cyclobutylmethyl(methyl)amino]propan-1-ol	CN(CCCO)CC1CCC1	1.200	62861530	PUBCHEM:(62861530)	2	158.154	96	1.600	857337388146341632	857336431930264336	857336431926070031	2348	
1	1	0.291	0.305	-74.889		1.000	28.926	C6H15NO	[M + H]+	C6H16NO+	UMCVTLHNNUEZDO	InChI=1S/C6H15NO/c1-6(2)7-4-5-8-3/h6-7H,4-5H2,1-3H3	2-Methoxyethyl(propan-2-yl)azanium	CC(C)NCCOC	0.400	40424369;551575	PUBCHEMANNOTATIONSAFETYANDTOXIC:(null);PUBCHEM:(40424369 551575);DSSTox:(DTXSID90338869)	137506062338	118.123	103	1.713	857337384824452843	857336432018344724	857336432014150419	2407	
1	2	0.345	0.484	-73.998		0.013	135.044	C10H12N2O	[M + H]+	C10H13N2O+	GQLSEYOOXBRDFZ	InChI=1S/C10H12N2O/c13-8-12-6-2-4-10(12)9-3-1-5-11-7-9/h1,3,5,7-8,10H,2,4,6H2	2-(pyridin-3-yl)pyrrolidine-1-carbaldehyde	C1CC(N(C1)C=O)C2=CN=CC=C2	0.700	528369;13945368;13945370	COCONUT:(CNP0246487);NORMAN:(NS00040773);PUBCHEMANNOTATIONSAFETYANDTOXIC:(null);SUPERNATURAL:(SN0112658);MESH:(13945368);PUBCHEM:(528369 13945368 13945370);DSSTox:(DTXSID30336006 DTXSID80553004);LOTUS:(Q105015452);PUBMED:(null)	137777905734	177.102	118	1.971	857337391505979172	857336432119008024	857336432114813719	2517	
1	1	0.116	0.116	-70.263		1.000	24.129	C6H13N	[M + H]+	C6H14N+	DFDDLFCSYLTQBP	InChI=1S/C6H13N/c1-7-5-6-3-2-4-6/h6-7H,2-5H2,1H3	(Cyclobutylmethyl)(methyl)amine	CNCC1CCC1	1.100	19830271	PUBCHEMANNOTATIONSAFETYANDTOXIC:(null);PUBCHEM:(19830271);DSSTox:(DTXSID30600411)	137506062338	100.112	169	2.817	857337388351862530	857336432207088412	857336432207088411	2883	
1	1	0.592	0.785	-27.948		0.998	56.694	C8H8N2	[M + H]+	C8H9N2+	RWXZXCZBMQPOBF	InChI=1S/C8H8N2/c1-6-2-3-7-8(4-6)10-5-9-7/h2-5H,1H3,(H,9,10)	5-Methylbenzimidazole	CC1=CC2=C(C=C1)N=CN2	1.786	144395763;136722335;58064884;136115328;11979;57636739	PUBCHEMANNOTATIONBIO:(null);NORMAN:(NS00034706);PUBCHEMANNOTATIONSAFETYANDTOXIC:(null);METACYC:(A-DGLC-HEX-1:4_6:A CPD-18320);CHEBI:(40205);MESH:(11979);PUBCHEM:(144395763 136722335 58064884 136115328 11979 57636739);DSSTox:(DTXSID1060639);PUBCHEMANNOTATIONDRUG:(null);PUBMED:(null)	137556658278	133.076	239	3.978	857337389484324633	857336432567798572	857336432567798571	3190	
1	1	0.421	0.639	-56.896		1.000	71.738	C12H17NO	[M + H]+	C12H18NO+	LOQPFJRCXJZNQV	InChI=1S/C12H17NO/c1-4-13(3)10(2)12(14)11-8-6-5-7-9-11/h5-10H,4H2,1-3H3	(2S)-2-[ethyl(methyl)amino]-1-phenylpropan-1-one	CCN(C)C(C)C(=O)C1=CC=CC=C1	2.400	43794825;121489872;121489873	NORMAN:(NS00017549);PUBCHEMANNOTATIONSAFETYANDTOXIC:(null);CHEBI:(168132);PUBCHEM:(43794825 121489872 121489873);DSSTox:(DTXSID201016983)	137506324514	192.138	246	4.097	857337393548605230	857336432647490352	857336432643296047	3265	
1	1	0.830	0.830	-8.359		1.000	22.963	C10H22O6	[M + H]+	C10H23O6+	JLFNLZLINWHATN	InChI=1S/C10H22O6/c11-1-3-13-5-7-15-9-10-16-8-6-14-4-2-12/h11-12H,1-10H2	Pentaglycol	C(COCCOCCOCCOCCO)O	-1.700	58325915;62551	PUBCHEMANNOTATIONBIO:(null);HMDB:(HMDB0256256);PUBCHEMANNOTATIONSAFETYANDTOXIC:(null);BloodExposome:(62551);SUPERNATURAL:(SN0168435);MESH:(62551);PUBCHEM:(58325915 62551);public_spectra_2506;MACONDA:(CON00072);COCONUT:(CNP0451597);NORMAN:(NS00001002);METACYC:(CPD-20410);CHEBI:(39631);DSSTox:(DTXSID4027579);PUBMED:(null)	146120379502	239.149	248	4.138	857337400276268891	857336432727182132	857336432722987827	3272	
1	1	0.067	0.067	-169.461		1.000	49.603	C9H14N4O	[M + H]+	C9H15N4O+	CYOYPYKRUFDOOC	InChI=1S/C9H14N4O/c1-4-10-9(14)13-8-5-6(2)11-7(3)12-8/h5H,4H2,1-3H3,(H2,10,11,12,13,14)	Urea, N-(2,6-dimethyl-4-pyrimidinyl)-N'-ethyl-	CCNC(=O)NC1=NC(=NC(=C1)C)C	0.700	3061666	PUBCHEMANNOTATIONSAFETYANDTOXIC:(null);PUBCHEM:(3061666);DSSTox:(DTXSID90229748)	137506062338	195.123	250	4.158	857337406676776814	857336432815262520	857336432815262519	3304	
1	1	0.364	0.364	-61.223		1.000	54.115	C12H23NO	[M + H]+	C12H24NO+	HDNIYIUPUURNFI	InChI=1S/C12H23NO/c14-12-8-6-11(7-9-12)13-10-4-2-1-3-5-10/h10-14H,1-9H2	Cyclohexyl-cis-(4-hydroxycyclohexyl)amine	C1CCC(CC1)NC2CCC(CC2)O	2.300	43178560	PUBCHEM:(43178560)	2	198.185	254	4.240	857337415363180407	857336433041754944	857336433037560639	3334	
1	2	0.316	0.486	-27.421		0.333	37.407	C8H6O4	[M - H2O + H]+	C8H5O3+	XNGIFLGASWRNHJ	InChI=1S/C8H6O4/c9-7(10)5-3-1-2-4-6(5)8(11)12/h1-4H,(H,9,10)(H,11,12)	phthalate	C1=CC=C(C(=C1)C(=O)O)C(=O)O	0.794	102602051;67674448;161758025;161758026;155891950;87368857;87368858;16212019;16213470;129656035;4645224;66995640;10419661;19108268;164099464;153897023;18183610;54478425;54478426;131853778;139040938;10678810;1017;181977;18655973;71309871	PUBCHEMANNOTATIONBIO:(null);HMDB:(HMDB0002107);MiMeDB:(MMDBc0054638);PUBCHEMANNOTATIONSAFETYANDTOXIC:(null);BloodExposome:(4645224 85215 1017 181977 23676735 78125 23668795);SUPERNATURAL:(SN0434861 SN0434862 SN0434863);HSDB:(88-99-3);MESH:(1017 181977);FooDB:(FDB010566);PUBCHEM:(102602051 67674448 161758025 161758026 155891950 87368857 87368858 16212019 16213470 129656035 4645224 66995640 10419661 19108268 164099464 153897023 18183610 54478425 54478426 131853778 139040938 10678810 1017 181977 18655973 71309871);public_spectra_2506;MACONDA:(CON00080);COCONUT:(CNP0324589);NORMAN:(NS00081016 NS00084511 NS00087384 NS00078185 NS00082195 NS00080644 NS00083215 NS00008610 NS00080044);METACYC:(PHTHALATE);CHEBI:(17563 29069 30800);KEGG:(C01606);DSSTox:(DTXSID0042167 DTXSID10166707 DTXSID10185812 DTXSID10583975 DTXSID20889435 DTXSID30583538 DTXSID40966671 DTXSID60174413 DTXSID60889651 DTXSID8021484 DTXSID8061185 DTXSID80973506 DTXSID90952241);LOTUS:(Q423876);PUBCHEMANNOTATIONDRUG:(null);PUBCHEMANNOTATIONFOOD:(null);PUBMED:(null)	148167200622	149.023	256	4.264	857337423072311726	857336433155001156	857336433155001155	3364	
1	1	0.058	0.058	-237.075		0.976	12.742	C13H25N5O4	[M + H]+	C13H26N5O4+	PEGQYHAYPVHLAO	InChI=1S/C13H25N5O4/c1-12(19)15-10-13-11-18(17-16-13)3-5-21-7-9-22-8-6-20-4-2-14/h11H,2-10,14H2,1H3,(H,15,19)	N-[[1-[2-[2-[2-(2-aminoethoxy)ethoxy]ethoxy]ethyl]triazol-4-yl]methyl]acetamide	CC(=O)NCC1=CN(N=N1)CCOCCOCCOCCN	-2.600	155082893	PUBCHEM:(155082893)	2	316.197	259	4.313	857337426146736797	857336433385687884	857336433381493579	3413	
1	5	0.008	0.005	-144.570		0.007	12.126	C11H27N5O2	[M + Na]+	C11H27N5NaO2+	HANHSUHKXSLQLT	InChI=1S/C11H27N5O2/c1-16(2)7-10-18-9-6-14-11(15-12)13-5-4-8-17-3/h4-10,12H2,1-3H3,(H2,13,14,15)	1-Amino-3-[2-[2-(dimethylamino)ethoxy]ethyl]-2-(3-methoxypropyl)guanidine	CN(C)CCOCCNC(=NCCCOC)NN	-1.200	105921627	PUBCHEM:(105921627)	2	284.207	264	4.398	857337424775199350	857336433494739792	857336433490545487	3491	
1	1	0.399	0.399	-57.693		1.000	52.112	C12H23NO	[M + H]+	C12H24NO+	HDNIYIUPUURNFI	InChI=1S/C12H23NO/c14-12-8-6-11(7-9-12)13-10-4-2-1-3-5-10/h10-14H,1-9H2	Cyclohexyl-cis-(4-hydroxycyclohexyl)amine	C1CCC(CC1)NC2CCC(CC2)O	2.300	43178560	PUBCHEM:(43178560)	2	198.185	265	4.415	857337424406100591	857336433721232216	857336433717037911	3450	
1	1	0.953	0.953	-16.442		0.960	14.961	C9H20O5	[M + H3N + H]+	C9H24NO5+	ZNYRFEPBTVGZDN	InChI=1S/C9H20O5/c1-11-4-5-13-8-9-14-7-6-12-3-2-10/h10H,2-9H2,1H3	2,5,8,11-tetraoxatridecan-13-ol	COCCOCCOCCOCCO	-1.000	90263	PUBCHEMANNOTATIONBIO:(null);COCONUT:(CNP0321873);NORMAN:(NS00005940);HMDB:(HMDB0062236);PUBCHEMANNOTATIONSAFETYANDTOXIC:(null);BloodExposome:(90263);CHEBI:(189796);SUPERNATURAL:(SN0475586);PUBCHEM:(90263);DSSTox:(DTXSID3027829);PUBMED:(null)	137530441834	226.165	266	4.433	857337430110354315	857336434086136676	857336434081942371	3474	
1	1	0.600	0.600	-27.230		1.000	38.743	C9H20O5	[M + H]+	C9H21O5+	ZNYRFEPBTVGZDN	InChI=1S/C9H20O5/c1-11-4-5-13-8-9-14-7-6-12-3-2-10/h10H,2-9H2,1H3	2,5,8,11-tetraoxatridecan-13-ol	COCCOCCOCCOCCO	-1.000	90263	PUBCHEMANNOTATIONBIO:(null);COCONUT:(CNP0321873);NORMAN:(NS00005940);HMDB:(HMDB0062236);PUBCHEMANNOTATIONSAFETYANDTOXIC:(null);BloodExposome:(90263);CHEBI:(189796);SUPERNATURAL:(SN0475586);PUBCHEM:(90263);DSSTox:(DTXSID3027829);PUBMED:(null)	137530441834	209.138	266	4.438	857337436531834054	857336434211965800	857336434207771495	3481	
1	1	0.031	0.031	-89.629		1.000	46.842	C6H12O3	[M + H]+	C6H13O3+	RGAIFEJEMSFGIJ	InChI=1S/C6H12O3/c7-5-2-1-4(3-5)6(8)9/h4-9H,1-3H2	(3-Hydroxycyclopentyl)methanediol	C1CC(CC1C(O)O)O	-0.500	89285907	PUBCHEM:(89285907)	2	133.086	267	4.444	857337435583921222	857336434329406316	857336434325212011	3483	
1	1	0.848	0.865	-13.990		0.975	22.675	C12H26O7	[M + H]+	C12H27O7+	IIRDTKBZINWQAW	InChI=1S/C12H26O7/c13-1-3-15-5-7-17-9-11-19-12-10-18-8-6-16-4-2-14/h13-14H,1-12H2	Hexagol	C(COCCOCCOCCOCCOCCO)O	-1.900	17472	PUBCHEMANNOTATIONBIO:(null);HMDB:(HMDB0061822);PUBCHEMANNOTATIONSAFETYANDTOXIC:(null);BloodExposome:(17472);SUPERNATURAL:(SN0146681);MESH:(17472);PUBCHEM:(17472);public_spectra_2506;GNPS:(CCMSLIB00003134614);MACONDA:(CON00073);COCONUT:(CNP0147909);NORMAN:(NS00001003);CHEBI:(49793);DSSTox:(DTXSID2058629);PUBCHEMANNOTATIONDRUG:(null);PUBCHEMANNOTATIONFOOD:(null);PUBMED:(null)	146288153710	283.175	270	4.507	857337445054659915	857336434430069616	857336434425875311	3534	
1	1	0.040	0.086	-307.231		0.807	11.488	C15H29N5O5	[M + H]+	C15H30N5O5+	IFBKFXWWJPFRDV	InChI=1S/C15H29N5O5/c16-15(17)19-7-4-2-1-3-5-12(22)20-10-11(21)9-13(23)18-8-6-14(24)25/h11,21H,1-10H2,(H,18,23)(H,20,22)(H,24,25)(H4,16,17,19)	3-[[(3S)-4-[7-(diaminomethylideneamino)heptanoylamino]-3-hydroxybutanoyl]amino]propanoic acid	C(CCCN=C(N)N)CCC(=O)NCC(CC(=O)NCCC(=O)O)O	-2.300	9820215;9906849;22845270	MESH:(9906849);PUBCHEM:(9820215 9906849 22845270);PUBMED:(null)	70	360.223	274	4.573	857337547009833641	857336434660756344	857336434656562039	3603	
1	1	0.078	0.109	-43.969		0.999	11.506	C8H18O4	[M + H]+	C8H19O4+	YFNKIDBQEZZDLK	InChI=1S/C8H18O4/c1-9-3-5-11-7-8-12-6-4-10-2/h3-8H2,1-2H3	Triglyme	COCCOCCOCCOC	-0.101	8189;46783182	PUBCHEMANNOTATIONBIO:(null);COCONUT:(CNP0327329);NORMAN:(NS00010633);PUBCHEMANNOTATIONSAFETYANDTOXIC:(null);BloodExposome:(8189);CHEBI:(44842);SUPERNATURAL:(SN0449007);MESH:(8189);PUBCHEM:(8189 46783182);public_spectra_2506;DSSTox:(DTXSID8026224);GNPS:(CCMSLIB00000579527);PUBMED:(null)	146120380518	179.128	278	4.639	857337547769002817	857336434769808252	857336434769808251	3619	
1	1	0.125	0.125	-100.608		0.996	37.034	C11H21N5	[M + H]+	C11H22N5+	BLISXILRWQPCCP	InChI=1S/C11H21N5/c1-6-9-14-10(12-7(2)3)16-11(15-9)13-8(4)5/h7-8H,6H2,1-5H3,(H2,12,13,14,15,16)	s-Triazine, 4,6-bis(isopropylamino)-2-ethyl-	CCC1=NC(=NC(=N1)NC(C)C)NC(C)C	3.000	33405	PUBCHEMANNOTATIONSAFETYANDTOXIC:(null);PUBCHEM:(33405);DSSTox:(DTXSID00180871)	137506062338	224.186	279	4.643	857337548704332615	857336434883054464	857336434883054463	3627	
1	1	0.034	0.034	-61.503		0.333	133.634	C10H12O2	[M + H]+	C10H13O2+	PPJGVKZRXCHMCC	InChI=1S/C10H12O2/c1-9(6-7-11)4-3-5-10(2)8-12/h3-8H,1-2H3	2,6-dimethylocta-2,4,6-trienedial	CC(=CC=O)C=CC=C(C)C=O	1.700	16129452;54201194	COCONUT:(CNP0344169);TeroMol:(TKC099598);METACYC:(CPD-12762);CHEBI:(53155);SUPERNATURAL:(SN0291634);KEGG:(C19729);PUBCHEM:(16129452 54201194);PUBCHEMANNOTATIONDRUG:(null)	45091106	165.091	280	4.665	857337551564847959	857336435164072840	857336435164072839	3644	
1	1	0.245	0.245	-97.986		1.000	217.860	C10H16O4	[M - H2O + H]+	C10H15O3+	SWYAJWLWQWRCBX	InChI=1S/C10H16O4/c1-2-3-4-5-8(11)6-9(12)7-10(13)14/h2-3,9,12H,4-7H2,1H3,(H,13,14)		CC=CCCC(=O)CC(CC(=O)O)O	0.000	38361110;38361114;163166441	COCONUT:(CNP0468073);SUPERNATURAL:(SN0357549);PUBCHEM:(38361110 38361114 163166441)	3145730	183.102	280	4.668	857337601565145976	857336435310873484	857336435310873483	3672	
1	2	0.850	0.868	-6.462		0.108	11.027	C12H26O7	[M + H3N + H]+	C12H30NO7+	IIRDTKBZINWQAW	InChI=1S/C12H26O7/c13-1-3-15-5-7-17-9-11-19-12-10-18-8-6-16-4-2-14/h13-14H,1-12H2	Hexagol	C(COCCOCCOCCOCCOCCO)O	-1.900	17472	PUBCHEMANNOTATIONBIO:(null);HMDB:(HMDB0061822);PUBCHEMANNOTATIONSAFETYANDTOXIC:(null);BloodExposome:(17472);SUPERNATURAL:(SN0146681);MESH:(17472);PUBCHEM:(17472);public_spectra_2506;GNPS:(CCMSLIB00003134614);MACONDA:(CON00073);COCONUT:(CNP0147909);NORMAN:(NS00001003);CHEBI:(49793);DSSTox:(DTXSID2058629);PUBCHEMANNOTATIONDRUG:(null);PUBCHEMANNOTATIONFOOD:(null);PUBMED:(null)	146288153710	300.202	281	4.680	857337594464189295	857336435432508304	857336435428313999	3697	
1	1	0.841	0.860	-7.238		0.943	15.639	C12H26O7	[M + H]+	C12H27O7+	IIRDTKBZINWQAW	InChI=1S/C12H26O7/c13-1-3-15-5-7-17-9-11-19-12-10-18-8-6-16-4-2-14/h13-14H,1-12H2	Hexagol	C(COCCOCCOCCOCCOCCO)O	-1.900	17472	PUBCHEMANNOTATIONBIO:(null);HMDB:(HMDB0061822);PUBCHEMANNOTATIONSAFETYANDTOXIC:(null);BloodExposome:(17472);SUPERNATURAL:(SN0146681);MESH:(17472);PUBCHEM:(17472);public_spectra_2506;GNPS:(CCMSLIB00003134614);MACONDA:(CON00073);COCONUT:(CNP0147909);NORMAN:(NS00001003);CHEBI:(49793);DSSTox:(DTXSID2058629);PUBCHEMANNOTATIONDRUG:(null);PUBCHEMANNOTATIONFOOD:(null);PUBMED:(null)	146288153710	283.175	282	4.692	857337673107389311	857336435528977300	857336435524782995	3696	
1	2	0.054	0.054	-173.950		0.050	19.552	C13H31N5O3	[M + Na]+	C13H31N5NaO3+	ZOKFGOPSEJTEOP	InChI=1S/C13H31N5O3/c1-2-3-14-4-5-15-6-7-17-12-21-11-10-16-8-9-18-13(19)20/h14-18H,2-12H2,1H3,(H,19,20)	N-[2-[2-[[2-[2-(propylamino)ethylamino]ethylamino]methoxy]ethylamino]ethyl]carbamate	CCCNCCNCCNCOCCNCCNC(=O)O	-3.500	153677355;153677356	PUBCHEM:(153677355 153677356)	2	328.233	282	4.694	857337695647579019	857336435642223512	857336435642223511	3699	
1	1	0.028	0.028	-240.257		0.995	16.292	C15H27N5O4	[M + H]+	C15H28N5O4+	WQQDLQFFBIBMRW	InChI=1S/C15H27N5O4/c1-12(2)5-6-16-14-13(20(21)22)15(18-11-17-14)19(7-9-23-3)8-10-24-4/h11-12H,5-10H2,1-4H3,(H,16,17,18)	4-N,4-N-bis(2-methoxyethyl)-6-N-(3-methylbutyl)-5-nitropyrimidine-4,6-diamine	CC(C)CCNC1=C(C(=NC=N1)N(CCOC)CCOC)[N+](=O)[O-]	2.700	23493723	PUBCHEM:(23493723)	2	342.212	285	4.750	857337833921201392	857336435747081116	857336435747081115	3735	
1	1	0.473	0.473	-159.475		0.996	40.392	C17H33N5O4	[M + H]+	C17H34N5O4+	JNXFIRVCCLBJMA	InChI=1S/C17H33N5O4/c18-4-8-23-12-14-25-10-6-20-16-2-1-3-17(22-16)21-7-11-26-15-13-24-9-5-19/h1-3H,4-15,18-19H2,(H2,20,21,22)	2,6-Bis[2-[2-(2-aminoethoxy)ethoxy]ethylamino]pyridine	C1=CC(=NC(=C1)NCCOCCOCCN)NCCOCCOCCN	-1.000	86235228	PUBCHEM:(86235228)	2	372.259	291	4.843	857337851965101539	857336435868715936	857336435864521631	3746	
1	1	0.986	0.986	-15.497		0.939	37.629	C14H30O8	[M + H]+	C14H31O8+	XPJRQAIZZQMSCM	InChI=1S/C14H30O8/c15-1-3-17-5-7-19-9-11-21-13-14-22-12-10-20-8-6-18-4-2-16/h15-16H,1-14H2	Epitope ID:161055	C(COCCOCCOCCOCCOCCOCCO)O	-2.000	79718	PUBCHEMANNOTATIONBIO:(null);NORMAN:(NS00010523);HMDB:(HMDB0061835);PUBCHEMANNOTATIONSAFETYANDTOXIC:(null);BloodExposome:(79718);CHEBI:(44748);SUPERNATURAL:(SN0436440);PUBCHEM:(79718);public_spectra_2506;DSSTox:(DTXSID10204698);MACONDA:(CON00074);PUBMED:(null)	146118280298	327.201	291	4.853	857337847741436549	857336435981962148	857336435977767843	3812	
1	1	0.467	0.756	-12.458		0.951	19.530	C11H24O6	[M + H]+	C11H25O6+	SMBXIGKPAGOPPF	InChI=1S/C11H24O6/c1-12-3-5-14-7-9-16-11-17-10-8-15-6-4-13-2/h3-11H2,1-2H3	2,5,8,10,13,16-Hexaoxaheptadecane	COCCOCCOCOCCOCCOC	-0.150	79404	NORMAN:(NS00044206);PUBCHEM:(79404);DSSTox:(DTXSID7063843)	137439215618	253.165	292	4.872	857337838073562651	857336436086819752	857336436082625447	3831	
1	4	0.930	0.930	-31.676		0.155	22.430	C13H28O6	[M + H3N + H]+	C13H32NO6+	PJXDGFJDVVVXCY	InChI=1S/C13H28O6/c1-3-15-6-7-17-10-11-19-13-12-18-9-8-16-5-4-14-2/h3-13H2,1-2H3	2,5,8,11,14,17-Hexaoxanonadecane	CCOCCOCCOCCOCCOCCOC	-0.300	19927243	PUBCHEMANNOTATIONBIO:(null);PUBCHEM:(19927243)	16777218	298.222	293	4.875	857337835334681853	857336436195871660	857336436195871659	3828	
1	1	0.602	0.602	-48.322		1.000	53.189	C12H23NO	[M + H]+	C12H24NO+	HDNIYIUPUURNFI	InChI=1S/C12H23NO/c14-12-8-6-11(7-9-12)13-10-4-2-1-3-5-10/h10-14H,1-9H2	Cyclohexyl-cis-(4-hydroxycyclohexyl)amine	C1CCC(CC1)NC2CCC(CC2)O	2.300	43178560	PUBCHEM:(43178560)	2	198.185	301	5.022	857337847749825167	857336436313312176	857336436309117871	3944	
1	1	0.434	0.683	-25.229		0.500	45.875	C8H6O4	[M + H]+	C8H7O4+	QQVIHTHCMHWDBS	InChI=1S/C8H6O4/c9-7(10)5-2-1-3-6(4-5)8(11)12/h1-4H,(H,9,10)(H,11,12)	Isophthalic Acid	C1=CC(=CC(=C1)C(=O)O)C(=O)O	0.794	15621163;16213376;23461093;5461077;5461079;129656014;22983024;56635023;153707548;8496;11819447	PUBCHEMANNOTATIONBIO:(null);PUBCHEMANNOTATIONSAFETYANDTOXIC:(null);BloodExposome:(5461079);SUPERNATURAL:(SN0312716);HSDB:(121-91-5);MESH:(8496 5461079);PUBCHEM:(15621163 16213376 23461093 5461077 5461079 129656014 22983024 56635023 153707548 8496 11819447);COCONUT:(CNP0265672);NORMAN:(NS00002404 NS00086260);METACYC:(CPD0-1267);CHEBI:(30802 30803 30804);KEGG:(C22203);DSSTox:(DTXSID0064911 DTXSID3021485 DTXSID80170472 DTXSID80583907);PUBCHEMANNOTATIONDRUG:(null);PUBCHEMANNOTATIONFOOD:(null);PUBMED:(null)	137698216806	167.034	302	5.035	857337851973490158	857336436418169780	857336436413975475	3958	
1	2	0.306	0.577	-33.910		0.330	56.155	C8H6O4	[M - H2O + H]+	C8H5O3+	XNGIFLGASWRNHJ	InChI=1S/C8H6O4/c9-7(10)5-3-1-2-4-6(5)8(11)12/h1-4H,(H,9,10)(H,11,12)	phthalate	C1=CC=C(C(=C1)C(=O)O)C(=O)O	0.794	102602051;67674448;161758025;161758026;155891950;87368857;87368858;16212019;16213470;129656035;4645224;66995640;10419661;19108268;164099464;153897023;18183610;54478425;54478426;131853778;139040938;10678810;1017;181977;18655973;71309871	PUBCHEMANNOTATIONBIO:(null);HMDB:(HMDB0002107);MiMeDB:(MMDBc0054638);PUBCHEMANNOTATIONSAFETYANDTOXIC:(null);BloodExposome:(4645224 85215 1017 181977 23676735 78125 23668795);SUPERNATURAL:(SN0434861 SN0434862 SN0434863);HSDB:(88-99-3);MESH:(1017 181977);FooDB:(FDB010566);PUBCHEM:(102602051 67674448 161758025 161758026 155891950 87368857 87368858 16212019 16213470 129656035 4645224 66995640 10419661 19108268 164099464 153897023 18183610 54478425 54478426 131853778 139040938 10678810 1017 181977 18655973 71309871);public_spectra_2506;MACONDA:(CON00080);COCONUT:(CNP0324589);NORMAN:(NS00081016 NS00084511 NS00087384 NS00078185 NS00082195 NS00080644 NS00083215 NS00008610 NS00080044);METACYC:(PHTHALATE);CHEBI:(17563 29069 30800);KEGG:(C01606);DSSTox:(DTXSID0042167 DTXSID10166707 DTXSID10185812 DTXSID10583975 DTXSID20889435 DTXSID30583538 DTXSID40966671 DTXSID60174413 DTXSID60889651 DTXSID8021484 DTXSID8061185 DTXSID80973506 DTXSID90952241);LOTUS:(Q423876);PUBCHEMANNOTATIONDRUG:(null);PUBCHEMANNOTATIONFOOD:(null);PUBMED:(null)	148167200622	149.023	302	5.039	857337850740364451	857336436527221688	857336436523027383	3954	
1	3	0.027	0.027	-238.255		0.022	31.191	C12H15NO4S	[M + Na]+	C12H15NNaO4S+	WSOCUVDAIZMOCD	InChI=1S/C12H15NO4S/c1-9(14)13-11(12(15)16)8-18(17)7-10-5-3-2-4-6-10/h2-6,11H,7-8H2,1H3,(H,13,14)(H,15,16)	N-Acetyl-3-(phenylmethanesulfinyl)-L-alanine	CC(=O)NC(CS(=O)CC1=CC=CC=C1)C(=O)O	-0.100	64583710;101630070;71404447	METACYC:(CPD-26166);PUBCHEM:(64583710 101630070 71404447);DSSTox:(DTXSID40825294)	137438955522	292.060	306	5.095	857337864040502892	857336436745325504	857336436745325503	3929	
1	1	0.107	0.058	-124.867		1.000	56.715	C9H20O4	[M + H]+	C9H21O4+	LEQCJROTXBYLEU	InChI=1S/C9H20O4/c1-7(10)4-12-6-9(3)13-5-8(2)11/h7-11H,4-6H2,1-3H3	(2S)-1-[(2S)-2-[(2S)-2-hydroxypropoxy]propoxy]propan-2-ol	CC(COCC(C)OCC(C)O)O	-0.100	7019636;7269415;7269416;7269417;121493304;121493306;92896	NORMAN:(NS00047740);PUBCHEM:(7019636 7269415 7269416 7269417 121493304 121493306 92896);DSSTox:(DTXSID4041448)	137439215618	193.144	306	5.099	857337836760745237	857336436955040712	857336436955040711	4014	
1	8	0.183	0.183	-76.172		0.028	16.390	C6H14N2O7P2	[M + K]+	C6H14KN2O7P2+	PQPWWUVKKLCPLF	InChI=1S/C6H14N2O7P2/c1-2-4(7)3-5(8)6(9,16(10,11)12)17(13,14)15/h3,8-9H,2,7H2,1H3,(H2,10,11,12)(H2,13,14,15)	(4-Amino-1-hydroxy-2-imino-1-phosphonohex-3-enyl)phosphonic acid	CCC(=CC(=N)C(O)(P(=O)(O)O)P(=O)(O)O)N	-3.900	145827281;152749116	PUBCHEM:(145827281 152749116)	2	326.989	307	5.110	857337847330393939	857336437076675532	857336437072481227	4038	
1	5	0.126	0.126	-101.112		0.050	15.945	C6H14O9S3	[M - H2O + H]+	C6H13O8S3+	BZFJZTKKCBZVJR	InChI=1S/C6H14O9S3/c1-5(17(10,11)12)4-6(18(13,14)15)2-3-16(7,8)9/h5-6H,2-4H2,1H3,(H,7,8,9)(H,10,11,12)(H,13,14,15)	(5S)-hexane-1,3,5-trisulfonic acid	CC(CC(CCS(=O)(=O)O)S(=O)(=O)O)S(=O)(=O)O	-1.900	5288171	PUBCHEMANNOTATIONBIO:(null);PUBCHEM:(5288171)	16777218	308.978	307	5.116	857337861679109714	857336437240253392	857336437236059087	4054	
1	1	0.994	0.994	-10.674		0.935	50.931	C16H34O9	[M + H]+	C16H35O9+	GLZWNFNQMJAZGY	InChI=1S/C16H34O9/c17-1-3-19-5-7-21-9-11-23-13-15-25-16-14-24-12-10-22-8-6-20-4-2-18/h17-18H,1-16H2	PED-diol (n=8)	C(COCCOCCOCCOCCOCCOCCOCCO)O	-2.200	78798	PUBCHEMANNOTATIONBIO:(null);HMDB:(HMDB0094680);PUBCHEMANNOTATIONSAFETYANDTOXIC:(null);BloodExposome:(78798);SUPERNATURAL:(SN0109309);PUBCHEM:(78798);public_spectra_2506;MACONDA:(CON00075);COCONUT:(CNP0348115);NORMAN:(NS00010524);CHEBI:(44794);DSSTox:(DTXSID3058618);PUBCHEMANNOTATIONFOOD:(null);PUBMED:(null)	146254595178	371.228	310	5.163	857337849347855169	857336437340916692	857336437336722387	4138	
1	3	0.186	0.186	-92.091		0.027	20.015	C19H43N3O4	[M + K]+	C19H43KN3O4+	FSHCQHPSHCJBCL	InChI=1S/C19H43N3O4/c1-24-15-3-9-21-11-5-17-26-19-7-13-22-12-6-18-25-16-4-10-20-8-2-14-23/h20-23H,2-19H2,1H3	3-[3-[3-[3-[3-(3-Methoxypropylamino)propoxy]propylamino]propoxy]propylamino]propan-1-ol	COCCCNCCCOCCCNCCCOCCCNCCCO	0.000	59583673	PUBCHEM:(59583673)	2	416.285	310	5.169	857337848525771422	857336437475134424	857336437475134423	4132	
1	2	0.113	0.113	-92.652		0.345	13.325	C13H25N5O	[M + H]+	C13H26N5O+	RIDRVIFHDDKYSU	InChI=1S/C13H25N5O/c1-10-12(14-3)16-11(2)17-13(10)15-6-7-18(4)8-9-19-5/h6-9H2,1-5H3,(H2,14,15,16,17)	4-N-[2-[2-methoxyethyl(methyl)amino]ethyl]-6-N,2,5-trimethylpyrimidine-4,6-diamine	CC1=C(N=C(N=C1NCCN(C)CCOC)C)NC	1.500	80824642	PUBCHEM:(80824642)	2	268.212	310	5.172	857337848479634067	857336437588380636	857336437584186331	4125	
1	1	0.060	0.060	-128.093		1.000	126.227	C12H20O4	[M - H2O + H]+	C12H19O3+	MSVGHYYKWDQHFV	InChI=1S/C12H20O4/c1-11(2,3)15-9(13)7-8-10(14)16-12(4,5)6/h7-8H,1-6H3	Ditert-butyl but-2-enedioate	CC(C)(C)OC(=O)C=CC(=O)OC(C)(C)C	2.200	5365124;5965155;281629	NORMAN:(NS00096103);PUBCHEM:(5365124 5965155 281629);DSSTox:(DTXSID50880692);PUBMED:(null)	137439215682	211.133	312	5.206	857337838077756965	857336437697432544	857336437693238239	4173	
1	1	0.156	0.156	-98.978		1.000	76.404	C9H12O2	[M + H]+	C9H13O2+	DFSVNSCDOZSUCT	InChI=1S/C9H12O2/c1-7(5-6-10)9-4-3-8(2)11-9/h3-4,6-7H,5H2,1-2H3	3-(5-methylfuran-2-yl)butanal	CC1=CC=C(O1)C(C)CC=O	1.400	7019253;166591780;643322;166025069;3578033	PUBCHEMANNOTATIONBIO:(null);COCONUT:(CNP0108056);NORMAN:(NS00050263);HMDB:(HMDB0036169);PUBCHEMANNOTATIONSAFETYANDTOXIC:(null);CHEBI:(179255);SUPERNATURAL:(SN0064541);FooDB:(FDB015023);PUBCHEM:(7019253 166591780 643322 166025069 3578033);DSSTox:(DTXSID10865607);PUBCHEMANNOTATIONDRUG:(null);PUBCHEMANNOTATIONFOOD:(null);PUBMED:(null)	138230890602	153.091	313	5.209	857337837314393372	857336437814873060	857336437810678755	4178	
1	1	0.150	0.150	-140.808		1.000	53.668	C12H20O4	[M + H]+	C12H21O4+	QLOWJACUTHAHSK	InChI=1S/C12H20O4/c1-5-9(11(13)15-7-3)10(6-2)12(14)16-8-4/h5-8H2,1-4H3	2,3-Diethyl maleic acid diethyl ester	CCC(=C(CC)C(=O)OCC)C(=O)OCC	2.600	6365523;3016874;13358204	NORMAN:(NS00057530);PUBCHEM:(6365523 3016874 13358204);DSSTox:(DTXSID001284267)	137439215618	229.144	313	5.214	857337859162527271	857336437907147752	857336437907147751	4177	
1	2	0.277	0.277	-118.222		0.500	56.111	C14H24O4	[M + H3N + H]+	C14H28NO4+	FTSUUEFAMCQXNR	InChI=1S/C14H24O4/c1-5-8-16-10-14(7-3,11-17-9-6-2)12-18-13(4)15/h5-6H,1-2,7-12H2,3-4H3	2,2-Bis[(2-propenyloxy)methyl]-1-butanol acetate	CCC(COCC=C)(COCC=C)COC(=O)C	2.100	20357965	NORMAN:(NS00053523);PUBCHEM:(20357965);DSSTox:(DTXSID90886830)	137439215618	274.201	313	5.215	857337870109660832	857336438024588268	857336438020393963	4176	
1	1	0.069	0.069	-79.116		0.990	31.714	C6H6O	[M + H]+	C6H7O+	ISWSIDIOOBJBQZ	InChI=1S/C6H6O/c7-6-4-2-1-3-5-6/h1-5,7H	Phoh	C1=CC=C(C=C1)O	1.424	101252639;101252640;19933415;76972960;5152889;16213343;16217430;53933671;129719597;102071048;102491680;20488062;140934953;153839560;11094559;11240442;11366956;88635940;996;119047;123295;450724;12203467;12205407;12205408;12205409;12205411;12205412;12205413;12205414;12205416;12205417;12205419;12205420;57224171	PUBCHEMANNOTATIONBIO:(null);HMDB:(HMDB0000228);MiMeDB:(MMDBc0000077);PUBCHEMANNOTATIONSAFETYANDTOXIC:(null);BloodExposome:(18417210 996 4445035 23670670 119047 66602278);SUPERNATURAL:(SN0154453);HSDB:(108-95-2 139-02-6);MESH:(996 119047);FooDB:(FDB000893);PUBCHEM:(101252639 101252640 19933415 76972960 5152889 16213343 16217430 53933671 129719597 102071048 102491680 20488062 140934953 153839560 11094559 11240442 11366956 88635940 996 119047 123295 450724 12203467 12205407 12205408 12205409 12205411 12205412 12205413 12205414 12205416 12205417 12205419 12205420 57224171);public_spectra_2506;COCONUT:(CNP0155356);NORMAN:(NS00010045 NS00079073 NS00079198 NS00082140 NS00102040 NS00102832 NS00103999 NS00104087);METACYC:(PHENOL);CHEBI:(52476 33853 52245 50526 15882);KEGG:(C00146 C15584);DSSTox:(DTXSID00635573 DTXSID10799817 DTXSID20733368 DTXSID30584388 DTXSID30881405 DTXSID4027072 DTXSID40737823 DTXSID40784615 DTXSID40784913 DTXSID50204076 DTXSID5021124 DTXSID50454877 DTXSID50480398 DTXSID50593578 DTXSID60583884 DTXSID60768376 DTXSID7064073 DTXSID70954086 DTXSID80893477 DTXSID90480397 DTXSID90772542);LOTUS:(Q130336);PUBCHEMANNOTATIONDRUG:(null);PUBCHEMANNOTATIONFOOD:(null);PUBMED:(null);KNAPSACK:(ISWSIDIOOBJBQZ-UHFFFAOYSA-N)	148167199614	95.049	313	5.215	857337876552111836	857336438133640176	857336438129445871	4171	
1	1	0.092	0.163	-93.674		1.000	48.624	C10H16O2	[M + H]+	C10H17O2+	RDOHPVPONNHSPH	InChI=1S/C10H16O2/c1-3-4-5-6-7-8-9-12-10(2)11/h3,7-8H,1,4-6,9H2,2H3	octa-2,7-dien-1-yl acetate	CC(=O)OCC=CCCCC=C	2.500	5363375;5363376;19013	COCONUT:(CNP0076931);PUBCHEMANNOTATIONSAFETYANDTOXIC:(null);LIPIDMAPS:(LMFA07010187);SUPERNATURAL:(SN0322446);PUBCHEM:(5363375 5363376 19013);DSSTox:(DTXSID901031750)	139656691714	169.122	313	5.218	857337854699787789	857336438230109172	857336438230109171	4167	
1	6	0.373	0.373	-53.603		0.008	22.364	C18H39NO10	[M + H]+	C18H40NO10+	ILQQENQWFPXYRF	InChI=1S/C18H39NO10/c19-29-18-17-28-16-15-27-14-13-26-12-11-25-10-9-24-8-7-23-6-5-22-4-3-21-2-1-20/h20H,1-19H2	2-[2-[2-[2-[2-[2-[2-[2-(2-Aminooxyethoxy)ethoxy]ethoxy]ethoxy]ethoxy]ethoxy]ethoxy]ethoxy]ethanol	C(COCCOCCOCCOCCOCCOCCOCCOCCON)O	-2.500	88920051	PUBCHEM:(88920051)	2	430.265	316	5.271	857337861217736257	857336438343355384	857336438343355383	4250	
1	1	0.808	0.734	-10.041		0.999	18.121	C10H22O5	[M + H]+	C10H23O5+	ZUHZGEOKBKGPSW	InChI=1S/C10H22O5/c1-11-3-5-13-7-9-15-10-8-14-6-4-12-2/h3-10H2,1-2H3	Glyme 5	COCCOCCOCCOCCOC	-0.202	88448760;8925;46783037;132915692;132915693	PUBCHEMANNOTATIONBIO:(null);COCONUT:(CNP0284374);NORMAN:(NS00010103);HMDB:(HMDB0258894);PUBCHEMANNOTATIONSAFETYANDTOXIC:(null);BloodExposome:(8925);CHEBI:(46785);SUPERNATURAL:(SN0480463);MESH:(8925);PUBCHEM:(88448760 8925 46783037 132915692 132915693);public_spectra_2506;DSSTox:(DTXSID7044396);PUBMED:(null)	146120376430	223.154	321	5.356	857337868222224022	857336438553070592	857336438548876287	4337	
1	2	0.860	0.860	-14.126		0.019	62.237	C13H13N3	[M + H]+	C13H14N3+	OWRCNXZUPFZXOS	InChI=1S/C13H13N3/c14-13(15-11-7-3-1-4-8-11)16-12-9-5-2-6-10-12/h1-10H,(H3,14,15,16)	Vulkazit	C1=CC=C(C=C1)NC(=NC2=CC=CC=C2)N	2.400	4377576;139024083;7594	PUBCHEMANNOTATIONBIO:(null);PUBCHEMANNOTATIONSAFETYANDTOXIC:(null);BloodExposome:(7594);SUPERNATURAL:(SN0277191);HSDB:(102-06-7);MESH:(7594);PUBCHEM:(4377576 139024083 7594);public_spectra_2506;COCONUT:(CNP0461078);NORMAN:(NS00011462 NS00084550 NS00091787);CHEBI:(144319);DSSTox:(DTXSID00916733 DTXSID3025178 DTXSID401014595);PUBCHEMANNOTATIONDRUG:(null);PUBCHEMANNOTATIONFOOD:(null);PUBMED:(null)	146288149094	212.118	323	5.375	857337881815963393	857336438766980104	857336438762785799	4364	
1	1	0.477	0.477	-68.157		1.000	90.711	C12H16O3	[M + H]+	C12H17O3+	WGIIOGRUHSJKMI	InChI=1S/C12H16O3/c1-4-14-11(13)12(2,3)15-10-8-6-5-7-9-10/h5-9H,4H2,1-3H3	Ethyl 2-methyl-2-phenoxypropanoate	CCOC(=O)C(C)(C)OC1=CC=CC=C1	2.800	163209756;86476	PUBCHEM:(163209756 86476);DSSTox:(DTXSID30171934)	137438953474	209.117	325	5.420	857337873435743937	857336438867643404	857336438867643403	4419	
1	4	0.153	0.153	-129.835		0.000	51.910	C21H47N3O5	[M + K]+	C21H47KN3O5+	XWVSQOQYWPIOMB	InChI=1S/C21H47N3O5/c1-20(18-22(8-3-13-25)9-4-14-26)24(12-7-17-29)19-21(2)23(10-5-15-27)11-6-16-28/h20-21,25-29H,3-19H2,1-2H3	3-[2-[2-[Bis(3-hydroxypropyl)amino]propyl-(3-hydroxypropyl)amino]propyl-(3-hydroxypropyl)amino]propan-1-ol	CC(CN(CCCO)CCCO)N(CCCO)CC(C)N(CCCO)CCCO	-0.400	87435508	PUBCHEM:(87435508)	2	460.312	326	5.440	857337867525969551	857336438972501008	857336438972501007	4462	
1	1	0.214	0.214	-77.805		0.473	19.666	C20H43NO11	[M + H]+	C20H44NO11+	QSXAZWFCKLVBPH	InChI=1S/C20H43NO11/c21-32-20-19-31-18-17-30-16-15-29-14-13-28-12-11-27-10-9-26-8-7-25-6-5-24-4-3-23-2-1-22/h22H,1-21H2	2-[2-[2-[2-[2-[2-[2-[2-[2-(2-Aminooxyethoxy)ethoxy]ethoxy]ethoxy]ethoxy]ethoxy]ethoxy]ethoxy]ethoxy]ethanol	C(COCCOCCOCCOCCOCCOCCOCCOCCOCCON)O	-2.700	88920106	PUBCHEM:(88920106)	2	474.291	333	5.551	857337859510654513	857336439073164308	857336439073164307	4480	
1	1	0.157	0.275	-52.812		0.940	20.598	C11H24O5	[M + H]+	C11H25O5+	YZWVMKLQNYGKLJ	InChI=1S/C11H24O5/c1-3-13-6-7-15-10-11-16-9-8-14-5-4-12-2/h3-11H2,1-2H3	2,5,8,11,14-Pentaoxahexadecane	CCOCCOCCOCCOCCOC	-0.100	19982973	PUBCHEMANNOTATIONBIO:(null);PUBCHEM:(19982973);DSSTox:(DTXSID70601664)	137455730690	237.170	334	5.560	857337880159213293	857336439178021912	857336439178021911	4490	
1	8	0.067	0.067	-122.658		0.004	4.371	C12H29N5O	[M + Na]+	C12H29N5NaO+	XXVRUAMCXSIRRR	InChI=1S/C12H29N5O/c1-3-14-5-7-16-9-11-18-12-10-17-8-6-15-4-2-13-1/h13-17H,1-12H2	1-Oxa-4,7,10,13,16-pentazacyclooctadecane	C1CNCCNCCOCCNCCNCCN1	-1.976	12342765	PUBCHEM:(12342765)	2	282.228	334	5.563	857337865869219461	857336439278685212	857336439274490907	4568	
1	1	0.044	0.044	-427.496		0.977	61.608	C23H45N5O7	[M + H]+	C23H46N5O7+	VENUMUIFOVRGNW	InChI=1S/C23H45N5O7/c1-22(2,3)28-8-11-6-14(26)20(32-9-11)34-17-12(24)7-13(25)18(15(17)29)35-21-16(30)19(27-5)23(4,31)10-33-21/h6,12-21,27-31H,7-10,24-26H2,1-5H3	6'-N-tert-Butylsisomicin	CC1(COC(C(C1NC)O)OC2C(CC(C(C2O)OC3C(C=C(CO3)CNC(C)(C)C)N)N)N)O	-4.600	3047258	PUBCHEMANNOTATIONSAFETYANDTOXIC:(null);PUBCHEM:(3047258);DSSTox:(DTXSID10979112)	137506062338	504.338	341	5.688	857337878129170147	857336439379348512	857336439375154207	4641	
1	3	0.917	0.917	-10.163		0.032	14.502	C20H42O11	[M + H3N + H]+	C20H46NO11+	DTPCFIHYWYONMD	InChI=1S/C20H42O11/c21-1-3-23-5-7-25-9-11-27-13-15-29-17-19-31-20-18-30-16-14-28-12-10-26-8-6-24-4-2-22/h21-22H,1-20H2	Polyoxyethylene (10)	C(COCCOCCOCCOCCOCCOCCOCCOCCOCCO)O	-2.500	79689	PUBCHEMANNOTATIONBIO;COCONUT:(CNP0365695);NORMAN:(NS00001004);PUBCHEMANNOTATIONSAFETYANDTOXIC;CHEBI:(46550);SUPERNATURAL:(SN0075113);PUBCHEM:(79689);public_spectra_2506;DSSTox:(DTXSID50204354);GNPS:(CCMSLIB00003136855);MACONDA:(CON00058)	146116187170	476.307	341	5.689	857337865286211190	857336439471623204	857336439467428899	4646	
1	1	0.911	0.911	-7.809		0.915	20.164	C20H42O11	[M + H]+	C20H43O11+	DTPCFIHYWYONMD	InChI=1S/C20H42O11/c21-1-3-23-5-7-25-9-11-27-13-15-29-17-19-31-20-18-30-16-14-28-12-10-26-8-6-24-4-2-22/h21-22H,1-20H2	Polyoxyethylene (10)	C(COCCOCCOCCOCCOCCOCCOCCOCCOCCO)O	-2.500	79689	PUBCHEMANNOTATIONBIO;COCONUT:(CNP0365695);NORMAN:(NS00001004);PUBCHEMANNOTATIONSAFETYANDTOXIC;CHEBI:(46550);SUPERNATURAL:(SN0075113);PUBCHEM:(79689);public_spectra_2506;DSSTox:(DTXSID50204354);GNPS:(CCMSLIB00003136855);MACONDA:(CON00058)	146116187170	459.280	341	5.691	857337873037285047	857336439559703592	857336439555509287	4645	
1	1	0.064	0.064	-220.882		0.980	11.068	C14H27NO4	[M + H]+	C14H28NO4+	KCTOWZYKZDFZMQ	InChI=1S/C14H27NO4/c1-13(2,3)18-11(16)7-9-15-10-8-12(17)19-14(4,5)6/h15H,7-10H2,1-6H3	Di-tert-butyl 3,3'-Iminodipropionate	CC(C)(C)OC(=O)CCNCCC(=O)OC(C)(C)C	1.400	10945622	PUBCHEMANNOTATIONSAFETYANDTOXIC:(null);PUBCHEM:(10945622);DSSTox:(DTXSID60449350)	137506062338	274.201	345	5.744	857337876254316242	857336439731670064	857336439727475759	4721	
1	2	0.221	0.221	-50.620		0.500	145.732	C11H16O	[M + CH2O2 + H]+	C12H19O3+	HUDJVPUYYQAOOD	InChI=1S/C11H16O/c1-5-6-10(4)8-11(12)7-9(2)3/h5-7H,1,8H2,2-4H3	(6E)-2,6-Dimethyl-2,6,8-nonatriene-4-one	CC(=CC(=O)CC(=CC=C)C)C	3.400	12069509	TeroMol:(TKC019259);PUBCHEM:(12069509)	8388610	211.133	345	5.755	857337894117857045	857336439819750452	857336439819750451	4789	
1	1	0.014	0.014	-112.825		0.982	30.221	C11H10N2O2	[M + H]+	C11H11N2O2+	OSVNEGAPNXBADJ	InChI=1S/C11H10N2O2/c1-7-4-8(2)11(13-6-15)9(3)10(7)12-5-14/h4H,1-3H3	2,4,6-Trimethyl-1,3-phenylene diisocyanate	CC1=CC(=C(C(=C1N=C=O)C)N=C=O)C	4.600	2733394	PUBCHEMANNOTATIONSAFETYANDTOXIC:(null);PUBCHEM:(2733394);DSSTox:(DTXSID50369891)	137506062338	203.082	346	5.766	857337872932427437	857336439907830840	857336439907830839	4802	
1	1	0.027	0.027	-302.180		0.746	24.809	C23H42N4O8	[M + H3N + H]+	C23H46N5O8+	JNJGHWCLIHDZDM	InChI=1S/C23H42N4O8/c1-18(2)17-22(31)27(35)16-8-4-6-13-24-19(28)9-11-21(30)26(34)15-7-3-5-14-25-20(29)10-12-23(32)33/h18,34-35H,3-17H2,1-2H3,(H,24,28)(H,25,29)(H,32,33)	Tenacibactin C	CC(C)CC(=O)N(CCCCCNC(=O)CCC(=O)N(CCCCCNC(=O)CCC(=O)O)O)O	-0.400	16216279	COCONUT:(CNP0375311);SUPERNATURAL:(SN0170089);PUBCHEM:(16216279);LOTUS:(Q75058459);PUBMED;KNAPSACK:(JNJGHWCLIHDZDM-UHFFFAOYSA-N)	271581266	520.333	355	5.909	857337882289919754	857336439995911228	857336439991716923	4901	
1	1	0.778	0.778	-4.175		0.844	25.098	C22H46O12	[M + H]+	C22H47O12+	PSVXZQVXSXSQRO	InChI=1S/C22H46O12/c23-1-3-25-5-7-27-9-11-29-13-15-31-17-19-33-21-22-34-20-18-32-16-14-30-12-10-28-8-6-26-4-2-24/h23-24H,1-22H2	Undecaethylene glycol	C(COCCOCCOCCOCCOCCOCCOCCOCCOCCOCCO)O	-2.600	81260	PUBCHEMANNOTATIONBIO:(null);COCONUT:(CNP0179339);NORMAN:(NS00001005);PUBCHEMANNOTATIONSAFETYANDTOXIC:(null);BloodExposome:(81260);CHEBI:(46801);SUPERNATURAL:(SN0294291);PUBCHEM:(81260);public_spectra_2506;DSSTox:(DTXSID70218291);GNPS:(CCMSLIB00003135327);MACONDA:(CON00059)	146120381474	503.306	355	5.911	857337881241343734	857336440100768832	857336440100768831	4892	
1	3	0.010	0.019	-179.421		0.000	89.366	C8H19O3P	[M + Na]+	C8H19NaO3P+	XPLOQMVUXWZLET	InChI=1S/C8H19O3P/c1-3-5-6-7-8-12(9,10)11-4-2/h3-8H2,1-2H3,(H,9,10)	N-Hexylphosphonate Ethyl Ester	CCCCCCP(=O)(O)OCC	1.600	446896;57484613	PUBCHEMANNOTATIONBIO:(null);NORMAN:(NS00070134);PUBCHEM:(446896 57484613);DSSTox:(DTXSID601298713);PUBMED:(null)	137455992898	217.097	355	5.912	857338661398666852	857336440218209348	857336440218209347	5004	
1	1	0.039	0.039	-29.399		1.000	20.712	C5H11NSi	[M + H]+	C5H12NSi+	OLSTVZKPVGMQKB	InChI=1S/C5H11NSi/c1-6-5-7(2,3)4/h5H2,2-4H3	(Trimethylsilyl)methyl isocyanide	C[Si](C)(C)C[N+]#[C-]	0.000	450280	PUBCHEMANNOTATIONSAFETYANDTOXIC:(null);PUBCHEM:(450280);DSSTox:(DTXSID70332320)	137506062338	114.073	355	5.914	857338653567901270	857336440331455560	857336440327261255	4976	
1	3	0.390	0.390	-277.052		0.008	15.539	C26H56NO7P	[M + Na]+	C26H56NNaO7P+	QDZNJWXLLOYCQE	InChI=1S/C26H56NO7P/c1-3-4-5-6-7-8-9-10-11-12-13-14-15-16-17-18-19-26(31-2)24-32-22-25(28)23-34-35(29,30)33-21-20-27/h25-26,28H,3-24,27H2,1-2H3,(H,29,30)	1-(2-Methoxy-eicosanyl)-sn-glycero-3-phosphoethanolamine	CCCCCCCCCCCCCCCCCCC(COCC(COP(=O)(O)OCCN)O)OC	4.300	137323926	CHEBI:(187349);LIPIDMAPS:(LMGP02060023);PUBCHEM:(137323926)	2147483682	548.364	355	5.916	857338665597165741	857336440436313164	857336440432118859	4905	
1	1	0.107	0.107	-178.624		0.999	54.422	C10H13NO3	[M + H]+	C10H14NO3+	OZTJTXTWPFGIHY	InChI=1S/C10H13NO3/c11-9(10(12)13)6-7-14-8-4-2-1-3-5-8/h1-5,9H,6-7,11H2,(H,12,13)	(2S)-2-amino-4-phenoxybutanoate	C1=CC=C(C=C1)OCCC(C(=O)O)N	-1.300	153944392;13100128;13100130;191234	NORMAN:(NS00114165);MESH:(191234 13100128);PUBCHEM:(153944392 13100128 13100130 191234);DSSTox:(DTXSID10966522);PUBMED:(null)	137439215686	196.097	358	5.963	857338653223968332	857336440541170768	857336440541170767	5081	
1	3	0.144	0.144	-288.563		0.001	44.764	C28H60NO8P	[M + Na]+	C28H60NNaO8P+	XYGGQJMEUXSUMM	InChI=1S/C28H60NO8P/c1-3-4-5-6-7-8-9-10-11-12-13-14-15-16-17-18-24-35-26-28(34-2)27-37-38(32,33)36-25-21-29(19-22-30)20-23-31/h28,30-31H,3-27H2,1-2H3,(H,32,33)	2-[bis(2-hydroxyethyl)amino]ethyl [(2R)-2-methoxy-3-octadecoxypropyl] hydrogen phosphate	CCCCCCCCCCCCCCCCCCOCC(COP(=O)(O)OCCN(CCO)CCO)OC	4.000	98047039;98047040;24802420	PUBCHEM:(98047039 98047040 24802420)	2	592.390	367	6.108	857338660920516186	857336440646028372	857336440641834067	5118	
1	3	0.024	0.024	-603.495		0.076	20.477	C32H42N4O4	[M + H3N + H]+	C32H46N5O4+	OYMUMWGTIVZDEF	InChI=1S/C32H42N4O4/c1-2-27(35-19-21-40-22-20-35)30(37)33-26-16-10-9-15-25-17-18-28(36(25)32(26)39)31(38)34-29(23-11-5-3-6-12-23)24-13-7-4-8-14-24/h3-8,11-14,25-29H,2,9-10,15-22H2,1H3,(H,33,37)(H,34,38)	(3S,6S,10aS)-N-(diphenylmethyl)-6-[(2S)-2-(morpholin-4-yl)butanamido]-5-oxo-decahydropyrrolo[1,2-a]azocine-3-carboxamide	CCC(C(=O)NC1CCCCC2CCC(N2C1=O)C(=O)NC(C3=CC=CC=C3)C4=CC=CC=C4)N5CCOCC5	4.100	25138067;143171492	PUBCHEMANNOTATIONBIO:(null);PUBCHEM:(25138067 143171492);PUBMED:(null)	16777282	564.359	367	6.111	857338673423737181	857336440738303064	857336440734108759	5126	
1	1	0.863	0.863	-8.438		0.777	46.400	C24H50O13	[M + H]+	C24H51O13+	WRZXKWFJEFFURH	InChI=1S/C24H50O13/c25-1-3-27-5-7-29-9-11-31-13-15-33-17-19-35-21-23-37-24-22-36-20-18-34-16-14-32-12-10-30-8-6-28-4-2-26/h25-26H,1-24H2	3,6,9,12,15,18,21,24,27,30,33-undecaoxapentatriacontane-1,35-diol	C(COCCOCCOCCOCCOCCOCCOCCOCCOCCOCCOCCO)O	-2.800	81248	PUBCHEMANNOTATIONBIO:(null);COCONUT:(CNP0346661);NORMAN:(NS00001006);PUBCHEMANNOTATIONSAFETYANDTOXIC:(null);BloodExposome:(81248);CHEBI:(39524);SUPERNATURAL:(SN0418455);PUBCHEM:(81248);DSSTox:(DTXSID40218122);MACONDA:(CON00060);PUBMED:(null)	137530442850	547.333	367	6.113	857338674078048613	857336440830577756	857336440826383451	5196	
1	1	0.511	0.634	-82.970		1.000	27.980	C10H22O4	[M + H]+	C10H23O4+	COBPKKZHLDDMTB	InChI=1S/C10H22O4/c1-2-3-5-12-7-9-14-10-8-13-6-4-11/h11H,2-10H2,1H3		CCCCOCCOCCOCCO	0.819	8923	PUBCHEMANNOTATIONBIO:(null);COCONUT:(CNP0441428);NORMAN:(NS00001775);PUBCHEMANNOTATIONSAFETYANDTOXIC:(null);SUPERNATURAL:(SN0051069);HSDB:(143-22-6);PUBCHEM:(8923);DSSTox:(DTXSID7021520);GNPS:(CCMSLIB00003135914);PUBCHEMANNOTATIONDRUG:(null)	137559806466	207.159	367	6.114	857338670349312342	857336440931241056	857336440931241055	5176	
1	1	0.803	0.903	-28.330		1.000	26.239	C13H25N	[M + H]+	C13H26N+	JMXKCMGJNZQWDD	InChI=1S/C13H25N/c1-3-7-12(8-4-1)11-14-13-9-5-2-6-10-13/h12-14H,1-11H2	(Cyclohexylmethyl)cyclohexylamine	C1CCC(CC1)CNC2CCCCC2	4.000	1531417	NORMAN:(NS00059453);PUBCHEM:(1531417);DSSTox:(DTXSID70233661)	137439215618	196.206	368	6.131	857339020691146427	857336441036098660	857336441036098659	5234	
1	1	0.112	0.112	-309.423		0.692	28.435	C16H25NO4	[M + H]+	C16H26NO4+	SGDQOAKAHLFKBV	InChI=1S/C16H25NO4/c1-2-4-16(5-3-1)17-6-8-18-10-12-20-14-15-21-13-11-19-9-7-17/h1-5H,6-15H2	13-Phenyl-1,4,7,10-tetraoxa-13-azacyclopentadecane	C1COCCOCCOCCOCCN1C2=CC=CC=C2	1.160	626432	NORMAN:(NS00053118);PUBCHEMANNOTATIONSAFETYANDTOXIC:(null);PUBCHEM:(626432);DSSTox:(DTXSID40216885);PUBMED:(null)	137506324546	296.183	378	6.298	857339025158080340	857336441304534128	857336441304534127	5495	
1	2	0.362	0.362	-455.647		0.231	24.324	C33H50O9	[M + H3N + H]+	C33H54NO9+	QRRWFSPIJZXDDO	InChI=1S/C33H50O9/c1-16-7-10-33(39-15-16)17(2)26-23(42-33)13-22-20-6-5-18-11-19(40-29-27(36)24(14-34)41-30(38)28(29)37)12-25(35)32(18,4)21(20)8-9-31(22,26)3/h5,17,19-30,34-38H,1,6-15H2,2-4H3	6-(hydroxymethyl)-4-{7',9',13'-trimethyl-5-methylidene-5'-oxaspiro[oxane-2,6'-pentacyclo[10.8.0.0²,⁹.0⁴,⁸.0¹³,¹⁸]icosan]-18'-en-14'-oloxy}oxane-2,3,5-triol	CC1C2C(CC3C2(CCC4C3CC=C5C4(C(CC(C5)OC6C(C(OC(C6O)O)CO)O)O)C)C)OC17CCC(=C)CO7	2.500	162896412;162896413	COCONUT:(CNP0163908);TeroMol:(TKC169398);SUPERNATURAL:(SN0313400);PUBCHEM:(162896412 162896413)	11534338	608.385	378	6.301	857339031776692064	857336441388420212	857336441388420211	5497	
1	2	0.045	0.045	-1151.437		0.115	30.599	C32H59N3O8	[M + Na]+	C32H59N3NaO8+	JCGPBCSTSYKRAJ	InChI=1S/C32H59N3O8/c1-13-25-23(8)35(11)17-19(4)26(34-40-14-2)18(3)16-32(9,39-12)29(21(6)27(36)22(7)30(38)42-25)43-31-28(37)24(33-10)15-20(5)41-31/h14,18-25,27-29,31,33,36-37H,2,13,15-17H2,1,3-12H3	7-[(ethenyloxy)imino]-2-ethyl-13-hydroxy-11-{[3-hydroxy-6-methyl-4-(methylamino)oxan-2-yl]oxy}-10-methoxy-3,4,6,8,10,12,14-heptamethyl-1-oxa-4-azacyclopentadecan-15-one	CCC1C(N(CC(C(=NOC=C)C(CC(C(C(C(C(C(=O)O1)C)O)C)OC2C(C(CC(O2)C)NC)O)(C)OC)C)C)C)C	3.900	11399336;72832056	COCONUT:(CNP0086017);SUPERNATURAL:(SN0161609);PUBCHEM:(11399336 72832056)	3145730	636.417	378	6.302	857339057580050959	857336441484889208	857336441480694903	5504	
1	1	0.901	0.901	-19.499		0.902	20.497	C26H54O14	[M + H]+	C26H55O14+	AKWFJQNBHYVIPY	InChI=1S/C26H54O14/c27-1-3-29-5-7-31-9-11-33-13-15-35-17-19-37-21-23-39-25-26-40-24-22-38-20-18-36-16-14-34-12-10-32-8-6-30-4-2-28/h27-28H,1-26H2		C(COCCOCCOCCOCCOCCOCCOCCOCCOCCOCCOCCOCCO)O	-2.900	87168	PUBCHEMANNOTATIONBIO:(null);NORMAN:(NS00001007);PUBCHEM:(87168);DSSTox:(DTXSID80170053);MACONDA:(CON00061)	137455993858	591.359	378	6.304	857339045445929444	857336441774296188	857336441774296187	5492	
1	2	0.131	0.162	-44.839		0.332	84.631	C9H8O4	[M - H2O + H]+	C9H7O3+	PMZBHPUNQNKBOA	InChI=1S/C9H8O4/c1-5-2-6(8(10)11)4-7(3-5)9(12)13/h2-4H,1H3,(H,10,11)(H,12,13)	5-Methylisophthalic acid	CC1=CC(=CC(=C1)C(=O)O)C(=O)O	1.300	6993929;68137	NORMAN:(NS00031983);PUBCHEMANNOTATIONSAFETYANDTOXIC:(null);PUBCHEM:(6993929 68137);DSSTox:(DTXSID50198143);PUBMED:(null)	137506324546	163.039	383	6.375	857339048977533433	857336441841405056	857336441841405055	5622	
1	1	0.019	0.019	-303.772		1.000	27.866	C16H24O4	[M + H]+	C16H25O4+	NKIDFMYWMSBSRA	InChI=1S/C16H24O4/c1-11(2)15(17)19-9-13-5-7-14(8-6-13)10-20-16(18)12(3)4/h13-14H,1,3,5-10H2,2,4H3	1,4-Cyclohexanediylbis(methylene) bismethacrylate	CC(=C)C(=O)OCC1CCC(CC1)COC(=O)C(=C)C	3.700	103698	NORMAN:(NS00056797);PUBCHEM:(103698);DSSTox:(DTXSID70967353)	137439215618	281.175	383	6.381	857339047169788398	857336441912708228	857336441908513923	5641	
1	1	0.592	0.647	-58.785		1.000	40.327	C10H22O4	[M + H]+	C10H23O4+	COBPKKZHLDDMTB	InChI=1S/C10H22O4/c1-2-3-5-12-7-9-14-10-8-13-6-4-11/h11H,2-10H2,1H3		CCCCOCCOCCOCCO	0.819	8923	PUBCHEMANNOTATIONBIO:(null);COCONUT:(CNP0441428);NORMAN:(NS00001775);PUBCHEMANNOTATIONSAFETYANDTOXIC:(null);SUPERNATURAL:(SN0051069);HSDB:(143-22-6);PUBCHEM:(8923);DSSTox:(DTXSID7021520);GNPS:(CCMSLIB00003135914);PUBCHEMANNOTATIONDRUG:(null)	137559806466	207.159	388	6.460	857339039058004115	857336441975622792	857336441975622791	5775	
1	6	0.155	0.155	-115.729		0.040	30.176	C14H28N3O3P	[M + H]+	C14H29N3O3P+	RPKOIOLUAUASME	InChI=1S/C14H29N3O3P/c1-2-21(15-3-9-18-10-4-15,16-5-11-19-12-6-16)17-7-13-20-14-8-17/h2-14H2,1H3/q+1	Ethyl(trimorpholin-4-yl)phosphanium	CC[P+](N1CCOCC1)(N2CCOCC2)N3CCOCC3	-0.100	163700406	PUBCHEM:(163700406)	2	318.196	388	6.464	857339042635745438	857336442046925964	857336442042731659	5742	
1	4	0.088	0.088	-451.017		0.034	24.820	C30H59N9O7	[M + Na]+	C30H59N9NaO7+	JFFDGTOSLFLYJK	InChI=1S/C30H59N9O7/c1-20(2)18-21(33)26(42)36-23(11-5-8-14-32)29(45)39-25(19-41)30(46)38-24(12-6-9-15-34-3)28(44)37-22(10-4-7-13-31)27(43)35-16-17-40/h17,20-25,34,41H,4-16,18-19,31-33H2,1-3H3,(H,35,43)(H,36,42)(H,37,44)(H,38,46)(H,39,45)	H-Leu-Lys-Ser-Lys(Me)-Lys-Gly-al	CC(C)CC(C(=O)NC(CCCCN)C(=O)NC(CO)C(=O)NC(CCCCNC)C(=O)NC(CCCCN)C(=O)NCC=O)N	-2.400	449213	PUBCHEMANNOTATIONBIO:(null);PUBCHEM:(449213)	16777218	680.443	388	6.468	857339172822751488	857336442114034832	857336442109840527	5741	
1	1	0.422	0.853	-24.352		0.913	54.522	C7H7N3	[M + H]+	C7H8N3+	CMGDVUCDZOBDNL	InChI=1S/C7H7N3/c1-5-3-2-4-6-7(5)9-10-8-6/h2-4H,1H3,(H,8,9,10)	Tolytriazole	CC1=CC=CC2=NNN=C12	1.400	122499;46782192	COCONUT:(CNP0441309);NORMAN:(NS00010509 NS00052926);PUBCHEMANNOTATIONSAFETYANDTOXIC:(null);SUPERNATURAL:(SN0049630);PUBCHEM:(122499 46782192);public_spectra_2506;DSSTox:(DTXSID201032757 DTXSID501032756 DTXSID50274037);PUBCHEMANNOTATIONDRUG:(null);PUBMED:(null)	146132959298	134.071	390	6.502	857339290519127391	857336442319555740	857336442319555739	5795	
1	1	0.204	0.204	-485.449		0.743	62.472	C18H29NO5	[M + H]+	C18H30NO5+	XVABOMALDVNXIS	InChI=1S/C18H29NO5/c1-22-7-8-24-13-18(9-16(20)17(21)10-18)12-19-11-14-3-5-15(23-2)6-4-14/h3-6,16-17,19-21H,7-13H2,1-2H3	(1S,2R)-4-(2-methoxyethoxymethyl)-4-[[(4-methoxyphenyl)methylamino]methyl]cyclopentane-1,2-diol	COCCOCC1(CC(C(C1)O)O)CNCC2=CC=C(C=C2)OC	0.300	75368114	SUPERNATURAL:(SN0440842);PUBCHEM:(75368114);PUBMED:(null)	1048642	340.209	397	6.620	857339111053234023	857336442382470304	857336442382470303	5991	
1	1	0.055	0.055	-417.534		0.863	14.265	C20H36N2O5	[M + H]+	C20H37N2O5+	YHBPDUQBTBEAFP	InChI=1S/C20H36N2O5/c1-2-3-4-5-6-7-8-9-10-11-18-21-12-13-22(18,16-19(23)24)14-15-27-17-20(25)26/h2-17H2,1H3,(H-,23,24,25,26)/p+1	1-[2-(Carboxymethoxy)ethyl]-1-(carboxymethyl)-2-undecyl-4,5-dihydro-1h-imidazol-1-ium	CCCCCCCCCCCC1=NCC[N+]1(CCOCC(=O)O)CC(=O)O	3.900	146251453;145947532;31857	NORMAN:(NS00013621);PUBCHEM:(146251453 145947532 31857)	262146	385.267	397	6.620	857339103058890577	857336442449579172	857336442445384867	5995	
1	4	0.046	0.046	-144.614		0.051	8.053	C14H34N4O7	[M + H]+	C14H35N4O7+	NUJRKZPGTMOHSC	InChI=1S/C14H34N4O7/c15-17-9-13(19)11-24-7-5-22-3-1-21-2-4-23-6-8-25-12-14(20)10-18-16/h13-14,17-20H,1-12,15-16H2	1,1'-[Oxybis(ethyleneoxyethyleneoxymethylene)]bis(2-hydrazinoethanol)	C(COCCOCC(CNN)O)OCCOCCOCC(CNN)O	-4.100	10915636	PUBCHEM:(10915636)	2	371.252	397	6.624	857339105520947039	857336442512493736	857336442512493735	5994	
1	2	0.209	0.209	-505.772		0.152	22.252	C39H65NO11	[M + H]+	C39H66NO11+	SSGYYGXYMFWIQF	InChI=1S/C39H65NO11/c1-35(2)29-11-10-26-27(17-31(46)39(7)25(13-14-38(26,39)6)22(21-41)9-12-30(45)36(3,4)49)37(29,5)18-28(44)34(35)51-32(47)16-23(42)15-24(43)19-40-20-33(48)50-8/h22-23,25,28-31,34,40-42,44-46,49H,9-21H2,1-8H3	8,11-dihydroxy-3a,6,6,9a,11a-pentamethyl-1-(1,5,6-trihydroxy-6-methylheptan-2-yl)-1H,2H,3H,3aH,4H,5H,5aH,6H,7H,8H,9H,9aH,10H,11H,11aH-cyclopenta[a]phenanthren-7-yl 3-hydroxy-6-[(2-methoxy-2-oxoethyl)amino]-5-oxohexanoate	CC1(C2CCC3=C(C2(CC(C1OC(=O)CC(CC(=O)CNCC(=O)OC)O)O)C)CC(C4(C3(CCC4C(CCC(C(C)(C)O)O)CO)C)C)O)C	2.200	131751680	PUBCHEMANNOTATIONBIO:(null);COCONUT:(CNP0212478);HMDB:(HMDB0035189);SUPERNATURAL:(SN0353947);FooDB:(FDB013835);PUBCHEM:(131751680);PUBCHEMANNOTATIONDRUG:(null)	590348298	724.469	398	6.625	857339387504018841	857336442575408300	857336442575408299	6004	
1	5	0.059	0.059	-267.196		0.085	9.792	C8H15N5O2	[M + Na]+	C8H15N5NaO2+	FOPUHVVAVMYSFK	InChI=1S/C8H15N5O2/c1-8(2,3)15-7(14)10-4-5-11-6(9)13-12-5/h4H2,1-3H3,(H,10,14)(H3,9,11,12,13)	tert-butyl (3-amino-1H-1,2,4-triazol-5-yl)methylcarbamate	CC(C)(C)OC(=O)NCC1=NC(=NN1)N	0.200	3240300	PUBCHEMANNOTATIONSAFETYANDTOXIC:(null);PUBCHEM:(3240300);PUBMED:(null)	67108930	236.113	403	6.717	857339353727288714	857336442709626036	857336442705431731	6116	
1	1	0.036	0.036	-103.428		0.998	105.537	C12H26O5	[M + H]+	C12H27O5+	MXVMODFDROLTFD	InChI=1S/C12H26O5/c1-2-3-5-14-7-9-16-11-12-17-10-8-15-6-4-13/h13H,2-12H2,1H3	3,6,9,12-Tetraoxahexadecan-1-OL	CCCCOCCOCCOCCOCCO	0.718	73791	PUBCHEMANNOTATIONBIO:(null);NORMAN:(NS00048435);PUBCHEMANNOTATIONSAFETYANDTOXIC:(null);PUBCHEM:(73791);DSSTox:(DTXSID2027412)	137523101698	251.185	406	6.767	857339352708072828	857336442915146944	857336442915146943	6264	
1	4	0.022	0.022	-318.881		0.030	8.516	C15H29N5O	[M + H]+	C15H30N5O+	VWFMJROCZFFUNX	InChI=1S/C15H29N5O/c16-13-11-3-1-2-4-12(11)19-15(20-13)18-10-7-5-9(6-8-10)14(17)21/h9-13,15,18-20H,1-8,16H2,(H2,17,21)	4-[(4-Amino-1,2,3,4,4a,5,6,7,8,8a-decahydroquinazolin-1-ium-2-yl)amino]cyclohexane-1-carboxamide	C1CCC2C(C1)C(NC(N2)NC3CCC(CC3)C(=O)N)N	0.100	163136820;163136821	COCONUT:(CNP0449583);SUPERNATURAL:(SN0145009);PUBCHEM:(163136820 163136821)	3145730	296.243	406	6.770	857339521885324734	857336442978061508	857336442978061507	6284	
1	1	0.060	0.060	-261.355		0.856	19.692	C24H38O5	[M + H]+	C24H39O5+	MIHNUBCEFJLAGN	InChI=1S/C24H38O5/c1-13(4-7-21(28)29)16-5-6-17-22-18(12-20(27)24(16,17)3)23(2)9-8-15(25)10-14(23)11-19(22)26/h13-19,22,25-26H,4-12H2,1-3H3,(H,28,29)	12-Oxochenodeoxycholate	CC(CCC(=O)O)C1CCC2C1(C(=O)CC3C2C(CC4C3(CCC(C4)O)C)O)C	3.300	42622754;124768145;124914651;124914652;124914654;162477959;9548900;9953164;145453372;50908932;5283946;5283947;5283948;5283949;5283950;5283951;5459824;135070708;129626824;129854731;22816606;22884026;22942196;58226371;7173469;7173471;7173473;145620004;91746173;25203020;500164;99566030;99566031;129106819;129106820;123570819;132050110;132216591;13191856;13191858;94235;158005;376834;439472;117792078;117792200;133556305;11877116;11877117;11887006;11887007;11887008;11887009;11887010;11887011;11887012;11887013;11888245;11888246;11888247;11888248;11888249;11888250;2754275;24836714	PUBCHEMANNOTATIONBIO:(null);HMDB:(HMDB0000400);MiMeDB:(MMDBc0000342);PUBCHEMANNOTATIONSAFETYANDTOXIC:(null);BloodExposome:(439472 13191856 118701159 101569142 94235);LIPIDMAPS:(LMST04010182 LMST04010181 LMST04010178 LMST04010176 LMST04010177 LMST04010179 LMST04010183 LMST04010180);SUPERNATURAL:(SN0226438);MESH:(94235 9548900);PUBCHEM:(42622754 124768145 124914651 124914652 124914654 162477959 9548900 9953164 145453372 50908932 5283946 5283947 5283948 5283949 5283950 5283951 5459824 135070708 129626824 129854731 22816606 22884026 22942196 58226371 7173469 7173471 7173473 145620004 91746173 25203020 500164 99566030 99566031 129106819 129106820 123570819 132050110 132216591 13191856 13191858 94235 158005 376834 439472 117792078 117792200 133556305 11877116 11877117 11887006 11887007 11887008 11887009 11887010 11887011 11887012 11887013 11888245 11888246 11888247 11888248 11888249 11888250 2754275 24836714);public_spectra_2506;GNPS:(CCMSLIB00005465139);COCONUT:(CNP0262015);NORMAN:(NS00004095 NS00077235);CHEBI:(16312 11901 166716 182154 137886 138401 181916);KEGG:(C01292);DSSTox:(DTXSID001234581 DTXSID30862956 DTXSID601334921);LOTUS:(Q27101844);PUBCHEMANNOTATIONDRUG:(null);PUBMED:(null)	149643596142	407.280	407	6.775	857339467485201841	857336443036781768	857336443036781767	6243	
1	2	0.023	0.023	-373.284		0.153	17.663	C38H61N11O6	[M + H]+	C38H62N11O6+	PCCHJIAHIWBHDQ	InChI=1S/C38H61N11O6/c39-32(51)28(8-4-5-18-44-37(40)41)46-34(53)29(20-24-11-15-27(50)16-12-24)47-35(54)31-17-19-49(31)36(55)30(21-23-6-2-1-3-7-23)48-33(52)26-13-9-25(10-14-26)22-45-38(42)43/h11-12,15-16,23,25-26,28-31,50H,1-10,13-14,17-22H2,(H2,39,51)(H,46,53)(H,47,54)(H,48,52)(H4,40,41,44)(H4,42,43,45)	N-[(2S)-1-(2-{[(1R)-1-{[(1R)-5-carbamimidamido-1-carbamoylpentyl]carbamoyl}-2-(4-hydroxyphenyl)ethyl]carbamoyl}azetidin-1-yl)-3-cyclohexyl-1-oxopropan-2-yl]-4-(carbamimidamidomethyl)cyclohexane-1-carboxamide	C1CCC(CC1)CC(C(=O)N2CCC2C(=O)NC(CC3=CC=C(C=C3)O)C(=O)NC(CCCCN=C(N)N)C(=O)N)NC(=O)C4CCC(CC4)CN=C(N)N	1.100	5288332;21158807;73346850;44562451;68235108	PUBCHEMANNOTATIONBIO:(null);NORMAN:(NS00073729);PUBCHEM:(5288332 21158807 73346850 44562451 68235108);PUBMED:(null)	17039426	768.495	407	6.778	857339788034888860	857336443099696332	857336443099696331	6218	
1	2	0.353	0.353	-181.838		0.270	16.821	C21H38O5	[M + Na]+	C21H38NaO5+	LXGQYUMQMYDQCX	InChI=1S/C21H38O5/c1-6-12-23-18-8-2-4-10-20(18)25-16-14-22-15-17-26-21-11-5-3-9-19(21)24-13-7-1/h18-21H,1-17H2	2,5,8,15,21-Pentaoxatricyclo[20.4.0.09,14]hexacosane	C1CCOC2CCCCC2OCCOCCOC3CCCCC3OCC1	3.000	148430013	PUBCHEM:(148430013)	2	393.265	407	6.780	857339791507772582	857336443175193808	857336443175193807	6230	
1	1	0.242	0.242	-219.849		0.986	81.967	C16H22N2O2	[M + H]+	C16H23N2O2+	OXAUQBYPXYVIGL	InChI=1S/C16H22N2O2/c1-2-15(19)18(14-9-5-3-6-10-14)13-16(20)17-11-7-4-8-12-17/h3,5-6,9-10H,2,4,7-8,11-13H2,1H3	Propionanilide, N-((piperidinocarbonyl)methyl)-	CCC(=O)N(CC(=O)N1CCCCC1)C2=CC=CC=C2	2.100	3024723	PUBCHEMANNOTATIONSAFETYANDTOXIC:(null);PUBCHEM:(3024723);DSSTox:(DTXSID50242670)	137506062338	275.176	410	6.835	857339805193786976	857336443254885588	857336443254885587	6302	
1	11	0.717	0.863	-37.768		0.000	25.080	C15H22O2	[M + H]+	C15H23O2+	RRIQVLZDOZPJTH	InChI=1S/C15H22O2/c1-14(2,3)11-7-10(9-16)13(17)12(8-11)15(4,5)6/h7-9,17H,1-6H3	3,5-di-tert-butyl-2-hydroxybenzaldehyde	CC(C)(C)C1=CC(=C(C(=C1)C(C)(C)C)O)C=O	4.900	135044227;102407621;688023	COCONUT:(CNP0103077);PUBCHEMANNOTATIONSAFETYANDTOXIC:(null);CHEBI:(184002);SUPERNATURAL:(SN0333189);PUBCHEM:(135044227 102407621 688023);DSSTox:(DTXSID80350777);PUBMED:(null)	137509208162	235.154	413	6.892	857339798218659104	857336443326188760	857336443326188759	6265	
1	1	0.179	0.179	-221.510		0.440	45.681	C16H29N7O4	[M + H]+	C16H30N7O4+	HGGLZHINZIUADE	InChI=1S/C16H29N7O4/c1-2-22-13-15(18-20-22)11-17-12-16-14-23(21-19-16)3-5-25-7-9-27-10-8-26-6-4-24/h13-14,17,24H,2-12H2,1H3	2-[2-[2-[2-[4-[[(1-Ethyltriazol-4-yl)methylamino]methyl]triazol-1-yl]ethoxy]ethoxy]ethoxy]ethanol	CCN1C=C(N=N1)CNCC2=CN(N=N2)CCOCCOCCOCCO	-2.500	140605243	PUBCHEM:(140605243)	2	384.235	414	6.905	857339802748507732	857336443401686236	857336443401686235	6418	
1	4	0.727	0.727	-186.395		0.101	12.386	C22H46O5	[M + K]+	C22H46KO5+	OARYCGKAYBBHAM	InChI=1S/C22H46O5/c1-2-3-4-5-6-7-8-9-10-11-12-13-15-24-17-19-26-21-22-27-20-18-25-16-14-23/h23H,2-22H2,1H3	3,6,9,12-Tetraoxahexacosan-1-ol	CCCCCCCCCCCCCCOCCOCCOCCOCCO	5.210	4649131	NORMAN:(NS00076627);PUBCHEMANNOTATIONSAFETYANDTOXIC:(null);PUBCHEM:(4649131);DSSTox:(DTXSID30959875)	137506324482	429.293	414	6.906	857339801343415885	857336443464600800	857336443464600799	6416	
1	4	0.873	0.961	-120.627		0.122	13.519	C21H44O5	[M + K]+	C21H44KO5+	XGJLRCKXPUPYKH	InChI=1S/C21H44O5/c1-2-3-4-5-6-7-8-9-10-11-12-14-23-16-18-25-20-21-26-19-17-24-15-13-22/h22H,2-21H2,1H3	3,6,9,12-Tetraoxapentacosan-1-ol	CCCCCCCCCCCCCOCCOCCOCCOCCO	4.761	70251	NORMAN:(NS00039514);PUBCHEM:(70251);DSSTox:(DTXSID5048059)	137439215618	415.278	415	6.913	857339807186081510	857336443531709668	857336443531709667	6433	
1	1	0.295	0.368	-76.008		1.000	36.692	C8H15NO	[M + H]+	C8H16NO+	QQZXAODFGRZKJT	InChI=1S/C8H15NO/c1-6(2)7(10)9-8(3,4)5/h1H2,2-5H3,(H,9,10)	N-tert-butyl-2-methylprop-2-enimidate	CC(=C)C(=O)NC(C)(C)C	1.500	153705091;81043	NORMAN:(NS00035889);PUBCHEMANNOTATIONSAFETYANDTOXIC:(null);PUBCHEM:(153705091 81043);DSSTox:(DTXSID20215831)	137506324482	142.123	416	6.932	857339803125995102	857336443598818536	857336443598818535	6450	
1	1	0.467	0.124	-260.804		1.000	161.112	C17H33NO5	[M + H]+	C17H34NO5+	VCRSQDIROUELAR	InChI=1S/C17H33NO5/c1-5-6-7-8-9-10-14(19)11-17(22)23-15(12-16(20)21)13-18(2,3)4/h14-15,19H,5-13H2,1-4H3/p+1	3-Hydroxydecanoyl carnitine	CCCCCCCC(CC(=O)OC(CC(=O)O)C[N+](C)(C)C)O	2.500	121454166;121454167	PUBCHEMANNOTATIONBIO:(null);HMDB:(HMDB0061636);BloodExposome:(121454167);CHEBI:(174487);PUBCHEM:(121454166 121454167);PUBMED:(null)	20971626	332.243	416	6.939	857339831429161346	857336443665927404	857336443665927403	6461	
1	5	0.084	0.084	-114.243		0.006	12.108	C16H33BO2Si	[M + H]+	C16H34BO2Si+	UGDUCBXVSYRCRP	InChI=1S/C16H33BO2Si/c1-5-9-10-11-12-16(15-17-18-13-14-19-17)20(6-2,7-3)8-4/h15H,5-14H2,1-4H3	[(Z)-1-(1,3,2-dioxaborolan-2-yl)oct-1-en-2-yl]-triethylsilane	B1(OCCO1)C=C(CCCCCC)[Si](CC)(CC)CC	5.962	139788232	PUBCHEM:(139788232)	2	296.243	416	6.940	857339813284599867	857336443737230576	857336443737230575	6506	
1	1	0.185	0.185	-114.820		0.333	226.461	C15H22O3	[M + H]+	C15H23O3+	ZRRRSDGANYJDPM	InChI=1S/C15H22O3/c1-8-4-5-11(9(2)15(17)18)6-13-10(3)14(16)7-12(8)13/h8-9,11-12H,4-7H2,1-3H3,(H,17,18)	2-(3,8-dimethyl-2-oxo-1,2,4,5,6,7,8,8a-octahydroazulen-5-yl)propanoic acid	CC1CCC(CC2=C(C(=O)CC12)C)C(C)C(=O)O	2.500	101147557;163033474;85420282;11161039	COCONUT:(CNP0312580);TeroMol:(TKC040069);SUPERNATURAL:(SN0478503);PUBCHEM:(101147557 163033474 85420282 11161039);LOTUS:(Q105382186)	279969794	251.164	416	6.941	857339854904689716	857336443808533748	857336443804339443	6454	
1	1	0.073	0.073	-99.613		0.997	128.689	C12H26O5	[M + H]+	C12H27O5+	WMYINDVYGQKYMI	InChI=1S/C12H26O5/c1-3-11(5-13,6-14)9-17-10-12(4-2,7-15)8-16/h13-16H,3-10H2,1-2H3	Ditrimethylolpropane	CCC(CO)(CO)COCC(CC)(CO)CO	-0.600	90038	COCONUT:(CNP0472867);NORMAN:(NS00004595);SUPERNATURAL:(SN0414579);PUBCHEM:(90038);public_spectra_2506;DSSTox:(DTXSID9044879)	146032295938	251.185	419	6.979	857339815088150593	857336443976305916	857336443976305915	6555	
1	1	0.390	0.390	-141.755		1.000	266.462	C15H22O4	[M + H]+	C15H23O4+	WGXCGTITYIOZAU	InChI=1S/C15H22O4/c1-8-6-12-10(9(2)14(17)18-12)4-5-15(3)13(19-15)7-11(8)16/h8-10,12-13H,4-7H2,1-3H3	Ketopelenolide D	CC1CC2C(CCC3(C(O3)CC1=O)C)C(C(=O)O2)C	1.800	74399550;162851136;25178792	COCONUT:(CNP0113404);TeroMol:(TKC037136);SUPERNATURAL:(SN0409951);MESH:(25178792);PUBCHEM:(74399550 162851136 25178792);LOTUS:(Q105305025);PUBMED:(null)	279969862	267.159	420	7.008	857339855730967625	857336444051803392	857336444047609087	6549	
1	8	0.191	0.191	-225.630		0.006	32.955	C23H18N6O	[M + Na]+	C23H18N6NaO+	YDONUDAXZBQSMV	InChI=1S/C23H18N6O/c1-2-6-20-17(4-1)14-18(15-26-20)27-23-29-28-22(30-23)19-5-3-11-25-21(19)8-7-16-9-12-24-13-10-16/h1-6,9-15H,7-8H2,(H,27,29)	5-{2-[2-(pyridin-4-yl)ethyl]pyridin-3-yl}-N-(quinolin-3-yl)-1,3,4-oxadiazol-2-amine	C1=CC=C2C(=C1)C=C(C=N2)NC3=NN=C(O3)C4=C(N=CC=C4)CCC5=CC=NC=C5	3.700	23644870	PUBCHEMANNOTATIONBIO:(null);PUBCHEM:(23644870);PUBMED:(null)	16777282	417.146	421	7.015	857339826861563425	857336444123106564	857336444123106563	6523	
1	1	0.250	0.305	-359.628		0.714	22.143	C17H31NO5	[M + H]+	C17H32NO5+	HCMKINRGJFQRGM	InChI=1S/C17H31NO5/c1-5-6-7-9-14(19)10-8-11-17(22)23-15(12-16(20)21)13-18(2,3)4/h8,10,14-15,19H,5-7,9,11-13H2,1-4H3/p+1	5-Hydroxydec-3-enoylcarnitine	CCCCCC(C=CCC(=O)OC(CC(=O)O)C[N+](C)(C)C)O	1.800	156961490;156961491	HMDB:(HMDB0241075);PUBCHEM:(156961490 156961491)	10	330.228	422	7.026	857339854808220714	857336444194409736	857336444190215431	6576	
1	1	0.970	0.970	-3.489		1.000	36.675	C12H27N	[M + H]+	C12H28N+	IMFACGCPASFAPR	InChI=1S/C12H27N/c1-4-7-10-13(11-8-5-2)12-9-6-3/h4-12H2,1-3H3	Tributilamina	CCCCN(CCCC)CCCC	4.000	101337508;7622;3724478	PUBCHEMANNOTATIONBIO:(null);HMDB:(HMDB0259165);PUBCHEMANNOTATIONSAFETYANDTOXIC:(null);BloodExposome:(7622);SUPERNATURAL:(SN0149343);HSDB:(102-82-9);MESH:(7622);PUBCHEM:(101337508 7622 3724478);public_spectra_2506;MACONDA:(CON00112);COCONUT:(CNP0449971);NORMAN:(NS00000551 NS00081063 NS00103275);CHEBI:(38905);DSSTox:(DTXSID4026183 DTXSID70480971 DTXSID70768428);PUBCHEMANNOTATIONDRUG:(null);PUBMED:(null)	146153932398	186.222	422	7.037	857339839658394665	857336444383153424	857336444383153423	6590	
1	1	0.265	0.265	-254.667		0.466	38.569	C20H31N5O4	[M + H]+	C20H32N5O4+	BIVISYRXEDNFTQ	InChI=1S/C20H31N5O4/c21-23-22-20-18-2-1-3-19(20)17-25-6-10-28-14-12-26-8-4-24(16-18)5-9-27-13-15-29-11-7-25/h1-3H,4-17H2	7,16-(2-Azido-1,3-phenylenebismethylene)-1,4,10,13-tetraoxa-7,16-diazacyclooctadecane	C1COCCOCCN2CCOCCOCCN1CC3=C(C(=CC=C3)C2)N=[N+]=[N-]	1.500	11223462	PUBCHEM:(11223462)	2	406.249	422	7.039	857339855949071443	857336444454456596	857336444450262291	6624	
1	2	0.067	0.067	-280.333		0.049	14.487	C23H42O6	[M + Na]+	C23H42NaO6+	CIUYPOUJRYWLDF	InChI=1S/C23H42O6/c1-4-5-6-7-8-9-10-11-12-13-14-15-16-17-23(26)28-19-22(29-21(3)25)18-27-20(2)24/h22H,4-19H2,1-3H3	Hexadecanoic acid, 2,3-bis(acetyloxy)propyl ester	CCCCCCCCCCCCCCCC(=O)OCC(COC(=O)C)OC(=O)C	6.249	191981	NORMAN:(NS00095998);MESH:(191981);PUBCHEM:(191981);DSSTox:(DTXSID40880888)	137439215622	437.291	422	7.041	857340013763956644	857336444525759768	857336444525759767	6628	
1	2	0.293	0.293	-168.968		0.050	13.985	C24H44O6	[M + Na]+	C24H44NaO6+	KCKCVPQZAKKILE	InChI=1S/C24H44O6/c1-2-6-10-22-21(9-5-1)27-17-13-25-15-19-29-23-11-7-3-4-8-12-24(23)30-20-16-26-14-18-28-22/h21-24H,1-20H2		C1CCCC2C(CC1)OCCOCCOC3CCCCCCC3OCCOCCO2	4.000	100955130	PUBCHEM:(100955130)	2	451.306	423	7.046	857340434293264302	857336444601257244	857336444597062939	6626	
1	4	0.584	0.974	-70.673		0.108	13.486	C23H48O6	[M + K]+	C23H48KO6+	FJJPDQOHCDOSQU	InChI=1S/C23H48O6/c1-2-3-4-5-6-7-8-9-10-11-12-14-25-16-18-27-20-22-29-23-21-28-19-17-26-15-13-24/h24H,2-23H2,1H3	3,6,9,12,15-Pentaoxaoctacosan-1-ol	CCCCCCCCCCCCCOCCOCCOCCOCCOCCO	4.661	15920073	NORMAN:(NS00076631);PUBCHEM:(15920073);DSSTox:(DTXSID30579613)	137439215618	459.304	429	7.153	857340003928313722	857336444693531936	857336444689337631	6779	
1	2	0.450	0.450	-351.259		0.306	29.639	C22H37NO7	[M + H]+	C22H38NO7+	QJNPASMLTGZAPU	InChI=1S/C22H37NO7/c1-24-9-10-26-13-14-28-17-18-30-20-19-29-16-15-27-12-11-25-8-7-23-21-22-5-3-2-4-6-22/h2-6,21H,7-20H2,1H3	N-Benzylidene-1-amino(hepta)ethyleneglycol monomethyl ether	COCCOCCOCCOCCOCCOCCOCCN=CC1=CC=CC=C1	0.500	44216856	CHEBI:(188704);PUBCHEM:(44216856);PUBMED:(null)	98	428.262	430	7.167	857339975805505390	857336444777418020	857336444777418019	6799	
1	2	0.381	0.575	-33.767		0.500	132.399	C12H18O2	[M - H2O + H]+	C12H17O+	UGPWRRVOLLMHSC	InChI=1S/C12H18O2/c1-11(2,13)9-6-5-7-10(8-9)12(3,4)14/h5-8,13-14H,1-4H3	alpha,alpha'-Dihydroxy-1,3-diisopropylbenzene	CC(C)(C1=CC(=CC=C1)C(C)(C)O)O	2.317	74816	NORMAN:(NS00010754);PUBCHEMANNOTATIONSAFETYANDTOXIC:(null);PUBCHEM:(74816);DSSTox:(DTXSID80883535);PUBMED:(null)	137506324546	177.127	432	7.200	857340012295950218	857336444899052840	857336444899052839	6829	
1	2	0.018	0.018	-386.680		0.000	119.139	C10H21NO5S	[M + K]+	C10H21KNO5S+	ZNEDVHGRYCUVTP	InChI=1S/C10H21NO5S/c1-6(2)17(14,15)11-8-4-7(5-16-3)9(12)10(8)13/h6-13H,4-5H2,1-3H3	N-[(1R,2S,3R,4R)-2,3-dihydroxy-4-(methoxymethyl)cyclopentyl]propane-2-sulfonamide	CC(C)S(=O)(=O)NC1CC(C(C1O)O)COC	-0.800	75529555	SUPERNATURAL:(SN0475000);PUBCHEM:(75529555)	1048578	306.076	432	7.203	857340498499669950	857336445083602224	857336445083602223	6839	
1	1	0.150	0.150	-128.532		0.546	29.769	C10H22O4	[M + Na]+	C10H22NaO4+	GHAWWAWPFVZUNM	InChI=1S/C10H22O4/c11-9(12)7-5-3-1-2-4-6-8-10(13)14/h9-14H,1-8H2	Decane-1,1,10,10-tetrol	C(CCCCC(O)O)CCCC(O)O	1.400	19017336	PUBCHEMANNOTATIONSAFETYANDTOXIC:(null);PUBCHEM:(19017336)	67108866	229.141	432	7.205	857340745665810384	857336445318483260	857336445318483259	6849	
1	1	0.485	0.485	-78.977		0.412	21.999	C6H14O4	[M + H]+	C6H15O4+	AMXRXGOSEWMPEF	InChI=1S/C6H14O4/c7-3-5(9)1-2-6(10)4-8/h5-10H,1-4H2	(2R,5R)-hexane-1,2,5,6-tetrol	C(CC(CO)O)C(CO)O	-1.700	14438685;10725515;110676;91433593;133618201;11829618	NORMAN:(NS00044360);PUBCHEM:(14438685 10725515 110676 91433593 133618201 11829618);DSSTox:(DTXSID90971210)	137439215618	151.097	432	7.205	857340763936199156	857336445402369344	857336445402369343	6858	
1	6	0.275	0.288	-42.726		0.013	95.078	C12H18O2	[M - H4O2 + H]+	C12H15+	UGPWRRVOLLMHSC	InChI=1S/C12H18O2/c1-11(2,13)9-6-5-7-10(8-9)12(3,4)14/h5-8,13-14H,1-4H3	alpha,alpha'-Dihydroxy-1,3-diisopropylbenzene	CC(C)(C1=CC(=CC=C1)C(C)(C)O)O	2.317	74816	NORMAN:(NS00010754);PUBCHEMANNOTATIONSAFETYANDTOXIC:(null);PUBCHEM:(74816);DSSTox:(DTXSID80883535);PUBMED:(null)	137506324546	159.117	432	7.205	857340776183566853	857336445494644036	857336445494644035	6831	
1	1	0.097	0.097	-74.758		1.000	60.635	C10H22O4	[M + H]+	C10H23O4+	COBPKKZHLDDMTB	InChI=1S/C10H22O4/c1-2-3-5-12-7-9-14-10-8-13-6-4-11/h11H,2-10H2,1H3		CCCCOCCOCCOCCO	0.819	8923	PUBCHEMANNOTATIONBIO:(null);COCONUT:(CNP0441428);NORMAN:(NS00001775);PUBCHEMANNOTATIONSAFETYANDTOXIC:(null);SUPERNATURAL:(SN0051069);HSDB:(143-22-6);PUBCHEM:(8923);DSSTox:(DTXSID7021520);GNPS:(CCMSLIB00003135914);PUBCHEMANNOTATIONDRUG:(null)	137559806466	207.159	432	7.206	857340800208540171	857336445578530120	857336445578530119	6845	
1	1	0.180	0.180	-102.345		0.997	57.305	C10H22O4	[M + H3N + H]+	C10H26NO4+	RLIGZIPVXNQITD	InChI=1S/C10H22O4/c1-11-9(12-2)7-5-6-8-10(13-3)14-4/h9-10H,5-8H2,1-4H3	1,1,6,6-Tetramethoxyhexane	COC(CCCCC(OC)OC)OC	1.400	3016868	NORMAN:(NS00033026);PUBCHEM:(3016868);DSSTox:(DTXSID10202639)	137439215618	224.186	432	7.206	857340818332127768	857336445641444684	857336445641444683	6850	
1	2	0.216	0.216	-315.233		0.233	22.747	C22H35N5O5	[M + H]+	C22H36N5O5+	SQIBCOQNORMHDD	InChI=1S/C22H35N5O5/c1-20(23-21-6-4-3-5-7-21)26(2)18-22-19-27(25-24-22)8-10-29-12-14-31-16-17-32-15-13-30-11-9-28/h3-7,19,28H,8-18H2,1-2H3	N-[[1-[2-[2-[2-[2-(2-hydroxyethoxy)ethoxy]ethoxy]ethoxy]ethyl]triazol-4-yl]methyl]-N-methyl-N'-phenylethanimidamide	CC(=NC1=CC=CC=C1)N(C)CC2=CN(N=N2)CCOCCOCCOCCOCCO	-0.500	153290948	PUBCHEM:(153290948)	2	450.275	437	7.276	857340876595212683	857336445830188376	857336445830188375	6973	
1	1	0.502	0.502	-118.971		0.961	27.333	C12H17NO2	[M + H]+	C12H18NO2+	RVYGVBZGSFLJKH	InChI=1S/C12H17NO2/c1-2-3-4-5-9-15-12(14)11-7-6-8-13-10-11/h6-8,10H,2-5,9H2,1H3	Hexyl nicotinate	CCCCCCOC(=O)C1=CN=CC=C1	3.023	90202	PUBCHEMANNOTATIONBIO:(null);NORMAN:(NS00013742);PUBCHEMANNOTATIONSAFETYANDTOXIC:(null);BloodExposome:(90202);MESH:(90202);PUBCHEM:(90202);DSSTox:(DTXSID3046245);PUBMED:(null)	137527296070	208.133	440	7.337	857340890994258339	857336445901491548	857336445897297243	7066	
1	1	0.254	0.254	-134.048		1.000	30.195	C12H27NO	[M + H]+	C12H28NO+	CGMXEHSYBRPJJL	InChI=1S/C12H27NO/c1-11(2)9-13(10-12(3)4)7-5-6-8-14/h11-12,14H,5-10H2,1-4H3	4-(Diisobutylamino)-1-Butanol	CC(C)CN(CCCCO)CC(C)C	3.000	144414	PUBCHEMANNOTATIONSAFETYANDTOXIC:(null);PUBCHEM:(144414);DSSTox:(DTXSID50220539)	137506062338	202.217	441	7.357	857340890620965281	857336446056680804	857336446052486499	7088	
1	2	0.736	0.887	-101.795		0.235	15.230	C25H52O7	[M + K]+	C25H52KO7+	GDLHTTMISPHZCZ	InChI=1S/C25H52O7/c1-2-3-4-5-6-7-8-9-10-11-12-14-27-16-18-29-20-22-31-24-25-32-23-21-30-19-17-28-15-13-26/h26H,2-25H2,1H3	Tridecylhexaethoxylate	CCCCCCCCCCCCCOCCOCCOCCOCCOCCOCCO	4.560	120461	NORMAN:(NS00076636);PUBCHEMANNOTATIONSAFETYANDTOXIC:(null);PUBCHEM:(120461);DSSTox:(DTXSID60918793)	137506324482	503.330	443	7.381	857340907314295517	857336446123789672	857336446123789671	7126	
1	3	0.064	0.064	-649.869		0.062	22.524	C23H41N3O5S	[M + H]+	C23H42N3O5S+	KFKPXYHWRUROHN	InChI=1S/C23H41N3O5S/c1-5-8-14-25(15-9-6-2)16-10-13-24-21(27)20-19(4)22(28)31-23(20)11-17-26(18-12-23)32(29,30)7-3/h5-18H2,1-4H3,(H,24,27)	N-[3-(dibutylamino)propyl]-8-(ethylsulfonyl)-3-methyl-2-oxo-1-oxa-8-azaspiro[4.5]dec-3-ene-4-carboxamide	CCCCN(CCCC)CCCNC(=O)C1=C(C(=O)OC12CCN(CC2)S(=O)(=O)CC)C	2.500	20937187	SUPERNATURAL:(SN0184179);PUBCHEM:(20937187)	1048578	472.288	443	7.382	857340910309028584	857336446186704236	857336446186704235	7118	
1	3	0.374	0.374	-225.057		0.138	8.799	C26H54O7	[M + K]+	C26H54KO7+	CMOAVXMJUDBIST	InChI=1S/C26H54O7/c1-2-3-4-5-6-7-8-9-10-11-12-13-15-28-17-19-30-21-23-32-25-26-33-24-22-31-20-18-29-16-14-27/h27H,2-26H2,1H3	3,6,9,12,15,18-Hexaoxadotriacontan-1-ol	CCCCCCCCCCCCCCOCCOCCOCCOCCOCCOCCO	5.009	101363084;78833	NORMAN:(NS00032306);CHEBI:(189218);MESH:(78833);PUBCHEM:(101363084 78833);DSSTox:(DTXSID60199520);PUBMED:(null)	137439215718	517.346	443	7.385	857340911793812210	857336446253813104	857336446253813103	7137	
1	1	0.059	0.059	-183.041		1.000	92.231	C12H16O3	[M + H]+	C12H17O3+	MGMZECMXYCZYSQ	InChI=1S/C12H16O3/c1-12(2,3)15-11(14)10-6-4-9(8-13)5-7-10/h4-7,13H,8H2,1-3H3	tert-Butyl 4-(hydroxymethyl)benzoate	CC(C)(C)OC(=O)C1=CC=C(C=C1)CO	2.396	14760326	PUBCHEMANNOTATIONSAFETYANDTOXIC:(null);PUBCHEM:(14760326)	67108866	209.117	445	7.423	857340922493482269	857336446320921972	857336446316727667	7191	
1	1	0.112	0.112	-100.526		1.000	77.895	C12H27NO3	[M + H]+	C12H28NO3+	ABMZVVVGZWMVIE	InChI=1S/C12H27NO3/c1-3-4-5-6-7-13-10-12(14)11-16-9-8-15-2/h12-14H,3-11H2,1-2H3	1-(Hexylamino)-3-(2-methoxyethoxy)propan-2-ol	CCCCCCNCC(COCCOC)O	1.200	106989980	PUBCHEM:(106989980)	2	234.206	446	7.429	857340916667593662	857336446392225144	857336446392225143	7192	
1	3	0.126	0.126	-128.990		0.212	6.192	C17H27N5O	[M + H]+	C17H28N5O+	QXIOLTCLDPDYNC	InChI=1S/C17H27N5O/c23-17(19-16(12-5-6-12)13-7-8-13)18-10-9-15-21-20-14-4-2-1-3-11-22(14)15/h12-13,16H,1-11H2,(H2,18,19,23)	1-(dicyclopropylmethyl)-3-[2-(6,7,8,9-tetrahydro-5H-[1,2,4]triazolo[4,3-a]azepin-3-yl)ethyl]urea	C1CCC2=NN=C(N2CC1)CCNC(=O)NC(C3CC3)C4CC4	1.500	72028266	PUBCHEM:(72028266)	2	318.228	447	7.444	857340918496310211	857336446463528316	857336446463528315	7201	
1	1	0.935	0.935	-11.786		0.990	77.411	C7H5NOS	[M + H]+	C7H6NOS+	YEDUAINPPJYDJZ	InChI=1S/C7H5NOS/c9-7-8-5-3-1-2-4-6(5)10-7/h1-4H,(H,8,9)	benzothiazolol	C1=CC=C2C(=C1)NC(=O)S2	1.767	162642366;164119438;10796947;13625;143897751;138402749	PUBCHEMANNOTATIONBIO:(null);HMDB:(HMDB0249030);PUBCHEMANNOTATIONSAFETYANDTOXIC:(null);BloodExposome:(13625);SUPERNATURAL:(SN0447941);PUBCHEM:(162642366 164119438 10796947 13625 143897751 138402749);public_spectra_2506;GNPS:(CCMSLIB00000579606 CCMSLIB00000080353);COCONUT:(CNP0172585);NORMAN:(NS00008199);CHEBI:(115196);DSSTox:(DTXSID301010138 DTXSID6061315);LOTUS:(Q27197041);PUBMED:(null)	146388815978	152.017	447	7.450	857341238509123479	857336446534831488	857336446530637183	7229	
1	1	0.045	0.045	-623.128		0.475	26.286	C29H39N3O4	[M + H]+	C29H40N3O4+	GWVMMZUGWZANSB	InChI=1S/C29H39N3O4/c33-28(21-24-7-3-1-4-8-24)32-14-11-25(22-29(34)35)26(23-32)12-13-31(27-9-5-2-6-10-27)16-15-30-17-19-36-20-18-30/h1-10,25-26H,11-23H2,(H,34,35)		C1CN(CC(C1CC(=O)O)CCN(CCN2CCOCC2)C3=CC=CC=C3)C(=O)CC4=CC=CC=C4	1.000	28960177;74577090	COCONUT:(CNP0447204);SUPERNATURAL:(SN0117481);PUBCHEM:(28960177 74577090);PUBMED:(null)	3145794	494.301	449	7.489	857340963266311533	857336446597746052	857336446593551747	7276	
1	2	0.110	0.110	-210.436		0.496	17.174	C16H35N5O3	[M - H4O2 + H]+	C16H32N5O+	CWZMVLXNBRLALI	InChI=1S/C16H35N5O3/c1-16(2,3)24-15(22)20-9-8-18-14(17-4)19-10-12-21(5)11-7-13-23-6/h7-13H2,1-6H3,(H,20,22)(H2,17,18,19)	tert-butyl N-[2-[[N-[2-[3-methoxypropyl(methyl)amino]ethyl]-N'-methylcarbamimidoyl]amino]ethyl]carbamate	CC(C)(C)OC(=O)NCCNC(=NC)NCCN(C)CCCOC	0.500	111650308	PUBCHEM:(111650308)	2	310.259	452	7.532	857341049694140279	857336446748741004	857336446748741003	7327	
1	1	0.738	0.834	-44.777		1.000	28.862	C12H27N	[M + H]+	C12H28N+	PXSXRABJBXYMFT	InChI=1S/C12H27N/c1-3-5-7-9-11-13-12-10-8-6-4-2/h13H,3-12H2,1-2H3	dihexylazanium	CCCCCCNCCCCCC	4.500	102212925;3256679;8920	COCONUT:(CNP0462839);NORMAN:(NS00020745);PUBCHEMANNOTATIONSAFETYANDTOXIC:(null);SUPERNATURAL:(SN0297990);PUBCHEM:(102212925 3256679 8920);public_spectra_2506;DSSTox:(DTXSID1022009 DTXSID20334218);PUBMED:(null)	146099404866	186.222	454	7.563	857341009617565275	857336446824238480	857336446820044175	7376	
1	2	0.065	0.065	-209.725		0.500	79.068	C12H27NO4	[M - H2O + H]+	C12H26NO3+	JAVLCTSZYWYEEE	InChI=1S/C12H27NO4/c1-10(13)7-16-12(3)9-17-11(2)8-15-6-5-14-4/h10-12H,5-9,13H2,1-4H3	(2~{R})-1-[(2~{R})-1-[(2~{R})-1-(2-methoxyethoxy)propan-2-yl]oxypropan-2-yl]oxypropan-2-amine	CC(COC(C)COC(C)COCCOC)N	0.000	157049295;22947109	PUBCHEMANNOTATIONBIO:(null);PUBCHEM:(157049295 22947109)	16777218	232.191	454	7.568	857341038294021991	857336446916513172	857336446912318867	7351	
1	3	0.143	0.143	-251.290		0.098	11.504	C28H54N2O4S2	[M + H]+	C28H55N2O4S2+	MZEVVOSMLNUDRX	InChI=1S/C28H54N2O4S2/c1-3-5-7-9-11-13-15-17-19-25-33-27(31)21-23-29-30(36-35-29)24-22-28(32)34-26-20-18-16-14-12-10-8-6-4-2/h3-26H2,1-2H3	undecyl 3-{4-[3-oxo-3-(undecyloxy)propyl]-1,2,3,4-dithiadiazetidin-3-yl}propanoate	CCCCCCCCCCCOC(=O)CCN1N(SS1)CCC(=O)OCCCCCCCCCCC	11.100	11656828	COCONUT:(CNP0218250);SUPERNATURAL:(SN0239290);PUBCHEM:(11656828);LOTUS:(Q105175411)	271581186	547.356	455	7.584	857341271748982691	857336446983622040	857336446979427735	7383	
1	2	0.091	0.091	-558.104		0.251	22.698	C26H45NO9	[M + H]+	C26H46NO9+	IPRZVEFFDTWBGV	InChI=1S/C26H45NO9/c1-23(2,3)19(28)32-13-14-15(34-20(29)24(4,5)6)16(35-21(30)25(7,8)9)17(18(27)33-14)36-22(31)26(10,11)12/h14-18H,13,27H2,1-12H3	2-O,3-O,4-O,6-O-Tetrapivaloyl-beta-D-glucopyranosylamine	CC(C)(C)C(=O)OCC1C(C(C(C(O1)N)OC(=O)C(C)(C)C)OC(=O)C(C)(C)C)OC(=O)C(C)(C)C	3.994	124823713;124823714;51666961;51666962;53302099;94001693;129833051;129841668;134969095;134974286;69703795;7567025;7567026;124428667;97267890;40884442;99734120;13829691;11295283;27060195;27060201;3719900	PUBCHEMANNOTATIONSAFETYANDTOXIC:(null);SUPERNATURAL:(SN0151953);PUBCHEM:(124823713 124823714 51666961 51666962 53302099 94001693 129833051 129841668 134969095 134974286 69703795 7567025 7567026 124428667 97267890 40884442 99734120 13829691 11295283 27060195 27060201 3719900);DSSTox:(DTXSID10428796);PUBMED:(null)	137507110978	516.315	455	7.592	857341049002080109	857336447046536604	857336447046536603	7402	
1	1	0.393	0.400	-29.395		0.953	14.635	C12H26O5	[M + H3N + H]+	C12H30NO5+	MXVMODFDROLTFD	InChI=1S/C12H26O5/c1-2-3-5-14-7-9-16-11-12-17-10-8-15-6-4-13/h13H,2-12H2,1H3	3,6,9,12-Tetraoxahexadecan-1-OL	CCCCOCCOCCOCCOCCO	0.718	73791	PUBCHEMANNOTATIONBIO:(null);NORMAN:(NS00048435);PUBCHEMANNOTATIONSAFETYANDTOXIC:(null);PUBCHEM:(73791);DSSTox:(DTXSID2027412)	137523101698	268.212	456	7.601	857341105528715141	857336447113645472	857336447109451167	7455	
1	2	0.016	0.016	-171.483		0.014	6.681	C13H31N5O	[M + Na]+	C13H31N5NaO+	VXNHXOWASHIFLL	InChI=1S/C13H31N5O/c1-3-4-14-5-8-17-11-16(2)12-18(13-17)9-6-15-7-10-19/h14-15,19H,3-13H2,1-2H3	2-[2-[3-Methyl-5-[2-(propylamino)ethyl]-1,3,5-triazinan-1-yl]ethylamino]ethanol	CCCNCCN1CN(CN(C1)CCNCCO)C	-0.200	58426265	PUBCHEM:(58426265)	2	296.243	456	7.603	857341647231466110	857336447252057512	857336447247863207	7453	
1	1	0.890	0.919	-21.775		0.667	63.090	C12H26O5	[M + H]+	C12H27O5+	MXVMODFDROLTFD	InChI=1S/C12H26O5/c1-2-3-5-14-7-9-16-11-12-17-10-8-15-6-4-13/h13H,2-12H2,1H3	3,6,9,12-Tetraoxahexadecan-1-OL	CCCCOCCOCCOCCOCCO	0.718	73791	PUBCHEMANNOTATIONBIO:(null);NORMAN:(NS00048435);PUBCHEMANNOTATIONSAFETYANDTOXIC:(null);PUBCHEM:(73791);DSSTox:(DTXSID2027412)	137523101698	251.185	456	7.606	857341664604276085	857336447319166380	857336447319166379	7460	
1	1	0.924	0.924	-41.992		1.000	46.758	C12H20O7	[M + H]+	C12H21O7+	DOOTYTYQINUNNV	InChI=1S/C12H20O7/c1-4-17-9(13)7-12(16,11(15)19-6-3)8-10(14)18-5-2/h16H,4-8H2,1-3H3	Eudraflex	CCOC(=O)CC(CC(=O)OCC)(C(=O)OCC)O	0.100	6506;138396004	PUBCHEMANNOTATIONBIO:(null);HMDB:(HMDB0034263);PUBCHEMANNOTATIONSAFETYANDTOXIC:(null);BloodExposome:(6506);SUPERNATURAL:(SN0071255);HSDB:(77-93-0);MESH:(6506);FooDB:(FDB012587);PUBCHEM:(6506 138396004);public_spectra_2506;COCONUT:(CNP0163954);NORMAN:(NS00008140);CHEBI:(168426);DSSTox:(DTXSID0040701 DTXSID00892644);PUBCHEMANNOTATIONDRUG:(null);PUBCHEMANNOTATIONFOOD:(null);PUBMED:(null)	146825020014	277.128	460	7.669	857341651866173722	857336447424023988	857336447419829683	7477	
1	4	0.040	0.040	-131.327		0.020	26.573	C17H35BO2Si	[M + H]+	C17H36BO2Si+	BNTUFQHPJUXQFH	InChI=1S/C17H35BO2Si/c1-10-17(11-2,16(6)21(7,8)9)18(12-3)20-15(5)13-14(4)19/h13,16H,10-12H2,1-9H3	(E)-4-[ethyl-(3-ethyl-2-trimethylsilylpentan-3-yl)boranyl]oxypent-3-en-2-one	B(CC)(C(CC)(CC)C(C)[Si](C)(C)C)OC(=CC(=O)C)C	5.985	134903346	PUBCHEM:(134903346)	2	310.259	463	7.723	857341651761316104	857336447507910072	857336447507910071	7628	
1	1	0.425	0.425	-59.758		0.967	18.634	C13H28O5	[M + H]+	C13H29O5+	JUVLNFFZRNEVSY	InChI=1S/C13H28O5/c1-13(2,3)18-12-11-17-10-9-16-8-7-15-6-5-14-4/h5-12H2,1-4H3	15,15-Dimethyl-2,5,8,11,14-pentaoxahexadecane	CC(C)(C)OCCOCCOCCOCCOC	0.500	104553	NORMAN:(NS00032796);PUBCHEM:(104553);DSSTox:(DTXSID40201872)	137439215618	265.201	464	7.726	857341651752927483	857336447558241724	857336447558241723	7631	
1	1	0.011	0.105	-24.376		1.000	22.867	C2H4O2	[M + K]+	C2H4KO2+	JMCRDEBJJPRTPV	InChI=1S/C2H4O2/c3-1-2-4/h1-4H	1,2-Ethenediol	C(=CO)O	-0.200	21352980;3036308;3036388;137088;57694167	PUBCHEMANNOTATIONBIO:(null);CHEBI:(183265 131198);SUPERNATURAL:(SN0169177);PUBCHEM:(21352980 3036308 3036388 137088 57694167);DSSTox:(DTXSID701314922);PUBCHEMANNOTATIONDRUG:(null)	137490333730	98.984	467	7.784	857341656060477758	857336447616961984	857336447616961983	7700	
1	1	0.078	0.078	-144.302		1.000	81.147	C12H18O4	[M + H]+	C12H19O4+	HCUCMKNWPMMUAE	InChI=1S/C12H18O4/c1-9(7-12(14)15)5-4-6-10(2)8-16-11(3)13/h6-7H,4-5,8H2,1-3H3,(H,14,15)	penicipene a	CC(=CC(=O)O)CCC=C(C)COC(=O)C	2.400	86234918;146683321	COCONUT:(CNP0447591);TeroMol:(TKC119752);SUPERNATURAL:(SN0122107);PUBCHEM:(86234918 146683321);LOTUS:(Q105109066)	279969794	227.128	470	7.827	857341664491029867	857336447780539848	857336447780539847	7798	
1	1	0.924	0.924	-42.677		1.000	50.856	C12H20O7	[M + H]+	C12H21O7+	DOOTYTYQINUNNV	InChI=1S/C12H20O7/c1-4-17-9(13)7-12(16,11(15)19-6-3)8-10(14)18-5-2/h16H,4-8H2,1-3H3	Eudraflex	CCOC(=O)CC(CC(=O)OCC)(C(=O)OCC)O	0.100	6506;138396004	PUBCHEMANNOTATIONBIO:(null);HMDB:(HMDB0034263);PUBCHEMANNOTATIONSAFETYANDTOXIC:(null);BloodExposome:(6506);SUPERNATURAL:(SN0071255);HSDB:(77-93-0);MESH:(6506);FooDB:(FDB012587);PUBCHEM:(6506 138396004);public_spectra_2506;COCONUT:(CNP0163954);NORMAN:(NS00008140);CHEBI:(168426);DSSTox:(DTXSID0040701 DTXSID00892644);PUBCHEMANNOTATIONDRUG:(null);PUBCHEMANNOTATIONFOOD:(null);PUBMED:(null)	146825020014	277.128	471	7.855	857341679837990337	857336447939923412	857336447939923411	7927	
1	1	0.069	0.069	-164.099		0.958	8.747	C13H25N5O3	[M + Na]+	C13H25N5NaO3+	IGPMWFJHKTXVGQ	InChI=1S/C13H25N5O3/c1-5-10-6-11(16(2)7-19)14-13(18(4)9-21)15-12(10)17(3)8-20/h19-21H,5-9H2,1-4H3	[[6-ethyl-2,7-bis[hydroxymethyl(methyl)amino]-5H-1,3-diazepin-4-yl]-methylamino]methanol	CCC1=C(N=C(N=C(C1)N(C)CO)N(C)CO)N(C)CO	-1.300	123448524	PUBCHEM:(123448524)	2	322.186	475	7.912	857341680328724721	857336448028003804	857336448028003803	7976	
1	1	0.214	0.214	-85.439		0.987	17.016	C9H14O5	[M + H]+	C9H15O5+	ZSANYRMTSBBUCA	InChI=1S/C9H14O5/c1-3-13-8(11)5-7(10)6-9(12)14-4-2/h3-6H2,1-2H3	Diethyl 1,3-acetonedicarboxylate	CCOC(=O)CC(=O)CC(=O)OCC	0.700	66045	NORMAN:(NS00023379);PUBCHEMANNOTATIONSAFETYANDTOXIC:(null);PUBCHEM:(66045);DSSTox:(DTXSID1059317);PUBMED:(null)	137506324546	203.091	476	7.930	857341696313223024	857336448074141152	857336448074141151	7965	
1	1	0.184	0.184	-190.656		1.000	72.422	C14H24O3	[M + H]+	C14H25O3+	URAJSOLJUHSVKY	InChI=1S/C14H24O3/c1-2-3-4-7-10-13(15)11-8-5-6-9-12-14(16)17/h5-6,8-9,13,15H,2-4,7,10-12H2,1H3,(H,16,17)	8-Hydroxy-3Z,5Z-Tetradecadienoic Acid	CCCCCCC(CC=CC=CCC(=O)O)O	3.600	101170776;91221577	COCONUT:(CNP0326871);LIPIDMAPS:(LMFA01050598);SUPERNATURAL:(SN0377855);MESH:(101170776);PUBCHEM:(101170776 91221577);LOTUS:(Q77494784 Q104198744);PUBMED:(null)	2419064902	241.180	480	8.006	857341697340827514	857336448158027240	857336448158027239	8065	
1	1	0.127	0.127	-223.434		1.000	61.565	C11H21NO2	[M + H]+	C11H22NO2+	ZMYQHFQMRLPPRB	InChI=1S/C11H21NO2/c1-3-9-8-12-6-5-10(9)7-11(13)14-4-2/h9-10,12H,3-8H2,1-2H3	ethyl 2-(3-ethylpiperidin-4-yl)acetate	CCC1CNCCC1CC(=O)OCC	1.500	14080794;14080795;70503423;10559924;11735786;54555607	COCONUT:(CNP0264127);SUPERNATURAL:(SN0474804);PUBCHEM:(14080794 14080795 70503423 10559924 11735786 54555607);DSSTox:(DTXSID401299389)	137442099202	200.165	482	8.031	857341723156768684	857336448208358892	857336448204164587	8079	
1	1	0.976	0.976	-30.979		0.812	23.074	C21H28O6	[M + H]+	C21H29O6+	NISVZEWKUNUGQQ	InChI=1S/C21H28O6/c1-21(2,15-3-7-19(8-4-15)26-13-17(24)11-22)16-5-9-20(10-6-16)27-14-18(25)12-23/h3-10,17-18,22-25H,11-14H2,1-2H3	3-(4-{2-[4-(2,3-dihydroxypropoxy)phenyl]propan-2-yl}phenoxy)propane-1,2-diol	CC(C)(C1=CC=C(C=C1)OCC(CO)O)C2=CC=C(C=C2)OCC(CO)O	2.100	92221245;92221246;990839;148634174;110678	PUBCHEMANNOTATIONBIO:(null);COCONUT:(CNP0402051);NORMAN:(NS00008778 NS00102015 NS00102084);SUPERNATURAL:(SN0246718);MESH:(110678);PUBCHEM:(92221245 92221246 990839 148634174 110678);DSSTox:(DTXSID10971212);LOTUS:(Q10860355);PUBMED:(null)	137727574086	377.196	487	8.125	857341718920521634	857336448313216500	857336448313216499	8208	
1	1	0.484	0.484	-69.405		0.985	91.674	C12H16O3	[M + H]+	C12H17O3+	WGIIOGRUHSJKMI	InChI=1S/C12H16O3/c1-4-14-11(13)12(2,3)15-10-8-6-5-7-9-10/h5-9H,4H2,1-3H3	Ethyl 2-methyl-2-phenoxypropanoate	CCOC(=O)C(C)(C)OC1=CC=CC=C1	2.800	163209756;86476	PUBCHEM:(163209756 86476);DSSTox:(DTXSID30171934)	137438953474	209.117	487	8.125	857341704710219672	857336448371936760	857336448371936759	8207	
1	3	0.078	0.078	-219.265		0.007	14.728	C15H23N5O3	[M + H]+	C15H24N5O3+	WFTITDKHVHHYSX	InChI=1S/C15H23N5O3/c1-10(2)4-5-20-11-12(18(3)15(22)17-13(11)21)16-14(20)19-6-8-23-9-7-19/h10H,4-9H2,1-3H3,(H,17,21,22)	3-Methyl-7-(3-methylbutyl)-8-morpholin-4-ylpurine-2,6-dione	CC(C)CCN1C2=C(N=C1N3CCOCC3)N(C(=O)NC2=O)C	1.100	747376	SUPERNATURAL:(SN0409083);PUBCHEM:(747376)	1048578	322.186	491	8.177	857341736314300346	857336448439045628	857336448434851323	8305	
1	1	0.892	0.892	-46.354		1.000	59.151	C12H20O7	[M + H]+	C12H21O7+	DOOTYTYQINUNNV	InChI=1S/C12H20O7/c1-4-17-9(13)7-12(16,11(15)19-6-3)8-10(14)18-5-2/h16H,4-8H2,1-3H3	Eudraflex	CCOC(=O)CC(CC(=O)OCC)(C(=O)OCC)O	0.100	6506;138396004	PUBCHEMANNOTATIONBIO:(null);HMDB:(HMDB0034263);PUBCHEMANNOTATIONSAFETYANDTOXIC:(null);BloodExposome:(6506);SUPERNATURAL:(SN0071255);HSDB:(77-93-0);MESH:(6506);FooDB:(FDB012587);PUBCHEM:(6506 138396004);public_spectra_2506;COCONUT:(CNP0163954);NORMAN:(NS00008140);CHEBI:(168426);DSSTox:(DTXSID0040701 DTXSID00892644);PUBCHEMANNOTATIONDRUG:(null);PUBCHEMANNOTATIONFOOD:(null);PUBMED:(null)	146825020014	277.128	491	8.186	857341700511721358	857336448493571584	857336448493571583	8327	
1	2	0.171	0.171	-97.175		0.074	19.286	C11H14N4	[M + H]+	C11H15N4+	FEKPAEIBVOSSQO	InChI=1S/C11H14N4/c1-8-4-3-5-9(2)10(8)6-15-7-13-11(12)14-15/h3-5,7H,6H2,1-2H3,(H2,12,14)	1-[(2,6-dimethylphenyl)methyl]-1H-1,2,4-triazol-3-amine	CC1=C(C(=CC=C1)C)CN2C=NC(=N2)N	2.000	81921782	PUBCHEM:(81921782)	2	203.128	492	8.193	857341754605660101	857336448606817800	857336448606817799	8308	
1	1	0.015	0.015	-294.431		0.995	104.150	C12H13NO2	[M + H]+	C12H14NO2+	OOBRKYBQULLXGD	InChI=1S/C12H13NO2/c1-10(13-15)12(2,14)9-8-11-6-4-3-5-7-11/h3-7,14-15H,1-2H3	4-Hydroxyimino-3-methyl-1-phenylpent-1-yn-3-ol	CC(=NO)C(C)(C#CC1=CC=CC=C1)O	1.800	9576755;5486618;120776	PUBCHEMANNOTATIONSAFETYANDTOXIC:(null);PUBCHEM:(9576755 5486618 120776);DSSTox:(DTXSID701032007)	137506062338	204.102	492	8.195	857341787874879448	857336448669732364	857336448669732363	8313	
1	1	0.088	0.088	-92.595		1.000	46.683	C9H14O5	[M + H]+	C9H15O5+	ZSANYRMTSBBUCA	InChI=1S/C9H14O5/c1-3-13-8(11)5-7(10)6-9(12)14-4-2/h3-6H2,1-2H3	Diethyl 1,3-acetonedicarboxylate	CCOC(=O)CC(=O)CC(=O)OCC	0.700	66045	NORMAN:(NS00023379);PUBCHEMANNOTATIONSAFETYANDTOXIC:(null);PUBCHEM:(66045);DSSTox:(DTXSID1059317);PUBMED:(null)	137506324546	203.091	492	8.199	857341898994577050	857336448728452624	857336448728452623	8326	
1	2	0.077	0.077	-105.485		0.125	9.435	C16H35NO6	[M + H]+	C16H36NO6+	GKXUBFVBDMJMCC	InChI=1S/C16H35NO6/c1-3-18-9-11-22-15-13-20-7-5-17-6-8-21-14-16-23-12-10-19-4-2/h17H,3-16H2,1-2H3	2-[2-(2-ethoxyethoxy)ethoxy]-N-[2-[2-(2-ethoxyethoxy)ethoxy]ethyl]ethanamine	CCOCCOCCOCCNCCOCCOCCOCC	-0.400	20405812	PUBCHEM:(20405812)	2	338.254	493	8.219	857341910864457509	857336448787172884	857336448782978579	8353	
1	1	0.162	0.162	-162.131		0.977	24.346	C14H28O6	[M + H]+	C14H29O6+	HARQWLDROVMFJE	InChI=1S/C14H28O6/c1-9-16-11(15)10-14(8,19-17-12(2,3)4)20-18-13(5,6)7/h9-10H2,1-8H3	Butanoic acid, 3,3-bis((1,1-dimethylethyl)dioxy)-, ethyl ester	CCOC(=O)CC(C)(OOC(C)(C)C)OOC(C)(C)C	2.500	108769	NORMAN:(NS00008585);PUBCHEMANNOTATIONSAFETYANDTOXIC:(null);PUBCHEM:(108769);DSSTox:(DTXSID4069050)	137506324482	293.196	493	8.223	857341903922884261	857336448845893144	857336448845893143	8357	
1	1	0.012	0.012	-111.537		0.997	20.604	C10H18O4	[M + H]+	C10H19O4+	CYIGRWUIQAVBFG	InChI=1S/C10H18O4/c1-3-11-5-7-13-9-10-14-8-6-12-4-2/h3-4H,1-2,5-10H2	3,6,9,12-Tetraoxatetradeca-1,13-diene	C=COCCOCCOCCOC=C	1.100	3033992	NORMAN:(NS00019749);PUBCHEMANNOTATIONSAFETYANDTOXIC:(null);PUBCHEM:(3033992);DSSTox:(DTXSID1044986)	137506324482	203.128	504	8.398	857341914358312755	857336449017859620	857336449017859619	8589	
1	2	0.077	0.077	-100.268		0.500	15.241	C9H16O2	[M + CH2O2 + H]+	C10H19O4+	ZDYWPVCQPUPOJV	InChI=1S/C9H16O2/c1-3-5-8(10)7-9(11)6-4-2/h3-7H2,1-2H3	Nonane-4,6-dione	CCCC(=O)CC(=O)CCC	1.500	60010247;26454	NORMAN:(NS00024570);MiMeDB:(MMDBc0056223);METACYC:(NONANE-46-DIONE);CHEBI:(16111);KEGG:(C02445);PUBCHEM:(60010247 26454);DSSTox:(DTXSID2065703);PUBCHEMANNOTATIONDRUG:(null);PUBMED:(null)	138546514274	203.128	510	8.494	857341915687907133	857336449198214704	857336449194020399	8769	
1	1	0.206	0.206	-269.440		0.984	49.044	C17H26N2O	[M + H]+	C17H27N2O+	KEQBTQJDZSZAMQ	InChI=1S/C17H26N2O/c1-2-3-4-5-6-11-17(20)19-13-8-10-16(19)15-9-7-12-18-14-15/h7,9,12,14,16H,2-6,8,10-11,13H2,1H3	1-[2-(pyridin-3-yl)pyrrolidin-1-yl]octan-1-one	CCCCCCCC(=O)N1CCCC1C2=CN=CC=C2	3.700	162842339;528371;162334	COCONUT:(CNP0102800);SUPERNATURAL:(SN0183555);MESH:(162334);PUBCHEM:(162842339 528371 162334);DSSTox:(DTXSID10959636);PUBMED:(null)	137442099270	275.212	514	8.567	857341918762331981	857336449248546356	857336449248546355	8843	
1	1	0.156	0.230	-72.767		1.000	41.241	C10H18O4	[M + H]+	C10H19O4+	ZMFWEWMHABZQNB	InChI=1S/C10H18O4/c1-9(11)13-7-5-3-4-6-8-14-10(2)12/h3-8H2,1-2H3	1,6-Diacetoxyhexane	CC(=O)OCCCCCCOC(=O)C	1.400	80356	PUBCHEMANNOTATIONSAFETYANDTOXIC:(null);PUBCHEM:(80356);DSSTox:(DTXSID10884237)	137506062338	203.128	520	8.671	857341923313152159	857336449416318528	857336449416318527	8981	
1	1	0.975	0.975	-102.041		1.000	45.505	C12H25NO3	[M + H]+	C12H26NO3+	FZQAYFWUOCXLKJ	InChI=1S/C12H25NO3/c1-2-3-4-5-6-7-12(16)13(8-10-14)9-11-15/h14-15H,2-11H2,1H3	N,N-Bis(2-hydroxyethyl)octanamide	CCCCCCCC(=O)N(CCO)CCO	1.300	76499	PUBCHEMANNOTATIONBIO:(null);NORMAN:(NS00014530);PUBCHEMANNOTATIONSAFETYANDTOXIC:(null);PUBCHEM:(76499);DSSTox:(DTXSID6062832)	137523101698	232.191	520	8.674	857341927561982131	857336449479233092	857336449479233091	8971	
1	1	0.106	0.106	-246.296		0.956	33.177	C22H29NO6	[M + H]+	C22H30NO6+	HEEWOWNBSBISPN	InChI=1S/C22H29NO6/c1-22(28-13-14-29-22)17-27-21-9-7-20(8-10-21)25-12-11-23-15-18(24)16-26-19-5-3-2-4-6-19/h2-10,18,23-24H,11-17H2,1H3	1-[2-[4-[(2-Methyl-1,3-dioxolan-2-yl)methoxy]phenoxy]ethylamino]-3-phenoxypropan-2-ol	CC1(OCCO1)COC2=CC=C(C=C2)OCCNCC(COC3=CC=CC=C3)O	2.381	19779527	PUBCHEM:(19779527)	2	404.207	524	8.736	857342039969332994	857336449533759048	857336449533759047	9042	
1	1	0.251	0.251	-76.057		1.000	106.151	C12H18O2	[M + H]+	C12H19O2+	ITCDJGPMQHIRKQ	InChI=1S/C12H18O2/c1-10(2)6-5-7-11(3)8-9-14-12(4)13/h6-9H,5H2,1-4H3	3,7-Dimethylocta-1,3,6-trien-1-yl acetate	CC(=CCC=C(C)C=COC(=O)C)C	3.700	6365738;3018518	NORMAN:(NS00059181);PUBCHEM:(6365738 3018518);DSSTox:(DTXSID601247584)	137439215618	195.138	524	8.738	857342040275517198	857336449592479308	857336449592479307	9050	
1	1	0.124	0.124	-160.730		1.000	119.605	C12H13NO2	[M + H]+	C12H14NO2+	RIZOSFDXIXBLIP	InChI=1S/C12H13NO2/c1-7-5-12(14)15-11-6-10(13-3)8(2)4-9(7)11/h4-6,13H,1-3H3	4,6-Dimethyl-7-methylaminocoumarin	CC1=CC2=C(C=C1NC)OC(=O)C=C2C	2.200	33293	NORMAN:(NS00028028);PUBCHEMANNOTATIONSAFETYANDTOXIC:(null);PUBCHEM:(33293);DSSTox:(DTXSID20180712)	137506324482	204.102	526	8.761	857342044234940185	857336449709919828	857336449709919827	9089	
1	1	0.162	0.183	-56.399		0.491	87.814	C9H10O	[M + H]+	C9H11O+	DPHNJPUOMLRELT	InChI=1S/C9H10O/c10-9-6-2-4-7-3-1-5-8(7)9/h2,4,6,10H,1,3,5H2	2,3-dihydro-1H-inden-4-ol	C1CC2=C(C1)C(=CC=C2)O	2.400	20718209;74233	COCONUT:(CNP0204315);NORMAN:(NS00025364);SUPERNATURAL:(SN0071827);PUBCHEM:(20718209 74233);DSSTox:(DTXSID00167708)	137442361346	135.081	529	8.810	857342039889641200	857336449768640088	857336449768640087	9192	
1	1	0.980	0.980	-27.308		0.997	62.968	C21H28O6	[M + H]+	C21H29O6+	NISVZEWKUNUGQQ	InChI=1S/C21H28O6/c1-21(2,15-3-7-19(8-4-15)26-13-17(24)11-22)16-5-9-20(10-6-16)27-14-18(25)12-23/h3-10,17-18,22-25H,11-14H2,1-2H3	3-(4-{2-[4-(2,3-dihydroxypropoxy)phenyl]propan-2-yl}phenoxy)propane-1,2-diol	CC(C)(C1=CC=C(C=C1)OCC(CO)O)C2=CC=C(C=C2)OCC(CO)O	2.100	92221245;92221246;990839;148634174;110678	PUBCHEMANNOTATIONBIO:(null);COCONUT:(CNP0402051);NORMAN:(NS00008778 NS00102015 NS00102084);SUPERNATURAL:(SN0246718);MESH:(110678);PUBCHEM:(92221245 92221246 990839 148634174 110678);DSSTox:(DTXSID10971212);LOTUS:(Q10860355);PUBMED:(null)	137727574086	377.196	530	8.827	857342051298149259	857336449827360348	857336449827360347	9186	
1	1	-Infinity	-Infinity	-104.450		1.000	70.298	C10H11N2O2	[M + H3N + H]+	C10H15N3O2+	VMZPEAVKCVSTDU	InChI=1S/C10H11N2O2/c1-2-3-8-4-6-9(7-5-8)10(11-13)12-14/h2-7,13H,1H3,(H,11,12)	4-(1-Propenyl)-alpha-(hydroxyamino)-alpha-nitrosobenzylradical	CC=C[C]1C=CC(=C(NO)N=O)C=C1	2.400	101734882	PUBCHEM:(101734882)	2	209.117	530	8.828	857342055375012757	857336449953189476	857336449948995171	9173	
1	1	0.980	0.980	-40.086		0.725	45.759	C21H28O6	[M + H3N + H]+	C21H32NO6+	NISVZEWKUNUGQQ	InChI=1S/C21H28O6/c1-21(2,15-3-7-19(8-4-15)26-13-17(24)11-22)16-5-9-20(10-6-16)27-14-18(25)12-23/h3-10,17-18,22-25H,11-14H2,1-2H3	3-(4-{2-[4-(2,3-dihydroxypropoxy)phenyl]propan-2-yl}phenoxy)propane-1,2-diol	CC(C)(C1=CC=C(C=C1)OCC(CO)O)C2=CC=C(C=C2)OCC(CO)O	2.100	92221245;92221246;990839;148634174;110678	PUBCHEMANNOTATIONBIO:(null);COCONUT:(CNP0402051);NORMAN:(NS00008778 NS00102015 NS00102084);SUPERNATURAL:(SN0246718);MESH:(110678);PUBCHEM:(92221245 92221246 990839 148634174 110678);DSSTox:(DTXSID10971212);LOTUS:(Q10860355);PUBMED:(null)	137727574086	394.223	530	8.830	857342068108926373	857336450062241388	857336450062241387	9190	
1	2	-Infinity	-Infinity	-364.065		0.009	13.389	C15H23N3O13	[M + Na]+	C15H23N3NaO13+	CWDGEPBYDBZMMC	InChI=1S/C15H23N3O13/c16-6(11(21)22)3-29-9(19)1-15(28,14(27)31-5-8(18)13(25)26)2-10(20)30-4-7(17)12(23)24/h6-8,28H,1-5,16-18H2,(H,21,22)(H,23,24)(H,25,26)	2-Amino-3-[5-(2-amino-2-carboxyethoxy)-3-(2-amino-2-carboxyethoxy)carbonyl-3-hydroxy-5-oxopentanoyl]oxypropanoic acid	C(C(C(=O)O)N)OC(=O)CC(CC(=O)OCC(C(=O)O)N)(C(=O)OCC(C(=O)O)N)O	-11.800	137457046;155055860	PUBCHEM:(137457046 155055860)	2	476.113	530	8.830	857342094046502732	857336450125155952	857336450120961647	9171	
1	10	0.131	0.131	-230.279		0.000	50.944	C24H25NO3	[M + H]+	C24H26NO3+	VADZSMOGXJNCTO	InChI=1S/C24H25NO3/c1-27-23-16-20(12-13-22(23)28-18-21-10-6-3-7-11-21)14-15-25-24(26)17-19-8-4-2-5-9-19/h2-13,16H,14-15,17-18H2,1H3,(H,25,26)	N-{2-[4-(benzyloxy)-3-methoxyphenyl]ethyl}-2-phenylacetamide	COC1=C(C=CC(=C1)CCNC(=O)CC2=CC=CC=C2)OCC3=CC=CC=C3	4.970	563566	COCONUT:(CNP0385573);PUBCHEM:(563566)	2097154	376.188	530	8.831	857342165320310680	857336450204847732	857336450204847731	9202	
1	1	0.536	0.789	-49.878		1.000	19.608	C12H27N	[M + H]+	C12H28N+	PXSXRABJBXYMFT	InChI=1S/C12H27N/c1-3-5-7-9-11-13-12-10-8-6-4-2/h13H,3-12H2,1-2H3	dihexylazanium	CCCCCCNCCCCCC	4.500	102212925;3256679;8920	COCONUT:(CNP0462839);NORMAN:(NS00020745);PUBCHEMANNOTATIONSAFETYANDTOXIC:(null);SUPERNATURAL:(SN0297990);PUBCHEM:(102212925 3256679 8920);public_spectra_2506;DSSTox:(DTXSID1022009 DTXSID20334218);PUBMED:(null)	146099404866	186.222	530	8.835	857342187315240858	857336450263567992	857336450259373687	9177	
1	1	0.483	0.483	-53.843		1.000	71.658	C9H14O5	[M + H]+	C9H15O5+	ZSANYRMTSBBUCA	InChI=1S/C9H14O5/c1-3-13-8(11)5-7(10)6-9(12)14-4-2/h3-6H2,1-2H3	Diethyl 1,3-acetonedicarboxylate	CCOC(=O)CC(=O)CC(=O)OCC	0.700	66045	NORMAN:(NS00023379);PUBCHEMANNOTATIONSAFETYANDTOXIC:(null);PUBCHEM:(66045);DSSTox:(DTXSID1059317);PUBMED:(null)	137506324546	203.091	534	8.892	857342117144534894	857336450330676860	857336450330676859	9256	
1	1	0.110	0.110	-109.052		1.000	32.500	C10H14O6	[M + H]+	C10H15O6+	SJCUPJATWUWGAV	InChI=1S/C10H14O6/c1-7(11)5-9(13)15-3-4-16-10(14)6-8(2)12/h3-6H2,1-2H3	Ethylene glycol diacetoacetate	CC(=O)CC(=O)OCCOC(=O)CC(=O)C	-0.300	79566	NORMAN:(NS00001020);PUBCHEM:(79566);DSSTox:(DTXSID00203019)	137439215618	231.086	534	8.894	857342158328405890	857336450389397120	857336450389397119	9259	
1	1	0.259	0.259	-60.400		1.000	35.304	C7H8O4	[M + H]+	C7H9O4+	MCGPFJGIBKPQGO	InChI=1S/C7H8O4/c8-5-1-4(7(10)11)2-6(9)3-5/h4H,1-3H2,(H,10,11)	3,5-Dioxocyclohexanecarboxylic acid	C1C(CC(=O)CC1=O)C(=O)O	-0.800	14371458;21276342	PUBCHEMANNOTATIONSAFETYANDTOXIC:(null);PUBCHEM:(14371458 21276342);DSSTox:(DTXSID70559515)	137506062338	157.050	534	8.894	857342100459593572	857336450448117380	857336450448117379	9252	
1	1	0.931	0.931	-42.313		0.995	21.948	C12H20O7	[M + H3N + H]+	C12H24NO7+	DOOTYTYQINUNNV	InChI=1S/C12H20O7/c1-4-17-9(13)7-12(16,11(15)19-6-3)8-10(14)18-5-2/h16H,4-8H2,1-3H3	Eudraflex	CCOC(=O)CC(CC(=O)OCC)(C(=O)OCC)O	0.100	6506;138396004	PUBCHEMANNOTATIONBIO:(null);HMDB:(HMDB0034263);PUBCHEMANNOTATIONSAFETYANDTOXIC:(null);BloodExposome:(6506);SUPERNATURAL:(SN0071255);HSDB:(77-93-0);MESH:(6506);FooDB:(FDB012587);PUBCHEM:(6506 138396004);public_spectra_2506;COCONUT:(CNP0163954);NORMAN:(NS00008140);CHEBI:(168426);DSSTox:(DTXSID0040701 DTXSID00892644);PUBCHEMANNOTATIONDRUG:(null);PUBCHEMANNOTATIONFOOD:(null);PUBMED:(null)	146825020014	294.155	534	8.894	857342100006608730	857336450515226248	857336450511031943	9258	
1	1	0.900	0.900	-49.160		1.000	99.833	C12H20O7	[M + H]+	C12H21O7+	DOOTYTYQINUNNV	InChI=1S/C12H20O7/c1-4-17-9(13)7-12(16,11(15)19-6-3)8-10(14)18-5-2/h16H,4-8H2,1-3H3	Eudraflex	CCOC(=O)CC(CC(=O)OCC)(C(=O)OCC)O	0.100	6506;138396004	PUBCHEMANNOTATIONBIO:(null);HMDB:(HMDB0034263);PUBCHEMANNOTATIONSAFETYANDTOXIC:(null);BloodExposome:(6506);SUPERNATURAL:(SN0071255);HSDB:(77-93-0);MESH:(6506);FooDB:(FDB012587);PUBCHEM:(6506 138396004);public_spectra_2506;COCONUT:(CNP0163954);NORMAN:(NS00008140);CHEBI:(168426);DSSTox:(DTXSID0040701 DTXSID00892644);PUBCHEMANNOTATIONDRUG:(null);PUBCHEMANNOTATIONFOOD:(null);PUBMED:(null)	146825020014	277.128	534	8.895	857342085041332023	857336450703969936	857336450703969935	9253	
1	1	0.030	0.030	-249.061		0.973	29.244	C14H27NO7	[M + H]+	C14H28NO7+	PFAQEUVPPBOTTA	InChI=1S/C14H27NO7/c1-14(2,3)22-13(18)15-5-7-20-9-11-21-10-8-19-6-4-12(16)17/h4-11H2,1-3H3,(H,15,18)(H,16,17)	t-Boc-N-amido-PEG3-acid	CC(C)(C)OC(=O)NCCOCCOCCOCCC(=O)O	0.000	75409984	PUBCHEMANNOTATIONSAFETYANDTOXIC:(null);PUBCHEM:(75409984)	67108866	322.186	534	8.895	857342087616634689	857336450796244628	857336450796244627	9255	
1	2	0.045	0.043	-217.304		0.007	89.993	C17H17Cl2NO3	[M + Na]+	C17H17Cl2NNaO3+	NWJIRELBAPBUPR	InChI=1S/C17H17Cl2NO3/c1-2-9-22-13-4-6-14(7-5-13)23-11-17(21)20-16-8-3-12(18)10-15(16)19/h3-8,10H,2,9,11H2,1H3,(H,20,21)	N-(2,4-dichlorophenyl)-2-(4-propoxyphenoxy)acetamide	CCCOC1=CC=C(C=C1)OCC(=O)NC2=C(C=C(C=C2)Cl)Cl	4.934	4732662	PUBCHEM:(4732662)	2	376.045	534	8.895	857342266193321884	857336450863353496	857336450863353495	9264	
1	1	0.283	0.283	-77.240		1.000	43.282	C9H20N2O	[M + H]+	C9H21N2O+	AQSQFWLMFCKKMG	InChI=1S/C9H20N2O/c1-3-5-7-10-9(12)11-8-6-4-2/h3-8H2,1-2H3,(H2,10,11,12)	1,3-Dibutylurea	CCCCNC(=O)NCCCC	2.043	10855943;74523	COCONUT:(CNP0438025);NORMAN:(NS00025900);SUPERNATURAL:(SN0012808);MESH:(74523);PUBCHEM:(10855943 74523);public_spectra_2506;DSSTox:(DTXSID3042188);PUBMED:(null)	146032296006	173.165	536	8.925	857342163541925773	857336450917879452	857336450917879451	9231	
1	1	0.678	0.678	-86.363		0.999	33.405	C9H19NOS	[M + H]+	C9H20NOS+	GUVLYNGULCJVDO	InChI=1S/C9H19NOS/c1-4-7-10(8-5-2)9(11)12-6-3/h4-8H2,1-3H3	Eradicane	CCCN(CCC)C(=O)SCC	2.714	131869249;12968	PUBCHEMANNOTATIONBIO:(null);HMDB:(HMDB0251894);PUBCHEMANNOTATIONSAFETYANDTOXIC:(null);BloodExposome:(12968);HSDB:(759-94-4);MESH:(12968);PUBCHEM:(131869249 12968);NORMAN:(NS00005221);METACYC:(CPD-9360);CHEBI:(4738);KEGG:(C11081);DSSTox:(DTXSID1024091 DTXSID201028061);PUBCHEMANNOTATIONDRUG:(null);PUBMED:(null)	137560853358	190.126	536	8.940	857342354936406343	857336450980794016	857336450980794015	9341	
1	1	0.049	0.049	-375.228		0.549	9.327	C19H37N5O2	[M + H]+	C19H38N5O2+	NAXVHVYMOKACPN	InChI=1S/C19H37N5O2/c1-13-6-8-15(25-13)12-24-10-4-5-16(24)19-21-18(22-26-19)14-7-9-17(20-11-14)23(2)3/h13-22H,4-12H2,1-3H3	N,N-dimethyl-5-[5-[1-[(5-methyloxolan-2-yl)methyl]pyrrolidin-2-yl]-1,2,4-oxadiazolidin-3-yl]piperidin-1-ium-2-amine	CC1CCC(O1)CN2CCCC2C3NC(NO3)C4CCC(NC4)N(C)C	1.500	163121053;163121054;163121055;163121056	COCONUT:(CNP0439630);SUPERNATURAL:(SN0030758);PUBCHEM:(163121053 163121054 163121055 163121056)	3145730	368.301	538	8.958	857342355221619035	857336451039514276	857336451039514275	9362	
1	3	0.043	0.065	-69.002		0.000	52.168	C17H16	[M + H]+	C17H17+	MCXUZXVIQZNGSA	InChI=1S/C17H16/c1-15(14-17-10-6-3-7-11-17)12-13-16-8-4-2-5-9-16/h2-14H,1H3	1,4-Diphenyl-2-methyl-1,3-butadiene	CC(=CC1=CC=CC=C1)C=CC2=CC=CC=C2	5.500	6369726;5821875;3423286	PUBCHEMANNOTATIONSAFETYANDTOXIC:(null);PUBCHEM:(6369726 5821875 3423286)	67108866	221.133	538	8.973	857342364507808496	857336451098234536	857336451098234535	9342	
1	1	0.455	0.455	-142.541		1.000	32.891	C11H21NO3	[M + H]+	C11H22NO3+	AGXZOXTZCKUDSA	InChI=1S/C11H21NO3/c1-4-5-6-15-11(14)8-12-10(13)7-9(2)3/h9H,4-8H2,1-3H3,(H,12,13)	Butyl 2-(3-methylbutanoylamino)acetate	CCCCOC(=O)CNC(=O)CC(C)C	2.000	91545289	BloodExposome:(91545289);PUBCHEM:(91545289);PUBMED:(null)	4194370	216.160	543	9.049	857342396569076798	857336451148566188	857336451148566187	9475	
1	1	0.267	0.267	-135.832		1.000	77.206	C10H17NO3	[M + H]+	C10H18NO3+	HXXJDJHHLXEVBZ	InChI=1S/C10H17NO3/c1-2-3-4-5-8-11-9(12)6-7-10(13)14/h6-7H,2-5,8H2,1H3,(H,11,12)(H,13,14)	N-Hexylmaleamidic acid	CCCCCCNC(=O)C=CC(=O)O	1.600	4157007;6023637;6023638;13054840;2731432	SUPERNATURAL:(SN0138469);PUBCHEM:(4157007 6023637 6023638 13054840 2731432);PUBMED:(null)	1048642	200.128	548	9.129	857342401803569484	857336451211480752	857336451211480751	9562	
1	1	0.377	0.377	-107.884		1.000	90.143	C10H18O4	[M - H2O + H]+	C10H17O3+	CXMXRPHRNRROMY	InChI=1S/C10H18O4/c11-9(12)7-5-3-1-2-4-6-8-10(13)14/h1-8H2,(H,11,12)(H,13,14)	Sebacate	C(CCCCC(=O)O)CCCC(=O)O	2.163	102601074;23079045;56933548;10465569;90755858;1549016;5192;71309007	PUBCHEMANNOTATIONBIO:(null);HMDB:(HMDB0000792);MiMeDB:(MMDBc0000547);PUBCHEMANNOTATIONSAFETYANDTOXIC:(null);BloodExposome:(134734 5192);LIPIDMAPS:(LMFA01170006);SUPERNATURAL:(SN0058284);MESH:(5192);PUBCHEM:(102601074 23079045 56933548 10465569 90755858 1549016 5192 71309007);public_spectra_2506;COCONUT:(CNP0311812);NORMAN:(NS00011501 NS00084953 NS00085758 NS00088909);METACYC:(CPD-3623);CHEBI:(41865 76283);KEGG:(C08277);DSSTox:(DTXSID00648441 DTXSID10240354 DTXSID50889660 DTXSID60930854 DTXSID7026867 DTXSID70897444 DTXSID90172987);LOTUS:(Q413454);PUBCHEMANNOTATIONDRUG:(null);PUBCHEMANNOTATIONFOOD:(null);PUBMED:(null);KNAPSACK:(CXMXRPHRNRROMY-UHFFFAOYSA-N)	149777811838	185.117	553	9.213	857342396569076794	857336451333115576	857336451333115575	9667	
1	1	-Infinity	-Infinity	-217.424		1.000	43.105	C11H17NO4Se	[M + H]+	C11H18NO4Se+	BCXIWXDYLZJZIJ	InChI=1S/C11H17NO4Se/c1-3-16-8(14)4-7-5-17-11-9(6(2)13)10(15)12(7)11/h6-7,9,11,13H,3-5H2,1-2H3	(2S,5beta)-7-Oxo-6beta-[(R)-1-hydroxyethyl]-1-aza-4-selenabicyclo[3.2.0]heptane-2beta-acetic acid ethyl ester	CCOC(=O)CC1C[Se]C2N1C(=O)C2C(C)O	0.173	101440004	PUBCHEM:(101440004)	2	302.045	553	9.214	857342403032500880	857336451396030140	857336451396030139	9663	
1	1	0.199	0.199	-107.350		1.000	101.248	C10H18O4	[M + H]+	C10H19O4+	CXMXRPHRNRROMY	InChI=1S/C10H18O4/c11-9(12)7-5-3-1-2-4-6-8-10(13)14/h1-8H2,(H,11,12)(H,13,14)	Sebacate	C(CCCCC(=O)O)CCCC(=O)O	2.163	102601074;23079045;56933548;10465569;90755858;1549016;5192;71309007	PUBCHEMANNOTATIONBIO:(null);HMDB:(HMDB0000792);MiMeDB:(MMDBc0000547);PUBCHEMANNOTATIONSAFETYANDTOXIC:(null);BloodExposome:(134734 5192);LIPIDMAPS:(LMFA01170006);SUPERNATURAL:(SN0058284);MESH:(5192);PUBCHEM:(102601074 23079045 56933548 10465569 90755858 1549016 5192 71309007);public_spectra_2506;COCONUT:(CNP0311812);NORMAN:(NS00011501 NS00084953 NS00085758 NS00088909);METACYC:(CPD-3623);CHEBI:(41865 76283);KEGG:(C08277);DSSTox:(DTXSID00648441 DTXSID10240354 DTXSID50889660 DTXSID60930854 DTXSID7026867 DTXSID70897444 DTXSID90172987);LOTUS:(Q413454);PUBCHEMANNOTATIONDRUG:(null);PUBCHEMANNOTATIONFOOD:(null);PUBMED:(null);KNAPSACK:(CXMXRPHRNRROMY-UHFFFAOYSA-N)	149777811838	203.128	553	9.214	857342365539607293	857336451450556096	857336451446361791	9662	
1	5	0.008	0.008	-89.218		0.000	93.714	C10H19O4P	[M - H2O + H]+	C10H18O3P+	WJEOUWOKOXVUAF	InChI=1S/C10H19O4P/c1-4-7-12-9-15(11,14-6-3)10-13-8-5-2/h4-5H,1-2,6-10H2,3H3	Phosphinic acid, bis(allyloxymethyl)-, ethyl ester	CCOP(=O)(COCC=C)COCC=C	1.000	88566	PUBCHEMANNOTATIONSAFETYANDTOXIC:(null);PUBCHEM:(88566);DSSTox:(DTXSID20174474)	137506062338	217.097	553	9.215	857342462683908068	857336451509276356	857336451509276355	9675	
1	1	0.200	0.200	-46.610		0.500	23.806	C8H12O	[M + H]+	C8H13O+	ONMAQLISHAPAEY	InChI=1S/C8H12O/c1-2-3-4-5-6-7-8-9/h2-3,7H,4-6H2,1H3		CC=CCCCC=C=O	2.900	23189378;57093467	PUBCHEM:(23189378 57093467)	2	125.096	554	9.226	857342444723898148	857336451584773832	857336451584773831	9665	
1	2	0.041	0.041	-260.181		0.028	25.859	C19H27N7O4	[M + H]+	C19H28N7O4+	NSWQVUKIJGGGKF	InChI=1S/C19H27N7O4/c1-13-11-24-17(23-8-7-14-3-5-15(29-2)6-4-14)18(28)26(13)12-16(27)22-9-10-30-25-19(20)21/h3-6,11H,7-10,12H2,1-2H3,(H,22,27)(H,23,24)(H4,20,21,25)	1-{N-[2-(Amidinoaminooxy)ethyl]amino}carbonylmethyl-6-methyl-3-(4-methoxyphenethylamino)pyrazinone	CC1=CN=C(C(=O)N1CC(=O)NCCON=C(N)N)NCCC2=CC=C(C=C2)OC	-0.100	9802069	PUBCHEM:(9802069);PUBMED:(null)	66	418.223	554	9.241	857342452311394169	857336451660271308	857336451660271307	9709	
1	1	0.080	0.080	-260.945		1.000	63.433	C14H31NO3	[M + H]+	C14H32NO3+	QDBLJDVWLXPWOQ	InChI=1S/C14H31NO3/c1-2-3-4-5-6-7-8-9-10-13(17)14(18)12(15)11-16/h12-14,16-18H,2-11,15H2,1H3	2-Amino-1,3,4-Tetradecanetriol	CCCCCCCCCCC(C(C(CO)N)O)O	2.500	86289970;86289971;85781307	COCONUT:(CNP0083032);CHEBI:(83710 82879 131750);SUPERNATURAL:(SN0302094);PUBCHEM:(86289970 86289971 85781307)	3145762	262.238	561	9.346	857342447794128715	857336451735768784	857336451735768783	9808	
1	1	0.233	0.233	-52.230		1.000	58.330	C8H16OS3	[M + H]+	C8H17OS3+	MRLXFQWCSNFUCF	InChI=1S/C8H16OS3/c1-4-8(2)11-10-6-5-7-12(3)9/h5,7-8H,4,6H2,1-3H3	Foetisulfide A	CCC(C)SSCC=CS(=O)C	1.700	9574107;85038336;162956318;162956319;11138782	COCONUT:(CNP0227265);SUPERNATURAL:(SN0233427);PUBCHEM:(9574107 85038336 162956318 162956319 11138782);LOTUS:(Q105170678 Q104400954 Q105170680 Q105170681);KNAPSACK:(MRLXFQWCSNFUCF-UHFFFAOYSA-N)	271581202	225.044	561	9.348	857342456379869096	857336451811266260	857336451811266259	9811	
1	2	0.031	0.031	-417.269		0.039	7.097	C20H43N3O2	[M + K]+	C20H43KN3O2+	AXYJKDVBLGUZFP	InChI=1S/C20H43N3O2/c1-2-3-4-5-6-7-8-9-10-11-17-23(18-12-13-20(24)25)19-16-22-15-14-21/h22H,2-19,21H2,1H3,(H,24,25)		CCCCCCCCCCCCN(CCCC(=O)O)CCNCCN	3.693		NORMAN:(NS00103426)	262144	396.296	564	9.399	857342448389719899	857336451882569432	857336451882569431	9884	
1	2	0.202	0.202	-353.834		0.114	9.481	C21H34O2S	[M + H3N + H]+	C21H38NO2S+	WXZAVURXPFSZJQ	InChI=1S/C21H34O2S/c1-2-3-4-5-6-7-8-9-10-11-12-15-18-24-20-17-14-13-16-19(20)21(22)23/h13-14,16-17H,2-12,15,18H2,1H3,(H,22,23)	2-Tetradecylsulfanylbenzoic acid	CCCCCCCCCCCCCCSC1=CC=CC=C1C(=O)O	8.600	91970405	PUBCHEMANNOTATIONBIO:(null);PUBCHEM:(91970405)	16777218	368.264	564	9.399	857342446250624822	857336451953872604	857336451953872603	9887	
1	2	0.055	0.055	-377.407		0.059	11.811	C18H30N4O3	[M + H]+	C18H31N4O3+	PYIOGCRGJMEFMB	InChI=1S/C18H30N4O3/c1-14(23)19-5-3-16(4-6-19)21-12-18(13-21)11-20(15(2)24)9-17-10-25-8-7-22(17)18/h16-17H,3-13H2,1-2H3	1-[1-(1-acetylpiperidin-4-yl)-hexahydro-1'H-spiro[azetidine-3,6'-pyrazino[2,1-c][1,4]oxazin]-8'-yl]ethan-1-one	CC(=O)N1CCC(CC1)N2CC3(C2)CN(CC4N3CCOC4)C(=O)C	-1.000	129602363;162956875	COCONUT:(CNP0227812);SUPERNATURAL:(SN0298457);PUBCHEM:(129602363 162956875)	3145730	351.238	564	9.402	857342448079341392	857336452029370080	857336452025175775	9885	
1	1	0.040	0.040	-197.232		0.999	48.024	C19H23NO4	[M + H]+	C19H24NO4+	CZLWUFZQTCVKEE	InChI=1S/C19H23NO4/c1-14(19-13-23-17-9-5-6-10-18(17)24-19)20-11-15(21)12-22-16-7-3-2-4-8-16/h2-10,14-15,19-21H,11-13H2,1H3	1-{[1-(2,3-dihydro-1,4-benzodioxin-2-yl)ethyl]amino}-3-phenoxypropan-2-ol	CC(C1COC2=CC=CC=C2O1)NCC(COC3=CC=CC=C3)O	2.800	6542783;5403968;7075604;7075605;7075606;6351276;5572176;5572177;3119444;769003;1753824;1753825	COCONUT:(CNP0276196);SUPERNATURAL:(SN0059781);PUBCHEM:(6542783 5403968 7075604 7075605 7075606 6351276 5572176 5572177 3119444 769003 1753824 1753825);PUBMED:(null)	3145794	330.170	565	9.414	857342453208975236	857336452100673252	857336452100673251	9906	
1	1	0.429	0.486	-91.304		1.000	49.016	C14H31N	[M + H]+	C14H32N+	PLZVEHJLHYMBBY	InChI=1S/C14H31N/c1-2-3-4-5-6-7-8-9-10-11-12-13-14-15/h2-15H2,1H3	Armeen 14	CCCCCCCCCCCCCCN	5.029	15687967;16217;71308881	PUBCHEMANNOTATIONBIO:(null);HMDB:(HMDB0258887);PUBCHEMANNOTATIONSAFETYANDTOXIC:(null);BloodExposome:(16217);SUPERNATURAL:(SN0289089);MESH:(16217);PUBCHEM:(15687967 16217 71308881);public_spectra_2506;COCONUT:(CNP0079841);NORMAN:(NS00009560 NS00082347);CHEBI:(165595);DSSTox:(DTXSID20745683 DTXSID70939757 DTXSID9040768);LOTUS:(Q27284979);PUBMED:(null)	146388811886	214.253	568	9.466	857342448200976217	857336452176170728	857336452171976423	9960	
1	1	0.105	0.105	-178.495		0.883	40.444	C18H22N2	[M + H]+	C18H23N2+	BABQFMPURPKJNW	InChI=1S/C18H22N2/c1-13(2)16-9-7-10-17(14(3)4)18(16)20-12-15-8-5-6-11-19-15/h5-14H,1-4H3	trans-2,6-Diisopropyl-N-(2-pyridylmethylene)aniline	CC(C)C1=C(C(=CC=C1)C(C)C)N=CC2=CC=CC=N2	4.700	1284716	PUBCHEMANNOTATIONSAFETYANDTOXIC:(null);PUBCHEM:(1284716);DSSTox:(DTXSID40361642)	137506062338	267.186	569	9.483	857342470669862960	857336452260056812	857336452255862507	9971	
1	2	-Infinity	-Infinity	-85.938		0.491	44.904	C18H23N2	[M + H]+	C18H24N2+	CRLOXNLKDVZFMZ	InChI=1S/C18H23N2/c1-13(2)16-9-7-10-17(14(3)4)18(16)20-12-15-8-5-6-11-19-15/h5-14,20H,1-4H3	2,6-Diisopropylphenylamino(2-pyridyl)methyl radical	CC(C)C1=C(C(=CC=C1)C(C)C)N[CH]C2=CC=CC=N2	4.600	102577060	PUBCHEM:(102577060)	2	268.194	570	9.503	857342459244578739	857336452335554288	857336452335554287	10012	
1	1	0.070	0.103	-118.265		0.963	68.455	C13H12N2O	[M + H]+	C13H13N2O+	KPSPULPPMWHXGE	InChI=1S/C13H12N2O/c14-11-6-4-5-10(9-11)13(16)15-12-7-2-1-3-8-12/h1-9H,14H2,(H,15,16)	3-amino-N-phenylbenzamide	C1=CC=C(C=C1)NC(=O)C2=CC(=CC=C2)N	2.301	154123128;84347	COCONUT:(CNP0398940);NORMAN:(NS00024657);PUBCHEMANNOTATIONSAFETYANDTOXIC:(null);PUBCHEM:(154123128 84347);DSSTox:(DTXSID70162326);PUBMED:(null)	137508421698	213.102	570	9.505	857342463979948021	857336452402663156	857336452402663155	10011	
1	1	0.325	0.325	-113.778		0.890	39.719	C18H24N2	[M + H]+	C18H25N2+	ZZMVLMVFYMGSMY	InChI=1S/C18H24N2/c1-14(2)13-15(3)19-17-9-11-18(12-10-17)20-16-7-5-4-6-8-16/h4-12,14-15,19-20H,13H2,1-3H3	N-(1,3-Dimethylbutyl)-N'-phenyl-p-phenylenediamine	CC(C)CC(C)NC1=CC=C(C=C1)NC2=CC=CC=C2	5.600	38988764;38988765;20162792;156588183;156674617;13101	PUBCHEMANNOTATIONBIO:(null);NORMAN:(NS00003932);HMDB:(HMDB0247397);PUBCHEMANNOTATIONSAFETYANDTOXIC:(null);BloodExposome:(13101);HSDB:(793-24-8);MESH:(13101);PUBCHEM:(38988764 38988765 20162792 156588183 156674617 13101);DSSTox:(DTXSID9025114);PUBCHEMANNOTATIONDRUG:(null);PUBMED:(null)	137560851022	269.201	570	9.506	857342465305348106	857336452637544184	857336452637544183	10008	
1	1	0.073	0.073	-292.816		1.000	47.101	C14H29NO3	[M + H]+	C14H30NO3+	BPXGKRUSMCVZAF	InChI=1S/C14H29NO3/c1-2-3-4-5-6-7-8-9-14(18)15(10-12-16)11-13-17/h16-17H,2-13H2,1H3	N,N-Bis(2-hydroxyethyl)decanamide	CCCCCCCCCC(=O)N(CCO)CCO	2.400	61081	PUBCHEMANNOTATIONBIO:(null);NORMAN:(NS00013429);PUBCHEMANNOTATIONSAFETYANDTOXIC:(null);PUBCHEM:(61081);DSSTox:(DTXSID3042184)	137523101698	260.222	570	9.508	857342453947172750	857336452696264444	857336452696264443	9987	
1	6	0.025	0.025	-152.941		0.028	4.550	C20H24N2O4S2	[M + Na]+	C20H24N2NaO4S2+	QQUKMCWDVBVJOO	InChI=1S/C20H24N2O4S2/c1-5-21(27(23,24)19-11-7-17(3)8-12-19)15-16-22(6-2)28(25,26)20-13-9-18(4)10-14-20/h5-14H,1-2,15-16H2,3-4H3	N,N'-Ethylenebis(N-vinyl-p-toluenesulfonamide)	CC1=CC=C(C=C1)S(=O)(=O)N(CCN(C=C)S(=O)(=O)C2=CC=C(C=C2)C)C=C	3.600	11112602	PUBCHEM:(11112602)	2	443.103	572	9.537	857342460427372481	857336452750790400	857336452750790399	10060	
1	1	0.463	0.463	-45.693		0.498	78.914	C9H10O	[M + H]+	C9H11O+	DPHNJPUOMLRELT	InChI=1S/C9H10O/c10-9-6-2-4-7-3-1-5-8(7)9/h2,4,6,10H,1,3,5H2	2,3-dihydro-1H-inden-4-ol	C1CC2=C(C1)C(=CC=C2)O	2.400	20718209;74233	COCONUT:(CNP0204315);NORMAN:(NS00025364);SUPERNATURAL:(SN0071827);PUBCHEM:(20718209 74233);DSSTox:(DTXSID00167708)	137442361346	135.080	572	9.537	857342454077196178	857336452805316356	857336452805316355	10052	
1	3	0.093	0.093	-152.676		0.029	42.961	C16H25NO2	[M + K]+	C16H25KNO2+	VUQIPUDNTYAFMV	InChI=1S/C16H25NO2/c1-2-9-17-12-14-5-7-16(8-6-14)19-11-10-18-13-15-3-4-15/h5-8,15,17H,2-4,9-13H2,1H3	N-[[4-[2-(cyclopropylmethoxy)ethoxy]phenyl]methyl]propan-1-amine	CCCNCC1=CC=C(C=C1)OCCOCC2CC2	2.800	62457451	PUBCHEM:(62457451)	2	302.151	572	9.538	857342462260283352	857336452859842312	857336452855648007	10073	
1	1	0.103	0.103	-238.842		0.995	98.913	C21H17NO5	[M + K]+	C21H17KNO5+	KZVNKKOADAXZBD	InChI=1S/C21H17NO5/c1-13-10-18-20(21(24)26-13)16(11-19(23)27-18)15-7-2-3-8-17(15)25-12-14-6-4-5-9-22-14/h2-10,16H,11-12H2,1H3	7-methyl-4-{2-[(pyridin-2-yl)methoxy]phenyl}-2H,3H,4H,5H-pyrano[4,3-b]pyran-2,5-dione	CC1=CC2=C(C(CC(=O)O2)C3=CC=CC=C3OCC4=CC=CC=N4)C(=O)O1	2.500	102564479;99997997;99998002	COCONUT:(CNP0314113);SUPERNATURAL:(SN0199812);PUBCHEM:(102564479 99997997 99998002)	3145730	402.076	572	9.538	857342632007961881	857336452922756876	857336452922756875	10061	
1	4	0.660	0.660	-17.735		0.016	42.598	C6H12Cl3O4P	[M + H]+	C6H13Cl3O4P+	HQUQLFOMPYWACS	InChI=1S/C6H12Cl3O4P/c7-1-4-11-14(10,12-5-2-8)13-6-3-9/h1-6H2	Fyrol CF	C(CCl)OP(=O)(OCCCl)OCCCl	1.300	8295;71309797	PUBCHEMANNOTATIONBIO:(null);HMDB:(HMDB0259276);PUBCHEMANNOTATIONSAFETYANDTOXIC:(null);BloodExposome:(8295);SUPERNATURAL:(SN0132920);HSDB:(115-96-8);MESH:(8295);PUBCHEM:(8295 71309797);public_spectra_2506;COCONUT:(CNP0219439);NORMAN:(NS00010387);CHEBI:(35037);KEGG:(C14445);DSSTox:(DTXSID5021411);PUBCHEMANNOTATIONDRUG:(null);PUBMED:(null)	146153931630	284.961	573	9.550	857342464596510723	857336452981477136	857336452977282831	10094	
1	2	0.594	0.594	-43.765		0.500	41.963	C11H18O	[M + H3N + H]+	C11H22NO+	GEDPELRWZGAMNG	InChI=1S/C11H18O/c12-11(10-7-4-8-10)9-5-2-1-3-6-9/h9-10H,1-8H2	Cyclobutyl(cyclohexyl)methanone	C1CCC(CC1)C(=O)C2CCC2	3.000	64982205	PUBCHEMANNOTATIONSAFETYANDTOXIC:(null);PUBCHEM:(64982205)	67108866	184.170	576	9.607	857342461287204808	857336453086334744	857336453086334743	10179	
1	1	0.617	0.617	-91.231		1.000	101.105	C10H17NO3	[M + H]+	C10H18NO3+	HXXJDJHHLXEVBZ	InChI=1S/C10H17NO3/c1-2-3-4-5-8-11-9(12)6-7-10(13)14/h6-7H,2-5,8H2,1H3,(H,11,12)(H,13,14)	N-Hexylmaleamidic acid	CCCCCCNC(=O)C=CC(=O)O	1.600	4157007;6023637;6023638;13054840;2731432	SUPERNATURAL:(SN0138469);PUBCHEM:(4157007 6023637 6023638 13054840 2731432);PUBMED:(null)	1048642	200.128	577	9.617	857342473131919443	857336453136666396	857336453132472091	10198	
1	1	0.619	0.619	-87.862		0.999	96.503	C11H12O3	[M + H]+	C11H13O3+	REOCVFHCRZMTTR	InChI=1S/C11H12O3/c1-2-5-9-6-3-4-7-10(9)14-8-11(12)13/h2-4,6-7H,1,5,8H2,(H,12,13)	(2-Allyl-phenoxy)-acetic acid	C=CCC1=CC=CC=C1OCC(=O)O	2.311	6942580;246764	PUBCHEMANNOTATIONSAFETYANDTOXIC:(null);PUBCHEM:(6942580 246764);DSSTox:(DTXSID10289309);PUBMED:(null)	137506062402	193.086	583	9.724	857342476051155037	857336453182803744	857336453182803743	10307	
1	3	0.046	0.046	-126.675		0.053	22.736	C24H34O2	[M + K]+	C24H34KO2+	CAOQRBMKUULMGN	InChI=1S/C24H34O2/c1-2-3-4-5-6-7-8-9-10-11-12-13-14-15-16-17-18-19-20-21-22-23-24(25)26/h3-4,6-7,9-10,12-13,15-16,18-19,22-23H,2,5,8,11,14,17,20-21H2,1H3,(H,25,26)	delta2-Tetracosahexaenoic acid	CCC=CCC=CCC=CCC=CCC=CCC=CCCC=CC(=O)O	7.000	52921827	CHEBI:(65210);LIPIDMAPS:(LMFA01030852);PUBCHEM:(52921827)	2147483682	393.217	584	9.735	857342483584125044	857336453228941092	857336453228941091	10350	
1	11	-Infinity	-Infinity	-233.223		0.021	22.261	C15H18ClN5O6S3	[M + Na]+	C15H18ClN5NaO6S3+	KAFMTNJIBSAGAH	InChI=1S/C15H18ClN5O6S3/c1-3-21(4-2)29(23,24)15-12(22)11(8-28-15)18-14-13(19-30(25,26)20-14)17-6-10-5-9(16)7-27-10/h5,7-8,22H,3-4,6H2,1-2H3,(H,17,19)(H,18,20)	4-[[4-[(4-chlorofuran-2-yl)methylimino]-1,1-dioxo-1,2,5-thiadiazol-3-yl]amino]-N,N-diethyl-3-hydroxythiophene-2-sulfonamide	CCN(CC)S(=O)(=O)C1=C(C(=CS1)NC2=NS(=O)(=O)NC2=NCC3=CC(=CO3)Cl)O	2.000	136594868	PUBCHEM:(136594868)	2	518.001	585	9.749	857342484913719430	857336453346381612	857336453342187307	10380	
1	1	0.673	0.673	-71.651		1.000	37.134	C11H22N2O	[M + H]+	C11H23N2O+	COLUTWBYJCLQKO	InChI=1S/C11H22N2O/c1-11(2,3)13-10(14)12-9-7-5-4-6-8-9/h9H,4-8H2,1-3H3,(H2,12,13,14)	N-(tert-butyl)-N'-cyclohexylurea	CC(C)(C)NC(=O)NC1CCCCC1	2.474	306672	PUBCHEMANNOTATIONSAFETYANDTOXIC:(null);PUBCHEM:(306672);DSSTox:(DTXSID90308481)	137506062338	199.181	586	9.773	857342454601484196	857336453400907568	857336453396713263	10391	
1	1	0.434	0.434	-51.108		0.943	43.205	C13H8O	[M + H]+	C13H9O+	YLQWCDOCJODRMT	InChI=1S/C13H8O/c14-13-11-7-3-1-5-9(11)10-6-2-4-8-12(10)13/h1-8H	9-Fluorenone	C1=CC=C2C(=C1)C3=CC=CC=C3C2=O	3.066	21679707;134715399;73056635;10241;13265068;90469885	PUBCHEMANNOTATIONBIO:(null);PUBCHEMANNOTATIONSAFETYANDTOXIC:(null);BloodExposome:(10241);SUPERNATURAL:(SN0453765);HSDB:(486-25-9);MESH:(10241);PUBCHEM:(21679707 134715399 73056635 10241 13265068 90469885);COCONUT:(CNP0141767);NORMAN:(NS00014587);METACYC:(9FLUORENONE);CHEBI:(17922);KEGG:(C06712);DSSTox:(DTXSID6049307 DTXSID60894068);LOTUS:(Q421328);PUBCHEMANNOTATIONDRUG:(null);PUBMED:(null)	137832434534	181.065	589	9.817	857342479842805863	857336453459627828	857336453459627827	10442	
1	1	0.075	0.075	-120.859		1.000	93.393	C12H16O3	[M + H]+	C12H17O3+	HTWFANVWNDWYRH	InChI=1S/C12H16O3/c1-3-11(13)10-6-4-5-9(7-10)8(2)12(14)15/h4-8,11,13H,3H2,1-2H3,(H,14,15)	2-[3-(1-Hydroxypropyl)phenyl]propanoic acid	CCC(C1=CC=CC(=C1)C(C)C(=O)O)O	2.000	9964424	PUBCHEMANNOTATIONBIO:(null);PUBCHEM:(9964424);PUBMED:(null)	16777282	209.117	590	9.833	857342461702440908	857336453572874044	857336453568679739	10469	
1	2	0.118	0.163	-120.602		0.500	50.626	C12H20O	[M + H3N + H]+	C12H24NO+	UOBQDYFTAJKQAL	InChI=1S/C12H20O/c13-12-9-5-4-8-11(12)10-6-2-1-3-7-10/h10-11H,1-9H2	2-Cyclohexylcyclohexanone	C1CCC(CC1)C2CCCCC2=O	3.700	38989050;25021479;7016	NORMAN:(NS00012160);PUBCHEMANNOTATIONSAFETYANDTOXIC:(null);HSDB:(90-42-6);MESH:(7016);PUBCHEM:(38989050 25021479 7016);DSSTox:(DTXSID8047424);PUBMED:(null)	137506325062	198.185	591	9.843	857342472276281423	857336453518348088	857336453518348087	10492	
1	1	0.591	0.591	-51.601		0.925	62.683	C10H15NO2S	[M + H]+	C10H16NO2S+	FZIFUJULXRFHBB	InChI=1S/C10H15NO2S/c1-3-11(4-2)14(12,13)10-8-6-5-7-9-10/h5-9H,3-4H2,1-2H3	N,N-Diethylbenzenesulfonamide	CCN(CC)S(=O)(=O)C1=CC=CC=C1	1.800	74367	PUBCHEMANNOTATIONSAFETYANDTOXIC:(null);MESH:(74367);PUBCHEM:(74367);DSSTox:(DTXSID8075120);PUBMED:(null)	137506062406	214.090	592	9.865	857342465531840532	857336453623205696	857336453619011391	10503	
1	1	0.810	0.810	-80.270		1.000	58.602	C11H21NO	[M + H]+	C11H22NO+	KDOWYZAXEZQVBH	InChI=1S/C11H21NO/c1-9(2)8-11(13)12-10-6-4-3-5-7-10/h9-10H,3-8H2,1-2H3,(H,12,13)	N-cyclohexyl-3-methylbutanamide	CC(C)CC(=O)NC1CCCCC1	2.600	233660	PUBCHEM:(233660);DSSTox:(DTXSID90283623)	137438953474	184.170	593	9.883	857342454970582950	857336453673537348	857336453673537347	10538	
1	1	0.333	0.362	-45.002		0.476	54.289	C11H12O	[M + H]+	C11H13O+	WMVUYUVKNFDYAF	InChI=1S/C11H12O/c1-8(2)10-4-6-11(7-5-10)9(3)12/h4-7H,1H2,2-3H3	Ethanone, 1-[4-(1-methylethenyl)phenyl]-	CC(=C)C1=CC=C(C=C1)C(=O)C	2.633	589438	NORMAN:(NS00010291);PUBCHEM:(589438);DSSTox:(DTXSID5021625)	137439215618	161.096	593	9.888	857342450210047844	857336453723869000	857336453723868999	10526	
1	1	0.349	0.349	-18.036		0.993	29.897	C8H6O	[M + H]+	C8H7O+	VIBUAICNAOVIKR	InChI=1S/C8H7O/c1-7-2-4-8(6-9)5-3-7/h2-6H,1H2/q+1	4-Formylbenzyl cation	[CH2+]C1=CC=C(C=C1)C=O	0.000	86174208	PUBCHEM:(86174208)	2	119.049	594	9.892	857342467947759646	857336453774200652	857336453770006347	10525	
1	1	0.802	0.808	-30.606		0.803	38.275	C10H15NO2S	[M + H]+	C10H16NO2S+	FZIFUJULXRFHBB	InChI=1S/C10H15NO2S/c1-3-11(4-2)14(12,13)10-8-6-5-7-9-10/h5-9H,3-4H2,1-2H3	N,N-Diethylbenzenesulfonamide	CCN(CC)S(=O)(=O)C1=CC=CC=C1	1.800	74367	PUBCHEMANNOTATIONSAFETYANDTOXIC:(null);MESH:(74367);PUBCHEM:(74367);DSSTox:(DTXSID8075120);PUBMED:(null)	137506062406	214.090	596	9.938	857342470959269946	857336453837115216	857336453837115215	10601	
1	1	0.052	0.058	-205.756		0.965	27.475	C20H25NO4	[M + H]+	C20H26NO4+	MANISRXYSXBZRU	InChI=1S/C20H25NO4/c1-23-17-8-4-15(5-9-17)12-13-21-20(22)11-7-16-6-10-18(24-2)19(14-16)25-3/h4-6,8-10,14H,7,11-13H2,1-3H3,(H,21,22)	3-(3,4-dimethoxyphenyl)-N-[2-(4-methoxyphenyl)ethyl]propanamide	COC1=CC=C(C=C1)CCNC(=O)CCC2=CC(=C(C=C2)OC)OC	3.300	28956905	COCONUT:(CNP0145316);SUPERNATURAL:(SN0220408);PUBCHEM:(28956905)	3145730	344.186	599	9.977	857342495672109192	857336453887446868	857336453887446867	10645	
1	1	0.072	0.072	-147.480		1.000	75.565	C12H23NO	[M + H]+	C12H24NO+	PEBDXUBXRVZZOJ	InChI=1S/C12H24NO/c1-2-3-4-5-6-7-8-9-10-11-12-13-14/h12H,2-11H2,1H3/q+1	(E)-dodecylidene(oxo)azanium	CCCCCCCCCCCC=[N+]=O	4.349	42627314	PUBCHEMANNOTATIONBIO:(null);PUBCHEM:(42627314)	16777218	198.185	600	10.007	857343150386187632	857336453941972824	857336453941972823	10685	
1	1	0.224	0.224	-96.009		0.887	95.042	C12H9NO	[M + H]+	C12H10NO+	BATAIOGYFWEXQV	InChI=1S/C12H9NO/c14-7-3-4-10-8-11-5-1-2-6-12(11)13-9-10/h1-2,5-6,8-9,14H,7H2	3-(quinolin-3-yl)prop-2-yn-1-ol	C1=CC=C2C(=C1)C=C(C=N2)C#CCO	2.025	650142	COCONUT:(CNP0253570);SUPERNATURAL:(SN0020506);PUBCHEM:(650142);DSSTox:(DTXSID10349497);PUBMED:(null)	137442099266	184.076	602	10.037	857343431878520791	857336453996498780	857336453996498779	10722	
1	1	0.871	0.961	-14.001		1.000	66.647	C12H17NO	[M + H]+	C12H18NO+	MMOXZBCLCQITDF	InChI=1S/C12H17NO/c1-4-13(5-2)12(14)11-8-6-7-10(3)9-11/h6-9H,4-5H2,1-3H3	Deet	CCN(CC)C(=O)C1=CC=CC(=C1)C	2.806	129318176;4284;46780574	PUBCHEMANNOTATIONBIO:(null);HMDB:(HMDB0250930);PUBCHEMANNOTATIONSAFETYANDTOXIC:(null);BloodExposome:(4284);SUPERNATURAL:(SN0229676);HSDB:(134-62-3);MESH:(4284);PUBCHEM:(129318176 4284 46780574);public_spectra_2506;COCONUT:(CNP0316487);NORMAN:(NS00000221);CHEBI:(7071);KEGG:(C10935);DSSTox:(DTXSID2021995 DTXSID701010011 DTXSID80675659);LOTUS:(Q408389);PUBCHEMANNOTATIONDRUG:(null);PUBMED:(null)	146422367086	192.138	603	10.047	857343453353358504	857336454046830432	857336454046830431	10741	
1	2	0.056	0.056	-162.055		0.011	88.317	C17H25NO5	[M + Na]+	C17H25NNaO5+	OJECAQLPPQGENN	InChI=1S/C17H25NO5/c1-5-21-13-6-8-14(9-7-13)22-11-10-16(20)23-12-15(19)18-17(2,3)4/h6-9H,5,10-12H2,1-4H3,(H,18,19)	[2-(Tert-butylamino)-2-oxoethyl] 3-(4-ethoxyphenoxy)propanoate	CCOC1=CC=C(C=C1)OCCC(=O)OCC(=O)NC(C)(C)C	2.400	16535256	PUBCHEM:(16535256)	2	346.165	606	10.098	857343478053614804	857336454147493736	857336454147493735	10797	
1	11	0.729	0.729	-8.970		0.000	16.809	C18H15OP	[M + H]+	C18H16OP+	FIQMHBFVRAXMOP	InChI=1S/C18H15OP/c19-20(16-10-4-1-5-11-16,17-12-6-2-7-13-17)18-14-8-3-9-15-18/h1-15H	Triphenylphosphanoxid	C1=CC=C(C=C1)P(=O)(C2=CC=CC=C2)C3=CC=CC=C3	4.654	21770933;129802666;129805660;84220568;13097;12218502;71309051	PUBCHEMANNOTATIONBIO:(null);COCONUT:(CNP0335903);NORMAN:(NS00010696);PUBCHEMANNOTATIONSAFETYANDTOXIC:(null);CHEBI:(36601);SUPERNATURAL:(SN0086771);MESH:(13097);PUBCHEM:(21770933 129802666 129805660 84220568 13097 12218502 71309051);public_spectra_2506;DSSTox:(DTXSID2022121 DTXSID80745745);GNPS:(CCMSLIB00003137741 CCMSLIB00003139711);MACONDA:(CON00119);PUBMED:(null)	146116187238	279.093	609	10.144	857343499012552994	857336454197825388	857336454197825387	10835	
1	1	0.018	0.018	-274.744		0.942	90.389	C12H18O2Si	[M + H]+	C12H19O2Si+	LZFQRXBEWMGXCV	InChI=1S/C12H18O2Si/c1-9-6-7-12(14-15(3,4)5)11(8-9)10(2)13/h6-8H,1-5H3	Ethanone, 1-[5-methyl-2-[(trimethylsilyl)oxy]phenyl]-	CC1=CC(=C(C=C1)O[Si](C)(C)C)C(=O)C	3.700	610037	SUPERNATURAL:(SN0219428);PUBCHEM:(610037);DSSTox:(DTXSID60346158)	137440002050	223.115	610	10.161	857343479601312989	857336454256545648	857336454256545647	10860	
1	3	0.041	0.041	-376.064		0.080	51.769	C28H31N3O2	[M + Na]+	C28H31N3NaO2+	WGFSNTKSRNEXLZ	InChI=1S/C28H31N3O2/c1-29(2)22-11-7-20(8-12-22)28(21-9-13-23(14-10-21)30(3)4)26-16-15-24(31-17-5-6-18-31)19-25(26)27(32)33-28/h7-16,19H,5-6,17-18H2,1-4H3	3,3-Bis(4-(dimethylamino)phenyl)-6-(1-pyrrolidinyl)phthalide	CN(C)C1=CC=C(C=C1)C2(C3=C(C=C(C=C3)N4CCCC4)C(=O)O2)C5=CC=C(C=C5)N(C)C	5.400	19027485	NORMAN:(NS00037385);PUBCHEM:(19027485);DSSTox:(DTXSID40222860)	137439215618	464.233	610	10.169	857343484596729065	857336454311071604	857336454306877299	10871	
1	1	0.734	0.914	-43.509		1.000	66.778	C12H23NO3	[M + H]+	C12H24NO3+	QLHULAHOXSSASE	InChI=1S/C12H23NO3/c1-3-10(2)16-12(15)13-8-5-4-6-11(13)7-9-14/h10-11,14H,3-9H2,1-2H3	Bayrepel	CCC(C)OC(=O)N1CCCCC1CCO	2.000	163285287;58138620;58138622;40571965;40571966;40572139;40572140;66831406;66831434;125098;138402778	PUBCHEMANNOTATIONBIO:(null);HMDB:(HMDB0253340);PUBCHEMANNOTATIONSAFETYANDTOXIC:(null);BloodExposome:(125098);SUPERNATURAL:(SN0308590);HSDB:(119515-38-7);MESH:(125098);PUBCHEM:(163285287 58138620 58138622 40571965 40571966 40572139 40572140 66831406 66831434 125098 138402778);public_spectra_2506;COCONUT:(CNP0083689);NORMAN:(NS00008107);CHEBI:(143733);DSSTox:(DTXSID0034227 DTXSID601010175);PUBCHEMANNOTATIONDRUG:(null);PUBMED:(null)	146153931374	230.175	610	10.172	857343498974804245	857336454353014648	857336454353014647	10874	
1	1	0.093	0.093	-128.035		1.000	73.240	C11H14N2OS2	[M + H]+	C11H15N2OS2+	WUADAEPFNATZCE	InChI=1S/C11H14N2OS2/c1-3-8-6-9(16-7(8)2)10(14)13-11-12-4-5-15-11/h6H,3-5H2,1-2H3,(H,12,13,14)	N-(4,5-dihydro-1,3-thiazol-2-yl)-4-ethyl-5-methylthiophene-2-carboxamide	CCC1=C(SC(=C1)C(=O)NC2=NCCS2)C	2.800	7536228	PUBCHEM:(7536228)	2	255.062	611	10.176	857343520873272811	857336454415929212	857336454411734907	10882	
1	1	0.840	0.840	-34.937		0.996	70.847	C10H15NO2S	[M + H]+	C10H16NO2S+	FZIFUJULXRFHBB	InChI=1S/C10H15NO2S/c1-3-11(4-2)14(12,13)10-8-6-5-7-9-10/h5-9H,3-4H2,1-2H3	N,N-Diethylbenzenesulfonamide	CCN(CC)S(=O)(=O)C1=CC=CC=C1	1.800	74367	PUBCHEMANNOTATIONSAFETYANDTOXIC:(null);MESH:(74367);PUBCHEM:(74367);DSSTox:(DTXSID8075120);PUBMED:(null)	137506062406	214.090	612	10.198	857343567396555762	857336454466260864	857336454462066559	10946	
1	1	0.169	0.169	-106.811		1.000	101.077	C12H23NO	[M + H]+	C12H24NO+	JXAYHHMVMJVFPQ	InChI=1S/C12H23NO/c1-2-3-4-5-6-7-8-9-10-11-13-12-14/h2-11H2,1H3	Undecyl isocyanate	CCCCCCCCCCCN=C=O	6.000	350245	PUBCHEMANNOTATIONSAFETYANDTOXIC:(null);PUBCHEM:(350245);DSSTox:(DTXSID60325483);PUBMED:(null)	137506062402	198.185	617	10.288	857343579253853212	857336454508203908	857336454504009603	11050	
1	1	0.091	0.091	-268.176		1.000	40.429	C12H25NO3	[M + H]+	C12H26NO3+	NLQAPNFYYXMZEG	InChI=1S/C12H25NO3/c1-4-7-8-12(5-2,9-14)10-16-11(15)13-6-3/h14H,4-10H2,1-3H3,(H,13,15)	2-Butyl-2-ethyl-1,3-propanediol ethylcarbamate	CCCCC(CC)(CO)COC(=O)NCC	2.600	117187	PUBCHEMANNOTATIONSAFETYANDTOXIC:(null);PUBCHEM:(117187);DSSTox:(DTXSID60948232)	137506062338	232.191	619	10.313	857343567388167150	857336454550146952	857336454550146951	11128	
1	3	0.037	0.037	-61.757		0.333	141.643	C10H18O2	[M + CH2O2 + H]+	C11H21O4+	ABFCOHSGVBONIO	InChI=1S/C10H18O2/c1-4-7-8-9-10(11-5-2)12-6-3/h10H,4-6,9H2,1-3H3	1,1-Diethoxyhex-3-yne	CCC#CCC(OCC)OCC	2.300	87519	NORMAN:(NS00026000);PUBCHEM:(87519);DSSTox:(DTXSID90171278)	137439215618	217.144	622	10.373	857343567472053258	857336454596284300	857336454596284299	11184	
1	1	0.322	0.322	-258.995		1.000	19.417	C15H29NO3	[M + H]+	C15H30NO3+	BTHNNPTZHGZNAO	InChI=1S/C15H29NO3/c1-2-3-4-5-6-7-8-9-10-11-12-14(17)16-13-15(18)19/h2-13H2,1H3,(H,16,17)(H,18,19)	acylglycine c:13	CCCCCCCCCCCCC(=O)NCC(=O)O	4.800	45357453	PUBCHEMANNOTATIONBIO:(null);COCONUT:(CNP0067551);HMDB:(HMDB0013317);BloodExposome:(45357453);CHEBI:(74437);SUPERNATURAL:(SN0034859);FooDB:(FDB029379);PUBCHEM:(45357453);public_spectra_2506;LOTUS:(Q27144672);PUBCHEMANNOTATIONDRUG:(null)	9452912682	272.222	623	10.383	857343567375584229	857336454642421648	857336454638227343	11206	
1	1	0.965	0.972	-12.678		1.000	33.535	C13H24N2O	[M + H]+	C13H25N2O+	ADFXKUOMJKEIND	InChI=1S/C13H24N2O/c16-13(14-11-7-3-1-4-8-11)15-12-9-5-2-6-10-12/h11-12H,1-10H2,(H2,14,15,16)	Oprea1_447813	C1CCC(CC1)NC(=O)NC2CCCCC2	3.000	18342237;4277;71309803	PUBCHEMANNOTATIONBIO:(null);HMDB:(HMDB0244166);PUBCHEMANNOTATIONSAFETYANDTOXIC:(null);BloodExposome:(4277);SUPERNATURAL:(SN0002483);MESH:(4277);PUBCHEM:(18342237 4277 71309803);public_spectra_2506;GNPS:(CCMSLIB00003135659);MACONDA:(CON00295);COCONUT:(CNP0081659);NORMAN:(NS00010594);CHEBI:(93429);DSSTox:(DTXSID3062366);PUBMED:(null)	146120381550	225.196	624	10.401	857343567379778539	857336454680170388	857336454680170387	11199	
1	1	0.275	0.278	-54.724		0.803	68.003	C14H12O2	[M + H]+	C14H13O2+	CKNIKWIWRIHFSJ	InChI=1S/C14H12O2/c1-11-2-6-13(7-3-11)16-14-8-4-12(10-15)5-9-14/h2-10H,1H3	4-(4-Methylphenoxy)benzaldehyde	CC1=CC=C(C=C1)OC2=CC=C(C=C2)C=O	3.300	4739207	PUBCHEMANNOTATIONSAFETYANDTOXIC:(null);PUBCHEM:(4739207);DSSTox:(DTXSID70406272)	137506062338	213.091	625	10.415	857343594776972449	857336454717919128	857336454717919127	11235	
1	1	0.029	0.029	-164.889		0.832	37.468	C18H22N2O	[M + H]+	C18H23N2O+	ZKRJPAJJWLVWOM	InChI=1S/C18H22N2O/c1-12-8-13(2)10-16(9-12)19-11-17(21)20-18-14(3)6-5-7-15(18)4/h5-10,19H,11H2,1-4H3,(H,20,21)	N-(2,6-dimethylphenyl)-N(2)-(3,5-dimethylphenyl)glycinamide	CC1=C(C(=CC=C1)C)NC(=O)CNC2=CC(=CC(=C2)C)C	4.300	762947	CHEBI:(75364);PUBCHEM:(762947);PUBMED:(null)	98	283.181	625	10.416	857343567459470333	857336454764056476	857336454764056475	11247	
1	4	0.075	0.075	-245.502		0.100	46.595	C18H17ClF3N3O3S2	[M + K]+	C18H17ClF3KN3O3S2+	BLYQANHXALTOAJ	InChI=1S/C18H17ClF3N3O3S2/c19-15-10-13(18(20,21)22)11-23-17(15)29-12-16(26)24-6-8-25(9-7-24)30(27,28)14-4-2-1-3-5-14/h1-5,10-11H,6-9,12H2	1-[4-(Benzenesulfonyl)-1-piperazinyl]-2-[[3-chloro-5-(trifluoromethyl)-2-pyridinyl]thio]ethanone	C1CN(CCN1C(=O)CSC2=C(C=C(C=N2)C(F)(F)F)Cl)S(=O)(=O)C3=CC=CC=C3	3.400	2102778	CHEBI:(120611);PUBCHEM:(2102778);PUBMED	98	518.001	626	10.425	857343631422606590	857336454873108388	857336454873108387	11270	
1	2	0.322	0.322	-35.135		0.172	30.766	C10H20Cl4O8P2	[M + H]+	C10H21Cl4O8P2+	CJWBPEYRTPGWPF	InChI=1S/C10H20Cl4O8P2/c11-1-5-17-23(15,18-6-2-12)21-9-10-22-24(16,19-7-3-13)20-8-4-14/h1-10H2	Phosphoric acid, 1,2-ethanediyl tetrakis(2-chloroethyl) ester	C(COP(=O)(OCCCl)OCCCl)OP(=O)(OCCCl)OCCCl	1.200	94445	NORMAN:(NS00029420);PUBCHEM:(94445);DSSTox:(DTXSID5027980)	137439215618	470.946	626	10.430	857343585310428247	857336454973771692	857336454973771691	11263	
1	1	0.095	0.095	-185.087		1.000	102.145	C13H21NO	[M + H3N + H]+	C13H25N2O+	RZYCKKZEBQDDLK	InChI=1S/C13H21NO/c1-3-5-7-9-13(10-8-6-4-2)11-14-12(13)15/h3-4H,1-2,5-11H2,(H,14,15)	3,3-Di(pent-4-enyl)azetidin-2-one	C=CCCCC1(CNC1=O)CCCC=C	3.100	44560664	PUBCHEMANNOTATIONBIO:(null);PUBCHEM:(44560664);PUBMED:(null)	16777282	225.196	633	10.542	857343583267802177	857336455032491952	857336455032491951	11375	
1	1	0.985	0.987	-27.375		0.728	68.322	C13H18N2O	[M + H]+	C13H19N2O+	WPLYTRWMCWBZEN	InChI=1S/C13H18N2O/c16-13(14-11-7-3-1-4-8-11)15-12-9-5-2-6-10-12/h1,3-4,7-8,12H,2,5-6,9-10H2,(H2,14,15,16)	1-cyclohexyl-3-phenylurea	C1CCC(CC1)NC(=O)NC2=CC=CC=C2	3.077	13451	PUBCHEMANNOTATIONBIO:(null);COCONUT:(CNP0085148);NORMAN:(NS00067025);SUPERNATURAL:(SN0416495);PUBCHEM:(13451);DSSTox:(DTXSID90877268);PUBMED:(null)	137459138626	219.149	633	10.549	857343587990588536	857336455095406516	857336455091212211	11388	
1	1	0.194	0.194	-179.517		1.000	24.350	C11H23NO2	[M + H]+	C11H24NO2+	CZOIUKWGJCDTGF	InChI=1S/C11H23NO2/c1-2-3-4-5-6-7-9-12-10-8-11(13)14/h12H,2-10H2,1H3,(H,13,14)	N-Octyl-beta-alanine	CCCCCCCCNCCC(=O)O	0.400	157738962;13765821	NORMAN:(NS00051088 NS00102552);PUBCHEM:(157738962 13765821)	262146	202.180	635	10.585	857343580658945068	857336455149932472	857336455149932471	11429	
1	3	0.094	0.094	-74.027		0.333	25.520	C11H20O	[M + CH2O2 + H]+	C12H23O3+	YMAQXOPPAMCPRY	InChI=1S/C11H20O/c1-8(2)11(9(3)4)7-6-10(5)12/h6-8,10,12H,1-5H3	5-Isopropyl-6-methyl-hepta-3,5-dien-2-ol	CC(C)C(=C(C)C)C=CC(C)O	3.500	5363138	SUPERNATURAL:(SN0454065);PUBCHEM:(5363138)	1048578	215.164	637	10.613	857343582680599610	857336455204458428	857336455204458427	11484	
1	2	0.097	0.097	-36.743		0.217	37.389	C8H7N	[M + H]+	C8H8N+	GSBASWSNLVDXQF	InChI=1S/C8H6N/c1-9-7-8-5-3-2-4-6-8/h2-7H/q-1		[C-]#[N+][CH-]C1=CC=CC=C1	0.000	10240804	PUBCHEM:(10240804)	2	118.065	643	10.711	857343600934210745	857336455258984384	857336455258984383	11609	
1	1	0.042	0.042	-244.149		0.992	39.951	C12H17N3O3S2	[M + K]+	C12H17KN3O3S2+	PYJLLDCGOXYOAW	InChI=1S/C12H17N3O3S2/c13-20(17,18)11-5-3-10(4-6-11)12(16)15-8-2-1-7-14-9-19/h3-6,9H,1-2,7-8H2,(H,14,19)(H,15,16)(H2,13,17,18)	N-[4-(methanethioylamino)butyl]-4-sulfamoylbenzamide	C1=CC(=CC=C1C(=O)NCCCCNC=S)S(=O)(=O)N	0.906	4369031	PUBCHEMANNOTATIONBIO:(null);PUBCHEM:(4369031)	16777218	354.033	643	10.717	857343646262054150	857336455321898948	857336455321898947	11623	
1	2	0.245	0.245	-29.094		0.001	67.202	C6H4O2S	[M + H3N + H]+	C6H8NO2S+	ASXXKDKTSGNZCY	InChI=1S/C6H5O2S/c7-9(8)6-4-2-1-3-5-6/h1-5H/q+1	[Oxo(phenyl)-lambda6-sulfanylidyne]oxidanium	C1=CC=C(C=C1)S(#[O+])=O	1.600	124018576	PUBCHEM:(124018576)	2	158.027	643	10.718	857343673390812453	857336455380619208	857336455376424903	11626	
1	1	0.853	0.853	-32.800		0.997	77.510	C10H15NO2S	[M + H]+	C10H16NO2S+	FZIFUJULXRFHBB	InChI=1S/C10H15NO2S/c1-3-11(4-2)14(12,13)10-8-6-5-7-9-10/h5-9H,3-4H2,1-2H3	N,N-Diethylbenzenesulfonamide	CCN(CC)S(=O)(=O)C1=CC=CC=C1	1.800	74367	PUBCHEMANNOTATIONSAFETYANDTOXIC:(null);MESH:(74367);PUBCHEM:(74367);DSSTox:(DTXSID8075120);PUBMED:(null)	137506062406	214.090	643	10.719	857343598405045421	857336455460310988	857336455456116683	11629	
1	1	0.943	0.955	-29.709		1.000	54.675	C13H24N2O	[M + H]+	C13H25N2O+	ADFXKUOMJKEIND	InChI=1S/C13H24N2O/c16-13(14-11-7-3-1-4-8-11)15-12-9-5-2-6-10-12/h11-12H,1-10H2,(H2,14,15,16)	Oprea1_447813	C1CCC(CC1)NC(=O)NC2CCCCC2	3.000	18342237;4277;71309803	PUBCHEMANNOTATIONBIO:(null);HMDB:(HMDB0244166);PUBCHEMANNOTATIONSAFETYANDTOXIC:(null);BloodExposome:(4277);SUPERNATURAL:(SN0002483);MESH:(4277);PUBCHEM:(18342237 4277 71309803);public_spectra_2506;GNPS:(CCMSLIB00003135659);MACONDA:(CON00295);COCONUT:(CNP0081659);NORMAN:(NS00010594);CHEBI:(93429);DSSTox:(DTXSID3062366);PUBMED:(null)	146120381550	225.196	645	10.758	857343587600518261	857336455535808464	857336455535808463	11690	
1	1	0.733	0.817	-81.860		1.000	17.117	C13H29N	[M + H]+	C13H30N+	ABVVEAHYODGCLZ	InChI=1S/C13H29N/c1-2-3-4-5-6-7-8-9-10-11-12-13-14/h2-14H2,1H3	Tridecylamine	CCCCCCCCCCCCCN	4.580	4555949;40761	NORMAN:(NS00019560);PUBCHEMANNOTATIONSAFETYANDTOXIC:(null);SUPERNATURAL:(SN0001434);PUBCHEM:(4555949 40761);DSSTox:(DTXSID0022199 DTXSID50173995);LOTUS:(Q27262797);PUBMED:(null)	137775808578	200.237	649	10.815	857343591606078608	857336455611305940	857336455611305939	11747	
1	3	0.021	0.021	-324.512		0.034	32.664	C12H20N6O2	[M + H]+	C12H21N6O2+	SGZSQQVTAZQBEJ	InChI=1S/C12H20N6O2/c13-3-1-11(19)17-9-7-15-5-6-16-8-10-18-12(20)2-4-14/h15-16H,1-2,5-10H2,(H,17,19)(H,18,20)	N,N'-[1,2-Ethanediylbis(imino-2,1-ethanediyl)]bis(2-cyanoacetamide)	C(CNCCNC(=O)CC#N)NCCNC(=O)CC#N	-2.200	162475	NORMAN:(NS00057824);PUBCHEM:(162475);DSSTox:(DTXSID1072638 DTXSID8068331)	137439215618	281.175	649	10.819	857343623491177715	857336455682609112	857336455682609111	11758	
1	1	0.611	0.611	-101.385		1.000	34.626	C11H24N2O	[M + H]+	C11H25N2O+	MBZFRNDYYPOMKK	InChI=1S/C11H24N2O/c1-3-4-5-6-7-8-9-10-13-11(14)12-2/h3-10H2,1-2H3,(H2,12,13,14)	3-Methyl-1-nonylurea	CCCCCCCCCNC(=O)NC	3.300	91937244	PUBCHEMANNOTATIONBIO:(null);PUBCHEM:(91937244)	16777218	201.196	651	10.852	857343592600128658	857336455741329372	857336455741329371	11803	
1	1	0.302	0.302	-112.781		0.500	150.557	C14H24O4	[M + H]+	C14H25O4+	HWJMRLHWXKAVSJ	InChI=1S/C14H24O4/c1-4-6-7-8-9-10-12(16)13(11(3)15)14(17)18-5-2/h13H,4-10H2,1-3H3	Ethyl 2-acetyl-3-oxodecanoate	CCCCCCCC(=O)C(C(=O)C)C(=O)OCC	3.300	106710	NORMAN:(NS00053474);PUBCHEM:(106710);DSSTox:(DTXSID60886827)	137439215618	257.175	651	10.854	857343619133295845	857336455804243936	857336455804243935	11809	
1	1	0.085	0.085	-180.722		0.672	166.342	C18H20N2O	[M + H]+	C18H21N2O+	VTZLPXIVTAFLQG	InChI=1S/C18H20N2O/c1-19-10-4-8-16(19)12-14-6-3-7-15(18(14)21)13-17-9-5-11-20(17)2/h4-5,8-13H,3,6-7H2,1-2H3	2,6-Bis[(1-methyl-1H-pyrrol-2-yl)methylene]cyclohexanone	CN1C=CC=C1C=C2CCCC(=CC3=CC=CN3C)C2=O	2.600	20835534;6157225;6385906;216435	NORMAN:(NS00066682);PUBCHEM:(20835534 6157225 6385906 216435);DSSTox:(DTXSID801199775);PUBMED:(null)	137439215682	281.165	654	10.901	857343668764495120	857336455858769892	857336455858769891	11860	
1	1	0.629	0.689	-68.038		1.000	26.449	C14H31N	[M + H]+	C14H32N+	PLZVEHJLHYMBBY	InChI=1S/C14H31N/c1-2-3-4-5-6-7-8-9-10-11-12-13-14-15/h2-15H2,1H3	Armeen 14	CCCCCCCCCCCCCCN	5.029	15687967;16217;71308881	PUBCHEMANNOTATIONBIO:(null);HMDB:(HMDB0258887);PUBCHEMANNOTATIONSAFETYANDTOXIC:(null);BloodExposome:(16217);SUPERNATURAL:(SN0289089);MESH:(16217);PUBCHEM:(15687967 16217 71308881);public_spectra_2506;COCONUT:(CNP0079841);NORMAN:(NS00009560 NS00082347);CHEBI:(165595);DSSTox:(DTXSID20745683 DTXSID70939757 DTXSID9040768);LOTUS:(Q27284979);PUBMED:(null)	146388811886	214.253	658	10.968	857343594772778144	857336455917490152	857336455917490151	11951	
1	1	0.393	0.654	-103.623		0.941	22.837	C15H15NO	[M + H]+	C15H16NO+	CPKRCGUDZGKAPJ	InChI=1S/C15H15NO/c17-15(11-13-7-3-1-4-8-13)16-12-14-9-5-2-6-10-14/h1-10H,11-12H2,(H,16,17)	N-Benzyl-2-phenylacetamide	C1=CC=C(C=C1)CC(=O)NCC2=CC=CC=C2	2.600	134125202;154089041;277826	SUPERNATURAL:(SN0052079);PUBCHEM:(134125202 154089041 277826);DSSTox:(DTXSID60298901);PUBMED:(null)	137440002114	226.123	658	10.974	857343587457911914	857336455972016108	857336455972016107	11873	
1	7	0.199	0.199	-323.635		0.003	76.063	C26H45NO9	[M + K]+	C26H45KNO9+	IPRZVEFFDTWBGV	InChI=1S/C26H45NO9/c1-23(2,3)19(28)32-13-14-15(34-20(29)24(4,5)6)16(35-21(30)25(7,8)9)17(18(27)33-14)36-22(31)26(10,11)12/h14-18H,13,27H2,1-12H3	2-O,3-O,4-O,6-O-Tetrapivaloyl-beta-D-glucopyranosylamine	CC(C)(C)C(=O)OCC1C(C(C(C(O1)N)OC(=O)C(C)(C)C)OC(=O)C(C)(C)C)OC(=O)C(C)(C)C	3.994	124823713;124823714;51666961;51666962;53302099;94001693;129833051;129841668;134969095;134974286;69703795;7567025;7567026;124428667;97267890;40884442;99734120;13829691;11295283;27060195;27060201;3719900	PUBCHEMANNOTATIONSAFETYANDTOXIC:(null);SUPERNATURAL:(SN0151953);PUBCHEM:(124823713 124823714 51666961 51666962 53302099 94001693 129833051 129841668 134969095 134974286 69703795 7567025 7567026 124428667 97267890 40884442 99734120 13829691 11295283 27060195 27060201 3719900);DSSTox:(DTXSID10428796);PUBMED:(null)	137507110978	554.275	659	10.991	857343672216407328	857336456026542064	857336456026542063	11984	
1	2	0.144	0.144	-219.969		0.024	65.058	C17H24N2O6	[M + Na]+	C17H24N2NaO6+	RFSVHANJROIWPM	InChI=1S/C17H24N2O6/c1-6-11(2)14(18-16(21)25-17(3,4)5)15(20)24-13-9-7-12(8-10-13)19(22)23/h7-11,14H,6H2,1-5H3,(H,18,21)	p-Nitrophenyl erythro-N-(tert-butoxycarbonyl)-L-isoleucinate	CCC(C)C(C(=O)OC1=CC=C(C=C1)[N+](=O)[O-])NC(=O)OC(C)(C)C	4.000	7010530;14059308;92221243;92221244;86096	NORMAN:(NS00054105);PUBCHEM:(7010530 14059308 92221243 92221244 86096);DSSTox:(DTXSID30937638)	137439215618	375.155	664	11.074	857343608337157340	857336456081068020	857336456081068019	12095	
1	1	0.672	0.672	-47.541		0.680	33.670	C16H10N2O2	[M + H]+	C16H11N2O2+	COHYTHOBJLSHDF	InChI=1S/C16H10N2O2/c19-15-9-5-1-3-7-11(9)17-13(15)14-16(20)10-6-2-4-8-12(10)18-14/h1-8,17-18H	Indigo	C1=CC=C2C(=C1)C(=O)C(=C3C(=O)C4=CC=CC=C4N3)N2	2.726	129678358	COCONUT:(CNP0122392);NORMAN:(NS00002041 NS00076533);HMDB:(HMDB0240742);METACYC:(CPD-10525);PLANTCYC:(CPD-10525);SUPERNATURAL:(SN0051239);PUBCHEM:(129678358);public_spectra_2506;DSSTox:(DTXSID3026279);LOTUS:(Q104967020 Q422662)	146300864522	263.082	665	11.077	857343602108615873	857336456135593976	857336456135593975	12114	
1	1	0.620	0.719	-87.550		1.000	25.595	C13H29N	[M + H]+	C13H30N+	ABVVEAHYODGCLZ	InChI=1S/C13H29N/c1-2-3-4-5-6-7-8-9-10-11-12-13-14/h2-14H2,1H3	Tridecylamine	CCCCCCCCCCCCCN	4.580	4555949;40761	NORMAN:(NS00019560);PUBCHEMANNOTATIONSAFETYANDTOXIC:(null);SUPERNATURAL:(SN0001434);PUBCHEM:(4555949 40761);DSSTox:(DTXSID0022199 DTXSID50173995);LOTUS:(Q27262797);PUBMED:(null)	137775808578	200.237	666	11.099	857343594982493356	857336456194314236	857336456194314235	12136	
1	1	0.582	0.667	-74.778		1.000	32.031	C14H31N	[M + H]+	C14H32N+	PLZVEHJLHYMBBY	InChI=1S/C14H31N/c1-2-3-4-5-6-7-8-9-10-11-12-13-14-15/h2-15H2,1H3	Armeen 14	CCCCCCCCCCCCCCN	5.029	15687967;16217;71308881	PUBCHEMANNOTATIONBIO:(null);HMDB:(HMDB0258887);PUBCHEMANNOTATIONSAFETYANDTOXIC:(null);BloodExposome:(16217);SUPERNATURAL:(SN0289089);MESH:(16217);PUBCHEM:(15687967 16217 71308881);public_spectra_2506;COCONUT:(CNP0079841);NORMAN:(NS00009560 NS00082347);CHEBI:(165595);DSSTox:(DTXSID20745683 DTXSID70939757 DTXSID9040768);LOTUS:(Q27284979);PUBMED:(null)	146388811886	214.253	667	11.117	857343583242636352	857336456257228800	857336456257228799	12180	
1	1	0.422	0.422	-86.800		1.000	21.613	C12H24O4	[M + H]+	C12H25O4+	ICDFAVDDYZOXIU	InChI=1S/C12H24O4/c1-2-3-4-5-6-7-8-15-9-10-16-11-12(13)14/h2-11H2,1H3,(H,13,14)	2-(2-Octoxyethoxy)acetic acid	CCCCCCCCOCCOCC(=O)O	2.900	4049161	PUBCHEMANNOTATIONSAFETYANDTOXIC:(null);PUBCHEM:(4049161)	67108866	233.175	668	11.129	857343601655631036	857336456315949060	857336456311754755	12203	
1	1	0.019	0.019	-67.751		1.000	81.147	C10H18O2	[M + H]+	C10H19O2+	ZCTCHUYEFFCKCW	InChI=1S/C10H18O2/c1-3-7-11-9-5-6-10-12-8-4-2/h3-4,7-10H2,1-2H3	1,4-Dipropoxybut-2-yne	CCCOCC#CCOCCC	1.800	3017958	NORMAN:(NS00061674);PUBCHEM:(3017958);DSSTox:(DTXSID40989865)	137439215618	171.138	668	11.130	857343591153093774	857336456374669320	857336456374669319	12200	
1	1	0.829	0.670	-54.310		1.000	19.125	C16H35N	[M + H]+	C16H36N+	FJLUATLTXUNBOT	InChI=1S/C16H35N/c1-2-3-4-5-6-7-8-9-10-11-12-13-14-15-16-17/h2-17H2,1H3	Hexadecylamine	CCCCCCCCCCCCCCCCN	5.927	162343678;8926;117668646;3701362	PUBCHEMANNOTATIONBIO:(null);NORMAN:(NS00013449 NS00081336 NS00102500);HMDB:(HMDB0243891);PUBCHEMANNOTATIONSAFETYANDTOXIC:(null);BloodExposome:(8926);CHEBI:(165594);MESH:(8926);PUBCHEM:(162343678 8926 117668646 3701362);DSSTox:(DTXSID30936247 DTXSID7025390 DTXSID90797311);LOTUS:(Q27285236);PUBMED:(null)	137795731566	242.284	670	11.163	857343584467373141	857336456559218708	857336456555024403	12250	
1	1	0.157	0.157	-95.171		1.000	87.701	C12H18O2	[M + H]+	C12H19O2+	ITCDJGPMQHIRKQ	InChI=1S/C12H18O2/c1-10(2)6-5-7-11(3)8-9-14-12(4)13/h6-9H,5H2,1-4H3	3,7-Dimethylocta-1,3,6-trien-1-yl acetate	CC(=CCC=C(C)C=COC(=O)C)C	3.700	6365738;3018518	NORMAN:(NS00059181);PUBCHEM:(6365738 3018518);DSSTox:(DTXSID601247584)	137439215618	195.138	671	11.175	857343593548041364	857336456617938968	857336456617938967	12272	
1	1	0.478	0.554	-48.944		1.000	15.437	C14H31NO	[M + H]+	C14H32NO+	SYELZBGXAIXKHU	InChI=1S/C14H31NO/c1-4-5-6-7-8-9-10-11-12-13-14-15(2,3)16/h4-14H2,1-3H3	Admox 12	CCCCCCCCCCCC[N+](C)(C)[O-]	5.300	112758481;15433	PUBCHEMANNOTATIONBIO:(null);PUBCHEMANNOTATIONSAFETYANDTOXIC:(null);SUPERNATURAL:(SN0358505);HSDB:(1643-20-5);MESH:(15433);PUBCHEM:(112758481 15433);public_spectra_2506;NORMAN:(NS00001592);METACYC:(CPD-14531);CHEBI:(131762);DSSTox:(DTXSID1020514);LOTUS:(Q6501952);PUBCHEMANNOTATIONDRUG:(null);PUBMED:(null)	146416077414	230.248	671	11.183	857343594101689502	857336456752156704	857336456752156703	12286	
1	1	0.039	0.039	-195.598		1.000	54.432	C12H20O3	[M + H]+	C12H21O3+	UHSPPPRKYHSSIU	InChI=1S/C12H20O3/c1-10(8-9-13)6-5-7-11(2)12(14-3)15-4/h7-9,12H,5-6H2,1-4H3	8,8-Dimethoxy-3,7-dimethylocta-2,6-dienal	CC(=CC=O)CCC=C(C)C(OC)OC	2.300	163195765;129864184;129864188	SUPERNATURAL:(SN0370788);PUBCHEM:(163195765 129864184 129864188)	1048578	213.149	671	11.184	857343889825287471	857336456819265572	857336456819265571	12273	
1	1	0.417	0.665	-79.413		0.984	46.490	C15H15NO	[M + H]+	C15H16NO+	CPKRCGUDZGKAPJ	InChI=1S/C15H15NO/c17-15(11-13-7-3-1-4-8-13)16-12-14-9-5-2-6-10-14/h1-10H,11-12H2,(H,16,17)	N-Benzyl-2-phenylacetamide	C1=CC=C(C=C1)CC(=O)NCC2=CC=CC=C2	2.600	134125202;154089041;277826	SUPERNATURAL:(SN0052079);PUBCHEM:(134125202 154089041 277826);DSSTox:(DTXSID60298901);PUBMED:(null)	137440002114	226.123	671	11.186	857344616857576984	857336456886374440	857336456882180135	12299	
1	1	0.672	0.672	-113.243		1.000	57.554	C19H38N2O3	[M + H]+	C19H39N2O3+	MRUAUOIMASANKQ	InChI=1S/C19H38N2O3/c1-4-5-6-7-8-9-10-11-12-14-18(22)20-15-13-16-21(2,3)17-19(23)24/h4-17H2,1-3H3,(H-,20,22,23,24)/p+1	Empigen BR	CCCCCCCCCCCC(=O)NCCC[N+](C)(C)CC(=O)O	4.700	71749757;71749758;20280;20281	PUBCHEMANNOTATIONBIO:(null);NORMAN:(NS00010635 NS00082906);PUBCHEMANNOTATIONSAFETYANDTOXIC:(null);SUPERNATURAL:(SN0233682);MESH:(20280);PUBCHEM:(71749757 71749758 20280 20281);public_spectra_2506;DSSTox:(DTXSID4041282);PUBCHEMANNOTATIONDRUG:(null);PUBMED:(null)	146147639366	343.296	671	11.191	857344619042809436	857336456689242140	857336456689242139	12253	
1	1	0.661	0.661	-106.798		1.000	71.071	C12H23NO	[M + H]+	C12H24NO+	DTNGVTVVMAMENM	InChI=1S/C12H23NO/c1-3-10(4-2)12(14)13-11-8-6-5-7-9-11/h10-11H,3-9H2,1-2H3,(H,13,14)	N-cyclohexyl-2-ethylbutanamide	CCC(CC)C(=O)NC1CCCCC1	3.100	3617883	PUBCHEM:(3617883)	2	198.185	675	11.258	857344613871232306	857336456949289004	857336456949289003	12388	
1	4	0.077	0.077	-229.086		0.048	18.753	C11H13F6N5O	[M + H]+	C11H14F6N5O+	DLMQLYWUAMUWQQ	InChI=1S/C11H13F6N5O/c12-10(13,14)6(11(15,16)17)23-9-20-7(18)19-8(21-9)22-4-2-1-3-5-22/h6H,1-5H2,(H2,18,19,20,21)	4-[(1,1,1,3,3,3-hexafluoropropan-2-yl)oxy]-6-(piperidin-1-yl)-1,3,5-triazin-2-amine	C1CCN(CC1)C2=NC(=NC(=N2)N)OC(C(F)(F)F)C(F)(F)F	3.500	2827320	COCONUT:(CNP0154184);PUBCHEM:(2827320)	2097154	346.107	677	11.277	857344630052857535	857336457020592176	857336457016397871	12416	
1	1	0.526	0.526	-41.015		1.000	22.424	C14H28O5	[M + H]+	C14H29O5+	JFSSGOJEDMVAIO	InChI=1S/C14H28O5/c1-3-4-5-6-7-16-8-9-17-10-11-18-12-13-19-14(2)15/h3-13H2,1-2H3	Triethylene glycol, hexyl ether, acetate	CCCCCCOCCOCCOCCOC(=O)C	2.000	91747771	PUBCHEM:(91747771)	2	277.201	677	11.282	857344620716336751	857336457142227000	857336457138032695	12433	
1	1	0.660	0.696	-65.419		1.000	43.046	C14H31N	[M + H]+	C14H32N+	PLZVEHJLHYMBBY	InChI=1S/C14H31N/c1-2-3-4-5-6-7-8-9-10-11-12-13-14-15/h2-15H2,1H3	Armeen 14	CCCCCCCCCCCCCCN	5.029	15687967;16217;71308881	PUBCHEMANNOTATIONBIO:(null);HMDB:(HMDB0258887);PUBCHEMANNOTATIONSAFETYANDTOXIC:(null);BloodExposome:(16217);SUPERNATURAL:(SN0289089);MESH:(16217);PUBCHEM:(15687967 16217 71308881);public_spectra_2506;COCONUT:(CNP0079841);NORMAN:(NS00009560 NS00082347);CHEBI:(165595);DSSTox:(DTXSID20745683 DTXSID70939757 DTXSID9040768);LOTUS:(Q27284979);PUBMED:(null)	146388811886	214.253	677	11.287	857344612650689665	857336457200947260	857336457200947259	12429	
1	1	0.013	0.013	-68.002		1.000	74.432	C10H18O2	[M + H]+	C10H19O2+	ZCTCHUYEFFCKCW	InChI=1S/C10H18O2/c1-3-7-11-9-5-6-10-12-8-4-2/h3-4,7-10H2,1-2H3	1,4-Dipropoxybut-2-yne	CCCOCC#CCOCCC	1.800	3017958	NORMAN:(NS00061674);PUBCHEM:(3017958);DSSTox:(DTXSID40989865)	137439215618	171.138	677	11.288	857344613854455088	857336457263861824	857336457263861823	12469	
1	2	0.120	0.120	-147.769		0.013	12.549	C17H22N2O2S	[M + Na]+	C17H22N2NaO2S+	GENSEJHAESFPAF	InChI=1S/C17H22N2O2S/c20-15(11-7-8-11)19-17-14(16(21)18-9-10-5-6-10)12-3-1-2-4-13(12)22-17/h10-11H,1-9H2,(H,18,21)(H,19,20)	2-(cyclopropanecarbonylamino)-N-(cyclopropylmethyl)-4,5,6,7-tetrahydro-1-benzothiophene-3-carboxamide	C1CCC2=C(C1)C(=C(S2)NC(=O)C3CC3)C(=O)NCC4CC4	3.400	146278431	PUBCHEM:(146278431)	2	341.128	677	11.289	857344634012280544	857336457322582084	857336457322582083	12449	
1	2	0.222	0.222	-121.145		0.254	8.238	C13H26O4	[M + H]+	C13H27O4+	JNSVWPHASHKZRS	InChI=1S/C13H26O4/c1-2-3-4-5-6-7-8-9-16-10-11-17-12-13(14)15/h2-12H2,1H3,(H,14,15)	2-(2-Nonoxyethoxy)acetic acid	CCCCCCCCCOCCOCC(=O)O	3.500	122611598	NORMAN:(NS00095079);PUBCHEM:(122611598)	262146	247.191	677	11.291	857344617767740994	857336457381302344	857336457377108039	12452	
1	1	0.155	0.155	-202.099		0.979	43.628	C15H20N2O3	[M + H]+	C15H21N2O3+	PEEKCTXVTSQPFG	InChI=1S/C15H20N2O3/c1-5-7-13(18)16-11-8-6-9-12(10-11)20-14(19)17-15(2,3)4/h5-10H,1-4H3,(H,16,18)(H,17,19)	[3-(but-2-enoylamino)phenyl] N-tert-butylcarbamate	CC=CC(=O)NC1=CC(=CC=C1)OC(=O)NC(C)(C)C	3.081	5966811;92258898;28807	PUBCHEMANNOTATIONSAFETYANDTOXIC:(null);PUBCHEM:(5966811 92258898 28807)	67108866	277.155	678	11.307	857344619638400613	857336457444216908	857336457444216907	12557	
1	1	0.123	0.123	-314.935		1.000	102.493	C16H29NO3	[M + H]+	C16H30NO3+	LLAASQKFSUNJPU	InChI=1S/C16H29NO3/c1-12(2)5-4-6-13-7-9-16(3,10-8-13)15(20)17-11-14(18)19/h12-13H,4-11H2,1-3H3,(H,17,20)(H,18,19)	cis-N-((1-Methyl-4-(4-methylpentyl)cyclohexyl)carbonyl)glycine	CC(C)CCCC1CCC(CC1)(C)C(=O)NCC(=O)O	4.200	3053407	PUBCHEMANNOTATIONSAFETYANDTOXIC:(null);PUBCHEM:(3053407);DSSTox:(DTXSID50990184)	137506062338	284.222	680	11.332	857344626303149727	857336457502937168	857336457498742863	12526	
1	1	0.662	0.662	-102.449		1.000	44.516	C19H38N2O3	[M + H]+	C19H39N2O3+	MRUAUOIMASANKQ	InChI=1S/C19H38N2O3/c1-4-5-6-7-8-9-10-11-12-14-18(22)20-15-13-16-21(2,3)17-19(23)24/h4-17H2,1-3H3,(H-,20,22,23,24)/p+1	Empigen BR	CCCCCCCCCCCC(=O)NCCC[N+](C)(C)CC(=O)O	4.700	71749757;71749758;20280;20281	PUBCHEMANNOTATIONBIO:(null);NORMAN:(NS00010635 NS00082906);PUBCHEMANNOTATIONSAFETYANDTOXIC:(null);SUPERNATURAL:(SN0233682);MESH:(20280);PUBCHEM:(71749757 71749758 20280 20281);public_spectra_2506;DSSTox:(DTXSID4041282);PUBCHEMANNOTATIONDRUG:(null);PUBMED:(null)	146147639366	343.296	680	11.342	857344623161616003	857336457561657428	857336457561657427	12541	
1	1	0.663	0.458	-88.188		1.000	98.912	C15H33N	[M + H]+	C15H34N+	JPZYXGPCHFZBHO	InChI=1S/C15H33N/c1-2-3-4-5-6-7-8-9-10-11-12-13-14-15-16/h2-16H2,1H3	pentadecylamine	CCCCCCCCCCCCCCCN	5.478	22590748;17386	PUBCHEMANNOTATIONBIO:(null);HMDB:(HMDB0243828);PUBCHEMANNOTATIONSAFETYANDTOXIC:(null);BloodExposome:(17386);SUPERNATURAL:(SN0172146);HSDB:(2570-26-5);MESH:(17386);PUBCHEM:(22590748 17386);COCONUT:(CNP0430437);NORMAN:(NS00027944);CHEBI:(87551);DSSTox:(DTXSID00171481 DTXSID8062529);LOTUS:(Q7164947);PUBMED:(null)	137798877806	228.269	682	11.374	857344626743551657	857336457624571992	857336457624571991	12592	
1	1	0.010	0.092	-24.325		1.000	23.050	C2H4O2	[M + K]+	C2H4KO2+	JMCRDEBJJPRTPV	InChI=1S/C2H4O2/c3-1-2-4/h1-4H	1,2-Ethenediol	C(=CO)O	-0.200	21352980;3036308;3036388;137088;57694167	PUBCHEMANNOTATIONBIO:(null);CHEBI:(183265 131198);SUPERNATURAL:(SN0169177);PUBCHEM:(21352980 3036308 3036388 137088 57694167);DSSTox:(DTXSID701314922);PUBCHEMANNOTATIONDRUG:(null)	137490333730	98.984	686	11.434	857344623757207180	857336457683292252	857336457683292251	12700	
1	1	0.027	0.027	-188.518		1.000	203.447	C16H24O4	[M + H]+	C16H25O4+	BLKQQTCUGZJWLN	InChI=1S/C16H24O4/c17-15(19-13-7-3-1-4-8-13)11-12-16(18)20-14-9-5-2-6-10-14/h11-14H,1-10H2	Dicyclohexyl but-2-enedioate	C1CCC(CC1)OC(=O)C=CC(=O)OC2CCCCC2	3.800	5354318;5927300;73952	NORMAN:(NS00034921);PUBCHEMANNOTATIONSAFETYANDTOXIC:(null);PUBCHEM:(5354318 5927300 73952);DSSTox:(DTXSID4029193);PUBMED:(null)	137506324546	281.175	688	11.460	857344709325203360	857336457742012512	857336457742012511	12730	
1	3	0.032	0.032	-177.550		0.016	39.739	C18H34O5	[M + K]+	C18H34KO5+	XSKPTXLSWNXFMY	InChI=1S/C18H34O5/c19-16(13-9-5-3-7-11-15-18(22)23)12-8-4-1-2-6-10-14-17(20)21/h16,19H,1-15H2,(H,20,21)(H,22,23)	9-hydroxyoctadecanedioic acid	C(CCCCC(=O)O)CCCC(CCCCCCCC(=O)O)O	4.500	22000992;163029435	COCONUT:(CNP0307682);SUPERNATURAL:(SN0438828);PUBCHEM:(22000992 163029435);LOTUS:(Q105341061)	271581186	369.202	688	11.465	857344632519108306	857336457800732772	857336457800732771	12740	
1	6	0.087	0.087	-133.937		0.009	13.534	C10H10F2N2O3S2	[M + Na]+	C10H10F2N2NaO3S2+	SZLCVRFYVFLTEW	InChI=1S/C10H10F2N2O3S2/c1-2-8-7(3-13-17-8)14-19(15,16)9-5-18-4-6(9)10(11)12/h3-5,10,14H,2H2,1H3	4-(difluoromethyl)-N-(5-ethyl-1,2-oxazol-4-yl)thiophene-3-sulfonamide	CCC1=C(C=NO1)NS(=O)(=O)C2=CSC=C2C(F)F	2.000	146141104	PUBCHEM:(146141104)	2	331.002	688	11.468	857344638860896023	857336457863647336	857336457863647335	12739	
1	1	0.876	0.896	-95.571		0.499	91.006	C12H22O4	[M + H]+	C12H23O4+	TVIDDXQYHWJXFK	InChI=1S/C12H22O4/c13-11(14)9-7-5-3-1-2-4-6-8-10-12(15)16/h1-10H2,(H,13,14)(H,15,16)	Corfree M 2	C(CCCCCC(=O)O)CCCCC(=O)O	3.062	6991984;16212954;148547695;11229952;12736;12400841;11665832;90477850;71309580	PUBCHEMANNOTATIONBIO:(null);HMDB:(HMDB0000623);PUBCHEMANNOTATIONSAFETYANDTOXIC:(null);BloodExposome:(6991984 12736 169292);LIPIDMAPS:(LMFA01170009);SUPERNATURAL:(SN0361002);HSDB:(693-23-2);MESH:(12736);FooDB:(FDB022148);PUBCHEM:(6991984 16212954 148547695 11229952 12736 12400841 11665832 90477850 71309580);public_spectra_2506;GNPS:(CCMSLIB00003137155);COCONUT:(CNP0293008);NORMAN:(NS00010129 NS00083965 NS00090901 NS00092718);METACYC:(CPD-10670);CHEBI:(4676 76273);KEGG:(C02678);DSSTox:(DTXSID3027297 DTXSID40916454 DTXSID50496474 DTXSID60583748 DTXSID60975265 DTXSID70745931 DTXSID90890275);LOTUS:(Q5287812);PUBCHEMANNOTATIONDRUG:(null);PUBCHEMANNOTATIONFOOD:(null);PUBMED:(null)	149240945518	231.159	689	11.476	857344627183953578	857336457922367596	857336457918173291	12752	
1	1	0.568	0.694	-112.178		0.998	58.521	C15H15NO	[M + H]+	C15H16NO+	CPKRCGUDZGKAPJ	InChI=1S/C15H15NO/c17-15(11-13-7-3-1-4-8-13)16-12-14-9-5-2-6-10-14/h1-10H,11-12H2,(H,16,17)	N-Benzyl-2-phenylacetamide	C1=CC=C(C=C1)CC(=O)NCC2=CC=CC=C2	2.600	134125202;154089041;277826	SUPERNATURAL:(SN0052079);PUBCHEM:(134125202 154089041 277826);DSSTox:(DTXSID60298901);PUBMED:(null)	137440002114	226.123	689	11.476	857344644963608381	857336457981087856	857336457981087855	12753	
1	3	0.088	0.088	-118.695		0.007	23.769	C12H18O4	[M + H]+	C12H19O4+	SLDUUYIXPMPEDL	InChI=1S/C12H18O4/c13-7-12(8-14,9-15)10-16-6-11-4-2-1-3-5-11/h1-5,13-15H,6-10H2	1,3-Propanediol, 2-(hydroxymethyl)-2-[(phenylmethoxy)methyl]-	C1=CC=C(C=C1)COCC(CO)(CO)CO	-0.400	11974408	PUBCHEM:(11974408);DSSTox:(DTXSID20474981)	137438953474	227.126	689	11.477	857344652131673942	857336458044002420	857336458044002419	12770	
1	5	-Infinity	-Infinity	-143.080		0.068	20.227	C9H5ClN6O6	[M + H]+	C9H6ClN6O6+	IKOUZDIMTMKFRQ	InChI=1S/C9H5ClN6O6/c10-4-6-9(16(21)22)12-13(11-6)7-2-1-5(14(17)18)3-8(7)15(19)20/h1-3H,4H2	4-(Chloromethyl)-2-(2,4-dinitrophenyl)-5-nitrotriazole	C1=CC(=C(C=C1[N+](=O)[O-])[N+](=O)[O-])N2N=C(C(=N2)[N+](=O)[O-])CCl	2.100	5065708	PUBCHEM:(5065708)	2	329.005	689	11.477	857344666476193666	857336458106916984	857336458106916983	12755	
1	8	0.043	0.043	-334.699		0.000	67.903	C11H14FN3O	[M + K]+	C11H14FKN3O+	XARVCWHXIZRCGB	InChI=1S/C11H14FN3O/c12-9-1-3-10(4-2-9)14-5-7-15(8-6-14)11(13)16/h1-4H,5-8H2,(H2,13,16)	4-(4-Fluorophenyl)piperazine-1-carboxamide	C1CN(CCN1C2=CC=C(C=C2)F)C(=O)N	0.800	851859	PUBCHEMANNOTATIONBIO:(null);PUBCHEM:(851859)	16777218	262.074	689	11.478	857344641566222136	857336458165637244	857336458165637243	12772	
1	2	0.838	0.838	-28.292		0.110	94.618	C16H10N2O2	[M + H]+	C16H11N2O2+	COHYTHOBJLSHDF	InChI=1S/C16H10N2O2/c19-15-9-5-1-3-7-11(9)17-13(15)14-16(20)10-6-2-4-8-12(10)18-14/h1-8,17-18H	Indigo	C1=CC=C2C(=C1)C(=O)C(=C3C(=O)C4=CC=CC=C4N3)N2	2.726	129678358	COCONUT:(CNP0122392);NORMAN:(NS00002041 NS00076533);HMDB:(HMDB0240742);METACYC:(CPD-10525);PLANTCYC:(CPD-10525);SUPERNATURAL:(SN0051239);PUBCHEM:(129678358);public_spectra_2506;DSSTox:(DTXSID3026279);LOTUS:(Q104967020 Q422662)	146300864522	263.082	689	11.483	857344638252721929	857336458228551808	857336458224357503	12766	
1	1	0.026	0.026	-466.657		0.878	17.653	C16H22Cl3NO	[M + Na]+	C16H22Cl3NNaO+	JOJUODIBULSKBG	InChI=1S/C16H22Cl3NO/c1-15(2)12-5-4-10(6-7-20-14(18)19)8-16(12,3)9-11(21)13(15)17/h4,6-7,11-13,21H,5,8-9H2,1-3H3	1-chloro-N-[2-(6-chloro-7-hydroxy-5,5,8a-trimethyl-1,4,4a,5,6,7,8,8a-octahydronaphthalen-2-yl)ethenyl]methanecarbonimidoyl chloride	CC1(C2CC=C(CC2(CC(C1Cl)O)C)C=CN=C(Cl)Cl)C	5.400	74028308;23247425;23424761;101728037;162996872;59104459;59104460;90896787;10736620	COCONUT:(CNP0270302);TeroMol:(TKC041170 TKC041171);SUPERNATURAL:(SN0170890);PUBCHEM:(74028308 23247425 23424761 101728037 162996872 59104459 59104460 90896787 10736620);LOTUS:(Q105132372 Q105132369);PUBMED:(null)	279969858	372.066	690	11.498	857344615452485131	857336458291466372	857336458291466371	12815	
1	1	0.399	0.399	-117.523		0.974	50.589	C13H20N2O	[M + H]+	C13H21N2O+	OHKCVYRQKKMUMO	InChI=1S/C13H20N2O/c1-9(2)11-5-7-12(8-6-11)15-13(16)14-10(3)4/h5-10H,1-4H3,(H2,14,15,16)	1-Isopropyl-3-(4-isopropyl-phenyl)-urea	CC(C)C1=CC=C(C=C1)NC(=O)NC(C)C	2.900	853602	PUBCHEMANNOTATIONSAFETYANDTOXIC:(null);PUBCHEM:(853602)	67108866	221.165	690	11.500	857344641054517030	857336458345992328	857336458341798023	12808	
1	1	0.155	0.155	-186.739		0.997	49.314	C15H20N2O3	[M + H]+	C15H21N2O3+	PEEKCTXVTSQPFG	InChI=1S/C15H20N2O3/c1-5-7-13(18)16-11-8-6-9-12(10-11)20-14(19)17-15(2,3)4/h5-10H,1-4H3,(H,16,18)(H,17,19)	[3-(but-2-enoylamino)phenyl] N-tert-butylcarbamate	CC=CC(=O)NC1=CC(=CC=C1)OC(=O)NC(C)(C)C	3.081	5966811;92258898;28807	PUBCHEMANNOTATIONSAFETYANDTOXIC:(null);PUBCHEM:(5966811 92258898 28807)	67108866	277.155	690	11.504	857344634775643891	857336458404712588	857336458404712587	12823	
1	11	0.719	0.719	-98.384		0.010	14.274	C20H13N5	[M + Na]+	C20H13N5Na+	PYHJWHYHRSDRDJ	InChI=1S/C20H13N5/c1-2-19-18(17(5-8-22-19)13-3-6-21-7-4-13)10-14(1)15-9-16-12-24-25-20(16)23-11-15/h1-12H,(H,23,24,25)	6-(1H-pyrazolo[3,4-b]pyridin-5-yl)-4-pyridin-4-ylquinoline	C1=CC2=NC=CC(=C2C=C1C3=CN=C4C(=C3)C=NN4)C5=CC=NC=C5	3.300	46174165	PUBCHEMANNOTATIONBIO:(null);PUBCHEM:(46174165)	16777218	346.107	690	11.505	857344637304809223	857336458459238544	857336458455044239	12831	
1	1	0.484	0.484	-34.615		0.906	28.834	C9H18Cl3O4P	[M + H]+	C9H19Cl3O4P+	GTRSAMFYSUBAGN	InChI=1S/C9H18Cl3O4P/c1-7(10)4-14-17(13,15-5-8(2)11)16-6-9(3)12/h7-9H,4-6H2,1-3H3	Fyrol pcf	CC(COP(=O)(OCC(C)Cl)OCC(C)Cl)Cl	2.600	91865019;91865021;91865022;22522	PUBCHEMANNOTATIONBIO:(null);NORMAN:(NS00073946 NS00102184);HMDB:(HMDB0259277);PUBCHEMANNOTATIONSAFETYANDTOXIC:(null);BloodExposome:(22522);MESH:(22522);PUBCHEM:(91865019 91865021 91865022 22522);public_spectra_2506;DSSTox:(DTXSID3027615);PUBMED:(null)	146117230670	327.008	690	11.506	857344621446145657	857336458517958804	857336458517958803	12809	
1	4	0.011	0.011	-386.392		0.214	30.211	C12H22N4O4S	[M + Na]+	C12H22N4NaO4S+	AFCXTWHEPNJWDX	InChI=1S/C12H22N4O4S/c1-12(2,3)10-6-16(15-13-10)5-9-11(8(17)7-20-9)14-21(4,18)19/h6,8-9,11,14,17H,5,7H2,1-4H3	N-[(2R,3R,4R)-2-[(4-tert-butyltriazol-1-yl)methyl]-4-hydroxyoxolan-3-yl]methanesulfonamide	CC(C)(C)C1=CN(N=N1)CC2C(C(CO2)O)NS(=O)(=O)C	-0.400	137918455	SUPERNATURAL:(SN0003968);PUBCHEM:(137918455)	1048578	341.128	690	11.506	857344678614509451	857336458585067672	857336458580873367	12819	
1	1	0.278	0.278	-118.817		0.924	17.102	C13H26O4	[M + H]+	C13H27O4+	JNSVWPHASHKZRS	InChI=1S/C13H26O4/c1-2-3-4-5-6-7-8-9-16-10-11-17-12-13(14)15/h2-12H2,1H3,(H,14,15)	2-(2-Nonoxyethoxy)acetic acid	CCCCCCCCCOCCOCC(=O)O	3.500	122611598	NORMAN:(NS00095079);PUBCHEM:(122611598)	262146	247.190	691	11.510	857344639825585949	857336458643787932	857336458639593627	12827	
1	1	0.174	0.174	-296.671		1.000	114.079	C16H29NO3	[M + H]+	C16H30NO3+	LLAASQKFSUNJPU	InChI=1S/C16H29NO3/c1-12(2)5-4-6-13-7-9-16(3,10-8-13)15(20)17-11-14(18)19/h12-13H,4-11H2,1-3H3,(H,17,20)(H,18,19)	cis-N-((1-Methyl-4-(4-methylpentyl)cyclohexyl)carbonyl)glycine	CC(C)CCCC1CCC(CC1)(C)C(=O)NCC(=O)O	4.200	3053407	PUBCHEMANNOTATIONSAFETYANDTOXIC:(null);PUBCHEM:(3053407);DSSTox:(DTXSID50990184)	137506062338	284.222	691	11.514	857344662789400436	857336458698313888	857336458698313887	12840	
1	2	0.067	0.067	-244.197		0.131	24.602	C12H7ClN4O4	[M + Na]+	C12H7ClN4NaO4+	RLGNDHVNTYCNDN	InChI=1S/C12H7ClN4O4/c13-8-5-9(14-6-2-1-3-7(18)4-6)12(17(19)20)11-10(8)15-21-16-11/h1-5,14,18H	3-[(7-Chloro-4-nitro-2,1,3-benzoxadiazol-5-yl)amino]phenol	C1=CC(=CC(=C1)O)NC2=C(C3=NON=C3C(=C2)Cl)[N+](=O)[O-]	3.400	3128208	PUBCHEMANNOTATIONBIO:(null);PUBCHEM:(3128208);PUBMED:(null)	16777282	329.005	693	11.549	857344679835051926	857336458887057580	857336458887057579	12868	
1	1	0.510	0.510	-60.261		0.988	28.477	C16H17NO	[M + H]+	C16H18NO+	JJGMIJNIKHHXHK	InChI=1S/C16H17NO/c1-14(18)17(12-15-8-4-2-5-9-15)13-16-10-6-3-7-11-16/h2-11H,12-13H2,1H3	N,N-Dibenzylacetamide	CC(=O)N(CC1=CC=CC=C1)CC2=CC=CC=C2	2.700	82657	NORMAN:(NS00023321);PUBCHEMANNOTATIONSAFETYANDTOXIC:(null);PUBCHEM:(82657);DSSTox:(DTXSID8065088)	137506324482	240.138	695	11.578	857344649803835209	857336458941583536	857336458937389231	12947	
1	2	0.265	0.265	-97.246		0.024	21.135	C17H8O5	[M + K]+	C17H8KO5+	QVMNTILCNLWTBR	InChI=1S/C17H8O5/c18-9-1-2-10-13(6-9)21-16-11-5-8-3-4-20-12(8)7-14(11)22-17(19)15(10)16/h1-7,18H	neopsoralen	C1=CC2=C(C=C1O)OC3=C2C(=O)OC4=C3C=C5C=COC5=C4	3.500	85725895	COCONUT:(CNP0433355);SUPERNATURAL:(SN0316307);PUBCHEM:(85725895)	3145730	331.002	695	11.588	857344656875431776	857336459004498100	857336459004498099	12968	
1	2	0.067	0.067	-248.231		0.044	18.201	C12H7ClN4O4	[M + Na]+	C12H7ClN4NaO4+	RLGNDHVNTYCNDN	InChI=1S/C12H7ClN4O4/c13-8-5-9(14-6-2-1-3-7(18)4-6)12(17(19)20)11-10(8)15-21-16-11/h1-5,14,18H	3-[(7-Chloro-4-nitro-2,1,3-benzoxadiazol-5-yl)amino]phenol	C1=CC(=CC(=C1)O)NC2=C(C3=NON=C3C(=C2)Cl)[N+](=O)[O-]	3.400	3128208	PUBCHEMANNOTATIONBIO:(null);PUBCHEM:(3128208);PUBMED:(null)	16777282	329.005	698	11.630	857344623962728086	857336459067412664	857336459067412663	13035	
1	1	0.487	0.487	-34.635		0.607	22.848	C9H18Cl3O4P	[M + H]+	C9H19Cl3O4P+	GTRSAMFYSUBAGN	InChI=1S/C9H18Cl3O4P/c1-7(10)4-14-17(13,15-5-8(2)11)16-6-9(3)12/h7-9H,4-6H2,1-3H3	Fyrol pcf	CC(COP(=O)(OCC(C)Cl)OCC(C)Cl)Cl	2.600	91865019;91865021;91865022;22522	PUBCHEMANNOTATIONBIO:(null);NORMAN:(NS00073946 NS00102184);HMDB:(HMDB0259277);PUBCHEMANNOTATIONSAFETYANDTOXIC:(null);BloodExposome:(22522);MESH:(22522);PUBCHEM:(91865019 91865021 91865022 22522);public_spectra_2506;DSSTox:(DTXSID3027615);PUBMED:(null)	146117230670	327.008	698	11.632	857345073797638060	857336459134521532	857336459134521531	13034	
1	1	0.020	0.020	-279.595		1.000	56.054	C17H26O5	[M + H]+	C17H27O5+	MNXYIFLXTZJYIW	InChI=1S/C17H26O5/c1-3-7-16(8-4-1)19-12-11-18-15-14(13(12)20-16)21-17(22-15)9-5-2-6-10-17/h12-15H,1-11H2		C1CCC2(CC1)OC3COC4C(C3O2)OC5(O4)CCCCC5	2.600	124721085;51730249;6595769;7329398;7329399;3106286;2304888;11897769;11897770;11897771;18608982	SUPERNATURAL:(SN0230694);PUBCHEM:(124721085 51730249 6595769 7329398 7329399 3106286 2304888 11897769 11897770 11897771 18608982)	1048578	311.185	699	11.647	857344658578319210	857336459197436096	857336459197436095	12987	
1	1	0.533	0.533	-125.669		1.000	36.158	C13H26N2O	[M + H]+	C13H27N2O+	MULWXDIQMVYTFG	InChI=1S/C13H26N2O/c1-10(2)9-11(3)14-13(16)15-12-7-5-4-6-8-12/h10-12H,4-9H2,1-3H3,(H2,14,15,16)	N-Cyclohexyl-N'-(1,3-dimethylbutyl)urea	CC(C)CC(C)NC(=O)NC1CCCCC1	3.300	4123670;92139286;92139287	PUBCHEMANNOTATIONSAFETYANDTOXIC:(null);PUBCHEM:(4123670 92139286 92139287)	67108866	227.212	699	11.649	857344758083987370	857336459256156356	857336459256156355	13066	
1	10	0.150	0.150	-253.144		0.008	7.177	C15H16ClN5O2	[M + K]+	C15H16ClKN5O2+	UTNKSHGKBYJRQW	InChI=1S/C15H16ClN5O2/c16-11-1-3-12(4-2-11)21-15-13(9-20-21)14(18-10-19-15)17-5-7-23-8-6-22/h1-4,9-10,22H,5-8H2,(H,17,18,19)	2-[2-[[1-(4-Chlorophenyl)-4-pyrazolo[3,4-d]pyrimidinyl]amino]ethoxy]ethanol	C1=CC(=CC=C1N2C3=NC=NC(=C3C=N2)NCCOCCO)Cl	2.000	661110	CHEBI:(114559);PUBCHEM:(661110);PUBMED:(null)	98	372.066	699	11.658	857345395018411038	857336459319070920	857336459319070919	13092	
1	2	0.064	0.046	-87.118		0.315	14.891	C6H4N4O6	[M + Na]+	C6H4N4NaO6+	IAHOUQOWMXVMEH	InChI=1S/C6H4N4O6/c7-6-4(9(13)14)1-3(8(11)12)2-5(6)10(15)16/h1-2H,7H2	2,4,6-Trinitroaniline	C1=C(C=C(C(=C1[N+](=O)[O-])N)[N+](=O)[O-])[N+](=O)[O-]	1.043	102201233;10271	NORMAN:(NS00031842);PUBCHEMANNOTATIONSAFETYANDTOXIC:(null);PUBCHEM:(102201233 10271);DSSTox:(DTXSID9074850);PUBMED:(null)	137506324546	251.000	700	11.660	857345390094297883	857336459377791180	857336459377791179	13095	
1	1	0.481	0.553	-83.564		1.000	28.571	C16H35N	[M + H]+	C16H36N+	HVKQOPBXSVRTFF	InChI=1S/C16H35N/c1-5-9-12-16(8-4)15-17(13-10-6-2)14-11-7-3/h16H,5-15H2,1-4H3	N,N-Dibutyl-2-ethylhexylamine	CCCCC(CC)CN(CCCC)CCCC	5.900	40429615;40541425;86683	NORMAN:(NS00051435);PUBCHEM:(40429615 40541425 86683);DSSTox:(DTXSID20939585)	137439215618	242.284	701	11.677	857345387003095824	857336459436511440	857336459436511439	13109	
1	1	0.010	0.103	-24.860		1.000	22.790	C2H4O2	[M + K]+	C2H4KO2+	JMCRDEBJJPRTPV	InChI=1S/C2H4O2/c3-1-2-4/h1-4H	1,2-Ethenediol	C(=CO)O	-0.200	21352980;3036308;3036388;137088;57694167	PUBCHEMANNOTATIONBIO:(null);CHEBI:(183265 131198);SUPERNATURAL:(SN0169177);PUBCHEM:(21352980 3036308 3036388 137088 57694167);DSSTox:(DTXSID701314922);PUBCHEMANNOTATIONDRUG:(null)	137490333730	98.984	703	11.710	857345387409943313	857336459499426004	857336459499426003	13136	
1	1	0.104	0.104	-221.195		1.000	38.818	C18H36N2O3	[M + H]+	C18H37N2O3+	APHVNCHHRMYCDY	InChI=1S/C18H36N2O3/c1-3-4-5-6-7-8-9-10-11-12-13-14-15-20-18(22)23-16-17(21)19-2/h3-16H2,1-2H3,(H,19,21)(H,20,22)	[2-(methylamino)-2-oxoethyl] N-tetradecylcarbamate	CCCCCCCCCCCCCCNC(=O)OCC(=O)NC	6.000	91570184	PUBCHEM:(91570184)	2	329.280	704	11.742	857345394552843275	857336459553951960	857336459553951959	13192	
1	1	0.209	0.209	-289.535		1.000	164.710	C16H29NO3	[M + H]+	C16H30NO3+	MKWSZTVOJKTLPX	InChI=1S/C16H29NO3/c1-11(2)13-7-6-12(3)10-14(13)20-16(19)9-8-15(18)17(4)5/h11-14H,6-10H2,1-5H3	N,N-Dimethyl menthyl succinamide	CC1CCC(C(C1)OC(=O)CCC(=O)N(C)C)C(C)C	3.000	86341950;66779113;71049629	PUBCHEM:(86341950 66779113 71049629);DSSTox:(DTXSID401019757);PUBCHEMANNOTATIONFOOD:(null)	137573171202	284.222	705	11.750	857345406447889516	857336459612672220	857336459612672219	13198	
1	1	0.036	0.036	-320.152		0.979	15.232	C18H39NO4	[M + H]+	C18H40NO4+	MVKAHJLPJBMCFN	InChI=1S/C18H39NO4/c1-2-3-4-5-6-7-8-9-10-11-12-19(13-17(22)15-20)14-18(23)16-21/h17-18,20-23H,2-16H2,1H3	3,3'-(Dodecylimino)bispropane-1,2-diol	CCCCCCCCCCCCN(CC(CO)O)CC(CO)O	3.200	91864837;91864838;91864839;102492	NORMAN:(NS00041914);PUBCHEM:(91864837 91864838 91864839 102492);DSSTox:(DTXSID201002130)	137439215618	334.295	708	11.802	857345424256904322	857336459721724132	857336459721724131	13311	
1	1	0.146	0.174	-155.056		0.980	16.467	C16H32O4	[M + H3N + H]+	C16H36NO4+	IGEZKJDTCCZVOD	InChI=1S/C16H32O4/c1-14(17)11-9-7-5-3-2-4-6-8-10-12-15(18)13-16(19)20/h14-15,17-18H,2-13H2,1H3,(H,19,20)	3,15-dihydroxyhexadecanoic acid	CC(CCCCCCCCCCCC(CC(=O)O)O)O	4.100	86289836;102571601;100641812;100641827;100641841	COCONUT:(CNP0272419);CHEBI:(79248);SUPERNATURAL:(SN0144830);PUBCHEM:(86289836 102571601 100641812 100641827 100641841);public_spectra_2506;GNPS:(CCMSLIB00000848391)	8593084450	306.264	708	11.803	857345558222983112	857336459776250088	857336459776250087	13307	
1	2	0.289	0.289	-105.187		0.000	99.955	C14H27FO6	[M + H]+	C14H28FO6+	HTYLAGAQSAKBBX	InChI=1S/C14H27FO6/c1-3-5-6-17-7-8-18-9-10-19-11-12-21-13(15)14(16)20-4-2/h13H,3-12H2,1-2H3	Ethyl 2-[2-[2-(2-butoxyethoxy)ethoxy]ethoxy]-2-fluoroacetate	CCCCOCCOCCOCCOC(C(=O)OCC)F	1.700	104559774	PUBCHEM:(104559774)	2	311.185	709	11.810	857345574308138987	857336459893690608	857336459889496303	13331	
1	1	0.098	0.098	-186.490		1.000	60.352	C14H22O3	[M + H]+	C14H23O3+	RYILZWKGLGVPOC	InChI=1S/C14H22O3/c1-11(2)6-5-7-12(3)8-9-17-14(16)10-13(4)15/h6,8H,5,7,9-10H2,1-4H3	Geranyl Acetoacetate	CC(=CCCC(=CCOC(=O)CC(=O)C)C)C	3.300	5956805;278476;54611954	PUBCHEMANNOTATIONBIO:(null);COCONUT:(CNP0083904);NORMAN:(NS00012493);HMDB:(HMDB0038256);CHEBI:(85255 177688);LIPIDMAPS:(LMFA07010896);SUPERNATURAL:(SN0338593);FooDB:(FDB017550);PUBCHEM:(5956805 278476 54611954);DSSTox:(DTXSID50864194 DTXSID70893603);PUBCHEMANNOTATIONDRUG:(null);PUBCHEMANNOTATIONFOOD:(null)	140311265322	239.164	710	11.838	857345558965374929	857336459956605172	857336459952410867	13368	
1	1	0.089	0.089	-212.962		0.999	141.290	C15H20N2O3	[M + H]+	C15H21N2O3+	PEEKCTXVTSQPFG	InChI=1S/C15H20N2O3/c1-5-7-13(18)16-11-8-6-9-12(10-11)20-14(19)17-15(2,3)4/h5-10H,1-4H3,(H,16,18)(H,17,19)	[3-(but-2-enoylamino)phenyl] N-tert-butylcarbamate	CC=CC(=O)NC1=CC(=CC=C1)OC(=O)NC(C)(C)C	3.081	5966811;92258898;28807	PUBCHEMANNOTATIONSAFETYANDTOXIC:(null);PUBCHEM:(5966811 92258898 28807)	67108866	277.155	711	11.857	857345592662413329	857336460011131128	857336460011131127	13383	
1	1	0.009	0.009	-153.799		0.998	51.673	C15H24O4	[M + H3N + H]+	C15H28NO4+	NEEDSGVZOLMNNC	InChI=1S/C15H24O4/c1-5-9-16-14(17-10-6-2)13-15(18-11-7-3)19-12-8-4/h5-8,14-15H,1-4,9-13H2	1,1,3,3-Tetraallyloxypropane	C=CCOC(CC(OCC=C)OCC=C)OCC=C	2.900	88880	NORMAN:(NS00049702);PUBCHEM:(88880);DSSTox:(DTXSID30943931)	137439215618	286.201	712	11.863	857345562358566876	857336460061462780	857336460061462779	13420	
1	5	0.137	0.137	-191.747		0.009	40.307	C29H29N5O2	[M + H]+	C29H30N5O2+	ZFQMINYIZPPTKL	InChI=1S/C29H29N5O2/c1-34(20-22-35-28-16-12-26(13-17-28)32-30-24-8-4-2-5-9-24)21-23-36-29-18-14-27(15-19-29)33-31-25-10-6-3-7-11-25/h2-19H,20-23H2,1H3	Methyl-bis(beta-p-(phenylazo-phenoxy)ethylamine)	CN(CCOC1=CC=C(C=C1)N=NC2=CC=CC=C2)CCOC3=CC=C(C=C3)N=NC4=CC=CC=C4	7.100	3048020	PUBCHEMANNOTATIONSAFETYANDTOXIC:(null);PUBCHEM:(3048020)	67108866	480.238	712	11.864	857345578036875256	857336460115988736	857336460115988735	13394	
1	1	0.075	0.075	-108.688		1.000	109.784	C9H12O2	[M + H]+	C9H13O2+	YYWNAZJLTICGGQ	InChI=1S/C9H12O2/c1-6(2)8-4-7(3)5-9(10)11-8/h4-6H,1-3H3	2H-Pyran-2-one, 4-methyl-6-(1-methylethyl)-	CC1=CC(=O)OC(=C1)C(C)C	1.800	162589	NORMAN:(NS00012760);PUBCHEM:(162589);DSSTox:(DTXSID3068548);PUBMED:(null)	137439215682	153.091	712	11.871	857345591659974663	857336460170514692	857336460170514691	13413	
1	1	0.008	0.008	-142.723		1.000	114.183	C15H24O4	[M + H]+	C15H25O4+	NEEDSGVZOLMNNC	InChI=1S/C15H24O4/c1-5-9-16-14(17-10-6-2)13-15(18-11-7-3)19-12-8-4/h5-8,14-15H,1-4,9-13H2	1,1,3,3-Tetraallyloxypropane	C=CCOC(CC(OCC=C)OCC=C)OCC=C	2.900	88880	NORMAN:(NS00049702);PUBCHEM:(88880);DSSTox:(DTXSID30943931)	137439215618	269.175	713	11.890	857345596265320475	857336460225040648	857336460225040647	13419	
1	1	0.030	0.030	-209.690		1.000	31.124	C10H20N4O2	[M + Na]+	C10H20N4NaO2+	SEDVPYDASJIRQZ	InChI=1S/C10H20N4O2/c1-9(2,3)16-8(15)12-7-5-10(4-6-11)13-14-10/h4-7,11H2,1-3H3,(H,12,15)	tert-Butyl (2-(3-(2-aminoethyl)-3H-diazirin-3-yl)ethyl)carbamate	CC(C)(C)OC(=O)NCCC1(N=N1)CCN	0.600	132341990	PUBCHEMANNOTATIONSAFETYANDTOXIC:(null);PUBCHEM:(132341990)	67108866	251.146	717	11.951	857345626283954223	857336460283760908	857336460283760907	13485	
1	2	0.268	0.268	-109.456		0.000	138.076	C14H27FO6	[M + H]+	C14H28FO6+	HTYLAGAQSAKBBX	InChI=1S/C14H27FO6/c1-3-5-6-17-7-8-18-9-10-19-11-12-21-13(15)14(16)20-4-2/h13H,3-12H2,1-2H3	Ethyl 2-[2-[2-(2-butoxyethoxy)ethoxy]ethoxy]-2-fluoroacetate	CCCCOCCOCCOCCOC(C(=O)OCC)F	1.700	104559774	PUBCHEM:(104559774)	2	311.185	721	12.025	857345715719098938	857336460342481168	857336460342481167	13542	
1	6	0.032	0.032	-129.943		0.069	17.482	C8H13N5O3S2	[M + K]+	C8H13KN5O3S2+	UTDYUBJYRUMEKT	InChI=1S/C8H13N5O3S2/c1-16-3-2-10-6(15)11-7-12-13-8(18-7)17-4-5(9)14/h2-4H2,1H3,(H2,9,14)(H2,10,11,12,15)	2-((5-(3-(2-Methoxyethyl)ureido)-1,3,4-thiadiazol-2-yl)thio)acetamide	COCCNC(=O)NC1=NN=C(S1)SCC(=O)N	-0.700	43990841	PUBCHEM:(43990841)	2	330.008	722	12.027	857345862515554856	857336460472504600	857336460472504599	13554	
1	7	-Infinity	-Infinity	-143.059		0.056	20.407	C9H5ClN6O6	[M + H]+	C9H6ClN6O6+	IKOUZDIMTMKFRQ	InChI=1S/C9H5ClN6O6/c10-4-6-9(16(21)22)12-13(11-6)7-2-1-5(14(17)18)3-8(7)15(19)20/h1-3H,4H2	4-(Chloromethyl)-2-(2,4-dinitrophenyl)-5-nitrotriazole	C1=CC(=C(C=C1[N+](=O)[O-])[N+](=O)[O-])N2N=C(C(=N2)[N+](=O)[O-])CCl	2.100	5065708	PUBCHEM:(5065708)	2	329.005	722	12.028	857345911089805016	857336460539613468	857336460539613467	13557	
1	2	0.487	0.487	-34.611		0.484	22.534	C9H18Cl3O4P	[M + H]+	C9H19Cl3O4P+	GTRSAMFYSUBAGN	InChI=1S/C9H18Cl3O4P/c1-7(10)4-14-17(13,15-5-8(2)11)16-6-9(3)12/h7-9H,4-6H2,1-3H3	Fyrol pcf	CC(COP(=O)(OCC(C)Cl)OCC(C)Cl)Cl	2.600	91865019;91865021;91865022;22522	PUBCHEMANNOTATIONBIO:(null);NORMAN:(NS00073946 NS00102184);HMDB:(HMDB0259277);PUBCHEMANNOTATIONSAFETYANDTOXIC:(null);BloodExposome:(22522);MESH:(22522);PUBCHEM:(91865019 91865021 91865022 22522);public_spectra_2506;DSSTox:(DTXSID3027615);PUBMED:(null)	146117230670	327.008	722	12.028	857345924838736942	857336460606722336	857336460606722335	13556	
1	10	0.172	0.172	-82.712		0.012	14.454	C12H11O7PS	[M + H]+	C12H12O7PS+	GFQPEQRMGMBUDK	InChI=1S/C12H11O7PS/c13-20(19-21(14,15)16,17-11-7-3-1-4-8-11)18-12-9-5-2-6-10-12/h1-10H,(H,14,15,16)	Diphenyl sulfo phosphate	C1=CC=C(C=C1)OP(=O)(OC2=CC=CC=C2)OS(=O)(=O)O	2.200	117640382	PUBCHEM:(117640382)	2	331.002	722	12.029	857345926872974437	857336460678025508	857336460678025507	13560	
1	1	0.364	0.364	-26.579		0.999	36.894	C4H9O3P	[M + K]+	C4H9KO3P+	WDYADVAIJGHVNJ	InChI=1S/C4H9O3P/c1-3-4(2)8(5,6)7/h3-4H,1H2,2H3,(H2,5,6,7)	But-3-en-2-yl-dioxido-oxo-lambda5-phosphane	CC(C=C)P(=O)(O)O	-0.600	20262788;20262789	PUBCHEM:(20262788 20262789)	2	174.992	722	12.029	857345934624048300	857336460736745768	857336460736745767	13567	
1	1	0.236	0.236	-52.785		0.873	28.702	C6H13Cl2O4P	[M + H]+	C6H14Cl2O4P+	UXEXPVAWQLGFAP	InChI=1S/C6H13Cl2O4P/c1-5(7)3-11-13(9,10)12-4-6(2)8/h5-6H,3-4H2,1-2H3,(H,9,10)	Bis(2-chloropropyl) phosphate	CC(COP(=O)(O)OCC(C)Cl)Cl	1.000	87987101;148243518	NORMAN:(NS00004802 NS00102185);PUBCHEM:(87987101 148243518);DSSTox:(DTXSID901043452);PUBCHEMANNOTATIONDRUG:(null);PUBMED:(null)	137472770114	251.000	722	12.030	857345925035869239	857336460799660332	857336460799660331	13564	
1	3	0.203	0.203	-58.879		0.187	24.602	C5H10O9	[M + K]+	C5H10KO9+	JMSFLANASSBQKX	InChI=1S/C5H10O9/c6-1(2(7)8)4(11,12)5(13,14)3(9)10/h1,3,6,9-14H,(H,7,8)	2,3,3,4,4,5,5-Heptahydroxypentanoic acid	C(C(=O)O)(C(C(C(O)O)(O)O)(O)O)O	-4.800	87385228	PUBCHEM:(87385228)	2	252.997	722	12.030	857345931599955065	857336460866769200	857336460866769199	13559	
1	1	0.007	0.063	-23.477		1.000	26.047	C2H4O2	[M + K]+	C2H4KO2+	JMCRDEBJJPRTPV	InChI=1S/C2H4O2/c3-1-2-4/h1-4H	1,2-Ethenediol	C(=CO)O	-0.200	21352980;3036308;3036388;137088;57694167	PUBCHEMANNOTATIONBIO:(null);CHEBI:(183265 131198);SUPERNATURAL:(SN0169177);PUBCHEM:(21352980 3036308 3036388 137088 57694167);DSSTox:(DTXSID701314922);PUBCHEMANNOTATIONDRUG:(null)	137490333730	98.984	722	12.031	857345925153309761	857336460980015416	857336460980015415	13561	
1	2	0.044	0.044	-376.727		0.270	16.645	C11H19N3O6S2	[M + Na]+	C11H19N3NaO6S2+	RGQUDEVMTGNILF	InChI=1S/C11H19N3O6S2/c12-5(9(16)20-11(18)7(14)4-22)1-2-8(15)19-10(17)6(13)3-21/h5-7,21-22H,1-4,12-14H2	bis[(2R)-2-amino-3-sulfanylpropanoyl] (2S)-2-aminopentanedioate	C(CC(=O)OC(=O)C(CS)N)C(C(=O)OC(=O)C(CS)N)N	-2.200	57243925	BloodExposome:(57243925);PUBCHEM:(57243925);PUBMED:(null)	4194370	376.060	722	12.032	857345938805769407	857336461042929980	857336461038735675	13570	
1	11	0.090	0.090	-207.155		0.014	16.454	C14H11Cl2NO4	[M + H]+	C14H12Cl2NO4+	MYSHRPXOZJHKOQ	InChI=1S/C14H11Cl2NO4/c15-9-5-11(19)8(6-18)12(16)13(9)17-10-4-2-1-3-7(10)14(20)21/h1-5,17-19H,6H2,(H,20,21)	2-{[2,6-dichloro-4-hydroxy-3-(hydroxymethyl)phenyl]amino}benzoic acid	C1=CC=C(C(=C1)C(=O)O)NC2=C(C=C(C(=C2Cl)CO)O)Cl	4.100	163038116	COCONUT:(CNP0318331);SUPERNATURAL:(SN0238939);PUBCHEM:(163038116)	3145730	328.011	722	12.032	857345941305574615	857336461105844544	857336461105844543	13535	
1	9	0.156	0.156	-173.096		0.022	12.101	C12H13N7O5	[M + K]+	C12H13KN7O5+	BTNKFJPBCQIDQU	InChI=1S/C12H13N7O5/c13-11-14-2-15-12-17-8-5(9(23)19(11)12)16-3-18(8)10-7(22)6(21)4(1-20)24-10/h2-4,6-7,10,20-22H,1H2,(H2,13,14,15,17)	8-amino-3-[(2R,3R,4S,5R)-3,4-dihydroxy-5-(hydroxymethyl)oxolan-2-yl]-[1,3,5]triazino[1,2-a]purin-10-one	C1=NC2=NC3=C(C(=O)N2C(=N1)N)N=CN3C4C(C(C(O4)CO)O)O	-2.059	21668269	PUBCHEM:(21668269)	2	374.063	722	12.033	857345970321769860	857336461164564804	857336461164564803	13573	
1	2	0.027	0.027	-468.372		0.411	24.833	C16H22Cl3NO	[M + Na]+	C16H22Cl3NNaO+	JOJUODIBULSKBG	InChI=1S/C16H22Cl3NO/c1-15(2)12-5-4-10(6-7-20-14(18)19)8-16(12,3)9-11(21)13(15)17/h4,6-7,11-13,21H,5,8-9H2,1-3H3	1-chloro-N-[2-(6-chloro-7-hydroxy-5,5,8a-trimethyl-1,4,4a,5,6,7,8,8a-octahydronaphthalen-2-yl)ethenyl]methanecarbonimidoyl chloride	CC1(C2CC=C(CC2(CC(C1Cl)O)C)C=CN=C(Cl)Cl)C	5.400	74028308;23247425;23424761;101728037;162996872;59104459;59104460;90896787;10736620	COCONUT:(CNP0270302);TeroMol:(TKC041170 TKC041171);SUPERNATURAL:(SN0170890);PUBCHEM:(74028308 23247425 23424761 101728037 162996872 59104459 59104460 90896787 10736620);LOTUS:(Q105132372 Q105132369);PUBMED:(null)	279969858	372.066	722	12.034	857345934376584355	857336461231673672	857336461231673671	13578	
1	2	0.020	0.020	-419.063		0.056	38.611	C13H14N2O7S	[M + K]+	C13H14KN2O7S+	NOHSTXXKVUVVPU	InChI=1S/C13H14N2O7S/c1-7(16)14-4-3-8-9-5-12(20-2)11(17)6-10(9)15-13(8)21-23(18,19)22-15/h5-6,17H,3-4H2,1-2H3,(H,14,16)	6-Hydroxymelatonin sulfate	CC(=O)NCCC1=C2N(C3=CC(=C(C=C31)OC)O)OS(=O)(=O)O2	1.400	129630757	PUBCHEMANNOTATIONBIO:(null);HMDB:(HMDB0247078);BloodExposome:(129630757);PUBCHEM:(129630757)	20971530	381.018	725	12.083	857346018694677905	857336461294588236	857336461294588235	13639	
1	1	0.224	0.224	-186.356		1.000	37.747	C12H25NO	[M + H]+	C12H26NO+	HNXNKTMIVROLTK	InChI=1S/C12H25NO/c1-4-5-6-7-8-9-10-11-12(14)13(2)3/h4-11H2,1-3H3	N,N-dimethyldecanamide	CCCCCCCCCC(=O)N(C)C	3.600	26690	PUBCHEMANNOTATIONBIO:(null);COCONUT:(CNP0080141);NORMAN:(NS00006738);PUBCHEMANNOTATIONSAFETYANDTOXIC:(null);SUPERNATURAL:(SN0130734);PUBCHEM:(26690);DSSTox:(DTXSID1027764)	137526247426	200.201	726	12.104	857345929469248629	857336461353308496	857336461349114191	13674	
1	1	0.133	0.133	-264.555		1.000	94.528	C16H31NO3	[M + H]+	C16H32NO3+	DYUGTPXLDJQBRB	InChI=1S/C16H31NO3/c1-2-3-4-5-6-7-8-9-10-11-12-13-15(18)17-14-16(19)20/h2-14H2,1H3,(H,17,18)(H,19,20)	N-Myristoyl-gly	CCCCCCCCCCCCCC(=O)NCC(=O)O	5.400	4060556;72348	PUBCHEMANNOTATIONBIO:(null);HMDB:(HMDB0013250);BloodExposome:(72348);SUPERNATURAL:(SN0079144);MESH:(72348);FooDB:(FDB029359);PUBCHEM:(4060556 72348);public_spectra_2506;COCONUT:(CNP0364014);CHEBI:(87142 86500);DSSTox:(DTXSID00232829 DTXSID10162047 DTXSID10209648);LOTUS:(Q27159399);PUBCHEMANNOTATIONDRUG:(null);PUBMED:(null)	146891866222	286.238	727	12.111	857345943998317817	857336461407834452	857336461407834451	13649	
1	1	0.164	0.164	-141.211		0.960	92.627	C17H20N2O	[M + H]+	C17H21N2O+	WYXXRTPKOPVRGK	InChI=1S/C17H20N2O/c1-2-3-14-19(16-12-8-5-9-13-16)17(20)18-15-10-6-4-7-11-15/h4-13H,2-3,14H2,1H3,(H,18,20)	1-Butyl-1,3-diphenylurea	CCCCN(C1=CC=CC=C1)C(=O)NC2=CC=CC=C2	3.900	3285924	PUBCHEMANNOTATIONSAFETYANDTOXIC:(null);PUBCHEM:(3285924)	67108866	269.165	733	12.224	857345941825668312	857336461462360408	857336461462360407	13778	
1	3	0.117	0.117	-128.397		0.333	108.274	C14H28O3	[M + C2H3N + H]+	C16H32NO3+	ATRNZOYKSNPPBF	InChI=1S/C14H28O3/c1-2-3-4-5-6-7-8-9-10-11-13(15)12-14(16)17/h13,15H,2-12H2,1H3,(H,16,17)	3-hydroxytetradecanoic acid	CCCCCCCCCCCC(CC(=O)O)O	4.700	22053132;16213559;5288266;5312869;129900401;91825663;16064	PUBCHEMANNOTATIONBIO:(null);HMDB:(HMDB0010731 HMDB0061656);MiMeDB:(MMDBc0047815 MMDBc0054915 MMDBc0000709 MMDBc0054934);PUBCHEMANNOTATIONSAFETYANDTOXIC:(null);BloodExposome:(16064 22053132);LIPIDMAPS:(LMFA01050175 LMFA01050322 LMFA01050323);SUPERNATURAL:(SN0015142);MESH:(16064);FooDB:(FDB027878);PUBCHEM:(22053132 16213559 5288266 5312869 129900401 91825663 16064);COCONUT:(CNP0114637);NORMAN:(NS00068819);METACYC:(CPD-12808 CPD-24809);CHEBI:(42539 85635 84197 85148 37374 138437);KEGG:(C22001);DSSTox:(DTXSID001305047 DTXSID20584034 DTXSID20941380 DTXSID701307151);LOTUS:(Q27158359);PUBCHEMANNOTATIONDRUG:(null);PUBMED:(null)	141590530414	286.238	734	12.227	857345946036749586	857336461521080668	857336461521080667	13786	
1	2	0.092	0.092	-361.258		0.340	21.029	C18H23N5O2	[M + H]+	C18H24N5O2+	HVYNUXBKWKUETH	InChI=1S/C18H23N5O2/c1-11-12(2)21-17-16(20-11)22-18(23(17)3)19-9-8-13-6-7-14(24-4)15(10-13)25-5/h6-7,10H,8-9H2,1-5H3,(H,19,20,22)	N-[2-(3,4-dimethoxyphenyl)ethyl]-1,5,6-trimethyl-1H-imidazo[4,5-b]pyrazin-2-amine	CC1=C(N=C2C(=N1)N=C(N2C)NCCC3=CC(=C(C=C3)OC)OC)C	3.000	848468	COCONUT:(CNP0221096);PUBCHEMANNOTATIONSAFETYANDTOXIC:(null);SUPERNATURAL:(SN0136999);PUBCHEM:(848468);DSSTox:(DTXSID00204167)	137509208066	342.191	738	12.295	857345925954421842	857336461575606624	857336461575606623	13877	
1	1	0.842	0.842	-67.064		1.000	69.593	C12H23NO	[M + H]+	C12H24NO+	WPPOGHDFAVQKLN	InChI=1S/C12H23NO/c1-2-3-4-5-6-7-10-13-11-8-9-12(13)14/h2-11H2,1H3	N-Octylpyrrolidone	CCCCCCCCN1CCCC1=O	3.200	140791670;3033871	COCONUT:(CNP0473030);NORMAN:(NS00011456 NS00102555);PUBCHEMANNOTATIONSAFETYANDTOXIC:(null);CHEBI:(183762);SUPERNATURAL:(SN0416619);MESH:(3033871);PUBCHEM:(140791670 3033871);public_spectra_2506;DSSTox:(DTXSID4036435);PUBMED:(null)	146099404902	198.185	740	12.339	857345927988659302	857336461634326884	857336461630132579	13937	
1	1	0.033	0.102	-321.325		1.000	129.595	C17H31NO4	[M + H]+	C17H32NO4+	GOOOCIIXFLVRAG	InChI=1S/C17H31NO4/c1-5-6-7-8-9-10-11-12-17(21)22-15(13-16(19)20)14-18(2,3)4/h5,15H,1,6-14H2,2-4H3/p+1	9-Decenoylcarnitine	C[N+](C)(C)CC(CC(=O)O)OC(=O)CCCCCCCC=C	3.300	53481651;53481652	PUBCHEMANNOTATIONBIO:(null);HMDB:(HMDB0013205);MiMeDB:(MMDBc0033534);BloodExposome:(53481651);CHEBI:(88543);LIPIDMAPS:(LMFA07070048);SUPERNATURAL:(SN0111261);FooDB:(FDB029331);PUBCHEM:(53481651 53481652);YMDB:(YMDB01528);PUBCHEMANNOTATIONDRUG:(null);PUBMED:(null)	3813736554	314.233	741	12.342	857345968052651378	857336461693047144	857336461688852839	13942	
1	1	0.036	0.036	-94.327		1.000	89.790	C12H20O2	[M + H]+	C12H21O2+	DQNSRQYYCSXZDF	InChI=1S/C12H20O2/c1-3-13-9-11-5-7-12(8-6-11)10-14-4-2/h3-4,11-12H,1-2,5-10H2	1,4-Bis((vinyloxy)methyl)cyclohexane	C=COCC1CCC(CC1)COC=C	3.100	3437285	NORMAN:(NS00020059);PUBCHEMANNOTATIONSAFETYANDTOXIC:(null);PUBCHEM:(3437285);DSSTox:(DTXSID0044604);PUBMED:(null)	137506324546	197.154	741	12.350	857345928185791592	857336461911150956	857336461911150955	13949	
1	1	0.196	0.196	-241.958		1.000	42.313	C16H24O4	[M + H]+	C16H25O4+	QHFBQOOZYQFIPQ	InChI=1S/C16H24O4/c1-10(2)8-12(17)14-13(18)9-11(15(14)19)6-7-16(3,4)20-5/h9-10,14H,6-8H2,1-5H3	4-(3-methoxy-3-methylbutyl)-2-(3-methylbutanoyl)cyclopent-4-ene-1,3-dione	CC(C)CC(=O)C1C(=O)C=C(C1=O)CCC(C)(C)OC	2.300	163081290;163081291	COCONUT:(CNP0387978);SUPERNATURAL:(SN0305315);PUBCHEM:(163081290 163081291)	3145730	281.175	743	12.385	857345933969736856	857336461965676912	857336461965676911	13995	
1	1	0.149	0.149	-274.187		1.000	154.952	C16H31NO3	[M + H]+	C16H32NO3+	DIPNQRYMIPDROO	InChI=1S/C16H31NO3/c1-3-4-5-6-7-8-9-10-11-12-15(18)17-14-13-16(19)20-2/h3-14H2,1-2H3,(H,17,18)	Methyl 3-dodecanamidopropanoate	CCCCCCCCCCCC(=O)NCCC(=O)OC	4.500	23135886	PUBCHEMANNOTATIONSAFETYANDTOXIC:(null);PUBCHEM:(23135886)	67108866	286.238	745	12.409	857345928714273901	857336462024397172	857336462024397171	14057	
1	1	0.066	0.066	-248.161		0.981	20.696	C18H38N2O3	[M + H]+	C18H39N2O3+	GWFRDPNEFJCHQX	InChI=1S/C18H38N2O3/c1-3-5-7-9-13-19-16-17(12-11-15-21)23-18(22)20-14-10-8-6-4-2/h17,19,21H,3-16H2,1-2H3,(H,20,22)	[1-(hexylamino)-5-hydroxypentan-2-yl] N-hexylcarbamate	CCCCCCNCC(CCCO)OC(=O)NCCCCCC	4.300	53809513	PUBCHEM:(53809513)	2	331.296	745	12.421	857345938675745975	857336462078923128	857336462078923127	14062	
1	1	0.908	0.908	-35.496		1.000	63.649	C12H23NO	[M + H]+	C12H24NO+	WPPOGHDFAVQKLN	InChI=1S/C12H23NO/c1-2-3-4-5-6-7-10-13-11-8-9-12(13)14/h2-11H2,1H3	N-Octylpyrrolidone	CCCCCCCCN1CCCC1=O	3.200	140791670;3033871	COCONUT:(CNP0473030);NORMAN:(NS00011456 NS00102555);PUBCHEMANNOTATIONSAFETYANDTOXIC:(null);CHEBI:(183762);SUPERNATURAL:(SN0416619);MESH:(3033871);PUBCHEM:(140791670 3033871);public_spectra_2506;DSSTox:(DTXSID4036435);PUBMED:(null)	146099404902	198.185	749	12.490	857345946460374306	857336462129254780	857336462129254779	14132	
1	1	0.114	0.114	-225.090		0.980	48.226	C16H22N2O2	[M + H]+	C16H23N2O2+	OXAUQBYPXYVIGL	InChI=1S/C16H22N2O2/c1-2-15(19)18(14-9-5-3-6-10-14)13-16(20)17-11-7-4-8-12-17/h3,5-6,9-10H,2,4,7-8,11-13H2,1H3	Propionanilide, N-((piperidinocarbonyl)methyl)-	CCC(=O)N(CC(=O)N1CCCCC1)C2=CC=CC=C2	2.100	3024723	PUBCHEMANNOTATIONSAFETYANDTOXIC:(null);PUBCHEM:(3024723);DSSTox:(DTXSID50242670)	137506062338	275.175	750	12.502	857345942236710114	857336462179586432	857336462179586431	14149	
1	1	0.073	0.073	-235.093		1.000	36.517	C13H25NO	[M + H]+	C13H26NO+	YIDSTEJLDQMWBR	InChI=1S/C13H25NO/c1-2-3-4-5-6-7-8-9-10-11-12-14-13-15/h2-12H2,1H3	Dodecyl isocyanate	CCCCCCCCCCCCN=C=O	6.600	77873	NORMAN:(NS00031089);PUBCHEM:(77873);DSSTox:(DTXSID6063351);PUBMED:(null)	137439215682	212.201	752	12.527	857345925262361674	857336462234112388	857336462234112387	14214	
1	1	0.291	0.291	-130.983		0.999	49.681	C16H16OS	[M + H]+	C16H17OS+	GGQQVZVUEXWHKO	InChI=1S/C16H16OS/c1-13(14-9-5-3-6-10-14)16(17-2)18-15-11-7-4-8-12-15/h3-12H,1-2H3	[(E)-1-methoxy-2-phenylprop-1-enyl]sulfanylbenzene	CC(=C(OC)SC1=CC=CC=C1)C2=CC=CC=C2	5.200	13183922	PUBCHEM:(13183922)	2	257.099	753	12.546	857345954681210180	857336462288638344	857336462288638343	14235	
1	1	0.342	0.342	-69.122		1.000	76.833	C17H24O6	[M + H3N + H]+	C17H28NO6+	NUENJLVLKHHYJS	InChI=1S/C17H24O6/c1-6-10(4)17(21)23-16-14(9(2)3)13(22-11(5)19)7-12(8-18)15(16)20/h6-7,9,13-14,16,18H,8H2,1-5H3	3,5,7-Trihydroxy-P-Menth-1-En-6-One,  5-Tigloyl, 3	CC=C(C)C(=O)OC1C(C(C=C(C1=O)CO)OC(=O)C)C(C)C	2.500	163003108;15699870;85446358;133556440	COCONUT:(CNP0277116);NORMAN:(NS00097417);TeroMol:(TKC022639 TKC083754);SUPERNATURAL:(SN0255370);PUBCHEM:(163003108 15699870 85446358 133556440);public_spectra_2506;LOTUS:(Q105185838 Q105185837 Q105185839)	8870166530	342.191	754	12.567	857345944765875457	857336462397690256	857336462397690255	14271	
1	1	0.199	0.199	-134.450		1.000	112.744	C16H24O4	[M + H]+	C16H25O4+	QHFBQOOZYQFIPQ	InChI=1S/C16H24O4/c1-10(2)8-12(17)14-13(18)9-11(15(14)19)6-7-16(3,4)20-5/h9-10,14H,6-8H2,1-5H3	4-(3-methoxy-3-methylbutyl)-2-(3-methylbutanoyl)cyclopent-4-ene-1,3-dione	CC(C)CC(=O)C1C(=O)C=C(C1=O)CCC(C)(C)OC	2.300	163081290;163081291	COCONUT:(CNP0387978);SUPERNATURAL:(SN0305315);PUBCHEM:(163081290 163081291)	3145730	281.175	754	12.574	857345946561037604	857336462456410516	857336462456410515	14279	
1	1	0.962	0.962	-30.980		1.000	27.545	C13H23NO	[M + H]+	C13H24NO+	IUTRXWNRCBITFD	InChI=1S/C13H23NO/c15-13(11-7-3-1-4-8-11)14-12-9-5-2-6-10-12/h11-12H,1-10H2,(H,14,15)	N-cyclohexylcyclohexanecarboxamide	C1CCC(CC1)C(=O)NC2CCCCC2	3.400	344739	PUBCHEM:(344739);DSSTox:(DTXSID90322687)	137438953474	210.185	755	12.583	857345925690180686	857336462523519384	857336462523519383	14310	
1	1	0.632	0.460	-85.810		1.000	102.082	C15H33N	[M + H]+	C15H34N+	JPZYXGPCHFZBHO	InChI=1S/C15H33N/c1-2-3-4-5-6-7-8-9-10-11-12-13-14-15-16/h2-16H2,1H3	pentadecylamine	CCCCCCCCCCCCCCCN	5.478	22590748;17386	PUBCHEMANNOTATIONBIO:(null);HMDB:(HMDB0243828);PUBCHEMANNOTATIONSAFETYANDTOXIC:(null);BloodExposome:(17386);SUPERNATURAL:(SN0172146);HSDB:(2570-26-5);MESH:(17386);PUBCHEM:(22590748 17386);COCONUT:(CNP0430437);NORMAN:(NS00027944);CHEBI:(87551);DSSTox:(DTXSID00171481 DTXSID8062529);LOTUS:(Q7164947);PUBMED:(null)	137798877806	228.269	756	12.598	857345923723052076	857336462578045340	857336462573851035	14316	
1	1	0.855	0.855	-66.123		1.000	87.478	C12H23NO	[M + H]+	C12H24NO+	WPPOGHDFAVQKLN	InChI=1S/C12H23NO/c1-2-3-4-5-6-7-10-13-11-8-9-12(13)14/h2-11H2,1H3	N-Octylpyrrolidone	CCCCCCCCN1CCCC1=O	3.200	140791670;3033871	COCONUT:(CNP0473030);NORMAN:(NS00011456 NS00102555);PUBCHEMANNOTATIONSAFETYANDTOXIC:(null);CHEBI:(183762);SUPERNATURAL:(SN0416619);MESH:(3033871);PUBCHEM:(140791670 3033871);public_spectra_2506;DSSTox:(DTXSID4036435);PUBMED:(null)	146099404902	198.185	761	12.689	857345939543966921	857336462640959904	857336462636765599	14414	
1	1	0.186	0.270	-50.937		0.652	39.023	C12H10N2O2	[M + H]+	C12H11N2O2+	VWLFQZQXGSXBKM	InChI=1S/C12H10N2O2/c15-13-10-6-8-12(9-7-10)14(16)11-4-2-1-3-5-11/h1-9,16H	N-Hydroxy-4-nitroso-N-phenylaniline	C1=CC=C(C=C1)N(C2=CC=C(C=C2)N=O)O	2.500	119980	NORMAN:(NS00028504);PUBCHEM:(119980);DSSTox:(DTXSID30182767);PUBMED:(null)	137439215682	215.082	762	12.697	857345943251731694	857336462695485860	857336462695485859	14431	
1	1	0.131	0.131	-103.632		1.000	168.981	C14H26O2	[M + H]+	C14H27O2+	LXOFYPKXCSULTL	InChI=1S/C14H26O2/c1-11(2)9-13(5,15)7-8-14(6,16)10-12(3)4/h11-12,15-16H,9-10H2,1-6H3	Surfynol TG	CC(C)CC(C)(C#CC(C)(CC(C)C)O)O	2.700	101241835;6994226;6994227;6994228;153633339;71752488;31362	PUBCHEMANNOTATIONBIO:(null);HMDB:(HMDB0245484);PUBCHEMANNOTATIONSAFETYANDTOXIC:(null);BloodExposome:(31362);SUPERNATURAL:(SN0218139);HSDB:(126-86-3);MESH:(31362);PUBCHEM:(101241835 6994226 6994227 6994228 153633339 71752488 31362);public_spectra_2506;COCONUT:(CNP0321781);NORMAN:(NS00010677);DSSTox:(DTXSID7027041);PUBCHEMANNOTATIONFOOD:(null);PUBMED:(null)	146254594638	227.201	765	12.756	857345940449936587	857336462758400424	857336462754206119	14550	
1	1	0.143	0.143	-230.975		0.991	73.433	C16H22N2O2	[M + H]+	C16H23N2O2+	OXAUQBYPXYVIGL	InChI=1S/C16H22N2O2/c1-2-15(19)18(14-9-5-3-6-10-14)13-16(20)17-11-7-4-8-12-17/h3,5-6,9-10H,2,4,7-8,11-13H2,1H3	Propionanilide, N-((piperidinocarbonyl)methyl)-	CCC(=O)N(CC(=O)N1CCCCC1)C2=CC=CC=C2	2.100	3024723	PUBCHEMANNOTATIONSAFETYANDTOXIC:(null);PUBCHEM:(3024723);DSSTox:(DTXSID50242670)	137506062338	275.175	766	12.759	857345958162482525	857336462880035248	857336462875840943	14557	
1	1	0.957	0.957	-57.046		0.995	68.641	C10H15NO2	[M + H]+	C10H16NO2+	FBPVUBVZRPURIU	InChI=1S/C10H15NO2/c1-2-3-4-5-8-11-9(12)6-7-10(11)13/h6-7H,2-5,8H2,1H3	1-Hexylpyrrole-2,5-dione	CCCCCCN1C(=O)C=CC1=O	1.913	464134	PUBCHEM:(464134);DSSTox:(DTXSID30332760)	137438953474	182.118	766	12.761	857345949576742201	857336462934561204	857336462934561203	14559	
1	1	0.884	0.719	-42.033		1.000	11.190	C16H35N	[M + H]+	C16H36N+	FJLUATLTXUNBOT	InChI=1S/C16H35N/c1-2-3-4-5-6-7-8-9-10-11-12-13-14-15-16-17/h2-17H2,1H3	Hexadecylamine	CCCCCCCCCCCCCCCCN	5.927	162343678;8926;117668646;3701362	PUBCHEMANNOTATIONBIO:(null);NORMAN:(NS00013449 NS00081336 NS00102500);HMDB:(HMDB0243891);PUBCHEMANNOTATIONSAFETYANDTOXIC:(null);BloodExposome:(8926);CHEBI:(165594);MESH:(8926);PUBCHEM:(162343678 8926 117668646 3701362);DSSTox:(DTXSID30936247 DTXSID7025390 DTXSID90797311);LOTUS:(Q27285236);PUBMED:(null)	137795731566	242.284	767	12.785	857345947185988920	857336462989087160	857336462989087159	14592	
1	1	0.955	0.955	-29.047		1.000	26.264	C13H23NO	[M + H]+	C13H24NO+	IUTRXWNRCBITFD	InChI=1S/C13H23NO/c15-13(11-7-3-1-4-8-11)14-12-9-5-2-6-10-12/h11-12H,1-10H2,(H,14,15)	N-cyclohexylcyclohexanecarboxamide	C1CCC(CC1)C(=O)NC2CCCCC2	3.400	344739	PUBCHEM:(344739);DSSTox:(DTXSID90322687)	137438953474	210.185	771	12.854	857345955629122894	857336463039418812	857336463039418811	14675	
1	1	0.360	0.360	-171.744		0.998	176.973	C12H14N2O2	[M + H]+	C12H15N2O2+	WHFGEAVJRDAMNU	InChI=1S/C12H14N2O2/c1-8-12(2,3)10-7-9(14(15)16)5-6-11(10)13(8)4/h5-7H,1H2,2-4H3	1,3,3-Trimethyl-2-methylene-5-nitroindoline	CC1(C(=C)N(C2=C1C=C(C=C2)[N+](=O)[O-])C)C	3.200	118971	NORMAN:(NS00030041);PUBCHEM:(118971);DSSTox:(DTXSID50189950)	137439215618	219.113	774	12.906	857345970825086342	857336463093944768	857336463093944767	14761	
1	1	0.340	0.460	-194.122		1.000	23.396	C13H27NO2	[M + H]+	C13H28NO2+	UXQDPAZYMNXRAP	InChI=1S/C13H27NO2/c1-3-4-5-6-7-8-9-10-13(16)14(2)11-12-15/h15H,3-12H2,1-2H3	Decanamide, N-(2-hydroxyethyl)-N-methyl-	CCCCCCCCCC(=O)N(C)CCO	3.100	13214662	PUBCHEMANNOTATIONBIO:(null);PUBCHEM:(13214662);DSSTox:(DTXSID90528748)	137455730690	230.212	775	12.912	857345925560157260	857336463144276420	857336463144276419	14767	
1	1	0.958	0.958	-30.253		0.942	30.830	C18H18O5	[M + H]+	C18H19O5+	NXQMCAOPTPLPRL	InChI=1S/C18H18O5/c19-17(15-7-3-1-4-8-15)22-13-11-21-12-14-23-18(20)16-9-5-2-6-10-16/h1-10H,11-14H2	Benzo Flex 2-45	C1=CC=C(C=C1)C(=O)OCCOCCOC(=O)C2=CC=CC=C2	3.058	8437	PUBCHEMANNOTATIONBIO:(null);COCONUT:(CNP0244448);NORMAN:(NS00003199);PUBCHEMANNOTATIONSAFETYANDTOXIC:(null);SUPERNATURAL:(SN0258001);HSDB:(120-55-8);MESH:(8437);PUBCHEM:(8437);public_spectra_2506;DSSTox:(DTXSID0026967);PUBCHEMANNOTATIONFOOD:(null);PUBMED:(null)	146250400326	315.123	776	12.934	857345947118880046	857336463194608072	857336463194608071	14787	
1	1	0.123	0.123	-133.558		0.838	8.553	C9H17NS	[M + H]+	C9H18NS+	YEZHGQZHWKJPCM	InChI=1S/C9H17NS/c1-2-3-4-5-6-7-8-10-9-11/h2-8H2,1H3	Octyl isothiocyanate	CCCCCCCCN=C=S	5.000	78161	NORMAN:(NS00031409);PUBCHEMANNOTATIONSAFETYANDTOXIC:(null);PUBCHEM:(78161);DSSTox:(DTXSID10196120)	137506324482	172.115	776	12.937	857345945910920459	857336463244939724	857336463244939723	14782	
1	1	0.102	0.102	-69.240		1.000	87.867	C9H8O2	[M + H]+	C9H9O2+	KOZCZZVUFDCZGG	InChI=1S/C9H8O2/c1-2-11-9(10)8-6-4-3-5-7-8/h2-7H,1H2	Vinyl Benzoate	C=COC(=O)C1=CC=CC=C1	2.300	13037	COCONUT:(CNP0083042);NORMAN:(NS00010803);PUBCHEMANNOTATIONSAFETYANDTOXIC:(null);CHEBI:(84279);SUPERNATURAL:(SN0191512);PUBCHEM:(13037);DSSTox:(DTXSID50227700);PUBMED:(null)	137509470306	149.060	777	12.945	857345956904191313	857336463299465680	857336463299465679	14825	
1	5	0.182	0.318	-79.719		0.014	33.653	C13H25N	[M + K]+	C13H25KN+	QVQGTNFYPJQJNM	InChI=1S/C13H25N/c14-13(11-7-3-1-4-8-11)12-9-5-2-6-10-12/h11-13H,1-10,14H2	Dicyclohexylmethanamine	C1CCC(CC1)C(C2CCCCC2)N	4.100	23171810;10774245	PUBCHEMANNOTATIONSAFETYANDTOXIC:(null);PUBCHEM:(23171810 10774245);DSSTox:(DTXSID101295702);PUBMED:(null)	137506062402	234.162	779	12.988	857345959932478828	857336463353991636	857336463353991635	14869	
1	1	0.840	0.840	-156.911		0.952	52.483	C39H48O9	[M + H]+	C39H49O9+	HEZDARQMTWRKQP	InChI=1S/C39H48O9/c1-38(2,29-11-19-34(20-12-29)47-25-36(41)43-5)27-7-15-32(16-8-27)45-23-31(40)24-46-33-17-9-28(10-18-33)39(3,4)30-13-21-35(22-14-30)48-26-37(42)44-6/h7-22,31,36-37,40-42H,23-26H2,1-6H3	1,3-bis(4-{2-[4-(2-hydroxy-2-methoxyethoxy)phenyl]propan-2-yl}phenoxy)propan-2-ol	CC(C)(C1=CC=C(C=C1)OCC(COC2=CC=C(C=C2)C(C)(C)C3=CC=C(C=C3)OCC(O)OC)O)C4=CC=C(C=C4)OCC(O)OC	7.100	162954186	COCONUT:(CNP0225073);SUPERNATURAL:(SN0123786);PUBCHEM:(162954186)	3145730	661.337	780	12.995	857346852912412077	857336463408517592	857336463404323287	14903	
1	2	0.373	0.373	-87.960		0.083	50.122	C28H38O6	[M + Na]+	C28H38NaO6+	UJBMGTRCKDMOTD	InChI=1S/C28H38O6/c1-28(2,23-8-12-25(13-9-23)32-17-5-15-30-19-27-21-34-27)22-6-10-24(11-7-22)31-16-4-3-14-29-18-26-20-33-26/h6-13,26-27H,3-5,14-21H2,1-2H3	2-[3-[4-[2-[4-[4-(Oxiran-2-ylmethoxy)butoxy]phenyl]propan-2-yl]phenoxy]propoxymethyl]oxirane	CC(C)(C1=CC=C(C=C1)OCCCCOCC2CO2)C3=CC=C(C=C3)OCCCOCC4CO4	4.800	164001146	PUBCHEM:(164001146)	2	493.259	780	13.004	857346799263050567	857336463458849244	857336463458849243	14902	
1	1	0.076	0.076	-212.468		0.777	73.988	C16H20N2O	[M + H]+	C16H21N2O+	CTRNOVKCNBFVJY	InChI=1S/C16H20N2O/c19-16(15-11-5-2-6-12-15)18-17-13-7-10-14-8-3-1-4-9-14/h1,3-4,7-10,13,15H,2,5-6,11-12H2,(H,18,19)	N-(cinnamylideneamino)cyclohexanecarboxamide	C1CCC(CC1)C(=O)NN=CC=CC2=CC=CC=C2	3.700	4120847;9648107;6014891	PUBCHEMANNOTATIONSAFETYANDTOXIC:(null);PUBCHEM:(4120847 9648107 6014891)	67108866	257.165	783	13.057	857346821035689927	857336463517569504	857336463513375199	14945	
1	1	0.125	0.125	-133.684		0.839	8.943	C9H17NS	[M + H]+	C9H18NS+	YEZHGQZHWKJPCM	InChI=1S/C9H17NS/c1-2-3-4-5-6-7-8-10-9-11/h2-8H2,1H3	Octyl isothiocyanate	CCCCCCCCN=C=S	5.000	78161	NORMAN:(NS00031409);PUBCHEMANNOTATIONSAFETYANDTOXIC:(null);PUBCHEM:(78161);DSSTox:(DTXSID10196120)	137506324482	172.115	784	13.073	857346821106993105	857336463567901156	857336463567901155	14965	
1	1	0.061	0.061	-91.988		1.000	93.992	C9H8O2	[M + H]+	C9H9O2+	WEBVDBDZSOJGPB	InChI=1S/C9H8O2/c10-6-7-1-2-9-8(5-7)3-4-11-9/h1-2,5-6H,3-4H2	2,3-Dihydrobenzofuran-5-carboxaldehyde	C1COC2=C1C=C(C=C2)C=O	1.763	735901	NORMAN:(NS00033382);PUBCHEMANNOTATIONSAFETYANDTOXIC:(null);PUBCHEM:(735901);DSSTox:(DTXSID60204300);PUBMED:(null)	137506324546	149.060	786	13.105	857346822163958006	857336463618232808	857336463618232807	15010	
1	1	0.958	0.958	-23.639		0.945	33.996	C18H18O5	[M + H]+	C18H19O5+	NXQMCAOPTPLPRL	InChI=1S/C18H18O5/c19-17(15-7-3-1-4-8-15)22-13-11-21-12-14-23-18(20)16-9-5-2-6-10-16/h1-10H,11-14H2	Benzo Flex 2-45	C1=CC=C(C=C1)C(=O)OCCOCCOC(=O)C2=CC=CC=C2	3.058	8437	PUBCHEMANNOTATIONBIO:(null);COCONUT:(CNP0244448);NORMAN:(NS00003199);PUBCHEMANNOTATIONSAFETYANDTOXIC:(null);SUPERNATURAL:(SN0258001);HSDB:(120-55-8);MESH:(8437);PUBCHEM:(8437);public_spectra_2506;DSSTox:(DTXSID0026967);PUBCHEMANNOTATIONFOOD:(null);PUBMED:(null)	146250400326	315.123	787	13.117	857346806405954247	857336463718896112	857336463718896111	15029	
1	1	0.038	0.038	-207.312		0.745	31.936	C18H22N2	[M + H]+	C18H23N2+	HCYAFALTSJYZDH	InChI=1S/C18H22N2/c1-19-13-6-14-20-17-9-4-2-7-15(17)11-12-16-8-3-5-10-18(16)20/h2-5,7-10,19H,6,11-14H2,1H3	Pentofran	CNCCCN1C2=CC=CC=C2CCC3=CC=CC=C31	4.273	76973169;1548958;11130244;45038864;45038865;2995;450814	PUBCHEMANNOTATIONBIO:(null);HMDB:(HMDB0015282);PUBCHEMANNOTATIONSAFETYANDTOXIC:(null);BloodExposome:(2995 65327);SUPERNATURAL:(SN0122227);HSDB:(50-47-5);MESH:(2995);PUBCHEM:(76973169 1548958 11130244 45038864 45038865 2995 450814);public_spectra_2506;COCONUT:(CNP0309899);NORMAN:(NS00010406 NS00079001);CHEBI:(4449 47781);KEGG:(C06943);DSSTox:(DTXSID6022896 DTXSID70661889 DTXSID80661890 DTXSID9046942);PUBCHEMANNOTATIONDRUG:(null);PUBMED:(null)	146153931630	267.186	790	13.164	857346851922554485	857336463769227764	857336463769227763	15095	
1	1	0.011	0.096	-23.899		1.000	22.979	C2H4O2	[M + K]+	C2H4KO2+	JMCRDEBJJPRTPV	InChI=1S/C2H4O2/c3-1-2-4/h1-4H	1,2-Ethenediol	C(=CO)O	-0.200	21352980;3036308;3036388;137088;57694167	PUBCHEMANNOTATIONBIO:(null);CHEBI:(183265 131198);SUPERNATURAL:(SN0169177);PUBCHEM:(21352980 3036308 3036388 137088 57694167);DSSTox:(DTXSID701314922);PUBCHEMANNOTATIONDRUG:(null)	137490333730	98.984	790	13.173	857346833761218148	857336463823753720	857336463823753719	15109	
1	1	0.632	0.913	-72.360		1.000	29.144	C15H22O2	[M + H]+	C15H23O2+	RRIQVLZDOZPJTH	InChI=1S/C15H22O2/c1-14(2,3)11-7-10(9-16)13(17)12(8-11)15(4,5)6/h7-9,17H,1-6H3	3,5-di-tert-butyl-2-hydroxybenzaldehyde	CC(C)(C)C1=CC(=C(C(=C1)C(C)(C)C)O)C=O	4.900	135044227;102407621;688023	COCONUT:(CNP0103077);PUBCHEMANNOTATIONSAFETYANDTOXIC:(null);CHEBI:(184002);SUPERNATURAL:(SN0333189);PUBCHEM:(135044227 102407621 688023);DSSTox:(DTXSID80350777);PUBMED:(null)	137509208162	235.166	791	13.186	857346833912213099	857336463878279676	857336463878279675	15127	
1	1	0.140	0.140	-138.007		0.995	15.038	C9H17NS	[M + H]+	C9H18NS+	YEZHGQZHWKJPCM	InChI=1S/C9H17NS/c1-2-3-4-5-6-7-8-10-9-11/h2-8H2,1H3	Octyl isothiocyanate	CCCCCCCCN=C=S	5.000	78161	NORMAN:(NS00031409);PUBCHEMANNOTATIONSAFETYANDTOXIC:(null);PUBCHEM:(78161);DSSTox:(DTXSID10196120)	137506324482	172.115	795	13.255	857346851956108927	857336463941194240	857336463941194239	15207	
1	1	0.953	0.953	-34.527		0.589	35.023	C18H18O5	[M + H3N + H]+	C18H22NO5+	NXQMCAOPTPLPRL	InChI=1S/C18H18O5/c19-17(15-7-3-1-4-8-15)22-13-11-21-12-14-23-18(20)16-9-5-2-6-10-16/h1-10H,11-14H2	Benzo Flex 2-45	C1=CC=C(C=C1)C(=O)OCCOCCOC(=O)C2=CC=CC=C2	3.058	8437	PUBCHEMANNOTATIONBIO:(null);COCONUT:(CNP0244448);NORMAN:(NS00003199);PUBCHEMANNOTATIONSAFETYANDTOXIC:(null);SUPERNATURAL:(SN0258001);HSDB:(120-55-8);MESH:(8437);PUBCHEM:(8437);public_spectra_2506;DSSTox:(DTXSID0026967);PUBCHEMANNOTATIONFOOD:(null);PUBMED:(null)	146250400326	332.149	797	13.287	857346852811748771	857336463995720196	857336463991525891	15250	
1	1	0.062	0.062	-338.432		0.503	8.119	C20H25NO5	[M + H]+	C20H26NO5+	KDIKNBJFJOYFNY	InChI=1S/C20H25NO5/c1-23-16-7-5-14(11-18(16)25-3)9-10-21-20(22)13-15-6-8-17(24-2)19(12-15)26-4/h5-8,11-12H,9-10,13H2,1-4H3,(H,21,22)	Oprea1_835651	COC1=C(C=C(C=C1)CCNC(=O)CC2=CC(=C(C=C2)OC)OC)OC	3.000	67318	COCONUT:(CNP0297547);NORMAN:(NS00024514);SUPERNATURAL:(SN0182517);PUBCHEM:(67318);public_spectra_2506;DSSTox:(DTXSID20160857);GNPS:(CCMSLIB00000079967);PUBMED:(null)	146032300098	360.181	797	13.288	857346851977080451	857336464050246152	857336464050246151	15248	
1	1	0.958	0.958	-23.549		0.945	49.248	C18H18O5	[M + H]+	C18H19O5+	NXQMCAOPTPLPRL	InChI=1S/C18H18O5/c19-17(15-7-3-1-4-8-15)22-13-11-21-12-14-23-18(20)16-9-5-2-6-10-16/h1-10H,11-14H2	Benzo Flex 2-45	C1=CC=C(C=C1)C(=O)OCCOCCOC(=O)C2=CC=CC=C2	3.058	8437	PUBCHEMANNOTATIONBIO:(null);COCONUT:(CNP0244448);NORMAN:(NS00003199);PUBCHEMANNOTATIONSAFETYANDTOXIC:(null);SUPERNATURAL:(SN0258001);HSDB:(120-55-8);MESH:(8437);PUBCHEM:(8437);public_spectra_2506;DSSTox:(DTXSID0026967);PUBCHEMANNOTATIONFOOD:(null);PUBMED:(null)	146250400326	315.123	797	13.288	857346858104961260	857336464104772108	857336464100577803	15252	
1	1	0.148	0.148	-75.107		1.000	81.611	C9H8O2	[M + H]+	C9H9O2+	HCSDAMGBOVWGEO	InChI=1S/C9H8O2/c10-7-6-9(11)8-4-2-1-3-5-8/h1-5,7H,6H2	Benzoylacetaldehyde	C1=CC=C(C=C1)C(=O)CC=O	1.505	294433	BloodExposome:(294433);PUBCHEM:(294433);DSSTox:(DTXSID30303854);PUBMED:(null)	137443147842	149.060	797	13.289	857346863821803890	857336464163492368	857336464163492367	15251	
1	2	0.037	0.053	-165.222		0.009	28.581	C4H5FO2	[M + H]+	C4H6FO2+	LWCDSJZGNUDNCO	InChI=1S/C4H5FO2/c1-2-3(5)4(6)7/h2H,1H3,(H,6,7)	2-Fluoranylbut-2-enoate	CC=C(C(=O)O)F	0.900	53435378;53435379;15594782;15594783;52911078	PUBCHEMANNOTATIONSAFETYANDTOXIC:(null);PUBCHEM:(53435378 53435379 15594782 15594783 52911078)	67108866	105.034	797	13.290	857346857614227009	857336464218018324	857336464218018323	15249	
1	2	0.160	0.160	-163.500		0.096	5.211	C19H14N4O	[M + Na]+	C19H14N4NaO+	MVRYUWHNRSHURE	InChI=1S/C19H14N4O/c24-17-8-2-5-14-9-10-15(22-19(14)17)12-21-23-16-7-1-4-13-6-3-11-20-18(13)16/h1-12,23-24H	2-[(Quinolin-8-ylhydrazinylidene)methyl]quinolin-8-ol	C1=CC2=C(C(=C1)NN=CC3=NC4=C(C=CC=C4O)C=C3)N=CC=C2	4.100	136778218;135428109;2831988	PUBCHEMANNOTATIONSAFETYANDTOXIC:(null);PUBCHEM:(136778218 135428109 2831988)	67108866	337.105	797	13.290	857346878153740673	857336464264155672	857336464264155671	15260	
1	1	0.063	0.148	-254.709		0.999	129.349	C15H20N2O3	[M + H]+	C15H21N2O3+	WQOFCLHEWAKPQQ	InChI=1S/C15H20N2O3/c1-4-5-8-20-16-11(2)12-6-7-14-13(9-12)17(3)15(18)10-19-14/h6-7,9H,4-5,8,10H2,1-3H3	6-[(Z)-N-butoxy-C-methylcarbonimidoyl]-4-methyl-1,4-benzoxazin-3-one	CCCCON=C(C)C1=CC2=C(C=C1)OCC(=O)N2C	2.600	16205689;24835560	PUBCHEMANNOTATIONSAFETYANDTOXIC:(null);PUBCHEM:(16205689 24835560)	67108866	277.155	799	13.309	857346878376038960	857336464327070236	857336464327070235	15283	
1	1	0.254	0.254	-146.790		1.000	124.080	C11H16O3	[M + H]+	C11H17O3+	HGZDGKOKKUFJII	InChI=1S/C11H16O3/c1-3-5-6-8-7-9(10(12)4-2)11(13)14-8/h3,7-8,10,12H,1,4-6H2,2H3	8-hydroxypregaliellalactone b	CCC(C1=CC(OC1=O)CCC=C)O	2.300	163134109;163134110;146683487	COCONUT:(CNP0447854);SUPERNATURAL:(SN0125323);PUBCHEM:(163134109 163134110 146683487);LOTUS:(Q105028094)	271581186	197.117	801	13.344	857346878342484518	857336464385790496	857336464385790495	15331	
1	1	0.119	0.119	-124.512		1.000	180.799	C15H24O3	[M + H]+	C15H25O3+	OOYUJKUUJBFGKV	InChI=1S/C15H24O3/c1-6-17-9-7-8-10-18-15(16)14(13(4)5)11-12(2)3/h6,11H,1,7-10H2,2-5H3	4-Ethenoxybutyl 4-methyl-2-propan-2-ylidenepent-3-enoate	CC(=CC(=C(C)C)C(=O)OCCCCOC=C)C	4.500	88560430	PUBCHEM:(88560430)	2	253.180	801	13.345	857346878342484506	857336464436122148	857336464431927843	15329	
1	1	0.300	0.300	-207.976		1.000	46.810	C14H27NO	[M + H]+	C14H28NO+	RHOCTPBIKTXDST	InChI=1S/C14H27NO/c1-2-3-4-5-9-12-14(16)15-13-10-7-6-8-11-13/h13H,2-12H2,1H3,(H,15,16)	N-Cyclohexyloctanamide	CCCCCCCC(=O)NC1CCCCC1	4.300	3016373	NORMAN:(NS00031218);PUBCHEM:(3016373);DSSTox:(DTXSID70195356)	137439215618	226.217	806	13.430	857346879273620117	857336464536785452	857336464536785451	15430	
1	1	0.016	0.016	-89.759		1.000	30.867	C8H14O2	[M + H]+	C8H15O2+	PEIJYJCTDDBFEC	InChI=1S/C8H14O2/c1-4-7-8(9-5-2)10-6-3/h5-6,8H,2-4,7H2,1H3	1,1-Bis(vinyloxy)butane	CCCC(OC=C)OC=C	2.800	66891	NORMAN:(NS00041149);PUBCHEM:(66891);DSSTox:(DTXSID50865368)	137439215618	143.107	811	13.509	857346878342484516	857336464595505712	857336464591311407	15455	
1	1	0.703	0.703	-147.541		1.000	76.117	C14H27NO	[M + H]+	C14H28NO+	RHOCTPBIKTXDST	InChI=1S/C14H27NO/c1-2-3-4-5-9-12-14(16)15-13-10-7-6-8-11-13/h13H,2-12H2,1H3,(H,15,16)	N-Cyclohexyloctanamide	CCCCCCCC(=O)NC1CCCCC1	4.300	3016373	NORMAN:(NS00031218);PUBCHEM:(3016373);DSSTox:(DTXSID70195356)	137439215618	226.217	822	13.701	857346879491723930	857336464696169016	857336464691974711	15683	
1	1	0.361	0.361	-41.339		0.998	41.858	C12H27O4P	[M + H]+	C12H28O4P+	STCOOQWBFONSKY	InChI=1S/C12H27O4P/c1-4-7-10-14-17(13,15-11-8-5-2)16-12-9-6-3/h4-12H2,1-3H3	bmse000777	CCCCOP(=O)(OCCCC)OCCCC	3.918	124202817;31357;90474085	PUBCHEMANNOTATIONBIO:(null);HMDB:(HMDB0259164);PUBCHEMANNOTATIONSAFETYANDTOXIC:(null);BloodExposome:(31357);SUPERNATURAL:(SN0354582);HSDB:(126-73-8);MESH:(31357);PUBCHEM:(124202817 31357 90474085);public_spectra_2506;MACONDA:(CON00113);COCONUT:(CNP0086420);NORMAN:(NS00010255 NS00101930);CHEBI:(35019);KEGG:(C14439);DSSTox:(DTXSID00772891 DTXSID3021986 DTXSID701016869);PUBCHEMANNOTATIONDRUG:(null);PUBCHEMANNOTATIONFOOD:(null);PUBMED:(null)	146288150382	267.172	824	13.730	857346886701732651	857336464796832320	857336464792638015	15721	
1	1	0.006	0.056	-22.907		1.000	25.875	C2H4O2	[M + K]+	C2H4KO2+	JMCRDEBJJPRTPV	InChI=1S/C2H4O2/c3-1-2-4/h1-4H	1,2-Ethenediol	C(=CO)O	-0.200	21352980;3036308;3036388;137088;57694167	PUBCHEMANNOTATIONBIO:(null);CHEBI:(183265 131198);SUPERNATURAL:(SN0169177);PUBCHEM:(21352980 3036308 3036388 137088 57694167);DSSTox:(DTXSID701314922);PUBCHEMANNOTATIONDRUG:(null)	137490333730	98.984	824	13.734	857346880435442392	857336464847163972	857336464847163971	15728	
1	1	0.102	0.102	-382.052		1.000	45.715	C19H27NO3	[M + H]+	C19H28NO3+	RQHKZUBCUZVZEF	InChI=1S/C19H27NO3/c21-18(23-16-13-20-11-14-22-15-12-20)19(9-5-2-6-10-19)17-7-3-1-4-8-17/h1,3-4,7-8H,2,5-6,9-16H2	Tocris-0589	C1CCC(CC1)(C2=CC=CC=C2)C(=O)OCCN3CCOCC3	3.300	126402	PUBCHEMANNOTATIONBIO:(null);COCONUT:(CNP0349866);NORMAN:(NS00018418);HMDB:(HMDB0256738);BloodExposome:(11314197 126402);CHEBI:(93007);SUPERNATURAL:(SN0332348);MESH:(126402);PUBCHEM:(126402);public_spectra_2506;DSSTox:(DTXSID40160819 DTXSID801017460);PUBMED:(null)	146053267566	318.206	828	13.804	857346891353215821	857336464897495624	857336464897495623	15817	
1	1	0.215	0.215	-51.360		0.499	64.889	C9H10O	[M + H]+	C9H11O+	DPHNJPUOMLRELT	InChI=1S/C9H10O/c10-9-6-2-4-7-3-1-5-8(7)9/h2,4,6,10H,1,3,5H2	2,3-dihydro-1H-inden-4-ol	C1CC2=C(C1)C(=CC=C2)O	2.400	20718209;74233	COCONUT:(CNP0204315);NORMAN:(NS00025364);SUPERNATURAL:(SN0071827);PUBCHEM:(20718209 74233);DSSTox:(DTXSID00167708)	137442361346	135.080	831	13.845	857346883753136890	857336464947827276	857336464947827275	15908	
1	1	0.284	0.284	-127.958		1.000	64.698	C16H24O4	[M + H]+	C16H25O4+	QHFBQOOZYQFIPQ	InChI=1S/C16H24O4/c1-10(2)8-12(17)14-13(18)9-11(15(14)19)6-7-16(3,4)20-5/h9-10,14H,6-8H2,1-5H3	4-(3-methoxy-3-methylbutyl)-2-(3-methylbutanoyl)cyclopent-4-ene-1,3-dione	CC(C)CC(=O)C1C(=O)C=C(C1=O)CCC(C)(C)OC	2.300	163081290;163081291	COCONUT:(CNP0387978);SUPERNATURAL:(SN0305315);PUBCHEM:(163081290 163081291)	3145730	281.175	831	13.848	857346893966267235	857336465002353232	857336465002353231	15880	
1	2	0.525	0.525	-94.833		0.075	39.252	C28H38O6	[M + Na]+	C28H38NaO6+	UJBMGTRCKDMOTD	InChI=1S/C28H38O6/c1-28(2,23-8-12-25(13-9-23)32-17-5-15-30-19-27-21-34-27)22-6-10-24(11-7-22)31-16-4-3-14-29-18-26-20-33-26/h6-13,26-27H,3-5,14-21H2,1-2H3	2-[3-[4-[2-[4-[4-(Oxiran-2-ylmethoxy)butoxy]phenyl]propan-2-yl]phenoxy]propoxymethyl]oxirane	CC(C)(C1=CC=C(C=C1)OCCCCOCC2CO2)C3=CC=C(C=C3)OCCCOCC4CO4	4.800	164001146	PUBCHEM:(164001146)	2	493.259	832	13.862	857346902958855052	857336465052684884	857336465052684883	15921	
1	10	0.299	0.299	-239.100		0.000	56.292	C16H13N7OS	[M + H]+	C16H14N7OS+	ALNWINGRKKGNMD	InChI=1S/C16H13N7OS/c24-15(10-4-5-10)18-11-9-23-12(17-11)6-7-14(21-23)25-16-20-19-13-3-1-2-8-22(13)16/h1-3,6-10H,4-5H2,(H,18,24)	N-[6-(1H-[1,2,4]triazolo[4,3-a]pyridin-4-ium-3-ylsulfanyl)imidazo[1,2-b]pyridazin-1-ium-2-yl]cyclopropanecarboxamide	C1CC1C(=O)NC2=CN3C(=N2)C=CC(=N3)SC4=NN=C5N4C=CC=C5	2.300	127021017;137221800;46174983	PUBCHEMANNOTATIONBIO:(null);PUBCHEM:(127021017 137221800 46174983)	16777218	352.097	834	13.897	857346905609655198	857336465157542492	857336465157542491	15965	
1	1	0.032	0.032	-136.357		1.000	45.408	C15H24O3	[M + H]+	C15H25O3+	FNLSGYWVCGOYGD	InChI=1S/C15H24O3/c1-13(2,3)10-8-15(7,18-17)9-11(12(10)16)14(4,5)6/h8-9,17H,1-7H3	2,6-Di-tert-butyl-4-hydroperoxy-4-methyl-2,5-cyclohexadienone	CC1(C=C(C(=O)C(=C1)C(C)(C)C)C(C)(C)C)OO	3.600	114687	PUBCHEMANNOTATIONBIO:(null);PUBCHEMANNOTATIONSAFETYANDTOXIC:(null);BloodExposome:(114687);MESH:(114687);PUBCHEM:(114687);DSSTox:(DTXSID20215139);PUBMED:(null)	137527033926	253.180	834	13.901	857346888526254912	857336465203679840	857336465203679839	15955	
1	1	0.701	0.709	-36.903		1.000	21.558	C17H37N	[M + H]+	C17H38N+	KAJZYANLDWUIES	InChI=1S/C17H37N/c1-2-3-4-5-6-7-8-9-10-11-12-13-14-15-16-17-18/h2-18H2,1H3	Heptadecylazanium	CCCCCCCCCCCCCCCCCN	6.377	53984280;18179241;15791	NORMAN:(NS00022169);PUBCHEMANNOTATIONSAFETYANDTOXIC:(null);PUBCHEM:(53984280 18179241 15791);DSSTox:(DTXSID1063350 DTXSID30939758)	137506324482	256.300	838	13.960	857346897166521226	857336465258205796	857336465258205795	16061	
1	1	0.161	0.161	-142.091		1.000	123.593	C14H22O	[M + H]+	C14H23O+	ICKWICRCANNIBI	InChI=1S/C14H22O/c1-13(2,3)10-7-8-12(15)11(9-10)14(4,5)6/h7-9,15H,1-6H3	Prodox 146	CC(C)(C)C1=CC(=C(C=C1)O)C(C)(C)C	4.900	154638785;157198477;161907036;159694871;160692000;160692001;118000534;22596604;89994052;89994053;89994026;89994028;89994029;89994030;89994043;89994047;89994051;89994054;89994062;89994069;159001992;131698930;121465766;139026086;7311;71315956;158658307	PUBCHEMANNOTATIONBIO:(null);HMDB:(HMDB0013816);MiMeDB:(MMDBc0047650);PUBCHEMANNOTATIONSAFETYANDTOXIC:(null);BloodExposome:(7311);SUPERNATURAL:(SN0141882);HSDB:(96-76-4);MESH:(7311);PUBCHEM:(154638785 157198477 161907036 159694871 160692000 160692001 118000534 22596604 89994052 89994053 89994026 89994028 89994029 89994030 89994043 89994047 89994051 89994054 89994062 89994069 159001992 131698930 121465766 139026086 7311 71315956 158658307);public_spectra_2506;COCONUT:(CNP0177836);NORMAN:(NS00010683 NS00066889 NS00066896);CHEBI:(89188);DSSTox:(DTXSID10894816 DTXSID2026602 DTXSID30190847);LOTUS:(Q26840829);PUBCHEMANNOTATIONDRUG:(null);PUBMED:(null)	147496108654	207.174	839	13.979	857346896902280065	857336465367257708	857336465367257707	16046	
1	3	0.072	0.135	-98.162		0.333	67.434	C10H22O	[M + C2H3N + H]+	C12H26NO+	GCOBJHFUTQUABB	InChI=1S/C10H22O/c1-4-9(2)7-5-6-8-10(3)11/h9-11H,4-8H2,1-3H3	7-methylnonan-2-ol	CCC(C)CCCCC(C)O	3.600	124461767;124461768;124461769;124461770;20277822	COCONUT:(CNP0367529);SUPERNATURAL:(SN0101999);PUBCHEM:(124461767 124461768 124461769 124461770 20277822);DSSTox:(DTXSID60604548)	137442099202	200.201	840	13.993	857346883656667894	857336465316926056	857336465316926055	16070	
1	1	0.124	0.124	-86.586		0.488	6.863	C16H34O3	[M + H3N + H]+	C16H38NO3+	AZLWQVJVINEILY	InChI=1S/C16H34O3/c1-2-3-4-5-6-7-8-9-10-11-13-18-15-16-19-14-12-17/h17H,2-16H2,1H3	Diethylene glycol monododecyl ether	CCCCCCCCCCCCOCCOCCO	4.513	101208024;101208027;76457	PUBCHEMANNOTATIONBIO:(null);NORMAN:(NS00013814);PUBCHEMANNOTATIONSAFETYANDTOXIC:(null);PUBCHEM:(101208024 101208027 76457);DSSTox:(DTXSID7038816)	137523101698	292.285	844	14.068	857346885632185112	857336465425977968	857336465425977967	16143	
1	1	0.144	0.144	-280.216		0.998	113.216	C16H21NO3	[M + H]+	C16H22NO3+	FRQXIRMMBGXYSG	InChI=1S/C16H21NO3/c1-11(15-17-16(2,3)10-20-15)6-12-7-13(18-4)9-14(8-12)19-5/h6-9H,10H2,1-5H3	2-(2-(3,5-Dimethoxyphenyl)-1-methylethenyl)-4,4-dimethyl-2-oxazoline	CC(=CC1=CC(=CC(=C1)OC)OC)C2=NC(CO2)(C)C	2.800	6445989;3041205	PUBCHEMANNOTATIONSAFETYANDTOXIC:(null);PUBCHEM:(6445989 3041205)	67108866	276.160	848	14.130	857346912979047328	857336465476309620	857336465476309619	16264	
1	1	0.144	0.144	-179.215		1.000	121.621	C18H26O3	[M + H]+	C18H27O3+	QGCUKRFRTAOHEC	InChI=1S/C18H26O3/c1-3-5-6-7-8-15-9-11-16(12-10-15)17(19)13-14-18(20)21-4-2/h9-12H,3-8,13-14H2,1-2H3	Ethyl 4-(4-hexylphenyl)-4-oxobutyrate	CCCCCCC1=CC=C(C=C1)C(=O)CCC(=O)OCC	4.700	4260933	SUPERNATURAL:(SN0304468);PUBCHEM:(4260933);DSSTox:(DTXSID90401345)	137440002050	291.196	848	14.130	857346923028599722	857336465530835576	857336465530835575	16266	
1	1	0.884	0.942	-40.771		1.000	11.308	C18H39N	[M + H]+	C18H40N+	REYJJPSVUYRZGE	InChI=1S/C18H39N/c1-2-3-4-5-6-7-8-9-10-11-12-13-14-15-16-17-18-19/h2-19H2,1H3	Amine AB	CCCCCCCCCCCCCCCCCCN	6.826	101893967;88193345;88306490;15793;3956611	PUBCHEMANNOTATIONBIO:(null);HMDB:(HMDB0029586);PUBCHEMANNOTATIONSAFETYANDTOXIC:(null);BloodExposome:(519552 15792 15793);SUPERNATURAL:(SN0323503);HSDB:(124-30-1);MESH:(15793);PUBCHEM:(101893967 88193345 88306490 15793 3956611);public_spectra_2506;COCONUT:(CNP0122357);NORMAN:(NS00009570 NS00082020 NS00102485 NS00103404);CHEBI:(63866);DSSTox:(DTXSID00883759 DTXSID1025801 DTXSID80678564);PUBCHEMANNOTATIONDRUG:(null);PUBCHEMANNOTATIONFOOD:(null);PUBMED:(null)	146288149102	270.316	849	14.143	857346881450463974	857336465639887488	857336465639887487	16282	
1	3	0.190	0.190	-161.094		0.015	7.645	C17H39N5	[M + Na]+	C17H39N5Na+	GXGGLFRAWBBRLV	InChI=1S/C17H39N5/c1-2-3-4-5-6-7-8-9-10-11-12-20-13-14-21-15-16-22-17(18)19/h20-21H,2-16H2,1H3,(H4,18,19,22)	2-[2-[2-(Dodecylamino)ethylamino]ethyl]guanidine	CCCCCCCCCCCCNCCNCCN=C(N)N	3.400	118650060	PUBCHEM:(118650060)	2	336.311	849	14.151	857346886563320613	857336465706996356	857336465706996355	16281	
1	1	0.217	0.217	-398.435		1.000	30.577	C19H27NO3	[M + H]+	C19H28NO3+	OELFLUMRDSZNSF	InChI=1S/C19H27NO3/c1-13(2)15-8-10-16(11-9-15)18(21)20-17(19(22)23)12-14-6-4-3-5-7-14/h3-7,13,15-17H,8-12H2,1-2H3,(H,20,21)(H,22,23)	Starlix	CC(C)C1CCC(CC1)C(=O)NC(CC2=CC=CC=C2)C(=O)O	4.034	5311309;46196530;46218718;46218719;46218834;46218835;46218957;46218958;46218959;46218960;46219080;46219081;46219082;46219083;46219206;46219207;46219208;46219209;46219336;46219337;46219338;46219339;46219340;46219467;46219468;46219469;46219470;46219471;46219587;46219588;46219589;46219590;46219591;46219592;46219705;46219706;46219707;46219708;46219709;46219710;46219828;46219829;46219830;46219831;46219832;46219833;46219941;46219942;46219943;46219944;46219945;46220053;46220054;46220055;46220056;46220057;46220156;46220157;46220267;89062596;89062597;89062598;89062599;89062600;89062603;89062604;89062605;89062606;89062607;89062608;89062609;89062610;89062611;89062612;89062613;89062614;89062615;89062616;89062617;44513474;44513798;44513799;45040004;45359040;4443;60026	PUBCHEMANNOTATIONBIO:(null);HMDB:(HMDB0014869);PUBCHEMANNOTATIONSAFETYANDTOXIC:(null);BloodExposome:(60026 5311309);SUPERNATURAL:(SN0263232);MESH:(5311309);PUBCHEM:(5311309 46196530 46218718 46218719 46218834 46218835 46218957 46218958 46218959 46218960 46219080 46219081 46219082 46219083 46219206 46219207 46219208 46219209 46219336 46219337 46219338 46219339 46219340 46219467 46219468 46219469 46219470 46219471 46219587 46219588 46219589 46219590 46219591 46219592 46219705 46219706 46219707 46219708 46219709 46219710 46219828 46219829 46219830 46219831 46219832 46219833 46219941 46219942 46219943 46219944 46219945 46220053 46220054 46220055 46220056 46220057 46220156 46220157 46220267 89062596 89062597 89062598 89062599 89062600 89062603 89062604 89062605 89062606 89062607 89062608 89062609 89062610 89062611 89062612 89062613 89062614 89062615 89062616 89062617 44513474 44513798 44513799 45040004 45359040 4443 60026);public_spectra_2506;GNPS:(CCMSLIB00000078488);COCONUT:(CNP0326011);NORMAN:(NS00000602 NS00073312);CHEBI:(181175 31897 93476 94617);KEGG:(C12508);DSSTox:(DTXSID30861181 DTXSID9040687);PUBCHEMANNOTATIONDRUG:(null);PUBMED:(null)	146153935214	318.206	849	14.156	857346892456317783	857336465761522312	857336465761522311	16292	
1	1	0.294	0.390	-59.054		0.517	25.139	C14H30O3	[M + H3N + H]+	C14H34NO3+	UVNSFSOKRSZVEZ	InChI=1S/C14H30O3/c1-2-3-4-5-6-7-8-9-11-16-13-14-17-12-10-15/h15H,2-14H2,1H3	Diethylene glycol, decyl ether	CCCCCCCCCCOCCOCCO	3.615	526731	PUBCHEMANNOTATIONBIO:(null);NORMAN:(NS00076668);PUBCHEM:(526731);DSSTox:(DTXSID201025081)	137455992834	264.253	853	14.224	857346890531132234	857336465933488788	857336465933488787	16360	
1	2	0.218	0.218	-187.436		0.405	61.788	C16H24N2O2	[M - H2O + H]+	C16H23N2O+	KHGYZHABSNYWPU	InChI=1S/C16H24N2O2/c1-15(2,3)13(19)17-11-9-7-8-10-12(11)18-14(20)16(4,5)6/h7-10H,1-6H3,(H,17,19)(H,18,20)	N,N'-Bis(2,2-dimethylpropionyl)-o-phenylenediamine	CC(C)(C)C(=O)NC1=CC=CC=C1NC(=O)C(C)(C)C	3.100	896574	PUBCHEMANNOTATIONSAFETYANDTOXIC:(null);PUBCHEM:(896574);DSSTox:(DTXSID10918662);PUBMED:(null)	137506062402	259.181	854	14.227	857346895597851505	857336465996403352	857336465996403351	16367	
1	1	0.832	0.832	-3.791		0.993	67.278	C18H15O4P	[M + H]+	C18H16O4P+	XZZNDPSIHUTMOC	InChI=1S/C18H15O4P/c19-23(20-16-10-4-1-5-11-16,21-17-12-6-2-7-13-17)22-18-14-8-3-9-15-18/h1-15H	Reofos TPP	C1=CC=C(C=C1)OP(=O)(OC2=CC=CC=C2)OC3=CC=CC=C3	4.828	139025840;88687651;8289;71309050	PUBCHEMANNOTATIONBIO:(null);HMDB:(HMDB0259262);PUBCHEMANNOTATIONSAFETYANDTOXIC:(null);BloodExposome:(8289);SUPERNATURAL:(SN0444666);HSDB:(115-86-6);MESH:(8289);PUBCHEM:(139025840 88687651 8289 71309050);public_spectra_2506;GNPS:(CCMSLIB00003138054 CCMSLIB00000579900);MACONDA:(CON00118);COCONUT:(CNP0239345);NORMAN:(NS00010271);CHEBI:(35033);KEGG:(C14235);DSSTox:(DTXSID001016870 DTXSID1021952);PUBCHEMANNOTATIONDRUG:(null);PUBCHEMANNOTATIONFOOD:(null);PUBMED:(null)	146288154478	327.078	854	14.231	857346937842881460	857336465874768528	857336465874768527	16345	
1	1	0.324	0.429	-52.388		1.000	64.293	C14H30O3	[M + H]+	C14H31O3+	UVNSFSOKRSZVEZ	InChI=1S/C14H30O3/c1-2-3-4-5-6-7-8-9-11-16-13-14-17-12-10-15/h15H,2-14H2,1H3	Diethylene glycol, decyl ether	CCCCCCCCCCOCCOCCO	3.615	526731	PUBCHEMANNOTATIONBIO:(null);NORMAN:(NS00076668);PUBCHEM:(526731);DSSTox:(DTXSID201025081)	137455992834	247.227	854	14.237	857346895463633773	857336466059317916	857336466055123611	16376	
1	1	0.577	0.673	-51.336		1.000	51.268	C16H34O4	[M + H3N + H]+	C16H38NO4+	UKODLHVFJRCQME	InChI=1S/C16H34O4/c1-2-3-4-5-6-7-8-9-11-18-13-15-20-16-14-19-12-10-17/h17H,2-16H2,1H3	2-[2-[2-(1,1-Dideuteriodecoxy)ethoxy]ethoxy]ethanol	CCCCCCCCCCOCCOCCOCCO	3.514	112758435;526723	PUBCHEMANNOTATIONBIO:(null);NORMAN:(NS00076618);PUBCHEM:(112758435 526723);DSSTox:(DTXSID50335738);PUBMED:(null)	137455992898	308.280	857	14.287	857347916701161132	857336466180952740	857336466176758435	16421	
1	1	0.139	0.139	-203.410		1.000	125.496	C16H34O4	[M + H]+	C16H35O4+	UKODLHVFJRCQME	InChI=1S/C16H34O4/c1-2-3-4-5-6-7-8-9-11-18-13-15-20-16-14-19-12-10-17/h17H,2-16H2,1H3	2-[2-[2-(1,1-Dideuteriodecoxy)ethoxy]ethoxy]ethanol	CCCCCCCCCCOCCOCCOCCO	3.514	112758435;526723	PUBCHEMANNOTATIONBIO:(null);NORMAN:(NS00076618);PUBCHEM:(112758435 526723);DSSTox:(DTXSID50335738);PUBMED:(null)	137455992898	291.253	857	14.291	857347992840366275	857336466235478696	857336466231284391	16427	
1	1	0.040	0.040	-203.913		0.997	25.926	C9H19NOS2	[M + H]+	C9H20NOS2+	VQXIERGSFOQSNS	InChI=1S/C9H19NOS2/c1-13-8-6-4-2-3-5-7-9(12)10-11/h11H,2-8H2,1H3,(H,10,12)	(E)-omega-(methylsulfanyl)octyl-thiohydroximate	CSCCCCCCCC(=S)NO	2.400	44237310	PUBCHEMANNOTATIONBIO:(null);METACYC:(CPDQT-414);PLANTCYC:(CPDQT-414);PUBCHEM:(44237310);PUBCHEMANNOTATIONDRUG:(null)	50464770	222.098	858	14.306	857348027804093012	857336466344530608	857336466340336303	16462	
1	1	0.845	0.845	-8.564		0.761	33.237	C13H9NS	[M + H]+	C13H10NS+	XBHOUXSGHYZCNH	InChI=1S/C13H9NS/c1-2-6-10(7-3-1)13-14-11-8-4-5-9-12(11)15-13/h1-9H	2-Phenylbenzothiazole	C1=CC=C(C=C1)C2=NC3=CC=CC=C3S2	3.732	13439;133565035;122210028;122401316;164783741	NORMAN:(NS00039263);PUBCHEMANNOTATIONSAFETYANDTOXIC:(null);MESH:(13439);PUBCHEM:(13439 133565035 122210028 122401316 164783741);DSSTox:(DTXSID80236946);PUBMED:(null)	137506324550	212.053	859	14.310	857348026772294215	857336466394862260	857336466394862259	16463	
1	1	0.006	0.059	-22.956		1.000	25.961	C2H4O2	[M + K]+	C2H4KO2+	JMCRDEBJJPRTPV	InChI=1S/C2H4O2/c3-1-2-4/h1-4H	1,2-Ethenediol	C(=CO)O	-0.200	21352980;3036308;3036388;137088;57694167	PUBCHEMANNOTATIONBIO:(null);CHEBI:(183265 131198);SUPERNATURAL:(SN0169177);PUBCHEM:(21352980 3036308 3036388 137088 57694167);DSSTox:(DTXSID701314922);PUBCHEMANNOTATIONDRUG:(null)	137490333730	98.984	860	14.333	857348024243128889	857336466508108476	857336466503914171	16511	
1	1	0.660	0.660	-22.114		0.943	13.350	C12H27O4P	[M + H]+	C12H28O4P+	STCOOQWBFONSKY	InChI=1S/C12H27O4P/c1-4-7-10-14-17(13,15-11-8-5-2)16-12-9-6-3/h4-12H2,1-3H3	bmse000777	CCCCOP(=O)(OCCCC)OCCCC	3.918	124202817;31357;90474085	PUBCHEMANNOTATIONBIO:(null);HMDB:(HMDB0259164);PUBCHEMANNOTATIONSAFETYANDTOXIC:(null);BloodExposome:(31357);SUPERNATURAL:(SN0354582);HSDB:(126-73-8);MESH:(31357);PUBCHEM:(124202817 31357 90474085);public_spectra_2506;MACONDA:(CON00113);COCONUT:(CNP0086420);NORMAN:(NS00010255 NS00101930);CHEBI:(35019);KEGG:(C14439);DSSTox:(DTXSID00772891 DTXSID3021986 DTXSID701016869);PUBCHEMANNOTATIONDRUG:(null);PUBCHEMANNOTATIONFOOD:(null);PUBMED:(null)	146288150382	267.172	860	14.334	857348029989325419	857336466558440128	857336466558440127	16517	
1	1	0.836	0.836	-3.514		0.990	83.137	C18H15O4P	[M + H]+	C18H16O4P+	XZZNDPSIHUTMOC	InChI=1S/C18H15O4P/c19-23(20-16-10-4-1-5-11-16,21-17-12-6-2-7-13-17)22-18-14-8-3-9-15-18/h1-15H	Reofos TPP	C1=CC=C(C=C1)OP(=O)(OC2=CC=CC=C2)OC3=CC=CC=C3	4.828	139025840;88687651;8289;71309050	PUBCHEMANNOTATIONBIO:(null);HMDB:(HMDB0259262);PUBCHEMANNOTATIONSAFETYANDTOXIC:(null);BloodExposome:(8289);SUPERNATURAL:(SN0444666);HSDB:(115-86-6);MESH:(8289);PUBCHEM:(139025840 88687651 8289 71309050);public_spectra_2506;GNPS:(CCMSLIB00003138054 CCMSLIB00000579900);MACONDA:(CON00118);COCONUT:(CNP0239345);NORMAN:(NS00010271);CHEBI:(35033);KEGG:(C14235);DSSTox:(DTXSID001016870 DTXSID1021952);PUBCHEMANNOTATIONDRUG:(null);PUBCHEMANNOTATIONFOOD:(null);PUBMED:(null)	146288154478	327.078	860	14.336	857348066752400088	857336466453582520	857336466449388215	16423	
1	1	0.614	0.614	-22.693		1.000	65.047	C18H38O5	[M + H]+	C18H39O5+	ASMWIUUCZFNLHL	InChI=1S/C18H38O5/c1-2-3-4-5-6-7-8-9-11-20-13-15-22-17-18-23-16-14-21-12-10-19/h19H,2-18H2,1H3	3,6,9,12-Tetraoxadocosan-1-ol	CCCCCCCCCCOCCOCCOCCOCCO	3.413	526715	PUBCHEMANNOTATIONBIO:(null);NORMAN:(NS00076620);MESH:(526715);PUBCHEM:(526715);DSSTox:(DTXSID10205645);PUBMED:(null)	137455992902	335.279	861	14.342	857348030446504575	857336466608771780	857336466608771779	16530	
1	1	0.568	0.568	-27.464		1.000	52.457	C18H38O5	[M + H3N + H]+	C18H42NO5+	ASMWIUUCZFNLHL	InChI=1S/C18H38O5/c1-2-3-4-5-6-7-8-9-11-20-13-15-22-17-18-23-16-14-21-12-10-19/h19H,2-18H2,1H3	3,6,9,12-Tetraoxadocosan-1-ol	CCCCCCCCCCOCCOCCOCCOCCO	3.413	526715	PUBCHEMANNOTATIONBIO:(null);NORMAN:(NS00076620);MESH:(526715);PUBCHEM:(526715);DSSTox:(DTXSID10205645);PUBMED:(null)	137455992902	352.306	861	14.343	857348029716695649	857336466663297736	857336466663297735	16534	
1	1	0.839	0.858	-62.755		1.000	81.811	C14H29NO	[M + H]+	C14H30NO+	QEALYLRSRQDCRA	InChI=1S/C14H29NO/c1-2-3-4-5-6-7-8-9-10-11-12-13-14(15)16/h2-13H2,1H3,(H2,15,16)	Myristamide	CCCCCCCCCCCCCC(=O)N	4.779	149434257;69492	PUBCHEMANNOTATIONBIO:(null);PUBCHEMANNOTATIONSAFETYANDTOXIC:(null);BloodExposome:(69492);LIPIDMAPS:(LMFA01100064);SUPERNATURAL:(SN0302834);PUBCHEM:(149434257 69492);COCONUT:(CNP0178369);NORMAN:(NS00020015 NS00103364);METACYC:(CPD6666-2);CHEBI:(137125);DSSTox:(DTXSID5060934);LOTUS:(Q27273526);PUBCHEMANNOTATIONDRUG:(null);PUBMED:(null)	139979917410	228.232	861	14.354	857348029599255135	857336466717823692	857336466717823691	16558	
1	2	-Infinity	-Infinity	-260.430		0.075	36.902	C16H41N7O3	[M + H]+	C16H42N7O3+	UYTRJTLZIHJHSV	InChI=1S/C16H41N7O3/c1-6-25-16(24)22(5)8-7-21(4)9-10-26-15(3)23(11-17)13-19-12-20-14(2)18/h14-16,19-20,24H,6-13,17-18H2,1-5H3	[2-[2-[(1R)-1-[[(1-aminoethylamino)methylamino]methyl-(aminomethyl)amino]ethoxy]ethyl-methylamino]ethyl-methylamino]-ethoxymethanol	CCOC(N(C)CCN(C)CCOC(C)N(CN)CNCNC(C)N)O	-1.400	118617362	PUBCHEM:(118617362)	2	380.337	861	14.355	857348031058872970	857336466772349648	857336466768155343	16565	
1	1	0.476	0.539	-66.400		1.000	47.658	C20H42O6	[M + H]+	C20H43O6+	QAXPOSPGRHYIHE	InChI=1S/C20H42O6/c1-2-3-4-5-6-7-8-9-11-22-13-15-24-17-19-26-20-18-25-16-14-23-12-10-21/h21H,2-20H2,1H3	Pentaethylene glycol monodecyl ether	CCCCCCCCCCOCCOCCOCCOCCOCCO	3.313	168092	PUBCHEMANNOTATIONBIO:(null);NORMAN:(NS00076623);PUBCHEMANNOTATIONSAFETYANDTOXIC:(null);PUBCHEM:(168092);DSSTox:(DTXSID8075201)	137523101698	379.305	862	14.373	857348030215817845	857336466822681300	857336466822681299	16597	
1	1	0.034	0.034	-468.859		1.000	45.447	C22H38N2O3	[M + H3N + H]+	C22H42N3O3+	DQVREVNUKLHQNN	InChI=1S/C22H38N2O3/c1-5-8-13-24(14-9-6-2)15-17-27-22(25)23-21-12-11-20(18-19(21)4)26-16-10-7-3/h11-12,18H,5-10,13-17H2,1-4H3,(H,23,25)	Carbamic acid, (4-butoxy-2-methylphenyl)-, 2-(dibutylamino)ethyl ester	CCCCN(CCCC)CCOC(=O)NC1=C(C=C(C=C1)OCCCC)C	5.600	3048784	PUBCHEMANNOTATIONSAFETYANDTOXIC:(null);PUBCHEM:(3048784);DSSTox:(DTXSID40213915)	137506062338	396.332	862	14.374	857348043100719812	857336466873012952	857336466873012951	16598	
1	1	-Infinity	-Infinity	-144.822		0.875	39.869	C18H45N7O4	[M + H]+	C18H46N7O4+	WRWIVYSLBOHELU	InChI=1S/C18H45N7O4/c1-2-6-22-10-14-26-18(27-15-11-23-7-3-19,28-16-12-24-8-4-20)29-17-13-25-9-5-21/h22-25H,2-17,19-21H2,1H3	N'-[2-[bis[2-(2-aminoethylamino)ethoxy]-[2-(propylamino)ethoxy]methoxy]ethyl]ethane-1,2-diamine	CCCNCCOC(OCCNCCN)(OCCNCCN)OCCNCCN	-3.800	89804210	PUBCHEM:(89804210)	2	424.363	863	14.378	857348033369934493	857336466923344604	857336466923344603	16603	
1	1	0.498	0.521	-52.348		1.000	54.938	C22H46O7	[M + H]+	C22H47O7+	GLGQRQQFWLTGES	InChI=1S/C22H46O7/c1-2-3-4-5-6-7-8-9-11-24-13-15-26-17-19-28-21-22-29-20-18-27-16-14-25-12-10-23/h23H,2-22H2,1H3	3,6,9,12,15,18-Hexaoxaoctacosan-1-ol	CCCCCCCCCCOCCOCCOCCOCCOCCOCCO	3.212	165293	PUBCHEMANNOTATIONBIO:(null);NORMAN:(NS00076628);PUBCHEMANNOTATIONSAFETYANDTOXIC:(null);PUBCHEM:(165293);DSSTox:(DTXSID3075250)	137523101698	423.332	863	14.380	857348035425143462	857336466973676256	857336466973676255	16614	
1	2	0.542	0.577	-73.888		0.407	33.356	C26H54O9	[M + H3N + H]+	C26H58NO9+	UJMHIOBAHVUDGS	InChI=1S/C26H54O9/c1-2-3-4-5-6-7-8-9-11-28-13-15-30-17-19-32-21-23-34-25-26-35-24-22-33-20-18-31-16-14-29-12-10-27/h27H,2-26H2,1H3	3,6,9,12,15,18,21,24-Octaoxatetratriacontan-1-ol	CCCCCCCCCCOCCOCCOCCOCCOCCOCCOCCOCCO	3.011	168163	NORMAN:(NS00021910);PUBCHEMANNOTATIONSAFETYANDTOXIC:(null);PUBCHEM:(168163);DSSTox:(DTXSID3075208)	137506324482	528.411	863	14.386	857348045298535119	857336467091116776	857336467086922471	16613	
1	1	0.559	0.559	-38.258		1.000	61.190	C22H46O7	[M + H3N + H]+	C22H50NO7+	GLGQRQQFWLTGES	InChI=1S/C22H46O7/c1-2-3-4-5-6-7-8-9-11-24-13-15-26-17-19-28-21-22-29-20-18-27-16-14-25-12-10-23/h23H,2-22H2,1H3	3,6,9,12,15,18-Hexaoxaoctacosan-1-ol	CCCCCCCCCCOCCOCCOCCOCCOCCOCCO	3.212	165293	PUBCHEMANNOTATIONBIO:(null);NORMAN:(NS00076628);PUBCHEMANNOTATIONSAFETYANDTOXIC:(null);PUBCHEM:(165293);DSSTox:(DTXSID3075250)	137523101698	440.358	863	14.387	857348035571944112	857336467175002860	857336467170808555	16617	
1	1	0.011	0.009	-247.892		0.991	42.371	C28H51N3O2	[M + Na]+	C28H51N3NaO2+	UABPBRINIIEWAO	InChI=1S/C28H51N3O2/c1-2-3-4-5-6-7-8-9-10-11-12-13-14-15-16-17-18-19-20-21-27-30-23-25-31(27,24-22-29)26-28(32)33/h17-18,23,25H,2-16,19-22,24,26,29H2,1H3/p+1	1-(2-Aminoethyl)-2-(4-henicosenyl)-1H-imidazol-1-ium-1-acetate	CCCCCCCCCCCCCCCCC=CCCCC1=NC=C[N+]1(CCN)CC(=O)O	5.900	101325957	PUBCHEM:(101325957)	2	484.385	864	14.393	857348039728499386	857336467225334512	857336467225334511	16631	
1	1	0.635	0.635	-2.784		0.887	102.589	C18H15O4P	[M + H]+	C18H16O4P+	XZZNDPSIHUTMOC	InChI=1S/C18H15O4P/c19-23(20-16-10-4-1-5-11-16,21-17-12-6-2-7-13-17)22-18-14-8-3-9-15-18/h1-15H	Reofos TPP	C1=CC=C(C=C1)OP(=O)(OC2=CC=CC=C2)OC3=CC=CC=C3	4.828	139025840;88687651;8289;71309050	PUBCHEMANNOTATIONBIO:(null);HMDB:(HMDB0259262);PUBCHEMANNOTATIONSAFETYANDTOXIC:(null);BloodExposome:(8289);SUPERNATURAL:(SN0444666);HSDB:(115-86-6);MESH:(8289);PUBCHEM:(139025840 88687651 8289 71309050);public_spectra_2506;GNPS:(CCMSLIB00003138054 CCMSLIB00000579900);MACONDA:(CON00118);COCONUT:(CNP0239345);NORMAN:(NS00010271);CHEBI:(35033);KEGG:(C14235);DSSTox:(DTXSID001016870 DTXSID1021952);PUBCHEMANNOTATIONDRUG:(null);PUBCHEMANNOTATIONFOOD:(null);PUBMED:(null)	146288154478	327.078	868	14.459	857348244469257805	857336467279860468	857336467279860467	16707	
1	1	0.728	0.459	-78.536		1.000	39.132	C15H30N2O	[M + H]+	C15H31N2O+	ZUTUVTVLZVGFQC	InChI=1S/C15H30N2O/c1-3-5-12-17(13-6-4-2)15(18)16-14-10-8-7-9-11-14/h14H,3-13H2,1-2H3,(H,16,18)	3,3-Dibutyl-1-cyclohexylurea	CCCCN(CCCC)C(=O)NC1CCCCC1	3.900	3398150	PUBCHEMANNOTATIONSAFETYANDTOXIC:(null);PUBCHEM:(3398150)	67108866	255.243	868	14.472	857348210457643960	857336467342775032	857336467342775031	16728	
1	1	0.084	0.106	-63.420		0.333	89.288	C11H12O	[M + H]+	C11H13O+	SPSGCPQLOUNVMU	InChI=1S/C11H12O/c1-2-3-5-10-6-4-7-11(8-10)9-12/h2,4,6-9H,1,3,5H2	3-(But-3-en-1-yl)benzaldehyde	C=CCCC1=CC(=CC=C1)C=O	3.094	10920815	PUBCHEMANNOTATIONSAFETYANDTOXIC:(null);PUBCHEM:(10920815);DSSTox:(DTXSID40448321)	137506062338	161.096	871	14.524	857348229927604594	857336467401495292	857336467401495291	16778	
1	1	0.263	0.263	-86.632		1.000	211.763	C16H24O2	[M + H]+	C16H25O2+	CSWAKLZWBBNARW	InChI=1S/C16H24O2/c1-15(2,3)11-12-7-9-13(10-8-12)14(17)18-16(4,5)6/h7-10H,11H2,1-6H3	Tert-butyl 4-(2,2-dimethylpropyl)benzoate	CC(C)(C)CC1=CC=C(C=C1)C(=O)OC(C)(C)C	4.700	122649653	PUBCHEM:(122649653)	2	249.185	871	14.524	857348259589728738	857336467468604160	857336467468604159	16776	
1	1	0.478	0.478	-106.197		0.998	143.097	C13H17NO	[M + H]+	C13H18NO+	BGXWEEHVMWADRH	InChI=1S/C13H17NO/c1-9-13(2,3)11-8-10(15-5)6-7-12(11)14(9)4/h6-8H,1H2,2-5H3	5-Methoxy-1,3,3-trimethyl-2-methyleneindoline	CC1(C(=C)N(C2=C1C=C(C=C2)OC)C)C	3.400	3015829	NORMAN:(NS00029959);PUBCHEM:(3015829);DSSTox:(DTXSID00189526)	137439215618	204.138	873	14.543	857348239704527612	857336467527324420	857336467527324419	16811	
1	1	0.097	0.097	-117.710		1.000	117.738	C16H24O2	[M + H]+	C16H25O2+	ULVHAZFBJJXIDO	InChI=1S/C16H24O2/c1-9(2)12-7-13(10(3)4)15(16(17)18)14(8-12)11(5)6/h7-11H,1-6H3,(H,17,18)	2,4,6-Triisopropylbenzoic acid	CC(C)C1=CC(=C(C(=C1)C(C)C)C(=O)O)C(C)C	4.800	6931479;96214	PUBCHEMANNOTATIONBIO:(null);NORMAN:(NS00031920);PUBCHEM:(6931479 96214);DSSTox:(DTXSID50197939);PUBMED:(null)	137455992898	249.185	878	14.635	857348234579087767	857336467590238984	857336467586044679	16990	
1	1	0.450	0.578	-35.207		0.990	34.842	C14H30O3	[M + H]+	C14H31O3+	UVNSFSOKRSZVEZ	InChI=1S/C14H30O3/c1-2-3-4-5-6-7-8-9-11-16-13-14-17-12-10-15/h15H,2-14H2,1H3	Diethylene glycol, decyl ether	CCCCCCCCCCOCCOCCO	3.615	526731	PUBCHEMANNOTATIONBIO:(null);NORMAN:(NS00076668);PUBCHEM:(526731);DSSTox:(DTXSID201025081)	137455992834	247.227	878	14.638	857348232913949077	857336467644764940	857336467640570635	16936	
1	1	0.303	0.487	-83.572		0.848	11.937	C16H34O4	[M + H3N + H]+	C16H38NO4+	UKODLHVFJRCQME	InChI=1S/C16H34O4/c1-2-3-4-5-6-7-8-9-11-18-13-15-20-16-14-19-12-10-17/h17H,2-16H2,1H3	2-[2-[2-(1,1-Dideuteriodecoxy)ethoxy]ethoxy]ethanol	CCCCCCCCCCOCCOCCOCCO	3.514	112758435;526723	PUBCHEMANNOTATIONBIO:(null);NORMAN:(NS00076618);PUBCHEM:(112758435 526723);DSSTox:(DTXSID50335738);PUBMED:(null)	137455992898	308.280	881	14.680	857348241235448787	857336467804148504	857336467799954199	17007	
1	1	0.200	0.280	-93.980		0.999	43.995	C16H34O4	[M + H]+	C16H35O4+	UKODLHVFJRCQME	InChI=1S/C16H34O4/c1-2-3-4-5-6-7-8-9-11-18-13-15-20-16-14-19-12-10-17/h17H,2-16H2,1H3	2-[2-[2-(1,1-Dideuteriodecoxy)ethoxy]ethoxy]ethanol	CCCCCCCCCCOCCOCCOCCO	3.514	112758435;526723	PUBCHEMANNOTATIONBIO:(null);NORMAN:(NS00076618);PUBCHEM:(112758435 526723);DSSTox:(DTXSID50335738);PUBMED:(null)	137455992898	291.253	881	14.682	857348260483115506	857336467854480156	857336467854480155	17000	
1	1	0.608	0.608	-41.542		1.000	44.958	C18H38O5	[M + H]+	C18H39O5+	ASMWIUUCZFNLHL	InChI=1S/C18H38O5/c1-2-3-4-5-6-7-8-9-11-20-13-15-22-17-18-23-16-14-21-12-10-19/h19H,2-18H2,1H3	3,6,9,12-Tetraoxadocosan-1-ol	CCCCCCCCCCOCCOCCOCCOCCO	3.413	526715	PUBCHEMANNOTATIONBIO:(null);NORMAN:(NS00076620);MESH:(526715);PUBCHEM:(526715);DSSTox:(DTXSID10205645);PUBMED:(null)	137455992902	335.279	883	14.723	857348260533447161	857336467909006112	857336467909006111	17069	
1	2	-Infinity	-Infinity	-238.537		0.067	29.554	C16H41N7O3	[M + H]+	C16H42N7O3+	UYTRJTLZIHJHSV	InChI=1S/C16H41N7O3/c1-6-25-16(24)22(5)8-7-21(4)9-10-26-15(3)23(11-17)13-19-12-20-14(2)18/h14-16,19-20,24H,6-13,17-18H2,1-5H3	[2-[2-[(1R)-1-[[(1-aminoethylamino)methylamino]methyl-(aminomethyl)amino]ethoxy]ethyl-methylamino]ethyl-methylamino]-ethoxymethanol	CCOC(N(C)CCN(C)CCOC(C)N(CN)CNCNC(C)N)O	-1.400	118617362	PUBCHEM:(118617362)	2	380.337	883	14.724	857348260546030094	857336467959337764	857336467959337763	17073	
1	1	0.582	0.582	-50.665		0.987	22.364	C18H38O5	[M + H3N + H]+	C18H42NO5+	ASMWIUUCZFNLHL	InChI=1S/C18H38O5/c1-2-3-4-5-6-7-8-9-11-20-13-15-22-17-18-23-16-14-21-12-10-19/h19H,2-18H2,1H3	3,6,9,12-Tetraoxadocosan-1-ol	CCCCCCCCCCOCCOCCOCCOCCO	3.413	526715	PUBCHEMANNOTATIONBIO:(null);NORMAN:(NS00076620);MESH:(526715);PUBCHEM:(526715);DSSTox:(DTXSID10205645);PUBMED:(null)	137455992902	352.306	884	14.728	857348260541835779	857336468009669416	857336468009669415	17080	
1	1	-Infinity	-Infinity	-162.198		1.000	15.525	C18H45N7O4	[M + H]+	C18H46N7O4+	WRWIVYSLBOHELU	InChI=1S/C18H45N7O4/c1-2-6-22-10-14-26-18(27-15-11-23-7-3-19,28-16-12-24-8-4-20)29-17-13-25-9-5-21/h22-25H,2-17,19-21H2,1H3	N'-[2-[bis[2-(2-aminoethylamino)ethoxy]-[2-(propylamino)ethoxy]methoxy]ethyl]ethane-1,2-diamine	CCCNCCOC(OCCNCCN)(OCCNCCN)OCCNCCN	-3.800	89804210	PUBCHEM:(89804210)	2	424.363	884	14.738	857348260877380285	857336468064195372	857336468060001067	17101	
1	1	0.199	0.261	-72.169		1.000	17.418	C14H30O3	[M + H]+	C14H31O3+	NMEQYXSKPAMXNV	InChI=1S/C14H30O3/c1-3-5-6-7-8-9-10-16-13-14-17-12-11-15-4-2/h3-14H2,1-2H3	1-[2-(2-Ethoxyethoxy)ethoxy]octane	CCCCCCCCOCCOCCOCC	3.600	445945	PUBCHEMANNOTATIONBIO:(null);PUBCHEM:(445945)	16777218	247.227	891	14.845	857348305953569292	857336468114527024	857336468114527023	17228	
1	1	0.571	0.668	-48.720		1.000	26.401	C16H34O4	[M + H3N + H]+	C16H38NO4+	UKODLHVFJRCQME	InChI=1S/C16H34O4/c1-2-3-4-5-6-7-8-9-11-18-13-15-20-16-14-19-12-10-17/h17H,2-16H2,1H3	2-[2-[2-(1,1-Dideuteriodecoxy)ethoxy]ethoxy]ethanol	CCCCCCCCCCOCCOCCOCCO	3.514	112758435;526723	PUBCHEMANNOTATIONBIO:(null);NORMAN:(NS00076618);PUBCHEM:(112758435 526723);DSSTox:(DTXSID50335738);PUBMED:(null)	137455992898	308.280	893	14.890	857348293609732594	857336468169052980	857336468164858675	17297	
1	1	0.081	0.106	-154.708		0.928	4.638	C16H34O4	[M + Na]+	C16H34NaO4+	UKODLHVFJRCQME	InChI=1S/C16H34O4/c1-2-3-4-5-6-7-8-9-11-18-13-15-20-16-14-19-12-10-17/h17H,2-16H2,1H3	2-[2-[2-(1,1-Dideuteriodecoxy)ethoxy]ethoxy]ethanol	CCCCCCCCCCOCCOCCOCCO	3.514	112758435;526723	PUBCHEMANNOTATIONBIO:(null);NORMAN:(NS00076618);PUBCHEM:(112758435 526723);DSSTox:(DTXSID50335738);PUBMED:(null)	137455992898	313.235	893	14.892	857348292036868570	857336468219384632	857336468219384631	17300	
1	1	0.155	0.238	-120.472		0.998	35.856	C16H34O4	[M + H]+	C16H35O4+	UKODLHVFJRCQME	InChI=1S/C16H34O4/c1-2-3-4-5-6-7-8-9-11-18-13-15-20-16-14-19-12-10-17/h17H,2-16H2,1H3	2-[2-[2-(1,1-Dideuteriodecoxy)ethoxy]ethoxy]ethanol	CCCCCCCCCCOCCOCCOCCO	3.514	112758435;526723	PUBCHEMANNOTATIONBIO:(null);NORMAN:(NS00076618);PUBCHEM:(112758435 526723);DSSTox:(DTXSID50335738);PUBMED:(null)	137455992898	291.253	894	14.894	857348299175574011	857336468324242240	857336468324242239	17303	
1	1	0.636	0.636	-30.547		1.000	31.242	C18H38O5	[M + H3N + H]+	C18H42NO5+	ASMWIUUCZFNLHL	InChI=1S/C18H38O5/c1-2-3-4-5-6-7-8-9-11-20-13-15-22-17-18-23-16-14-21-12-10-19/h19H,2-18H2,1H3	3,6,9,12-Tetraoxadocosan-1-ol	CCCCCCCCCCOCCOCCOCCOCCO	3.413	526715	PUBCHEMANNOTATIONBIO:(null);NORMAN:(NS00076620);MESH:(526715);PUBCHEM:(526715);DSSTox:(DTXSID10205645);PUBMED:(null)	137455992902	352.306	896	14.928	857348305068571138	857336468374573892	857336468374573891	17356	
1	3	0.838	0.838	-142.167		0.014	19.485	C21H41N5O	[M + H]+	C21H42N5O+	BYWLJXVMEWZTSN	InChI=1S/C21H41N5O/c1-2-3-4-5-6-7-8-9-10-11-12-13-14-15-16-17-18-23-21(27)26-19-24-20(22)25-26/h19H,2-18H2,1H3,(H2,22,25)(H,23,27)	3-amino-N-octadecyl-1,2,4-triazole-1-carboxamide	CCCCCCCCCCCCCCCCCCNC(=O)N1C=NC(=N1)N	8.200	137649591	PUBCHEM:(137649591);PUBMED:(null)	66	380.337	896	14.929	857348292766677474	857336468429099848	857336468429099847	17360	
1	1	0.625	0.625	-40.564		1.000	38.515	C18H38O5	[M + H]+	C18H39O5+	ASMWIUUCZFNLHL	InChI=1S/C18H38O5/c1-2-3-4-5-6-7-8-9-11-20-13-15-22-17-18-23-16-14-21-12-10-19/h19H,2-18H2,1H3	3,6,9,12-Tetraoxadocosan-1-ol	CCCCCCCCCCOCCOCCOCCOCCO	3.413	526715	PUBCHEMANNOTATIONBIO:(null);NORMAN:(NS00076620);MESH:(526715);PUBCHEM:(526715);DSSTox:(DTXSID10205645);PUBMED:(null)	137455992902	335.279	896	14.929	857348437801516461	857336468479431500	857336468479431499	17354	
1	1	-Infinity	-Infinity	-148.836		0.816	17.063	C18H45N7O4	[M + H]+	C18H46N7O4+	WRWIVYSLBOHELU	InChI=1S/C18H45N7O4/c1-2-6-22-10-14-26-18(27-15-11-23-7-3-19,28-16-12-24-8-4-20)29-17-13-25-9-5-21/h22-25H,2-17,19-21H2,1H3	N'-[2-[bis[2-(2-aminoethylamino)ethoxy]-[2-(propylamino)ethoxy]methoxy]ethyl]ethane-1,2-diamine	CCCNCCOC(OCCNCCN)(OCCNCCN)OCCNCCN	-3.800	89804210	PUBCHEM:(89804210)	2	424.363	897	14.954	857348438086729146	857336468529763152	857336468529763151	17401	
1	1	0.539	0.596	-59.744		1.000	26.700	C20H42O6	[M + H3N + H]+	C20H46NO6+	QAXPOSPGRHYIHE	InChI=1S/C20H42O6/c1-2-3-4-5-6-7-8-9-11-22-13-15-24-17-19-26-20-18-25-16-14-23-12-10-21/h21H,2-20H2,1H3	Pentaethylene glycol monodecyl ether	CCCCCCCCCCOCCOCCOCCOCCOCCO	3.313	168092	PUBCHEMANNOTATIONBIO:(null);NORMAN:(NS00076623);PUBCHEMANNOTATIONSAFETYANDTOXIC:(null);PUBCHEM:(168092);DSSTox:(DTXSID8075201)	137523101698	396.332	897	14.954	857348441312148987	857336468584289108	857336468584289107	17396	
1	1	0.057	0.057	-130.345		1.000	25.786	C14H30O3	[M + Na]+	C14H30NaO3+	UVNSFSOKRSZVEZ	InChI=1S/C14H30O3/c1-2-3-4-5-6-7-8-9-11-16-13-14-17-12-10-15/h15H,2-14H2,1H3	Diethylene glycol, decyl ether	CCCCCCCCCCOCCOCCO	3.615	526731	PUBCHEMANNOTATIONBIO:(null);NORMAN:(NS00076668);PUBCHEM:(526731);DSSTox:(DTXSID201025081)	137455992834	269.209	900	15.006	857348437960900023	857336468634620760	857336468634620759	17463	
1	1	0.469	0.589	-31.939		1.000	40.718	C14H30O3	[M + H]+	C14H31O3+	UVNSFSOKRSZVEZ	InChI=1S/C14H30O3/c1-2-3-4-5-6-7-8-9-11-16-13-14-17-12-10-15/h15H,2-14H2,1H3	Diethylene glycol, decyl ether	CCCCCCCCCCOCCOCCO	3.615	526731	PUBCHEMANNOTATIONBIO:(null);NORMAN:(NS00076668);PUBCHEM:(526731);DSSTox:(DTXSID201025081)	137455992834	247.227	901	15.011	857348438405496259	857336468689146716	857336468689146715	17468	
1	1	0.194	0.194	-125.356		0.782	13.916	C16H35NOS	[M + K]+	C16H35KNOS+	FDBAYIIVMUDGFZ	InChI=1S/C16H35NOS/c1-3-5-6-7-8-9-10-11-12-13-14-17-15-16-19(18)4-2/h17H,3-16H2,1-2H3	N-(2-ethylsulfinylethyl)dodecan-1-amine	CCCCCCCCCCCCNCCS(=O)CC	4.800	116258056	PUBCHEM:(116258056)	2	328.207	902	15.032	857348445183491660	857336468747866976	857336468743672671	17493	
1	1	0.090	0.094	-18.774		1.000	29.169	C2H4OS	[M + K]+	C2H4KOS+	SLAWTOLLPNIOGD	InChI=1S/C2H4OS/c1-2-4-3/h2-3H,1H2	Ethenesulfenic acid	C=CSO	0.500	21058388;137617	CHEBI:(183056);PUBCHEM:(21058388 137617);DSSTox:(DTXSID10179630);PUBCHEMANNOTATIONDRUG:(null)	137472507938	114.961	902	15.033	857348446164958813	857336468806587236	857336468806587235	17494	
1	1	0.234	0.234	-53.471		1.000	37.568	C12H27O3PS	[M + H]+	C12H28O3PS+	PPEZWDDRWXDXOQ	InChI=1S/C12H27O3PS/c1-4-7-10-13-16(17,14-11-8-5-2)15-12-9-6-3/h4-12H2,1-3H3	Tributylthiophosphate	CCCCOP(=S)(OCCCC)OCCCC	5.000	94884	PUBCHEMANNOTATIONSAFETYANDTOXIC:(null);MESH:(94884);PUBCHEM:(94884);DSSTox:(DTXSID70924724);PUBMED:(null)	137506062406	283.149	902	15.033	857348447083511399	857336468865307496	857336468861113191	17496	
1	1	0.116	0.128	-29.955		0.999	66.988	C5H12O2Si	[M + K]+	C5H12KO2Si+	ZLNAFSPCNATQPQ	InChI=1S/C5H12O2Si/c1-5-8(4,6-2)7-3/h5H,1H2,2-4H3	Dimethoxymethylvinylsilane	CO[Si](C)(C=C)OC	1.555	85589	PUBCHEMANNOTATIONSAFETYANDTOXIC:(null);PUBCHEM:(85589);DSSTox:(DTXSID70894357);PUBMED:(null)	137506062402	171.024	902	15.034	857348449642036902	857336468924027756	857336468924027755	17500	
1	3	0.729	0.729	-40.104		0.030	19.399	C8H19O3PS	[M + H]+	C8H20O3PS+	CCLBBCBPHBBKKD	InChI=1S/C8H19O3PS/c1-3-5-7-10-12(9,13)11-8-6-4-2/h3-8H2,1-2H3,(H,9,13)	O,O-Dibutyl hydrogen thiophosphate	CCCCOP(=S)(O)OCCCC	3.200	3098734;82418	NORMAN:(NS00023075);PUBCHEM:(3098734 82418);DSSTox:(DTXSID40144078 DTXSID70955497)	137439215618	227.087	902	15.034	857348447196757619	857336468974359408	857336468974359407	17505	
1	1	0.240	0.327	-89.661		0.998	47.184	C16H34O4	[M + H]+	C16H35O4+	UKODLHVFJRCQME	InChI=1S/C16H34O4/c1-2-3-4-5-6-7-8-9-11-18-13-15-20-16-14-19-12-10-17/h17H,2-16H2,1H3	2-[2-[2-(1,1-Dideuteriodecoxy)ethoxy]ethoxy]ethanol	CCCCCCCCCCOCCOCCOCCO	3.514	112758435;526723	PUBCHEMANNOTATIONBIO:(null);NORMAN:(NS00076618);PUBCHEM:(112758435 526723);DSSTox:(DTXSID50335738);PUBMED:(null)	137455992898	291.253	903	15.050	857348445342875222	857336469024691060	857336469024691059	17536	
1	1	0.404	0.507	-82.936		0.996	21.687	C16H34O4	[M + H3N + H]+	C16H38NO4+	UKODLHVFJRCQME	InChI=1S/C16H34O4/c1-2-3-4-5-6-7-8-9-11-18-13-15-20-16-14-19-12-10-17/h17H,2-16H2,1H3	2-[2-[2-(1,1-Dideuteriodecoxy)ethoxy]ethoxy]ethanol	CCCCCCCCCCOCCOCCOCCO	3.514	112758435;526723	PUBCHEMANNOTATIONBIO:(null);NORMAN:(NS00076618);PUBCHEM:(112758435 526723);DSSTox:(DTXSID50335738);PUBMED:(null)	137455992898	308.280	903	15.050	857348447658131067	857336469129548668	857336469129548667	17531	
1	1	-Infinity	-Infinity	-236.423		0.666	14.683	C16H41N7O3	[M + H]+	C16H42N7O3+	UYTRJTLZIHJHSV	InChI=1S/C16H41N7O3/c1-6-25-16(24)22(5)8-7-21(4)9-10-26-15(3)23(11-17)13-19-12-20-14(2)18/h14-16,19-20,24H,6-13,17-18H2,1-5H3	[2-[2-[(1R)-1-[[(1-aminoethylamino)methylamino]methyl-(aminomethyl)amino]ethoxy]ethyl-methylamino]ethyl-methylamino]-ethoxymethanol	CCOC(N(C)CCN(C)CCOC(C)N(CN)CNCNC(C)N)O	-1.400	118617362	PUBCHEM:(118617362)	2	380.337	905	15.081	857348453823758223	857336469179880320	857336469179880319	17578	
1	1	0.599	0.599	-43.964		1.000	37.636	C18H38O5	[M + H]+	C18H39O5+	ASMWIUUCZFNLHL	InChI=1S/C18H38O5/c1-2-3-4-5-6-7-8-9-11-20-13-15-22-17-18-23-16-14-21-12-10-19/h19H,2-18H2,1H3	3,6,9,12-Tetraoxadocosan-1-ol	CCCCCCCCCCOCCOCCOCCOCCO	3.413	526715	PUBCHEMANNOTATIONBIO:(null);NORMAN:(NS00076620);MESH:(526715);PUBCHEM:(526715);DSSTox:(DTXSID10205645);PUBMED:(null)	137455992902	335.279	905	15.082	857348456604581785	857336469230211972	857336469230211971	17583	
1	1	0.588	0.588	-79.515		0.996	25.534	C17H24O4	[M + H]+	C17H25O4+	RNCMBSSLYOAVRT	InChI=1S/C17H24O4/c1-13(2)9-5-3-4-8-12-21-17(20)15-11-7-6-10-14(15)16(18)19/h6-7,10-11,13H,3-5,8-9,12H2,1-2H3,(H,18,19)	Monoisononyl Phthalate	CC(C)CCCCCCOC(=O)C1=CC=CC=C1C(=O)O	4.560	148548819;110394;71313675	PUBCHEMANNOTATIONBIO:(null);COCONUT:(CNP0081926);HMDB:(HMDB0244325);BloodExposome:(110394);CHEBI:(132593);SUPERNATURAL:(SN0329921);MESH:(110394);PUBCHEM:(148548819 110394 71313675);DSSTox:(DTXSID401173997 DTXSID80910057);PUBMED:(null)	137463070830	293.175	905	15.086	857348465752358980	857336469288932232	857336469284737927	17562	
1	1	0.500	0.500	-105.530		0.999	31.078	C17H24O3	[M + H]+	C17H25O3+	ZTMZUYHXZPUDRF	InChI=1S/C17H24O3/c1-15(2,3)11-9-17(8-7-13(18)20-17)10-12(14(11)19)16(4,5)6/h9-10H,7-8H2,1-6H3	7,9-di-tert-butyl-1-oxaspiro[4.5]deca-6,9-diene-2,8-dione	CC(C)(C)C1=CC2(CCC(=O)O2)C=C(C1=O)C(C)(C)C	3.800	545303	COCONUT:(CNP0177905);NORMAN:(NS00010828);PUBCHEMANNOTATIONSAFETYANDTOXIC:(null);CHEBI:(88174);SUPERNATURAL:(SN0479847);PUBCHEM:(545303);DSSTox:(DTXSID60337884);LOTUS:(Q27160100)	137777905698	277.180	906	15.106	857348467862093990	857336469339263884	857336469339263883	17673	
1	1	0.436	0.750	-103.922		1.000	46.317	C15H31NO2	[M + H]+	C15H32NO2+	AEDQNOLIADXSBB	InChI=1S/C15H31NO2/c1-2-3-4-5-6-7-8-9-10-11-13-16-14-12-15(17)18/h16H,2-14H2,1H3,(H,17,18)	beta-Alanine, N-dodecyl-	CCCCCCCCCCCCNCCC(=O)O	2.600	22023815;59269989;15099;122367196	NORMAN:(NS00013545 NS00083434 NS00102512);PUBCHEMANNOTATIONSAFETYANDTOXIC:(null);PUBCHEM:(22023815 59269989 15099 122367196);DSSTox:(DTXSID4061709 DTXSID6063068);PUBMED:(null)	137506324546	258.243	908	15.131	857348467434274976	857336469393789840	857336469389595535	17657	
1	1	0.320	0.320	-72.531		1.000	23.019	C15H32O3	[M + H]+	C15H33O3+	JHLNZBMSRRDBRC	InChI=1S/C15H32O3/c1-2-3-4-5-6-7-8-9-10-12-17-14-15-18-13-11-16/h16H,2-15H2,1H3	2-(2-(Undecyloxy)ethoxy)ethanol	CCCCCCCCCCCOCCOCCO	4.064	14974009	NORMAN:(NS00076845);PUBCHEM:(14974009);DSSTox:(DTXSID101025438)	137439215618	261.243	909	15.147	857348467849511074	857336469444121492	857336469439927187	17683	
1	1	0.538	0.538	-70.687		0.999	32.821	C17H24O4	[M + H]+	C17H25O4+	RNCMBSSLYOAVRT	InChI=1S/C17H24O4/c1-13(2)9-5-3-4-8-12-21-17(20)15-11-7-6-10-14(15)16(18)19/h6-7,10-11,13H,3-5,8-9,12H2,1-2H3,(H,18,19)	Monoisononyl Phthalate	CC(C)CCCCCCOC(=O)C1=CC=CC=C1C(=O)O	4.560	148548819;110394;71313675	PUBCHEMANNOTATIONBIO:(null);COCONUT:(CNP0081926);HMDB:(HMDB0244325);BloodExposome:(110394);CHEBI:(132593);SUPERNATURAL:(SN0329921);MESH:(110394);PUBCHEM:(148548819 110394 71313675);DSSTox:(DTXSID401173997 DTXSID80910057);PUBMED:(null)	137463070830	293.175	912	15.204	857348471855071452	857336469494453144	857336469494453143	17760	
1	1	0.228	0.228	-308.307		0.596	35.489	C27H29NO6	[M + H]+	C27H30NO6+	FWECLVZZSJBAKG	InChI=1S/C27H29NO6/c1-30-22-8-4-18(5-9-22)12-21(13-19-7-11-24-26(15-19)34-17-33-24)28-27(29)16-20-6-10-23(31-2)25(14-20)32-3/h4-11,14-15,21H,12-13,16-17H2,1-3H3,(H,28,29)	N-[(2S)-1-(1,3-benzodioxol-5-yl)-3-(4-methoxyphenyl)propan-2-yl]-2-(3,4-dimethoxyphenyl)acetamide	COC1=CC=C(C=C1)CC(CC2=CC3=C(C=C2)OCO3)NC(=O)CC4=CC(=C(C=C4)OC)OC	4.800	46286301;92865433;92865434	SUPERNATURAL:(SN0097157);PUBCHEM:(46286301 92865433 92865434)	1048578	464.207	916	15.263	857348495833908826	857336469548979100	857336469548979099	17810	
1	3	0.316	0.667	-33.421		0.080	45.943	C19H17O4P	[M + H]+	C19H18O4P+	XMNDMAQKWSQVOV	InChI=1S/C19H17O4P/c1-16-10-8-9-15-19(16)23-24(20,21-17-11-4-2-5-12-17)22-18-13-6-3-7-14-18/h2-15H,1H3	Cresyl diphenylphosphate	CC1=CC=CC=C1OP(=O)(OC2=CC=CC=C2)OC3=CC=CC=C3	5.300	520263	PUBCHEMANNOTATIONBIO:(null);NORMAN:(NS00019488);PUBCHEMANNOTATIONSAFETYANDTOXIC:(null);BloodExposome:(520263);HSDB:(26444-49-5);MESH:(520263);PUBCHEM:(520263);public_spectra_2506;DSSTox:(DTXSID70200530);PUBMED:(null)	146117231174	341.094	916	15.275	857348714709469984	857336469607699360	857336469603505055	17819	
1	1	0.367	0.367	-86.768		0.333	238.479	C13H14O2	[M + H]+	C13H15O2+	UVYUUQGGBNKRFU	InChI=1S/C13H14O2/c1-8(2)13-7-11-6-10(9(3)14)4-5-12(11)15-13/h4-6,13H,1,7H2,2-3H3	Tremetone	CC(=C)C1CC2=C(O1)C=CC(=C2)C(=O)C	2.900	78673;317196;12414274	PUBCHEMANNOTATIONBIO:(null);COCONUT:(CNP0256487);HMDB:(HMDB0259119);BloodExposome:(317196 78673);CHEBI:(9656);SUPERNATURAL:(SN0381591);KEGG:(C08992);MESH:(78673);PUBCHEM:(78673 317196 12414274);DSSTox:(DTXSID501031865);LOTUS:(Q18208345 Q105280200 Q105280199);PUBMED:(null);KNAPSACK:(UVYUUQGGBNKRFU-UHFFFAOYSA-N)	137731506558	203.107	920	15.330	857348725706935104	857336469666419620	857336469666419619	17899	
1	1	0.048	0.059	-92.657		1.000	164.410	C11H12O	[M + H]+	C11H13O+	SPSGCPQLOUNVMU	InChI=1S/C11H12O/c1-2-3-5-10-6-4-7-11(8-10)9-12/h2,4,6-9H,1,3,5H2	3-(But-3-en-1-yl)benzaldehyde	C=CCCC1=CC(=CC=C1)C=O	3.094	10920815	PUBCHEMANNOTATIONSAFETYANDTOXIC:(null);PUBCHEM:(10920815);DSSTox:(DTXSID40448321)	137506062338	161.096	920	15.331	857348702726342340	857336469729334184	857336469729334183	17902	
1	2	0.114	0.114	-102.418		0.500	113.471	C13H16O3	[M + C2H3N + H]+	C15H20NO3+	AYXDVJGWURPCMP	InChI=1S/C13H16O3/c1-13(2,12(14)15)9-4-3-5-11(8-9)16-10-6-7-10/h3-5,8,10H,6-7H2,1-2H3,(H,14,15)	2-(3-Cyclopropyloxyphenyl)-2-methylpropanoic acid	CC(C)(C1=CC(=CC=C1)OC2CC2)C(=O)O	2.800	114522697	PUBCHEM:(114522697)	2	262.144	920	15.332	857348711995755213	857336469788054444	857336469788054443	17904	
1	1	0.544	0.544	-98.461		1.000	121.412	C17H24O3	[M + H]+	C17H25O3+	ZTMZUYHXZPUDRF	InChI=1S/C17H24O3/c1-15(2,3)11-9-17(8-7-13(18)20-17)10-12(14(11)19)16(4,5)6/h9-10H,7-8H2,1-6H3	7,9-di-tert-butyl-1-oxaspiro[4.5]deca-6,9-diene-2,8-dione	CC(C)(C)C1=CC2(CCC(=O)O2)C=C(C1=O)C(C)(C)C	3.800	545303	COCONUT:(CNP0177905);NORMAN:(NS00010828);PUBCHEMANNOTATIONSAFETYANDTOXIC:(null);CHEBI:(88174);SUPERNATURAL:(SN0479847);PUBCHEM:(545303);DSSTox:(DTXSID60337884);LOTUS:(Q27160100)	137777905698	277.180	920	15.333	857348735802625642	857336469850969008	857336469850969007	17901	
1	1	0.503	0.503	-99.064		1.000	159.124	C16H26O2	[M + H]+	C16H27O2+	IMKJGXCIJJXALX	InChI=1S/C16H26O2/c1-14(2)7-5-8-15(3)11(14)6-9-16(4)12(15)10-13(17)18-16/h11-12H,5-10H2,1-4H3	Sclareolide	CC1(CCCC2(C1CCC3(C2CC(=O)O3)C)C)C	4.300	17751040;17037399;6542154;6604654;6931214;6931215;5340902;5341010;118328087;22850643;7035473;7067435;124087131;124426647;16759283;91747386;91747387;736005;830889;929262;143305130;143381658;143398959;24207736;2304885;11107776;11391061;45100259;98142363;10868725;61129;93968413;11736825;11870379;11870380;57508684	PUBCHEMANNOTATIONBIO:(null);HMDB:(HMDB0035293);TeroMol:(TKC103041 TKC015538 TKC103042 TKC015541 TKC103040 TKC076742);PUBCHEMANNOTATIONSAFETYANDTOXIC:(null);SUPERNATURAL:(SN0149481);MESH:(929262);FooDB:(FDB013958);PUBCHEM:(17751040 17037399 6542154 6604654 6931214 6931215 5340902 5341010 118328087 22850643 7035473 7067435 124087131 124426647 16759283 91747386 91747387 736005 830889 929262 143305130 143381658 143398959 24207736 2304885 11107776 11391061 45100259 98142363 10868725 61129 93968413 11736825 11870379 11870380 57508684);public_spectra_2506;COCONUT:(CNP0264165);NORMAN:(NS00012188);METACYC:(CPD-20589);CHEBI:(156168);DSSTox:(DTXSID50859489 DTXSID80416963 DTXSID8047686);LOTUS:(Q105115729 Q105115728 Q104397729 Q105115731);PUBCHEMANNOTATIONDRUG:(null);PUBCHEMANNOTATIONFOOD:(null);PUBMED:(null);KNAPSACK:(IMKJGXCIJJXALX-UHFFFAOYSA-N)	147097651326	251.201	923	15.391	857348705096124271	857336469909689268	857336469909689267	17985	
1	1	0.875	0.648	-47.981		1.000	6.146	C20H43N	[M + H]+	C20H44N+	BUHXFUSLEBPCEB	InChI=1S/C20H43N/c1-2-3-4-5-6-7-8-9-10-11-12-13-14-15-16-17-18-19-20-21/h2-21H2,1H3	1-Eicosanamine	CCCCCCCCCCCCCCCCCCCCN	7.724	19764366;82700	PUBCHEMANNOTATIONBIO:(null);PUBCHEM:(19764366 82700);DSSTox:(DTXSID9065108);PUBMED:(null)	137455730754	298.347	925	15.412	857348712578763549	857336469960020920	857336469960020919	18013	
1	1	0.609	0.609	-68.528		1.000	43.014	C17H24O4	[M + H]+	C17H25O4+	RNCMBSSLYOAVRT	InChI=1S/C17H24O4/c1-13(2)9-5-3-4-8-12-21-17(20)15-11-7-6-10-14(15)16(18)19/h6-7,10-11,13H,3-5,8-9,12H2,1-2H3,(H,18,19)	Monoisononyl Phthalate	CC(C)CCCCCCOC(=O)C1=CC=CC=C1C(=O)O	4.560	148548819;110394;71313675	PUBCHEMANNOTATIONBIO:(null);COCONUT:(CNP0081926);HMDB:(HMDB0244325);BloodExposome:(110394);CHEBI:(132593);SUPERNATURAL:(SN0329921);MESH:(110394);PUBCHEM:(148548819 110394 71313675);DSSTox:(DTXSID401173997 DTXSID80910057);PUBMED:(null)	137463070830	293.175	927	15.446	857348727141387100	857336470014546876	857336470014546875	18062	
1	1	0.919	0.978	-34.159		0.999	35.147	C19H20O4	[M + H]+	C19H21O4+	IRIAEXORFWYRCZ	InChI=1S/C19H20O4/c1-2-3-13-22-18(20)16-11-7-8-12-17(16)19(21)23-14-15-9-5-4-6-10-15/h4-12H,2-3,13-14H2,1H3	Sicol 160	CCCCOC(=O)C1=CC=CC=C1C(=O)OCC2=CC=CC=C2	4.540	16213880;2347	PUBCHEMANNOTATIONBIO:(null);HMDB:(HMDB0249068);PUBCHEMANNOTATIONSAFETYANDTOXIC:(null);BloodExposome:(2347);SUPERNATURAL:(SN0153253);HSDB:(85-68-7);MESH:(2347);PUBCHEM:(16213880 2347);public_spectra_2506;COCONUT:(CNP0134208);NORMAN:(NS00009734);CHEBI:(34595);KEGG:(C14211);DSSTox:(DTXSID3020205 DTXSID60584154);LOTUS:(Q414809);PUBCHEMANNOTATIONDRUG:(null);PUBMED:(null);KNAPSACK:(IRIAEXORFWYRCZ-UHFFFAOYSA-N)	146422367102	313.143	927	15.453	857348728479370086	857336470069072832	857336470064878527	18030	
1	1	0.232	0.232	-148.395		1.000	111.027	C17H32O2	[M + H]+	C17H33O2+	KMWWFKLFHOTNEH	InChI=1S/C17H32O2/c1-2-3-4-5-6-7-8-9-10-11-12-13-14-15-16-17(18)19/h2H,1,3-16H2,(H,18,19)	16-Heptadecenoic acid	C=CCCCCCCCCCCCCCCC(=O)O	6.291	40509999;152958	CHEBI:(187522);LIPIDMAPS:(LMFA01030284);MESH:(152958);PUBCHEM:(40509999 152958);DSSTox:(DTXSID60951100);PUBMED:(null)	139586437222	269.248	929	15.486	857348732824669799	857336470119404484	857336470119404483	18098	
1	1	0.414	0.414	-55.112		1.000	5.784	C21H45N	[M + H]+	C21H46N+	PDSVZUAJOIQXRK	InChI=1S/C21H46N/c1-5-6-7-8-9-10-11-12-13-14-15-16-17-18-19-20-21-22(2,3)4/h5-21H2,1-4H3/q+1	Stearyltrimethylammonium	CCCCCCCCCCCCCCCCCC[N+](C)(C)C	7.451	8156	NORMAN:(NS00005124 NS00075624 NS00081375);BloodExposome:(8156 8155);CHEBI:(81710);MESH:(8156);PUBCHEM:(8156);DSSTox:(DTXSID1026902 DTXSID40883652 DTXSID70431741 DTXSID8048078);PUBMED:(null)	137443410022	312.362	930	15.498	857348727095249755	857336470169736136	857336470169736135	18109	
1	3	0.077	0.074	-173.320		0.050	44.250	C19H19NO5S	[M + Na]+	C19H19NNaO5S+	FSQJQKYBNCIREH	InChI=1S/C19H19NO5S/c1-3-8-16(22)25-11-15(21)20-18-17(19(23)24-4-2)14(12-26-18)13-9-6-5-7-10-13/h3,5-10,12H,4,11H2,1-2H3,(H,20,21)	ethyl 2-[[2-[(E)-but-2-enoyl]oxyacetyl]amino]-4-phenylthiophene-3-carboxylate	CCOC(=O)C1=C(SC=C1C2=CC=CC=C2)NC(=O)COC(=O)C=CC	4.300	7699078	PUBCHEM:(7699078)	2	396.086	934	15.572	857348788818628253	857336470224262092	857336470224262091	18283	
1	6	0.199	0.199	-170.183		0.015	7.442	C17H29N5O	[M + K]+	C17H29KN5O+	WIGJCIURJNQSFF	InChI=1S/C17H29N5O/c1-23-14-8-20-17(18)19-7-9-21-10-12-22(13-11-21)15-16-5-3-2-4-6-16/h2-6H,7-15H2,1H3,(H3,18,19,20)	2-[2-(4-Benzylpiperazin-1-yl)ethyl]-1-(2-methoxyethyl)guanidine	COCCNC(=NCCN1CCN(CC1)CC2=CC=CC=C2)N	0.300	47083275	PUBCHEM:(47083275)	2	358.201	935	15.589	857348750235225740	857336470278788048	857336470278788047	18293	
1	1	0.456	0.456	-16.400		0.990	33.970	C7H6	[M + H]+	C7H7+	AMSMVCOBCOZLEE	InChI=1S/C7H6/c1-2-4-7-5-6(7)3-1/h1-4H,5H2	bicyclo[4.1.0]hepta-1,3,5-triene	C1C2=CC=CC=C21	1.500	138310	COCONUT:(CNP0076757);CHEBI:(189198);SUPERNATURAL:(SN0009729);PUBCHEM:(138310);DSSTox:(DTXSID50196846)	137442099234	91.054	936	15.595	857348742681284226	857336470329119700	857336470329119699	18299	
1	9	0.919	0.962	-33.001		0.000	39.186	C19H20O4	[M + H]+	C19H21O4+	IRIAEXORFWYRCZ	InChI=1S/C19H20O4/c1-2-3-13-22-18(20)16-11-7-8-12-17(16)19(21)23-14-15-9-5-4-6-10-15/h4-12H,2-3,13-14H2,1H3	Sicol 160	CCCCOC(=O)C1=CC=CC=C1C(=O)OCC2=CC=CC=C2	4.540	16213880;2347	PUBCHEMANNOTATIONBIO:(null);HMDB:(HMDB0249068);PUBCHEMANNOTATIONSAFETYANDTOXIC:(null);BloodExposome:(2347);SUPERNATURAL:(SN0153253);HSDB:(85-68-7);MESH:(2347);PUBCHEM:(16213880 2347);public_spectra_2506;COCONUT:(CNP0134208);NORMAN:(NS00009734);CHEBI:(34595);KEGG:(C14211);DSSTox:(DTXSID3020205 DTXSID60584154);LOTUS:(Q414809);PUBCHEMANNOTATIONDRUG:(null);PUBMED:(null);KNAPSACK:(IRIAEXORFWYRCZ-UHFFFAOYSA-N)	146422367102	313.143	936	15.597	857348758858714777	857336470559806424	857336470555612119	18301	
1	1	0.012	0.101	-24.151		1.000	22.882	C2H4O2	[M + K]+	C2H4KO2+	JMCRDEBJJPRTPV	InChI=1S/C2H4O2/c3-1-2-4/h1-4H	1,2-Ethenediol	C(=CO)O	-0.200	21352980;3036308;3036388;137088;57694167	PUBCHEMANNOTATIONBIO:(null);CHEBI:(183265 131198);SUPERNATURAL:(SN0169177);PUBCHEM:(21352980 3036308 3036388 137088 57694167);DSSTox:(DTXSID701314922);PUBCHEMANNOTATIONDRUG:(null)	137490333730	98.984	941	15.686	857348973040848719	857336470618526684	857336470614332379	18367	
1	1	0.892	0.892	-62.771		1.000	128.455	C18H24O2	[M + H]+	C18H25O2+	PGMHPYRIXBRRQD	InChI=1S/C18H24O2/c1-10-9-20-16(19)13-8-15-14(7-12(10)13)17(3,4)11(2)18(15,5)6/h7-8,10-11H,9H2,1-6H3	Galaxolidone	CC1COC(=O)C2=CC3=C(C=C12)C(C(C3(C)C)C)(C)C	5.000	15875406;162641494;69131857	COCONUT:(CNP0347348);NORMAN:(NS00000303);CHEBI:(83519);SUPERNATURAL:(SN0284802);PUBCHEM:(15875406 162641494 69131857);public_spectra_2506;DSSTox:(DTXSID10881089)	146032295970	273.185	943	15.722	857348982121519107	857336470677246944	857336470677246943	18470	
1	1	0.201	0.201	-156.226		0.994	16.935	C18H32O7	[M + Na]+	C18H32NaO7+	AGBVGLJAIGBYAD	InChI=1S/C18H32O7/c1-12(2)9-23-15(19)7-18(22,17(21)25-11-14(5)6)8-16(20)24-10-13(3)4/h12-14,22H,7-11H2,1-6H3	Triisobutyl citrate	CC(C)COC(=O)CC(CC(=O)OCC(C)C)(C(=O)OCC(C)C)O	3.000	113028	NORMAN:(NS00035312);PUBCHEM:(113028);DSSTox:(DTXSID60212480)	137439215618	383.204	950	15.839	857348977860105113	857336470731772900	857336470727578595	18592	
1	1	0.876	0.876	-33.610		0.994	56.707	C18H32O7	[M + H]+	C18H33O7+	ZFOZVQLOBQUTQQ	InChI=1S/C18H32O7/c1-4-7-10-23-15(19)13-18(22,17(21)25-12-9-6-3)14-16(20)24-11-8-5-2/h22H,4-14H2,1-3H3	Citroflex 4	CCCCOC(=O)CC(CC(=O)OCCCC)(C(=O)OCCCC)O	2.700	6507	PUBCHEMANNOTATIONBIO:(null);PUBCHEMANNOTATIONSAFETYANDTOXIC:(null);BloodExposome:(6507);SUPERNATURAL:(SN0469069);MESH:(6507);PUBCHEM:(6507);public_spectra_2506;COCONUT:(CNP0188526);NORMAN:(NS00009811);CHEBI:(176825);DSSTox:(DTXSID5051442);LOTUS:(Q1954892);PUBCHEMANNOTATIONFOOD:(null);PUBMED:(null)	146523029606	361.222	951	15.842	857348977776218910	857336470782104552	857336470782104551	18603	
1	5	0.040	0.040	-208.167		0.030	10.793	C21H35N5O3	[M + H]+	C21H36N5O3+	NRQCOUNJILATLT	InChI=1S/C21H35N5O3/c27-19(24-6-2-1-3-7-24)16-22-8-10-23(11-9-22)17-20(28)25-12-14-26(15-13-25)21(29)18-4-5-18/h18H,1-17H2	2-[4-[2-[4-(Cyclopropanecarbonyl)piperazin-1-yl]-2-oxoethyl]piperazin-1-yl]-1-piperidin-1-ylethanone	C1CCN(CC1)C(=O)CN2CCN(CC2)CC(=O)N3CCN(CC3)C(=O)C4CC4	-0.300	55823797	PUBCHEM:(55823797)	2	406.280	951	15.843	857348977860105127	857336470832436204	857336470832436203	18606	
1	1	0.186	0.186	-209.566		1.000	14.420	C13H27NO	[M + H]+	C13H28NO+	MDVUCWKUQNWRML	InChI=1S/C13H27NO/c1-2-3-4-5-6-7-8-9-10-11-12-13-14-15-13/h13-14H,2-12H2,1H3	(3S)-3-dodecyloxaziridine	CCCCCCCCCCCCC1NO1	5.900	146036016	PUBCHEMANNOTATIONBIO:(null);PUBCHEM:(146036016)	16777218	214.217	953	15.890	857348975939112814	857336470886962160	857336470882767855	18668	
1	1	0.129	0.129	-120.459		1.000	42.711	C17H36O4	[M + H]+	C17H37O4+	ASULYNFXTCGEAN	InChI=1S/C17H36O4/c1-2-3-4-5-6-7-8-9-10-12-19-14-16-21-17-15-20-13-11-18/h18H,2-17H2,1H3		CCCCCCCCCCCOCCOCCOCCO	3.963	10040734	NORMAN:(NS00076672);PUBCHEM:(10040734);DSSTox:(DTXSID30434657)	137439215618	305.269	960	15.996	857348977910436781	857336470937293812	857336470933099507	18791	
1	1	0.185	0.185	-164.707		0.985	16.866	C20H39N5	[M + H]+	C20H40N5+	YZVJFFKAKLWXOE	InChI=1S/C20H39N5/c1-2-3-4-5-6-7-8-9-10-11-12-13-14-15-16-17-18-23-19(21)25-20(22)24-18/h2-17H2,1H3,(H4,21,22,23,24,25)	6-Heptadecyl-1,3,5-triazine-2,4-diamine	CCCCCCCCCCCCCCCCCC1=NC(=NC(=N1)N)N	8.100	17329	NORMAN:(NS00027864);PUBCHEM:(17329);DSSTox:(DTXSID30179970)	137439215618	350.326	960	16.001	857348993156733375	857336470991819768	857336470991819767	18794	
1	1	0.197	0.197	-124.736		0.999	52.708	C16H14O	[M + H]+	C16H15O+	SBNTYLXCXQZVTC	InChI=1S/C16H14O/c1-2-16(17)12-7-8-15-13(10-12)9-11-5-3-4-6-14(11)15/h3-8,10H,2,9H2,1H3	1-(9H-Fluoren-2-yl)-1-propanone	CCC(=O)C1=CC2=C(C=C1)C3=CC=CC=C3C2	4.161	125176	MESH:(125176);PUBCHEM:(125176);DSSTox:(DTXSID10983552);PUBMED:(null)	137438953542	223.112	960	16.001	857349000115083898	857336471042151420	857336471042151419	18811	
1	1	0.446	0.446	-51.783		0.992	34.921	C15H32O3	[M + H]+	C15H33O3+	JHLNZBMSRRDBRC	InChI=1S/C15H32O3/c1-2-3-4-5-6-7-8-9-10-12-17-14-15-18-13-11-16/h16H,2-15H2,1H3	2-(2-(Undecyloxy)ethoxy)ethanol	CCCCCCCCCCCOCCOCCO	4.064	14974009	NORMAN:(NS00076845);PUBCHEM:(14974009);DSSTox:(DTXSID101025438)	137439215618	261.243	971	16.182	857348986491984268	857336471092483072	857336471092483071	19072	
1	1	0.241	0.241	-115.777		1.000	41.830	C17H36O4	[M + H]+	C17H37O4+	ASULYNFXTCGEAN	InChI=1S/C17H36O4/c1-2-3-4-5-6-7-8-9-10-12-19-14-16-21-17-15-20-13-11-18/h18H,2-17H2,1H3		CCCCCCCCCCCOCCOCCOCCO	3.963	10040734	NORMAN:(NS00076672);PUBCHEM:(10040734);DSSTox:(DTXSID30434657)	137439215618	305.269	972	16.197	857348990413658531	857336471142814724	857336471142814723	19117	
1	2	0.087	0.087	-240.940		0.378	21.592	C19H36N8O4	[M + H]+	C19H37N8O4+	QJVLZMTWEITNRA	InChI=1S/C19H36N8O4/c28-16-14-17(29)25-10-12-26(11-1-2-20-5-7-23-16)27-13-9-22-4-3-21-6-8-24-18(30)15-19(27)31/h20-22H,1-15H2,(H,23,28)(H,24,30)(H,25,29)	1-(11,13-Dioxo-1,4,7,10-tetrazacyclotridec-1-yl)-1,4,8,11-tetrazacyclotetradecane-5,7-dione	C1CNCCNC(=O)CC(=O)NCCN(C1)N2CCNCCNCCNC(=O)CC2=O	-3.200	91127047	PUBCHEM:(91127047)	2	441.295	973	16.214	857348988056459674	857336471247672332	857336471247672331	19173	
1	1	0.328	0.428	-155.752		0.867	9.134	C18H36O5	[M + H3N + H]+	C18H40NO5+	OISFHODBOQNZAG	InChI=1S/C18H36O5/c19-15-11-7-2-1-4-8-12-16(20)17(21)13-9-5-3-6-10-14-18(22)23/h16-17,19-21H,1-15H2,(H,22,23)	9,10,18-trihydroxyoctadecanoic acid	C(CCCCO)CCCC(C(CCCCCCCC(=O)O)O)O	3.600	16061047;5282938;20054998;25200590;12144794;12311165	PUBCHEMANNOTATIONBIO:(null);HMDB:(HMDB0034295);BloodExposome:(5282938);LIPIDMAPS:(LMFA02000005 LMFA02000006 LMFA02000147);SUPERNATURAL:(SN0266525);FooDB:(FDB012635);PUBCHEM:(16061047 5282938 20054998 25200590 12144794 12311165);COCONUT:(CNP0278599);METACYC:(91018-TRIHYDROXYSTEARATE);PLANTCYC:(91018-TRIHYDROXYSTEARATE);CHEBI:(133325 185070 185073);KEGG:(C19621);DSSTox:(DTXSID001219810 DTXSID60415257);LOTUS:(Q27287861 Q53679584 Q105192731);PUBCHEMANNOTATIONDRUG:(null);PUBMED:(null);KNAPSACK:(OISFHODBOQNZAG-UHFFFAOYSA-N)	140449548666	350.290	977	16.291	857348988010322319	857336471423833112	857336471423833111	19285	
1	1	0.279	0.172	-104.157		1.000	73.173	C18H36O5	[M + H]+	C18H37O5+	DJKUVMZEGIWUTP	InChI=1S/C18H36O5/c1-2-3-4-8-11-15(19)14-17(21)16(20)12-9-6-5-7-10-13-18(22)23/h15-17,19-21H,2-14H2,1H3,(H,22,23)	9,10,12-trihydroxyoctadecanoic acid	CCCCCCC(CC(C(CCCCCCCC(=O)O)O)O)O	3.800	4252742;40471259;40471261;40471263;40471265;16395971;124308147;124308148;74686305	COCONUT:(CNP0363949);SUPERNATURAL:(SN0067371);PUBCHEM:(4252742 40471259 40471261 40471263 40471265 16395971 124308147 124308148 74686305);DSSTox:(DTXSID60401256);PUBMED:(null)	137442099266	333.264	978	16.296	857348997111962062	857336471474164764	857336471474164763	19292	
1	1	0.464	0.464	-68.499		1.000	93.412	C16H32O4	[M + H]+	C16H33O4+	OUNZARDETXBPIX	InChI=1S/C16H32O4/c1-2-3-4-5-6-7-8-9-10-11-12-19-13-14-20-15-16(17)18/h2-15H2,1H3,(H,17,18)	Laureth-7 carboxylic acid	CCCCCCCCCCCCOCCOCC(=O)O	5.100	154267	NORMAN:(NS00013825);PUBCHEMANNOTATIONSAFETYANDTOXIC:(null);PUBCHEM:(154267);DSSTox:(DTXSID401012018 DTXSID70181754)	137506324482	289.237	979	16.321	857348992129128885	857336471532885024	857336471532885023	19322	
1	1	0.411	0.531	-117.248		0.980	25.597	C16H32O4	[M + Na]+	C16H32NaO4+	IGEZKJDTCCZVOD	InChI=1S/C16H32O4/c1-14(17)11-9-7-5-3-2-4-6-8-10-12-15(18)13-16(19)20/h14-15,17-18H,2-13H2,1H3,(H,19,20)	3,15-dihydroxyhexadecanoic acid	CC(CCCCCCCCCCCC(CC(=O)O)O)O	4.100	86289836;102571601;100641812;100641827;100641841	COCONUT:(CNP0272419);CHEBI:(79248);SUPERNATURAL:(SN0144830);PUBCHEM:(86289836 102571601 100641812 100641827 100641841);public_spectra_2506;GNPS:(CCMSLIB00000848391)	8593084450	311.219	979	16.322	857349024622409426	857336471587410980	857336471587410979	19314	
1	1	-Infinity	-Infinity	-101.725		0.931	69.232	C10H23N6	[M + H]+	C10H24N6+	GSLWUXOBZWZBCL	InChI=1S/C10H23N6/c1-13(2)9(14(3)4)11-12-10(15(5)6)16(7)8/h1H2,2-8H3/p+1		CN(C)C(=[N+](C)C)NN=C(N(C)C)N(C)[CH2]	-0.400	138982260	PUBCHEM:(138982260)	2	228.204	980	16.329	857349025087977419	857336471650325544	857336471650325543	19312	
1	1	0.077	0.077	-265.158		0.979	73.974	C39H72O13	[M + H]+	C39H73O13+	FJIUMEQRFWQTFF	InChI=1S/C39H72O13/c1-4-35(27-47-10-8-40,28-48-11-9-41)29-49-12-13-51-52-26-34(3)18-36(23-43)6-5-7-37(19-34,20-36)30-50-32(46)31-14-38(24-44)16-33(2,22-42)17-39(15-31,21-38)25-45/h31-32,40-46H,4-30H2,1-3H3	2-[2-(2-Hydroxyethoxymethyl)-2-[2-[[1-(hydroxymethyl)-5-[[hydroxy-[1,5,7-tris(hydroxymethyl)-7-methyl-3-bicyclo[3.3.1]nonanyl]methoxy]methyl]-3-methyl-3-bicyclo[3.3.1]nonanyl]methylperoxy]ethoxymethyl]butoxy]ethanol	CCC(COCCO)(COCCO)COCCOOCC1(CC2(CCCC(C1)(C2)COC(C3CC4(CC(CC(C3)(C4)CO)(C)CO)CO)O)CO)C	1.200	138579872	PUBCHEM:(138579872)	2	749.504	980	16.331	857349119774392008	857336471704851500	857336471704851499	19333	
1	1	0.347	0.347	-104.729		1.000	71.432	C14H26O2	[M + H]+	C14H27O2+	JMAUQQIVJIRNDQ	InChI=1S/C14H26O2/c1-2-3-4-5-6-7-12-8-10-13(11-9-12)14(15)16/h12-13H,2-11H2,1H3,(H,15,16)	4-Heptylcyclohexanecarboxylic acid	CCCCCCCC1CCC(CC1)C(=O)O	5.400	217398;18649629	PUBCHEMANNOTATIONSAFETYANDTOXIC:(null);PUBCHEM:(217398 18649629);DSSTox:(DTXSID10959212)	137506062338	227.201	981	16.348	857349114682506950	857336471763571760	857336471763571759	19437	
1	1	0.493	0.642	-125.434		1.000	127.535	C19H38O4	[M - H2O + H]+	C19H37O3+	QHZLMUACJMDIAE	InChI=1S/C19H38O4/c1-2-3-4-5-6-7-8-9-10-11-12-13-14-15-19(22)23-17-18(21)16-20/h18,20-21H,2-17H2,1H3	Monopalmitin	CCCCCCCCCCCCCCCC(=O)OCC(CO)O	5.566	3084463;54229153;11359451;14900;57694152	PUBCHEMANNOTATIONBIO:(null);HMDB:(HMDB0011564 HMDB0245964);MiMeDB:(MMDBc0000667 MMDBc0034221);PUBCHEMANNOTATIONSAFETYANDTOXIC:(null);BloodExposome:(14900 11359451 3084463);LIPIDMAPS:(LMGL01010001 LMGL01010009);SUPERNATURAL:(SN0305940);MESH:(14900 3084463 11359451);FooDB:(FDB003076 FDB028277);PUBCHEM:(3084463 54229153 11359451 14900 57694152);public_spectra_2506;GNPS:(CCMSLIB00000849056);COCONUT:(CNP0138044);NORMAN:(NS00010577 NS00087852);METACYC:(CPD-8508);CHEBI:(69081 75542 64757 75811);DSSTox:(DTXSID00891470 DTXSID701313712);LOTUS:(Q27887716 Q27105048 Q27133404);YMDB:(YMDB02313);PUBCHEMANNOTATIONDRUG:(null);PUBCHEMANNOTATIONFOOD:(null);PUBMED:(null);KNAPSACK:(QHZLMUACJMDIAE-UHFFFAOYSA-N)	150314752126	313.274	981	16.353	857349024890844892	857336471813903412	857336471813903411	19366	
1	6	0.260	0.260	-216.716		0.059	11.979	C25H23N3O3	[M + H]+	C25H24N3O3+	DOFQMACZTKAPFS	InChI=1S/C25H23N3O3/c1-17-25(30)28(23-6-4-3-5-22(23)27-17)16-19-7-11-20(12-8-19)24(29)26-15-18-9-13-21(31-2)14-10-18/h3-14H,15-16H2,1-2H3,(H,26,29)	N-(4-methoxybenzyl)-4-[(3-methyl-2-oxoquinoxalin-1(2H)-yl)methyl]benzamide	CC1=NC2=CC=CC=C2N(C1=O)CC3=CC=C(C=C3)C(=O)NCC4=CC=C(C=C4)OC	3.100	46324659	SUPERNATURAL:(SN0070975);PUBCHEM:(46324659)	1048578	414.183	993	16.556	857349147251277527	857336471868429368	857336471868429367	19610	
1	5	0.018	0.018	-260.525		0.002	49.153	C23H16N2O3	[M + H]+	C23H17N2O3+	ULTANAZJHNQODR	InChI=1S/C23H16N2O3/c26-22-20(14-16-8-3-1-4-9-16)24-21(17-10-5-2-6-11-17)25(22)19-13-7-12-18(15-19)23(27)28/h1-15H,(H,27,28)	3-[5-oxo-2-phenyl-4-(phenylmethylidene)-4,5-dihydro-1H-imidazol-1-yl]benzoic acid	C1=CC=C(C=C1)C=C2C(=O)N(C(=N2)C3=CC=CC=C3)C4=CC=CC(=C4)C(=O)O	4.300	1573127;1573128;1573130;1573131;3730475	COCONUT:(CNP0132284);SUPERNATURAL:(SN0373790);PUBCHEM:(1573127 1573128 1573130 1573131 3730475)	3145730	369.125	994	16.558	857349077533556416	857336471918761020	857336471918761019	19614	
1	1	0.153	0.153	-171.703		0.997	67.196	C21H36O4	[M + H3N + H]+	C21H40NO4+	SHOFERKZKPIVEA	InChI=1S/C21H36O4/c1-4-6-8-10-11-12-14-16-19(15-13-9-7-5-2)25-20(22)17-18(3)21(23)24/h5,7,17,19H,4,6,8-16H2,1-3H3,(H,23,24)	4-Hexadec-2-en-7-yloxy-2-methyl-4-oxobut-2-enoic acid	CCCCCCCCCC(CCCC=CC)OC(=O)C=C(C)C(=O)O	6.900	6444276;197573	CHEBI:(189298);SUPERNATURAL:(SN0345740);MESH:(6444276);PUBCHEM:(6444276 197573);LOTUS:(Q105253095);PUBMED:(null)	269484134	370.295	997	16.615	857349497681183455	857336471969092672	857336471969092671	19701	
1	1	0.103	0.103	-175.875		1.000	81.517	C23H40O5	[M + H]+	C23H41O5+	UTXPMECBRCEYCI	InChI=1S/C23H40O5/c1-2-3-4-5-6-7-8-9-22-10-12-23(13-11-22)28-21-20-27-19-18-26-17-16-25-15-14-24/h10-13,24H,2-9,14-21H2,1H3	Ethanol, 2-[2-[2-[2-(4-nonylphenoxy)ethoxy]ethoxy]ethoxy]-	CCCCCCCCCC1=CC=C(C=C1)OCCOCCOCCOCCO	5.400	81745	NORMAN:(NS00013900);PUBCHEMANNOTATIONSAFETYANDTOXIC:(null);PUBCHEM:(81745);DSSTox:(DTXSID0064624)	137506324482	397.295	997	16.616	857349503960056557	857336472015230020	857336472015230019	19695	
1	1	0.188	0.188	-182.478		1.000	71.069	C23H40O5	[M + H3N + H]+	C23H44NO5+	UTXPMECBRCEYCI	InChI=1S/C23H40O5/c1-2-3-4-5-6-7-8-9-22-10-12-23(13-11-22)28-21-20-27-19-18-26-17-16-25-15-14-24/h10-13,24H,2-9,14-21H2,1H3	Ethanol, 2-[2-[2-[2-(4-nonylphenoxy)ethoxy]ethoxy]ethoxy]-	CCCCCCCCCC1=CC=C(C=C1)OCCOCCOCCOCCO	5.400	81745	NORMAN:(NS00013900);PUBCHEMANNOTATIONSAFETYANDTOXIC:(null);PUBCHEM:(81745);DSSTox:(DTXSID0064624)	137506324482	414.321	997	16.620	857349508145971970	857336472061367368	857336472061367367	19702	
1	1	0.035	0.035	-289.030		0.994	29.033	C20H28O5	[M + H]+	C20H29O5+	JDJKAUSVESMORO	InChI=1S/C20H28O5/c1-15(7-4-10-17(3)14-21)8-5-11-18(20(24)25)12-6-9-16(2)13-19(22)23/h8,10,12-14H,4-7,9,11H2,1-3H3,(H,22,23)(H,24,25)		CC(=CCCC(=CCCC(=CC(=O)O)C)C(=O)O)CCC=C(C)C=O	4.479		TeroMol:(TKC009156)	8388608	349.201	1008	16.807	857349508087251704	857336472111699020	857336472111699019	19916	
1	11	0.509	0.509	-25.875		0.000	47.339	C21H21O4P	[M + H]+	C21H22O4P+	RMLPZKRPSQVRAB	InChI=1S/C21H21O4P/c1-16-7-4-10-19(13-16)23-26(22,24-20-11-5-8-17(2)14-20)25-21-12-6-9-18(3)15-21/h4-15H,1-3H3	Tri-m-tolyl phosphate	CC1=CC(=CC=C1)OP(=O)(OC2=CC=CC(=C2)C)OC3=CC=CC(=C3)C	6.100	11232	NORMAN:(NS00009117);PUBCHEMANNOTATIONSAFETYANDTOXIC:(null);HSDB:(563-04-2);PUBCHEM:(11232);public_spectra_2506;DSSTox:(DTXSID4026216);PUBCHEMANNOTATIONDRUG:(null)	146129814018	369.125	1009	16.812	857349524780583990	857336472157836368	857336472157836367	19920	
1	1	0.066	0.066	-15.868		1.000	17.229	CH4O2Si	[M + K]+	CH4KO2Si+	HCVRBNOJROSOLX	InChI=1S/CH4O2Si/c1-4(2)3/h2-3H,1H2	Methylidenesilanediol	C=[Si](O)O	-0.296	71380557	PUBCHEM:(71380557);DSSTox:(DTXSID90803067)	137438953474	114.961	1016	16.931	857349502835983081	857336472212362324	857336472212362323	20080	
1	1	0.027	0.027	-349.590		0.496	9.047	C21H35NS	[M + Na]+	C21H35NNaS+	LDXBFVBHWPZYCS	InChI=1S/C21H35NS/c1-2-3-4-5-8-17-10-11-18-9-6-7-13-21(18)14-12-19(23-16-22)15-20(17)21/h17-20H,2-15H2,1H3		CCCCCCC1CCC2CCCCC23C1CC(CC3)SC#N	8.800	163110715;163110716	COCONUT:(CNP0431031);SUPERNATURAL:(SN0202814);PUBCHEM:(163110715 163110716)	3145730	356.238	1016	16.935	857349510192792699	857336472266888280	857336472266888279	20086	
1	3	0.052	0.052	-100.412		0.003	33.271	C24H22	[M + H]+	C24H23+	DYFRRSQQUPBIIX	InChI=1S/C24H22/c1-15-13-14-16(2)22-21(15)23(3)17-9-5-7-11-19(17)24(22,4)20-12-8-6-10-18(20)23/h5-14H,1-4H3	1,3,6,8-tetramethylpentacyclo[6.6.6.0²,⁷.0⁹,¹⁴.0¹⁵,²⁰]icosa-2,4,6,9,11,13,15,17,19-nonaene	CC1=C2C(=C(C=C1)C)C3(C4=CC=CC=C4C2(C5=CC=CC=C53)C)C	6.600	2751887	COCONUT:(CNP0132050);PUBCHEM:(2751887)	2097154	311.180	1016	16.937	857349521261561388	857336472317219932	857336472317219931	20092	
1	1	0.240	0.240	-98.779		1.000	77.347	C17H16O	[M + H]+	C17H17O+	AAOLGDRTKZMLIG	InChI=1S/C17H16O/c1-13(12-14(2)18)15-8-10-17(11-9-15)16-6-4-3-5-7-16/h3-12H,1-2H3	4-{[1,1'-biphenyl]-4-yl}pent-3-en-2-one	CC(=CC(=O)C)C1=CC=C(C=C1)C2=CC=CC=C2	4.300	20528562;5705661;2753077	COCONUT:(CNP0024448);PUBCHEM:(20528562 5705661 2753077);DSSTox:(DTXSID901023979)	137441050626	237.127	1017	16.956	857349522696013364	857336472367551584	857336472367551583	20119	
1	1	0.423	0.423	-154.857		0.541	9.579	C21H41N5	[M + H]+	C21H42N5+	PUNBNIKEWSXOSK	InChI=1S/C21H41N5/c1-2-3-4-5-6-7-8-9-10-11-12-13-14-15-16-17-18-19-24-20(22)26-21(23)25-19/h2-18H2,1H3,(H4,22,23,24,25,26)	6-Octadecyl-1,3,5-triazine-2,4-diamine	CCCCCCCCCCCCCCCCCCC1=NC(=NC(=N1)N)N	8.600	154108733	PUBCHEM:(154108733)	2	364.342	1018	16.974	857349521244784162	857336472422077540	857336472417883235	20256	
1	1	0.024	0.024	-160.080		0.557	51.200	C36H74O13	[M + H]+	C36H75O13+	XUAGABNXLLHNRF	InChI=1S/C36H74O13/c1-25(38)14-39-27(3)16-41-29(5)18-43-31(7)20-45-33(9)22-47-35(11)24-49-36(12)23-48-34(10)21-46-32(8)19-44-30(6)17-42-28(4)15-40-26(2)13-37/h25-38H,13-24H2,1-12H3	Dodecapropylene glycol	CC(CO)OCC(C)OCC(C)OCC(C)OCC(C)OCC(C)OCC(C)OCC(C)OCC(C)OCC(C)OCC(C)OCC(C)O	3.605	14274838	NORMAN:(NS00067045);SUPERNATURAL:(SN0440095);PUBCHEM:(14274838);DSSTox:(DTXSID20903908)	137440264194	715.520	1019	16.978	857349761775539851	857336472468214888	857336472468214887	20148	
1	1	0.106	0.106	-79.734		1.000	41.948	C17H36O3	[M + H]+	C17H37O3+	RTRMBXZHMWADJB	InChI=1S/C17H36O3/c1-2-3-4-5-6-7-8-9-10-11-12-14-19-16-17-20-15-13-18/h18H,2-17H2,1H3	Ethanol, 2-(2-(tridecyloxy)ethoxy)-	CCCCCCCCCCCCCOCCOCCO	4.963	84582	NORMAN:(NS00076863);PUBCHEM:(84582);DSSTox:(DTXSID0065804)	137439215618	289.274	1024	17.064	857349779630691990	857336472518546540	857336472518546539	20281	
1	2	0.154	0.154	-115.963		0.498	36.021	C17H36O2	[M + CH2O2 + H]+	C18H39O4+	VZXORAZVOZRPBU	InChI=1S/C17H36O2/c1-2-3-4-5-6-7-8-9-10-11-12-13-14-16-19-17-15-18/h18H,2-17H2,1H3	Pentadecyl ethyleneglycol monoether	CCCCCCCCCCCCCCCOCCO	5.962	51143	NORMAN:(NS00037094);PUBCHEMANNOTATIONSAFETYANDTOXIC:(null);PUBCHEM:(51143);DSSTox:(DTXSID70220975)	137506324482	319.284	1024	17.075	857349781530711708	857336472577266800	857336472573072495	20296	
1	1	0.059	0.059	-52.613		1.000	13.870	C14H32Si	[M + H]+	C14H33Si+	DPTGHPOMLJLYNL	InChI=1S/C14H32Si/c1-4-7-10-11-14-15(12-8-5-2)13-9-6-3/h15H,4-14H2,1-3H3	Dibutyl(hexyl)silane	CCCCCC[SiH](CCCC)CCCC	6.145	123774823	PUBCHEM:(123774823)	2	229.236	1028	17.126	857349812593738373	857336472627598452	857336472627598451	20360	
1	1	0.253	0.253	-132.336		1.000	50.749	C14H29NO	[M + H]+	C14H30NO+	JPDCAAMJJHFYPK	InChI=1S/C14H29NO/c1-2-3-4-5-6-7-8-9-10-11-12-14(16)13-15/h2-13,15H2,1H3	1-Aminotetradecanone	CCCCCCCCCCCCC(=O)CN	4.047	16205243	NORMAN:(NS00062269);PUBCHEM:(16205243);DSSTox:(DTXSID60991768)	137439215618	228.232	1028	17.127	857349811415138073	857336472682124408	857336472682124407	20352	
1	1	0.383	0.383	-116.168		1.000	82.936	C16H24O7	[M + H]+	C16H25O7+	OYZQTPGGTUFMAS	InChI=1S/C16H24O7/c1-5-15(4,8-6-7-11(2)3)23-13(19)10-16(22,14(20)21)9-12(17)18/h5,7,22H,1,6,8-10H2,2-4H3,(H,17,18)(H,20,21)	2-[2-(3,7-Dimethylocta-1,6-dien-3-yloxy)-2-oxoethyl]-2-hydroxybutanedioic acid	CC(=CCCC(C)(C=C)OC(=O)CC(CC(=O)O)(C(=O)O)O)C	1.500	54176851	PUBCHEM:(54176851)	2	329.159	1029	17.156	857349834177627844	857336472736650364	857336472736650363	20412	
1	1	0.536	0.536	-130.528		0.998	66.603	C22H41NO8	[M + H]+	C22H42NO8+	AGLASZLADDHYAZ	InChI=1S/C22H41NO8/c1-20(2,3)29-17(24)10-12-27-14-16(23-19(26)31-22(7,8)9)15-28-13-11-18(25)30-21(4,5)6/h16H,10-15H2,1-9H3,(H,23,26)	2-(t-Butoxycarbonylamido)-1,3-bis (t-butoxycarbonylethoxy)propane	CC(C)(C)OC(=O)CCOCC(COCCC(=O)OC(C)(C)C)NC(=O)OC(C)(C)C	2.300	91757803	PUBCHEM:(91757803);DSSTox:(DTXSID601103289)	137438953474	448.291	1029	17.156	857349812723762151	857336472786982016	857336472786982015	20399	
1	1	0.682	0.727	-109.117		0.942	40.170	C20H34O8	[M + Na]+	C20H34NaO8+	QZCLKYGREBVARF	InChI=1S/C20H34O8/c1-5-8-11-25-17(22)14-20(28-16(4)21,19(24)27-13-10-7-3)15-18(23)26-12-9-6-2/h5-15H2,1-4H3	Blo-trol	CCCCOC(=O)CC(CC(=O)OCCCC)(C(=O)OCCCC)OC(=O)C	3.300	71752690;6505	PUBCHEMANNOTATIONBIO:(null);HMDB:(HMDB0034159);PUBCHEMANNOTATIONSAFETYANDTOXIC:(null);BloodExposome:(6505);SUPERNATURAL:(SN0319099);HSDB:(77-90-7);MESH:(6505);FooDB:(FDB012444);PUBCHEM:(71752690 6505);public_spectra_2506;COCONUT:(CNP0120807);NORMAN:(NS00010307);CHEBI:(168067);DSSTox:(DTXSID2026446);PUBCHEMANNOTATIONDRUG:(null);PUBCHEMANNOTATIONFOOD:(null);PUBMED:(null)	146825020014	425.215	1029	17.157	857349829509367165	857336472845702276	857336472845702275	20414	
1	1	0.868	0.868	-33.503		0.497	57.119	C18H32O7	[M + H]+	C18H33O7+	ZFOZVQLOBQUTQQ	InChI=1S/C18H32O7/c1-4-7-10-23-15(19)13-18(22,17(21)25-12-9-6-3)14-16(20)24-11-8-5-2/h22H,4-14H2,1-3H3	Citroflex 4	CCCCOC(=O)CC(CC(=O)OCCCC)(C(=O)OCCCC)O	2.700	6507	PUBCHEMANNOTATIONBIO:(null);PUBCHEMANNOTATIONSAFETYANDTOXIC:(null);BloodExposome:(6507);SUPERNATURAL:(SN0469069);MESH:(6507);PUBCHEM:(6507);public_spectra_2506;COCONUT:(CNP0188526);NORMAN:(NS00009811);CHEBI:(176825);DSSTox:(DTXSID5051442);LOTUS:(Q1954892);PUBCHEMANNOTATIONFOOD:(null);PUBMED:(null)	146523029606	361.222	1029	17.157	857349812719567834	857336472896033928	857336472896033927	20422	
1	1	0.924	0.924	-16.204		1.000	64.755	C20H34O8	[M + H]+	C20H35O8+	QZCLKYGREBVARF	InChI=1S/C20H34O8/c1-5-8-11-25-17(22)14-20(28-16(4)21,19(24)27-13-10-7-3)15-18(23)26-12-9-6-2/h5-15H2,1-4H3	Blo-trol	CCCCOC(=O)CC(CC(=O)OCCCC)(C(=O)OCCCC)OC(=O)C	3.300	71752690;6505	PUBCHEMANNOTATIONBIO:(null);HMDB:(HMDB0034159);PUBCHEMANNOTATIONSAFETYANDTOXIC:(null);BloodExposome:(6505);SUPERNATURAL:(SN0319099);HSDB:(77-90-7);MESH:(6505);FooDB:(FDB012444);PUBCHEM:(71752690 6505);public_spectra_2506;COCONUT:(CNP0120807);NORMAN:(NS00010307);CHEBI:(168067);DSSTox:(DTXSID2026446);PUBCHEMANNOTATIONDRUG:(null);PUBCHEMANNOTATIONFOOD:(null);PUBMED:(null)	146825020014	403.233	1029	17.158	857349915165472160	857336472950559884	857336472950559883	20420	
1	1	0.109	0.109	-79.014		1.000	44.604	C17H36O3	[M + H]+	C17H37O3+	RTRMBXZHMWADJB	InChI=1S/C17H36O3/c1-2-3-4-5-6-7-8-9-10-11-12-14-19-16-17-20-15-13-18/h18H,2-17H2,1H3	Ethanol, 2-(2-(tridecyloxy)ethoxy)-	CCCCCCCCCCCCCOCCOCCO	4.963	84582	NORMAN:(NS00076863);PUBCHEM:(84582);DSSTox:(DTXSID0065804)	137439215618	289.274	1034	17.230	857349910644012401	857336473063806100	857336473063806099	20500	
1	1	0.174	0.141	-137.527		1.000	46.865	C15H31NO	[M + H]+	C15H32NO+	RQGCQWARLQDMCZ	InChI=1S/C15H31NO/c1-2-3-4-5-6-7-8-9-10-11-12-13-14-15(16)17/h2-14H2,1H3,(H2,16,17)	pentadecanamide	CCCCCCCCCCCCCCC(=O)N	5.228	149252400;13296099	COCONUT:(CNP0205548);SUPERNATURAL:(SN0332308);PUBCHEM:(149252400 13296099);DSSTox:(DTXSID00959327)	137442099202	242.248	1035	17.255	857349910597875046	857336473118332056	857336473114137751	20545	
1	1	0.196	0.196	-190.745		0.942	24.944	C15H32N4O2	[M + Na]+	C15H32N4NaO2+	LOTFQEWGMVLSQY	InChI=1S/C15H32N4O2/c1-2-3-4-5-6-7-8-9-10-11-12-13(14(20)18-16)15(21)19-17/h13H,2-12,16-17H2,1H3,(H,18,20)(H,19,21)	2-Dodecylpropanedihydrazide	CCCCCCCCCCCCC(C(=O)NN)C(=O)NN	3.800	23035587	PUBCHEM:(23035587)	2	323.235	1049	17.476	857349917497505197	857336473214801056	857336473214801055	20856	
1	1	0.315	0.315	-117.976		1.000	61.591	C17H32O3	[M + H]+	C17H33O3+	OHLQBKZXSJYBMK	InChI=1S/C17H32O3/c1-2-3-4-5-6-7-8-9-10-11-12-13-16(19)14-17(20)15-18/h1,16-20H,3-15H2	Avocadyne	C#CCCCCCCCCCCCC(CC(CO)O)O	4.300	14630628;14630627;14630629;14630630;3015189	PUBCHEMANNOTATIONBIO:(null);HMDB:(HMDB0035473);LIPIDMAPS:(LMFA05000643);SUPERNATURAL:(SN0265539);MESH:(3015189);FooDB:(FDB014158);PUBCHEM:(14630628 14630627 14630629 14630630 3015189);public_spectra_2506;COCONUT:(CNP0114093);NORMAN:(NS00097471);CHEBI:(168507);DSSTox:(DTXSID201273583 DTXSID20947504 DTXSID401298181);LOTUS:(Q105192137);PUBCHEMANNOTATIONDRUG:(null);PUBMED:(null)	149035417710	285.242	1049	17.479	857349915018671513	857336473265132708	857336473265132707	20859	
1	1	0.519	0.757	-45.581		1.000	62.545	C12H14O4	[M + H]+	C12H15O4+	YZBOVSFWWNVKRJ	InChI=1S/C12H14O4/c1-2-3-8-16-12(15)10-7-5-4-6-9(10)11(13)14/h4-7H,2-3,8H2,1H3,(H,13,14)	monobutyl ester	CCCCOC(=O)C1=CC=CC=C1C(=O)O	2.533	21584886;162055145;101678631;101678632;141505801;71750779;8575	PUBCHEMANNOTATIONBIO:(null);HMDB:(HMDB0013247);PUBCHEMANNOTATIONSAFETYANDTOXIC:(null);BloodExposome:(21584886 8575);SUPERNATURAL:(SN0464122);MESH:(8575);FooDB:(FDB012951);PUBCHEM:(21584886 162055145 101678631 101678632 141505801 71750779 8575);public_spectra_2506;COCONUT:(CNP0257384);NORMAN:(NS00006195);CHEBI:(88522);DSSTox:(DTXSID00858129 DTXSID00996712 DTXSID4040002);LOTUS:(Q26841330);PUBCHEMANNOTATIONDRUG:(null);PUBMED:(null)	146959237230	223.097	1052	17.540	857349927299593722	857336473315464360	857336473315464359	20933	
1	1	0.300	0.300	-147.044		1.000	41.806	C16H33NO	[M + H]+	C16H34NO+	FQXSTGKJHBFSIQ	InChI=1S/C16H33NO/c1-4-5-6-7-8-9-10-11-12-13-14-15-16(18)17(2)3/h4-15H2,1-3H3	Dimethyl(tetradecanoyl)azanium	CCCCCCCCCCCCCC(=O)N(C)C	5.397	153806721;76388	NORMAN:(NS00028867);PUBCHEMANNOTATIONSAFETYANDTOXIC:(null);CHEBI:(146190);PUBCHEM:(153806721 76388);DSSTox:(DTXSID8062787);PUBMED:(null)	137506324578	256.264	1056	17.603	857349928725657093	857336473361601708	857336473361601707	21087	
1	1	0.164	0.164	-77.990		0.500	58.074	C17H36O3	[M + H]+	C17H37O3+	RTRMBXZHMWADJB	InChI=1S/C17H36O3/c1-2-3-4-5-6-7-8-9-10-11-12-14-19-16-17-20-15-13-18/h18H,2-17H2,1H3	Ethanol, 2-(2-(tridecyloxy)ethoxy)-	CCCCCCCCCCCCCOCCOCCO	4.963	84582	NORMAN:(NS00076863);PUBCHEM:(84582);DSSTox:(DTXSID0065804)	137439215618	289.274	1058	17.630	857349914511160720	857336473416127664	857336473411933359	21028	
1	2	0.173	0.173	-266.635		0.096	37.821	C19H29N3O7S	[M + Na]+	C19H29N3NaO7S+	BBSLHFGFTRBGNX	InChI=1S/C19H29N3O7S/c1-16-2-4-17(5-3-16)30(25,26)22-8-12-28-14-18(23)20-6-10-27-11-7-21-19(24)15-29-13-9-22/h2-5H,6-15H2,1H3,(H,20,23)(H,21,24)	16-(4-methylbenzenesulfonyl)-1,7,13-trioxa-4,10,16-triazacyclooctadecane-3,11-dione	CC1=CC=C(C=C1)S(=O)(=O)N2CCOCC(=O)NCCOCCNC(=O)COCC2	-0.500	654766	COCONUT:(CNP0022447);PUBCHEM:(654766);PUBMED:(null)	2097218	466.162	1065	17.749	857349969456543405	857336473462265012	857336473462265011	21192	
1	1	0.143	0.143	-12.141		1.000	20.331	C2H4OS	[M + K]+	C2H4KOS+	SLAWTOLLPNIOGD	InChI=1S/C2H4OS/c1-2-4-3/h2-3H,1H2	Ethenesulfenic acid	C=CSO	0.500	21058388;137617	CHEBI:(183056);PUBCHEM:(21058388 137617);DSSTox:(DTXSID10179630);PUBCHEMANNOTATIONDRUG:(null)	137472507938	114.961	1068	17.797	857349924040619460	857336473508402360	857336473508402359	21258	
1	2	0.163	0.163	-117.792		0.153	28.048	C16H33ClO2S	[M + H]+	C16H34ClO2S+	YOSVFFVBSPQTTP	InChI=1S/C16H33ClO2S/c1-2-3-4-5-6-7-8-9-10-11-12-13-14-15-16-20(17,18)19/h2-16H2,1H3	hexadecane-1-sulfonyl chloride	CCCCCCCCCCCCCCCCS(=O)(=O)Cl	8.100	96923	COCONUT:(CNP0076297);NORMAN:(NS00058970);PUBCHEMANNOTATIONSAFETYANDTOXIC:(null);SUPERNATURAL:(SN0456217);MESH:(96923);PUBCHEM:(96923);DSSTox:(DTXSID2068139);LOTUS:(Q81994851);PUBMED:(null)	137777905734	325.196	1068	17.801	857349943061788287	857336473554539708	857336473554539707	21265	
1	10	0.107	0.107	-117.021		0.014	12.494	C10H24N2O6S2	[M + Na]+	C10H24N2NaO6S2+	PYIYYHOGUBXNSA	InChI=1S/C10H24N2O6S2/c1-9(2,3)11-19(13,14)17-7-8-18-20(15,16)12-10(4,5)6/h11-12H,7-8H2,1-6H3	2-(tert-butylsulfamoyloxy)ethyl N-tert-butylsulfamate	CC(C)(C)NS(=O)(=O)OCCOS(=O)(=O)NC(C)(C)C	0.500	12708926	PUBCHEM:(12708926)	2	355.097	1071	17.858	857349929967171098	857336473604871360	857336473604871359	21330	
1	1	0.767	0.878	-60.111		1.000	77.984	C17H32O3	[M + H]+	C17H33O3+	OHLQBKZXSJYBMK	InChI=1S/C17H32O3/c1-2-3-4-5-6-7-8-9-10-11-12-13-16(19)14-17(20)15-18/h1,16-20H,3-15H2	Avocadyne	C#CCCCCCCCCCCCC(CC(CO)O)O	4.300	14630628;14630627;14630629;14630630;3015189	PUBCHEMANNOTATIONBIO:(null);HMDB:(HMDB0035473);LIPIDMAPS:(LMFA05000643);SUPERNATURAL:(SN0265539);MESH:(3015189);FooDB:(FDB014158);PUBCHEM:(14630628 14630627 14630629 14630630 3015189);public_spectra_2506;COCONUT:(CNP0114093);NORMAN:(NS00097471);CHEBI:(168507);DSSTox:(DTXSID201273583 DTXSID20947504 DTXSID401298181);LOTUS:(Q105192137);PUBCHEMANNOTATIONDRUG:(null);PUBMED:(null)	149035417710	285.242	1071	17.858	857349925571540440	857336473651008708	857336473651008707	21327	
1	1	0.095	0.095	-281.572		1.000	25.587	C18H35NO	[M + H]+	C18H36NO+	JMXKCYUTURMERF	InChI=1S/C18H35NO/c1-16-14-19(15-17(2)20-16)18-12-10-8-6-4-3-5-7-9-11-13-18/h16-18H,3-15H2,1-2H3	Meltatox	CC1CN(CC(O1)C)C2CCCCCCCCCCC2	5.800	23167552;61899;13189914;13189915;11818366	COCONUT:(CNP0451715);NORMAN:(NS00010382 NS00101005);PUBCHEMANNOTATIONSAFETYANDTOXIC:(null);CHEBI:(81960);SUPERNATURAL:(SN0169756);KEGG:(C18786);MESH:(61899);PUBCHEM:(23167552 61899 13189914 13189915 11818366);public_spectra_2506;DSSTox:(DTXSID5041019);PUBCHEMANNOTATIONDRUG:(null);PUBMED:(null)	146132959590	282.279	1073	17.882	857349914976728471	857336473697146056	857336473697146055	21354	
1	1	0.609	0.609	-96.181		1.000	56.014	C18H30O6	[M + H]+	C18H31O6+	BANLNYYTSYHBAP	InChI=1S/C18H30O6/c1-4-7-10-22-16(19)13-15(18(21)24-12-9-6-3)14-17(20)23-11-8-5-2/h13H,4-12,14H2,1-3H3	1,2,3-tributyl prop-1-ene-1,2,3-tricarboxylate	CCCCOC(=O)CC(=CC(=O)OCCCC)C(=O)OCCCC	3.800	6538445;5370335;94813	COCONUT:(CNP0282524);NORMAN:(NS00047168);PUBCHEMANNOTATIONSAFETYANDTOXIC:(null);SUPERNATURAL:(SN0020339);PUBCHEM:(6538445 5370335 94813);DSSTox:(DTXSID001016725 DTXSID50864093);LOTUS:(Q81986361 Q63391980);PUBMED:(null)	137777905730	343.212	1075	17.911	857349936518674011	857336473793615056	857336473789420751	21390	
1	1	0.912	0.912	-113.138		1.000	53.259	C24H31NO4	[M + H]+	C24H32NO4+	FDATWRLUYRHCJE	InChI=1S/C24H31NO4/c1-4-7-8-11-16-29-24(28)20-13-10-9-12-19(20)23(27)21-15-14-18(17-22(21)26)25(5-2)6-3/h9-10,12-15,17,26H,4-8,11,16H2,1-3H3	Uvinul A Plus	CCCCCCOC(=O)C1=CC=CC=C1C(=O)C2=C(C=C(C=C2)N(CC)CC)O	6.500	155928004;147477893;136212431;10111431	PUBCHEMANNOTATIONBIO:(null);NORMAN:(NS00019490);PUBCHEMANNOTATIONSAFETYANDTOXIC:(null);CHEBI:(136006);MESH:(10111431);PUBCHEM:(155928004 147477893 136212431 10111431);public_spectra_2506;DSSTox:(DTXSID60184370);PUBCHEMANNOTATIONDRUG:(null);PUBMED:(null)	146146590822	398.233	1080	17.996	857349950091441810	857336473835558100	857336473835558099	21504	
1	1	0.106	0.106	-104.825		1.000	22.561	C17H36O3	[M + H]+	C17H37O3+	RTRMBXZHMWADJB	InChI=1S/C17H36O3/c1-2-3-4-5-6-7-8-9-10-11-12-14-19-16-17-20-15-13-18/h18H,2-17H2,1H3	Ethanol, 2-(2-(tridecyloxy)ethoxy)-	CCCCCCCCCCCCCOCCOCCO	4.963	84582	NORMAN:(NS00076863);PUBCHEM:(84582);DSSTox:(DTXSID0065804)	137439215618	289.274	1082	18.039	857349937051350629	857336473885889752	857336473885889751	21571	
1	1	0.627	0.714	-80.939		1.000	90.307	C17H32O3	[M + H]+	C17H33O3+	OHLQBKZXSJYBMK	InChI=1S/C17H32O3/c1-2-3-4-5-6-7-8-9-10-11-12-13-16(19)14-17(20)15-18/h1,16-20H,3-15H2	Avocadyne	C#CCCCCCCCCCCCC(CC(CO)O)O	4.300	14630628;14630627;14630629;14630630;3015189	PUBCHEMANNOTATIONBIO:(null);HMDB:(HMDB0035473);LIPIDMAPS:(LMFA05000643);SUPERNATURAL:(SN0265539);MESH:(3015189);FooDB:(FDB014158);PUBCHEM:(14630628 14630627 14630629 14630630 3015189);public_spectra_2506;COCONUT:(CNP0114093);NORMAN:(NS00097471);CHEBI:(168507);DSSTox:(DTXSID201273583 DTXSID20947504 DTXSID401298181);LOTUS:(Q105192137);PUBCHEMANNOTATIONDRUG:(null);PUBMED:(null)	149035417710	285.243	1082	18.041	857349925672203743	857336473932027100	857336473932027099	21590	
1	1	0.091	0.091	-196.110		0.747	16.645	C22H43N5	[M + H]+	C22H44N5+	KVTOOFXLYHKXCK	InChI=1S/C22H43N5/c1-2-3-4-5-6-7-8-9-10-11-12-13-14-15-16-17-18-19-20(23)26-22(25)27-21(19)24/h2-18H2,1H3,(H6,23,24,25,26,27)	5-Octadecylpyrimidine-2,4,6-triamine	CCCCCCCCCCCCCCCCCCC1=C(N=C(N=C1N)N)N	8.600	3023451	NORMAN:(NS00039996);PUBCHEM:(3023451);DSSTox:(DTXSID70240451)	137439215618	378.358	1086	18.103	857349932374701602	857336473978164448	857336473978164447	21662	
1	1	0.056	0.056	-181.124		0.980	5.689	C19H40O4	[M + Na]+	C19H40NaO4+	KLFVDTRVIFNWIH	InChI=1S/C19H40O4/c1-2-3-4-5-6-7-8-9-10-11-12-14-21-16-18-23-19-17-22-15-13-20/h20H,2-19H2,1H3	Triethylene glycol monotridecyl ether	CCCCCCCCCCCCCOCCOCCOCCO	4.862	78116	NORMAN:(NS00048572);PUBCHEM:(78116);DSSTox:(DTXSID0063442)	137439215618	355.282	1087	18.111	857349930822809115	857336474024301796	857336474024301795	21669	
1	1	0.215	0.215	-95.027		1.000	36.614	C19H40O4	[M + H]+	C19H41O4+	KLFVDTRVIFNWIH	InChI=1S/C19H40O4/c1-2-3-4-5-6-7-8-9-10-11-12-14-21-16-18-23-19-17-22-15-13-20/h20H,2-19H2,1H3	Triethylene glycol monotridecyl ether	CCCCCCCCCCCCCOCCOCCOCCO	4.862	78116	NORMAN:(NS00048572);PUBCHEM:(78116);DSSTox:(DTXSID0063442)	137439215618	333.300	1087	18.119	857349929677764103	857336474070439144	857336474066244839	21678	
1	1	0.777	0.869	-69.274		1.000	20.910	C13H28N2O	[M + H]+	C13H29N2O+	WRNOAELBRPKVHC	InChI=1S/C13H28N2O/c1-2-3-4-5-6-7-8-9-10-11-12-15-13(14)16/h2-12H2,1H3,(H3,14,15,16)	N'-dodecylcarbamimidate	CCCCCCCCCCCCNC(=O)N	4.600	153758347;75091	PUBCHEMANNOTATIONBIO:(null);PUBCHEM:(153758347 75091);DSSTox:(DTXSID4062222);PUBMED:(null)	137455730754	229.228	1093	18.220	857349917698831799	857336474116576492	857336474116576491	21798	
1	1	0.082	0.366	-33.485		1.000	71.966	C8H12	[M + H]+	C8H13+	VBTCAHMANZTRMG	InChI=1S/C8H12/c1-2-5-8-6-3-4-7-8/h1,8H,3-7H2	1-Deuterio-1-prop-2-ynylcyclopentane	C#CCC1CCCC1	3.000	58696456;521007	PUBCHEMANNOTATIONSAFETYANDTOXIC:(null);PUBCHEM:(58696456 521007);DSSTox:(DTXSID60334530)	137506062338	109.101	1095	18.242	857349934861923909	857336474162713840	857336474162713839	21848	
1	2	0.367	0.606	-29.558		0.498	46.248	C8H6O4	[M - H2O + H]+	C8H5O3+	XNGIFLGASWRNHJ	InChI=1S/C8H6O4/c9-7(10)5-3-1-2-4-6(5)8(11)12/h1-4H,(H,9,10)(H,11,12)	phthalate	C1=CC=C(C(=C1)C(=O)O)C(=O)O	0.794	102602051;67674448;161758025;161758026;155891950;87368857;87368858;16212019;16213470;129656035;4645224;66995640;10419661;19108268;164099464;153897023;18183610;54478425;54478426;131853778;139040938;10678810;1017;181977;18655973;71309871	PUBCHEMANNOTATIONBIO:(null);HMDB:(HMDB0002107);MiMeDB:(MMDBc0054638);PUBCHEMANNOTATIONSAFETYANDTOXIC:(null);BloodExposome:(4645224 85215 1017 181977 23676735 78125 23668795);SUPERNATURAL:(SN0434861 SN0434862 SN0434863);HSDB:(88-99-3);MESH:(1017 181977);FooDB:(FDB010566);PUBCHEM:(102602051 67674448 161758025 161758026 155891950 87368857 87368858 16212019 16213470 129656035 4645224 66995640 10419661 19108268 164099464 153897023 18183610 54478425 54478426 131853778 139040938 10678810 1017 181977 18655973 71309871);public_spectra_2506;MACONDA:(CON00080);COCONUT:(CNP0324589);NORMAN:(NS00081016 NS00084511 NS00087384 NS00078185 NS00082195 NS00080644 NS00083215 NS00008610 NS00080044);METACYC:(PHTHALATE);CHEBI:(17563 29069 30800);KEGG:(C01606);DSSTox:(DTXSID0042167 DTXSID10166707 DTXSID10185812 DTXSID10583975 DTXSID20889435 DTXSID30583538 DTXSID40966671 DTXSID60174413 DTXSID60889651 DTXSID8021484 DTXSID8061185 DTXSID80973506 DTXSID90952241);LOTUS:(Q423876);PUBCHEMANNOTATIONDRUG:(null);PUBCHEMANNOTATIONFOOD:(null);PUBMED:(null)	148167200622	149.023	1095	18.246	857349934283109941	857336474213045492	857336474213045491	21832	
1	1	0.946	0.946	-136.812		0.838	8.357	C7H19N7O2	[M + K]+	C7H19KN7O2+	GLFOLNVBEBXCFF	InChI=1S/C7H19N7O2/c8-5-11-4-6(9)2-1-3-12-7(10)13-14(15)16/h6,11H,1-5,8-9H2,(H3,10,12,13)	N-{(4S)-4-amino-5-[(aminomethyl)amino]pentyl}-N''-nitroguanidine	C(CC(CNCN)N)CN=C(N)N[N+](=O)[O-]	-2.200	44368777	PUBCHEM:(44368777);PUBMED:(null)	66	272.122	1095	18.247	857349917753357753	857336474263377144	857336474263377143	21838	
1	1	0.104	0.104	-72.540		1.000	17.217	C8H14O	[M + H]+	C8H15O+	UKTHULMXFLCNAV	InChI=1S/C8H14O/c1-2-3-4-5-6-8-7-9-8/h2,8H,1,3-7H2	2-(hex-5-en-1-yl)oxirane	C=CCCCCC1CO1	2.284	6999066;6999067;29678	COCONUT:(CNP0393072);NORMAN:(NS00047546);PUBCHEMANNOTATIONSAFETYANDTOXIC:(null);SUPERNATURAL:(SN0373061);PUBCHEM:(6999066 6999067 29678);DSSTox:(DTXSID30941376 DTXSID90426432);LOTUS:(Q82918192);PUBMED:(null)	137777905730	127.112	1095	18.247	857349915635234218	857336474309514492	857336474309514491	21839	
1	1	0.085	0.110	-279.187		1.000	79.854	C26H43NO5	[M + H]+	C26H44NO5+	GHCZAUBVMUEKKP	InChI=1S/C26H43NO5/c1-15(4-7-22(30)27-14-23(31)32)18-5-6-19-24-20(9-11-26(18,19)3)25(2)10-8-17(28)12-16(25)13-21(24)29/h15-21,24,28-29H,4-14H2,1-3H3,(H,27,30)(H,31,32)	Gudca	CC(CCC(=O)NCC(=O)O)C1CCC2C1(CCC3C2C(CC4C3(CCC(C4)O)C)O)C	4.300	118554507;154731432;86310766;86310768;86312246;86312248;86328252;86331068;86331070;17753896;124784355;124899320;124899321;124899323;124902784;124902786;124902792;124905412;9548796;9933432;159623905;53391261;53477907;163025202;155908804;163198935;94029808;163337735;16213700;126482406;134555903;134692575;22808055;22808456;22833540;58104997;137349097;124335016;124350391;124350392;124422684;162642210;97629473;119081205;76329458;56606329;126963422;126968461;92131216;92450270;91746178;91798922;10095257;3462523;10389035;133109218;99564957;99564958;99564959;99566017;129010197;129317599;142492682;131632351;131708878;139024238;45039362;45039364;45052109;139291853;139291854;70420975;10994028;12544;27929;93353;25796450;440686;46839357;12310284;12310285;12310287;12310288;12310290;12310291;133612048;133688432;133688440;122361926;49874127;90474429;71317152;44312819;57696971	PUBCHEMANNOTATIONBIO:(null);HMDB:(HMDB0000637 HMDB0000708 HMDB0006898 HMDB0242392);MiMeDB:(MMDBc0057237 MMDBc0000128 MMDBc0000365);TeroMol:(TKC109621 TKC206670);BloodExposome:(133612048 23664011 126968461 22808055 137795027 27929 90474429 91746178 12310288 9548796 93353 440686 12544);LIPIDMAPS:(LMST05030008 LMST05030016);SUPERNATURAL:(SN0105607);MESH:(12544 27929 93353 12310288 90474429 126968461 129317599);FooDB:(FDB022157 FDB024145);PUBCHEM:(118554507 154731432 86310766 86310768 86312246 86312248 86328252 86331068 86331070 17753896 124784355 124899320 124899321 124899323 124902784 124902786 124902792 124905412 9548796 9933432 159623905 53391261 53477907 163025202 155908804 163198935 94029808 163337735 16213700 126482406 134555903 134692575 22808055 22808456 22833540 58104997 137349097 124335016 124350391 124350392 124422684 162642210 97629473 119081205 76329458 56606329 126963422 126968461 92131216 92450270 91746178 91798922 10095257 3462523 10389035 133109218 99564957 99564958 99564959 99566017 129010197 129317599 142492682 131632351 131708878 139024238 45039362 45039364 45052109 139291853 139291854 70420975 10994028 12544 27929 93353 25796450 440686 46839357 12310284 12310285 12310287 12310288 12310290 12310291 133612048 133688432 133688440 122361926 49874127 90474429 71317152 44312819 57696971);public_spectra_2506;GNPS:(CCMSLIB00003137703);COCONUT:(CNP0302660);NORMAN:(NS00015130 NS00069559);METACYC:(CPD-25857 GLYCOCHENODEOXYCHOLIC_ACID);CHEBI:(89929 87818 36252 190405 132030 180956 36274 180948);KEGG:(C05466);DSSTox:(DTXSID201036173 DTXSID20862344 DTXSID301020165 DTXSID401167643 DTXSID60945403);LOTUS:(Q115966196 Q5572600 Q27077819);PUBCHEMANNOTATIONDRUG:(null);PUBMED:(null)	150121748846	450.321	1095	18.250	857349933184202282	857336474359846144	857336474359846143	21845	
1	1	0.401	0.401	-177.900		1.000	13.341	C24H36O5	[M + Na]+	C24H36NaO5+	SMUOMXYYBLWWJD	InChI=1S/C24H36O5/c1-2-3-4-5-6-7-8-9-12-17-28-23(25)21-15-10-11-16-22(21)24(26)29-19-20-14-13-18-27-20/h10-11,15-16,20H,2-9,12-14,17-19H2,1H3	Phthalic acid, tetrahydrofurfuryl undecyl ester	CCCCCCCCCCCOC(=O)C1=CC=CC=C1C(=O)OCC2CCCO2	7.100	6421093	PUBCHEM:(6421093)	2	427.246	1095	18.254	857349928285255172	857336474405983492	857336474405983491	21842	
1	1	0.065	0.065	-256.071		0.997	65.301	C24H36O5	[M + H]+	C24H37O5+	YVVTVCSKOONIRE	InChI=1S/C24H36O5/c1-19(2)10-7-11-20(3)12-8-13-21(4)14-9-15-24(18-25,29-23(6)27)16-17-28-22(5)26/h10,12,14,16-18H,7-9,11,13,15H2,1-6H3	2-[2-(acetyloxy)ethenyl]-6,10,14-trimethyl-1-oxopentadeca-5,9,13-trien-2-yl acetate	CC(=CCCC(=CCCC(=CCCC(C=COC(=O)C)(C=O)OC(=O)C)C)C)C	5.700	21778092;162978156;73837892	COCONUT:(CNP0250168);TeroMol:(TKC002283);SUPERNATURAL:(SN0461673);PUBCHEM:(21778092 162978156 73837892);LOTUS:(Q105366075)	279969794	405.264	1095	18.254	857349935642064465	857336474452120840	857336474452120839	21853	
1	1	0.011	0.033	-233.239		0.998	47.885	C24H36O5	[M + H3N + H]+	C24H40NO5+	UZHMDKVEUKIXIG	InChI=1S/C24H36O5/c1-19(8-5-9-20(2)11-7-13-22(4)18-25)10-6-12-21(3)16-17-29-24(28)15-14-23(26)27/h9-10,13-16,25H,5-8,11-12,17-18H2,1-4H3,(H,26,27)	Boletinin F	CC(=CCCC(=CCOC(=O)C=CC(=O)O)C)CCC=C(C)CCC=C(C)CO	5.700	11429615;72958162	COCONUT:(CNP0310961);TeroMol:(TKC013195);SUPERNATURAL:(SN0384157);PUBCHEM:(11429615 72958162);LOTUS:(Q77519573 Q104199115);PUBMED:(null)	279969858	422.290	1095	18.257	857349925873530342	857336474498258188	857336474498258187	21864	
1	1	0.070	0.070	-247.785		0.997	28.787	C22H32O5	[M + H]+	C22H33O5+	MDPQKRFXKXCPOC	InChI=1S/C22H32O5/c1-17(2)11-12-22(26)18(3)7-5-9-21(16-27-19(4)25)10-6-8-20(15-24)13-14-23/h7,10-11,13-15,22,26H,5-6,8-9,12,16H2,1-4H3	6-formyl-2-(5-hydroxy-4,8-dimethylnona-3,7-dien-1-yl)-8-oxoocta-2,6-dien-1-yl acetate	CC(=CCC(C(=CCCC(=CCCC(=CC=O)C=O)COC(=O)C)C)O)C	3.600	163022076;163185426	COCONUT:(CNP0298809);SUPERNATURAL:(SN0222755);PUBCHEM:(163022076 163185426);LOTUS:(Q105161891)	271581186	377.232	1096	18.261	857349924254528974	857336474544395536	857336474540201231	21860	
1	1	0.128	0.128	-84.898		1.000	54.976	C18H36O4	[M + H]+	C18H37O4+	LZSVYIQKUAVZFB	InChI=1S/C18H36O4/c1-2-3-4-5-6-7-8-9-10-11-12-13-18(20)22-17-16-21-15-14-19/h19H,2-17H2,1H3	2-(2-Hydroxyethoxy)ethyl myristate	CCCCCCCCCCCCCC(=O)OCCOCCO	5.500	101322	NORMAN:(NS00032597);PUBCHEM:(101322);DSSTox:(DTXSID70200838)	137439215618	317.269	1106	18.434	857349935461709383	857336474586338580	857336474586338579	22105	
1	2	0.141	0.141	-157.227		0.206	48.172	C26H28O2	[M + K]+	C26H28KO2+	SUHTWRQMBLXNFP	InChI=1S/C26H28O2/c1-3-5-7-21-10-14-24(15-11-21)26(27)28-25-18-16-23(17-19-25)22-12-8-20(6-4-2)9-13-22/h8-19H,3-7H2,1-2H3	Benzoic acid, 4-butyl-, 4'-propyl[1,1'-biphenyl]-4-yl ester	CCCCC1=CC=C(C=C1)C(=O)OC2=CC=C(C=C2)C3=CC=C(C=C3)CCC	8.200	108826	NORMAN:(NS00034228);PUBCHEM:(108826);DSSTox:(DTXSID3069356)	137439215618	411.172	1111	18.512	857349971046184631	857336474632475928	857336474632475927	22211	
1	1	0.312	0.312	-149.497		1.000	99.868	C19H34O3	[M + H]+	C19H35O3+	UXFZYBNJBWWHPF	InChI=1S/C19H34O3/c1-3-4-5-6-8-11-14-17(2)18(20)15-12-9-7-10-13-16-19(21)22/h2-16H2,1H3,(H,21,22)	10-Methylidene-9-oxooctadecanoic acid	CCCCCCCCC(=C)C(=O)CCCCCCCC(=O)O	6.400	163189932	SUPERNATURAL:(SN0382568);PUBCHEM:(163189932);LOTUS:(Q105280764)	269484034	311.258	1117	18.622	857349926750139888	857336474678613276	857336474674418971	22362	
1	1	0.350	0.350	-93.517		0.996	34.773	C16H35O3PS	[M + H]+	C16H36O3PS+	TVRJUOAQXLUUGW	InChI=1S/C16H35O3PS/c1-5-9-11-15(7-3)13-18-20(17,21)19-14-16(8-4)12-10-6-2/h15-16H,5-14H2,1-4H3,(H,17,21)	O,O-Bis(2-ethylhexyl) hydrogen thiophosphate	CCCCC(CC)COP(=S)(O)OCC(CC)CCCC	7.000	154057199;86594	NORMAN:(NS00053420);PUBCHEM:(154057199 86594);DSSTox:(DTXSID101274883)	137439215618	339.212	1119	18.655	857349941606364788	857336474720556320	857336474720556319	22389	
1	1	0.219	0.219	-13.571		0.993	12.765	C2H4OS	[M + K]+	C2H4KOS+	SLAWTOLLPNIOGD	InChI=1S/C2H4OS/c1-2-4-3/h2-3H,1H2	Ethenesulfenic acid	C=CSO	0.500	21058388;137617	CHEBI:(183056);PUBCHEM:(21058388 137617);DSSTox:(DTXSID10179630);PUBCHEMANNOTATIONDRUG:(null)	137472507938	114.961	1119	18.656	857349944835978888	857336474766693668	857336474766693667	22390	
1	1	0.202	0.202	-68.558		0.997	14.256	C20H43NOS	[M + K]+	C20H43KNOS+	MDBNULFEVONURY	InChI=1S/C20H43NOS/c1-2-3-4-5-6-7-8-9-10-11-12-13-14-15-16-17-18-19-20-23(21)22/h2-21H2,1H3	Icosane-1-sulfinamide	CCCCCCCCCCCCCCCCCCCCS(=O)N	9.000	154213736	PUBCHEM:(154213736)	2	384.270	1120	18.659	857349959461516957	857336474817025320	857336474817025319	22394	
1	1	0.474	0.474	-81.111		1.000	39.937	C17H35NO	[M + H]+	C17H36NO+	SIHWPYVFNJBALM	InChI=1S/C17H35NO/c1-4-6-8-10-12-14-16-18(17(3)19)15-13-11-9-7-5-2/h4-16H2,1-3H3	N-heptyl-N-octylacetamide	CCCCCCCCN(CCCCCCC)C(=O)C	6.000	23469338	PUBCHEM:(23469338)	2	270.279	1121	18.691	857350284117423816	857336474909300016	857336474909300015	22441	
1	1	0.145	0.145	-313.902		0.719	21.700	C24H36O5	[M + H3N + H]+	C24H40NO5+	FWBUUZZBAIZTSB	InChI=1S/C24H36O5/c1-4-5-6-7-8-9-10-11-12-13-14-15-16-17-19-24(27-3)20-18-22(28-29-24)21-23(25)26-2/h1,12-13,22H,5-11,16-21H2,2-3H3	methyl 2-[6-(hexadec-6-en-4,15-diyn-1-yl)-6-methoxy-1,2-dioxan-3-yl]acetate	COC(=O)CC1CCC(OO1)(CCCC#CC=CCCCCCCCC#C)OC	6.000	21774942;10621257;73836534	COCONUT:(CNP0314169);SUPERNATURAL:(SN0097082);PUBCHEM:(21774942 10621257 73836534)	3145730	422.290	1126	18.759	857350559012108788	857336474955437364	857336474955437363	22539	
1	1	0.044	0.044	-261.629		1.000	47.360	C24H36O5	[M + Na]+	C24H36NaO5+	WQNIEVFAUJDIHE	InChI=1S/C24H36O5/c1-16(2)22-12-10-17(3)8-7-9-18(4)23(27)13-11-21(15-28-19(5)25)14-24(22)29-20(6)26/h8,14,22-24,27H,1,4,7,9-13,15H2,2-3,5-6H3	[3-(acetyloxy)-12-hydroxy-7-methyl-11-methylidene-4-(prop-1-en-2-yl)cyclotetradeca-1,7-dien-1-yl]methyl acetate	CC1=CCCC(=C)C(CCC(=CC(C(CC1)C(=C)C)OC(=O)C)COC(=O)C)O	3.500	75033992;162818902;44480983	COCONUT:(CNP0077636);TeroMol:(TKC207100 TKC156341);SUPERNATURAL:(SN0417292);PUBCHEM:(75033992 162818902 44480983);LOTUS:(Q105310874);PUBMED:(null)	279969858	427.246	1126	18.760	857350567300053549	857336475001574712	857336474997380407	22530	
1	2	0.094	0.094	-337.100		0.148	24.769	C27H39N5O	[M + H]+	C27H40N5O+	PCJWBNXYAHSWBA	InChI=1S/C27H39N5O/c1-30(2)22-11-9-20(10-12-22)27(33)28-17-23-15-21-13-14-32(23)18-24(21)26-16-25(29-31(26)3)19-7-5-4-6-8-19/h9-12,16,19,21,23-24H,4-8,13-15,17-18H2,1-3H3,(H,28,33)	N-{[5-(3-cyclohexyl-1-methyl-1H-pyrazol-5-yl)-1-azabicyclo[2.2.2]octan-2-yl]methyl}-4-(dimethylamino)benzamide	CN1C(=CC(=N1)C2CCCCC2)C3CN4CCC3CC4CNC(=O)C5=CC=C(C=C5)N(C)C	4.200	163069009;74736603;40780503	COCONUT:(CNP0361540);SUPERNATURAL:(SN0281600);PUBCHEM:(163069009 74736603 40780503);PUBMED:(null)	3145794	450.322	1126	18.761	857350611885512278	857336475047712060	857336475043517755	22538	
1	1	0.066	0.066	-332.492		0.871	25.024	C24H36O5	[M + H]+	C24H37O5+	FWBUUZZBAIZTSB	InChI=1S/C24H36O5/c1-4-5-6-7-8-9-10-11-12-13-14-15-16-17-19-24(27-3)20-18-22(28-29-24)21-23(25)26-2/h1,12-13,22H,5-11,16-21H2,2-3H3	methyl 2-[6-(hexadec-6-en-4,15-diyn-1-yl)-6-methoxy-1,2-dioxan-3-yl]acetate	COC(=O)CC1CCC(OO1)(CCCC#CC=CCCCCCCCC#C)OC	6.000	21774942;10621257;73836534	COCONUT:(CNP0314169);SUPERNATURAL:(SN0097082);PUBCHEM:(21774942 10621257 73836534)	3145730	405.264	1126	18.765	857350619061966447	857336475139986756	857336475135792451	22547	
1	1	0.369	0.369	-155.536		1.000	21.920	C18H37NO	[M + H]+	C18H38NO+	JMJDXDJTXDRLAL	InChI=1S/C18H37NO/c1-2-3-4-5-6-7-8-9-10-11-12-13-14-19-15-17-20-18-16-19/h2-18H2,1H3	4-Tetradecylmorpholine	CCCCCCCCCCCCCCN1CCOCC1	6.600	117616	NORMAN:(NS00027952);PUBCHEM:(117616);DSSTox:(DTXSID0067131 DTXSID901008903);PUBMED:(null)	137439215682	284.295	1128	18.802	857350653694334636	857336475186124104	857336475181929799	22590	
1	1	0.337	0.337	-85.727		1.000	122.200	C18H34O4	[M + H]+	C18H35O4+	PYGXAGIECVVIOZ	InChI=1S/C18H34O4/c1-3-5-15-21-17(19)13-11-9-7-8-10-12-14-18(20)22-16-6-4-2/h3-16H2,1-2H3	Staflex DBS	CCCCOC(=O)CCCCCCCCC(=O)OCCCC	5.300	7986	PUBCHEMANNOTATIONBIO:(null);HMDB:(HMDB0041220);PUBCHEMANNOTATIONSAFETYANDTOXIC:(null);BloodExposome:(7986);SUPERNATURAL:(SN0298396);HSDB:(109-43-3);MESH:(7986);FooDB:(FDB021119);PUBCHEM:(7986);public_spectra_2506;MACONDA:(CON00020);COCONUT:(CNP0346743);NORMAN:(NS00005592);CHEBI:(165632);DSSTox:(DTXSID1041847);PUBCHEMANNOTATIONDRUG:(null);PUBCHEMANNOTATIONFOOD:(null);PUBMED:(null)	146825021038	315.253	1130	18.826	857350633737836181	857336475232261452	857336475232261451	22639	
1	1	0.850	0.850	-45.818		0.998	17.398	C22H42O6	[M + H3N + H]+	C22H46NO6+	FRQDZJMEHSJOPU	InChI=1S/C22H42O6/c1-5-9-11-19(7-3)21(23)27-17-15-25-13-14-26-16-18-28-22(24)20(8-4)12-10-6-2/h19-20H,5-18H2,1-4H3		CCCCC(CC)C(=O)OCCOCCOCCOC(=O)C(CC)CCCC	5.400	42580151;40468163;40468164;7185	COCONUT:(CNP0445100);NORMAN:(NS00010080);PUBCHEMANNOTATIONSAFETYANDTOXIC:(null);CHEBI:(189116);SUPERNATURAL:(SN0093715);PUBCHEM:(42580151 40468163 40468164 7185);DSSTox:(DTXSID3026564);PUBCHEMANNOTATIONFOOD:(null)	137643687970	420.332	1133	18.885	857350632752174723	857336475370673496	857336475366479191	22726	
1	1	0.882	0.882	-41.039		0.957	34.595	C22H42O6	[M + H]+	C22H43O6+	FRQDZJMEHSJOPU	InChI=1S/C22H42O6/c1-5-9-11-19(7-3)21(23)27-17-15-25-13-14-26-16-18-28-22(24)20(8-4)12-10-6-2/h19-20H,5-18H2,1-4H3		CCCCC(CC)C(=O)OCCOCCOCCOC(=O)C(CC)CCCC	5.400	42580151;40468163;40468164;7185	COCONUT:(CNP0445100);NORMAN:(NS00010080);PUBCHEMANNOTATIONSAFETYANDTOXIC:(null);CHEBI:(189116);SUPERNATURAL:(SN0093715);PUBCHEM:(42580151 40468163 40468164 7185);DSSTox:(DTXSID3026564);PUBCHEMANNOTATIONFOOD:(null)	137643687970	403.306	1133	18.886	857350620639024761	857336475412616540	857336475412616539	22720	
1	1	0.021	0.021	-70.989		1.000	54.164	C10H18O2	[M + H]+	C10H19O2+	ZCTCHUYEFFCKCW	InChI=1S/C10H18O2/c1-3-7-11-9-5-6-10-12-8-4-2/h3-4,7-10H2,1-2H3	1,4-Dipropoxybut-2-yne	CCCOCC#CCOCCC	1.800	3017958	NORMAN:(NS00061674);PUBCHEM:(3017958);DSSTox:(DTXSID40989865)	137439215618	171.138	1133	18.887	857350649198040735	857336475462948192	857336475458753887	22724	
1	1	0.783	0.783	-80.196		0.362	23.170	C16H35O3PS	[M + H]+	C16H36O3PS+	TVRJUOAQXLUUGW	InChI=1S/C16H35O3PS/c1-5-9-11-15(7-3)13-18-20(17,21)19-14-16(8-4)12-10-6-2/h15-16H,5-14H2,1-4H3,(H,17,21)	O,O-Bis(2-ethylhexyl) hydrogen thiophosphate	CCCCC(CC)COP(=S)(O)OCC(CC)CCCC	7.000	154057199;86594	NORMAN:(NS00053420);PUBCHEM:(154057199 86594);DSSTox:(DTXSID101274883)	137439215618	339.212	1134	18.895	857350610383951435	857336475534251364	857336475534251363	22737	
1	1	0.236	0.323	-122.896		1.000	120.154	C19H36O2	[M + H]+	C19H37O2+	YJHFLTBFZQXNPT	InChI=1S/C19H36O2/c1-2-3-4-5-6-7-8-9-10-11-12-13-14-15-16-17-18-19(20)21/h2H,1,3-18H2,(H,20,21)	nonadec-18-enoic acid	C=CCCCCCCCCCCCCCCCCC(=O)O	7.190	543857	COCONUT:(CNP0379387);SUPERNATURAL:(SN0451972);PUBCHEM:(543857);DSSTox:(DTXSID70337658);PUBMED:(null)	137442099266	297.279	1134	18.902	857350613391267435	857336475584583016	857336475584583015	22717	
1	1	0.055	0.055	-144.839		1.000	28.005	C17H35NO	[M + H]+	C17H36NO+	GNXLDJDDRKNQNQ	InChI=1S/C17H35NO/c1-2-3-4-5-6-7-8-9-10-11-12-13-14-15-16-17-18-19/h17,19H,2-16H2,1H3	N-heptadecylidenehydroxylamine	CCCCCCCCCCCCCCCCC=NO	7.900	87866968;149437008	COCONUT:(CNP0234975);SUPERNATURAL:(SN0110748);PUBCHEM:(87866968 149437008)	3145730	270.279	1139	18.987	857350667627812526	857336475630720364	857336475630720363	22859	
1	1	0.034	0.025	-797.956		0.998	22.231	C26H45NO5	[M + H]+	C26H46NO5+	GAQILHLPWHHDJD	InChI=1S/C26H45NO5/c1-7-8-9-12-15-23-20(2)21(3)24(32-23)16-13-10-11-14-17-26(30)31-22(18-25(28)29)19-27(4,5)6/h22H,7-19H2,1-6H3/p+1	7-(5-Hexyl-3,4-dimethylfuran-2-yl)heptanoylcarnitine	CCCCCCC1=C(C(=C(O1)CCCCCCC(=O)OC(CC(=O)O)C[N+](C)(C)C)C)C	6.100	156962917;156962918	PUBCHEMANNOTATIONBIO:(null);HMDB:(HMDB0241850);PUBCHEM:(156962917 156962918);PUBCHEMANNOTATIONDRUG:(null)	50331658	452.337	1145	19.088	857350653396539042	857336475681052016	857336475681052015	22978	
1	1	0.071	0.071	-179.778		0.981	8.315	C24H38O5	[M + Na]+	C24H38NaO5+	MQFMCHNFFHTROS	InChI=1S/C24H38O5/c1-3-5-7-9-11-13-17-28-23(26)20-15-16-22(25)21(19-20)24(27)29-18-14-12-10-8-6-4-2/h15-16,19,25H,3-14,17-18H2,1-2H3	Dioctyl 4-hydroxybenzene-1,3-dicarboxylate	CCCCCCCCOC(=O)C1=CC(=C(C=C1)O)C(=O)OCCCCCCCC	8.700	141454318	PUBCHEM:(141454318)	2	429.261	1145	19.089	857350687030662833	857336475722995060	857336475722995059	22982	
1	1	0.253	0.253	-132.444		1.000	65.382	C24H38O5	[M - H2O + H]+	C24H37O4+	CBNOOIGQPLRPML	InChI=1S/C24H38O5/c1-4-5-6-7-8-9-12-17-28-23(25)21-13-10-11-14-22(21)24(26)29-19-16-20(2)15-18-27-3/h10-11,13-14,20H,4-9,12,15-19H2,1-3H3	Phthalic acid, 5-methoxy-3-methylpentyl nonyl ester	CCCCCCCCCOC(=O)C1=CC=CC=C1C(=O)OCCC(C)CCOC	6.666	6423710	PUBCHEM:(6423710)	2	389.269	1145	19.090	857350909496547738	857336475769132408	857336475769132407	22983	
1	1	0.041	0.041	-269.489		0.996	36.843	C24H36O5	[M + H]+	C24H37O5+	YVVTVCSKOONIRE	InChI=1S/C24H36O5/c1-19(2)10-7-11-20(3)12-8-13-21(4)14-9-15-24(18-25,29-23(6)27)16-17-28-22(5)26/h10,12,14,16-18H,7-9,11,13,15H2,1-6H3	2-[2-(acetyloxy)ethenyl]-6,10,14-trimethyl-1-oxopentadeca-5,9,13-trien-2-yl acetate	CC(=CCCC(=CCCC(=CCCC(C=COC(=O)C)(C=O)OC(=O)C)C)C)C	5.700	21778092;162978156;73837892	COCONUT:(CNP0250168);TeroMol:(TKC002283);SUPERNATURAL:(SN0461673);PUBCHEM:(21778092 162978156 73837892);LOTUS:(Q105366075)	279969794	405.264	1146	19.100	857350908443777424	857336475815269756	857336475815269755	22998	
1	1	0.011	0.109	-24.150		1.000	23.022	C2H4O2	[M + K]+	C2H4KO2+	JMCRDEBJJPRTPV	InChI=1S/C2H4O2/c3-1-2-4/h1-4H	1,2-Ethenediol	C(=CO)O	-0.200	21352980;3036308;3036388;137088;57694167	PUBCHEMANNOTATIONBIO:(null);CHEBI:(183265 131198);SUPERNATURAL:(SN0169177);PUBCHEM:(21352980 3036308 3036388 137088 57694167);DSSTox:(DTXSID701314922);PUBCHEMANNOTATIONDRUG:(null)	137490333730	98.984	1146	19.108	857350913544051941	857336475915933060	857336475915933059	23021	
1	1	0.020	0.020	-224.253		0.998	29.963	C17H36N4O2	[M + Na]+	C17H36N4NaO2+	IDMAHLZXWPMDEG	InChI=1S/C17H36N4O2/c18-16(22)20-14-12-10-8-6-4-2-1-3-5-7-9-11-13-15-21-17(19)23/h1-15H2,(H3,18,20,22)(H3,19,21,23)	15-(Carbamoylamino)pentadecylurea	C(CCCCCCCNC(=O)N)CCCCCCCNC(=O)N	4.000	154335068	PUBCHEM:(154335068)	2	351.266	1147	19.111	857350918841459246	857336475966264712	857336475966264711	23020	
1	1	0.023	0.023	-418.946		0.998	17.825	C28H49NO5	[M + H]+	C28H50NO5+	KLBGZNYVLGQNCO	InChI=1S/C28H49NO5/c1-6-7-14-17-24-20-23(2)26(33-24)18-15-12-10-8-9-11-13-16-19-28(32)34-25(21-27(30)31)22-29(3,4)5/h20,25H,6-19,21-22H2,1-5H3/p+1	11-(3-Methyl-5-pentylfuran-2-yl)undecanoylcarnitine	CCCCCC1=CC(=C(O1)CCCCCCCCCCC(=O)OC(CC(=O)O)C[N+](C)(C)C)C	7.300	156963024;156963025	PUBCHEMANNOTATIONBIO:(null);HMDB:(HMDB0241908);PUBCHEM:(156963024 156963025);PUBCHEMANNOTATIONDRUG:(null)	50331658	480.369	1151	19.192	857350915184026146	857336476016596364	857336476016596363	23159	
1	1	0.290	0.290	-141.461		1.000	28.673	C16H33NO	[M + H]+	C16H34NO+	OVFJYDPLMRSSML	InChI=1S/C16H33NO/c1-2-3-4-5-6-7-8-9-10-11-12-13-14-15-16-17-18-16/h16-17H,2-15H2,1H3	(3R)-3-pentadecyloxaziridine	CCCCCCCCCCCCCCCC1NO1	7.500	129900320;156905879	PUBCHEMANNOTATIONBIO:(null);PUBCHEM:(129900320 156905879)	16777218	256.264	1157	19.287	857350914529713460	857336476062733712	857336476062733711	23347	
1	1	0.181	0.181	-108.795		1.000	3.830	C32H67N	[M + H]+	C32H68N+	CHYBTAZWINMGHA	InChI=1S/C32H68N/c1-5-9-13-17-21-25-29-33(30-26-22-18-14-10-6-2,31-27-23-19-15-11-7-3)32-28-24-20-16-12-8-4/h5-32H2,1-4H3/q+1	N,N,N-Trioctyloctan-1-Aminium	CCCCCCCC[N+](CCCCCCCC)(CCCCCCCC)CCCCCCCC	13.900	88178091;2734118	PUBCHEMANNOTATIONBIO:(null);BloodExposome:(2734118 2734117);PUBCHEM:(88178091 2734118);DSSTox:(DTXSID00475517 DTXSID60451110 DTXSID7034042 DTXSID90457827 DTXSID9048067);PUBMED:(null)	137459925058	466.535	1158	19.303	857350930992357974	857336476117259668	857336476113065363	23386	
1	1	0.057	0.070	-649.644		0.989	21.731	C26H43NO5	[M + H]+	C26H44NO5+	GHCZAUBVMUEKKP	InChI=1S/C26H43NO5/c1-15(4-7-22(30)27-14-23(31)32)18-5-6-19-24-20(9-11-26(18,19)3)25(2)10-8-17(28)12-16(25)13-21(24)29/h15-21,24,28-29H,4-14H2,1-3H3,(H,27,30)(H,31,32)	Gudca	CC(CCC(=O)NCC(=O)O)C1CCC2C1(CCC3C2C(CC4C3(CCC(C4)O)C)O)C	4.300	118554507;154731432;86310766;86310768;86312246;86312248;86328252;86331068;86331070;17753896;124784355;124899320;124899321;124899323;124902784;124902786;124902792;124905412;9548796;9933432;159623905;53391261;53477907;163025202;155908804;163198935;94029808;163337735;16213700;126482406;134555903;134692575;22808055;22808456;22833540;58104997;137349097;124335016;124350391;124350392;124422684;162642210;97629473;119081205;76329458;56606329;126963422;126968461;92131216;92450270;91746178;91798922;10095257;3462523;10389035;133109218;99564957;99564958;99564959;99566017;129010197;129317599;142492682;131632351;131708878;139024238;45039362;45039364;45052109;139291853;139291854;70420975;10994028;12544;27929;93353;25796450;440686;46839357;12310284;12310285;12310287;12310288;12310290;12310291;133612048;133688432;133688440;122361926;49874127;90474429;71317152;44312819;57696971	PUBCHEMANNOTATIONBIO:(null);HMDB:(HMDB0000637 HMDB0000708 HMDB0006898 HMDB0242392);MiMeDB:(MMDBc0057237 MMDBc0000128 MMDBc0000365);TeroMol:(TKC109621 TKC206670);BloodExposome:(133612048 23664011 126968461 22808055 137795027 27929 90474429 91746178 12310288 9548796 93353 440686 12544);LIPIDMAPS:(LMST05030008 LMST05030016);SUPERNATURAL:(SN0105607);MESH:(12544 27929 93353 12310288 90474429 126968461 129317599);FooDB:(FDB022157 FDB024145);PUBCHEM:(118554507 154731432 86310766 86310768 86312246 86312248 86328252 86331068 86331070 17753896 124784355 124899320 124899321 124899323 124902784 124902786 124902792 124905412 9548796 9933432 159623905 53391261 53477907 163025202 155908804 163198935 94029808 163337735 16213700 126482406 134555903 134692575 22808055 22808456 22833540 58104997 137349097 124335016 124350391 124350392 124422684 162642210 97629473 119081205 76329458 56606329 126963422 126968461 92131216 92450270 91746178 91798922 10095257 3462523 10389035 133109218 99564957 99564958 99564959 99566017 129010197 129317599 142492682 131632351 131708878 139024238 45039362 45039364 45052109 139291853 139291854 70420975 10994028 12544 27929 93353 25796450 440686 46839357 12310284 12310285 12310287 12310288 12310290 12310291 133612048 133688432 133688440 122361926 49874127 90474429 71317152 44312819 57696971);public_spectra_2506;GNPS:(CCMSLIB00003137703);COCONUT:(CNP0302660);NORMAN:(NS00015130 NS00069559);METACYC:(CPD-25857 GLYCOCHENODEOXYCHOLIC_ACID);CHEBI:(89929 87818 36252 190405 132030 180956 36274 180948);KEGG:(C05466);DSSTox:(DTXSID201036173 DTXSID20862344 DTXSID301020165 DTXSID401167643 DTXSID60945403);LOTUS:(Q115966196 Q5572600 Q27077819);PUBCHEMANNOTATIONDRUG:(null);PUBMED:(null)	150121748846	450.322	1164	19.404	857350934305858228	857336476163397016	857336476163397015	23478	
1	1	0.099	0.099	-154.782		1.000	117.948	C19H36O3	[M + H]+	C19H37O3+	PEBIXVCZWGYSTN	InChI=1S/C19H36O3/c1-2-3-4-5-6-9-12-15-18(20)16-13-10-7-8-11-14-17-19(21)22/h2-17H2,1H3,(H,21,22)	10-Oxo-nonadecanoic acid	CCCCCCCCCC(=O)CCCCCCCCC(=O)O	6.246	5312916	CHEBI:(138422);LIPIDMAPS:(LMFA01060128);PUBCHEM:(5312916)	2147483682	313.274	1166	19.433	857350933123064485	857336476209534364	857336476209534363	23487	
1	1	0.110	0.110	-117.802		1.000	34.965	C18H38O3	[M + Na]+	C18H38NaO3+	QIPACFMCGXJBBN	InChI=1S/C18H38O3/c19-16-12-10-8-6-4-2-1-3-5-7-9-11-14-18(21)15-13-17-20/h18-21H,1-17H2	Octadecane-1,4,18-triol	C(CCCCCCCO)CCCCCCC(CCCO)O	5.300	90439891	PUBCHEM:(90439891)	2	325.271	1166	19.436	857350932414227103	857336476255671712	857336476255671711	23524	
1	3	0.074	0.074	-328.453		0.026	15.393	C24H49N5O2	[M + K]+	C24H49KN5O2+	ATGTYGYDYULSEQ	InChI=1S/C24H49N5O2/c1-2-3-4-5-6-7-8-9-10-11-12-22-21-23(30)29(24(22)31)20-19-28-18-17-27-16-15-26-14-13-25/h22,26-28H,2-21,25H2,1H3	1-(2-((2-((2-((2-Aminoethyl)amino)ethyl)amino)ethyl)amino)ethyl)-3-dodecylpyrrolidine-2,5-dione	CCCCCCCCCCCCC1CC(=O)N(C1=O)CCNCCNCCNCCN	3.300	3016464	NORMAN:(NS00058236);PUBCHEM:(3016464);DSSTox:(DTXSID10963899)	137439215618	478.353	1171	19.509	857350930090582605	857336476301809060	857336476301809059	23609	
1	1	0.269	0.269	-142.231		1.000	39.868	C18H37NO	[M + H]+	C18H38NO+	UOYBMZNFJUBBNU	InChI=1S/C18H37NO/c1-4-5-6-7-8-9-10-11-12-13-14-15-16-17-18(20)19(2)3/h4-17H2,1-3H3	N,N-Dimethylhexadecanamide	CCCCCCCCCCCCCCCC(=O)N(C)C	6.296	19766	NORMAN:(NS00030475);PUBCHEMANNOTATIONSAFETYANDTOXIC:(null);PUBCHEM:(19766);DSSTox:(DTXSID6063222);PUBMED:(null)	137506324546	284.295	1171	19.514	857350927817269830	857336476347946408	857336476347946407	23595	
1	1	0.117	0.117	-132.839		1.000	115.321	C19H36O3	[M + H]+	C19H37O3+	QJTGGJRVQKZYMO	InChI=1S/C19H36O3/c1-3-4-5-9-12-15-18(20)16-13-10-7-6-8-11-14-17-19(21)22-2/h3-17H2,1-2H3	methyl 11-oxooctadecanoate	CCCCCCCC(=O)CCCCCCCCCC(=O)OC	6.100	14454482	COCONUT:(CNP0413254);SUPERNATURAL:(SN0307364);PUBCHEM:(14454482)	3145730	313.274	1172	19.536	857350931449537112	857336476394083756	857336476394083755	23634	
1	1	0.021	0.028	-318.078		1.000	71.867	C25H42O5	[M + H]+	C25H43O5+	GNGSNCPQCZJNBI	InChI=1S/C25H42O5/c1-14(5-6-21(29)30-4)18-13-20(28)23-22-17(8-10-25(18,23)3)24(2)9-7-16(26)11-15(24)12-19(22)27/h14-20,22-23,26-28H,5-13H2,1-4H3	methyl (4R)-4-[(3R,5S,7R,8R,9S,10S,13R,14S,15R,17R)-3,7,15-trihydroxy-10,13-dimethyl-2,3,4,5,6,7,8,9,11,12,14,15,16,17-tetradecahydro-1H-cyclopenta[a]phenanthren-17-yl]pentanoate	CC(CCC(=O)OC)C1CC(C2C1(CCC3C2C(CC4C3(CCC(C4)O)C)O)C)O	3.900	42620289;101200947;163588173;73076426;122599790;10916840;117611511;11729524;11826001	COCONUT:(CNP0446550);CHEBI:(182108 181783);SUPERNATURAL:(SN0110253);PUBCHEM:(42620289 101200947 163588173 73076426 122599790 10916840 117611511 11729524 11826001);public_spectra_2506;GNPS:(CCMSLIB00005465834)	8593084450	423.311	1174	19.563	857350937246065381	857336476440221104	857336476440221103	23656	
1	1	0.009	0.037	-187.357		1.000	19.625	C27H46O5	[M + H3N + H]+	C27H50NO5+	MZWYIFQIBJLCBI	InChI=1S/C27H46O5/c1-15(5-8-22(30)16(2)14-28)19-6-7-20-25-21(13-24(32)27(19,20)4)26(3)10-9-18(29)11-17(26)12-23(25)31/h14-25,29-32H,5-13H2,1-4H3	3alpha,7alpha,12alpha,24-Tetrahydroxy-5beta-cholestan-26-al	CC(CCC(C(C)C=O)O)C1CCC2C1(C(CC3C2C(CC4C3(CCC(C4)O)C)O)O)C	3.800	56927976;24755584	PUBCHEMANNOTATIONBIO:(null);HMDB:(HMDB0062206);CHEBI:(48735 63849);LIPIDMAPS:(LMST04030155);PUBCHEM:(56927976 24755584);PUBCHEMANNOTATIONDRUG:(null)	2197815338	468.369	1174	19.569	857350929172030026	857336476503135668	857336476498941363	23658	
1	1	0.066	0.066	-209.847		1.000	23.764	C20H39NO	[M + H]+	C20H40NO+	GAXDEROCNMZYCS	InChI=1S/C20H39NO/c1-4-5-6-7-8-9-10-11-12-13-14-15-16-17-18-19-20(22)21(2)3/h11-12H,4-10,13-19H2,1-3H3	9-Octadecenamide, N,N-dimethyl-	CCCCCCCCC=CCCCCCCCC(=O)N(C)C	7.200	5356959;5368100;17568	NORMAN:(NS00048127);PUBCHEM:(5356959 5368100 17568);DSSTox:(DTXSID2040288 DTXSID30274595);PUBMED:(null)	137439215682	310.310	1188	19.796	857350929130086984	857336476553467320	857336476549273015	23918	
1	1	0.107	0.263	-147.509		1.000	123.609	C19H36O3	[M + H]+	C19H37O3+	NXNXUNDCVRGYCT	InChI=1S/C19H36O3/c1-18(20)16-14-12-10-8-6-4-2-3-5-7-9-11-13-15-17-19(21)22/h15,17-18,20H,2-14,16H2,1H3,(H,21,22)	(2E,18R)-18-hydroxynonadec-2-enoic acid	CC(CCCCCCCCCCCCCCC=CC(=O)O)O	6.900	86289723	CHEBI:(79006);PUBCHEM:(86289723)	34	313.274	1188	19.806	857350933274059437	857336476603798972	857336476603798971	23938	
1	1	0.141	0.141	-110.652		0.976	47.636	C19H36O3	[M + H3N + H]+	C19H40NO3+	BAGKYDSXSJSHEI	InChI=1S/C19H36O3/c1-4-5-6-7-8-9-10-11-12-13-14-15-16-17-18(2)21-22-19(3)20/h2,4-17H2,1,3H3	Heptadec-1-en-2-yl ethaneperoxoate	CCCCCCCCCCCCCCCC(=C)OOC(=O)C	8.600	87792126	PUBCHEM:(87792126)	2	330.300	1190	19.833	857350937107653342	857336476733822404	857336476729628099	23947	
1	2	0.208	0.244	-135.101		0.500	198.653	C19H36O3	[M + C2H3N + H]+	C21H40NO3+	NXNXUNDCVRGYCT	InChI=1S/C19H36O3/c1-18(20)16-14-12-10-8-6-4-2-3-5-7-9-11-13-15-17-19(21)22/h15,17-18,20H,2-14,16H2,1H3,(H,21,22)	(2E,18R)-18-hydroxynonadec-2-enoic acid	CC(CCCCCCCCCCCCCCC=CC(=O)O)O	6.900	86289723	CHEBI:(79006);PUBCHEM:(86289723)	34	354.300	1190	19.833	857350963942820848	857336476788348360	857336476788348359	23941	
1	1	0.600	0.600	-29.068		1.000	170.318	C24H47NO	[M + H]+	C24H48NO+	FXUDPARCGRIVON	InChI=1S/C24H47NO/c1-2-3-4-5-6-7-8-9-10-11-12-13-14-15-16-17-18-19-20-21-22-23-24(25)26/h9-10H,2-8,11-23H2,1H3,(H2,25,26)	Nervonamide	CCCCCCCCC=CCCCCCCCCCCCCCC(=O)N	9.900	17868995;53824061;11963502	PUBCHEMANNOTATIONBIO:(null);CHEBI:(146166);PUBCHEM:(17868995 53824061 11963502);PUBCHEMANNOTATIONDRUG:(null);PUBMED:(null)	50331746	366.373	1191	19.855	857350946599365926	857336476847068620	857336476842874315	23963	
1	1	0.234	0.234	-194.827		1.000	61.939	C25H40O3	[M + H]+	C25H41O3+	ZRCLVHHSVPKEBE	InChI=1S/C25H40O3/c1-2-3-4-5-6-7-10-14-19-24(27)20-15-11-8-9-12-16-21-25(28)22-17-13-18-23-26/h24-28H,2-12,15-16,20-21,23H2,1H3		CCCCCCCCC#CC(CCCCCCCCC(C#CC#CCO)O)O	6.600	163116316;122363686	COCONUT:(CNP0436676);SUPERNATURAL:(SN0478062);PUBCHEM:(163116316 122363686)	3145730	389.305	1192	19.861	857350988907319442	857336476901594576	857336476897400271	23968	
1	1	0.207	0.207	-124.757		0.500	144.722	C19H34O2	[M + H]+	C19H35O2+	KZVSOXSKIQOJLZ	InChI=1S/C19H34O2/c1-2-3-4-5-6-7-8-9-10-11-12-13-14-15-16-17-18-19(20)21/h1H,3-18H2,(H,20,21)	18-Nonadecynoic acid	C#CCCCCCCCCCCCCCCCCC(=O)O	7.009	5312638	CHEBI:(186571);LIPIDMAPS:(LMFA01030503);PUBCHEM:(5312638)	2147483682	295.263	1194	19.893	857350992975794332	857336476951926228	857336476951926227	24098	
1	2	0.056	0.056	-132.145		0.018	23.347	C8H17NOSi	[M + H]+	C8H18NOSi+	NFVCVQBWXKUWQR	InChI=1S/C8H17NOSi/c1-9-6-5-7(8(9)10)11(2,3)4/h7H,5-6H2,1-4H3	1-Methyl-3-(trimethylsilyl)-2-pyrrolidinone	CN1CCC(C1=O)[Si](C)(C)C	1.595	3055555;129403752;129403753	PUBCHEMANNOTATIONSAFETYANDTOXIC:(null);PUBCHEM:(3055555 129403752 129403753);DSSTox:(DTXSID60993429)	137506062338	172.115	1196	19.930	857351010466042024	857336477006452184	857336477006452183	24059	
1	1	0.453	0.453	-86.944		1.000	19.861	C34H71N	[M + H]+	C34H72N+	SWSFKKWJEHRFFP	InChI=1S/C34H72N/c1-5-7-9-11-13-15-17-19-21-23-25-27-29-31-33-35(3,4)34-32-30-28-26-24-22-20-18-16-14-12-10-8-6-2/h5-34H2,1-4H3/q+1	Dimethyldipalmitylammonium	CCCCCCCCCCCCCCCC[N+](C)(C)CCCCCCCCCCCCCCCC	15.800	15744	NORMAN:(NS00001448 NS00081971 NS00091448);SUPERNATURAL:(SN0357366);MESH:(15744);PUBCHEM:(15744);DSSTox:(DTXSID50859681 DTXSID70873465 DTXSID70904485 DTXSID8051461);PUBMED:(null)	137440264262	494.566	1196	19.933	857350997241401510	857336477056783836	857336477056783835	24057	
1	3	0.087	0.087	-323.407		0.027	16.321	C24H49N5O2	[M + K]+	C24H49KN5O2+	ATGTYGYDYULSEQ	InChI=1S/C24H49N5O2/c1-2-3-4-5-6-7-8-9-10-11-12-22-21-23(30)29(24(22)31)20-19-28-18-17-27-16-15-26-14-13-25/h22,26-28H,2-21,25H2,1H3	1-(2-((2-((2-((2-Aminoethyl)amino)ethyl)amino)ethyl)amino)ethyl)-3-dodecylpyrrolidine-2,5-dione	CCCCCCCCCCCCC1CC(=O)N(C1=O)CCNCCNCCNCCN	3.300	3016464	NORMAN:(NS00058236);PUBCHEM:(3016464);DSSTox:(DTXSID10963899)	137439215618	478.353	1199	19.984	857351219505959103	857336477102921184	857336477102921183	24085	
1	1	0.202	0.202	-189.147		1.000	60.197	C23H42O4	[M + H]+	C23H43O4+	LQMSDKIOQPKZRS	InChI=1S/C23H42O4/c1-5-7-8-9-10-11-14-17-26-22(24)19-15-12-13-16-20(19)23(25)27-21(6-2)18(3)4/h18-21H,5-17H2,1-4H3	1,2-Cyclohexanedicarboxylic acid, 2-methylpent-3-yl nonyl ester	CCCCCCCCCOC(=O)C1CCCCC1C(=O)OC(CC)C(C)C	7.800	91722039	CHEBI:(183263);PUBCHEM:(91722039)	34	383.316	1200	19.999	857351222152565088	857336477157447140	857336477153252835	24110	
1	1	0.168	0.168	-193.860		0.997	26.154	C24H38O5	[M + H]+	C24H39O5+	FSKDHBOWHXSFON	InChI=1S/C24H38O5/c1-4-6-8-9-12-17-28-23(25)21-14-10-11-15-22(21)24(26)29-19-20(13-7-5-2)16-18-27-3/h10-11,14-15,20H,4-9,12-13,16-19H2,1-3H3	Phthalic acid, heptyl 2-(2-methoxyethyl)hexyl ester	CCCCCCCOC(=O)C1=CC=CC=C1C(=O)OCC(CCCC)CCOC	6.666	6423414	PUBCHEM:(6423414)	2	407.279	1204	20.067	857351231593943434	857336477203584488	857336477203584487	24170	
1	1	0.528	0.541	-68.646		1.000	18.350	C15H32N2O	[M + H]+	C15H33N2O+	FAGIDLSZMBBMSB	InChI=1S/C15H32N2O/c1-3-4-5-6-7-8-9-10-11-12-13-14-17-15(18)16-2/h3-14H2,1-2H3,(H2,16,17,18)	N-Methyl-N-tridecyl urea (9)	CCCCCCCCCCCCCNC(=O)NC	5.500	91937243	PUBCHEMANNOTATIONBIO:(null);PUBCHEM:(91937243)	16777218	257.259	1208	20.134	857351224996303230	857336477249721836	857336477249721835	24222	
1	1	0.193	0.193	-11.128		1.000	19.487	C2H4OS	[M + K]+	C2H4KOS+	SLAWTOLLPNIOGD	InChI=1S/C2H4OS/c1-2-4-3/h2-3H,1H2	Ethenesulfenic acid	C=CSO	0.500	21058388;137617	CHEBI:(183056);PUBCHEM:(21058388 137617);DSSTox:(DTXSID10179630);PUBCHEMANNOTATIONDRUG:(null)	137472507938	114.961	1213	20.210	857351231518445952	857336477300053488	857336477300053487	24318	
1	1	0.210	0.210	-85.240		0.866	50.914	C18H39O3PS	[M + H]+	C18H40O3PS+	IPWSRNCDIGVQFU	InChI=1S/C18H39O3PS/c1-3-5-7-9-11-13-15-17-20-22(19,23)21-18-16-14-12-10-8-6-4-2/h3-18H2,1-2H3,(H,19,23)	Hydroxy-di(nonoxy)-sulfanylidene-lambda5-phosphane	CCCCCCCCCOP(=S)(O)OCCCCCCCCC	8.600	12598530	PUBCHEM:(12598530)	2	367.243	1213	20.210	857351224492986740	857336477350385140	857336477346190835	24320	
1	1	0.175	0.175	-140.328		0.790	9.022	C22H47NOS	[M + K]+	C22H47KNOS+	IAZNMYVBKMCCNN	InChI=1S/C22H47NOS/c1-4-5-6-7-8-9-10-11-12-13-14-15-16-17-18-19-20-21-22-23-25(2,3)24/h4-22H2,1-3H3	Icosylimino-dimethyl-oxo-lambda6-sulfane	CCCCCCCCCCCCCCCCCCCCN=S(=O)(C)C	10.200	23383418	PUBCHEM:(23383418)	2	412.301	1213	20.212	857351224249717098	857336477396522488	857336477396522487	24338	
1	1	0.084	0.084	-195.409		1.000	31.083	C13H24O3	[M + H]+	C13H25O3+	RGVKKPSIJLTRCD	InChI=1S/C13H24O3/c1-3-5-7-12-9-14-13(15-10-12,16-11-12)8-6-4-2/h3-11H2,1-2H3	2,6,7-Trioxabicyclo(2.2.2)octane, 1,4-dibutyl-	CCCCC12COC(OC1)(OC2)CCCC	3.300	3053996	PUBCHEMANNOTATIONSAFETYANDTOXIC:(null);PUBCHEM:(3053996);DSSTox:(DTXSID90220912)	137506062338	229.180	1213	20.220	857351432605965364	857336477442659836	857336477442659835	24398	
1	1	0.088	0.088	-263.206		0.994	36.443	C28H47NO5	[M + H]+	C28H48NO5+	CPQSMJLQYLFQJC	InChI=1S/C28H47NO5/c1-3-5-7-9-11-13-15-17-23-32-27(30)29-25-19-21-26(22-20-25)34-28(31)33-24-18-16-14-12-10-8-6-4-2/h19-22H,3-18,23-24H2,1-2H3,(H,29,30)	[4-(Decoxycarbonylamino)phenyl] decyl carbonate	CCCCCCCCCCOC(=O)NC1=CC=C(C=C1)OC(=O)OCCCCCCCCCC	10.700	139741035	PUBCHEM:(139741035)	2	478.353	1214	20.226	857351465581584679	857336477492991488	857336477492991487	24356	
1	1	0.084	0.084	-156.955		0.956	52.579	C21H44O4	[M + H]+	C21H45O4+	WSTMDVJUMOTWRD	InChI=1S/C21H44O4/c1-2-3-4-5-6-7-8-9-10-11-12-13-14-15-16-20(23)18-25-19-21(24)17-22/h20-24H,2-19H2,1H3	3-(2-Hydroxyoctadecoxy)propane-1,2-diol	CCCCCCCCCCCCCCCCC(COCC(CO)O)O	6.500	58426147;137323865	CHEBI:(169574);LIPIDMAPS:(LMGL01020064);PUBCHEM:(58426147 137323865)	2147483682	361.331	1214	20.227	857351458879086096	857336477539128836	857336477534934531	24381	
1	2	0.046	0.046	-181.897		0.077	29.066	C24H47N5	[M + H]+	C24H48N5+	IECJTEKWPSVUAI	InChI=1S/C24H47N5/c1-4-7-8-9-10-11-12-13-14-15-16-17-18-19-20-21-22-27-23(25-5-2)29-24(28-22)26-6-3/h4-21H2,1-3H3,(H2,25,26,27,28,29)	2-Heptadecyl-4,6-bis(ethylamino)-1,3,5-triazine	CCCCCCCCCCCCCCCCCC1=NC(=NC(=N1)NCC)NCC	10.100	33433	PUBCHEM:(33433)	2	406.389	1214	20.227	857351477258527232	857336477585266184	857336477585266183	24386	
1	1	0.940	0.964	-9.708		0.999	77.360	C21H26O3	[M + H]+	C21H27O3+	QUAMTGJKVDWJEQ	InChI=1S/C21H26O3/c1-2-3-4-5-6-10-15-24-18-13-14-19(20(22)16-18)21(23)17-11-8-7-9-12-17/h7-9,11-14,16,22H,2-6,10,15H2,1H3	Benzon OO	CCCCCCCCOC1=CC(=C(C=C1)C(=O)C2=CC=CC=C2)O	6.800	21418574;15797	PUBCHEMANNOTATIONBIO:(null);PUBCHEMANNOTATIONSAFETYANDTOXIC:(null);SUPERNATURAL:(SN0315174);HSDB:(1843-05-6);MESH:(15797);PUBCHEM:(21418574 15797);public_spectra_2506;COCONUT:(CNP0243778);NORMAN:(NS00005821);CHEBI:(135390);DSSTox:(DTXSID9027441);LOTUS:(Q7076680);PUBCHEMANNOTATIONDRUG:(null);PUBCHEMANNOTATIONFOOD:(null);PUBMED:(null)	146552390246	327.195	1225	20.424	857351474507063797	857336477639792140	857336477639792139	24591	
1	1	0.185	0.185	-155.628		1.000	26.264	C36H75N	[M + H]+	C36H76N+	SWZDQOUHBYYPJD	InChI=1S/C36H75N/c1-4-7-10-13-16-19-22-25-28-31-34-37(35-32-29-26-23-20-17-14-11-8-5-2)36-33-30-27-24-21-18-15-12-9-6-3/h4-36H2,1-3H3	Adogen 360	CCCCCCCCCCCCN(CCCCCCCCCCCC)CCCCCCCCCCCC	17.000	21932125;7624	PUBCHEMANNOTATIONBIO:(null);HMDB:(HMDB0037822);PUBCHEMANNOTATIONSAFETYANDTOXIC:(null);BloodExposome:(7624);SUPERNATURAL:(SN0357586);MESH:(7624);FooDB:(FDB016967);PUBCHEM:(21932125 7624);public_spectra_2506;COCONUT:(CNP0081825);NORMAN:(NS00014180);CHEBI:(134485);DSSTox:(DTXSID10430970 DTXSID70852593 DTXSID8047056);LOTUS:(Q27289177);PUBCHEMANNOTATIONDRUG:(null);PUBCHEMANNOTATIONFOOD:(null);PUBMED:(null)	147093454958	522.597	1229	20.476	857351573031266048	857336477690123792	857336477690123791	24641	
1	1	0.414	0.414	-94.865		0.500	51.784	C22H34O4	[M + H]+	C22H35O4+	RKELNIPLHQEBJO	InChI=1S/C22H34O4/c1-17(2)11-7-9-15-25-21(23)19-13-5-6-14-20(19)22(24)26-16-10-8-12-18(3)4/h5-6,13-14,17-18H,7-12,15-16H2,1-4H3	Bis(5-methylhexyl) Phthalate-3,4,5,6-D4	CC(C)CCCCOC(=O)C1=CC=CC=C1C(=O)OCCCCC(C)C	6.529	591200;131708636	PUBCHEMANNOTATIONBIO:(null);NORMAN:(NS00062095);PUBCHEMANNOTATIONSAFETYANDTOXIC:(null);SUPERNATURAL:(SN0327641);MESH:(591200);PUBCHEM:(591200 131708636);DSSTox:(DTXSID30872297);LOTUS:(Q4117109);PUBCHEMANNOTATIONDRUG:(null);PUBMED:(null)	137826140230	363.253	1229	20.492	857351578362226709	857336477761426964	857336477761426963	24647	
1	2	0.039	0.039	-548.883		0.318	14.879	C25H33N5O3	[M + H]+	C25H34N5O3+	IKSJWIBLHRKRQE	InChI=1S/C25H33N5O3/c1-3-5-13-26-16-23(31)28-19-9-7-18(8-10-19)25-30-21-15-20(11-12-22(21)33-25)29-24(32)17-27-14-6-4-2/h7-12,15,26-27H,3-6,13-14,16-17H2,1-2H3,(H,28,31)(H,29,32)	2-(butylamino)-N-[4-[5-[[2-(butylamino)-1-oxoethyl]amino]-1,3-benzoxazol-2-yl]phenyl]acetamide	CCCCNCC(=O)NC1=CC=C(C=C1)C2=NC3=C(O2)C=CC(=C3)NC(=O)CNCCCC	3.500	661339	CHEBI:(109590);PUBCHEM:(661339);PUBMED:(null)	98	452.264	1232	20.531	857351572649584364	857336477815952920	857336477815952919	24666	
1	2	0.117	0.117	-249.108		0.178	22.847	C22H36N2O4S	[M + H]+	C22H37N2O4S+	BRRJROMSGFGCNM	InChI=1S/C22H36N2O4S/c1-16(2)19-10-12-20(13-11-19)29(26,27)24-15-18-8-6-17(7-9-18)14-23-21(25)28-22(3,4)5/h10-13,16-18,24H,6-9,14-15H2,1-5H3,(H,23,25)	tert-butyl N-[[4-[[(4-propan-2-ylphenyl)sulfonylamino]methyl]cyclohexyl]methyl]carbamate	CC(C)C1=CC=C(C=C1)S(=O)(=O)NCC2CCC(CC2)CNC(=O)OC(C)(C)C	4.400	58002040	PUBCHEM:(58002040)	2	425.245	1246	20.760	857351572754441974	857336477862090268	857336477862090267	24830	
1	2	0.374	0.374	-158.595		0.000	73.882	C20H33ClO2	[M + H]+	C20H34ClO2+	RYKDWSNPZZWBHZ	InChI=1S/C20H33ClO2/c1-2-3-4-5-6-11-16-17(20(23)14-18(16)21)12-8-13-19(22)15-9-7-10-15/h5-6,8,12,15-20,22-23H,2-4,7,9-11,13-14H2,1H3	(1R,2R,3R,4R)-4-chloro-2-[(E)-4-cyclobutyl-4-hydroxybut-1-enyl]-3-[(Z)-hept-2-enyl]cyclopentan-1-ol	CCCCC=CCC1C(CC(C1C=CCC(C2CCC2)O)O)Cl	5.200	59070722	PUBCHEM:(59070722)	2	341.222	1251	20.854	857351592950019253	857336477912421920	857336477912421919	24898	
1	1	0.385	0.385	-38.701		0.950	31.427	C18H36N2S4	[M + H]+	C18H37N2S4+	PGAXJQVAHDTGBB	InChI=1S/C18H36N2S4/c1-5-9-13-19(14-10-6-2)17(21)23-24-18(22)20(15-11-7-3)16-12-8-4/h5-16H2,1-4H3	Tetrabutylthiuram disulfide	CCCCN(CCCC)C(=S)SSC(=S)N(CCCC)CCCC	7.634	15412	PUBCHEMANNOTATIONBIO:(null);NORMAN:(NS00025335);PUBCHEMANNOTATIONSAFETYANDTOXIC:(null);PUBCHEM:(15412);DSSTox:(DTXSID6049226);PUBMED:(null)	137523101762	409.183	1251	20.854	857351583529609876	857336477966947876	857336477966947875	24899	
1	1	0.076	0.076	-163.579		1.000	19.393	C19H39NO	[M + H]+	C19H40NO+	YTOPFCCWCSOHFV	InChI=1S/C19H39NO/c1-4-5-6-7-8-9-10-11-12-13-14-15-20-16-18(2)21-19(3)17-20/h18-19H,4-17H2,1-3H3	Calixine	CCCCCCCCCCCCCN1CC(OC(C1)C)C	6.900	25201990;12917941;32518;185834;185835	PUBCHEMANNOTATIONBIO:(null);HMDB:(HMDB0031810);PUBCHEMANNOTATIONSAFETYANDTOXIC:(null);SUPERNATURAL:(SN0459855);MESH:(32518);PUBCHEM:(25201990 12917941 32518 185834 185835);public_spectra_2506;COCONUT:(CNP0003341);NORMAN:(NS00004563);METACYC:(CPD-4505);CHEBI:(83365);KEGG:(C11285);DSSTox:(DTXSID301266810 DTXSID30204599 DTXSID3041376);PUBCHEMANNOTATIONDRUG:(null);PUBMED:(null)	146149738862	298.311	1253	20.886	857351579524048935	857336478013085224	857336478013085223	24916	
1	1	0.894	0.894	-29.686		0.997	29.285	C8H4O3	[M + H]+	C8H5O3+	LGRFSURHDFAFJT	InChI=1S/C8H4O3/c9-7-5-3-1-2-4-6(5)8(10)11-7/h1-4H	Wiltrol P	C1=CC=C2C(=C1)C(=O)OC2=O	1.300	16212996;23560834;141744202;71751657;123741998;6811;71309648	PUBCHEMANNOTATIONBIO:(null);HMDB:(HMDB0256501);PUBCHEMANNOTATIONSAFETYANDTOXIC:(null);BloodExposome:(6811);SUPERNATURAL:(SN0204975);HSDB:(85-44-9);MESH:(6811);PUBCHEM:(16212996 23560834 141744202 71751657 123741998 6811 71309648);public_spectra_2506;MACONDA:(CON00081);COCONUT:(CNP0332462);NORMAN:(NS00004500);CHEBI:(36605);DSSTox:(DTXSID2021159 DTXSID40583761);LOTUS:(Q410882);PUBCHEMANNOTATIONDRUG:(null);PUBCHEMANNOTATIONFOOD:(null);PUBMED:(null)	146556585582	149.023	1253	20.890	857351583034681987	857336478067611180	857336478067611179	24930	
1	1	0.447	0.678	-56.095		1.000	47.352	C22H34O4	[M + H]+	C22H35O4+	JQCXWCOOWVGKMT	InChI=1S/C22H34O4/c1-3-5-7-9-13-17-25-21(23)19-15-11-12-16-20(19)22(24)26-18-14-10-8-6-4-2/h11-12,15-16H,3-10,13-14,17-18H2,1-2H3	Diheptyl Phthalate	CCCCCCCOC(=O)C1=CC=CC=C1C(=O)OCCCCCCC	6.968	102601149;19284	PUBCHEMANNOTATIONBIO:(null);HMDB:(HMDB0251285);PUBCHEMANNOTATIONSAFETYANDTOXIC:(null);BloodExposome:(19284);SUPERNATURAL:(SN0172230);HSDB:(3648-21-3);MESH:(19284);PUBCHEM:(102601149 19284);COCONUT:(CNP0263111);NORMAN:(NS00015469);CHEBI:(34677);KEGG:(C14575);DSSTox:(DTXSID001334361 DTXSID8040779);LOTUS:(Q2943515);PUBMED:(null)	137798878062	363.253	1254	20.899	857351598209676988	857336478159885876	857336478159885875	24926	
1	1	0.334	0.334	-105.573		1.000	11.324	C38H79N	[M + H]+	C38H80N+	OGQYPPBGSLZBEG	InChI=1S/C38H80N/c1-5-7-9-11-13-15-17-19-21-23-25-27-29-31-33-35-37-39(3,4)38-36-34-32-30-28-26-24-22-20-18-16-14-12-10-8-6-2/h5-38H2,1-4H3/q+1		CCCCCCCCCCCCCCCCCC[N+](C)(C)CCCCCCCCCCCCCCCCCC	17.900	162343526;88377743;131865911;7880	PUBCHEMANNOTATIONBIO:(null);NORMAN:(NS00013644 NS00083234);BloodExposome:(77293 7880 7879);METACYC:(CPD0-2630);SUPERNATURAL:(SN0264911);HSDB:(107-64-2);MESH:(7880);PUBCHEM:(162343526 88377743 131865911 7880);DSSTox:(DTXSID00859191 DTXSID60562290 DTXSID60884005 DTXSID8026771);PUBCHEMANNOTATIONDRUG:(null);PUBMED:(null)	137494792774	550.629	1259	20.976	857351591221964933	857336478222800440	857336478218606135	24982	
1	1	0.069	0.069	-173.614		1.000	15.190	C18H37NO	[M + H]+	C18H38NO+	LYRFLYHAGKPMFH	InChI=1S/C18H37NO/c1-2-3-4-5-6-7-8-9-10-11-12-13-14-15-16-17-18(19)20/h2-17H2,1H3,(H2,19,20)	Adogen 42	CCCCCCCCCCCCCCCCCC(=O)N	6.576	149251719;31292;57432293	PUBCHEMANNOTATIONBIO:(null);HMDB:(HMDB0034146);PUBCHEMANNOTATIONSAFETYANDTOXIC:(null);BloodExposome:(31292);LIPIDMAPS:(LMFA08010003);SUPERNATURAL:(SN0218991);HSDB:(124-26-5);MESH:(31292);FooDB:(FDB012421);PUBCHEM:(149251719 31292 57432293);public_spectra_2506;GNPS:(CCMSLIB00003139741);MACONDA:(CON00105);COCONUT:(CNP0310603);NORMAN:(NS00003249 NS00102453);CHEBI:(34900);KEGG:(C13846);DSSTox:(DTXSID9027025);LOTUS:(Q27116315);PUBCHEMANNOTATIONDRUG:(null);PUBCHEMANNOTATIONFOOD:(null);PUBMED:(null);KNAPSACK:(LYRFLYHAGKPMFH-UHFFFAOYSA-N)	149240944510	284.295	1271	21.192	857351588655050337	857336478268937788	857336478268937787	25178	
1	1	0.641	0.661	-100.063		0.500	44.572	C20H41NO	[M + H]+	C20H42NO+	MFARGUPPFBTESX	InChI=1S/C20H41NO/c1-4-7-10-11-12-13-14-15-16-17-20(22)21(18-8-5-2)19-9-6-3/h4-19H2,1-3H3	N,N-Dibutyldodecanamide	CCCCCCCCCCCC(=O)N(CCCC)CCCC	7.400	219313	NORMAN:(NS00001534);PUBCHEM:(219313);DSSTox:(DTXSID80968098)	137439215618	312.326	1275	21.249	857351596829750678	857336478323463744	857336478323463743	25214	
1	1	0.148	0.148	-91.769		0.984	19.961	C20H42O3	[M + H]+	C20H43O3+	NMSBTWLFBGNKON	InChI=1S/C20H42O3/c1-2-3-4-5-6-7-8-9-10-11-12-13-14-15-17-22-19-20-23-18-16-21/h21H,2-20H2,1H3		CCCCCCCCCCCCCCCCOCCOCCO	6.310	4303686	NORMAN:(NS00076680);PUBCHEM:(4303686);DSSTox:(DTXSID001020754)	137439215618	331.321	1282	21.367	857351608573805085	857336478373795396	857336478369601091	25316	
1	1	0.792	0.792	-21.518		1.000	42.845	C24H38O4	[M + H]+	C24H39O4+	BJQHLKABXJIVAM	InChI=1S/C24H38O4/c1-5-9-13-19(7-3)17-27-23(25)21-15-11-12-16-22(21)24(26)28-18-20(8-4)14-10-6-2/h11-12,15-16,19-20H,5-10,13-14,17-18H2,1-4H3	Dehp	CCCCC(CC)COC(=O)C1=CC=CC=C1C(=O)OCC(CC)CCCC	7.427	162343651;16213881;7057919;7057920;7057921;124202837;89523949;131708782;8343;90472189;71308391	PUBCHEMANNOTATIONBIO:(null);HMDB:(HMDB0249243);PUBCHEMANNOTATIONSAFETYANDTOXIC:(null);BloodExposome:(8343 7057919);SUPERNATURAL:(SN0027394);HSDB:(117-81-7);MESH:(8343);PUBCHEM:(162343651 16213881 7057919 7057920 7057921 124202837 89523949 131708782 8343 90472189 71308391);public_spectra_2506;GNPS:(CCMSLIB00003136704 CCMSLIB00003136650 CCMSLIB00000579924);MACONDA:(CON00009);COCONUT:(CNP0205036);NORMAN:(NS00010309 NS00010909);METACYC:(BIS2-ETHYLHEXYLPHTHALATE);CHEBI:(17747);KEGG:(C03690);DSSTox:(DTXSID20584155 DTXSID5020607 DTXSID601334545);LOTUS:(Q418492 Q104937263 Q115785563);PUBCHEMANNOTATIONDRUG:(null);PUBCHEMANNOTATIONFOOD:(null);PUBMED:(null);KNAPSACK:(BJQHLKABXJIVAM-UHFFFAOYSA-N)	146556591998	391.284	1289	21.484	857351608418615827	857336478419932744	857336478415738439	25414	
1	1	0.140	0.140	-146.416		1.000	92.123	C22H43NO	[M + H]+	C22H44NO+	COUPDYRANTUKKV	InChI=1S/C22H43NO/c1-2-3-4-5-6-7-8-9-10-11-12-13-14-15-16-17-18-19-20-21-22(23)24/h16-17H,2-15,18-21H2,1H3,(H2,23,24)	docos-6-enamide	CCCCCCCCCCCCCCCC=CCCCCC(=O)N	8.800	53732411;44584605	COCONUT:(CNP0282270);CHEBI:(69545);SUPERNATURAL:(SN0051587);PUBCHEM:(53732411 44584605);LOTUS:(Q104967308 Q27137884);PUBMED:(null)	271581282	338.342	1292	21.532	857351608661885496	857336478474458700	857336478474458699	25457	
1	1	0.503	0.503	-65.474		1.000	55.233	C23H36O4	[M + H]+	C23H37O4+	JOKDLBAVBHGFGT	InChI=1S/C23H36O4/c1-3-5-7-9-10-11-15-19-27-23(25)21-17-13-12-16-20(21)22(24)26-18-14-8-6-4-2/h12-13,16-17H,3-11,14-15,18-19H2,1-2H3	Phthalic acid, hexyl nonyl ester	CCCCCCCCCOC(=O)C1=CC=CC=C1C(=O)OCCCCCC	7.417	6423396	NORMAN:(NS00076526);PUBCHEM:(6423396);DSSTox:(DTXSID70423686)	137439215618	377.269	1295	21.582	857351608577999395	857336478520596048	857336478520596047	25520	
1	1	0.573	0.679	-31.209		0.499	42.377	C8H4O3	[M + H]+	C8H5O3+	LGRFSURHDFAFJT	InChI=1S/C8H4O3/c9-7-5-3-1-2-4-6(5)8(10)11-7/h1-4H	Wiltrol P	C1=CC=C2C(=C1)C(=O)OC2=O	1.300	16212996;23560834;141744202;71751657;123741998;6811;71309648	PUBCHEMANNOTATIONBIO:(null);HMDB:(HMDB0256501);PUBCHEMANNOTATIONSAFETYANDTOXIC:(null);BloodExposome:(6811);SUPERNATURAL:(SN0204975);HSDB:(85-44-9);MESH:(6811);PUBCHEM:(16212996 23560834 141744202 71751657 123741998 6811 71309648);public_spectra_2506;MACONDA:(CON00081);COCONUT:(CNP0332462);NORMAN:(NS00004500);CHEBI:(36605);DSSTox:(DTXSID2021159 DTXSID40583761);LOTUS:(Q410882);PUBCHEMANNOTATIONDRUG:(null);PUBCHEMANNOTATIONFOOD:(null);PUBMED:(null)	146556585582	149.023	1296	21.598	857351615838339733	857336478617065048	857336478617065047	25517	
1	2	0.071	0.071	-64.733		0.418	12.666	C6H12FO2P	[M + K]+	C6H12FKO2P+	OZSZZVZOWFTUMI	InChI=1S/C6H12FO2P/c1-2-10(7,8)9-6-4-3-5-6/h6H,2-5H2,1H3	Cyclobutyl ethylphosphonofluoridoate	CCP(=O)(OC1CCC1)F	1.200	586579	PUBCHEM:(586579)	2	205.017	1298	21.628	857351617310540461	857336478948415080	857336478948415079	25538	
1	1	0.882	0.882	-53.890		1.000	80.437	C22H42O4	[M + H]+	C22H43O4+	SAOKZLXYCUGLFA	InChI=1S/C22H42O4/c1-5-9-13-19(7-3)17-25-21(23)15-11-12-16-22(24)26-18-20(8-4)14-10-6-2/h19-20H,5-18H2,1-4H3	Mollan S	CCCCC(CC)COC(=O)CCCCC(=O)OCC(CC)CCCC	6.800	154790032;40468165;40468166;25021586;10474929;129318096;131869150;7641	PUBCHEMANNOTATIONBIO:(null);HMDB:(HMDB0040270);PUBCHEMANNOTATIONSAFETYANDTOXIC:(null);BloodExposome:(7641);LIPIDMAPS:(LMFA07020005);SUPERNATURAL:(SN0340260);HSDB:(103-23-1);MESH:(7641);FooDB:(FDB019988);PUBCHEM:(154790032 40468165 40468166 25021586 10474929 129318096 131869150 7641);public_spectra_2506;MACONDA:(CON00008);COCONUT:(CNP0163215);NORMAN:(NS00008424 NS00102309);METACYC:(CPD-25450);CHEBI:(34675);KEGG:(C14240);DSSTox:(DTXSID0020606);LOTUS:(Q412835 Q105249002);PUBCHEMANNOTATIONDRUG:(null);PUBCHEMANNOTATIONFOOD:(null);PUBMED:(null)	149240942446	371.316	1299	21.650	857351622624723662	857336479032301168	857336479032301167	25611	
1	1	0.811	0.811	-20.186		1.000	65.015	C24H38O4	[M + H]+	C24H39O4+	BJQHLKABXJIVAM	InChI=1S/C24H38O4/c1-5-9-13-19(7-3)17-27-23(25)21-15-11-12-16-22(21)24(26)28-18-20(8-4)14-10-6-2/h11-12,15-16,19-20H,5-10,13-14,17-18H2,1-4H3	Dehp	CCCCC(CC)COC(=O)C1=CC=CC=C1C(=O)OCC(CC)CCCC	7.427	162343651;16213881;7057919;7057920;7057921;124202837;89523949;131708782;8343;90472189;71308391	PUBCHEMANNOTATIONBIO:(null);HMDB:(HMDB0249243);PUBCHEMANNOTATIONSAFETYANDTOXIC:(null);BloodExposome:(8343 7057919);SUPERNATURAL:(SN0027394);HSDB:(117-81-7);MESH:(8343);PUBCHEM:(162343651 16213881 7057919 7057920 7057921 124202837 89523949 131708782 8343 90472189 71308391);public_spectra_2506;GNPS:(CCMSLIB00003136704 CCMSLIB00003136650 CCMSLIB00000579924);MACONDA:(CON00009);COCONUT:(CNP0205036);NORMAN:(NS00010309 NS00010909);METACYC:(BIS2-ETHYLHEXYLPHTHALATE);CHEBI:(17747);KEGG:(C03690);DSSTox:(DTXSID20584155 DTXSID5020607 DTXSID601334545);LOTUS:(Q418492 Q104937263 Q115785563);PUBCHEMANNOTATIONDRUG:(null);PUBCHEMANNOTATIONFOOD:(null);PUBMED:(null);KNAPSACK:(BJQHLKABXJIVAM-UHFFFAOYSA-N)	146556591998	391.284	1300	21.663	857351632904962837	857336479078438516	857336479078438515	25626	
1	1	0.056	0.087	-284.609		1.000	25.989	C24H49NO4	[M + H]+	C24H50NO4+	IBQAJPHETRMPLD	InChI=1S/C24H49NO4/c1-3-5-7-8-9-10-11-12-13-14-15-16-17-19-22(27)21(20-26)25-24(29)23(28)18-6-4-2/h21-23,26-28H,3-20H2,1-2H3,(H,25,29)	(2R)-N-[(2S,3R)-1,3-dihydroxyoctadecan-2-yl]-2-hydroxyhexanamide	CCCCCCCCCCCCCCCC(C(CO)NC(=O)C(CCCC)O)O	7.200	86290084;22974282;49843566;18625175	CHEBI:(83248);PUBCHEM:(86290084 22974282 49843566 18625175);PUBCHEMANNOTATIONDRUG:(null);PUBMED:(null)	33554530	416.373	1310	21.825	857351609035178561	857336479124575864	857336479124575863	25829	
1	1	0.874	0.874	-34.337		1.000	73.943	C22H42O4	[M + H]+	C22H43O4+	SAOKZLXYCUGLFA	InChI=1S/C22H42O4/c1-5-9-13-19(7-3)17-25-21(23)15-11-12-16-22(24)26-18-20(8-4)14-10-6-2/h19-20H,5-18H2,1-4H3	Mollan S	CCCCC(CC)COC(=O)CCCCC(=O)OCC(CC)CCCC	6.800	154790032;40468165;40468166;25021586;10474929;129318096;131869150;7641	PUBCHEMANNOTATIONBIO:(null);HMDB:(HMDB0040270);PUBCHEMANNOTATIONSAFETYANDTOXIC:(null);BloodExposome:(7641);LIPIDMAPS:(LMFA07020005);SUPERNATURAL:(SN0340260);HSDB:(103-23-1);MESH:(7641);FooDB:(FDB019988);PUBCHEM:(154790032 40468165 40468166 25021586 10474929 129318096 131869150 7641);public_spectra_2506;MACONDA:(CON00008);COCONUT:(CNP0163215);NORMAN:(NS00008424 NS00102309);METACYC:(CPD-25450);CHEBI:(34675);KEGG:(C14240);DSSTox:(DTXSID0020606);LOTUS:(Q412835 Q105249002);PUBCHEMANNOTATIONDRUG:(null);PUBCHEMANNOTATIONFOOD:(null);PUBMED:(null)	149240942446	371.316	1310	21.826	857351624486994658	857336479166518908	857336479166518907	25825	
1	1	0.879	0.879	-49.468		1.000	52.904	C22H42O4	[M + H3N + H]+	C22H46NO4+	SAOKZLXYCUGLFA	InChI=1S/C22H42O4/c1-5-9-13-19(7-3)17-25-21(23)15-11-12-16-22(24)26-18-20(8-4)14-10-6-2/h19-20H,5-18H2,1-4H3	Mollan S	CCCCC(CC)COC(=O)CCCCC(=O)OCC(CC)CCCC	6.800	154790032;40468165;40468166;25021586;10474929;129318096;131869150;7641	PUBCHEMANNOTATIONBIO:(null);HMDB:(HMDB0040270);PUBCHEMANNOTATIONSAFETYANDTOXIC:(null);BloodExposome:(7641);LIPIDMAPS:(LMFA07020005);SUPERNATURAL:(SN0340260);HSDB:(103-23-1);MESH:(7641);FooDB:(FDB019988);PUBCHEM:(154790032 40468165 40468166 25021586 10474929 129318096 131869150 7641);public_spectra_2506;MACONDA:(CON00008);COCONUT:(CNP0163215);NORMAN:(NS00008424 NS00102309);METACYC:(CPD-25450);CHEBI:(34675);KEGG:(C14240);DSSTox:(DTXSID0020606);LOTUS:(Q412835 Q105249002);PUBCHEMANNOTATIONDRUG:(null);PUBCHEMANNOTATIONFOOD:(null);PUBMED:(null)	149240942446	388.342	1310	21.828	857351626256990966	857336479208461952	857336479208461951	25826	
1	1	0.084	0.084	-389.082		0.702	47.079	C21H25ClN4OS2	[M + Na]+	C21H25ClN4NaOS2+	SUJPMPMXQFHKGP	InChI=1S/C21H25ClN4OS2/c1-4-5-6-7-8-18(27)26-21-23-14(3)19(29-21)17-12-28-20(25-17)24-16-11-15(22)10-9-13(16)2/h9-12H,4-8H2,1-3H3,(H,24,25)(H,23,26,27)	N-[5-[2-(5-chloro-2-methylanilino)-4-thiazolyl]-4-methyl-2-thiazolyl]heptanamide	CCCCCCC(=O)NC1=NC(=C(S1)C2=CSC(=N2)NC3=C(C=CC(=C3)Cl)C)C	6.900	11958621	CHEBI:(114692);PUBCHEM:(11958621);PUBMED:(null)	98	471.105	1312	21.873	857351632686859018	857336479262987908	857336479262987907	25856	
1	1	0.541	0.541	-35.128		0.829	26.409	C26H42O4	[M + H]+	C26H43O4+	FEDPFYJRECQFHW	InChI=1S/C26H42O4/c1-5-21(3)15-9-7-13-19-29-25(27)23-17-11-12-18-24(23)26(28)30-20-14-8-10-16-22(4)6-2/h11-12,17-18,21-22H,5-10,13-16,19-20H2,1-4H3	Bis(6-methyloctyl) phthalate	CCC(C)CCCCCOC(=O)C1=CC=CC=C1C(=O)OCCCCCC(C)CC	8.326	3020639	NORMAN:(NS00064040);PUBCHEM:(3020639);DSSTox:(DTXSID1058684)	137439215618	419.315	1333	22.214	857351625304883948	857336479669835428	857336479665641123	26099	
1	1	0.664	0.664	-33.824		1.000	58.348	C24H38O4	[M + H]+	C24H39O4+	BJQHLKABXJIVAM	InChI=1S/C24H38O4/c1-5-9-13-19(7-3)17-27-23(25)21-15-11-12-16-22(21)24(26)28-18-20(8-4)14-10-6-2/h11-12,15-16,19-20H,5-10,13-14,17-18H2,1-4H3	Dehp	CCCCC(CC)COC(=O)C1=CC=CC=C1C(=O)OCC(CC)CCCC	7.427	162343651;16213881;7057919;7057920;7057921;124202837;89523949;131708782;8343;90472189;71308391	PUBCHEMANNOTATIONBIO:(null);HMDB:(HMDB0249243);PUBCHEMANNOTATIONSAFETYANDTOXIC:(null);BloodExposome:(8343 7057919);SUPERNATURAL:(SN0027394);HSDB:(117-81-7);MESH:(8343);PUBCHEM:(162343651 16213881 7057919 7057920 7057921 124202837 89523949 131708782 8343 90472189 71308391);public_spectra_2506;GNPS:(CCMSLIB00003136704 CCMSLIB00003136650 CCMSLIB00000579924);MACONDA:(CON00009);COCONUT:(CNP0205036);NORMAN:(NS00010309 NS00010909);METACYC:(BIS2-ETHYLHEXYLPHTHALATE);CHEBI:(17747);KEGG:(C03690);DSSTox:(DTXSID20584155 DTXSID5020607 DTXSID601334545);LOTUS:(Q418492 Q104937263 Q115785563);PUBCHEMANNOTATIONDRUG:(null);PUBCHEMANNOTATIONFOOD:(null);PUBMED:(null);KNAPSACK:(BJQHLKABXJIVAM-UHFFFAOYSA-N)	146556591998	391.284	1334	22.239	857351629700514560	857336479711778472	857336479711778471	26117	
1	1	0.891	0.891	-29.734		0.997	38.010	C8H4O3	[M + H]+	C8H5O3+	LGRFSURHDFAFJT	InChI=1S/C8H4O3/c9-7-5-3-1-2-4-6(5)8(10)11-7/h1-4H	Wiltrol P	C1=CC=C2C(=C1)C(=O)OC2=O	1.300	16212996;23560834;141744202;71751657;123741998;6811;71309648	PUBCHEMANNOTATIONBIO:(null);HMDB:(HMDB0256501);PUBCHEMANNOTATIONSAFETYANDTOXIC:(null);BloodExposome:(6811);SUPERNATURAL:(SN0204975);HSDB:(85-44-9);MESH:(6811);PUBCHEM:(16212996 23560834 141744202 71751657 123741998 6811 71309648);public_spectra_2506;MACONDA:(CON00081);COCONUT:(CNP0332462);NORMAN:(NS00004500);CHEBI:(36605);DSSTox:(DTXSID2021159 DTXSID40583761);LOTUS:(Q410882);PUBCHEMANNOTATIONDRUG:(null);PUBCHEMANNOTATIONFOOD:(null);PUBMED:(null)	146556585582	149.023	1335	22.252	857351709077717802	857336479766304428	857336479766304427	26114	
1	1	0.028	0.028	-175.034		0.911	146.921	C6H7N3O2S	[M + K]+	C6H7KN3O2S+	LRGBSHQFAZWNDF	InChI=1S/C6H7N3O2S/c1-11-9-4(2-10)5-3-12-6(7)8-5/h2-3H,1H3,(H2,7,8)	2-(2-Amino-1,3-thiazol-4-YL)-(Z)-2-methoxyiminoacetyl chloride hydrochloride	CON=C(C=O)C1=CSC(=N1)N	0.900	22395241;53839449;22814710	NORMAN:(NS00021553);PUBCHEMANNOTATIONSAFETYANDTOXIC:(null);PUBCHEM:(22395241 53839449 22814710)	67371010	223.988	1343	22.379	857351851495310163	857336479854384820	857336479850190515	26215	
1	1	0.048	0.048	-312.379		0.614	39.788	C20H22Cl2N6O2	[M + Na]+	C20H22Cl2N6NaO2+	AIFBVNWZVSXPTA	InChI=1S/C20H22Cl2N6O2/c1-30-17(29)7-5-14-11-25-28-18(14)26-19(23-9-12-2-3-12)27-20(28)24-10-13-4-6-15(21)16(22)8-13/h4,6,8,11-12H,2-3,5,7,9-10H2,1H3,(H2,23,24,26,27)	methyl 3-{2-[(cyclopropylmethyl)amino]-4-{[(3,4-dichlorophenyl)methyl]amino}pyrazolo[1,5-a][1,3,5]triazin-8-yl}propanoate	COC(=O)CCC1=C2N=C(N=C(N2N=C1)NCC3=CC(=C(C=C3)Cl)Cl)NCC4CC4	4.300	45934615	COCONUT:(CNP0071471);PUBCHEM:(45934615)	2097154	471.105	1355	22.576	857352001005470621	857336480047322820	857336480047322819	26341	
1	4	0.008	0.008	-202.427		0.000	76.021	C10H13NO8S	[M + H]+	C10H14NO8S+	BDTDDAUDIAOKPX	InChI=1S/C10H13NO8S/c1-5(2)6(12)3-9(14)19-11-8(13)4-7(10(11)15)20(16,17)18/h5,7H,3-4H2,1-2H3,(H,16,17,18)	1-(4-Methyl-3-oxopentanoyl)oxy-2,5-dioxopyrrolidine-3-sulfonic acid	CC(C)C(=O)CC(=O)ON1C(=O)CC(C1=O)S(=O)(=O)O	-0.300	89397916	PUBCHEM:(89397916)	2	308.044	1355	22.579	857351959494443913	857336480110237384	857336480110237383	26339	
1	1	0.068	0.068	-348.640		0.285	38.552	C17H20N6O7S	[M + Na]+	C17H20N6NaO7S+	PXDNXJSDGQBLKS	InChI=1S/C17H20N6O7S/c1-23(2)15(25)11-6-5-10(18-9-24)7-12(11)31(27,28)22-17(26)21-16-19-13(29-3)8-14(20-16)30-4/h5-9H,1-4H3,(H,18,24)(H2,19,20,21,22,26)	Option 35WDG	CN(C)C(=O)C1=C(C=C(C=C1)NC=O)S(=O)(=O)NC(=O)NC2=NC(=CC(=N2)OC)OC	0.500	11419598	PUBCHEMANNOTATIONBIO:(null);COCONUT:(CNP0462789);NORMAN:(NS00000389);PUBCHEMANNOTATIONSAFETYANDTOXIC:(null);CHEBI:(83502);SUPERNATURAL:(SN0297496);HSDB:(173159-57-4);PUBCHEM:(11419598);public_spectra_2506;DSSTox:(DTXSID7034753);PUBCHEMANNOTATIONDRUG:(null);PUBMED:(null)	146149737058	475.099	1355	22.582	857351983947236242	857336480168957644	857336480168957643	26351	
1	1	0.627	0.627	-36.807		0.996	53.159	C26H42O4	[M + H]+	C26H43O4+	HBGGXOJOCNVPFY	InChI=1S/C26H42O4/c1-21(2)15-9-5-7-13-19-29-25(27)23-17-11-12-18-24(23)26(28)30-20-14-8-6-10-16-22(3)4/h11-12,17-18,21-22H,5-10,13-16,19-20H2,1-4H3	Palatinol N-d4	CC(C)CCCCCCOC(=O)C1=CC=CC=C1C(=O)OCCCCCCC(C)C	8.326	590836;71316285	PUBCHEMANNOTATIONBIO:(null);HMDB:(HMDB0251352);PUBCHEMANNOTATIONSAFETYANDTOXIC:(null);BloodExposome:(590836);MESH:(590836);PUBCHEM:(590836 71316285);public_spectra_2506;NORMAN:(NS00010511);CHEBI:(35459);KEGG:(C15221);DSSTox:(DTXSID40747689 DTXSID60860420);PUBCHEMANNOTATIONDRUG:(null);PUBCHEMANNOTATIONFOOD:(null);PUBMED:(null)	146285003118	419.316	1365	22.755	857352011386373581	857336480269620948	857336480269620947	26479	
1	1	0.080	0.080	-246.234		0.987	10.554	C28H49NO4	[M + H]+	C28H50NO4+	FLIRMHRROOCGFV	InChI=1S/C28H49NO4/c1-2-3-4-5-6-7-8-9-10-11-12-13-14-15-16-19-22-33-24-25(23-30)29-27-21-18-17-20-26(27)28(31)32/h17-18,20-21,25,29-30H,2-16,19,22-24H2,1H3,(H,31,32)	2-[[(2S)-1-hydroxy-3-octadecoxypropan-2-yl]amino]benzoic acid	CCCCCCCCCCCCCCCCCCOCC(CO)NC1=CC=CC=C1C(=O)O	10.100	163260068	PUBCHEM:(163260068)	2	464.373	1366	22.770	857352012451726864	857336480324146904	857336480319952599	26472	
1	1	0.076	0.076	-248.032		0.985	10.475	C28H49NO4	[M + H]+	C28H50NO4+	FLIRMHRROOCGFV	InChI=1S/C28H49NO4/c1-2-3-4-5-6-7-8-9-10-11-12-13-14-15-16-19-22-33-24-25(23-30)29-27-21-18-17-20-26(27)28(31)32/h17-18,20-21,25,29-30H,2-16,19,22-24H2,1H3,(H,31,32)	2-[[(2S)-1-hydroxy-3-octadecoxypropan-2-yl]amino]benzoic acid	CCCCCCCCCCCCCCCCCCOCC(CO)NC1=CC=CC=C1C(=O)O	10.100	163260068	PUBCHEM:(163260068)	2	464.373	1372	22.868	857352012313314822	857336480441587424	857336480441587423	26564	
1	1	0.527	0.527	-38.818		0.995	74.911	C26H42O4	[M + H]+	C26H43O4+	HBGGXOJOCNVPFY	InChI=1S/C26H42O4/c1-21(2)15-9-5-7-13-19-29-25(27)23-17-11-12-18-24(23)26(28)30-20-14-8-6-10-16-22(3)4/h11-12,17-18,21-22H,5-10,13-16,19-20H2,1-4H3	Palatinol N-d4	CC(C)CCCCCCOC(=O)C1=CC=CC=C1C(=O)OCCCCCCC(C)C	8.326	590836;71316285	PUBCHEMANNOTATIONBIO:(null);HMDB:(HMDB0251352);PUBCHEMANNOTATIONSAFETYANDTOXIC:(null);BloodExposome:(590836);MESH:(590836);PUBCHEM:(590836 71316285);public_spectra_2506;NORMAN:(NS00010511);CHEBI:(35459);KEGG:(C15221);DSSTox:(DTXSID40747689 DTXSID60860420);PUBCHEMANNOTATIONDRUG:(null);PUBCHEMANNOTATIONFOOD:(null);PUBMED:(null)	146285003118	419.316	1372	22.874	857352010966943166	857336480500307684	857336480496113379	26568	
1	1	0.485	0.485	-58.029		0.997	18.303	C25H40O4	[M + H]+	C25H41O4+	VXRCCQHRKSLUGE	InChI=1S/C25H40O4/c1-4-5-6-7-8-9-14-19-28-24(26)22-17-12-13-18-23(22)25(27)29-20-15-10-11-16-21(2)3/h12-13,17-18,21H,4-11,14-16,19-20H2,1-3H3	Isooctyl nonyl phthalate	CCCCCCCCCOC(=O)C1=CC=CC=C1C(=O)OCCCCCC(C)C	8.096	44150511	NORMAN:(NS00040490);PUBCHEM:(44150511);DSSTox:(DTXSID30242294)	137439215618	405.300	1374	22.904	857352011839358457	857336480554833640	857336480554833639	26594	
1	1	0.140	0.140	-152.632		1.000	41.282	C24H47NO	[M + H]+	C24H48NO+	FXUDPARCGRIVON	InChI=1S/C24H47NO/c1-2-3-4-5-6-7-8-9-10-11-12-13-14-15-16-17-18-19-20-21-22-23-24(25)26/h9-10H,2-8,11-23H2,1H3,(H2,25,26)	Nervonamide	CCCCCCCCC=CCCCCCCCCCCCCCC(=O)N	9.900	17868995;53824061;11963502	PUBCHEMANNOTATIONBIO:(null);CHEBI:(146166);PUBCHEM:(17868995 53824061 11963502);PUBCHEMANNOTATIONDRUG:(null);PUBMED:(null)	50331746	366.373	1387	23.108	857352025001084859	857336480663885552	857336480663885551	26740	
1	1	0.524	0.524	-55.004		1.000	58.634	C27H44O4	[M + H]+	C27H45O4+	KCQILOGVXGLBNG	InChI=1S/C27H44O4/c1-22(2)16-10-6-5-8-14-20-30-26(28)24-18-12-13-19-25(24)27(29)31-21-15-9-7-11-17-23(3)4/h12-13,18-19,22-23H,5-11,14-17,20-21H2,1-4H3	Isodecyl isononyl phthalate	CC(C)CCCCCCCOC(=O)C1=CC=CC=C1C(=O)OCCCCCCC(C)C	8.775	44146763	NORMAN:(NS00038816);PUBCHEM:(44146763);DSSTox:(DTXSID30234316)	137439215618	433.331	1396	23.270	857352019154224678	857336480756160248	857336480756160247	26918	
1	1	0.329	0.329	-8.717		0.995	63.125	C6H18O3Si3	[M + H]+	C6H19O3Si3+	POWRUCTWJZZACU	InChI=1S/C6H18O3Si3/c1-10(2)7-8-12(5,6)9-11(3)4/h1-6H3		C[Si](C)OO[Si](C)(C)O[Si](C)C	3.602	88039270	PUBCHEM:(88039270)	2	223.064	1413	23.549	857352038661936030	857336480806491900	857336480806491899	27114	
1	1	0.110	0.110	-186.236		0.700	35.913	C18H22N4O3S2	[M + K]+	C18H22KN4O3S2+	RWMDOLAZOGTYIE	InChI=1S/C18H22N4O3S2/c1-11(2)17(25)22-18-21-15(9-27-18)8-26-10-16(24)20-14-6-4-13(5-7-14)19-12(3)23/h4-7,9,11H,8,10H2,1-3H3,(H,19,23)(H,20,24)(H,21,22,25)	N-[4-[[2-(4-acetamidoanilino)-2-oxoethyl]sulfanylmethyl]-1,3-thiazol-2-yl]-2-methylpropanamide	CC(C)C(=O)NC1=NC(=CS1)CSCC(=O)NC2=CC=C(C=C2)NC(=O)C	2.100	44039033	PUBCHEM:(44039033)	2	445.076	1413	23.557	857352060455539830	857336480856823552	857336480856823551	27101	
1	1	0.208	0.823	-7.690		0.500	39.333	C10H30O5Si5	[M + H]+	C10H31O5Si5+	XMSXQFUHVRWGNA	InChI=1S/C10H30O5Si5/c1-16(2)11-17(3,4)13-19(7,8)15-20(9,10)14-18(5,6)12-16/h1-10H3	decamethyl-1,3,5,7,9,2,4,6,8,10-pentaoxapentasilecane	C[Si]1(O[Si](O[Si](O[Si](O[Si](O1)(C)C)(C)C)(C)C)(C)C)C	6.094	22883046;100931387;10913	PUBCHEMANNOTATIONBIO:(null);PUBCHEMANNOTATIONSAFETYANDTOXIC:(null);BloodExposome:(10913);SUPERNATURAL:(SN0434476);HSDB:(541-02-6);MESH:(10913);PUBCHEM:(22883046 100931387 10913);MACONDA:(CON00018);COCONUT:(CNP0346952);NORMAN:(NS00043162);CHEBI:(191092);DSSTox:(DTXSID1027184);PUBCHEMANNOTATIONDRUG:(null);PUBMED:(null)	137563997798	371.101	1414	23.562	857352055023916108	857336480953292552	857336480953292551	27132	
1	1	0.190	0.190	-11.390		0.500	39.888	C12H36O6Si6	[M + H]+	C12H37O6Si6+	IUMSDRXLFWAGNT	InChI=1S/C12H36O6Si6/c1-19(2)13-20(3,4)15-22(7,8)17-24(11,12)18-23(9,10)16-21(5,6)14-19/h1-12H3	dodecamethylcyclohexasiloxane	C[Si]1(O[Si](O[Si](O[Si](O[Si](O[Si](O1)(C)C)(C)C)(C)C)(C)C)(C)C)C	7.313	87908316;23396662;10911	COCONUT:(CNP0346950);NORMAN:(NS00042693);PUBCHEMANNOTATIONSAFETYANDTOXIC:(null);BloodExposome:(10911);CHEBI:(191103);SUPERNATURAL:(SN0155663);HSDB:(540-97-6);MESH:(10911);PUBCHEM:(87908316 23396662 10911);DSSTox:(DTXSID6027183);MACONDA:(CON00033);PUBCHEMANNOTATIONDRUG:(null);PUBMED:(null)	137547220582	445.120	1415	23.578	857352091937985665	857336481053955856	857336481053955855	27178	
1	1	0.005	0.053	-22.659		1.000	26.417	C2H4O2	[M + K]+	C2H4KO2+	JMCRDEBJJPRTPV	InChI=1S/C2H4O2/c3-1-2-4/h1-4H	1,2-Ethenediol	C(=CO)O	-0.200	21352980;3036308;3036388;137088;57694167	PUBCHEMANNOTATIONBIO:(null);CHEBI:(183265 131198);SUPERNATURAL:(SN0169177);PUBCHEM:(21352980 3036308 3036388 137088 57694167);DSSTox:(DTXSID701314922);PUBCHEMANNOTATIONDRUG:(null)	137490333730	98.984	1422	23.698	857352044353606705	857336481200756508	857336481200756507	27259	
1	2	0.268	0.268	-306.950		0.036	16.358	C31H55NO	[M + Na]+	C31H55NNaO+	CDEYCNHJOZECQY	InChI=1S/C31H55NO/c1-2-3-4-5-6-7-8-9-10-11-12-13-14-15-16-17-18-19-20-21-25-28-31(33)32-29-30-26-23-22-24-27-30/h22-24,26-27H,2-21,25,28-29H2,1H3,(H,32,33)	N-benzyltetracosanamide	CCCCCCCCCCCCCCCCCCCCCCCC(=O)NCC1=CC=CC=C1	12.700	102235523	COCONUT:(CNP0126504);LIPIDMAPS:(LMFA08020306);SUPERNATURAL:(SN0042538);PUBCHEM:(102235523)	2150629378	480.418	1422	23.699	857352304845051584	857336481246893856	857336481246893855	27263	
1	1	0.039	0.039	-203.462		0.999	13.046	C31H46O	[M + H]+	C31H47O+	DVAFCHATXHTYBT	InChI=1S/C31H46O/c1-20-7-6-8-21(2)25(20)11-9-22(3)27-13-14-28-26-12-10-23-19-24(32)15-17-30(23,4)29(26)16-18-31(27,28)5/h6-8,10,22,24,26-29,32H,9,11-19H2,1-5H3	(3S,8S,9S,10R,13R,14S,17R)-17-[(2R)-4-(2,6-dimethylphenyl)butan-2-yl]-10,13-dimethyl-2,3,4,7,8,9,11,12,14,15,16,17-dodecahydro-1H-cyclopenta[a]phenanthren-3-ol	CC1=C(C(=CC=C1)C)CCC(C)C2CCC3C2(CCC4C3CC=C5C4(CCC(C5)O)C)C	8.800	139376963	PUBCHEM:(139376963)	2	435.360	1422	23.700	857352306145285838	857336481288836900	857336481288836899	27268	
1	1	0.782	0.782	-29.791		0.988	53.078	C28H46O4	[M + H]+	C28H47O4+	KVZQPXDGIYJYLU	InChI=1S/C28H46O4/c1-21(2)11-9-13-23(5)17-19-31-27(29)25-15-7-8-16-26(25)28(30)32-20-18-24(6)14-10-12-22(3)4/h7-8,15-16,21-24H,9-14,17-20H2,1-6H3	Phthalic Acid Bis(3,7-dimethyloctyl) Ester-d4	CC(C)CCCC(C)CCOC(=O)C1=CC=CC=C1C(=O)OCCC(C)CCCC(C)C	8.785	126456084;21340069	PUBCHEM:(126456084 21340069);DSSTox:(DTXSID501334392)	137438953474	447.347	1437	23.954	857352305876850378	857336481330779944	857336481330779943	27438	
1	1	0.622	0.622	-127.977		1.000	37.529	C26H50O4	[M + H3N + H]+	C26H54NO4+	VJHINFRRDQUWOJ	InChI=1S/C26H50O4/c1-5-9-17-23(7-3)21-29-25(27)19-15-13-11-12-14-16-20-26(28)30-22-24(8-4)18-10-6-2/h23-24H,5-22H2,1-4H3	1,10-bis(2-ethylhexyl) decanedioate	CCCCC(CC)COC(=O)CCCCCCCCC(=O)OCC(CC)CCCC	9.000	42580095;40488289;40488290;31218	COCONUT:(CNP0314638);NORMAN:(NS00013580);PUBCHEMANNOTATIONSAFETYANDTOXIC:(null);BloodExposome:(31218);SUPERNATURAL:(SN0391829);HSDB:(122-62-3);MESH:(31218);PUBCHEM:(42580095 40488289 40488290 31218);DSSTox:(DTXSID7025055);PUBCHEMANNOTATIONDRUG:(null);PUBCHEMANNOTATIONFOOD:(null);PUBMED:(null)	137681437254	444.405	1456	24.274	857352305507751622	857336481376917292	857336481376917291	27614	
1	1	0.778	0.778	-86.160		1.000	128.813	C26H50O4	[M + H]+	C26H51O4+	VJHINFRRDQUWOJ	InChI=1S/C26H50O4/c1-5-9-17-23(7-3)21-29-25(27)19-15-13-11-12-14-16-20-26(28)30-22-24(8-4)18-10-6-2/h23-24H,5-22H2,1-4H3	1,10-bis(2-ethylhexyl) decanedioate	CCCCC(CC)COC(=O)CCCCCCCCC(=O)OCC(CC)CCCC	9.000	42580095;40488289;40488290;31218	COCONUT:(CNP0314638);NORMAN:(NS00013580);PUBCHEMANNOTATIONSAFETYANDTOXIC:(null);BloodExposome:(31218);SUPERNATURAL:(SN0391829);HSDB:(122-62-3);MESH:(31218);PUBCHEM:(42580095 40488289 40488290 31218);DSSTox:(DTXSID7025055);PUBCHEMANNOTATIONDRUG:(null);PUBCHEMANNOTATIONFOOD:(null);PUBMED:(null)	137681437254	427.378	1457	24.281	857352321148311631	857336481464997684	857336481464997683	27624	
1	1	0.124	0.124	-133.061		1.000	48.143	C26H48O4	[M + H]+	C26H49O4+	HORIEOQXBKUKGQ	InChI=1S/C26H48O4/c1-21(2)15-9-5-7-13-19-29-25(27)23-17-11-12-18-24(23)26(28)30-20-14-8-6-10-16-22(3)4/h21-24H,5-20H2,1-4H3	Hexamoll DINCH	CC(C)CCCCCCOC(=O)C1CCCCC1C(=O)OCCCCCCC(C)C	8.900	86333316;86333317;86333318;162641171;131708781;11524680	PUBCHEMANNOTATIONBIO:(null);HMDB:(HMDB0244746);PUBCHEMANNOTATIONSAFETYANDTOXIC:(null);BloodExposome:(11524680);SUPERNATURAL:(SN0131339);HSDB:(166412-78-8);MESH:(11524680);PUBCHEM:(86333316 86333317 86333318 162641171 131708781 11524680);public_spectra_2506;COCONUT:(CNP0448385);NORMAN:(NS00002037);DSSTox:(DTXSID20274044);PUBCHEMANNOTATIONDRUG:(null);PUBMED:(null)	146153931342	425.362	1463	24.384	857352316761069531	857336481511135032	857336481511135031	27672	
1	2	0.058	0.058	-426.923		0.175	17.291	C30H53NO4	[M + H]+	C30H54NO4+	ZTDWWZPFGMYANP	InChI=1S/C30H53NO4/c1-5-6-7-8-9-10-11-12-13-14-15-16-17-18-19-20-21-22-23-24-25-30(34)35-28(26-29(32)33)27-31(2,3)4/h13-14,16-17,19-20,28H,5-12,15,18,21-27H2,1-4H3/p+1	(7Z,10Z,13E)-Tricosa-7,10,13-trienoylcarnitine	CCCCCCCCCC=CCC=CCC=CCCCCCC(=O)OC(CC(=O)O)C[N+](C)(C)C	8.500	156962535;156962536	HMDB:(HMDB0241630);PUBCHEM:(156962535 156962536)	10	492.405	1472	24.527	857352318132607025	857336481557272380	857336481557272379	27739	
1	1	0.428	0.428	-23.977		0.999	40.937	C28H46O4	[M + H]+	C28H47O4+	HUALTRQOTJFLAA	InChI=1S/C28H46O4/c1-4-5-6-7-9-12-17-22-31-27(29)25-20-15-16-21-26(25)28(30)32-23-18-13-10-8-11-14-19-24(2)3/h15-16,20-21,24H,4-14,17-19,22-23H2,1-3H3	Isoundecyl nonyl phthalate	CCCCCCCCCOC(=O)C1=CC=CC=C1C(=O)OCCCCCCCCC(C)C	9.444	44151435	NORMAN:(NS00040483);PUBCHEM:(44151435);DSSTox:(DTXSID60242287)	137439215618	447.347	1472	24.527	857352319512533051	857336481599215424	857336481599215423	27736	
1	1	0.206	0.206	-113.126		1.000	45.207	C26H48O4	[M + H]+	C26H49O4+	HORIEOQXBKUKGQ	InChI=1S/C26H48O4/c1-21(2)15-9-5-7-13-19-29-25(27)23-17-11-12-18-24(23)26(28)30-20-14-8-6-10-16-22(3)4/h21-24H,5-20H2,1-4H3	Hexamoll DINCH	CC(C)CCCCCCOC(=O)C1CCCCC1C(=O)OCCCCCCC(C)C	8.900	86333316;86333317;86333318;162641171;131708781;11524680	PUBCHEMANNOTATIONBIO:(null);HMDB:(HMDB0244746);PUBCHEMANNOTATIONSAFETYANDTOXIC:(null);BloodExposome:(11524680);SUPERNATURAL:(SN0131339);HSDB:(166412-78-8);MESH:(11524680);PUBCHEM:(86333316 86333317 86333318 162641171 131708781 11524680);public_spectra_2506;COCONUT:(CNP0448385);NORMAN:(NS00002037);DSSTox:(DTXSID20274044);PUBCHEMANNOTATIONDRUG:(null);PUBMED:(null)	146153931342	425.362	1473	24.552	857352320523360325	857336481649547076	857336481649547075	27757	
1	1	0.445	0.445	-102.177		1.000	48.426	C30H58O5S	[M + H]+	C30H59O5S+	XQQARSOXXGMYHZ	InChI=1S/C30H58O5S/c1-3-5-7-9-11-13-15-17-19-21-25-34-29(31)23-27-36(33)28-24-30(32)35-26-22-20-18-16-14-12-10-8-6-4-2/h3-28H2,1-2H3	Didodecyl 3,3'-sulphinylbispropionate	CCCCCCCCCCCCOC(=O)CCS(=O)CCC(=O)OCCCCCCCCCCCC	10.100	87016	NORMAN:(NS00025654);SUPERNATURAL:(SN0437386);PUBCHEM:(87016);DSSTox:(DTXSID20169284)	137440264194	531.408	1496	24.935	857352323581007964	857336481737627468	857336481737627467	27957	
1	1	0.162	0.162	-19.123		1.000	71.071	C16H48O8Si8	[M + H]+	C16H49O8Si8+	XKJMJYZFAWYREL	InChI=1S/C16H48O8Si8/c1-25(2)17-26(3,4)19-28(7,8)21-30(11,12)23-32(15,16)24-31(13,14)22-29(9,10)20-27(5,6)18-25/h1-16H3	hexadecamethylcyclooctasiloxane	C[Si]1(O[Si](O[Si](O[Si](O[Si](O[Si](O[Si](O[Si](O1)(C)C)(C)C)(C)C)(C)C)(C)C)(C)C)(C)C)C	9.751	89585946;11170	COCONUT:(CNP0262961);NORMAN:(NS00043041);CHEBI:(87984);SUPERNATURAL:(SN0432564);PUBCHEM:(89585946 11170);DSSTox:(DTXSID0060305);MACONDA:(CON00037)	137442362402	593.158	1603	26.719	857352461770743479	857336481783764816	857336481783764815	28910	
1	2	0.135	0.135	-14.413		0.238	43.434	C6H18O3Si3	[M + H]+	C6H19O3Si3+	HTDJPCNNEPUOOQ	InChI=1S/C6H18O3Si3/c1-10(2)7-11(3,4)9-12(5,6)8-10/h1-6H3	Hexamethylcyclotrisiloxane	C[Si]1(O[Si](O[Si](O1)(C)C)(C)C)C	3.657	53895032;88595826;10914	PUBCHEMANNOTATIONBIO:(null);COCONUT:(CNP0080063);NORMAN:(NS00043163);PUBCHEMANNOTATIONSAFETYANDTOXIC:(null);BloodExposome:(10914);CHEBI:(189167);SUPERNATURAL:(SN0134740);MESH:(10914);PUBCHEM:(53895032 88595826 10914);DSSTox:(DTXSID501337639);PUBMED:(null)	137530441830	223.064	1670	27.834	857352485695053506	857336481930565468	857336481930565467	29534	
1	1	0.184	0.184	-13.113		0.939	26.132	C12H36O6Si6	[M + H]+	C12H37O6Si6+	IUMSDRXLFWAGNT	InChI=1S/C12H36O6Si6/c1-19(2)13-20(3,4)15-22(7,8)17-24(11,12)18-23(9,10)16-21(5,6)14-19/h1-12H3	dodecamethylcyclohexasiloxane	C[Si]1(O[Si](O[Si](O[Si](O[Si](O[Si](O1)(C)C)(C)C)(C)C)(C)C)(C)C)C	7.313	87908316;23396662;10911	COCONUT:(CNP0346950);NORMAN:(NS00042693);PUBCHEMANNOTATIONSAFETYANDTOXIC:(null);BloodExposome:(10911);CHEBI:(191103);SUPERNATURAL:(SN0155663);HSDB:(540-97-6);MESH:(10911);PUBCHEM:(87908316 23396662 10911);DSSTox:(DTXSID6027183);MACONDA:(CON00033);PUBCHEMANNOTATIONDRUG:(null);PUBMED:(null)	137547220582	445.120	1674	27.908	857352407404175019	857336482027034468	857336482027034467	29589	
1	1	0.578	0.578	-67.452		1.000	31.587	C42H82O4S	[M + H]+	C42H83O4S+	PWWSSIYVTQUJQQ	InChI=1S/C42H82O4S/c1-3-5-7-9-11-13-15-17-19-21-23-25-27-29-31-33-37-45-41(43)35-39-47-40-36-42(44)46-38-34-32-30-28-26-24-22-20-18-16-14-12-10-8-6-4-2/h3-40H2,1-2H3	Distearyl thiodipropionate	CCCCCCCCCCCCCCCCCCOC(=O)CCSCCC(=O)OCCCCCCCCCCCCCCCCCC	18.200	12738	PUBCHEMANNOTATIONBIO:(null);NORMAN:(NS00008146);PUBCHEMANNOTATIONSAFETYANDTOXIC:(null);HSDB:(693-36-7);PUBCHEM:(12738);DSSTox:(DTXSID3027299);PUBCHEMANNOTATIONDRUG:(null);PUBCHEMANNOTATIONFOOD:(null);PUBMED:(null)	137690874434	683.601	1736	28.940	857352521082396625	857336482068977512	857336482064783207	30201	
1	3	0.062	0.062	-433.664		0.111	10.042	C45H78O4	[M + H3N + H]+	C45H82NO4+	UEHMSLKMVYSIKE	InChI=1S/C45H78O4/c1-9-10-11-12-13-14-15-16-17-18-19-20-21-22-41(48)49-40-30-36(33(5)24-23-32(4)31(2)3)45(8)27-25-35-42(43(40)45)39(47)29-37-34(6)38(46)26-28-44(35,37)7/h31-33,35-40,46-47H,6,9-30H2,1-5,7-8H3		CCCCCCCCCCCCCCCC(=O)OC1CC(C2(C1=C3C(CC2)C4(CCC(C(=C)C4CC3O)O)C)C)C(C)CCC(C)C(C)C	13.111		TeroMol:(TKC113500)	8388608	700.627	1736	28.940	857352522084835291	857336482106726252	857336482106726251	30202	
1	4	0.060	0.060	-416.834		0.006	6.792	C45H78O4	[M + H3N + H]+	C45H82NO4+	UEHMSLKMVYSIKE	InChI=1S/C45H78O4/c1-9-10-11-12-13-14-15-16-17-18-19-20-21-22-41(48)49-40-30-36(33(5)24-23-32(4)31(2)3)45(8)27-25-35-42(43(40)45)39(47)29-37-34(6)38(46)26-28-44(35,37)7/h31-33,35-40,46-47H,6,9-30H2,1-5,7-8H3		CCCCCCCCCCCCCCCC(=O)OC1CC(C2(C1=C3C(CC2)C4(CCC(C(=C)C4CC3O)O)C)C)C(C)CCC(C)C(C)C	13.111		TeroMol:(TKC113500)	8388608	700.627	1762	29.372	857352522542014434	857336482148669296	857336482144474991	30463	
1	8	0.208	0.208	-140.917		0.008	22.496	C20H43O6P	[M + H]+	C20H44O6P+	IXJRAZBOBFNYIJ	InChI=1S/C20H43O6P/c1-3-4-5-6-7-8-9-10-11-12-13-14-15-16-17-25-18-20(21)19-26-27(22,23)24-2/h20-21H,3-19H2,1-2H3,(H,22,23)	1-O-hexadecyl-sn-glycero-3-phosphoric acid methyl ester	CCCCCCCCCCCCCCCCOCC(COP(=O)(O)OC)O	6.000	137323909	LIPIDMAPS:(LMGP00000064);PUBCHEM:(137323909)	2147483650	411.290	1764	29.406	857352526769873075	857336482190612340	857336482190612339	30460	
1	1	0.574	0.574	-66.243		1.000	32.006	C42H82O4S	[M + H]+	C42H83O4S+	PWWSSIYVTQUJQQ	InChI=1S/C42H82O4S/c1-3-5-7-9-11-13-15-17-19-21-23-25-27-29-31-33-37-45-41(43)35-39-47-40-36-42(44)46-38-34-32-30-28-26-24-22-20-18-16-14-12-10-8-6-4-2/h3-40H2,1-2H3	Distearyl thiodipropionate	CCCCCCCCCCCCCCCCCCOC(=O)CCSCCC(=O)OCCCCCCCCCCCCCCCCCC	18.200	12738	PUBCHEMANNOTATIONBIO:(null);NORMAN:(NS00008146);PUBCHEMANNOTATIONSAFETYANDTOXIC:(null);HSDB:(693-36-7);PUBCHEM:(12738);DSSTox:(DTXSID3027299);PUBCHEMANNOTATIONDRUG:(null);PUBCHEMANNOTATIONFOOD:(null);PUBMED:(null)	137690874434	683.601	1764	29.406	857352528942522677	857336482232555384	857336482228361079	30462	
1	1	0.580	0.580	-78.807		1.000	22.968	C42H82O4S	[M + H]+	C42H83O4S+	PWWSSIYVTQUJQQ	InChI=1S/C42H82O4S/c1-3-5-7-9-11-13-15-17-19-21-23-25-27-29-31-33-37-45-41(43)35-39-47-40-36-42(44)46-38-34-32-30-28-26-24-22-20-18-16-14-12-10-8-6-4-2/h3-40H2,1-2H3	Distearyl thiodipropionate	CCCCCCCCCCCCCCCCCCOC(=O)CCSCCC(=O)OCCCCCCCCCCCCCCCCCC	18.200	12738	PUBCHEMANNOTATIONBIO:(null);NORMAN:(NS00008146);PUBCHEMANNOTATIONSAFETYANDTOXIC:(null);HSDB:(693-36-7);PUBCHEM:(12738);DSSTox:(DTXSID3027299);PUBCHEMANNOTATIONDRUG:(null);PUBCHEMANNOTATIONFOOD:(null);PUBMED:(null)	137690874434	683.601	1776	29.592	857352528804110631	857336482232555388	857336482232555387	30552	
