structurePerIdRank	formulaRank	CSI:FingerIDScore	ModelScore	ZodiacScore	SiriusScoreNormalized	SiriusScore	molecularFormula	adduct	precursorFormula	InChIkey2D	InChI	name	smiles	ionMass	retentionTimeInSeconds	retentionTimeInMinutes	formulaId	alignedFeatureId	compoundId	mappingFeatureId	overallFeatureQuality
1	8	-27.896	-5.194		0.009	6.306	C2H10N2O4P2	[M + K]+	C2H10KN2O4P2+	AETQTIXIFGLPFT	InChI=1S/C2H10N2O4P2/c3-9(4,5)1-2-10(6,7)8/h1-2H2,(H4,3,4,5)(H2,6,7,8)		NP(N)(=O)CCP(=O)(O)O	226.975	43	0.723	857316937149976274	857316056718928335	857316056693762510	95	
1	2	-71.326	-3.627		0.069	54.079	C5H3F3O4	[M + K]+	C5H3F3KO4+	FOJLHZRXVGJWIL	InChI=1S/C5H3F3O4/c1-2-11-4(10)12-3(9)5(6,7)8/h2H,1H2		C=COC(=O)OC(=O)C(F)(F)F	222.961	47	0.782	857316993336873135	857316057075444183	857316057071249878	179	
1	5	-111.544	-5.294		0.013	12.202	C4H6F2N2	[M + Na]+	C4H6F2N2Na+	BITSAIYUXFMMTI	InChI=1S/C4H6F2N2/c5-4(6,8)2-1-3-7/h1-2,8H2		N#CCCC(N)(F)F	143.040	47	0.782	857316990233088143	857316057285159387	857316057280965082	303	
1	1	-58.056	-9.407		0.986	23.802	C3H5FO3	[M + Na]+	C3H5FNaO3+	PINVZQSZLGVANY	InChI=1S/C3H5FO3/c1-2-3(4)6-7-5/h2,5H,1H3		CC=C(F)OOO	131.011	47	0.784	857316943244300045	857316057561983455	857316057553594846	193	
1	1	-135.479	-6.576		1.000	58.617	C5H5F2NO2	[M + Na]+	C5H5F2NNaO2+	JUHAACLSPUODAL	InChI=1S/C5H5F2NO2/c6-5(7)3-1-2-4-8(9)10/h5H,2,4H2		O=[N+]([O-])CCC#CC(F)F	172.019	47	0.786	857316976941338666	857316057830418915	857316057822030306	158	
1	1	-37.475	-7.012		1.000	48.578	CH6N2O5S	[M + H]+	CH7N2O5S+	WQIMFUCTQWHQIG	InChI=1S/CH6N2O5S/c2-8-9(5,6)1-7-3-4/h3-4H,1-2H2		NOS(=O)(=O)CONO	159.006	47	0.786	857316941717573363	857316058090465767	857316058077882854	132	
1	1	-25.758	-7.010		1.000	19.901	H4N2O2S	[M + H]+	H5N2O2S+	MUFCCORUDIETDV	InChI=1S/H4N2O2S/c1-4-5-2-3/h2-3H,1H2		NOSNO	97.008	47	0.787	857316931802238583	857316058325346795	857316058316958186	154	
1	3	-55.896	-7.066		0.333	55.798	CH2N2O2S	[M + CH2O2 + H]+	C2H5N2O4S+	QKPWUCVFSSVMPD	InChI=1S/CH2N2O2S/c4-3-5-2-1-6/h1H,(H,2,6)		O=NON=CS	152.997	47	0.787	857316956343111547	857316058463758831	857316058459564526	204	
1	1	-87.943	-7.192		1.000	57.177	C4H5F2NO3	[M + Na]+	C4H5F2NNaO3+	YRANPRQHXLFNBO	InChI=1S/C4H5F2NO3/c5-2(4(8)9)3(6)10-1-7/h1,7H2,(H,8,9)		NCOC(F)=C(F)C(=O)O	176.013	47	0.790	857316958113107854	857316058719611383	857316058711222774	166	
1	2	-62.121	-5.304		0.058	38.676	C4H8N2O4S2	[M + K]+	C4H8KN2O4S2+	KZDHLAPQISNBNW	InChI=1S/C4H8N2O4S2/c7-4(8)3-6-12(9,10)2-1-5-11/h6H,1-3H2,(H,7,8)		O=C(O)CNS(=O)(=O)CCN=S	250.956	47	0.790	857316970792488961	857316058862217723	857316058853829114	161	
1	1	-83.385	-7.140		1.000	51.787	C4H3F2NO2	[M + Na]+	C4H3F2NNaO2+	QOUIFEWQZQACCE	InChI=1S/C4H3F2NO2/c1-2(5)7-3(6)4(8)9/h1H2,(H,8,9)		C=C(F)N=C(F)C(=O)O	158.003	47	0.791	857316970188509164	857316059168401923	857316059164207618	189	
1	2	-44.808	-4.805		0.333	18.735	C2H7N3O2S	[M - H2O + H]+	C2H6N3OS+	GUVJJUDIJBVKOZ	InChI=1S/C2H7N3O2S/c1-2(6)4-5-8(3)7/h8H,1H3,(H,4,6)(H2,3,5,7)		CC(=O)NN[SH](=N)=O	120.024	48	0.792	857316936755711663	857316059311008263	857316059306813958	174	
1	1	-77.717	-8.430		0.250	21.949	CH2N2O2S	[M + H]+	CH3N2O2S+	XMSIWBORBUSATG	InChI=1S/CH2N2O2S/c4-5-1-2-6-3-1/h4H,(H,2,3)		OOc1ns[nH]1	106.992	48	0.793	857316938500542165	857316059449420299	857316059445225994	185	
1	1	-44.900	-4.102		0.458	25.375	C4H3FO2	[M + Na]+	C4H3FNaO2+	FIPRXOTVHXCZGZ	InChI=1S/C4H3FO2/c1-2-3(5)4(6)7/h1H2,(H,6,7)		C=C=C(F)C(=O)O	125.003	48	0.794	857316976500936725	857316059583638031	857316059579443726	254	
1	1	-37.022	-7.871		0.939	23.677	C2H2F2O3	[M + Na]+	C2H2F2NaO3+	DBELYRGXKAWNDK	InChI=1S/C2H2F2O3/c3-2(4)1-6-7-5/h1,5H	1,1-Difluoro-2-(trioxidanyl)ethene	C(=C(F)F)OOO	134.987	48	0.794	857316946947870507	857316059709467155	857316059701078546	256	
1	1	-53.665	-4.556		0.951	23.465	C5H3F2NO4	[M + Na]+	C5H3F2NNaO4+	SBVCSFLUURBTQU	InChI=1S/C5H3F2NO4/c6-5(7,4(11)12-8)2-1-3(9)10/h8H2,(H,9,10)		NOC(=O)C(F)(F)C#CC(=O)O	201.993	48	0.799	857316950638858069	857316060250532387	857316060242143778	92	
1	1	-82.559	-5.104		1.000	34.970	C3H3F2NO	[M + Na]+	C3H3F2NNaO+	ZKLLPXIUORMSIW	InChI=1S/C3H3F2NO/c4-1-3(5)7-2-6/h1-2,6H		N=COC(F)=CF	130.008	48	0.801	857316986219139177	857316060678351407	857316060665768494	196	
1	1	-36.511	-6.933		0.928	25.119	C2H3NO4S	[M + Na]+	C2H3NNaO4S+	IELFPCCIMFDQNM	InChI=1S/C2H3NO4S/c3-7-8(5,6)2-1-4/h2H,3H2		NOS(=O)(=O)C=C=O	159.969	48	0.803	857316952534683496	857316061231999547	857316061223610938	277	
1	1	-34.142	-5.043		0.424	3.766	C4HNOP2	[M + H]+	C4H2NOP2+	UIUMMZLDFHQVDE	InChI=1S/C4HNOP2/c5-3-1-2-4-7-8-6/h7H		N#CC#CC#[PH]P=O	141.959	48	0.804	857316976727429154	857316061374605887	857316061374605886	280	
1	4	-50.645	-6.896		0.024	16.920	H5N4O4S	[M + H]+	H6N4O4S+	XRQKZZHKJDZWKI	InChI=1S/H5N4O4S/c1-4(5)3-9(6)8-7-2/h3H,1-2H2		NOOS(=O)N[N+](N)[O-]	158.012	49	0.822	857316996432269500	857316063186545287	857316063182350982	307	
1	1	-88.011	-7.499		1.000	17.660	CH4NO5	[M + Na]+	CH4NNaO5+	GOOLSSYXVDUBTO	InChI=1S/CH4NO5/c3-1-2(4)6-7-5/h3,5H,1H2		[O-][N+](CO)OOO	132.998	49	0.823	857316984033906767	857316063408843407	857316063408843406	405	
1	5	-61.131	-7.163		0.007	29.539	C6H8Cl3N3O4	[M - H4O2 + H]+	C6H5Cl3N3O2+	ZQVSARKITCILJU	InChI=1S/C6H8Cl3N3O4/c7-1-2(11-6(15)16)10-5(14)12-4(13)3(8)9/h1,3-4,11,13H,(H,15,16)(H2,10,12,14)		O=C(O)NC(=CCl)NC(=O)NC(O)C(Cl)Cl	255.944	50	0.827	857317001230553304	857316063517895315	857316063513701010	427	
1	2	-53.096	-6.751		0.030	19.356	C7H10O3	[M + K]+	C7H10KO3+	JOOLTLDEBHTSMK	InChI=1S/C7H10O3/c8-5-1-3-7(10)4-2-6-9/h1-5,8-10H,6H2		OC=CC=C(O)C=CCO	181.026	52	0.869	857316999875793099	857316063907965599	857316063903771294	571	
1	1	-33.721	-5.254		1.000	50.403	C6H12N2	[M + H]+	C6H13N2+	DCRYNQTXGUTACA	InChI=1S/C6H12N2/c1-2-8-5-3-7-4-6-8/h2,7H,1,3-6H2	1-Ethenylpiperazin-1-ium	C=CN1CCNCC1	113.107	52	0.874	857316994276397240	857316064000240291	857316063996045986	589	
1	2	-63.719	-7.015		0.075	54.062	C9H6O2S	[M + H]+	C9H7O2S+	GCFLKXWKYKFMBD	InChI=1S/C9H6O2S/c10-9(11)8-4-2-1-3-7(8)5-6-12/h1-4,12H,(H,10,11)		O=C(O)c1ccccc1C#CS	179.017	53	0.891	857317006095945969	857316064092514983	857316064088320678	687	
1	1	-13.593	-0.037		1.000	87.140	C6H15NO3	[M + H]+	C6H16NO3+	GSEJCLTVZPLZKY	InChI=1S/C6H15NO3/c8-4-1-7(2-5-9)3-6-10/h8-10H,1-6H2	Daltogen	C(CO)N(CCO)CCO	150.113	54	0.894	857316987703922824	857316064239315627	857316064235121322	698	
1	1	-34.571	-7.062		0.321	45.113	C6H8O5S3	[M + H]+	C6H9O5S3+	RUALIEOZXPNXKZ	InChI=1S/C6H8O5S3/c1-2-12-14(9,10)6-4-3-5-11-13(7)8/h2,13H,1,5-6H2		C=CSS(=O)(=O)CC#CCO[SH](=O)=O	256.962	54	0.897	857317028522889471	857316064381921967	857316064377727662	1491	
1	1	-146.807	-7.094		1.000	11.932	C6H15NO3	[M + Na]+	C6H15NNaO3+	CVBJFZKPUABULP	InChI=1S/C6H15NO3/c1-6(10-9)5-7-3-2-4-8/h6-9H,2-5H2,1H3		CC(CNCCCO)OO	172.094	54	0.898	857317018783715581	857316064470002355	857316064465808050	682	
1	1	-29.272	-1.357		1.000	25.724	C5H13NO2	[M + H]+	C5H14NO2+	CRVGTESFCCXCTH	InChI=1S/C5H13NO2/c1-6(2-4-7)3-5-8/h7-8H,2-5H2,1H3	N-Methyldiethanolamine	CN(CCO)CCO	120.102	54	0.903	857316991034200222	857316064566471351	857316064566471350	715	
1	1	-64.617	-1.436		1.000	35.746	C6H15NO4	[M + H]+	C6H16NO4+	OTWJRAWXTDGSDT	InChI=1S/C6H15NO4/c8-2-1-7-6(3-9,4-10)5-11/h7-11H,1-5H2	2-((2-Hydroxyethyl)amino)-2-(hydroxymethyl)propane-1,3-diol	C(CO)NC(CO)(CO)CO	166.107	54	0.907	857316998139351236	857316064650357435	857316064650357434	750	
1	1	-58.634	-4.091		1.000	88.185	C6H12N2O	[M + H]+	C6H13N2O+	PETFACAVRPZMJL	InChI=1S/C6H12N2O/c9-6-5-8-3-1-7-2-4-8/h1,9H,2-6H2	2-(3,5-dihydro-2H-pyrazin-4-yl)ethanol	C1CN(CC=N1)CCO	129.102	54	0.908	857317014102872315	857316064742632127	857316064738437822	722	
1	1	-34.007	-1.736		1.000	45.127	CH6N2O4S2	[M + H]+	CH7N2O4S2+	UMKBPFGEEDEDLK	InChI=1S/CH6N2O4S2/c1-8(4,5)3-9(2,6)7/h3H,1H3,(H2,2,6,7)	N-sulfamoylmethanesulfonamide	CS(=O)(=O)NS(=O)(=O)N	174.985	55	0.909	857317059451687631	857316064839101123	857316064834906818	718	
1	1	-71.143	-4.978		1.000	62.600	C2H4N2O4S2	[M + H]+	C2H5N2O4S2+	GIVUTFILCMGYRH	InChI=1S/C2H4N2O4S2/c3-1(2(5)6)9(7)10(4)8/h3H,4H2,(H,5,6)		N=C(C(=O)O)S(=O)S(N)=O	184.969	55	0.912	857317058654769775	857316064927181511	857316064922987206	719	
1	3	-29.477	-7.183		0.333	33.853	CH4N2O3S2	[M + C2H3N + H]+	C3H8N3O3S2+	IVKGVJMBNLUBNE	InChI=1S/CH4N2O3S2/c2-1-7(4)8(3,5)6/h1-2H,(H2,3,5,6)		N=CS(=O)S(N)(=O)=O	198.001	55	0.916	857317062043767579	857316065027844811	857316065023650506	770	
1	1	-57.745	-0.093		0.500	36.117	C5H11NO2	[M + H]+	C5H12NO2+	FOAINFSTWSHMPH	InChI=1S/C5H11NO2/c1-3-6(2)4-5(7)8/h3-4H2,1-2H3,(H,7,8)	N-ethyl-N-methylglycine	CCN(C)CC(=O)O	118.086	56	0.925	857317055190274405	857316065191422675	857316065187228370	846	
1	4	-40.435	-3.455		0.230	17.445	C3H2BrN3O2	[M + Na]+	C3H2BrN3NaO2+	JCKHGMFGMYWLPQ	InChI=1S/C3H2BrN3O2/c4-9-7-2-5-3(1-8)6-7/h1-2H		O=Cc1ncn(OBr)n1	213.923	56	0.928	857317065701200712	857316065359194843	857316065359194842	776	
1	5	-49.607	-4.664		0.000	61.830	C5H13NO5S3	[M + K]+	C5H13KNO5S3+	RSOKHYFJRKQJRB	InChI=1S/C5H13NO5S3/c1-2-12(7)5-13(8,9)3-4-14(6,10)11/h2-5H2,1H3,(H2,6,10,11)		CCS(=O)CS(=O)(=O)CCS(N)(=O)=O	301.958	56	0.929	857317102552355968	857316065510189795	857316065505995490	802	
1	1	-3.468	-1.182		0.997	47.564	C3H5N5O	[M + H]+	C3H6N5O+	MASBWURJQFFLOO	InChI=1S/C3H5N5O/c4-1-6-2(5)8-3(9)7-1/h(H5,4,5,6,7,8,9)	2-Oxo-4,6-diamino-1-azonia-2,3-dihydro-1,3,5-triazine	C1(=NC(=NC(=O)N1)N)N	128.057	56	0.930	857317065600537406	857316065585687271	857316065585687270	812	
1	1	-46.676	-5.862		0.984	60.610	C4H5F2NO3S	[M + Na]+	C4H5F2NNaO3S+	PLCDGXRKJFNASQ	InChI=1S/C4H5F2NO3S/c5-3(7)2-11(9,10)4(6)1-8/h1,7-8H,2H2		N=C(F)CS(=O)(=O)C(F)=CO	207.985	56	0.932	857317080771335247	857316065669573355	857316065669573354	738	
1	1	-31.450	-6.571		0.290	24.339	C4H4O8S	[M + Na]+	C4H4NaO8S+	QVGIGBWUBCFTOP	InChI=1S/C4H4O8S/c5-4(6)2-1-3-13(8,9)12-11-10-7/h7H,3H2,(H,5,6)		O=C(O)C#CCS(=O)(=O)OOOO	234.952	56	0.937	857317081190765664	857316065766042351	857316065761848046	1006	
1	5	-37.173	-6.237		0.026	3.035	C3H5N2O3P	[M + K]+	C3H5KN2O3P+	OZZDBPAOPFGKPN	InChI=1S/C3H5N2O3P/c1-2-8-9(6,7)3-5-4/h2-3H,1H2,(H,6,7)		C=COP(=O)(O)C=[N+]=[N-]	186.966	56	0.938	857317075301962825	857316065283697367	857316065283697366	727	
1	3	-50.972	-7.068		0.293	34.307	C5H5BrN4O2	[M + Na]+	C5H5BrN4NaO2+	VANZDJWTRGUKJG	InChI=1S/C5H5BrN4O2/c6-3-5-9-7-4(8-10-5)1-2-12-11/h1-2,11H,3H2		OOC=Cc1nnc(CBr)nn1	254.949	57	0.944	857317082906236015	857316065917037303	857316065912842998	857	
1	2	-32.463	-0.310		0.000	136.705	C10H14N2	[M + H]+	C10H15N2+	SNICXCGAKADSCV	InChI=1S/C10H14N2/c1-12-7-3-5-10(12)9-4-2-6-11-8-9/h2,4,6,8,10H,3,5,7H2,1H3	Habitrol	CN1CCCC1C2=CN=CC=C2	163.123	57	0.945	857317119929357478	857316066000923387	857316065996729082	859	
1	1	-26.669	-6.572		0.617	29.577	C3H8O4S4	[M + H]+	C3H9O4S4+	LGBFZRAJZXYCIU	InChI=1S/C3H8O4S4/c1-10(4)8-2-3-9-11(5,6)7/h10H,1-3H2,(H,5,6,7)		C=[SH](=O)SCCSS(=O)(=O)O	236.939	57	0.953	857317109061915784	857316066084809471	857316066080615166	987	
1	1	-51.140	-3.375		0.500	78.606	C6H13NO	[M + H]+	C6H14NO+	FGWQBWILFPVUBB	InChI=1S/C6H13NO/c7-6-4-5(6)2-1-3-8/h5-6,8H,1-4,7H2	3-(2-Aminocyclopropyl)propan-1-ol	C1C(C1N)CCCO	116.107	58	0.960	857317122534020267	857316066286136071	857316066281941766	1001	
1	1	-106.952	-7.083		1.000	94.328	C9H21NO2	[M - H2O + H]+	C9H20NO+	NWRQRABFOMNXPZ	InChI=1S/C9H21NO2/c1-8(2,11)5-7(10)6-9(3,4)12/h7,11-12H,5-6,10H2,1-4H3		CC(C)(O)CC(N)CC(C)(C)O	158.154	58	0.960	857317124178187439	857316066370022155	857316066365827850	1067	
1	1	-9.441	-2.312		1.000	46.817	C12H23N	[M + H]+	C12H24N+	XBPCUCUWBYBCDP	InChI=1S/C12H23N/c1-3-7-11(8-4-1)13-12-9-5-2-6-10-12/h11-13H,1-10H2	Dicha	C1CCC(CC1)NC2CCCCC2	182.190	58	0.961	857317144830940342	857316066466491151	857316066466491150	1109	
1	1	-13.981	-2.655		1.000	37.204	C6H15N	[M + H]+	C6H16N+	ZMANZCXQSJIPKH	InChI=1S/C6H15N/c1-4-7(5-2)6-3/h4-6H2,1-3H3	triethylamine	CCN(CC)CC	102.128	58	0.961	857317130519975092	857316066554571539	857316066550377234	993	
1	1	-42.356	-3.201		1.000	70.761	C8H19N	[M + H]+	C8H20N+	CCRUHKGZAQXBKC	InChI=1S/C8H19N/c1-4-5-6-9-7-8(2)3/h8-9H,4-7H2,1-3H3	1-Butanamine, N-(2-methylpropyl)-	CCCCNCC(C)C	130.159	58	0.961	857317134563284149	857316066638457623	857316066638457622	1145	
1	2	-100.244	-3.709		0.277	12.063	C9H20O5	[M + Na]+	C9H20NaO5+	SPTYTVWXPXITEQ	InChI=1S/C9H20O5/c10-5-3-1-2-4-7(12)9(14)8(13)6-11/h7-14H,1-6H2	Nonane-1,2,3,4,9-pentol	C(CCC(C(C(CO)O)O)O)CCO	231.120	58	0.970	857317341044677134	857316066718149403	857316066713955098	1221	
1	1	-48.177	-7.990		1.000	86.829	C12H23NO	[M + H]+	C12H24NO+	HDNIYIUPUURNFI	InChI=1S/C12H23NO/c14-12-8-6-11(7-9-12)13-10-4-2-1-3-5-10/h10-14H,1-9H2	Cyclohexyl-cis-(4-hydroxycyclohexyl)amine	C1CCC(CC1)NC2CCC(CC2)O	198.185	58	0.972	857317335273314281	857316066818812703	857316066814618398	1110	
1	2	-43.992	-0.217		0.500	42.381	C6H15NO	[M - H2O + H]+	C6H14N+	SUTWPJHCRAITLU	InChI=1S/C6H15NO/c7-5-3-1-2-4-6-8/h8H,1-7H2	6-Aminohexyloxidanium	C(CCCO)CCN	100.112	59	0.977	857317334958741271	857316066990779175	857316066986584870	986	
1	1	-26.879	-0.434		0.762	84.567	C8H8N2	[M + H]+	C8H9N2+	RWXZXCZBMQPOBF	InChI=1S/C8H8N2/c1-6-2-3-7-8(4-6)10-5-9-7/h2-5H,1H3,(H,9,10)	5-Methylbenzimidazole	CC1=CC2=C(C=C1)N=CN2	133.076	59	0.980	857317356093844425	857316067070470955	857316067070470954	1789	
1	1	-61.760	-2.345		1.000	99.864	C8H10N2O	[M + H]+	C8H11N2O+	FEBQTMQGJXZYKX	InChI=1S/C8H10N2O/c1-5-3-2-4-6(7(5)9)8(10)11/h2-4H,9H2,1H3,(H2,10,11)	2-Amino-3-methylbenzamide	CC1=C(C(=CC=C1)C(=O)N)N	151.087	59	0.988	857317348237910986	857316067313740599	857316067309546294	1319	
1	1	-86.310	-6.913		1.000	62.951	C6H13NO4	[M + H]+	C6H14NO4+	IMBIDOYRGNSRGX	InChI=1S/C6H13NO4/c8-2-1-7-5(3-9)6(11)4-10/h1-2,5-11H,3-4H2		OC=CNC(CO)C(O)CO	164.092	59	0.988	857317354034441134	857316067393432379	857316067393432378	1253	
1	2	-72.021	-5.219		0.079	38.481	C3H10N2O	[M + K]+	C3H10KN2O+	DVQSFYWZPHOLCE	InChI=1S/C3H10N2O/c1-2-6-5-3-4/h5H,2-4H2,1H3	N'-ethoxymethanediamine	CCONCN	129.041	59	0.989	857317357033368601	857316067481512767	857316067477318462	1396	
1	2	-55.177	-7.631		0.042	3.793	CFNO4S	[M + H]+	CHFNO4S+	GFPQCUQOWQBJGU	InChI=1S/CFNO4S/c2-1(4)8(6,7)3-5		O=NS(=O)(=O)C(=O)F	141.959	59	0.991	857317365807855130	857316067569593155	857316067565398850	1655	
1	1	-81.925	-6.031		1.000	52.314	C5H9BrO5	[M + Na]+	C5H9BrNaO5+	YRZZSEGNJSELPK	InChI=1S/C5H9BrO5/c6-2-1-5(10,11)3(7)4(8)9/h3,7,10-11H,1-2H2,(H,8,9)		O=C(O)C(O)C(O)(O)CCBr	250.954	60	0.996	857317365979821607	857316067645090631	857316067645090630	1400	
1	1	-124.007	-8.095		1.000	52.437	C13H25N5O3	[M + H]+	C13H26N5O3+	ZIJTUQKBFSPYHG	InChI=1S/C13H25N5O3/c19-12-11-15-9-6-5-8-14-7-3-1-2-4-10-16-13-17-18(20)21/h13-15,19H,1-10H2,(H,16,17)		O=[N+]([O-])NC=NCCCCCCNCCCCNC#CO	300.202	60	1.000	857317351467526504	857316067720588107	857316067720588106	1923	
1	1	-75.820	-5.960		1.000	67.065	C4H7NO4S2	[M + Na]+	C4H7NNaO4S2+	OQHZQBHLMIYTEQ	InChI=1S/C4H7NO4S2/c1-5-11(9)3-10(8)2-4(6)7/h1-3H2,(H,6,7)		C=NS(=O)CS(=O)CC(=O)O	219.973	60	1.003	857317372510353425	857316068089686879	857316068085492574	1489	
1	1	-124.321	-6.858		1.000	96.102	C5H10F2N2	[M + H]+	C5H11F2N2+	HZLSCPNCPFYASF	InChI=1S/C5H10F2N2/c1-9(3-2-8)4-5(6)7/h4H,2-3,8H2,1H3		CN(C=C(F)F)CCN	137.090	60	1.004	857317365921101347	857316068160990051	857316068156795746	1470	
1	1	-57.189	-0.411		1.000	38.310	C5H8O2	[M + H]+	C5H9O2+	IGRURXZWJCSNKU	InChI=1S/C5H8O2/c1-4(2)3-5(6)7/h1,3H2,2H3,(H,6,7)	Iso-propenylacetate	CC(=C)CC(=O)O	101.060	61	1.009	857317365799466519	857316068320373611	857316068320373610	1675	
1	5	-79.841	-8.754		0.028	14.385	C11H25N11	[M + H]+	C11H26N11+	UOOYRWXUAOYBST	InChI=1S/C11H25N11/c1-4-20(5-2)8(13)22(15)11-17-9(19-14)16-10(18-11)21(6-3)7-12/h13H,4-7,12,14-15H2,1-3H3,(H,16,17,18,19)		CCN(CC)C(=N)N(N)c1nc(NN)nc(N(CC)CN)n1	312.238	61	1.014	857317361949092926	857316068391676783	857316068391676782	1684	
1	1	-59.320	-5.725		0.945	40.888	C8H25N7O4	[M + H]+	C8H26N7O4+	PVKJPDLOCQTJFN	InChI=1S/C8H25N7O4/c9-13(15(12)14(10)11)1-3-17-5-7-19-8-6-18-4-2-16/h16H,1-12H2		NN(N)N(N)N(N)CCOCCOCCOCCO	284.207	61	1.020	857317369654031942	857316068471368563	857316068471368562	1678	
1	1	-3.723	-0.468		1.000	99.997	C8H10N4O2	[M + H]+	C8H11N4O2+	RYYVLZVUVIJVGH	InChI=1S/C8H10N4O2/c1-10-4-9-6-5(10)7(13)12(3)8(14)11(6)2/h4H,1-3H3	Thein	CN1C=NC2=C1C(=O)N(C(=O)N2C)C	195.088	62	1.027	857317371071706913	857316068815301507	857316068815301506	1525	
1	1	-45.428	-0.016		1.000	111.531	C7H6O2	[M + H]+	C7H7O2+	WPYMKLBDIGXBTP	InChI=1S/C7H6O2/c8-7(9)6-4-2-1-3-5-6/h1-5H,(H,8,9)	benzoate	C1=CC=C(C=C1)C(=O)O	123.044	62	1.027	857317369779861083	857316069016628107	857316069012433802	1649	
1	1	-80.765	-4.262		1.000	37.115	C8H14O4	[M + H]+	C8H15O4+	OLGXVKQPZBFKBA	InChI=1S/C8H14O4/c1-3-5-12-8(10)6-7(9)11-4-2/h3-6H2,1-2H3	Ethyl propyl propanedioate	CCCOC(=O)CC(=O)OCC	175.097	62	1.033	857317370388035212	857316069117291407	857316069117291406	1696	
1	1	-42.883	-0.113		0.984	52.877	C9H20O5	[M + H]+	C9H21O5+	ZNYRFEPBTVGZDN	InChI=1S/C9H20O5/c1-11-4-5-13-8-9-14-7-6-12-3-2-10/h10H,2-9H2,1H3	2,5,8,11-tetraoxatridecan-13-ol	COCCOCCOCCOCCO	209.138	63	1.044	857317394165545018	857316069335395223	857316069331200918	1807	
1	7	-55.737	-6.738		0.000	155.332	C5H9F2NO5S2	[M + Na]+	C5H9F2NNaO5S2+	LMNCDCCCRNSEEE	InChI=1S/C5H9F2NO5S2/c6-3-5(7)4-14(10,11)1-2-15(12,13)8-9/h3,8-9H,1-2,4H2		O=S(=O)(CCS(=O)(=O)NO)CC(F)=CF	287.979	63	1.050	857317626823592565	857316069553499039	857316069549304734	1606	
1	1	-59.541	-5.686		1.000	104.806	C6H15N3O3	[M + Na]+	C6H15N3NaO3+	XHDNFROSIXSAJZ	InChI=1S/C6H15N3O3/c1-2-5(4-12-11)3-8-6(7)9-10/h5,10-11H,2-4H2,1H3,(H3,7,8,9)		CCC(CN=C(N)NO)COO	200.100	63	1.051	857317507818600618	857316069662550947	857316069662550946	1818	
1	1	-108.000	-4.493		1.000	64.861	C4H6N2O3S	[M + K]+	C4H6KN2O3S+	AQIXMWJRWQSBRB	InChI=1S/C4H6N2O3S/c1-2(10)3(5-8)4(7)6-9/h8-9H,1H3,(H,6,7)		CC(=S)C(=NO)C(=O)NO	200.972	63	1.054	857317403929884754	857316069868071851	857316069863877546	1665	
1	1	-71.771	-11.204		1.000	109.106	C8H8O3	[M + H]+	C8H9O3+	JJVNINGBHGBWJH	InChI=1S/C8H8O3/c1-11-7-4-2-3-6(5-9)8(7)10/h2-5,10H,1H3	Vanillin	COC1=CC=CC(=C1O)C=O	153.055	63	1.055	857317412343658590	857316069977123759	857316069977123758	1902	
1	1	-74.558	-4.431		1.000	81.956	C8H16O6	[M + H]+	C8H17O6+	SVXBJMGCHDAIJF	InChI=1S/C8H16O6/c1-2-14-4-6(11)8(13)7(12)5(10)3-9/h2,5-13H,1,3-4H2	(2R,3R,4R,5S)-6-ethenoxyhexane-1,2,3,4,5-pentol	C=COCC(C(C(C(CO)O)O)O)O	209.102	63	1.056	857317416667986024	857316070115535795	857316070111341490	1822	
1	1	-25.860	-0.786		1.000	65.564	C6H6O3	[M + H]+	C6H7O3+	NOEGNKMFWQHSLB	InChI=1S/C6H6O3/c7-3-5-1-2-6(4-8)9-5/h1-3,8H,4H2	Epitope ID:136033	C1=C(OC(=C1)C=O)CO	127.039	64	1.071	857317391648962608	857316070304279479	857316070300085174	2084	
1	3	-35.229	-5.855		0.001	103.022	C3H9NO3S2	[M + K]+	C3H9KNO3S2+	SAJAHPKKCOOHJM	InChI=1S/C3H9NO3S2/c1-7-8-2-3-9(4,5)6/h2-3H2,1H3,(H2,4,5,6)		COSCCS(N)(=O)=O	209.965	65	1.086	857317435206809729	857316070560132031	857316070555937726	1850	
1	3	-33.875	-6.079		0.000	80.811	C3H11NO4P2S2	[M + Na]+	C3H11NNaO4P2S2+	YNRGZDZNTMHZNM	InChI=1S/C3H11NO4P2S2/c1-5-9(6-2)12-8-10(4,11)7-3/h1-3H3,(H2,4,11)		COP(OC)SOP(N)(=S)OC	273.950	66	1.096	857317437400430731	857316070706932675	857316070702738370	2111	
1	1	-25.663	-1.119		0.997	56.546	C7H5NS	[M + H]+	C7H6NS+	IOJUPLGTWVMSFF	InChI=1S/C7H5NS/c1-2-4-7-6(3-1)8-5-9-7/h1-5H	Vangard BT	C1=CC=C2C(=C1)N=CS2	136.022	66	1.100	857317431796840564	857316070807595975	857316070803401670	2213	
1	1	-77.043	-8.601		0.601	18.188	C8H25N7O4	[M + H]+	C8H26N7O4+	XDCDNYXZJYTYAK	InChI=1S/C8H25N7O4/c9-13-15(11)14(10)12-1-3-17-5-7-19-8-6-18-4-2-16/h12-13,16H,1-11H2		NNN(N)N(N)NCCOCCOCCOCCO	284.207	68	1.135	857317439887653012	857316071101197267	857316071101197266	2268	
1	1	-34.842	-0.300		0.999	60.936	C8H4O4	[M + H]+	C8H5O4+	PXHIYFMTRHEUHZ	InChI=1S/C8H4O4/c9-4-1-2-5-6(3-4)8(11)12-7(5)10/h1-3,9H	4-Hydroxyphthalic anhydride	C1=CC2=C(C=C1O)C(=O)OC2=O	165.018	68	1.137	857317506602252448	857316071193471959	857316071189277654	2248	
1	1	-86.147	-7.419		0.955	25.952	C4H9N3O4S2	[M + K]+	C4H9KN3O4S2+	ZZBMMULACWBCEN	InChI=1S/C4H9N3O4S2/c1-3(7-11-4(5)8)2-12(9)13(6)10/h2,6H2,1H3,(H2,5,8)		CC(CS(=O)S(N)=O)=NOC(N)=O	265.966	69	1.149	857317612026086621	857316071470296035	857316071470296034	2281	
1	3	-23.270	-3.180		0.046	24.573	C2H6N2O4S2	[M + K]+	C2H6KN2O4S2+	KLLQNEMSWCTIDQ	InChI=1S/C2H6N2O4S2/c3-9(5,6)1-2-10(4,7)8/h1-2H,(H2,3,5,6)(H2,4,7,8)	Ethene-1,2-disulfonamide	C(=CS(=O)(=O)N)S(=O)(=O)N	224.939	70	1.164	857317612571346156	857316071575153639	857316071575153638	2317	
1	3	-35.671	-3.723		0.010	16.553	C4H9ClO5S	[M + K]+	C4H9ClKO5S+	FKIVWZBWEMJUFB	InChI=1S/C4H9ClO5S/c1-8-9-2-3-10-11(6,7)4-5/h2-4H2,1H3		COOCCOS(=O)(=O)CCl	242.950	71	1.177	857317624718051034	857316071671622635	857316071671622634	2347	
1	1	-60.414	-6.219		1.000	24.897	C5H11NO	[M + H]+	C5H12NO+	HDEFKPTUGHCBCD	InChI=1S/C5H11NO/c1-3-7-5-4-6-2/h3,6H,1,4-5H2,2H3	2-(Ethenyloxy)-N-methylethan-1-amine	CNCCOC=C	102.091	71	1.183	857317597438294314	857316071759703023	857316071759703022	2379	
1	1	-21.133	-0.721		0.333	91.259	C9H4O5	[M + H]+	C9H5O5+	SRPWOOOHEPICQU	InChI=1S/C9H4O5/c10-7(11)4-1-2-5-6(3-4)9(13)14-8(5)12/h1-3H,(H,10,11)	(6-Carboxy-3-oxo-2-benzofuran-1-ylidene)oxidanium	C1=CC2=C(C=C1C(=O)O)C(=O)OC2=O	193.013	71	1.184	857317610679715013	857316071843589107	857316071843589106	2348	
1	10	-54.990	-6.428		0.010	8.956	C7H7N3OS5	[M + Na]+	C7H7N3NaOS5+	GXPLAJDCFYYELB	InChI=1S/C7H7N3OS5/c1-2-13-7-10-9-6(14-7)8-4(11)3-5(12)16-15-3/h12H,2H2,1H3,(H,8,9,11)		CCSc1nnc(NC(=O)c2ssc2S)s1	331.907	72	1.204	857317617981998338	857316072019749883	857316072015555578	2460	
1	1	-39.451	-4.891		0.495	34.329	C2H7NO3S2	[M + K]+	C2H7KNO3S2+	OVKZZFXUJPVSGT	InChI=1S/C2H7NO3S2/c3-8(5,6)2-1-7-4/h7H,1-2H2,(H2,3,5,6)		NS(=O)(=O)CC[SH]=O	195.949	72	1.208	857317619273843975	857316072099441663	857316072099441662	2381	
1	1	-146.339	-10.989		1.000	21.338	C5H11NO3	[M + H]+	C5H12NO3+	CXFPJBFSASJAQF	InChI=1S/C5H11NO3/c6-1-2-9-4-5(8)3-7/h3,5,8H,1-2,4,6H2		NCCOCC(O)C=O	134.081	81	1.357	857317621144503825	857316072367877131	857316072367877130	2456	
1	1	-103.655	-6.712		1.000	42.171	C9H19NO	[M + H]+	C9H20NO+	OCXNYFUKIJPZEZ	InChI=1S/C9H19NO/c1-10(2,11)8-4-3-5-9-6-7-9/h9H,3-8H2,1-2H3		C[N+](C)([O-])CCCCC1CC1	158.154	95	1.586	857317623887578837	857316072460151823	857316072460151822	2665	
1	13	-165.548	-7.216		0.000	3.620	C20H16N2O4	[M + Na]+	C20H16N2NaO4+	PQVXBZBHEMJUTI	InChI=1S/C20H16N2O4/c23-12-9-17-13-15-5-1-2-7-18(15)20(25)22(17)11-8-19(24)26-14-16-6-3-4-10-21-16/h1-7,10,13,23H,8,11,14H2		O=C(CCn1c(C#CO)cc2ccccc2c1=O)OCc1ccccn1	371.101	111	1.853	857317662772976556	857316072560815123	857316072556620818	2806	
1	2	-47.471	-8.386		0.500	28.997	C6H8O2	[M + H3N + H]+	C6H12NO2+	JHBKYZNFFMIFDA	InChI=1S/C6H8O2/c1-2-3-4-5-6(7)8/h2,5H2,1H3,(H,7,8)	3-Hexynoic acid	CCC#CCC(=O)O	130.086	111	1.853	857317629226929026	857316072653089815	857316072653089814	2797	
1	1	-70.910	-6.370		1.000	47.776	C10H16	[M + H]+	C10H17+	WDEZKQQBIPCWKB	InChI=1S/C10H16/c1-3-10-7(2)8-4-5-9(10)6-8/h8-10H,2-6H2,1H3	2-Ethyl-3-methylidenebicyclo[2.2.1]heptane	CCC1C2CCC(C2)C1=C	137.133	116	1.932	857317630351002821	857316072757947419	857316072757947418	2845	
1	13	-156.798	-8.307		0.000	2.282	C20H16N2O4	[M + Na]+	C20H16N2NaO4+	FEXXCUWMZYNDGX	InChI=1S/C20H16N2O4/c1-12-9-14(13(2)26-12)11-21-18-6-4-3-5-16(18)20(23)17-10-15(22(24)25)7-8-19(17)21/h3-10H,11H2,1-2H3		Cc1cc(Cn2c3ccccc3c(=O)c3cc([N+](=O)[O-])ccc32)c(C)o1	371.101	119	1.988	857317696751033274	857316073038965799	857316073038965798	2893	
1	1	-77.358	-4.806		0.955	7.419	C6H3NO2S	[M + Na]+	C6H3NNaO2S+	VZBPJIDZZIVHRJ	InChI=1S/C6H3NO2S/c8-7(9)3-1-6-2-4-10-5-6/h2,4-5H		O=[N+]([O-])C#Cc1ccsc1	175.977	120	2.000	857317785720609730	857316073131240491	857316073127046186	2889	
1	1	-56.643	-4.810		1.000	32.282	C6H12O	[M + H]+	C6H13O+	UZKWTJUDCOPSNM	InChI=1S/C6H12O/c1-3-5-6-7-4-2/h4H,2-3,5-6H2,1H3	1-(ethenyloxy)butane	CCCCOC=C	101.096	121	2.010	857317795443008888	857316073244486703	857316073240292398	2900	
1	1	-68.459	-6.623		0.500	51.980	C10H16	[M + H]+	C10H17+	GRWFGVWFFZKLTI	InChI=1S/C10H16/c1-7-4-5-8-6-9(7)10(8,2)3/h4,8-9H,5-6H2,1-3H3	2-Pinene	CC1=CCC2CC1C2(C)C	137.133	126	2.102	857317796491585029	857316073349344307	857316073349344306	2944	
1	1	-84.162	-4.637		0.955	47.814	C6H11BrO3	[M + Na]+	C6H11BrNaO3+	UMSHREDWMLBNTI	InChI=1S/C6H11BrO3/c7-5-10-4-6(1-8)2-9-3-6/h8H,1-5H2		OCC1(COCBr)COC1	232.980	129	2.143	857317808931892432	857316073437424695	857316073437424694	2946	
1	14	-169.134	-7.399		0.000	2.000	C20H16N2O4	[M + Na]+	C20H16N2NaO4+	PQVXBZBHEMJUTI	InChI=1S/C20H16N2O4/c23-12-9-17-13-15-5-1-2-7-18(15)20(25)22(17)11-8-19(24)26-14-16-6-3-4-10-21-16/h1-7,10,13,23H,8,11,14H2		O=C(CCn1c(C#CO)cc2ccccc2c1=O)OCc1ccccn1	371.101	138	2.295	857317838065532287	857316073739414595	857316073735220290	3042	
1	2	-51.933	-5.523		0.500	71.216	C10H18O	[M - H2O + H]+	C10H17+	OLXNEEZOZPHCOQ	InChI=1S/C10H18O/c11-6-2-1-3-8-7-9-4-5-10(8)9/h8-11H,1-7H2		OCCCCC1CC2CCC12	137.133	141	2.347	857317800715249882	857316073835883591	857316073831689286	3067	
1	2	-39.234	-4.900		0.500	85.851	C10H18O	[M - H2O + H]+	C10H17+	BIEXIUMOWPTYOR	InChI=1S/C10H18O/c11-10-4-2-1-3-9(10)7-8-5-6-8/h8-11H,1-7H2	rac-(1R,2S)-2-(cyclopropylmethyl)cyclohexan-1-ol	C1CCC(C(C1)CC2CC2)O	137.133	154	2.572	857317804628536461	857316074045598799	857316074041404494	3183	
1	1	-74.872	-4.923		1.000	35.803	C6H13N	[M + H]+	C6H14N+	WSRSPJKCIMNPIK	InChI=1S/C6H13N/c1-5-4-6(5)2-3-7/h5-6H,2-4,7H2,1H3	2-(2-Methylcyclopropyl)ethan-1-amine	CC1CC1CCN	100.112	166	2.769	857317799586982104	857316074142067795	857316074137873490	3288	
1	3	-69.395	-4.870		0.112	10.123	C9H18N6O	[M + Na]+	C9H18N6NaO+	SGKYHTDPWYXOCL	InChI=1S/C9H18N6O/c1-3-4-11-8-13-7(10)14-9(15-8)12-5-6-16-2/h3-6H2,1-2H3,(H4,10,11,12,13,14,15)		CCCNc1nc(N)nc(NCCOC)n1	249.145	177	2.949	857317802099370205	857316074246925399	857316074242731094	3365	
1	1	-140.074	-2.551		1.000	36.168	C10H20N2O4	[M + H]+	C10H21N2O4+	NFOUFWOEDDWMFX	InChI=1S/C10H20N2O4/c1-7(2)8(9(13)16-4)12-10(14)11-5-6-15-3/h7-8H,5-6H2,1-4H3,(H2,11,12,14)	methyl (2S)-2-(2-methoxyethylcarbamoylamino)-3-methylbutanoate	CC(C)C(C(=O)OC)NC(=O)NCCOC	233.150	196	3.275	857317805446425797	857316074330811483	857316074326617178	3472	
1	2	-38.762	-0.484		0.330	34.055	C8H6O5	[M - H2O + H]+	C8H5O4+	MWRVRCAFWBBXTL	InChI=1S/C8H6O5/c9-4-1-2-5(7(10)11)6(3-4)8(12)13/h1-3,9H,(H,10,11)(H,12,13)	3,4-Dicarboxyphenolate	C1=CC(=C(C=C1O)C(=O)O)C(=O)O	165.018	217	3.612	857317809372294372	857316074498583651	857316074498583650	3628	
1	1	-47.053	-8.738		0.523	20.566	C12H27NO7	[M + H]+	C12H28NO7+	QEZRRMHKRVQRBH	InChI=1S/C12H27NO7/c13-1-3-16-9-10-20-12(15)11-19-8-7-18-6-5-17-4-2-14/h12,14-15H,1-11,13H2		NCCOCCOC(O)COCCOCCOCCO	298.186	219	3.643	857317812270558500	857316074758630511	857316074758630510	3645	
1	1	-73.261	-5.244		0.826	12.098	C8H25N7O4	[M + H]+	C8H26N7O4+	VPQOCTCENQAQDL	InChI=1S/C8H25N7O4/c9-14(10)13-15(11)12-1-3-17-5-7-19-8-6-18-4-2-16/h12-13,16H,1-11H2		NN(N)NN(N)NCCOCCOCCOCCO	284.207	226	3.767	857317825675557669	857316075106757759	857316075106757758	3690	
1	2	-98.531	-6.110		0.222	11.950	C13H31N5O	[M + Na]+	C13H31N5NaO+	HETHZHYNJIFVKJ	InChI=1S/C13H31N5O/c1-3-5-7-9-11-15-13(17-18-19-14)16-12-10-8-6-4-2/h18H,3-12,14H2,1-2H3,(H2,15,16,17)		CCCCCCN=C(NCCCCCC)NNON	296.243	227	3.789	857317829878250811	857316075282918535	857316075278724230	3834	
1	1	-6.021	-0.100		0.997	16.934	C10H22O6	[M + H]+	C10H23O6+	JLFNLZLINWHATN	InChI=1S/C10H22O6/c11-1-3-13-5-7-15-9-10-16-8-6-14-4-2-12/h11-12H,1-10H2	Pentaglycol	C(COCCOCCOCCOCCO)O	239.149	228	3.795	857317847569836601	857316075446496399	857316075446496398	3713	
1	1	-60.497	-8.375		0.745	34.499	C12H27NO7	[M + H]+	C12H28NO7+	AERMXPYCCHZZIX	InChI=1S/C12H27NO7/c13-1-3-15-9-11-19-20-12-10-18-8-7-17-6-5-16-4-2-14/h14H,1-13H2		NCCOCCOOCCOCCOCCOCCO	298.186	231	3.848	857317937168558793	857316075618462871	857316075618462870	3781	
1	1	-34.078	-6.699		1.000	35.432	C6H10O	[M + H]+	C6H11O+	LLCXUUIYEHIXTB	InChI=1S/C6H10O/c1-2-3-4-5-6-7/h2,4,7H,5-6H2,1H3	Hexa-3,4-dien-1-ol	CC=C=CCCO	99.080	232	3.859	857317885503122056	857316075706543259	857316075702348954	3815	
1	1	-81.532	-4.328		1.000	25.972	C6H15N	[M + H]+	C6H16N+	FNLUJDLKYOWMMF	InChI=1S/C6H15N/c1-4-7-5-6(2)3/h6-7H,4-5H2,1-3H3	ethyl(2-methylpropyl)amine	CCNCC(C)C	102.128	232	3.874	857317840233987461	857316075798817951	857316075794623646	3854	
1	1	-85.082	-3.002		1.000	36.612	C12H23NO	[M + H]+	C12H24NO+	IVKJTDJLKSPBMQ	InChI=1S/C12H23NO/c1-14-12-9-5-4-8-11(12)13-10-6-2-3-7-10/h10-13H,2-9H2,1H3	N-cyclopentyl-2-methoxycyclohexanamine	COC1CCCCC1NC2CCCC2	198.185	234	3.895	857317906222983869	857316075874315427	857316075870121122	3843	
1	5	-115.866	-7.221		0.006	9.666	C13H31N5O5	[M + Na]+	C13H31N5NaO5+	CNTWMRPEKIWNRV	InChI=1S/C13H31N5O5/c14-18-17-13-23-9-4-16-3-8-22-12-11-21-7-2-15-1-6-20-10-5-19/h15-16,19H,1-13H2,(H2,14,17)		NN=NCOCCNCCOCCOCCNCCOCCO	360.223	237	3.952	857317868075788901	857316076025310379	857316076025310378	3831	
1	1	-25.767	-3.778		0.981	62.759	C8H8N2	[M + H]+	C8H9N2+	QCXGJTGMGJOYDP	InChI=1S/C8H8N2/c1-6-3-2-4-7-8(6)10-5-9-7/h2-5H,1H3,(H,9,10)	7-methyl-1H-benzo[d]imidazole	CC1=C2C(=CC=C1)NC=N2	133.076	238	3.974	857317840087186816	857316076109196463	857316076109196462	3929	
1	1	-98.104	-5.859		1.000	79.209	C6H15N3O3	[M + Na]+	C6H15N3NaO3+	JEGIPPVPUPMSFT	InChI=1S/C6H15N3O3/c7-9-8-3-1-4-12-5-2-6(10)11/h8-9H,1-5,7H2,(H,10,11)		NNNCCCOCCC(=O)O	200.100	240	4.007	857317891068963478	857316076377631931	857316076377631930	3954	
1	1	-188.199	-8.671		0.838	17.578	C15H29N5O5	[M + H]+	C15H30N5O5+	QIHBVHOGADUYGY	InChI=1S/C15H29N5O5/c16-2-1-4-21-6-8-23-10-12-25-13-11-24-9-7-22-5-3-20(14-17)15-19-18/h14,17-18H,1,3-13,15H2		N#CCCOCCOCCOCCOCCOCCN(C=N)CN=N	360.223	241	4.021	857317868033845847	857316076276968631	857316076276968630	4007	
1	1	-110.717	-10.844		1.000	44.847	C12H23NO	[M + H]+	C12H24NO+	QMLGYLHGZSTBOZ	InChI=1S/C12H23NO/c1-3-7-11(8-4-1)13-14-12-9-5-2-6-10-12/h11-13H,1-10H2	N-cyclohexyloxycyclohexanamine	C1CCC(CC1)NOC2CCCCC2	198.185	241	4.024	857317897431722657	857316076201471155	857316076197276850	3963	
1	1	-60.193	-6.116		1.000	59.984	C9H18N2	[M + H]+	C9H19N2+	FCLCIIXSDCFLAV	InChI=1S/C9H18N2/c1-10-7-8-11-9-5-3-2-4-6-9/h9,11H,1-8H2		C=NCCNC1CCCCC1	155.154	252	4.202	857317866138020436	857316076469906623	857316076469906622	4141	
1	1	-75.313	-6.477		1.000	89.869	C12H23NO	[M + H]+	C12H24NO+	TYGHMBIHLZRATP	InChI=1S/C12H23NO/c14-12-9-5-4-8-11(12)13-10-6-2-1-3-7-10/h10-14H,1-9H2	2-(Cyclohexylamino)cyclohexan-1-ol	C1CCC(CC1)NC2CCCCC2O	198.185	255	4.254	857317866666502741	857316076557987011	857316076557987010	4179	
1	4	-65.679	-6.627		0.071	17.626	C10H29N7O5	[M + H]+	C10H30N7O5+	SNPJQNQRYZPAAA	InChI=1S/C10H29N7O5/c11-16(12)15-17(13)14-1-3-19-5-7-21-9-10-22-8-6-20-4-2-18/h14-15,18H,1-13H2		NN(N)NN(N)NCCOCCOCCOCCOCCO	328.233	256	4.274	857317881178794607	857316076654456007	857316076650261702	4178	
1	1	-11.276	-0.048		0.973	24.138	C12H26O7	[M + H]+	C12H27O7+	IIRDTKBZINWQAW	InChI=1S/C12H26O7/c13-1-3-15-5-7-17-9-11-19-12-10-18-8-6-16-4-2-14/h13-14H,1-12H2	Hexagol	C(COCCOCCOCCOCCOCCO)O	283.175	258	4.303	857317902397778595	857316076826422479	857316076826422478	4220	
1	2	-73.219	-7.027		0.360	22.560	C18H9NO3	[M + H]+	C18H10NO3+	ZOUWRBBUAQGRBH	InChI=1S/C18H9NO3/c20-11-9-17-15(8-7-13-4-3-10-19-12-13)18(21)14-5-1-2-6-16(14)22-17/h1-6,10,12,20H		O=c1c(C#Cc2cccnc2)c(C#CO)oc2ccccc12	288.065	259	4.309	857317885708642957	857316076746730699	857316076746730698	4203	
1	1	-40.844	-3.531		1.000	23.358	C8H19N	[M + H]+	C8H20N+	JQVDAXLFBXTEQA	InChI=1S/C8H19N/c1-3-5-7-9-8-6-4-2/h9H,3-8H2,1-2H3	dibutylamine	CCCCNCCCC	130.159	260	4.337	857317865928305235	857316076922891475	857316076922891474	4259	
1	6	-144.727	-12.441		0.014	10.486	C13H31N11O4	[M - H2O + H]+	C13H30N11O3+	JGHSYQGXIQTCGO	InChI=1S/C13H31N11O4/c14-11-18-12(22(3-7-25)4-8-26)20-13(19-11)23(5-9-27)6-10-28-17-1-2-24(16)21-15/h17,21,25-27H,1-10,15-16H2,(H2,14,18,19,20)		NNN(N)CCNOCCN(CCO)c1nc(N)nc(N(CCO)CCO)n1	388.254	261	4.347	857317885364710014	857316077027749079	857316077027749078	4274	
1	1	-40.373	-1.972		0.712	31.331	C12H24O8	[M + H]+	C12H25O8+	SXGGZTBEWZFLBZ	InChI=1S/C12H24O8/c13-1-2-16-3-4-17-5-6-18-7-8-19-9-10-20-11-12(14)15/h13H,1-11H2,(H,14,15)	2-[2-[2-[2-[2-(2-Hydroxyethoxy)ethoxy]ethoxy]ethoxy]ethoxy]acetate	C(COCCOCCOCCOCCOCC(=O)O)O	297.154	263	4.380	857317914687089343	857316077115829467	857316077115829466	4310	
1	1	-65.380	-8.689		0.875	30.978	C14H31NO8	[M + H]+	C14H32NO8+	ADBCKZFSDFHPFZ	InChI=1S/C14H31NO8/c15-13-14(22-4-2-17)23-12-11-21-10-9-20-8-7-19-6-5-18-3-1-16/h14,16-17H,1-13,15H2		NCC(OCCO)OCCOCCOCCOCCOCCO	342.212	263	4.386	857317906122320557	857316077203909855	857316077203909854	4309	
1	1	-49.858	-6.588		1.000	61.090	C12H23NO	[M + H]+	C12H24NO+	HDNIYIUPUURNFI	InChI=1S/C12H23NO/c14-12-8-6-11(7-9-12)13-10-4-2-1-3-5-10/h10-14H,1-9H2	Cyclohexyl-cis-(4-hydroxycyclohexyl)amine	C1CCC(CC1)NC2CCC(CC2)O	198.185	265	4.411	857317881640168055	857316077300378851	857316077300378850	4351	
1	3	-70.060	-4.958		0.049	9.888	C9H18N6O	[M + Na]+	C9H18N6NaO+	SGKYHTDPWYXOCL	InChI=1S/C9H18N6O/c1-3-4-11-8-13-7(10)14-9(15-8)12-5-6-16-2/h3-6H2,1-2H3,(H4,10,11,12,13,14,15)		CCCNc1nc(N)nc(NCCOC)n1	249.144	265	4.419	857318273597877035	857316077388459239	857316077388459238	4363	
1	1	-39.193	-3.285		1.000	21.189	C8H19N	[M + H]+	C8H20N+	JQVDAXLFBXTEQA	InChI=1S/C8H19N/c1-3-5-7-9-8-6-4-2/h9H,3-8H2,1-2H3	dibutylamine	CCCCNCCCC	130.159	266	4.426	857318272511552296	857316077472345323	857316077472345322	4376	
1	1	-131.482	-6.414		0.849	22.828	C17H33N5O6	[M + H]+	C17H34N5O6+	JWRMOHCKVXTVIY	InChI=1S/C17H33N5O6/c1-2-5-22(6-9-25-12-11-24-8-4-20-21-19)28-17-16-27-15-14-26-13-10-23-7-3-18/h1H,3-18H2		C#CCN(CCOCCOCCN=[N+]=[N-])OCCOCCOCCOCCN	404.249	275	4.578	857318283374801034	857316077556231407	857316077552037102	4485	
1	2	-138.352	-7.092		0.002	42.712	C9H18FNO3	[M + H]+	C9H19FNO3+	XSNVYANJAMMZQU	InChI=1S/C9H18FNO3/c1-6(2)13-9(12)8(5-10)11-14-7(3)4/h6-8,11H,5H2,1-4H3		CC(C)ONC(CF)C(=O)OC(C)C	208.133	276	4.606	857318281957126204	857316077640117491	857316077640117490	4549	
1	1	-110.501	-5.132		1.000	64.657	C5H10F2N2	[M + H]+	C5H11F2N2+	HWAWLGIBHVXMLA	InChI=1S/C5H10F2N2/c1-2-9(4-8)3-5(6)7/h3H,2,4,8H2,1H3		CCN(C=C(F)F)CN	137.090	288	4.795	857318295529894575	857316078046964999	857316078046964998	4752	
1	1	-149.721	-6.590		1.000	43.649	C8H13ClF2N2O	[M + H]+	C8H14ClF2N2O+	ATFGMSMJFBCHKT	InChI=1S/C8H13ClF2N2O/c1-2-3-6-14-7(8(9,10)11)4-5-12-13-7/h2-6H2,1H3		CCCCOC1(C(F)(F)Cl)CCN=N1	227.074	292	4.866	857318316153288277	857316078210542863	857316078210542862	4838	
1	1	-116.079	-7.021		0.981	69.719	C9H14N4O	[M + H]+	C9H15N4O+	DRZFBDXLBFZUTH	InChI=1S/C9H14N4O/c1-2-3-6-13-8(10-7-4-5-7)11-12-9(13)14/h2-3,7H,4-6H2,1H3,(H,10,11)(H,12,14)		CC=CCn1c(NC2CC2)n[nH]c1=O	195.123	292	4.866	857318311157872038	857316078386703639	857316078386703638	4843	
1	1	-18.040	-5.889		0.947	22.659	C11H24O6	[M + H]+	C11H25O6+	SMBXIGKPAGOPPF	InChI=1S/C11H24O6/c1-12-3-5-14-7-9-16-11-17-10-8-15-6-4-13-2/h3-11H2,1-2H3	2,5,8,10,13,16-Hexaoxaheptadecane	COCCOCCOCOCCOCCOC	253.165	292	4.873	857318333064725929	857316078491561247	857316078487366942	4852	
1	1	-144.404	-6.911		0.998	19.267	C13H25N5O3	[M + H]+	C13H26N5O3+	GBKGLBXAAGGZFU	InChI=1S/C13H25N5O3/c14-2-1-3-16-10-12-13(15)18(11-17-12)4-6-20-8-9-21-7-5-19/h2,11,14,16,19H,1,3-10,15H2		N=CCCNCc1ncn(CCOCCOCCO)c1N	300.202	293	4.885	857318334562092467	857316078541892899	857316078541892898	4878	
1	1	-53.626	-6.342		0.499	9.311	C7H10O4	[M + H]+	C7H11O4+	RUUMJZJVWXHAHY	InChI=1S/C7H10O4/c1-3-10-7(9)4-5-11-6(2)8/h3H,1,4-5H2,2H3		C=COC(=O)CCOC(C)=O	159.065	294	4.899	857318329541508230	857316078596418855	857316078596418854	4904	
1	1	-60.143	-0.531		0.985	57.640	C8H16O6	[M + H]+	C8H17O6+	JZGSGLXIHQVWFJ	InChI=1S/C8H16O6/c1-2-4(10)6(12)8(14)7(13)5(11)3-9/h2,4-14H,1,3H2	(2R,3S,4R,5S,6S)-oct-7-ene-1,2,3,4,5,6-hexol	C=CC(C(C(C(C(CO)O)O)O)O)O	209.102	294	4.903	857318410323806590	857316078650944811	857316078646750506	4905	
1	2	-125.799	-6.534		0.497	28.158	C13H27N5O5	[M - H2O + H]+	C13H26N5O4+	LCHMLGFDXNUOQU	InChI=1S/C13H27N5O5/c14-12-13(16-1-4-23-15)18(11-17-12)2-5-20-7-9-22-10-8-21-6-3-19/h11,16,19H,1-10,14-15H2		NOCCNc1c(N)ncn1CCOCCOCCOCCO	316.197	297	4.945	857318415583465999	857316078701276463	857316078701276462	4961	
1	1	-5.232	-0.100		0.999	20.711	C10H22O6	[M + H]+	C10H23O6+	JLFNLZLINWHATN	InChI=1S/C10H22O6/c11-1-3-13-5-7-15-9-10-16-8-6-14-4-2-12/h11-12H,1-10H2	Pentaglycol	C(COCCOCCOCCOCCO)O	239.149	300	4.992	857318408016939178	857316078751608115	857316078751608114	5093	
1	1	-72.307	-4.403		0.663	25.733	C8H25N7O4	[M + H]+	C8H26N7O4+	VPQOCTCENQAQDL	InChI=1S/C8H25N7O4/c9-14(10)13-15(11)12-1-3-17-5-7-19-8-6-18-4-2-16/h12-13,16H,1-11H2		NN(N)NN(N)NCCOCCOCCOCCO	284.207	300	4.998	857318410822928776	857316078806134071	857316078806134070	5065	
1	2	-46.433	-0.100		0.137	11.865	C10H22O6	[M + H3N + H]+	C10H26NO6+	JLFNLZLINWHATN	InChI=1S/C10H22O6/c11-1-3-13-5-7-15-9-10-16-8-6-14-4-2-12/h11-12H,1-10H2	Pentaglycol	C(COCCOCCOCCOCCO)O	256.176	301	5.009	857318408780302515	857316078856465723	857316078852271418	5096	
1	1	-126.699	-7.051		0.969	38.641	C6H12N4O4	[M + Na]+	C6H12N4NaO4+	JUDHVMRFVXRROL	InChI=1S/C6H12N4O4/c1-2-3-5(9-10(13)14)8-7-4-6(11)12/h7H,2-4H2,1H3,(H,8,9)(H,11,12)		CCCC(=N[N+](=O)[O-])NNCC(=O)O	227.074	301	5.011	857318425653990671	857316078923574591	857316078919380286	5051	
1	1	-149.481	-8.319		0.985	20.542	C15H29N5O4	[M + H]+	C15H30N5O4+	OKONZRXSPSEQFE	InChI=1S/C15H29N5O4/c1-18-3-4-20-13-19-14(15(20)17)12-24-11-10-23-9-8-22-7-6-21-5-2-16/h13H,1-12,16-17H2		C=NCCn1cnc(COCCOCCOCCOCCN)c1N	344.228	301	5.012	857318415558300163	857316078978100547	857316078978100546	5155	
1	1	-94.313	-5.497		0.967	40.784	C10H20O7	[M + H]+	C10H21O7+	OLSOAPOAUWOGNL	InChI=1S/C10H20O7/c1-2-16-5-7(11)10(15)8(12)6-17-4-3-9(13)14/h7-8,10-12,15H,2-6H2,1H3,(H,13,14)		CCOCC(O)C(O)C(O)COCCC(=O)O	253.128	301	5.021	857318434717881650	857316079032626503	857316079032626502	5069	
1	1	-49.091	-5.894		1.000	98.189	C12H23NO	[M + H]+	C12H24NO+	HDNIYIUPUURNFI	InChI=1S/C12H23NO/c14-12-8-6-11(7-9-12)13-10-4-2-1-3-5-10/h10-14H,1-9H2	Cyclohexyl-cis-(4-hydroxycyclohexyl)amine	C1CCC(CC1)NC2CCC(CC2)O	198.185	302	5.026	857318429693105455	857316079087152459	857316079087152458	5003	
1	2	-26.029	-0.106		0.332	45.741	C8H6O4	[M - H2O + H]+	C8H5O3+	XNGIFLGASWRNHJ	InChI=1S/C8H6O4/c9-7(10)5-3-1-2-4-6(5)8(11)12/h1-4H,(H,9,10)(H,11,12)	phthalate	C1=CC=C(C(=C1)C(=O)O)C(=O)O	149.023	302	5.034	857318435439301949	857316079145872719	857316079141678414	5079	
1	1	-56.704	-8.618		0.533	34.741	C12H27NO7	[M + H]+	C12H28NO7+	DZFHJEJYVPHODV	InChI=1S/C12H27NO7/c13-1-3-15-5-6-17-7-8-18-10-12-20-19-11-9-16-4-2-14/h14H,1-13H2		NCCOCCOCCOCCOOCCOCCO	298.186	303	5.043	857318442888385876	857316079250730327	857316079250730326	5153	
1	1	-84.402	-6.541		1.000	205.367	C9H12O3	[M + H]+	C9H13O3+	GIBCWEQPVFNFRS	InChI=1S/C9H12O3/c1-3-6-5-7(4-2)9(11)12-8(6)10/h3,6-7H,1,4-5H2,2H3		C=CC1CC(CC)C(=O)OC1=O	169.086	303	5.051	857318461276214780	857316079305256283	857316079301061978	5117	
1	1	-72.606	-6.587		0.414	5.813	C11H25NO6	[M + H]+	C11H26NO6+	LAIJXGLYRFFLJC	InChI=1S/C11H25NO6/c1-9(5-17-6-10(14)4-13)18-8-11(15)7-16-3-2-12/h9-11,13-15H,2-8,12H2,1H3		CC(COCC(O)CO)OCC(O)COCCN	268.176	306	5.102	857318451214079455	857316079355587935	857316079351393630	5255	
1	1	-179.107	-5.126		0.989	40.430	C15H29N5O5	[M + H]+	C15H30N5O5+	LSYRONDOROGMQH	InChI=1S/C15H29N5O5/c1-2-20(15-18-13-17-14(16)19-15)3-5-22-7-9-24-11-12-25-10-8-23-6-4-21/h13,21H,2-12H2,1H3,(H2,16,17,18,19)		CCN(CCOCCOCCOCCOCCO)c1ncnc(N)n1	360.223	307	5.112	857318456284993010	857316079397530979	857316079397530978	5257	
1	1	-130.966	-6.568		0.729	67.095	C6H10N2O2	[M + K]+	C6H10KN2O2+	PQZGSQQXQJJKDV	InChI=1S/C6H10N2O2/c7-5-3-1-2-4-6-8(9)10/h1-3,5,7H2		NCCCCC#C[N+](=O)[O-]	181.036	308	5.129	857318470126196230	857316079443668327	857316079443668326	5250	
1	6	-85.020	-6.945		0.005	38.823	C10H29N7O5	[M + H]+	C10H30N7O5+	UAWPCPKWBPCBKS	InChI=1S/C10H29N7O5/c11-15-17(13)16(12)14-1-3-19-5-7-21-9-10-22-8-6-20-4-2-18/h14-15,18H,1-13H2		NNN(N)N(N)NCCOCCOCCOCCOCCO	328.233	310	5.169	857318549822169700	857316079493999979	857316079489805674	5384	
1	1	-20.599	-0.044		0.966	31.493	C12H26O7	[M + H]+	C12H27O7+	IIRDTKBZINWQAW	InChI=1S/C12H26O7/c13-1-3-15-5-7-17-9-11-19-12-10-18-8-6-16-4-2-14/h13-14H,1-12H2	Hexagol	C(COCCOCCOCCOCCOCCO)O	283.175	311	5.178	857318520789197387	857316079544331631	857316079544331630	5380	
1	2	-10.756	-0.048		0.113	21.605	C12H26O7	[M + H3N + H]+	C12H30NO7+	IIRDTKBZINWQAW	InChI=1S/C12H26O7/c13-1-3-15-5-7-17-9-11-19-12-10-18-8-6-16-4-2-14/h13-14H,1-12H2	Hexagol	C(COCCOCCOCCOCCOCCO)O	300.202	312	5.194	857318533418246742	857316079590468979	857316079586274674	5382	
1	3	-36.821	-5.227		0.002	40.369	C6H14FOP	[M + H]+	C6H15FOP+	YKHVKMYKELMRPM	InChI=1S/C6H14FOP/c1-5(2)9(7,8)6(3)4/h5-6H,1-4H3	Diisopropylfluorophosphoryl	CC(C)P(=O)(C(C)C)F	153.085	312	5.208	857318604578808655	857316079691132283	857316079691132282	5399	
1	1	-40.274	-5.718		1.000	19.618	C7H12O	[M + H]+	C7H13O+	HJVKTYVDOZVQPA	InChI=1S/C7H12O/c1-2-8-7-5-3-4-6-7/h2,7H,1,3-6H2	Ethenoxycyclopentane	C=COC1CCCC1	113.096	313	5.211	857318602129335026	857316079636606327	857316079636606326	5401	
1	1	-50.249	-8.964		0.443	39.398	C14H31NO8	[M + H]+	C14H32NO8+	CRUKQKOYALFBOY	InChI=1S/C14H31NO8/c15-1-3-17-5-7-19-9-10-21-12-14-23-22-13-11-20-8-6-18-4-2-16/h16H,1-15H2		NCCOCCOCCOCCOOCCOCCOCCO	342.212	314	5.240	857318607388992766	857316079741463935	857316079741463934	5441	
1	1	-39.241	-2.196		0.932	43.599	C12H24O8	[M + H]+	C12H25O8+	SXGGZTBEWZFLBZ	InChI=1S/C12H24O8/c13-1-2-16-3-4-17-5-6-18-7-8-19-9-10-20-11-12(14)15/h13H,1-11H2,(H,14,15)	2-[2-[2-[2-[2-(2-Hydroxyethoxy)ethoxy]ethoxy]ethoxy]ethoxy]acetate	C(COCCOCCOCCOCCOCC(=O)O)O	297.154	315	5.245	857318603043693334	857316079787601283	857316079787601282	5473	
1	1	-80.794	-5.985		1.000	87.679	C9H12O2	[M + H]+	C9H13O2+	XOPDOABMBARZGB	InChI=1S/C9H12O2/c1-3-7-5-8(4-2)11-9(10)6-7/h5-6H,3-4H2,1-2H3	4,6-Diethylpyran-2-one	CCC1=CC(=O)OC(=C1)CC	153.091	317	5.282	857318606256530675	857316079846321543	857316079846321542	5603	
1	1	-139.000	-6.598		0.852	35.425	C17H33N5O6	[M + H]+	C17H34N5O6+	JWRMOHCKVXTVIY	InChI=1S/C17H33N5O6/c1-2-5-22(6-9-25-12-11-24-8-4-20-21-19)28-17-16-27-15-14-26-13-10-23-7-3-18/h1H,3-18H2		C#CCN(CCOCCOCCN=[N+]=[N-])OCCOCCOCCOCCN	404.249	318	5.296	857318609079297299	857316079900847499	857316079896653194	5565	
1	1	-20.546	-0.028		0.913	35.012	C14H30O8	[M + H]+	C14H31O8+	XPJRQAIZZQMSCM	InChI=1S/C14H30O8/c15-1-3-17-5-7-19-9-11-21-13-14-22-12-10-20-8-6-18-4-2-16/h15-16H,1-14H2	Epitope ID:161055	C(COCCOCCOCCOCCOCCOCCO)O	327.201	320	5.331	857318611822372125	857316080014093715	857316080009899410	5666	
1	2	-8.332	-0.028		0.087	19.268	C14H30O8	[M + H3N + H]+	C14H34NO8+	XPJRQAIZZQMSCM	InChI=1S/C14H30O8/c15-1-3-17-5-7-19-9-11-21-13-14-22-12-10-20-8-6-18-4-2-16/h15-16H,1-14H2	Epitope ID:161055	C(COCCOCCOCCOCCOCCOCCO)O	344.228	320	5.333	857318704508103911	857316080064425367	857316080060231062	5667	
1	1	-41.470	-7.056		1.000	71.910	C7H10O2	[M + H]+	C7H11O2+	DJXHOXXVGOECBO	InChI=1S/C7H10O2/c1-3-4-5-6(2)7(8)9/h4-5H,2-3H2,1H3,(H,8,9)		CCC=CC(=C)C(=O)O	127.075	322	5.365	857318626070422953	857316080114757019	857316080114757018	5602	
1	2	-15.357	-1.767		0.097	43.525	C13H13N3	[M + H]+	C13H14N3+	OWRCNXZUPFZXOS	InChI=1S/C13H13N3/c14-13(15-11-7-3-1-4-8-11)16-12-9-5-2-6-10-12/h1-10H,(H3,14,15,16)	Vulkazit	C1=CC=C(C=C1)NC(=NC2=CC=CC=C2)N	212.118	323	5.384	857318763895254312	857316080165088671	857316080165088670	5569	
1	2	-144.358	-6.335		0.041	12.755	C13H23N5O	[M + H]+	C13H24N5O+	GOSIPBIHUUCTSB	InChI=1S/C13H23N5O/c1-11-15-12(10-18-7-3-4-8-18)17-13(16-11)14-6-5-9-19-2/h3-10H2,1-2H3,(H,14,15,16,17)		COCCCNc1nc(C)nc(CN2CCCC2)n1	266.196	325	5.420	857318762498551070	857316080215420323	857316080215420322	5792	
1	1	-141.761	-7.089		0.989	23.629	C17H33N5O4	[M + H]+	C17H34N5O4+	GEDALSFPPRXWLW	InChI=1S/C17H33N5O4/c1-3-15-20-16(4-2)22-17(21-15)19-7-11-24-9-5-18-6-10-25-13-14-26-12-8-23/h18,23H,3-14H2,1-2H3,(H,19,20,21,22)		CCc1nc(CC)nc(NCCOCCNCCOCCOCCO)n1	372.259	325	5.421	857318859311554270	857316080265751975	857316080265751974	5729	
1	5	-103.225	-6.110		0.056	36.675	C13H26O7	[M + H3N + H]+	C13H30NO7+	OFQMZONHJUPWFI	InChI=1S/C13H26O7/c1-2-3-6-18-8-9-10(15)11(16)12(17)13(20-9)19-7-4-5-14/h9-17H,2-8H2,1H3		CCCCOCC1OC(OCCCO)C(O)C(O)C1O	312.202	326	5.428	857318860074917612	857316080320277931	857316080316083626	5794	
1	3	-73.502	-7.774		0.028	34.487	C17H39N5O7	[M + Na]+	C17H39N5NaO7+	FYAFOYGMDJPIED	InChI=1S/C17H39N5O7/c18-1-6-24-11-12-26-8-3-21(23)4-9-27-13-14-28-10-5-22(17-20)29-16-15-25-7-2-19/h17,20,23H,1-16,18-19H2		N=CN(CCOCCOCCN(O)CCOCCOCCN)OCCOCCN	448.275	326	5.437	857318864613154601	857316080370609583	857316080370609582	5859	
1	1	-37.427	-0.758		0.260	32.794	C16H35NO9	[M + H]+	C16H36NO9+	HDRNFSWWFPXNTH	InChI=1S/C16H35NO9/c17-26-16-15-25-14-13-24-12-11-23-10-9-22-8-7-21-6-5-20-4-3-19-2-1-18/h18H,1-17H2	2-[2-[2-[2-[2-[2-[2-(2-Aminooxyethoxy)ethoxy]ethoxy]ethoxy]ethoxy]ethoxy]ethoxy]ethanol	C(COCCOCCOCCOCCOCCOCCOCCON)O	386.238	327	5.443	857318861425483522	857316080420941235	857316080420941234	5763	
1	1	-83.562	-6.241		0.989	66.642	C11H22O7	[M + H]+	C11H23O7+	LJADEQWSHHWQBV	InChI=1S/C11H22O7/c1-16-4-2-3-5-17-6-7-8(12)9(13)10(14)11(15)18-7/h7-15H,2-6H2,1H3		COCCCCOCC1OC(O)C(O)C(O)C1O	267.144	328	5.459	857318896833798182	857316080475467191	857316080471272886	5823	
1	3	-120.473	-7.382		0.022	21.949	C19H43N3O4	[M + K]+	C19H43KN3O4+	YGJJXTSZUGABFX	InChI=1S/C19H43N3O4/c1-2-3-4-7-20-11-15-25-18-19-26-16-12-22-9-6-5-8-21-10-14-24-17-13-23/h20-23H,2-19H2,1H3		CCCCCNCCOCCOCCNCCCCNCCOCCO	416.285	329	5.490	857318858485276374	857316080525798843	857316080525798842	5953	
1	1	-11.197	-0.032		0.934	40.573	C16H34O9	[M + H]+	C16H35O9+	GLZWNFNQMJAZGY	InChI=1S/C16H34O9/c17-1-3-19-5-7-21-9-11-23-13-15-25-16-14-24-12-10-22-8-6-20-4-2-18/h17-18H,1-16H2	PED-diol (n=8)	C(COCCOCCOCCOCCOCCOCCOCCO)O	371.228	330	5.501	857318860733423352	857316080576130495	857316080576130494	5950	
1	3	-9.968	-0.032		0.015	17.085	C16H34O9	[M + H3N + H]+	C16H38NO9+	GLZWNFNQMJAZGY	InChI=1S/C16H34O9/c17-1-3-19-5-7-21-9-11-23-13-15-25-16-14-24-12-10-22-8-6-20-4-2-18/h17-18H,1-16H2	PED-diol (n=8)	C(COCCOCCOCCOCCOCCOCCOCCO)O	388.254	332	5.527	857318858300726977	857316080630656451	857316080626462146	5951	
1	1	-187.482	-10.193		0.997	44.931	C19H35N5O6	[M + H]+	C19H36N5O6+	HEVSCGPDVOCVSO	InChI=1S/C19H35N5O6/c1-2-21-6-3-4-19(18-24(25)26)23-9-13-29-15-17-30-16-14-28-12-8-22-7-11-27-10-5-20/h2,18,21-23H,1,5-17,20H2		C=CNCC#CC(=C[N+](=O)[O-])NCCOCCOCCOCCNCCOCCN	430.265	334	5.565	857318868648075090	857316080685182407	857316080685182406	6056	
1	1	-82.307	-7.316		1.000	151.624	C10H14O2	[M + H]+	C10H15O2+	LHMIPDOMJHRUOL	InChI=1S/C10H14O2/c1-2-3-10-8-9(4-6-11)5-7-12-10/h5-6,8H,2-4,7H2,1H3		CCCC1=CC(CC=O)=CCO1	167.107	335	5.581	857318890194214907	857316080743902667	857316080743902666	5987	
1	2	-82.123	-6.799		0.500	184.361	C9H16O4	[M - H2O + H]+	C9H15O3+	LWIWFCDNJNZEKB	InChI=1S/C9H16O4/c1-3-5-12-8(10)7-9(11)13-6-4-2/h3-7H2,1-2H3	Dipropyl malonate	CCCOC(=O)CC(=O)OCCC	171.102	335	5.585	857318880106913686	857316080806817231	857316080802622926	6017	
1	1	-134.821	-8.316		0.999	23.725	C19H34N4O6	[M + H3N + H]+	C19H38N5O6+	MPQYJOFSXJDCLF	InChI=1S/C19H34N4O6/c20-3-1-2-4-22-19-23-7-11-27-14-13-25-9-5-21-6-10-26-15-17-29-18-16-28-12-8-24/h3,20-21,24H,4-18H2		N=CC#CCN=C=NCCOCCOCCNCCOCCOCCOCCO	432.280	340	5.660	857318857583500981	857316080907480535	857316080907480534	6262	
1	1	-61.694	-7.015		0.518	31.584	C15H33NO8	[M + H]+	C15H34NO8+	ZWPVJVYYGHUXFO	InChI=1S/C15H33NO8/c16-1-3-18-5-7-21-11-13-23-15-24-14-12-22-10-9-20-8-6-19-4-2-17/h17H,1-16H2		NCCOCCOCCOCOCCOCCOCCOCCO	356.228	340	5.665	857318863174508317	857316080962006491	857316080957812186	6250	
1	2	-116.992	-5.388		0.011	35.084	C21H47N3O5	[M + K]+	C21H47KN3O5+	BFFGJRYWGHEWHE	InChI=1S/C21H47N3O5/c1-2-3-7-22-10-11-23-8-5-4-6-9-24-12-14-26-16-18-28-20-21-29-19-17-27-15-13-25/h22-25H,2-21H2,1H3		CCCCNCCNCCCCCNCCOCCOCCOCCOCCO	460.312	340	5.667	857318886146711492	857316081020726751	857316081016532446	6266	
1	1	-4.757	-0.037		0.917	26.533	C18H38O10	[M + H]+	C18H39O10+	YZUUTMGDONTGTN	InChI=1S/C18H38O10/c19-1-3-21-5-7-23-9-11-25-13-15-27-17-18-28-16-14-26-12-10-24-8-6-22-4-2-20/h19-20H,1-18H2	Epitope ID:159256	C(COCCOCCOCCOCCOCCOCCOCCOCCO)O	415.254	341	5.680	857318858430750410	857316081071058403	857316081071058402	6260	
1	1	-86.707	-7.381		0.795	87.791	C14H30O7	[M + H]+	C14H31O7+	WMCHFJATGCEIBK	InChI=1S/C14H30O7/c15-4-1-3-14(17)13-21-12-11-20-10-9-19-8-7-18-6-2-5-16/h14-17H,1-13H2		OCCCOCCOCCOCCOCC(O)CCCO	311.206	350	5.829	857318882552192933	857316081138167271	857316081133972966	6396	
1	1	-38.103	-1.826		0.972	19.324	C14H15N	[M + H]+	C14H16N+	BWLUMTFWVZZZND	InChI=1S/C14H15N/c1-3-7-13(8-4-1)11-15-12-14-9-5-2-6-10-14/h1-10,15H,11-12H2	Bibenzylamine	C1=CC=C(C=C1)CNCC2=CC=CC=C2	198.128	354	5.898	857318862759272211	857316081201081835	857316081196887530	6524	
1	1	-302.453	-7.802		0.870	43.428	C23H45N5O7	[M + H]+	C23H46N5O7+	CAKXQIJXFRTRQM	InChI=1S/C23H45N5O7/c1-3-25(32)16-11-12-18-26(33)17-9-5-13-22(30)28(35)20-10-6-14-23(31)27(34)19-8-4-7-15-24-21(2)29/h3,32-35H,1,4-20H2,2H3,(H,24,29)		C=CN(O)CCCCN(O)CCCCC(=O)N(O)CCCCC(=O)N(O)CCCCCNC(C)=O	504.338	355	5.919	857318898192752688	857316081255607791	857316081255607790	6653	
1	1	-86.738	-8.133		0.494	51.462	C17H37NO9	[M + H]+	C17H38NO9+	HPFKPLBVAGJXHS	InChI=1S/C17H37NO9/c1-16(18)17(20)27-15-14-26-13-12-25-11-10-24-9-8-23-7-6-22-5-4-21-3-2-19/h16-17,19-20H,2-15,18H2,1H3		CC(N)C(O)OCCOCCOCCOCCOCCOCCOCCO	400.254	357	5.955	857318887195287515	857316081322716659	857316081318522354	6703	
1	2	-53.269	-6.544		0.131	62.982	C5H11N3	[M + Na]+	C5H11N3Na+	MIZYUAIMPNURSZ	InChI=1S/C5H11N3/c6-3-5-1-2-7-4-8-5/h7H,1-4,6H2		NCC1=NCNCC1	136.084	359	5.980	857318893730013198	857316081373048311	857316081373048310	6753	
1	1	-72.792	-2.253		0.997	20.023	C7H12O2	[M + H]+	C7H13O2+	BTFFUEGVQBZTMY	InChI=1S/C7H12O2/c1-4-9-7(8)5-6(2)3/h4,6H,1,5H2,2-3H3	Vinyl isovalerate	CC(C)CC(=O)OC=C	129.091	361	6.009	857318880840916899	857316081423379963	857316081423379962	6725	
1	1	-32.585	-2.966		1.000	27.809	C13H25N	[M + H]+	C13H26N+	JMXKCMGJNZQWDD	InChI=1S/C13H25N/c1-3-7-12(8-4-1)11-14-13-9-5-2-6-10-13/h12-14H,1-11H2	(Cyclohexylmethyl)cyclohexylamine	C1CCC(CC1)CNC2CCCCC2	196.206	362	6.025	857318863040290588	857316081473711615	857316081473711614	6824	
1	1	-125.052	-6.815		0.964	84.641	C14H30O7	[M + H]+	C14H31O7+	LPTDFGYQZZWELQ	InChI=1S/C14H30O7/c15-7-4-5-11(17)10-21-8-3-1-2-6-12(18)14(20)13(19)9-16/h11-20H,1-10H2		OCCCC(O)COCCCCCC(O)C(O)C(O)CO	311.206	365	6.077	857318867968597831	857316081524043267	857316081519848962	7024	
1	1	-159.212	-8.860		0.981	45.675	C27H53N5O9	[M + H]+	C27H54N5O9+	GAMLFQSGNQAGDV	InChI=1S/C27H53N5O9/c1-26(33)32(35)13-8-4-6-10-30-27(34)25-41-24-23-40-22-21-39-20-19-38-18-17-37-16-15-36-14-12-29-9-5-2-3-7-11-31-28/h29,31,35H,2-4,6-8,10-25,28H2,1H3,(H,30,34)		CC(=O)N(O)CCCCCNC(=O)COCCOCCOCCOCCOCCOCCNC#CCCCCNN	592.390	366	6.105	857318904022835268	857316081578569223	857316081578569222	6911	
1	1	-406.724	-9.700		0.928	37.351	C20H37N5O6	[M + H]+	C20H38N5O6+	RVQMDGCDMKVWOX	InChI=1S/C20H37N5O6/c1-3-5-14-25(31-4-2)20(29)18(27)22-12-8-6-10-15(21)17(26)23-16-11-7-9-13-24(30)19(16)28/h15-16,30H,3-14,21H2,1-2H3,(H,22,27)(H,23,26)		CCCCN(OCC)C(=O)C(=O)NCCCCC(N)C(=O)NC1CCCCN(O)C1=O	444.280	367	6.121	857318866513174332	857316081687621135	857316081683426830	7097	
1	1	-29.281	-2.836		1.000	27.115	C13H25N	[M + H]+	C13H26N+	JMXKCMGJNZQWDD	InChI=1S/C13H25N/c1-3-7-12(8-4-1)11-14-13-9-5-2-6-10-13/h12-14H,1-11H2	(Cyclohexylmethyl)cyclohexylamine	C1CCC(CC1)CNC2CCCCC2	196.206	368	6.140	857318855385685657	857316081742147091	857316081737952786	7085	
1	1	-50.209	-5.409		0.999	99.168	C16H34O8	[M + H]+	C16H35O8+	INQMQNHTTHFACB	InChI=1S/C16H34O8/c17-4-2-1-3-16(19)15-24-14-13-23-12-11-22-10-9-21-8-7-20-6-5-18/h16-19H,1-15H2		OCCCCC(O)COCCOCCOCCOCCOCCO	355.233	371	6.175	857318884099891119	857316081809255959	857316081809255958	7041	
1	1	-101.874	-6.357		0.575	16.999	C16H35NO7	[M + H]+	C16H36NO7+	PYNJAPIFNIBRSM	InChI=1S/C16H35NO7/c1-2-18-5-6-20-9-10-22-13-14-24-16-15-23-12-11-21-8-7-19-4-3-17/h2-17H2,1H3	3,6,9,12,15,18,21-Heptaoxatricosane-1-amine	CCOCCOCCOCCOCCOCCOCCOCCN	354.249	373	6.210	857318872271953767	857316081884753435	857316081884753434	7332	
1	1	-29.915	-6.576		1.000	65.234	C7H10	[M + H]+	C7H11+	WBRNPACSUWTMKL	InChI=1S/C7H10/c1-2-7-5-3-4-6-7/h2-3,5,7H,1,4,6H2	(3S)-3-ethenylcyclopentene	C=CC1CCC=C1	95.086	374	6.228	857318858380418761	857316081951862303	857316081951862302	7325	
1	1	-113.886	-7.128		1.000	93.051	C8H13ClF2N2O	[M + H]+	C8H14ClF2N2O+	DKANFIUSKKQPKA	InChI=1S/C8H13ClF2N2O/c1-7(2,8(9,10)11)12-13(14)6-4-3-5-6/h6H,3-5H2,1-2H3		CC(C)(N=[N+]([O-])C1CCC1)C(F)(F)Cl	227.074	374	6.233	857318885010055097	857316082014776867	857316082014776866	7222	
1	2	-544.922	-11.616		0.195	25.478	C36H53N5O5	[M + H]+	C36H54N5O5+	PKAXNWGYXYCZDE	InChI=1S/C36H53N5O5/c1-5-26-22-28(26)33(43)37-18-19-38-34(44)30-13-7-6-10-20-41(30)36(46)29(21-25-16-14-24(4)15-17-25)39-35(45)31(23(2)3)40-32(42)27-11-8-9-12-27/h5,14-17,23,26-31H,1,6-13,18-22H2,2-4H3,(H,37,43)(H,38,44)(H,39,45)(H,40,42)		C=CC1CC1C(=O)NCCNC(=O)C1CCCCCN1C(=O)C(Cc1ccc(C)cc1)NC(=O)C(NC(=O)C1CCCC1)C(C)C	636.416	377	6.291	857318878177533836	857316082069302823	857316082065108518	7441	
1	1	-7.706	-0.096		0.996	73.969	C17H21NO4	[M + H]+	C17H22NO4+	ZPUCINDJVBIVPJ	InChI=1S/C17H21NO4/c1-18-12-8-9-13(18)15(17(20)21-2)14(10-12)22-16(19)11-6-4-3-5-7-11/h3-7,12-15H,8-10H2,1-2H3	Cocain	CN1C2CCC1C(C(C2)OC(=O)C3=CC=CC=C3)C(=O)OC	304.154	381	6.357	857318896531808284	857316082123828779	857316082119634474	7590	
1	1	-62.952	-2.888		0.999	124.766	C9H6O3	[M + H]+	C9H7O3+	GTWXSZIQNTUNKR	InChI=1S/C9H6O3/c10-9(11)7-1-2-8-6(5-7)3-4-12-8/h1-5H,(H,10,11)	1-benzofuran-5-carboxylic acid	C1=CC2=C(C=CO2)C=C1C(=O)O	163.039	382	6.368	857318886570336205	857316082182549039	857316082182549038	7592	
1	1	-216.203	-6.691		1.000	37.612	C16H24O4	[M + H]+	C16H25O4+	PPYKUUTYTFPYKH	InChI=1S/C16H24O4/c1-4-6-9-20-15-10-12(5-2)13(7-8-16(17)18)11-14(15)19-3/h10-11H,4-9H2,1-3H3,(H,17,18)		CCCCOc1cc(CC)c(CCC(=O)O)cc1OC	281.175	383	6.380	857318865644953394	857316082241269299	857316082241269298	7605	
1	1	-70.628	-6.878		1.000	213.620	C10H16O2	[M + H]+	C10H17O2+	FFGZTXUDDRJGKI	InChI=1S/C10H16O2/c1-3-5-9(11)7-8-10(12)6-4-2/h3H,1,4-8H2,2H3	Dec-1-ene-4,7-dione	CCCC(=O)CCC(=O)CC=C	169.122	383	6.388	857318872997568369	857316082299989559	857316082299989558	7622	
1	1	-100.950	-7.120		0.999	51.055	C17H21NO	[M + H]+	C17H22NO+	OYFFTIFRSDDQOK	InChI=1S/C17H21NO/c1-5-14(19)15-11(2)13-8-6-7-12-9-17(3,4)10-18(15)16(12)13/h6-8H,5,9-10H2,1-4H3		CCC(=O)c1c(C)c2cccc3c2n1CC(C)(C)C3	256.170	387	6.453	857318889061752816	857316082358709819	857316082358709818	7613	
1	6	-95.191	-8.097		0.020	17.331	C14H28N3O3P	[M + H]+	C14H29N3O3P+	ZJBOCVTUUWQZEW	InChI=1S/C14H28N3O3P/c1-3-17(14-16)7-8-18-9-10-19-11-12-20-21(2)13-5-4-6-15/h14,16H,3-5,7-13H2,1-2H3		CCN(C=N)CCOCCOCCOP(C)CCCC#N	318.196	388	6.465	857318871470841698	857316082417430079	857316082417430078	7727	
1	3	-243.622	-12.176		0.102	22.936	C34H65NO10S	[M + H]+	C34H66NO10S+	OXMRPJFZWSAHMY	InChI=1S/C34H65NO10S/c1-5-11-37-12-13-38-14-15-39-16-17-40-18-19-41-20-21-42-22-23-43-24-25-44-26-27-45-28-29-46-30-34(3,4)35-33(36)32-9-7-31(6-2)8-10-32/h5,31-32H,1,6-30H2,2-4H3,(H,35,36)		C=CCOCCOCCOCCOCCOCCOCCOCCOCCOCCSCC(C)(C)NC(=O)C1CCC(CC)CC1	680.442	388	6.470	857318876545949571	857316082471956035	857316082467761730	7735	
1	1	-51.748	-6.908		0.998	87.599	C18H38O9	[M + H]+	C18H39O9+	VFAZQHASDHCZDY	InChI=1S/C18H38O9/c19-4-7-23-10-12-26-14-13-25-11-9-22-6-2-1-3-18(21)17-27-16-15-24-8-5-20/h18-21H,1-17H2		OCCOCCOCCOCCOCCCCC(O)COCCOCCO	399.259	389	6.476	857318875937775479	857316082526481991	857316082526481990	7665	
1	1	-29.461	-2.274		0.952	47.242	C7H7N3	[M + H]+	C7H8N3+	LRUDIIUSNGCQKF	InChI=1S/C7H7N3/c1-5-2-3-6-7(4-5)9-10-8-6/h2-4H,1H3,(H,8,9,10)	t56 bmnnj g1	CC1=CC2=NNN=C2C=C1	134.071	390	6.505	857318890588479493	857316082656505423	857316082656505422	7792	
1	1	-89.031	-6.752		1.000	119.398	C11H10O3	[M + H]+	C11H11O3+	LMIWJZVLJJXHQT	InChI=1S/C11H10O3/c12-10(6-7-11(13)14)8-9-4-2-1-3-5-9/h1-8,12H,(H,13,14)	4-Hydroxy-5-phenylpenta-2,4-dienoic acid	C1=CC=C(C=C1)C=C(C=CC(=O)O)O	191.070	391	6.510	857318898264055866	857316082593590859	857316082589396554	7716	
1	1	-83.130	-6.944		0.795	22.376	C18H39NO8	[M + H]+	C18H40NO8+	SYFULIAIEUEARL	InChI=1S/C18H39NO8/c1-2-20-5-6-22-9-10-24-13-14-26-17-18-27-16-15-25-12-11-23-8-7-21-4-3-19/h2-19H2,1H3		CCOCCOCCOCCOCCOCCOCCOCCOCCN	398.275	391	6.519	857318895701336081	857316082711031379	857316082711031378	7830	
1	11	-141.507	-7.065		0.000	-70.227	C18H32O2	[M + H]+	C18H33O2+	HVBXZHGKXIMNIF	InChI=1S/C18H32O2/c1-3-5-11-15-18(20)16-13-10-8-6-7-9-12-14-17(19)4-2/h2,13,16-20H,3,5-12,14-15H2,1H3		C#CC(O)CCCCCCCC=CC(O)CCCCC	281.175	392	6.529	857318935014547544	857316082765557335	857316082765557334	7834	
1	1	-59.291	-6.305		0.331	97.277	C10H8O2	[M + H]+	C10H9O2+	GBDHUFATUKHCNJ	InChI=1S/C10H8O2/c1-2-8-5-3-4-6-9(8)10(12)7-11/h2-7H,1H2	2-(2-Ethenylphenyl)-2-oxoacetaldehyde	C=CC1=CC=CC=C1C(=O)C=O	161.060	393	6.549	857320067875096632	857316082820083291	857316082820083290	7873	
1	1	-89.083	-6.686		0.998	104.015	C11H10O3	[M + H]+	C11H11O3+	ALGOPMPNAXRFNP	InChI=1S/C11H10O3/c12-7-3-9-14-11-5-2-1-4-10(11)6-8-13/h1-2,4-5,8,12H,6,9H2		O=CCc1ccccc1OCC#CO	191.071	395	6.587	857320075114465595	857316082874609247	857316082874609246	7946	
1	1	-71.604	-3.219		1.000	202.974	C10H14O3	[M + H]+	C10H15O3+	KCMWQRDQGFQYJP	InChI=1S/C10H14O3/c1-2-3-4-5-6-7-8-9(11)10(12)13/h2-4,7-8H2,1H3,(H,12,13)		CCCCC#CCCC(=O)C(=O)O	183.102	396	6.597	857320094852867882	857316082929135203	857316082924940898	7886	
1	1	-75.036	-4.570		1.000	75.145	C8H12O2	[M + H]+	C8H13O2+	CKQOPDZKZXTEHM	InChI=1S/C8H12O2/c1-3-4-5-6-7-10-8(2)9/h3-5H2,1-2H3	Acetic acid 1-hexynyl ester	CCCCC#COC(=O)C	141.091	396	6.606	857320076670552390	857316082983661159	857316082979466854	7966	
1	3	-91.526	-4.682		0.089	26.878	C12H13BrFNO2	[M + H]+	C12H14BrFNO2+	XPVJZYDSWXFLFE	InChI=1S/C12H13BrFNO2/c13-11-4-1-3-10(12(11)14)9-15-5-8-17-7-2-6-16/h1,3-4,15-16H,5,7-9H2		OC#CCOCCNCc1cccc(Br)c1F	302.020	396	6.606	857320129887889996	857316083038187115	857316083038187114	8001	
1	2	-33.152	-5.038		0.499	58.255	C6H9FOS	[M + C2H3N + H]+	C8H13FNOS+	AGVYMHYMYNUQAX	InChI=1S/C6H9FOS/c1-3-9(8)5-4-6(2)7/h3-4H,1,5H2,2H3		C=CS(=O)CC=C(C)F	190.071	396	6.607	857320125643253923	857316083096907375	857316083092713070	8003	
1	3	-24.959	-1.912		0.000	115.821	C6H14OS2	[M + H]+	C6H15OS2+	BZCDGKUZNYSJED	InChI=1S/C6H14OS2/c1-3-8-5-6-9(7)4-2/h3-6H2,1-2H3		CCSCCS(=O)CC	167.056	397	6.609	857320118672320649	857316083231125111	857316083231125110	8002	
1	3	-71.127	-6.352		0.107	34.878	C13H29N3O7	[M + H]+	C13H30N3O7+	CDFLLLBGFGMKHX	InChI=1S/C13H29N3O7/c14-23-13-16-15-1-3-18-5-7-20-9-11-22-12-10-21-8-6-19-4-2-17/h17H,1-14H2		NOCN=NCCOCCOCCOCCOCCOCCO	340.209	397	6.622	857320168563567239	857316083344371327	857316083340177022	8049	
1	1	-18.726	-0.026		1.000	35.029	C11H20N2O2	[M + H]+	C11H21N2O2+	RKJPPVSYNXLANU	InChI=1S/C11H20N2O2/c14-11(13-6-8-15-9-7-13)12-10-4-2-1-3-5-10/h10H,1-9H2,(H,12,14)	N-cyclohexylmorpholine-4-carboxamide	C1CCC(CC1)NC(=O)N2CCOCC2	213.160	398	6.627	857320137215339099	857316083407285891	857316083407285890	8012	
1	1	-18.786	-0.026		1.000	35.124	C11H20N2O2	[M + H]+	C11H21N2O2+	RKJPPVSYNXLANU	InChI=1S/C11H20N2O2/c14-11(13-6-8-15-9-7-13)12-10-4-2-1-3-5-10/h10H,1-9H2,(H,12,14)	N-cyclohexylmorpholine-4-carboxamide	C1CCC(CC1)NC(=O)N2CCOCC2	213.160	403	6.721	857320140906326635	857316083478589063	857316083474394758	8226	
1	1	-51.058	-6.371		0.960	88.892	C20H42O10	[M + H]+	C20H43O10+	KHNRYHYLFSCVBG	InChI=1S/C20H42O10/c21-3-7-25-11-15-29-19-17-27-13-9-23-5-1-2-6-24-10-14-28-18-20-30-16-12-26-8-4-22/h21-22H,1-20H2	2-[2-[2-[2-[4-[2-[2-[2-(2-Hydroxyethoxy)ethoxy]ethoxy]ethoxy]butoxy]ethoxy]ethoxy]ethoxy]ethanol	C(CCOCCOCCOCCOCCO)COCCOCCOCCOCCO	443.285	403	6.721	857320151337560699	857316083533115019	857316083533115018	8020	
1	1	-151.352	-8.743		1.000	115.598	C23H45N5O6	[M + H]+	C23H46N5O6+	XBMWGYYUHPSVNI	InChI=1S/C23H45N5O6/c29-8-10-31-12-14-33-16-18-34-17-15-32-13-11-30-9-7-25-23(26-19-21-4-5-21)24-6-2-1-3-22-27-20-28-22/h20-22,29H,1-19H2,(H,27,28)(H2,24,25,26)		OCCOCCOCCOCCOCCOCCNC(=NCC1CC1)NCCCCC1N=CN1	488.343	403	6.722	857320191665793679	857316083600223887	857316083596029582	8087	
1	1	-49.575	-5.423		0.723	59.187	C20H42O10	[M + H3N + H]+	C20H46NO10+	KHNRYHYLFSCVBG	InChI=1S/C20H42O10/c21-3-7-25-11-15-29-19-17-27-13-9-23-5-1-2-6-24-10-14-28-18-20-30-16-12-26-8-4-22/h21-22H,1-20H2	2-[2-[2-[2-[4-[2-[2-[2-(2-Hydroxyethoxy)ethoxy]ethoxy]ethoxy]butoxy]ethoxy]ethoxy]ethoxy]ethanol	C(CCOCCOCCOCCOCCO)COCCOCCOCCOCCO	460.312	404	6.727	857320146509916785	857316083654749843	857316083654749842	8067	
1	4	-180.428	-6.426		0.009	13.152	C21H42O5S	[M + H]+	C21H43O5S+	FOEDYWJKBGCYCY	InChI=1S/C21H42O5S/c1-3-5-6-7-8-9-10-11-12-13-14-15-16-24-17-18-25-19-20-26-21-27(22,23)4-2/h4H,2-3,5-21H2,1H3		C=CS(=O)(=O)COCCOCCOCCCCCCCCCCCCCC	407.280	407	6.778	857320138884672100	857316083709275799	857316083709275798	8280	
1	3	-103.694	-8.363		0.033	25.061	C12H27N9O4	[M + H]+	C12H28N9O4+	RCSKHRRVNKBAJJ	InChI=1S/C12H27N9O4/c13-10-17-11(14)19-12(18-10)20(9-21(15)16)1-3-23-5-7-25-8-6-24-4-2-22/h22H,1-9,15-16H2,(H4,13,14,17,18,19)		Nc1nc(N)nc(N(CCOCCOCCOCCO)CN(N)N)n1	362.222	407	6.778	857320418967712216	857316083763801755	857316083759607450	8296	
1	2	-58.492	-6.899		0.267	28.822	C15H33N3O8	[M + H]+	C15H34N3O8+	DYGUNVDTJLEPDQ	InChI=1S/C15H33N3O8/c16-1-3-20-5-6-21-7-8-22-9-10-23-11-12-24-13-14-26-18(19)2-4-25-15-17/h15,17,19H,1-14,16H2		N=COCCN(O)OCCOCCOCCOCCOCCOCCN	384.235	415	6.913	857320421505266145	857316083814133407	857316083814133406	8516	
1	5	-102.008	-6.209		0.004	11.281	C17H40N4O8	[M + H]+	C17H41N4O8+	GSVJYKQVBZBDLC	InChI=1S/C17H40N4O8/c18-19-17-29-16-15-28-14-13-27-11-8-24-5-2-21-20-1-4-23-7-10-26-12-9-25-6-3-22/h19-22H,1-18H2		NNCOCCOCCOCCOCCNNCCOCCOCCOCCO	429.294	415	6.915	857320413791941060	857316083872853667	857316083868659362	8406	
1	2	-48.861	-6.058		0.500	45.427	C8H12O	[M + H3N + H]+	C8H16NO+	JWVVZHHIPQFCDF	InChI=1S/C8H12O/c1-2-3-4-5-6-7-8-9/h8H,2-4,7H2,1H3	3-Octynal	CCCCC#CCC=O	142.123	416	6.929	857320412365877693	857316083931573927	857316083927379622	8543	
1	3	-167.576	-7.805		0.005	102.035	C26H56NO6P	[M + Na]+	C26H56NNaO6P+	YNHIJHKWSCWDOK	InChI=1S/C26H56NO6P/c1-27(2,28)15-17-30-19-21-32-23-25-33-24-22-31-20-18-29-16-13-11-9-7-5-3-4-6-8-10-12-14-26-34/h3-26,34H2,1-2H3		C[N+](C)([O-])CCOCCOCCOCCOCCOCCCCCCCCCCCCCCP	532.369	416	6.940	857320441671480693	857316083986099883	857316083986099882	8570	
1	1	-41.037	-9.223		0.991	91.260	C22H46O11	[M + H]+	C22H47O11+	NYOQCHYXSSOWOJ	InChI=1S/C22H46O11/c23-3-9-28-13-17-32-21-19-30-15-11-26-7-1-5-25-6-2-8-27-12-16-31-20-22-33-18-14-29-10-4-24/h23-24H,1-22H2		OCCOCCOCCOCCOCCCOCCCOCCOCCOCCOCCO	487.311	416	6.942	857320424546136765	857316084040625839	857316084036431534	8573	
1	1	-136.901	-8.410		0.999	58.222	C23H42N4O7	[M + H3N + H]+	C23H46N5O7+	KMTNGWUTXNXNLS	InChI=1S/C23H42N4O7/c24-5-8-28-10-12-30-14-16-32-18-20-34-21-19-33-17-15-31-13-11-29-9-7-26-23-4-2-1-3-6-25-22-27-23/h22H,2,4-21,24H2,(H,25,26,27)		NCCOCCOCCOCCOCCOCCOCCOCCNC1=NC=NCC#CCC1	504.338	417	6.952	857320422977466859	857316084086763187	857316084086763186	8593	
1	9	-113.572	-6.649		0.009	33.636	C20H22N6OS	[M + Na]+	C20H22N6NaOS+	WNWOOWJQFGCCEA	InChI=1S/C20H22N6OS/c1-13-9-22-10-14(2)18(13)23-17(27)12-28-20-25-24-19(16-5-7-21-8-6-16)26(20)11-15-3-4-15/h5-10,15H,3-4,11-12H2,1-2H3,(H,22,23,27)		Cc1cncc(C)c1NC(=O)CSc1nnc(-c2ccncc2)n1CC1CC1	417.146	418	6.964	857320444297115122	857316084137094839	857316084132900534	8615	
1	3	-145.837	-8.802		0.092	7.375	C22H29N7O2	[M + K]+	C22H29KN7O2+	AWBDSUTUJQQSEG	InChI=1S/C22H29N7O2/c30-21(28-8-4-17(5-9-28)19-23-6-1-7-24-19)18-15-26-22(29-10-12-31-13-11-29)27-20(18)25-14-16-2-3-16/h1,6-7,15-17H,2-5,8-14H2,(H,25,26,27)		O=C(c1cnc(N2CCOCC2)nc1NCC1CC1)N1CCC(c2ncccn2)CC1	462.204	419	6.982	857320415717126606	857316084183232187	857316084183232186	8646	
1	1	-34.547	-6.795		1.000	67.807	C8H14O	[M + H]+	C8H15O+	LWXIJTPQVNZEDH	InChI=1S/C8H14O/c1-4-6-7-8(3)9-5-2/h5H,2-4,6-7H2,1H3	2-Ethenoxyhex-1-ene	CCCCC(=C)OC=C	127.112	420	7.000	857320413825495498	857316084233563839	857316084229369534	8601	
1	3	-53.094	-4.354		0.013	40.689	C16H37N3O7	[M + Na]+	C16H37N3NaO7+	SFKVBAFCFFECHW	InChI=1S/C16H37N3O7/c17-26-16-15-25-14-13-24-12-11-23-9-4-19-2-7-21-6-1-18-3-8-22-10-5-20/h18-20H,1-17H2		NOCCOCCOCCOCCNCCOCCNCCOCCO	406.249	423	7.045	857320423317205495	857316084279701187	857316084279701186	8748	
1	1	-59.518	-3.281		1.000	24.146	C8H19N	[M + H]+	C8H20N+	JQVDAXLFBXTEQA	InChI=1S/C8H19N/c1-3-5-7-9-8-6-4-2/h9H,3-8H2,1-2H3	dibutylamine	CCCCNCCCC	130.159	425	7.080	857320412328128955	857316084325838535	857316084325838534	8802	
1	1	-7.827	-0.120		0.500	63.657	C12H27NO2	[M + H]+	C12H28NO2+	QZQNMMLYACBCMJ	InChI=1S/C12H27NO2/c1-2-3-4-5-6-7-8-13(9-11-14)10-12-15/h14-15H,2-12H2,1H3	Ethanol, 2,2'-(octylimino)bis-	CCCCCCCCN(CCO)CCO	218.212	427	7.113	857320430862759233	857316084376170187	857316084376170186	8871	
1	1	-21.340	-0.130		1.000	50.413	C10H23NO	[M + H]+	C10H24NO+	UVYBWDBLVDZIOX	InChI=1S/C10H23NO/c1-2-3-4-5-6-7-8-11-9-10-12/h11-12H,2-10H2,1H3	2-(Octylamino)ethanol	CCCCCCCCNCCO	174.185	427	7.117	857320434390168924	857316084430696143	857316084430696142	8880	
1	1	-34.661	-8.497		0.995	96.496	C24H50O12	[M + H]+	C24H51O12+	UQFXDVANGUMAMR	InChI=1S/C24H50O12/c25-3-7-29-11-15-33-19-17-31-13-9-27-5-1-2-6-28-10-14-32-18-21-35-23-24-36-22-20-34-16-12-30-8-4-26/h25-26H,1-24H2		OCCOCCOCCOCCOCCCCOCCOCCOCCOCCOCCOCCO	531.338	428	7.129	857320448650802711	857316084485222099	857316084481027794	8901	
1	3	-127.004	-9.130		0.039	119.947	C28H60NO7P	[M + Na]+	C28H60NNaO7P+	OZUNROILYMQETB	InChI=1S/C28H60NO7P/c1-32-24-25-34-22-20-18-16-14-12-10-8-6-4-3-5-7-9-11-13-15-17-19-21-23-35-28(26-33-2)27-36-37(29,30)31/h28H,3-27H2,1-2H3,(H3,29,30,31)		COCCOCCCCCCCCCCCCCCCCCCCCCOC(COC)COP(N)(=O)O	576.395	428	7.130	857320600853716112	857316084548136663	857316084548136662	8904	
1	1	-570.642	-9.296		0.997	46.993	C30H46N2O6	[M + H3N + H]+	C30H50N3O6+	WXFQKYFRTOHYEH	InChI=1S/C30H46N2O6/c1-3-9-28(10-4-1)30(12-6-7-13-30)27-38-26-25-37-24-23-36-22-21-35-20-19-34-18-17-33-16-8-2-5-11-29-31-14-15-32-29/h1,3-4,9-10H,2,5,8,11-27H2,(H,31,32)		C1#CCC(COCCOCCOCCOCCOCCOCCCCCC2=NCCN2)(c2ccccc2)C1	548.364	428	7.140	857320441595983209	857316084602662619	857316084602662618	8913	
1	4	-213.040	-8.894		0.059	32.540	C21H37N3O4S	[M + H]+	C21H38N3O4S+	TVKSOHVOMRKMAE	InChI=1S/C21H37N3O4S/c22-19-20-1-3-21(4-2-20)29-18-10-24-6-5-23(7-12-26-13-9-24)8-14-27-16-17-28-15-11-25/h1-4,25H,5-19,22H2		NCc1ccc(SCCN2CCOCCN(CCOCCOCCO)CC2)cc1	428.262	430	7.166	857320439746295138	857316084648799967	857316084648799966	8963	
1	1	-45.681	-0.295		1.000	29.980	C12H26O5	[M + H]+	C12H27O5+	MXVMODFDROLTFD	InChI=1S/C12H26O5/c1-2-3-5-14-7-9-16-11-12-17-10-8-15-6-4-13/h13H,2-12H2,1H3	3,6,9,12-Tetraoxahexadecan-1-OL	CCCCOCCOCCOCCOCCO	251.185	431	7.184	857320434000098639	857316084707520227	857316084703325922	9002	
1	1	-51.018	-3.019		0.991	89.416	C10H8O2	[M + H]+	C10H9O2+	YUTFQTAITWWGFH	InChI=1S/C10H8O2/c1-7(11)10-6-8-4-2-3-5-9(8)12-10/h2-6H,1H3	1-(4,5,6,7-Tetradeuterio-1-benzofuran-2-yl)ethanone	CC(=O)C1=CC2=CC=CC=C2O1	161.060	436	7.269	857320448487224845	857316084799794923	857316084799794922	9151	
1	3	-119.038	-5.471		0.134	37.365	C19H36FN5O6	[M + H]+	C19H37FN5O6+	LLZOETJWZFYTGJ	InChI=1S/C19H36FN5O6/c1-2-17-22-18(21)24-19(23-17)25(4-3-20)5-7-27-9-11-29-13-15-31-16-14-30-12-10-28-8-6-26/h26H,2-16H2,1H3,(H2,21,22,23,24)		CCc1nc(N)nc(N(CCF)CCOCCOCCOCCOCCOCCO)n1	450.275	437	7.278	857320452501174128	857316084850126575	857316084845932270	9174	
1	1	-39.964	-0.295		1.000	28.920	C12H26O5	[M + H]+	C12H27O5+	MXVMODFDROLTFD	InChI=1S/C12H26O5/c1-2-3-5-14-7-9-16-11-12-17-10-8-15-6-4-13/h13H,2-12H2,1H3	3,6,9,12-Tetraoxahexadecan-1-OL	CCCCOCCOCCOCCOCCO	251.185	437	7.286	857320449095398945	857316084913041139	857316084908846834	9249	
1	1	-29.515	-7.568		0.954	83.003	C26H54O13	[M + H]+	C26H55O13+	NORPQABREJHLER	InChI=1S/C26H54O13/c27-3-7-31-11-9-29-5-1-2-6-30-10-13-33-15-17-35-19-21-37-23-25-39-26-24-38-22-20-36-18-16-34-14-12-32-8-4-28/h27-28H,1-26H2		OCCOCCOCCCCOCCOCCOCCOCCOCCOCCOCCOCCOCCO	575.364	438	7.304	857320542473198724	857316084963372791	857316084963372790	9211	
1	2	-155.526	-13.337		0.000	109.687	C28H55N9O5	[M + Na]+	C28H55N9NaO5+	YFEIFUKGKAMTAR	InChI=1S/C28H55N9O5/c38-27(33-15-19-41-21-22-42-20-16-34-28(39)36-24-9-3-4-10-24)32-11-5-6-17-40-18-14-31-26(35-23-7-1-2-8-23)37-25-29-12-13-30-25/h23-25,29-30H,1-22H2,(H2,31,35,37)(H2,32,33,38)(H2,34,36,39)		O=C(NCCCCOCCNC(=NC1CCCC1)NC1NCCN1)NCCOCCOCCNC(=O)NC1CCCC1	620.421	438	7.308	857320759993998489	857316085026287355	857316085022093050	9215	
1	1	-116.080	-8.431		0.999	82.749	C27H50N4O9	[M + H3N + H]+	C27H54N5O9+	RIEMXGLQEUUFOX	InChI=1S/C27H50N4O9/c1-2-28-27-31-8-7-29-5-3-4-6-30-9-11-33-13-15-35-17-19-37-21-23-39-25-26-40-24-22-38-20-18-36-16-14-34-12-10-32/h2,29-30,32H,1,5-26H2		C=CN=C=NCCNCC#CCNCCOCCOCCOCCOCCOCCOCCOCCOCCO	592.390	439	7.317	857320895369354402	857316085080813311	857316085080813310	9242	
1	2	-81.248	-4.862		0.500	114.792	C12H14O4	[M - H2O + H]+	C12H13O3+	ZNUKQFAKHQQCEL	InChI=1S/C12H14O4/c13-7-6-10(8-11(14)15)12(16)9-4-2-1-3-5-9/h1-5,7,10,12,16H,6,8H2,(H,14,15)		O=CCC(CC(=O)O)C(O)c1ccccc1	205.086	441	7.353	857321042081914029	857316085135339267	857316085131144962	9287	
1	6	-214.076	-7.374		0.001	37.783	C20H37N7O6	[M + H]+	C20H38N7O6+	NAHQYSFXIXAKCQ	InChI=1S/C20H37N7O6/c21-27-26-6-10-30-12-14-32-16-18-33-17-15-31-13-11-29-8-4-22-3-7-28-9-5-25-20-19-23-1-2-24-20/h1-2,19,22H,3-18H2,(H,24,25)		[N-]=[N+]=NCCOCCOCCOCCOCCOCCNCCOCCNc1cnccn1	472.288	443	7.388	857321494844448765	857316085185670919	857316085185670918	9350	
1	1	-65.336	-5.871		1.000	17.445	C12H25N	[M + H]+	C12H26N+	XMGPLVLPWBXWEY	InChI=1S/C12H25N/c1-2-3-7-11-10-12(11)8-5-4-6-9-13/h11-12H,2-10,13H2,1H3		CCCCC1CC1CCCCCN	184.206	444	7.399	857321492990566391	857316085240196875	857316085240196874	9373	
1	1	-85.677	-4.882		1.000	84.565	C12H27NO3	[M + H]+	C12H28NO3+	SQZMZOVZSHFPEL	InChI=1S/C12H27NO3/c1-2-3-4-5-6-13(7-9-14)8-11-16-12-10-15/h14-15H,2-12H2,1H3		CCCCCCN(CCO)CCOCCO	234.206	446	7.434	857321503413411970	857316085303111439	857316085303111438	9442	
1	1	-94.682	-7.198		0.466	42.368	C12H27N3O6	[M + H]+	C12H28N3O6+	IZFBOQNWDFCHMN	InChI=1S/C12H27N3O6/c13-12(15-11-21-6-3-17)14-1-4-18-7-9-20-10-8-19-5-2-16/h16-17H,1-11H2,(H3,13,14,15)		NC(=NCCOCCOCCOCCO)NCOCCO	310.199	447	7.457	857321569519845210	857316085370220307	857316085370220306	9475	
1	1	-37.456	-9.248		0.978	80.432	C28H58O14	[M + H]+	C28H59O14+	FSJLWBBUGHAKRB	InChI=1S/C28H58O14/c29-3-7-33-11-15-37-19-23-41-27-25-39-21-17-35-13-9-31-5-1-2-6-32-10-14-36-18-22-40-26-28-42-24-20-38-16-12-34-8-4-30/h29-30H,1-28H2		OCCOCCOCCOCCOCCOCCOCCCCOCCOCCOCCOCCOCCOCCO	619.389	448	7.463	857321618475761519	857316085437329175	857316085433134870	9481	
1	3	-437.726	-14.881		0.000	111.841	C38H57N5O5	[M + H]+	C38H58N5O5+	RSWYOTCLISPIQZ	InChI=1S/C38H57N5O5/c44-37(39-31-14-7-4-8-15-31)40-32-24-43(25-32)38(45)41-33-16-11-17-34-35(33)42-36(48-34)30-20-18-29(19-21-30)27-47-23-10-2-1-9-22-46-26-28-12-5-3-6-13-28/h18-21,28,31-33H,1-17,22-27H2,(H,41,45)(H2,39,40,44)		O=C(NC1CCCCC1)NC1CN(C(=O)NC2CCCc3oc(-c4ccc(COCCCCCCOCC5CCCCC5)cc4)nc32)C1	664.448	448	7.473	857321598234050407	857316085517020955	857316085517020954	9492	
1	1	-238.133	-10.430		0.999	71.476	C35H54O9	[M + H3N + H]+	C35H58NO9+	FJXNPHPHTAHFPX	InChI=1S/C35H54O9/c36-18-20-38-22-24-40-26-28-42-30-32-44-34-33-43-31-29-41-27-25-39-23-21-37-19-14-12-10-8-6-4-2-1-3-5-7-9-11-13-15-35-16-17-35/h35-36H,1,6-7,12-34H2		OCCOCCOCCOCCOCCOCCOCCOCCOCCCC#CCC#CCC#CCC#CCCC1CC1	636.416	449	7.475	857321848155848574	857316085588324127	857316085588324126	9493	
1	1	-146.701	-6.432		1.000	46.966	C9H20O3	[M + H]+	C9H21O3+	WFIFIOJSLDEHAJ	InChI=1S/C9H20O3/c1-4-7-11-9(5-6-10)12-8(2)3/h8-10H,4-7H2,1-3H3		CCCOC(CCO)OC(C)C	177.149	450	7.493	857321864731739690	857316085651238691	857316085651238690	9526	
1	1	-116.178	-6.982		0.500	83.576	C12H25NO3	[M + H]+	C12H26NO3+	PZJOCECFRVILRG	InChI=1S/C12H25NO3/c1-2-3-4-5-6-13(7-9-14)8-11-16-12-10-15/h10,12,14-15H,2-9,11H2,1H3		CCCCCCN(CCO)CCOC=CO	232.191	454	7.566	857321862311626260	857316085709958951	857316085705764646	9622	
1	1	-49.522	-2.255		1.000	23.900	C12H27N	[M + H]+	C12H28N+	PXSXRABJBXYMFT	InChI=1S/C12H27N/c1-3-5-7-9-11-13-12-10-8-6-4-2/h13H,3-12H2,1-2H3	dihexylazanium	CCCCCCNCCCCCC	186.222	454	7.571	857321859602105875	857316085764484907	857316085764484906	9632	
1	1	-37.984	-6.683		1.000	30.950	C8H12	[M + H]+	C8H13+	YPJAIENQUBMWDU	InChI=1S/C8H12/c1-2-3-4-5-8-6-7-8/h1,8H,3-7H2	(Pent-4-yn-1-yl)cyclopropane	C#CCCCC1CC1	109.101	455	7.579	857321863267927579	857316085823205167	857316085823205166	9646	
1	1	-126.532	-9.787		0.933	12.376	C15H29N5O2	[M + H]+	C15H30N5O2+	LRQUTIOFYRUDNI	InChI=1S/C15H29N5O2/c1-2-7-17-14(16-6-1)18-9-5-10-20-15-19-8-3-4-11-21-12-13-22-15/h1-13H2,(H,19,20)(H2,16,17,18)		C1CCNC(NCCCN=C2NCCCCOCCO2)=NC1	312.238	456	7.599	857321864677213727	857316085886119731	857316085886119730	9683	
1	1	-133.883	-10.490		0.978	13.762	C6H21N9O2	[M + H]+	C6H22N9O2+	BIFMRDIYFLNRGI	InChI=1S/C6H21N9O2/c1-10-14(9)13-6(7,8)11-4-2-3-5-12-15(16)17/h10-13H,2-5,7-9H2,1H3		CNN(N)NC(N)(N)NCCCCN[N+](=O)[O-]	252.189	456	7.601	857321872579282671	857316085949034295	857316085949034294	9744	
1	1	-14.337	-0.242		1.000	89.563	C12H26O5	[M + H]+	C12H27O5+	MXVMODFDROLTFD	InChI=1S/C12H26O5/c1-2-3-5-14-7-9-16-11-12-17-10-8-15-6-4-13/h13H,2-12H2,1H3	3,6,9,12-Tetraoxahexadecan-1-OL	CCCCOCCOCCOCCOCCO	251.185	456	7.602	857321877117520800	857316086003560251	857316085999365946	9689	
1	1	-139.723	-7.229		0.733	18.947	C13H31N5O	[M + Na]+	C13H31N5NaO+	HICGMEJYKAIZGF	InChI=1S/C13H31N5O/c1-3-5-7-17-13(14)18-9-11-19-10-8-16-12-15-6-4-2/h15-16H,3-12H2,1-2H3,(H3,14,17,18)		CCCCNC(N)=NCCOCCNCNCCC	296.243	456	7.603	857321983875150525	857316086053891903	857316086053891902	9690	
1	1	-11.681	-0.183		0.996	34.055	C12H26O5	[M + H3N + H]+	C12H30NO5+	MXVMODFDROLTFD	InChI=1S/C12H26O5/c1-2-3-5-14-7-9-16-11-12-17-10-8-15-6-4-13/h13H,2-12H2,1H3	3,6,9,12-Tetraoxahexadecan-1-OL	CCCCOCCOCCOCCOCCO	268.212	456	7.605	857321924576080550	857316086108417859	857316086108417858	9686	
1	2	-149.675	-8.063		0.000	62.715	C14H26FN5O3	[M + H]+	C14H27FN5O3+	IGZJLZOMSOUOFG	InChI=1S/C14H26FN5O3/c15-10-1-2-11(20-9-19-13(17)14(20)18)12(10)23-8-7-22-6-5-21-4-3-16/h9-12H,1-8,16-18H2		NCCOCCOCCOC1C(F)CCC1n1cnc(N)c1N	332.212	457	7.610	857321982444892852	857316086167138119	857316086162943814	9720	
1	1	-61.765	-6.244		0.584	53.538	C30H62O15	[M + H]+	C30H63O15+	TWVXQFHXRHDVNM	InChI=1S/C30H62O15/c1-31-3-5-33-7-9-35-11-13-37-15-17-39-19-21-41-23-25-43-27-29-45-30-28-44-26-24-42-22-20-40-18-16-38-14-12-36-10-8-34-6-4-32-2/h3-30H2,1-2H3	1-Methoxy-2-[2-[2-[2-[2-[2-[2-[2-[2-[2-[2-[2-[2-(2-methoxyethoxy)ethoxy]ethoxy]ethoxy]ethoxy]ethoxy]ethoxy]ethoxy]ethoxy]ethoxy]ethoxy]ethoxy]ethoxy]ethane	COCCOCCOCCOCCOCCOCCOCCOCCOCCOCCOCCOCCOCCOCCOC	663.416	457	7.622	857322008420218386	857316086221664075	857316086221664074	9737	
1	1	-120.832	-7.262		0.632	45.750	C16H24N4O7S	[M + H]+	C16H25N4O7S+	RNHISSVTQLSMRH	InChI=1S/C16H24N4O7S/c1-3-26-27-11-6-19(2)15(21)13-4-5-14(17-12-13)28(23,24)18-16(22)20-7-9-25-10-8-20/h4-5,12H,3,6-11H2,1-2H3,(H,18,22)		CCOOCCN(C)C(=O)c1ccc(S(=O)(=O)NC(=O)N2CCOCC2)nc1	417.146	460	7.673	857322056952511272	857316086334910291	857316086334910290	9758	
1	3	-119.646	-8.822		0.179	13.039	C27H23N7O	[M + H]+	C27H24N7O+	NUFSSKKNCKKLJS	InChI=1S/C27H23N7O/c35-27(33-21-6-3-5-19(15-21)24-9-1-2-14-28-24)18-10-12-20(13-11-18)32-25-23-16-31-34(22-7-4-8-22)26(23)30-17-29-25/h1-3,5-6,9-17,22H,4,7-8H2,(H,33,35)(H,29,30,32)		O=C(Nc1cccc(-c2ccccn2)c1)c1ccc(Nc2ncnc3c2cnn3C2CCC2)cc1	462.204	461	7.689	857322056025570080	857316086397824855	857316086397824854	9769	
1	4	-195.228	-13.734		0.001	74.644	C37H65N7O9	[M + H]+	C37H66N7O9+	PGOMSTWPJRAQDQ	InChI=1S/C37H65N7O9/c1-2-3-4-6-10-15-42-37(43-16-11-8-5-7-9-14-41-36(39)40)44-17-19-46-21-23-48-25-27-50-29-31-52-33-35-53-34-32-51-30-28-49-26-24-47-22-20-45-18-12-13-38/h2H,1,3-5,7,9,12,14-35H2,(H4,39,40,41)(H2,42,43,44)		C=CCCC#CCNC(=NCC#CCCCCN=C(N)N)NCCOCCOCCOCCOCCOCCOCCOCCOCCOCCC#N	752.499	467	7.783	857322097066835676	857316086452350811	857316086452350810	9975	
1	1	-46.018	-5.130		0.717	15.473	C8H7N	[M + Na]+	C8H7NNa+	GTCLFEMMPGBNOI	InChI=1S/C8H7N/c9-7-6-8-4-2-1-3-5-8/h1-5H,9H2	Aminophenylacetylene	C1=CC=C(C=C1)C#CN	140.047	468	7.798	857322102435544807	857316086511071071	857316086511071070	10015	
1	1	-68.219	-3.700		0.333	38.980	C9H14O2	[M + H]+	C9H15O2+	PJXIRNABAMBGHD	InChI=1S/C9H14O2/c1-3-5-6-8-11-9(10)7-4-2/h4,6,8H,2-3,5,7H2,1H3		C=CCC(=O)OC=CCCC	155.107	489	8.145	857322069678029754	857316086611734375	857316086607540070	10551	
1	3	-96.085	-10.293		0.333	40.719	C10H20O3	[M + C2H3N + H]+	C12H24NO3+	FYSSBMZUBSBFJL	InChI=1S/C10H20O3/c1-2-3-4-5-6-7-9(11)8-10(12)13/h9,11H,2-8H2,1H3,(H,12,13)	Myrmicacin	CCCCCCCC(CC(=O)O)O	230.175	495	8.258	857322070571416525	857316086662066027	857316086662066026	10714	
1	4	-99.237	-7.077		0.250	80.407	C10H18O2	[M + C2H3N + H]+	C12H22NO2+	NOTFZGFABLVTIG	InChI=1S/C10H18O2/c1-9(11)12-8-7-10-5-3-2-4-6-10/h10H,2-8H2,1H3	2-cyclohexylethyl acetate	CC(=O)OCCC1CCCCC1	212.165	498	8.308	857322130407358196	857316086716591983	857316086716591982	10719	
1	1	-40.941	-5.522		1.000	74.475	C12H24S	[M + H]+	C12H25S+	ROWBXKQQQMGHMH	InChI=1S/C12H24S/c1-2-4-6-8-10-12-13-11-9-7-5-3-1/h1-12H2	Thiacyclotridecane	C1CCCCCCSCCCCC1	201.168	503	8.376	857322100384530147	857316086775312243	857316086775312242	10785	
1	1	-102.253	-5.954		1.000	201.815	C11H18O2	[M + H]+	C11H19O2+	ROJNXMDXCUAGCA	InChI=1S/C11H18O2/c1-3-5-6-7-10(4-2)8-9-11(12)13/h10H,3-7H2,1-2H3,(H,12,13)	4-Ethylnon-2-ynoate	CCCCCC(CC)C#CC(=O)O	183.138	503	8.378	857322549363802103	857316086834032503	857316086829838198	10833	
1	1	-95.551	-6.761		1.000	195.149	C11H21NO2	[M + H]+	C11H22NO2+	CSYCKVRZLYYNSA	InChI=1S/C11H21NO2/c12-10-8-6-4-2-1-3-5-7-9-11-14-13/h13H,1-8,10,12H2		NCCCCCCCCCC#COO	200.165	503	8.378	857322572935794617	857316086888558459	857316086888558458	10839	
1	1	-55.977	-5.114		1.000	83.267	C8H10O2	[M + H]+	C8H11O2+	LWLWRGZEVHEOQC	InChI=1S/C8H10O2/c1-4-7-5(2)6(3)8(9)10-7/h4H,1-3H3		CC=C1OC(=O)C(C)=C1C	139.075	507	8.442	857322571912384411	857316086934695807	857316086934695806	10880	
1	1	-25.640	-0.162		0.992	62.214	C12H6O3	[M + H]+	C12H7O3+	IZJDCINIYIMFGX	InChI=1S/C12H6O3/c13-11-9-5-7-3-1-2-4-8(7)6-10(9)12(14)15-11/h1-6H	1H,3H-naphtho[2,3-c]furan-1,3-dione	C1=CC=C2C=C3C(=CC2=C1)C(=O)OC3=O	199.039	511	8.511	857322580267438087	857316086980833155	857316086976638850	11015	
1	1	-21.312	-0.558		0.994	29.147	C13H16N2S	[M + H]+	C13H17N2S+	UPWPIFMHSFSVLE	InChI=1S/C13H16N2S/c1-2-6-10(7-3-1)14-13-15-11-8-4-5-9-12(11)16-13/h4-5,8-10H,1-3,6-7H2,(H,14,15)	benzothiazolyl-cyclohexyl-amine	C1CCC(CC1)NC2=NC3=CC=CC=C3S2	233.111	511	8.513	857322579214667762	857316087022776199	857316087022776198	11016	
1	1	-197.951	-7.268		0.875	60.674	C17H26N2O	[M + H]+	C17H27N2O+	METOFJYTDFBNNN	InChI=1S/C17H26N2O/c1-2-12-19(14-16-8-5-11-18-13-16)17(20)10-9-15-6-3-4-7-15/h5,8,11,13,15H,2-4,6-7,9-10,12,14H2,1H3		CCCN(Cc1cccnc1)C(=O)CCC1CCCC1	275.212	514	8.560	857322572826742703	857316087064719243	857316087064719242	11083	
1	1	-157.099	-6.579		1.000	111.146	C11H14O3	[M + H]+	C11H15O3+	ZUAYCNRZTXQXKB	InChI=1S/C11H14O3/c1-3-4-5-6-7-8(2)9-10(12)14-11(9)13/h8-9H,3-5H2,1-2H3		CCCCC#CC(C)C1C(=O)OC1=O	195.102	515	8.579	857322584935698464	857316087110856591	857316087110856590	11111	
1	1	-154.801	-6.425		1.000	60.689	C8H20N4O2	[M + Na]+	C8H20N4NaO2+	MELNDERMOXUNSY	InChI=1S/C8H20N4O2/c1-2-9-10-7-5-3-4-6-8-11-12(13)14/h9-11H,2-8H2,1H3		CCNNCCCCCCN[N+](=O)[O-]	227.147	520	8.661	857322571954327461	857316087156993939	857316087156993938	11212	
1	1	-26.219	-0.028		1.000	47.150	C12H25NO3	[M + H]+	C12H26NO3+	FZQAYFWUOCXLKJ	InChI=1S/C12H25NO3/c1-2-3-4-5-6-7-12(16)13(8-10-14)9-11-15/h14-15H,2-11H2,1H3	N,N-Bis(2-hydroxyethyl)octanamide	CCCCCCCC(=O)N(CCO)CCO	232.191	521	8.679	857322580414238737	857316087203131287	857316087198936982	11247	
1	1	-71.913	-3.819		1.000	61.661	C9H16O	[M + H]+	C9H17O+	FOBAEHIPCFVYAR	InChI=1S/C9H16O/c1-3-4-5-6-7-8-9(2)10/h6-7H,3-5,8H2,1-2H3	(E)-non-4-en-2-one	CCCCC=CCC(=O)C	141.127	521	8.681	857322576400289776	857316087245074331	857316087245074330	11220	
1	1	-84.276	-1.299		1.000	20.437	C12H27N	[M + H]+	C12H28N+	JRBPAEWTRLWTQC	InChI=1S/C12H27N/c1-2-3-4-5-6-7-8-9-10-11-12-13/h2-13H2,1H3	Amine BB	CCCCCCCCCCCCN	186.222	523	8.723	857322580988858389	857316087291211679	857316087291211678	11296	
1	1	-38.318	-5.476		0.959	19.595	C16H34O6	[M + H]+	C16H35O6+	FYDRXOORGWZION	InChI=1S/C16H34O6/c1-3-5-17-7-9-19-11-13-21-15-16-22-14-12-20-10-8-18-6-4-2/h3-16H2,1-2H3	1-[2-[2-[2-[2-(2-Propoxyethoxy)ethoxy]ethoxy]ethoxy]ethoxy]propane	CCCOCCOCCOCCOCCOCCOCCC	323.243	524	8.736	857322580074500093	857316087387680675	857316087387680674	11308	
1	1	-186.326	-6.766		0.540	13.330	C19H37N5O2	[M + H]+	C19H38N5O2+	QPUUVYYQEINWHA	InChI=1S/C19H37N5O2/c1-6-9-11-23(13-15-25-4)18-20-17(8-3)21-19(22-18)24(12-10-7-2)14-16-26-5/h6-16H2,1-5H3		CCCCN(CCOC)c1nc(CC)nc(N(CCCC)CCOC)n1	368.301	524	8.738	857322586001051690	857316087429623719	857316087429623718	11309	
1	3	-93.452	-6.798		0.000	92.457	C11H21FO5	[M + H]+	C11H22FO5+	AMTWZDSTIPPNDP	InChI=1S/C11H21FO5/c1-5-14-8(4)17-11(16-7-3)9(12)10(13)15-6-2/h8-9,11H,5-7H2,1-4H3		CCOC(=O)C(F)C(OCC)OC(C)OCC	253.144	525	8.745	857322593257197623	857316087513509807	857316087513509806	11329	
1	1	-33.600	-0.455		0.745	23.786	C21H28O6	[M + H3N + H]+	C21H32NO6+	NISVZEWKUNUGQQ	InChI=1S/C21H28O6/c1-21(2,15-3-7-19(8-4-15)26-13-17(24)11-22)16-5-9-20(10-6-16)27-14-18(25)12-23/h3-10,17-18,22-25H,11-14H2,1-2H3	3-(4-{2-[4-(2,3-dihydroxypropoxy)phenyl]propan-2-yl}phenoxy)propane-1,2-diol	CC(C)(C1=CC=C(C=C1)OCC(CO)O)C2=CC=C(C=C2)OCC(CO)O	394.222	530	8.826	857322599359911330	857316087551258547	857316087551258546	11401	
1	1	-66.322	-4.493		0.996	90.497	C12H16O3	[M + H]+	C12H17O3+	WGIIOGRUHSJKMI	InChI=1S/C12H16O3/c1-4-14-11(13)12(2,3)15-10-8-6-5-7-9-10/h5-9H,4H2,1-3H3	Ethyl 2-methyl-2-phenoxypropanoate	CCOC(=O)C(C)(C)OC1=CC=CC=C1	209.117	530	8.826	857322612962040984	857316087597395895	857316087597395894	11398	
1	1	-30.237	-0.850		0.948	22.940	C21H28O6	[M + H]+	C21H29O6+	NISVZEWKUNUGQQ	InChI=1S/C21H28O6/c1-21(2,15-3-7-19(8-4-15)26-13-17(24)11-22)16-5-9-20(10-6-16)27-14-18(25)12-23/h3-10,17-18,22-25H,11-14H2,1-2H3	3-(4-{2-[4-(2,3-dihydroxypropoxy)phenyl]propan-2-yl}phenoxy)propane-1,2-diol	CC(C)(C1=CC=C(C=C1)OCC(CO)O)C2=CC=C(C=C2)OCC(CO)O	377.196	530	8.827	857322614010616994	857316087639338939	857316087639338938	11403	
1	1	-71.338	-1.350		1.000	35.610	C12H27N	[M + H]+	C12H28N+	JRBPAEWTRLWTQC	InChI=1S/C12H27N/c1-2-3-4-5-6-7-8-9-10-11-12-13/h2-13H2,1H3	Amine BB	CCCCCCCCCCCCN	186.222	533	8.879	857322609833089787	857316087685476287	857316087685476286	11453	
1	4	-134.009	-8.572		0.051	7.051	C16H38FN5O3	[M + H]+	C16H39FN5O3+	KLCXJCIVWYTRQE	InChI=1S/C16H38FN5O3/c17-2-1-3-20-4-9-24-12-13-25-10-6-21-5-8-23-11-7-22-15-16(19)14-18/h16,20-22H,1-15,18-19H2		NCC(N)CNCCOCCNCCOCCOCCNCCCF	368.301	537	8.952	857322653067975894	857316087731613635	857316087731613634	11536	
1	1	-71.689	-6.239		0.980	19.796	C16H34O6	[M + H]+	C16H35O6+	HWPJDAUDLHTQNB	InChI=1S/C16H34O6/c1-4-5-6-20-14-16(3)22-12-11-19-8-7-18-9-10-21-13-15(2)17/h15-17H,4-14H2,1-3H3		CCCCOCC(C)OCCOCCOCCOCC(C)O	323.243	537	8.953	857322687016672477	857316087773556679	857316087773556678	11537	
1	1	-37.680	-0.366		1.000	69.255	C10H10O2	[M + H]+	C10H11O2+	CVBUKMMMRLOKQR	InChI=1S/C10H10O2/c1-8(11)7-10(12)9-5-3-2-4-6-9/h2-6H,7H2,1H3	1-phenylbutane-1,3-dione	CC(=O)CC(=O)C1=CC=CC=C1	163.075	538	8.964	857322889123407141	857316087870025679	857316087865831374	11511	
1	1	-90.842	-4.125		1.000	198.117	C19H34O4S	[M + H]+	C19H35O4S+	OBFYEONHMBFDBS	InChI=1S/C19H34O4S/c1-2-3-4-5-6-7-8-11-14-17-24(22,23)18-15-12-9-10-13-16-19(20)21/h2-7,9-10,12-18H2,1H3,(H,20,21)		CCCCCCCC#CCCS(=O)(=O)CCCCCCCC(=O)O	359.225	538	8.974	857322957847080107	857316087916163027	857316087916163026	11527	
1	1	-93.893	-3.472		1.000	123.830	C14H28N2O2	[M + H]+	C14H29N2O2+	MJUDKYVSUQWNTB	InChI=1S/C14H28N2O2/c15-13(17)11-9-7-5-3-1-2-4-6-8-10-12-14(16)18/h1-12H2,(H2,15,17)(H2,16,18)	Tetradecanediamide	C(CCCCCCC(=O)N)CCCCCC(=O)N	257.222	543	9.044	857322899231679809	857316087962300375	857316087958106070	11620	
1	1	-183.431	-6.235		1.000	43.954	C13H25NO3	[M + H]+	C13H26NO3+	RPNGSBMHPPIYQT	InChI=1S/C13H25NO3/c1-11(2)14-12(15)9-7-5-3-4-6-8-10-13(16)17/h11H,3-10H2,1-2H3,(H,14,15)(H,16,17)		CC(C)NC(=O)CCCCCCCCC(=O)O	244.191	544	9.068	857322895356142908	857316088012632027	857316088012632026	11647	
1	2	-70.615	-7.352		0.222	24.374	C7H14F2N6	[M + H]+	C7H15F2N6+	DJXMGKMWXKTQJE	InChI=1S/C7H14F2N6/c1-4(2)12-7-13-6(14-15(7)10)11-3-5(8)9/h4-5H,3,10H2,1-2H3,(H2,11,12,13,14)		CC(C)Nc1nc(NCC(F)F)nn1N	221.133	545	9.087	857322892831171891	857316088067157983	857316088067157982	11667	
1	1	-27.444	-0.144		0.500	41.336	C14H31NO2	[M + H]+	C14H32NO2+	YSDGSQDHXJAHIA	InChI=1S/C14H31NO2/c1-2-3-4-5-6-7-8-9-10-15(11-13-16)12-14-17/h16-17H,2-14H2,1H3	Ethanol, 2,2'-(decylimino)bis-	CCCCCCCCCCN(CCO)CCO	246.243	548	9.129	857322939358588071	857316088121683939	857316088121683938	11696	
1	1	-34.727	-0.102		1.000	32.051	C12H27NO	[M + H]+	C12H28NO+	PJNIZPXBKOEEGD	InChI=1S/C12H27NO/c1-2-3-4-5-6-7-8-9-10-13-11-12-14/h13-14H,2-12H2,1H3	2-(Decylamino)ethanol	CCCCCCCCCCNCCO	202.217	550	9.171	857322921893504409	857316088180404199	857316088180404198	11733	
1	2	-74.222	-4.201		0.500	20.847	C9H18O3	[M - H2O + H]+	C9H17O2+	XBUXARJOYUQNTC	InChI=1S/C9H18O3/c1-2-3-4-5-6-8(10)7-9(11)12/h8,10H,2-7H2,1H3,(H,11,12)	3-hydroxynonanoate	CCCCCCC(CC(=O)O)O	157.122	552	9.206	857322932266019212	857316088243318763	857316088239124458	11771	
1	4	-55.410	-6.867		0.044	35.047	C10H17O3P	[M + H]+	C10H18O3P+	JYXKBNNLCNTIKI	InChI=1S/C10H17O3P/c1-2-3-4-5-6-7-8-11-14-12-9-10-13-14/h2,5-10H2,1H3		CCC#CCCCCOP1OCCO1	217.097	553	9.222	857322988490666669	857316088297844719	857316088293650414	11796	
1	2	-64.913	-3.873		0.500	75.161	C14H20O	[M + CH2O2 + H]+	C15H23O3+	VOYZJYGIHFRNAG	InChI=1S/C14H20O/c1-10(2)9-13-5-7-14(8-6-13)11(3)12(4)15/h5-8,10-11H,9H2,1-4H3	3-[4-(2-Methylpropyl)phenyl]-1-tritiobutan-2-one	CC(C)CC1=CC=C(C=C1)C(C)C(=O)C	251.164	554	9.232	857322994232668900	857316088348176371	857316088343982066	11822	
1	1	-114.081	-8.156		1.000	162.653	C15H22O3	[M - H2O + H]+	C15H21O2+	VCDDXJXZEQCXPI	InChI=1S/C15H22O3/c1-9-4-5-13-11(3)15(17)18-14(13)8-10(2)7-12(16)6-9/h9-10,13-14H,3-8H2,1-2H3		C=C1C(=O)OC2CC(C)CC(=O)CC(C)CCC12	233.154	554	9.233	857322988171899552	857316088394313719	857316088394313718	11812	
1	1	-73.203	-4.681		1.000	66.045	C14H31NO3	[M + H]+	C14H32NO3+	CHGRVRCHXOZULD	InChI=1S/C14H31NO3/c1-2-3-4-5-6-7-8-15(9-11-16)10-13-18-14-12-17/h16-17H,2-14H2,1H3	PEG-3 caprylamine	CCCCCCCCN(CCO)CCOCCO	262.238	562	9.359	857322989455356609	857316088545308675	857316088545308674	11942	
1	2	-62.963	-8.927		0.008	26.376	C19H35N5	[M + Na]+	C19H35N5Na+	WKAKNLUIOLPJBW	InChI=1S/C19H35N5/c1-17(2)8-13(7-16(23-17)22-15-11-20-12-15)21-14-9-18(3,4)24-19(5,6)10-14/h11,13-14,16,21,23-24H,7-10,12H2,1-6H3		CC1(C)CC(NC2CC(C)(C)NC(C)(C)C2)CC(N=C2C=NC2)N1	356.280	565	9.419	857322991523148506	857316088595640327	857316088595640326	12012	
1	3	-27.771	-0.265		0.003	61.064	C8H19O3P	[M + H]+	C8H20O3P+	KEOJOAVYGLGAIM	InChI=1S/C8H19O3P/c1-4-7-8-12(9,10-5-2)11-6-3/h4-8H2,1-3H3	Diethyl butylphosphonate	CCCCP(=O)(OCC)OCC	195.115	566	9.440	857322990013199047	857316088645971979	857316088641777674	12039	
1	1	-77.783	-6.904		1.000	58.213	C14H31N	[M + H]+	C14H32N+	YAQAKQBMSVHFHQ	InChI=1S/C14H31N/c1-3-5-7-8-10-12-14(13-15)11-9-6-4-2/h14H,3-13,15H2,1-2H3	2-Pentylnonan-1-amine	CCCCCCCC(CCCCC)CN	214.253	568	9.469	857322984736764575	857316088700497935	857316088696303630	12067	
1	1	-99.021	-6.149		1.000	58.543	C14H29NO3	[M + H]+	C14H30NO3+	WQHRDHIAAXJRGS	InChI=1S/C14H29NO3/c1-3-5-6-7-8-9-10-15(13-14(16)17)11-12-18-4-2/h3-13H2,1-2H3,(H,16,17)		CCCCCCCCN(CCOCC)CC(=O)O	260.222	571	9.512	857323067360359424	857316088755023891	857316088750829586	12087	
1	1	-63.356	-6.975		1.000	63.176	C9H14	[M + H]+	C9H15+	CJIHIGRCUGQSFD	InChI=1S/C9H14/c1-6(2)9-5-7-3-8(9)4-7/h7-9H,1,3-5H2,2H3	2-Prop-1-en-2-ylbicyclo[2.1.1]hexane	CC(=C)C1CC2CC1C2	123.117	573	9.544	857323029393519348	857316088805355543	857316088801161238	12180	
1	1	-49.651	-3.460		1.000	15.391	C12H27N	[M + H]+	C12H28N+	DBIJGSRXWPQTLH	InChI=1S/C12H27N/c1-3-5-7-8-9-10-12-13-11-6-4-2/h13H,3-12H2,1-2H3	Butyl(octyl)azanium	CCCCCCCCNCCCC	186.222	576	9.597	857323157416261109	857316088855687195	857316088855687194	12217	
1	1	-145.420	-6.756		1.000	58.334	C10H17NO3	[M + H]+	C10H18NO3+	JHVGFMRMCXGTPK	InChI=1S/C10H17NO3/c1-4-8(3)10(14)11-6-7(2)5-9(12)13/h4,7-8H,1,5-6H2,2-3H3,(H,11,14)(H,12,13)		C=CC(C)C(=O)NCC(C)CC(=O)O	200.128	577	9.613	857323178563942929	857316088910213151	857316088910213150	12250	
1	1	-88.730	-5.942		0.997	121.572	C10H8N4O4	[M + H]+	C10H9N4O4+	GIJGAHMYCSRBHR	InChI=1S/C10H8N4O4/c1-7-2-3-12(11-7)8-4-9(13(15)16)6-10(5-8)14(17)18/h2-6H,1H3		Cc1ccn(-c2cc([N+](=O)[O-])cc([N+](=O)[O-])c2)n1	249.062	593	9.881	857323226362247400	857316088964739107	857316088960544802	12500	
1	2	-72.870	-0.030		0.500	133.556	C10H20O3	[M - H2O + H]+	C10H19O2+	FYSSBMZUBSBFJL	InChI=1S/C10H20O3/c1-2-3-4-5-6-7-9(11)8-10(12)13/h9,11H,2-8H2,1H3,(H,12,13)	Myrmicacin	CCCCCCCC(CC(=O)O)O	171.138	600	9.997	857323182527560231	857316089015070759	857316089015070758	12586	
1	1	-45.155	-5.036		0.902	79.492	C12H9NO	[M + H]+	C12H10NO+	WWUWRQDTCOWUAM	InChI=1S/C12H9NO/c1-2-7-13-8-10(9-14)11-5-3-4-6-12(11)13/h3-6,8-9H,1H3	1-Prop-1-ynylindole-3-carbaldehyde	CC#CN1C=C(C2=CC=CC=C21)C=O	184.076	602	10.029	857323181386709531	857316089069596715	857316089069596714	12638	
1	1	-78.948	-6.907		1.000	48.088	C11H24N2O2	[M + H]+	C11H25N2O2+	STRYDGNBWABUKF	InChI=1S/C11H24N2O2/c1-2-3-4-5-6-7-8-9-10-12-11(14)13-15/h15H,2-10H2,1H3,(H2,12,13,14)		CCCCCCCCCCNC(=O)NO	217.191	602	10.040	857323174411581965	857316089124122671	857316089124122670	12647	
1	7	-109.670	-6.889		0.002	18.220	C11H21N2O6PS	[M + Na]+	C11H21N2NaO6PS+	JOBFVICBTUWENL	InChI=1S/C11H21N2O6PS/c1-4-7-19-20(16,18-6-3)13-11(15)9-21-8-10(14)12-17-5-2/h4H,1,5-9H2,2-3H3,(H,12,14)(H,13,15,16)		C=CCOP(=O)(NC(=O)CSCC(=O)NOCC)OCC	363.076	604	10.073	857323190685481523	857316089178648627	857316089174454322	12656	
1	1	-66.524	-1.717		1.000	82.162	C14H8O3	[M + H]+	C14H9O3+	BJCTXUUKONLPPK	InChI=1S/C14H8O3/c15-13-11-4-2-1-3-9(11)10-6-5-8(14(16)17)7-12(10)13/h1-7H,(H,16,17)	9-Fluorenone-2-carboxylic acid	C1=CC=C2C(=C1)C3=C(C2=O)C=C(C=C3)C(=O)O	225.055	604	10.074	857323191562091072	857316089233174583	857316089233174582	12699	
1	7	-120.302	-14.701		0.028	25.558	C8H18ClN7O11P2S	[M + H]+	C8H19ClN7O11P2S+	OWINPGHHMYAXPX	InChI=1S/C8H18ClN7O11P2S/c9-7(6-25-12-8(10)16-13-14-16)11-24-2-1-5-30(22,23)15-28(17,18)26-3-4-27-29(19,20)21/h1-6H2,(H2,10,12)(H2,15,17,18)(H2,19,20,21)		NC(=NOCC(Cl)=NOCCCS(=O)(=O)NP(=O)(O)OCCOP(=O)(O)O)N1N=N1	518.001	605	10.075	857323206120534702	857316089283506235	857316089283506234	12662	
1	1	-167.629	-5.144		0.998	48.743	C14H15FN2O3	[M + K]+	C14H15FKN2O3+	MJKOVEPRQBZBAG	InChI=1S/C14H15FN2O3/c1-8(18)11-6-10(15)4-5-12(11)17-14(20)13(19)16-7-9-2-3-9/h4-6,9H,2-3,7H2,1H3,(H,16,19)(H,17,20)		CC(=O)c1cc(F)ccc1NC(=O)C(=O)NCC1CC1	317.071	606	10.093	857323229478615284	857316089325449279	857316089325449278	12679	
1	1	-35.328	-4.932		0.441	33.063	C10H20Cl4O8P2	[M + H]+	C10H21Cl4O8P2+	CJWBPEYRTPGWPF	InChI=1S/C10H20Cl4O8P2/c11-1-5-17-23(15,18-6-2-12)21-9-10-22-24(16,19-7-3-13)20-8-4-14/h1-10H2	Phosphoric acid, 1,2-ethanediyl tetrakis(2-chloroethyl) ester	C(COP(=O)(OCCCl)OCCCl)OP(=O)(OCCCl)OCCCl	470.946	606	10.098	857323224772604595	857316089371586627	857316089371586626	12685	
1	1	-99.409	-11.575		0.983	49.669	C13H18Cl4F5N3O4	[M + H]+	C13H19Cl4F5N3O4+	NPJDHJKSZCEDBF	InChI=1S/C13H18Cl4F5N3O4/c14-11(15,16)4-25(5-28-6-26)10(27)24-8(12(17,18)19)23-9(13(20,21)22)29-3-7-1-2-7/h7-9,23,26H,1-6H2,(H,24,27)		O=C(NC(NC(OCC1CC1)C(F)(F)F)C(F)(F)Cl)N(COCO)CC(Cl)(Cl)Cl	516.004	606	10.101	857323273065822474	857316089426112583	857316089426112582	12674	
1	4	-64.698	-11.174		0.048	24.922	C10H19ClN2O5P2S4	[M + H]+	C10H20ClN2O5P2S4+	VQFNOHSLTBJHTN	InChI=1S/C10H19ClN2O5P2S4/c1-4-7-16-19(22,18-12-13-21)17-8-10(11)9-24-20(23,14-5-2)15-6-3/h1,10H,5-9H2,2-3H3,(H,12,21)		C#CCOP(=S)(OCC(Cl)CSP(=S)(OCC)OCC)ON=NS	472.943	606	10.104	857323260105423107	857316089476444235	857316089476444234	12686	
1	1	-45.951	-5.673		1.000	114.077	C10H18O	[M + H]+	C10H19O+	DOPBANMGPOIVPQ	InChI=1S/C10H18O/c1-3-4-5-6-7-8-9-10(2)11/h10-11H,5-9H2,1-2H3		CC#CCCCCCC(C)O	155.143	606	10.105	857323659419941289	857316089526775887	857316089526775886	12734	
1	2	-128.573	-6.625		0.031	20.145	C14H30FNO	[M + H]+	C14H31FNO+	XPQFCPIYQLDUNL	InChI=1S/C14H30FNO/c1-5-9-11-16(12-10-6-2)17-13-14(15,7-3)8-4/h5-13H2,1-4H3		CCCCN(CCCC)OCC(F)(CC)CC	248.237	607	10.116	857323661391264447	857316089585496147	857316089581301842	12752	
1	1	-130.433	-6.819		1.000	32.878	C11H14N2OS2	[M + H]+	C11H15N2OS2+	KQFDJTJOCHUXTG	InChI=1S/C11H14N2OS2/c1-3-13(4-2)10-6-5-8(16-10)11-12-9(14)7-15-11/h5-6H,3-4,7H2,1-2H3		CCN(CC)c1ccc(C2=NC(=O)CS2)s1	255.062	610	10.175	857323688884929322	857316089635827799	857316089631633494	12809	
1	1	-199.089	-4.763		1.000	113.284	C13H25NO2	[M + H]+	C13H26NO2+	NKNRUWOTWSLMRN	InChI=1S/C13H25NO2/c1-2-13(15)16-11-7-10-14-12-8-5-3-4-6-9-12/h12,14H,2-11H2,1H3		CCC(=O)OCCCNC1CCCCCC1	228.196	610	10.175	857323683059038931	857316089686159451	857316089686159450	12761	
1	1	-66.141	-5.291		0.997	29.786	C14H28S	[M + H]+	C14H29S+	OZHBGBBPKOLRRT	InChI=1S/C14H28S/c1-2-3-4-7-12-15-13-8-5-6-9-14-10-11-14/h14H,2-13H2,1H3		CCCCCCSCCCCCC1CC1	229.199	611	10.177	857323729431275580	857316089732296799	857316089732296798	12788	
1	4	-100.438	-7.445		0.045	6.220	C12H28N8O2	[M + H]+	C12H29N8O2+	QHVYHZCXJMQUDC	InChI=1S/C12H28N8O2/c13-11-16-7-2-1-5-15-6-3-4-8-19-22-12(21)17-9-10-18-20-14/h15-16,19H,1-11,13H2,(H,17,21)		[N-]=[N+]=NCCNC(=O)ONCCCCNCCCCNCN	317.243	611	10.180	857323741179521225	857316089774239843	857316089774239842	12796	
1	1	-145.581	-5.460		1.000	33.349	C13H18O3	[M + H]+	C13H19O3+	GXPPICBCFAELHT	InChI=1S/C13H18O3/c1-4-7-16-13-6-5-11(8-10(13)2)12(14)9-15-3/h5-6,8H,4,7,9H2,1-3H3	2-Methoxy-1-(3-methyl-4-propoxyphenyl)ethanone	CCCOC1=C(C=C(C=C1)C(=O)COC)C	223.133	611	10.182	857323740546181308	857316089820377191	857316089816182886	12811	
1	1	-137.302	-1.687		0.999	15.175	C15H32N2O2	[M + H]+	C15H33N2O2+	MPXCYFACEXGWMI	InChI=1S/C15H32N2O2/c1-4-5-6-7-8-9-10-12-15(18)16-13-11-14-17(2,3)19/h4-14H2,1-3H3,(H,16,18)	Capramidopropylamine oxide	CCCCCCCCCC(=O)NCCC[N+](C)(C)[O-]	273.254	614	10.232	857323753561106682	857316089858125931	857316089858125930	12869	
1	1	-134.416	-4.990		1.000	123.612	C14H25NO2	[M + H]+	C14H26NO2+	HJRDNBWKKWZFEO	InChI=1S/C14H25NO2/c1-2-17-14(16)13-10-15(11-13)9-12-7-5-3-4-6-8-12/h12-13H,2-11H2,1H3		CCOC(=O)C1CN(CC2CCCCCC2)C1	240.196	616	10.272	857323741833832656	857316089904263279	857316089904263278	12929	
1	1	-102.910	-8.488		1.000	44.168	C12H25NO3	[M + H]+	C12H26NO3+	HXCSNAXJQNUUSE	InChI=1S/C12H25NO3/c1-2-3-4-5-8-13-9-6-10-16-11-7-12(14)15/h13H,2-11H2,1H3,(H,14,15)		CCCCCCNCCCOCCC(=O)O	232.191	620	10.334	857323729796180032	857316089950400627	857316089950400626	13083	
1	11	-9.719	-0.721		0.000	10.428	C18H15OP	[M + H]+	C18H16OP+	FIQMHBFVRAXMOP	InChI=1S/C18H15OP/c19-20(16-10-4-1-5-11-16,17-12-6-2-7-13-17)18-14-8-3-9-15-18/h1-15H	Triphenylphosphanoxid	C1=CC=C(C=C1)P(=O)(C2=CC=CC=C2)C3=CC=CC=C3	279.094	620	10.335	857323777095347473	857316089992343671	857316089992343670	12974	
1	2	-104.300	-5.946		0.500	67.065	C18H36O4	[M + C2H3N + H]+	C20H40NO4+	LUBDEGHCUVKNNL	InChI=1S/C18H36O4/c1-2-3-4-9-12-17(20)13-10-7-5-6-8-11-14-18(21)22-16-15-19/h17,19-20H,2-16H2,1H3	2-Hydroxyethyl 10-hydroxyhexadecanoate	CCCCCCC(CCCCCCCCC(=O)OCCO)O	358.295	622	10.364	857323758585883495	857316090038481019	857316090038481018	13100	
1	1	-65.024	-6.053		1.000	109.549	C10H16O	[M + H]+	C10H17O+	CGLZQTUTYONESB	InChI=1S/C10H16O/c1-3-9-7-8(2)5-4-6-10(9)11/h5,9H,3-4,6-7H2,1-2H3		CCC1CC(C)=CCCC1=O	153.127	634	10.572	857323732010772551	857316090084618367	857316090080424062	13339	
1	3	-63.944	-7.093		0.012	61.391	C6H8F2N4O3	[M + H]+	C6H9F2N4O3+	ZOYLJZREEJZHNX	InChI=1S/C6H8F2N4O3/c1-2-3-9-12(5(13)10-15)6(14)11(3)4(7)8/h4,15H,2H2,1H3,(H,10,13)		CCc1nn(C(=O)NO)c(=O)n1C(F)F	223.064	635	10.589	857323762847296468	857316090130755715	857316090130755714	13332	
1	1	-104.465	-8.626		1.000	69.042	C11H23NO2	[M + H]+	C11H24NO2+	BDRQNGXRJPCJSR	InChI=1S/C11H23NO2/c1-4-5-6-7-8-12-9-11(2,3)10(13)14/h12H,4-9H2,1-3H3,(H,13,14)	3-(Hexylamino)-2,2-dimethylpropanoic acid	CCCCCCNCC(C)(C)C(=O)O	202.180	635	10.589	857323731838806084	857316090172698759	857316090172698758	13423	
1	1	-66.567	-6.935		0.500	238.861	C13H22O2	[M + H]+	C13H23O2+	DNBPNFOQOHTMNX	InChI=1S/C13H22O2/c14-13(15)12-7-3-6-11(9-12)8-10-4-1-2-5-10/h10-12H,1-9H2,(H,14,15)		O=C(O)C1CCCC(CC2CCCC2)C1	211.169	636	10.599	857323745428351191	857316090218836107	857316090218836106	13450	
1	1	-27.471	-6.164		1.000	49.106	C7H10	[M + H]+	C7H11+	OKZRXKLMUZLZHN	InChI=1S/C7H10/c1-2-4-7-5-3-6-7/h2H,3,5-6H2,1H3		CC=C=C1CCC1	95.086	636	10.607	857323731960440902	857316090264973455	857316090260779150	13462	
1	2	-77.339	-6.728		0.333	138.400	C13H20O	[M - H2O + H]+	C13H19+	ONWZINNFAFALNQ	InChI=1S/C13H20O/c14-13(11-7-3-1-4-8-11)12-9-5-2-6-10-12/h7,12H,1-6,8-10H2	(Cyclohex-1-en-1-yl)(cyclohexyl)methanone	C1CCC(CC1)C(=O)C2=CCCCC2	175.148	637	10.609	857323746468538590	857316090357248151	857316090357248150	13473	
1	1	-52.072	-7.152		0.333	214.182	C13H20O	[M + H]+	C13H21O+	IGMFWCXJSAFQLQ	InChI=1S/C13H20O/c1-5-11-8-6-7-10(4)12(11)13(14)9(2)3/h11H,2,5-8H2,1,3-4H3		C=C(C)C(=O)C1=C(C)CCCC1CC	193.159	637	10.610	857323751916939500	857316090457911451	857316090457911450	13468	
1	2	-118.295	-5.908		0.137	143.331	C14H28S	[M + H]+	C14H29S+	BOGZFWUOGFKFBZ	InChI=1S/C14H28S/c1-3-5-7-9-11-13-14(15-13)12-10-8-6-4-2/h13-14H,3-12H2,1-2H3	(2R,3R)-2,3-dihexylthiirane	CCCCCCC1C(S1)CCCCCC	229.199	637	10.611	857323746636310758	857316090512437407	857316090512437406	13460	
1	1	-174.236	-4.380		1.000	167.477	C13H25NO2	[M + H]+	C13H26NO2+	MZNHLWMWOBOLBP	InChI=1S/C13H25NO2/c14-12-10-8-6-4-2-1-3-5-7-9-11-13(15)16/h12,14H,1-11H2,(H,15,16)	13-Iminotridecanoic acid	C(CCCCCC=N)CCCCCC(=O)O	228.196	637	10.612	857323736603535546	857316090617295011	857316090617295010	13474	
1	7	-83.797	-6.260		0.000	166.933	C4H10F2N4O3	[M + Na]+	C4H10F2N4NaO3+	MDBBGBDVMSOZMR	InChI=1S/C4H10F2N4O3/c5-3(6)4(11,12)13-10-2(9)1(7)8/h1,3,11-12H,7-8H2,(H2,9,10)		NC(=NOC(O)(O)C(F)F)C(N)N	223.064	643	10.708	857323799249664359	857316090743124139	857316090743124138	13573	
1	1	-244.117	-6.465		1.000	17.588	C7H13FO	[M + H]+	C7H14FO+	AGWILOKPVOEXNL	InChI=1S/C7H13FO/c1-7(2,3)6(5-8)9-4/h5H,1-4H3		COC(=CF)C(C)(C)C	133.104	647	10.791	857323768174062852	857316090843787443	857316090843787442	13693	
1	1	-131.388	-7.017		1.000	169.364	C16H24O4	[M + H]+	C16H25O4+	XGRPFCXKKOQLOQ	InChI=1S/C16H24O4/c1-8-6-9(2)12(8)15(19)20-7-11(18)14-13(10(3)17)16(14,4)5/h8-9,12-14H,6-7H2,1-5H3		CC(=O)C1C(C(=O)COC(=O)C2C(C)CC2C)C1(C)C	281.175	649	10.825	857323803272001911	857316090889924791	857316090889924790	13727	
1	1	-29.007	-0.105		1.000	28.748	C14H31NO	[M + H]+	C14H32NO+	HCYSJBICYOIBLS	InChI=1S/C14H31NO/c1-2-3-4-5-6-7-8-9-10-11-12-15-13-14-16/h15-16H,2-14H2,1H3	2-(Dodecylamino)ethanol	CCCCCCCCCCCCNCCO	230.248	650	10.832	857323936021723530	857316090982199487	857316090982199486	13621	
1	1	-89.776	-5.243		1.000	13.811	C12H27N	[M + H]+	C12H28N+	PXSXRABJBXYMFT	InChI=1S/C12H27N/c1-3-5-7-9-11-13-12-10-8-6-4-2/h13H,3-12H2,1-2H3	dihexylazanium	CCCCCCNCCCCCC	186.222	653	10.880	857323880858237321	857316091028336835	857316091028336834	13792	
1	1	-77.695	-6.282		1.000	29.803	C12H25NO2	[M + H]+	C12H26NO2+	XBBSCUSEMYCNKI	InChI=1S/C12H25NO2/c1-3-4-5-6-9-13-10-7-8-11-15-12(2)14/h13H,3-11H2,1-2H3		CCCCCCNCCCCOC(C)=O	216.196	653	10.881	857323862441048455	857316091082862791	857316091082862790	13848	
1	1	-57.852	-2.272		1.000	29.810	C20H43NO4	[M + H]+	C20H44NO4+	UYZSYMUGKUTSKV	InChI=1S/C20H43NO4/c1-2-3-4-5-6-7-8-9-10-11-12-21(13-15-22)14-17-24-19-20-25-18-16-23/h22-23H,2-20H2,1H3		CCCCCCCCCCCCN(CCO)CCOCCOCCO	362.326	656	10.936	857324067857090503	857316091124805835	857316091124805834	13857	
1	1	-65.867	-0.262		1.000	69.476	C16H35NO3	[M + H]+	C16H36NO3+	FXCIDBVKXZJFPI	InChI=1S/C16H35NO3/c1-2-3-4-5-6-7-8-9-15-20-16-12-17(10-13-18)11-14-19/h18-19H,2-16H2,1H3		CCCCCCCCCCOCCN(CCO)CCO	290.269	657	10.950	857324099796715480	857316091170943183	857316091170943182	13882	
1	1	-91.545	-0.024		1.000	47.320	C14H29NO3	[M + H]+	C14H30NO3+	BPXGKRUSMCVZAF	InChI=1S/C14H29NO3/c1-2-3-4-5-6-7-8-9-14(18)15(10-12-16)11-13-17/h16-17H,2-13H2,1H3	N,N-Bis(2-hydroxyethyl)decanamide	CCCCCCCCCC(=O)N(CCO)CCO	260.222	658	10.974	857324096386746323	857316091217080531	857316091212886226	13913	
1	1	-157.340	-5.799		1.000	101.043	C14H25NO2	[M + H]+	C14H26NO2+	FUVMBELHSUBMLY	InChI=1S/C14H25NO2/c16-14(10-12-6-2-1-3-7-12)17-15-11-13-8-4-5-9-13/h12-13,15H,1-11H2		O=C(CC1CCCCC1)ONCC1CCCC1	240.196	659	10.985	857324112761310022	857316091263217879	857316091263217878	13916	
1	6	-19.072	-1.212		0.000	20.432	C12H27OP	[M + H]+	C12H28OP+	MNZAKDODWSQONA	InChI=1S/C12H27OP/c1-4-7-10-14(13,11-8-5-2)12-9-6-3/h4-12H2,1-3H3	Butyphos	CCCCP(=O)(CCCC)CCCC	219.187	665	11.081	857324117148552018	857316091305160923	857316091305160922	14025	
1	1	-66.619	-1.044		1.000	19.816	C13H29N	[M + H]+	C13H30N+	ABVVEAHYODGCLZ	InChI=1S/C13H29N/c1-2-3-4-5-6-7-8-9-10-11-12-13-14/h2-14H2,1H3	Tridecylamine	CCCCCCCCCCCCCN	200.237	666	11.103	857324123892993244	857316091351298271	857316091351298270	14072	
1	1	-265.676	-7.838		1.000	44.309	C16H33NO3	[M + H]+	C16H34NO3+	VAGFXEPKTYFXCF	InChI=1S/C16H33NO3/c1-3-5-7-8-9-10-11-13-20-14-15(16(18)19)17-12-6-4-2/h15,17H,3-14H2,1-2H3,(H,18,19)		CCCCCCCCCOCC(NCCCC)C(=O)O	288.253	666	11.108	857324170458159554	857316091443572967	857316091443572966	14130	
1	1	-94.360	-3.356		1.000	78.006	C11H10N4O4	[M + H]+	C11H11N4O4+	UMBVNCGCAYHVJO	InChI=1S/C11H10N4O4/c1-7-5-8(2)13(12-7)10-4-3-9(14(16)17)6-11(10)15(18)19/h3-6H,1-2H3	1-(2,4-Dinitrophenyl)-3,5-dimethylpyrazole	CC1=CC(=NN1C2=C(C=C(C=C2)[N+](=O)[O-])[N+](=O)[O-])C	263.077	668	11.127	857324199751189630	857316091489710315	857316091489710314	14125	
1	1	-57.207	-5.362		0.999	54.162	C14H10O	[M + H]+	C14H11O+	VSTIHAUQTQHJAY	InChI=1S/C14H10O/c1-2-5-11-8-9-12(10-15)14-7-4-3-6-13(11)14/h3-4,6-10H,1H3		CC#Cc1ccc(C=O)c2ccccc12	195.081	676	11.268	857324197658228480	857316091540041967	857316091540041966	14268	
1	15	-84.893	-7.072		0.029	24.395	C14H12F5N5	[M + H]+	C14H13F5N5+	XRFBDLVUIGRXEY	InChI=1S/C14H12F5N5/c1-7(2)10-4-11(14(17,18)19)21-12-3-9(22-24(10)12)8-5-20-23(6-8)13(15)16/h3-7,13H,1-2H3		CC(C)c1cc(C(F)(F)F)nc2cc(-c3cnn(C(F)F)c3)nn12	346.107	676	11.272	857324219384734411	857316091586179315	857316091586179314	14274	
1	1	-60.005	-5.906		0.500	56.907	C9H10O	[M + H]+	C9H11O+	DPHNJPUOMLRELT	InChI=1S/C9H10O/c10-9-6-2-4-7-3-1-5-8(7)9/h2,4,6,10H,1,3,5H2	2,3-dihydro-1H-inden-4-ol	C1CC2=C(C1)C(=CC=C2)O	135.081	677	11.288	857324226313724710	857316091682648315	857316091678454010	14287	
1	1	-68.708	-7.236		1.000	79.897	C11H20O	[M + H]+	C11H21O+	KTCWMQXJFXXDOT	InChI=1S/C11H20O/c1-9-8-11(9)7-5-3-4-6-10(2)12/h9,11H,3-8H2,1-2H3		CC(=O)CCCCCC1CC1C	169.159	678	11.298	857324219502174929	857316091749757183	857316091749757182	14308	
1	1	-49.636	-6.767		0.983	74.121	C7H8	[M + H]+	C7H9+	DQJZFWMRHGIQRQ	InChI=1S/C7H8/c1-3-5-7-6-4-2/h3H2,1-2H3	2,4-Heptadiyne	CCC#CC#CC	93.070	678	11.299	857324223268659990	857316091795894531	857316091795894530	14318	
1	1	-65.925	-1.050		1.000	43.158	C14H31N	[M + H]+	C14H32N+	PLZVEHJLHYMBBY	InChI=1S/C14H31N/c1-2-3-4-5-6-7-8-9-10-11-12-13-14-15/h2-15H2,1H3	Armeen 14	CCCCCCCCCCCCCCN	214.253	678	11.299	857324221037290244	857316091846226183	857316091842031878	14303	
1	3	-174.903	-6.429		0.000	62.355	C12H13FN2O3	[M + K]+	C12H13FKN2O3+	RRIAUPGJYQJAAX	InChI=1S/C12H13FN2O3/c1-2-18-8-4-3-7-14-11-9-10(13)5-6-12(11)15(16)17/h5-6,9,14H,2,7-8H2,1H3		CCOCC#CCNc1cc(F)ccc1[N+](=O)[O-]	291.055	679	11.319	857324249478865822	857316091892363531	857316091888169226	14294	
1	1	-66.236	-6.174		0.500	178.147	C19H36O3S	[M + H]+	C19H37O3S+	WGHWHRGVTVVFCB	InChI=1S/C19H36O3S/c1-2-3-4-5-6-7-8-9-10-12-15-18-23(21,22)19-16-13-11-14-17-20/h20H,2-13,15-16,18-19H2,1H3		CCCCCCCCCCCCCS(=O)(=O)CCCCC#CO	345.246	681	11.345	857324307284763691	857316091942695183	857316091942695182	14363	
1	4	-197.526	-8.159		0.002	38.173	C17H36O6S	[M + H3N + H]+	C17H40NO6S+	IDRDFBRKGFQJIC	InChI=1S/C17H36O6S/c1-4-17(16-23-24(3,18)19)22-15-11-6-5-9-13-21-14-10-7-8-12-20-2/h17H,4-16H2,1-3H3		CCC(COS(C)(=O)=O)OCCCCCCOCCCCCOC	386.254	682	11.373	857324233288852314	857316091984638227	857316091984638226	14399	
1	3	-166.949	-9.416		0.018	8.010	C23H35N5O2	[M + H]+	C23H36N5O2+	FLFPHZOCHOGIIE	InChI=1S/C23H35N5O2/c1-6-7-13-27(14-12-17(2)3)22-15-21(18(4)5)25-23(26-22)24-16-19-8-10-20(11-9-19)28(29)30/h8-11,15,17-18H,6-7,12-14,16H2,1-5H3,(H,24,25,26)		CCCCN(CCC(C)C)c1cc(C(C)C)nc(NCc2ccc([N+](=O)[O-])cc2)n1	414.285	682	11.374	857324228503151430	857316092026581271	857316092022386966	14401	
1	1	-54.572	-2.770		0.989	51.728	C15H14OS	[M + H]+	C15H15OS+	WKFOVFPLQIRQQK	InChI=1S/C15H14OS/c1-2-12-7-3-5-9-14(12)17-15-10-6-4-8-13(15)11-16/h2-10,16H,1,11H2		C=Cc1ccccc1Sc1ccccc1CO	243.084	683	11.387	857324248203797394	857316092068524315	857316092068524314	14419	
1	2	-26.172	-3.683		0.216	87.545	C16H10N2O2	[M + H]+	C16H11N2O2+	COHYTHOBJLSHDF	InChI=1S/C16H10N2O2/c19-15-9-5-1-3-7-11(9)17-13(15)14-16(20)10-6-2-4-8-12(10)18-14/h1-8,17-18H	Indigo	C1=CC=C2C(=C1)C(=O)C(=C3C(=O)C4=CC=CC=C4N3)N2	263.082	688	11.473	857324352834905183	857316092110467359	857316092110467358	14572	
1	1	-49.225	-2.048		1.000	23.654	C14H31NO	[M + H]+	C14H32NO+	SYELZBGXAIXKHU	InChI=1S/C14H31NO/c1-4-5-6-7-8-9-10-11-12-13-14-15(2,3)16/h4-14H2,1-3H3	Admox 12	CCCCCCCCCCCC[N+](C)(C)[O-]	230.248	690	11.493	857324226099815204	857316092156604707	857316092156604706	14591	
1	2	-75.621	-6.806		0.500	133.432	C12H18	[M + CH2O2 + H]+	C13H21O2+	MCVLNFCAGREDNX	InChI=1S/C12H18/c1-10-5-4-6-11(2)9-12(3)8-7-10/h5,9H,3-4,6-8H2,1-2H3		C=C1C=C(C)CCC=C(C)CC1	209.154	695	11.585	857324235197260642	857316092202742055	857316092202742054	14709	
1	1	-70.409	-8.326		1.000	184.474	C19H34O3S	[M + H]+	C19H35O3S+	LRZPQUCXHKQNKM	InChI=1S/C19H34O3S/c1-2-3-4-5-6-9-12-15-18-23(21,22)19-16-13-10-7-8-11-14-17-20/h14,17,20H,2-7,9-10,12-13,15-16,18-19H2,1H3		CCCCCCCCCCS(=O)(=O)CCCCCC#CC=CO	343.230	697	11.612	857324313714631739	857316092248879403	857316092248879402	14717	
1	1	-45.668	-6.123		0.850	80.828	C7H8	[M + H]+	C7H9+	DQJZFWMRHGIQRQ	InChI=1S/C7H8/c1-3-5-7-6-4-2/h3H2,1-2H3	2,4-Heptadiyne	CCC#CC#CC	93.070	698	11.639	857324296530568200	857316092290822447	857316092290822446	14775	
1	2	-113.626	-9.117		0.500	197.415	C11H22O3	[M - H2O + H]+	C11H21O2+	ZQHSKEXOCFVMBG	InChI=1S/C11H22O3/c1-11(13)14-10-8-6-4-2-3-5-7-9-12/h12H,2-10H2,1H3	Acetic acid 9-hydroxynonyl ester	CC(=O)OCCCCCCCCCO	185.154	702	11.700	857324229056799568	857316092332765491	857316092332765490	14861	
1	1	-99.353	-3.975		1.000	23.499	C16H33NO2	[M + H]+	C16H34NO2+	NNEYFHSXGJHGEA	InChI=1S/C16H33NO2/c1-4-6-7-8-9-10-11-12-13-17(3)15-16(18)19-14-5-2/h4-15H2,1-3H3		CCCCCCCCCCN(C)CC(=O)OCCC	272.259	709	11.816	857324250590356402	857316092383097143	857316092378902838	15066	
1	1	-105.523	-5.300		0.954	108.205	C15H20N2O3	[M + H]+	C15H21N2O3+	JORKZZIHFHMJTR	InChI=1S/C15H20N2O3/c1-5-15(3,4)12-6-8-13(9-7-12)17-14(19)20-16-10-11(2)18/h6-10H,5H2,1-4H3,(H,17,19)		CCC(C)(C)c1ccc(NC(=O)ON=CC(C)=O)cc1	277.155	711	11.852	857324298183123980	857316092420845883	857316092420845882	15098	
1	1	-90.268	-6.689		1.000	109.589	C15H22OS	[M + H]+	C15H23OS+	TVIICOANHJEQFZ	InChI=1S/C15H22OS/c1-5-10-17-15(16)12(4)14-8-6-13(7-9-14)11(2)3/h6-9,11-12H,5,10H2,1-4H3		CCCSC(=O)C(C)c1ccc(C(C)C)cc1	251.147	717	11.950	857324249705358248	857316092479566143	857316092475371838	15209	
1	1	-90.703	-5.249		1.000	230.528	C16H28O2	[M + H]+	C16H29O2+	VGEAWBUDLWNYHB	InChI=1S/C16H28O2/c1-3-5-7-9-10-11-13-15-18-16(17)14-12-8-6-4-2/h11-14H,3-10,15H2,1-2H3		CCCCC=CC(=O)OCC=CCCCCCC	253.216	726	12.103	857324245141955444	857316092571840839	857316092571840838	15364	
1	1	-106.043	-7.139		1.000	88.825	C17H26O5	[M + H]+	C17H27O5+	WQQSDIQDVHILRT	InChI=1S/C17H26O5/c1-4-6-8-9-10-12-21-16(19)13-15(14(3)18)17(20)22-11-7-5-2/h15H,4-8,11-13H2,1-3H3		CCCCC#CCOC(=O)CC(C(C)=O)C(=O)OCCCC	311.185	736	12.262	857324260623131573	857316092655726927	857316092655726926	15630	
1	2	-135.523	-5.798		0.365	130.145	C12H12N4O4	[M + H]+	C12H13N4O4+	NKNAXYUGQPXTQS	InChI=1S/C12H12N4O4/c1-7-3-4-9(10(5-7)15(17)18)13-12-8(2)6-11(14-12)16(19)20/h3-6,13-14H,1-2H3		Cc1ccc(Nc2[nH]c([N+](=O)[O-])cc2C)c([N+](=O)[O-])c1	277.093	736	12.264	857324323747406929	857316092701864275	857316092697669970	15612	
1	1	-18.285	-0.032		1.000	75.037	C13H10O	[M + H]+	C13H11O+	RWCCWEUUXYIKHB	InChI=1S/C13H10O/c14-13(11-7-3-1-4-8-11)12-9-5-2-6-10-12/h1-10H	Benzophenone	C1=CC=C(C=C1)C(=O)C2=CC=CC=C2	183.081	739	12.319	857324261747205055	857316092748001623	857316092743807318	15670	
1	1	-64.995	-7.306		1.000	150.305	C12H22O	[M + H]+	C12H23O+	IMNNWRUAGQOAHV	InChI=1S/C12H22O/c1-3-5-7-8-10-12(11-13)9-6-4-2/h3-10H2,1-2H3		CCCCCCC(=C=O)CCCC	183.174	741	12.355	857324229451064147	857316092789944667	857316092789944666	15705	
1	8	-123.517	-9.699		0.008	7.822	C24H41FN10	[M + H]+	C24H42FN10+	VPXOLLZWZQGNNL	InChI=1S/C24H41FN10/c1-7-8-9-10-11-14-34(6)19-21-29-23(27-13-16-33(4)5)35(31-21)24-28-18-20(17-25)22(30-24)26-12-15-32(2)3/h18H,7-9,12-17,19H2,1-6H3,(H,26,28,30)(H,27,29,31)		CCCCC#CCN(C)Cc1nc(NCCN(C)C)n(-c2ncc(CF)c(NCCN(C)C)n2)n1	489.357	746	12.427	857324226800264001	857316092836082015	857316092836082014	15833	
1	1	-21.567	-0.325		0.930	48.202	C13H10N2S	[M + H]+	C13H11N2S+	QDTDFSFRIDFTCF	InChI=1S/C13H10N2S/c1-2-6-10(7-3-1)14-13-15-11-8-4-5-9-12(11)16-13/h1-9H,(H,14,15)	N-Phenyl-1,3-benzothiazol-2-amine	C1=CC=C(C=C1)NC2=NC3=CC=CC=C3S2	227.064	748	12.464	857324245808849786	857316092878025059	857316092878025058	15868	
1	1	-102.450	-7.020		1.000	149.012	C13H20O2	[M + H]+	C13H21O2+	SWODRHNWBLGVSA	InChI=1S/C13H20O2/c1-9(2)6-12(14)8-13(15)7-11(5)10(3)4/h6-7,10H,8H2,1-5H3		CC(C)=CC(=O)CC(=O)C=C(C)C(C)C	209.154	750	12.499	857324294219506686	857316092919968103	857316092919968102	15881	
1	1	-103.361	-6.363		0.994	45.943	C16H16OS	[M + H]+	C16H17OS+	GDNMYXXVEPHCPZ	InChI=1S/C16H16OS/c1-12-8-4-6-10-15(12)18-16-11-7-5-9-14(16)13(2)17-3/h4-11H,2H2,1,3H3		C=C(OC)c1ccccc1Sc1ccccc1C	257.100	752	12.540	857324360833442921	857316092966105451	857316092966105450	15973	
1	1	-73.717	-1.052		1.000	83.573	C15H33N	[M + H]+	C15H34N+	JPZYXGPCHFZBHO	InChI=1S/C15H33N/c1-2-3-4-5-6-7-8-9-10-11-12-13-14-15-16/h2-16H2,1H3	pentadecylamine	CCCCCCCCCCCCCCCN	228.269	757	12.609	857324292017497085	857316093008048495	857316093008048494	15937	
1	1	-235.300	-5.010		1.000	119.786	C15H29NO2	[M + H]+	C15H30NO2+	NCZQBARCMQAENM	InChI=1S/C15H29NO2/c1-3-5-6-7-8-9-10-11-13-16-14-12-15(17)18-4-2/h3,16H,1,4-14H2,2H3		C=CCCCCCCCCNCCC(=O)OCC	256.227	760	12.660	857324238015832944	857316093054185843	857316093054185842	16086	
1	1	-52.402	-3.448		1.000	32.189	C14H29NO3	[M + H]+	C14H30NO3+	VUJINJNYUMNWEN	InChI=1S/C14H29NO3/c1-2-3-4-5-6-7-8-9-10-15-11-12-18-13-14(16)17/h15H,2-13H2,1H3,(H,16,17)		CCCCCCCCCCNCCOCC(=O)O	260.222	760	12.666	857324246664487820	857316093096128887	857316093096128886	16094	
1	1	-182.246	-7.226		0.998	51.574	C13H25NO5	[M + H]+	C13H26NO5+	AEEIGFCVOSJOOD	InChI=1S/C13H25NO5/c1-2-3-4-5-7-19-8-6-12(16)14-11(10-15)9-13(17)18/h11,15H,2-10H2,1H3,(H,14,16)(H,17,18)		CCCCCCOCCC(=O)NC(CO)CC(=O)O	276.179	765	12.752	857324285948339176	857316093180014975	857316093180014974	16328	
1	1	-38.137	-0.036		0.914	66.185	C10H15NO2	[M + H]+	C10H16NO2+	FBPVUBVZRPURIU	InChI=1S/C10H15NO2/c1-2-3-4-5-8-11-9(12)6-7-10(11)13/h6-7H,2-5,8H2,1H3	1-Hexylpyrrole-2,5-dione	CCCCCCN1C(=O)C=CC1=O	182.118	765	12.754	857324272132301790	857316093221958019	857316093221958018	16324	
1	1	-41.772	-0.961		1.000	7.616	C16H35N	[M + H]+	C16H36N+	FJLUATLTXUNBOT	InChI=1S/C16H35N/c1-2-3-4-5-6-7-8-9-10-11-12-13-14-15-16-17/h2-17H2,1H3	Hexadecylamine	CCCCCCCCCCCCCCCCN	242.284	768	12.798	857324226607326009	857316093263901063	857316093263901062	16398	
1	7	-229.868	-11.526		0.000	50.647	C19H37N7O4S	[M + H]+	C19H38N7O4S+	IUDPSZWKHMJRSJ	InChI=1S/C19H37N7O4S/c1-8-26(7)11-14(4)16(28)21-17-22-18(25(5)6)24-19(23-17)31(29,30)12-15(27)10-20-9-13(2)3/h13-15,20,27H,8-12H2,1-7H3,(H,21,22,23,24,28)		CCN(C)CC(C)C(=O)Nc1nc(N(C)C)nc(S(=O)(=O)CC(O)CNCC(C)C)n1	460.269	772	12.867	857324316285740108	857316093310038411	857316093310038410	16484	
1	7	-136.353	-7.860		0.000	63.865	C17H35O9P	[M + H3N + H]+	C17H39NO9P+	JYWPIJZNWGWXDY	InChI=1S/C17H35O9P/c1-10(2)7-8-22-27(20,21)23-9-13-16(24-11(3)4)14(18)15(19)17(26-13)25-12(5)6/h10-19H,7-9H2,1-6H3,(H,20,21)		CC(C)CCOP(=O)(O)OCC1OC(OC(C)C)C(O)C(O)C1OC(C)C	432.238	772	12.867	857324299911177244	857316093356175759	857316093356175758	16485	
1	3	-140.587	-6.267		0.022	67.031	C25H26N4O2	[M + H]+	C25H27N4O2+	YPLIRGBBBTYQQM	InChI=1S/C25H26N4O2/c1-15-6-7-16(2)20(8-15)12-29-23-10-18(4)17(3)9-21(23)27-22(25(29)31)13-28-19(5)11-26-24(28)14-30/h6-11,14H,12-13H2,1-5H3		Cc1ccc(C)c(Cn2c(=O)c(Cn3c(C)cnc3C=O)nc3cc(C)c(C)cc32)c1	415.211	772	12.870	857324286887863285	857316093402313107	857316093398118802	16486	
1	1	-147.291	-6.758		0.998	185.102	C12H14N2O2	[M + H]+	C12H15N2O2+	NDGWSQWAWQGWIV	InChI=1S/C12H14N2O2/c1-2-10-7-11(14(15)16)5-6-12(10)13-8-9-3-4-9/h5-9H,2-4H2,1H3		CCc1cc([N+](=O)[O-])ccc1N=CC1CC1	219.113	774	12.904	857324263945020361	857316093448450455	857316093448450454	16545	
1	1	-110.534	-1.416		1.000	33.874	C13H27NO2	[M + H]+	C13H28NO2+	QGGPKOQTCYXJAW	InChI=1S/C13H27NO2/c1-3-4-5-6-7-8-9-10-11-14(2)12-13(15)16/h3-12H2,1-2H3,(H,15,16)	2-[Decyl(methyl)amino]acetic acid	CCCCCCCCCCN(C)CC(=O)O	230.212	775	12.923	857324230252176213	857316093494587803	857316093494587802	16623	
1	4	-49.665	-8.236		0.008	24.088	C19H30O8P2	[M + H]+	C19H31O8P2+	ARILYSQYGDQMMZ	InChI=1S/C19H30O8P2/c1-8-22-28(20,23-9-2)26-18(5)16-14-12-13-15-17-19(6,7)27-29(21,24-10-3)25-11-4/h18H,8-11H2,1-7H3		CCOP(=O)(OCC)OC(C)C#CC#CC#CC(C)(C)OP(=O)(OCC)OCC	449.149	782	13.032	857324265085871062	857316093544919455	857316093544919454	16742	
1	1	-117.778	-5.199		0.500	22.641	C13H27NO2	[M + H]+	C13H28NO2+	VEARKSCTXOUQED	InChI=1S/C13H27NO2/c1-4-5-6-7-8-9-11-16-12-10-14(3)13(2)15/h4-12H2,1-3H3		CCCCCCCCOCCN(C)C(C)=O	230.212	784	13.068	857324324896646234	857316093595251107	857316093595251106	16787	
1	2	-142.342	-6.532		0.208	68.680	C23H28N4O2	[M + Na]+	C23H28N4NaO2+	VOJIVXHVKOLNHB	InChI=1S/C23H28N4O2/c1-6-26-14-25-27(23(26)29)13-20-8-7-19(11-16(20)3)22(28)24-12-21-17(4)9-15(2)10-18(21)5/h7-11,14H,6,12-13H2,1-5H3,(H,24,28)		CCn1cnn(Cc2ccc(C(=O)NCc3c(C)cc(C)cc3C)cc2C)c1=O	415.211	803	13.386	857325352551459075	857316093645582759	857316093645582758	17206	
1	2	-324.437	-9.081		0.036	28.341	C27H33N5O2	[M + H]+	C27H34N5O2+	IPDNHMYPZYEGEC	InChI=1S/C27H33N5O2/c1-18(2)27-28-12-13-31(27)16-21-6-11-25-23(14-21)15-29-32(25)17-26(33)30-20(5)22-7-9-24(10-8-22)34-19(3)4/h6-15,18-20H,16-17H2,1-5H3,(H,30,33)		CC(C)Oc1ccc(C(C)NC(=O)Cn2ncc3cc(Cn4ccnc4C(C)C)ccc32)cc1	460.269	807	13.444	857325361028147474	857316093750440367	857316093746246062	17281	
1	9	-168.914	-10.521		0.009	6.992	C26H51FN8	[M + K]+	C26H51FKN8+	ISYQYCQPNWFEEU	InChI=1S/C26H51FN8/c1-30(2)25-12-10-24(11-13-25)26(27)22-34(6)19-9-17-32(4)15-7-14-31(3)16-8-18-33(5)20-21-35(29)23-28/h10-13,23,26,28H,7-9,14-22,29H2,1-6H3		CN(CCCN(C)CCCN(C)CC(F)c1ccc(N(C)C)cc1)CCCN(C)CCN(N)C=N	533.383	812	13.525	857325449783827771	857316093842715063	857316093838520758	17359	
1	3	-48.656	-8.446		0.001	40.058	C10H18N2P2	[M + H]+	C10H19N2P2+	WGZPSWGZEYPPNY	InChI=1S/C10H18N2P2/c1-13(8-2-3-8)11-14(12-13,9-4-5-9)10-6-7-10/h8-10H,2-7H2,1H3		CP1(C2CC2)=NP(C2CC2)(C2CC2)=N1	229.097	814	13.564	857325459401366849	857316093934989759	857316093934989758	17438	
1	1	-108.090	-4.322		1.000	214.422	C18H32O2	[M + H]+	C18H33O2+	DZIILFGADWDKMF	InChI=1S/C18H32O2/c1-2-3-4-5-6-7-8-9-10-11-12-13-14-15-16-17-18(19)20/h1H,3-17H2,(H,19,20)	Tocris-0607	C#CCCCCCCCCCCCCCCCC(=O)O	281.239	821	13.679	857325464384200030	857316093993710019	857316093989515714	17554	
1	6	-86.301	-8.891		0.001	46.599	C10H16F2N6O3S2	[M + K]+	C10H16F2KN6O3S2+	FWRXMENTVZUXFX	InChI=1S/C10H16F2N6O3S2/c1-5-7(6(2)17(3)14-5)16-23(19,20)8-9(11)18(22(12)13)15-10(8)21-4/h16,22H,13H2,1-4H3		COc1nn([SH](N)F)c(F)c1S(=O)(=O)Nc1c(C)nn(C)c1C	409.031	822	13.694	857325535590899063	857316094140510671	857316094140510670	17581	
1	3	-160.023	-10.874		0.121	9.576	C26H45FN10O	[M + H]+	C26H46FN10O+	XLCSFHPQVUOCON	InChI=1S/C26H45FN10O/c1-33(2)14-8-17-37(7)25-30-23(29-24(32-25)34(3)4)31-26(38)28-18-21-10-12-22(13-11-21)19-35(5)15-9-16-36(6)20-27/h10-13H,8-9,14-20H2,1-7H3,(H2,28,29,30,31,32,38)		CN(C)CCCN(C)c1nc(NC(=O)NCc2ccc(CN(C)CCCN(C)CF)cc2)nc(N(C)C)n1	533.383	822	13.706	857325464249982294	857316094186648019	857316094186648018	17630	
1	1	-73.538	-3.625		1.000	70.344	C13H24O	[M + H]+	C13H25O+	QZCIMTDWGVVLGA	InChI=1S/C13H24O/c1-2-3-4-5-6-7-8-9-10-11-12-13-14/h12H,2-11H2,1H3	Dodecane ketone	CCCCCCCCCCCC=C=O	197.190	823	13.709	857325451264417085	857316094232785367	857316094232785366	17632	
1	3	-143.473	-7.959		0.000	160.147	C16H26O9	[M + H3N + H]+	C16H30NO9+	XCFRQUPIRABHKC	InChI=1S/C16H26O9/c1-7(2)4-5-9(18)8(3)14(15(22)23)25-16-13(21)12(20)11(19)10(6-17)24-16/h4,9-13,16-21H,5-6H2,1-3H3,(H,22,23)		CC(C)=CCC(O)C(C)=C(OC1OC(CO)C(O)C(O)C1O)C(=O)O	380.192	825	13.753	857325498710383978	857316094270534107	857316094270534106	17676	
1	1	-231.929	-6.567		1.000	77.866	C19H27NO3	[M + H]+	C19H28NO3+	QYSXVJOYWBYFNX	InChI=1S/C19H27NO3/c1-2-17(15-8-10-16(11-9-15)19(22)23)18(21)20-13-12-14-6-4-3-5-7-14/h3-7,15-17H,2,8-13H2,1H3,(H,20,21)(H,22,23)		CCC(C(=O)NCCc1ccccc1)C1CCC(C(=O)O)CC1	318.206	829	13.819	857325942203516432	857316094312477151	857316094312477150	17751	
1	1	-207.784	-7.483		1.000	35.558	C16H24O4	[M + H]+	C16H25O4+	WYQUWHCGMAUKLS	InChI=1S/C16H24O4/c1-12(2)10-13(17)19-16(8-6-7-9-16)20-14(18)11-15(3,4)5/h6-9,12H,10-11H2,1-5H3		CC(C)CC(=O)OC1(OC(=O)CC(C)(C)C)C=CC=C1	281.175	831	13.847	857326001510983207	857316094400557543	857316094400557542	17786	
1	1	-53.450	-6.602		1.000	24.910	C6H13N	[M + H]+	C6H14N+	NKGJJLDEORZFKJ	InChI=1S/C6H13N/c1-3-5-6-7-4-2/h4H,3,5-6H2,1-2H3	1-Butanamine, N-ethylidene-	CCCCN=CC	100.112	832	13.867	857325995362133531	857316094358614499	857316094358614498	17774	
1	1	-21.213	-1.586		0.997	27.532	C17H10O	[M + H]+	C17H11O+	HUKPVYBUJRAUAG	InChI=1S/C17H10O/c18-17-14-8-2-1-7-12(14)13-9-3-5-11-6-4-10-15(17)16(11)13/h1-10H	Benzoanthrone	C1=CC=C2C(=C1)C3=CC=CC4=C3C(=CC=C4)C2=O	231.081	833	13.880	857326002354039630	857316094442500587	857316094442500586	17832	
1	3	-35.465	-7.431		0.271	20.226	C2H3N5O3S	[M + Na]+	C2H3N5NaO3S+	QSGBMOAHPMJDCQ	InChI=1S/C2H3N5O3S/c1-4-2(5-6-7-8)11(3,9)10/h(H,6,8)(H2,3,9,10)		[C-]#[N+]C(=NN=NO)S(N)(=O)=O	199.984	834	13.896	857326015532543334	857316094488637935	857316094488637934	17847	
1	1	-36.913	-0.924		1.000	21.268	C17H37N	[M + H]+	C17H38N+	KAJZYANLDWUIES	InChI=1S/C17H37N/c1-2-3-4-5-6-7-8-9-10-11-12-13-14-15-16-17-18/h2-18H2,1H3	Heptadecylazanium	CCCCCCCCCCCCCCCCCN	256.300	839	13.985	857326002949630827	857316094530580979	857316094530580978	17969	
1	4	-258.326	-13.986		0.062	21.099	C19H37N7O4S	[M + H]+	C19H38N7O4S+	XHVZEQIRABVJKI	InChI=1S/C19H37N7O4S/c1-18(2,3)13(23-16(29)25-19(4,5)6)11-31-10-8-20-14-24-17(30)26(14)9-7-21-15(28)22-12-27/h13,27H,7-12H2,1-6H3,(H,20,24,30)(H2,21,22,28)(H2,23,25,29)		CC(C)(C)NC(=O)NC(CSCCN=C1NC(=O)N1CCNC(=O)NCO)C(C)(C)C	460.269	843	14.052	857326004384083153	857316094568329719	857316094568329718	18059	
1	2	-139.576	-6.552		0.086	33.752	C23H28N4O2	[M + Na]+	C23H28N4NaO2+	SDPUNSIUBIVCIQ	InChI=1S/C23H28N4O2/c1-14-5-4-6-15(2)19(14)13-25-16(3)24-21-20(25)22(28)27(12-18-9-10-18)23(29)26(21)11-17-7-8-17/h4-6,17-18H,7-13H2,1-3H3		Cc1cccc(C)c1Cn1c(C)nc2c1c(=O)n(CC1CC1)c(=O)n2CC1CC1	415.211	844	14.061	857326013259230542	857316094606078459	857316094606078458	18064	
1	5	-56.966	-7.949		0.061	12.874	C9H11Cl2FIO4P	[M + H]+	C9H12Cl2FIO4P+	WUVHYBMEYRTULV	InChI=1S/C9H11Cl2FIO4P/c1-2-5-15-18(14,16-6-3-4-10)17-7-8(12)9(11)13/h2-4H,1,5-7H2		C=CCOP(=O)(OCC=CCl)OCC(F)=C(Cl)I	430.888	845	14.076	857326008712604937	857316094656410111	857316094656410110	18084	
1	1	-229.845	-7.082		1.000	69.603	C19H27NO3	[M + H]+	C19H28NO3+	OXNDQFODAQNFEM	InChI=1S/C19H27NO3/c1-13(2)15-9-7-14(8-10-15)11-12-20-18(21)16-5-3-4-6-17(16)19(22)23/h7-10,13,16-17H,3-6,11-12H2,1-2H3,(H,20,21)(H,22,23)		CC(C)c1ccc(CCNC(=O)C2CCCCC2C(=O)O)cc1	318.206	849	14.150	857326015889059187	857316094698353155	857316094698353154	18198	
1	1	-170.794	-6.377		1.000	63.609	C23H47NO4	[M + H]+	C23H48NO4+	CHCQCOQLYNIQEB	InChI=1S/C23H47NO4/c1-2-3-4-5-6-7-8-9-10-11-12-13-14-15-16-17-18-19-20-23(25)24-21-22-27-28-26/h26H,2-22H2,1H3,(H,24,25)		CCCCCCCCCCCCCCCCCCCCC(=O)NCCOOO	402.358	850	14.158	857326007739526392	857316094744490503	857316094740296198	18056	
1	1	-40.474	-1.113		1.000	7.257	C18H39N	[M + H]+	C18H40N+	REYJJPSVUYRZGE	InChI=1S/C18H39N/c1-2-3-4-5-6-7-8-9-10-11-12-13-14-15-16-17-18-19/h2-19H2,1H3	Amine AB	CCCCCCCCCCCCCCCCCCN	270.316	850	14.167	857326011053026608	857316094782239243	857316094782239242	18220	
1	1	-68.234	-0.402		1.000	20.149	C18H39NO	[M + H]+	C18H40NO+	RZUHCHKFXYIFHQ	InChI=1S/C18H39NO/c1-3-4-5-6-7-8-9-10-11-12-13-14-15-16-19(2)17-18-20/h20H,3-18H2,1-2H3	2-[Methyl(pentadecyl)amino]ethanol	CCCCCCCCCCCCCCCN(C)CCO	286.311	856	14.267	857326012193877314	857316094836765199	857316094836765198	18323	
1	1	-79.948	-2.704		1.000	26.100	C19H41N	[M]+	C19H42N+	WCVHUIPWSPEOIG	InChI=1S/C19H41N/c1-4-5-6-7-8-9-10-11-12-13-14-15-16-17-18-19-20(2)3/h4-19H2,1-3H3	1-Heptadecanamine, N,N-dimethyl-	CCCCCCCCCCCCCCCCCN(C)C	284.331	856	14.268	857326006233771249	857316094962594323	857316094962594322	18190	
1	1	-41.953	-6.822		1.000	71.606	C16H34O4	[M + H3N + H]+	C16H38NO4+	KRMCOGJUYKEOJD	InChI=1S/C16H34O4/c1-2-3-4-7-11-18-12-8-5-6-9-13-19-15-16-20-14-10-17/h17H,2-16H2,1H3		CCCCCCOCCCCCCOCCOCCO	308.280	857	14.292	857326028367113733	857316095059063319	857316095059063318	18343	
1	1	-166.545	-6.511		1.000	60.998	C16H34O4	[M + H]+	C16H35O4+	UKODLHVFJRCQME	InChI=1S/C16H34O4/c1-2-3-4-5-6-7-8-9-11-18-13-15-20-16-14-19-12-10-17/h17H,2-16H2,1H3	2-[2-[2-(1,1-Dideuteriodecoxy)ethoxy]ethoxy]ethanol	CCCCCCCCCCOCCOCCOCCO	291.253	858	14.294	857326022058880467	857316095109394971	857316095109394970	18347	
1	1	-12.352	-1.005		0.992	18.590	C13H9NS	[M + H]+	C13H10NS+	XBHOUXSGHYZCNH	InChI=1S/C13H9NS/c1-2-6-10(7-3-1)13-14-11-8-4-5-9-12(11)15-13/h1-9H	2-Phenylbenzothiazole	C1=CC=C(C=C1)C2=NC3=CC=CC=C3S2	212.053	858	14.306	857326010411298070	857316095247807015	857316095247807014	18368	
1	1	-21.562	-0.287		1.000	62.330	C18H38O5	[M + H]+	C18H39O5+	ASMWIUUCZFNLHL	InChI=1S/C18H38O5/c1-2-3-4-5-6-7-8-9-11-20-13-15-22-17-18-23-16-14-21-12-10-19/h19H,2-18H2,1H3	3,6,9,12-Tetraoxadocosan-1-ol	CCCCCCCCCCOCCOCCOCCOCCO	335.279	861	14.348	857326029164031502	857316095298138667	857316095298138666	18447	
1	1	-26.781	-8.008		1.000	52.254	C18H38O5	[M + H3N + H]+	C18H42NO5+	VHMYOUUFSJKBOE	InChI=1S/C18H38O5/c1-2-3-4-5-6-7-8-9-10-12-20-14-16-22-18-23-17-15-21-13-11-19/h19H,2-18H2,1H3		CCCCCCCCCCCOCCOCOCCOCCO	352.306	861	14.350	857326016803417486	857316095340081711	857316095340081710	18450	
1	1	-136.102	-3.869		1.000	89.077	C23H45NO2	[M + H]+	C23H46NO2+	HIVDXXQDMFKBPY	InChI=1S/C23H45NO2/c1-2-3-4-5-6-7-8-9-10-11-12-13-14-15-16-17-18-19-20-23(26)24-21-22-25/h14-15,25H,2-13,16-22H2,1H3,(H,24,26)		CCCCCCCCCCCCCC=CCCCCCC(=O)NCCO	368.352	861	14.351	857326019890425267	857316095390413363	857316095390413362	18388	
1	1	-45.633	-6.318		1.000	284.199	C19H36O2S	[M + H]+	C19H37O2S+	UEXNAWFNQVBGRD	InChI=1S/C19H36O2S/c1-3-5-7-8-9-10-11-12-13-14-15-16-17-19-22(20,21)18-6-4-2/h3-10,13-19H2,1-2H3		CCCCCCCC#CCCCCCCS(=O)(=O)CCCC	329.251	872	14.527	857326041386233388	857316095482688059	857316095482688058	18722	
1	2	-196.293	-6.472		0.000	105.340	C21H29N3O3	[M + Na]+	C21H29N3NaO3+	LGFBFABVGNHOAN	InChI=1S/C21H29N3O3/c25-20(22-13-12-17-6-2-1-3-7-17)16-27-19-10-8-18(9-11-19)23-21(26)24-14-4-5-15-24/h4-5,8-11,17H,1-3,6-7,12-16H2,(H,22,25)(H,23,26)		O=C(COc1ccc(NC(=O)N2CC=CC2)cc1)NCCC1CCCCC1	394.208	874	14.573	857326031064051235	857316095528825407	857316095528825406	18753	
1	3	-179.799	-7.018		0.012	11.471	C16H38FN5O	[M + H]+	C16H39FN5O+	NNDSEUQJNRXREK	InChI=1S/C16H38FN5O/c17-22-21-14-9-5-4-8-12-19-11-6-2-1-3-7-13-20-15-10-16(18)23/h16,19-23H,1-15,18H2		NC(O)CCNCCCCCCCNCCCCCCNNF	336.311	881	14.681	857326008054099199	857316095570768451	857316095570768450	18892	
1	1	-46.136	-7.400		1.000	28.540	C16H34O4	[M + H3N + H]+	C16H38NO4+	KRMCOGJUYKEOJD	InChI=1S/C16H34O4/c1-2-3-4-7-11-18-12-8-5-6-9-13-19-15-16-20-14-10-17/h17H,2-16H2,1H3		CCCCCCOCCCCCCOCCOCCO	308.280	881	14.684	857326012562976068	857316095612711495	857316095612711494	18901	
1	1	-87.097	-2.919		1.000	70.452	C16H34O4	[M + H]+	C16H35O4+	UKODLHVFJRCQME	InChI=1S/C16H34O4/c1-2-3-4-5-6-7-8-9-11-18-13-15-20-16-14-19-12-10-17/h17H,2-16H2,1H3	2-[2-[2-(1,1-Dideuteriodecoxy)ethoxy]ethoxy]ethanol	CCCCCCCCCCOCCOCCOCCO	291.253	881	14.684	857326016526593415	857316095658848843	857316095654654538	18900	
1	1	-51.593	-0.143		1.000	29.460	C18H38O5	[M + H]+	C18H39O5+	ASMWIUUCZFNLHL	InChI=1S/C18H38O5/c1-2-3-4-5-6-7-8-9-11-20-13-15-22-17-18-23-16-14-21-12-10-19/h19H,2-18H2,1H3	3,6,9,12-Tetraoxadocosan-1-ol	CCCCCCCCCCOCCOCCOCCOCCO	335.279	884	14.726	857326028308393467	857316095696597583	857316095696597582	18944	
1	2	-153.076	-8.605		0.129	14.253	C16H41N7O3	[M + H]+	C16H42N7O3+	CXEJUAGHYPNKBI	InChI=1S/C16H41N7O3/c17-16(18,23-19)15-22-6-4-2-1-3-5-20-8-11-25-13-14-26-12-9-21-7-10-24/h20-24H,1-15,17-19H2		NNC(N)(N)CNCCCCCCNCCOCCOCCNCCO	380.337	884	14.728	857326017948462489	857316095734346323	857316095734346322	18945	
1	3	-53.722	-4.963		0.333	87.728	C14H30O3	[M - H4O2 + H]+	C14H27O+	DYOZBNRIORWXEL	InChI=1S/C14H30O3/c1-2-3-4-5-8-13(16)9-6-10-14(17)11-7-12-15/h13-17H,2-12H2,1H3		CCCCCCC(O)CCCC(O)CCCO	211.206	890	14.829	857326021412957645	857316095784677975	857316095780483670	19062	
1	1	-14.972	-4.064		1.000	86.130	C22H42O8	[M + H3N + H]+	C22H46NO8+	YADUPIKDBIWCQZ	InChI=1S/C22H42O8/c1-3-5-11-25-13-14-27-15-16-28-18-20-30-22(24)10-8-7-9-21(23)29-19-17-26-12-6-4-2/h3-20H2,1-2H3		CCCCOCCOCCOCCOC(=O)CCCCC(=O)OCCOCCCC	452.322	890	14.833	857326023392669147	857316095826621019	857316095826621018	19073	
1	1	-340.507	-6.246		0.528	8.178	C24H49NO8	[M + H]+	C24H50NO8+	NRVBCUZPSCQABO	InChI=1S/C24H49NO8/c1-22(2)7-5-3-4-6-8-23(26)21-24(27)33-20-19-32-18-17-31-16-15-30-14-13-29-12-11-28-10-9-25/h22-23,26H,3-21,25H2,1-2H3		CC(C)CCCCCCC(O)CC(=O)OCCOCCOCCOCCOCCOCCN	480.353	890	14.833	857326019009621410	857316095876952671	857316095872758366	19075	
1	1	-6.373	-0.077		1.000	34.723	C23H48N2O	[M + H]+	C23H49N2O+	WWVIUVHFPSALDO	InChI=1S/C23H48N2O/c1-4-5-6-7-8-9-10-11-12-13-14-15-16-17-18-20-23(26)24-21-19-22-25(2)3/h4-22H2,1-3H3,(H,24,26)	Octadecanamide, N-[3-(dimethylamino)propyl]-	CCCCCCCCCCCCCCCCCC(=O)NCCCN(C)C	369.384	892	14.861	857326013582191959	857316095927284323	857316095927284322	19114	
1	1	-50.460	-0.198		1.000	32.768	C16H34O4	[M + H3N + H]+	C16H38NO4+	UKODLHVFJRCQME	InChI=1S/C16H34O4/c1-2-3-4-5-6-7-8-9-11-18-13-15-20-16-14-19-12-10-17/h17H,2-16H2,1H3	2-[2-[2-(1,1-Dideuteriodecoxy)ethoxy]ethoxy]ethanol	CCCCCCCCCCOCCOCCOCCO	308.280	894	14.895	857326024789372393	857316095977615975	857316095973421670	19174	
1	1	-76.917	-0.561		1.000	67.271	C16H34O4	[M + H]+	C16H35O4+	UKODLHVFJRCQME	InChI=1S/C16H34O4/c1-2-3-4-5-6-7-8-9-11-18-13-15-20-16-14-19-12-10-17/h17H,2-16H2,1H3	2-[2-[2-(1,1-Dideuteriodecoxy)ethoxy]ethoxy]ethanol	CCCCCCCCCCOCCOCCOCCO	291.253	894	14.896	857326019122867628	857316096027947627	857316096023753322	19173	
1	1	-128.433	-4.422		1.000	84.592	C23H48N2O2	[M + H]+	C23H49N2O2+	ZHXQBNMVWBJMFB	InChI=1S/C23H48N2O2/c1-4-5-6-7-8-9-10-11-12-13-14-15-16-17-18-20-23(26)24-21-19-22-25(2,3)27/h4-22H2,1-3H3,(H,24,26)	Octadecanamide, N-[3-(dimethyloxidoamino)propyl]-	CCCCCCCCCCCCCCCCCC(=O)NCCC[N+](C)(C)[O-]	385.379	894	14.896	857326023564635621	857316096128610931	857316096128610930	19175	
1	2	-167.451	-6.413		0.278	102.294	C19H33NO9	[M + H]+	C19H34NO9+	XWXUHTRNYVWJAU	InChI=1S/C19H33NO9/c1-11(5-3-4-6-13(21)10-20)7-12(2)29-17(24)9-15(19(27)28)14(18(25)26)8-16(22)23/h11-15,21H,3-10,20H2,1-2H3,(H,22,23)(H,25,26)(H,27,28)		CC(CCCCC(O)CN)CC(C)OC(=O)CC(C(=O)O)C(CC(=O)O)C(=O)O	420.224	894	14.908	857326045869944375	857316096178942583	857316096178942582	19191	
1	1	-29.931	-0.170		1.000	36.154	C18H38O5	[M + H3N + H]+	C18H42NO5+	ASMWIUUCZFNLHL	InChI=1S/C18H38O5/c1-2-3-4-5-6-7-8-9-11-20-13-15-22-17-18-23-16-14-21-12-10-19/h19H,2-18H2,1H3	3,6,9,12-Tetraoxadocosan-1-ol	CCCCCCCCCCOCCOCCOCCOCCO	352.306	896	14.930	857326011522788657	857316096225079931	857316096220885626	19226	
1	1	-28.172	-0.206		1.000	41.829	C18H38O5	[M + H]+	C18H39O5+	ASMWIUUCZFNLHL	InChI=1S/C18H38O5/c1-2-3-4-5-6-7-8-9-11-20-13-15-22-17-18-23-16-14-21-12-10-19/h19H,2-18H2,1H3	3,6,9,12-Tetraoxadocosan-1-ol	CCCCCCCCCCOCCOCCOCCOCCO	335.279	896	14.932	857326016358821245	857316096321548931	857316096321548930	19232	
1	1	-64.440	-0.386		1.000	84.423	C16H34O4	[M + H]+	C16H35O4+	UKODLHVFJRCQME	InChI=1S/C16H34O4/c1-2-3-4-5-6-7-8-9-11-18-13-15-20-16-14-19-12-10-17/h17H,2-16H2,1H3	2-[2-[2-(1,1-Dideuteriodecoxy)ethoxy]ethoxy]ethanol	CCCCCCCCCCOCCOCCOCCO	291.253	903	15.051	857326010780396833	857316096371880583	857316096371880582	19432	
1	1	-51.473	-0.186		1.000	33.126	C16H34O4	[M + H3N + H]+	C16H38NO4+	UKODLHVFJRCQME	InChI=1S/C16H34O4/c1-2-3-4-5-6-7-8-9-11-18-13-15-20-16-14-19-12-10-17/h17H,2-16H2,1H3	2-[2-[2-(1,1-Dideuteriodecoxy)ethoxy]ethoxy]ethanol	CCCCCCCCCCOCCOCCOCCO	308.280	903	15.052	857326027511475698	857316096468349583	857316096468349582	19434	
1	1	-136.998	-9.152		0.666	14.550	C16H41N7O3	[M + H]+	C16H42N7O3+	JLTRRPKTBBRGDS	InChI=1S/C16H41N7O3/c17-9-5-1-3-7-11-21-15(13-24,23-16(19,20)14(25)26)22-12-8-4-2-6-10-18/h14,21-26H,1-13,17-20H2		NCCCCCCNC(CO)(NCCCCCCN)NC(N)(N)C(O)O	380.337	905	15.087	857326021249379777	857316096518681235	857316096518681234	19493	
1	1	-61.230	-0.025		1.000	40.767	C15H31NO2	[M + H]+	C15H32NO2+	QIGCFPDRVPZWCY	InChI=1S/C15H31NO2/c1-2-3-4-5-6-7-8-9-10-11-12-13-16-14-15(17)18/h16H,2-14H2,1H3,(H,17,18)	Glycine, N-tridecyl-	CCCCCCCCCCCCCNCC(=O)O	258.243	908	15.133	857326708855189100	857316096569012887	857316096564818582	19581	
1	3	-222.169	-10.591		0.233	9.932	C15H39N7O2	[M + H]+	C15H40N7O2+	FRMUOTIVGQFXAD	InChI=1S/C15H39N7O2/c1-13(2)22(15(3,4)5)24-14(23)12-19-9-7-6-8-18-10-11-21(17)20-16/h13-14,18-20,23H,6-12,16-17H2,1-5H3		CC(C)N(OC(O)CNCCCCNCCN(N)NN)C(C)(C)C	350.326	911	15.187	857326710969118797	857316096610955931	857316096606761626	19628	
1	3	-175.351	-7.720		0.000	176.336	C18H33NO9	[M + H]+	C18H34NO9+	NDXSVNDWPKLKJP	InChI=1S/C18H33NO9/c19-17(13(22)8-4-5-9-14(23)18(27)28)12(21)7-3-1-2-6-11(20)15(24)10-16(25)26/h12-15,17,21-24H,1-10,19H2,(H,25,26)(H,27,28)		NC(C(O)CCCCCC(=O)C(O)CC(=O)O)C(O)CCCCC(O)C(=O)O	408.224	919	15.323	857326743269458704	857316096652898975	857316096652898974	19815	
1	8	-253.056	-8.192		0.003	47.468	C25H33FN6O	[M + H]+	C25H34FN6O+	SFQPFNSDFYNWLJ	InChI=1S/C25H33FN6O/c26-21-9-5-4-8-20(21)17-10-12-19(13-11-17)24(33)27-15-14-23-30-31-25-29-22(16-28-32(23)25)18-6-2-1-3-7-18/h16-21H,1-3,6-15H2,(H,27,33)		O=C(NCCc1nnc2nc(C3CCCCC3)cnn12)C1CCC(C2CC#CCC2F)CC1	453.282	921	15.351	857326741524627502	857316096694842019	857316096690647714	19849	
1	1	-205.762	-4.670		1.000	65.860	C25H51NO4	[M + H]+	C25H52NO4+	ZKSIHOAXLQHPBH	InChI=1S/C25H51NO4/c1-2-3-4-5-6-7-8-9-10-11-12-13-14-15-16-17-18-19-20-21-22-25(27)26-23-24-29-30-28/h28H,2-24H2,1H3,(H,26,27)		CCCCCCCCCCCCCCCCCCCCCCC(=O)NCCOOO	430.389	923	15.388	857326729340171272	857316096732590759	857316096732590758	19925	
1	1	-45.389	-1.122		1.000	8.742	C20H43N	[M + H]+	C20H44N+	BUHXFUSLEBPCEB	InChI=1S/C20H43N/c1-2-3-4-5-6-7-8-9-10-11-12-13-14-15-16-17-18-19-20-21/h2-21H2,1H3	1-Eicosanamine	CCCCCCCCCCCCCCCCCCCCN	298.347	926	15.440	857326730430690316	857316096816476847	857316096816476846	20028	
1	1	-70.078	-4.830		0.500	147.605	C18H32O2	[M + H]+	C18H33O2+	HLBSMZODWAXZCR	InChI=1S/C18H32O2/c1-2-3-4-5-6-7-8-9-10-11-12-13-14-15-16-17-18(19)20/h4-17H2,1H3,(H,19,20)	16-Octadecynoic acid	CC#CCCCCCCCCCCCCCCC(=O)O	281.248	927	15.445	857326748646556440	857316096862614195	857316096862614194	20021	
1	1	-624.301	-7.761		1.000	26.389	C26H45NO6	[M + H]+	C26H46NO6+	MBOHOCIVUKPWGC	InChI=1S/C26H45NO6/c1-3-5-6-7-8-12-15-18-25(30)32-22-23(21-28)33-26(31)19-16-13-10-9-11-14-17-24(29)27-20-4-2/h2,23,28H,3,5-22H2,1H3,(H,27,29)		C#CCNC(=O)CCCCCCCCC(=O)OC(CO)COC(=O)CCCCCCCCC	468.332	930	15.498	857326757148410939	857316096904557239	857316096904557238	20085	
1	2	-34.633	-4.069		0.500	177.954	C15H24O2	[M - H2O + H]+	C15H23O+	HNURKXXMYARGAY	InChI=1S/C15H24O2/c1-14(2,3)11-7-10(9-16)8-12(13(11)17)15(4,5)6/h7-8,16-17H,9H2,1-6H3	Ionox 100	CC(C)(C)C1=CC(=CC(=C1O)C(C)(C)C)CO	219.174	931	15.519	857326760768095304	857316096946500283	857316096946500282	20120	
1	1	-96.228	-2.798		1.000	11.525	C21H45N	[M + H]+	C21H46N+	PKMWMAMVKCMWQG	InChI=1S/C21H45N/c1-4-5-6-7-8-9-10-11-12-13-14-15-16-17-18-19-20-21-22(2)3/h4-21H2,1-3H3	Dimethyl(nonadecyl)azanium	CCCCCCCCCCCCCCCCCCCN(C)C	312.363	932	15.528	857326767835497601	857316096996831935	857316096996831934	20142	
1	1	-122.508	-2.851		0.998	47.111	C19H34O6	[M - H2O + H]+	C19H33O5+	VUEDZPPWSXCIFW	InChI=1S/C19H34O6/c1-4-7-10-13-18(21)24-15-16(25-19(22)12-9-6-3)14-23-17(20)11-8-5-2/h16H,4-15H2,1-3H3		CCCCCC(=O)OCC(COC(=O)CCCC)OC(=O)CCCC	341.232	941	15.685	857326766078084208	857316097080718023	857316097080718022	20337	
1	1	-101.212	-7.922		0.971	79.429	C17H25NO3	[M + H]+	C17H26NO3+	LFMZUJHSLQYKOC	InChI=1S/C17H25NO3/c1-17(2,3)11-5-4-6-12-21-16(20)14-7-9-15(10-8-14)18-13-19/h7-10,13H,4-6,11-12H2,1-3H3,(H,18,19)		CC(C)(C)CCCCCOC(=O)c1ccc(NC=O)cc1	292.191	946	15.766	857326763565696090	857316097122661067	857316097122661066	20495	
1	2	-43.492	-3.262		0.440	23.292	C18H32O7	[M + H3N + H]+	C18H36NO7+	ZFOZVQLOBQUTQQ	InChI=1S/C18H32O7/c1-4-7-10-23-15(19)13-18(22,17(21)25-12-9-6-3)14-16(20)24-11-8-5-2/h22H,4-14H2,1-3H3	Citroflex 4	CCCCOC(=O)CC(CC(=O)OCCCC)(C(=O)OCCCC)O	378.249	950	15.840	857326770582766723	857316097164604111	857316097160409806	20615	
1	1	-33.459	-4.028		0.993	57.054	C18H32O7	[M + H]+	C18H33O7+	ZFOZVQLOBQUTQQ	InChI=1S/C18H32O7/c1-4-7-10-23-15(19)13-18(22,17(21)25-12-9-6-3)14-16(20)24-11-8-5-2/h22H,4-14H2,1-3H3	Citroflex 4	CCCCOC(=O)CC(CC(=O)OCCCC)(C(=O)OCCCC)O	361.222	950	15.841	857326771450987660	857316097202352851	857316097198158546	20616	
1	4	-169.036	-7.660		0.074	30.923	C18H20N4O2S2	[M + H]+	C18H21N4O2S2+	WDYRQAQFDWSKMX	InChI=1S/C18H20N4O2S2/c1-12(2)9-10-25-18-19-15-14(16(23)20-17(24)21(15)3)22(18)11-26-13-7-5-4-6-8-13/h4-9H,10-11H2,1-3H3,(H,20,23,24)		CC(C)=CCSc1nc2c(c(=O)[nH]c(=O)n2C)n1CSc1ccccc1	389.112	957	15.943	857326820054583098	857316097416262375	857316097416262374	20783	
1	7	-53.191	-10.163		0.015	10.776	C18H28OS4	[M + H3N + H]+	C18H32NOS4+	YLXUNCDTECNREQ	InChI=1S/C18H28OS4/c1-3-4-5-6-7-8-9-10-14-22-17(19)13-15-23-18(21)12-11-16(2)20/h3-5,8-15H2,1-2H3		CCCCC#CCCCCSC(=O)CCSC(=S)CCC(C)=S	406.138	957	15.951	857326804292388076	857316097458205419	857316097458205418	20800	
1	3	-113.949	-10.759		0.096	18.893	C16H35NO6S3	[M + H]+	C16H36NO6S3+	DJHIWIRUKUGDRE	InChI=1S/C16H35NO6S3/c1-5-9-11-15-25(18,19)22-14-13-16(12-10-6-2)17-23-26(20,21)24(7-3)8-4/h24H,5-15H2,1-4H3		CCCCCS(=O)(=O)OCCC(CCCC)=NOS(=O)(=O)[SH](CC)CC	434.170	957	15.958	857326793844376779	857316097508537071	857316097504342766	20807	
1	1	-78.270	-5.047		1.000	31.009	C17H36O4	[M + H]+	C17H37O4+	ASULYNFXTCGEAN	InChI=1S/C17H36O4/c1-2-3-4-5-6-7-8-9-10-12-19-14-16-21-17-15-20-13-11-18/h18H,2-17H2,1H3		CCCCCCCCCCCOCCOCCOCCO	305.269	960	15.999	857326800987276508	857316097550480115	857316097550480114	20877	
1	1	-128.229	-7.015		0.977	26.907	C20H39N5	[M + H]+	C20H40N5+	UVRSUPIOWPRVAP	InChI=1S/C20H39N5/c1-3-5-7-9-11-12-14-16-18-21-20-24-22-19(23-25-20)17-15-13-10-8-6-4-2/h3-18H2,1-2H3,(H,21,24,25)		CCCCCCCCCCNc1nnc(CCCCCCCC)nn1	350.326	960	16.006	857326810470598397	857316097588228855	857316097588228854	20890	
1	1	-73.940	-3.408		1.000	18.917	C15H32O3	[M + H]+	C15H33O3+	JHLNZBMSRRDBRC	InChI=1S/C15H32O3/c1-2-3-4-5-6-7-8-9-10-12-17-14-15-18-13-11-16/h16H,2-15H2,1H3	2-(2-(Undecyloxy)ethoxy)ethanol	CCCCCCCCCCCOCCOCCO	261.243	971	16.184	857326815956748084	857316097625977595	857316097625977594	21202	
1	1	-96.420	-5.199		1.000	25.095	C17H36O4	[M + H]+	C17H37O4+	ASULYNFXTCGEAN	InChI=1S/C17H36O4/c1-2-3-4-5-6-7-8-9-10-12-19-14-16-21-17-15-20-13-11-18/h18H,2-17H2,1H3		CCCCCCCCCCCOCCOCCOCCO	305.269	972	16.201	857326917479876420	857316097663726335	857316097663726334	21236	
1	2	-144.557	-8.215		0.452	30.813	C15H39N7O2	[M + H]+	C15H40N7O2+	WXKRAQAWUUXDKP	InChI=1S/C15H39N7O2/c16-15(20-11-7-3-4-8-12-21-22-17)19-10-6-2-1-5-9-18-13-14(23)24/h14-15,18-24H,1-13,16-17H2		NNNCCCCCCNC(N)NCCCCCCNCC(O)O	350.326	972	16.205	857327062292416335	857316097709863683	857316097709863682	21241	
1	1	-95.586	-0.630		1.000	151.695	C20H39NO	[M + H]+	C20H40NO+	LBHQTVBKPMHICN	InChI=1S/C20H39NO/c1-2-3-4-5-6-7-8-9-10-11-12-13-14-15-16-17-18-19-20(21)22/h9-10H,2-8,11-19H2,1H3,(H2,21,22)	trans-11-icosenamide	CCCCCCCCC=CCCCCCCCCCC(=O)N	310.310	980	16.331	857327268320823200	857316097747612423	857316097747612422	21379	
1	2	-59.390	-2.354		0.500	112.084	C18H36O3	[M - H2O + H]+	C18H35O2+	LXKCZUOSRQSRHW	InChI=1S/C18H36O3/c1-2-3-4-5-6-7-8-9-10-11-14-17(19)15-12-13-16-18(20)21/h17,19H,2-16H2,1H3,(H,20,21)	(6R)-6-Hydroxystearic acid	CCCCCCCCCCCCC(CCCCC(=O)O)O	283.263	983	16.378	857327266865399706	857316097797944075	857316097797944074	21507	
1	8	-303.404	-12.414		0.000	80.074	C40H56O5	[M + H3N + H]+	C40H60NO5+	ADFCNQQQACIVBW	InChI=1S/C40H56O5/c1-28(2)37(43)45-35-19-15-33(16-20-35)40(32-13-17-34(18-14-32)44-27-36(41)42)25-21-30(22-26-40)29-9-11-31(12-10-29)39(6,7)24-8-23-38(3,4)5/h13-20,29-31H,1,8-12,21-27H2,2-7H3,(H,41,42)		C=C(C)C(=O)Oc1ccc(C2(c3ccc(OCC(=O)O)cc3)CCC(C3CCC(C(C)(C)CCCC(C)(C)C)CC3)CC2)cc1	634.452	988	16.465	857327282241719357	857316097848275727	857316097848275726	21649	
1	1	-221.081	-8.227		1.000	64.926	C31H59NO9	[M + H]+	C31H60NO9+	OCGHKZCBCNIXLB	InChI=1S/C31H59NO9/c1-2-3-4-5-6-30-7-9-31(10-8-30)29-32-11-13-34-15-17-36-19-21-38-23-25-40-27-28-41-26-24-39-22-20-37-18-16-35-14-12-33/h7,9-10,30,32-33H,2-6,8,11-29H2,1H3		CCCCCCC1C=CC(CNCCOCCOCCOCCOCCOCCOCCOCCOCCO)=CC1	590.426	990	16.506	857327289023908956	857316097902801683	857316097898607378	21711	
1	2	-59.961	-3.502		0.500	106.578	C16H32O3	[M - H2O + H]+	C16H31O2+	QUFMVAWAOYDYFV	InChI=1S/C16H32O3/c1-2-3-4-9-12-15(17)13-10-7-5-6-8-11-14-16(18)19/h15,17H,2-14H2,1H3,(H,18,19)	10-hydroxyhexadecanoic acid	CCCCCCC(CCCCCCCCC(=O)O)O	255.232	991	16.521	857327300155591794	857316097953133335	857316097948939030	21748	
1	3	-220.998	-7.906		0.031	22.965	C25H23N3O3	[M + H]+	C25H24N3O3+	XYWJCGMKSGMPCY	InChI=1S/C25H23N3O3/c1-3-17-11-13-19(14-12-17)26-23(29)16-28-24(18-7-6-8-20(15-18)31-2)27-22-10-5-4-9-21(22)25(28)30/h4-15H,3,16H2,1-2H3,(H,26,29)		CCc1ccc(NC(=O)Cn2c(-c3cccc(OC)c3)nc3ccccc3c2=O)cc1	414.183	993	16.555	857327291020397673	857316098062185247	857316098062185246	21786	
1	2	-93.346	-6.811		0.039	85.166	C19H22ClFO4	[M + H]+	C19H23ClFO4+	KJJDAYTXOVKGEG	InChI=1S/C19H22ClFO4/c1-11(2)23-14-5-7-15(8-6-14)25-18(19(22)24-12(3)4)13-9-16(20)17(21)10-13/h5-12,16,18H,1-4H3		CC(C)OC(=O)C(Oc1ccc(OC(C)C)cc1)C1=CC(Cl)C(F)=C1	369.125	993	16.555	857327310062537988	857316098112516899	857316098112516898	21790	
1	1	-92.488	-4.654		1.000	63.718	C20H37NO2	[M + H]+	C20H38NO2+	USFNLVMTAOQFKF	InChI=1S/C20H37NO2/c1-2-3-4-5-6-7-8-9-10-11-12-13-14-15-16-17-20(23)21-18-19-22/h7-10,22H,2-6,11-19H2,1H3,(H,21,23)		CCCCCCC=CC=CCCCCCCCC(=O)NCCO	324.290	1007	16.782	857327314588192885	857316098167042855	857316098167042854	22112	
1	2	-114.393	-4.149		0.150	26.802	C25H29NO2	[M + K]+	C25H29KNO2+	DJYPHJYZKWEANC	InChI=1S/C25H29NO2/c1-26(2)18-17-25(22-11-7-4-8-12-22)23-13-15-24(16-14-23)28-20-27-19-21-9-5-3-6-10-21/h3-16,25H,17-20H2,1-2H3		CN(C)CCC(c1ccccc1)c1ccc(OCOCc2ccccc2)cc1	414.183	1008	16.801	857327304781909110	857316098204791595	857316098204791594	22145	
1	1	-113.616	-5.617		0.998	35.257	C20H28O5	[M + H]+	C20H29O5+	HYNHXGOSCVYQFD	InChI=1S/C20H28O5/c1-4-6-9-16(5-2)14-25-20(23)18-11-8-7-10-17(18)19(22)24-13-12-15(3)21/h7-8,10-11,16H,4-6,9,12-14H2,1-3H3		CCCCC(CC)COC(=O)c1ccccc1C(=O)OCCC(C)=O	349.201	1008	16.804	857327284351454280	857316098246734639	857316098242540334	22151	
1	11	-33.512	-3.400		0.000	82.560	C21H21O4P	[M + H]+	C21H22O4P+	RMLPZKRPSQVRAB	InChI=1S/C21H21O4P/c1-16-7-4-10-19(13-16)23-26(22,24-20-11-5-8-17(2)14-20)25-21-12-6-9-18(3)15-21/h4-15H,1-3H3	Tri-m-tolyl phosphate	CC1=CC(=CC=C1)OP(=O)(OC2=CC=CC(=C2)C)OC3=CC=CC(=C3)C	369.125	1008	16.805	857327388961593392	857316098284483379	857316098284483378	22142	
1	8	-123.279	-8.995		0.006	6.043	C18H34FN5O2	[M + Na]+	C18H34FN5NaO2+	LDYAMWDUBYZZSW	InChI=1S/C18H34FN5O2/c1-4-7-11-23(12-8-5-2)17-20-16(19)21-18(22-17)24(13-9-6-3)14-10-15-26-25/h25H,4-15H2,1-3H3		CCCCN(CCCC)c1nc(F)nc(N(CCCC)CCCOO)n1	394.259	1008	16.805	857327286964505689	857316098326426423	857316098326426422	22150	
1	1	-107.515	-5.516		0.995	22.426	C16H30O4	[M + H]+	C16H31O4+	DIHLZEBQQNYRRR	InChI=1S/C16H30O4/c1-11(2)9-19-14(18)16(7,8)15(5,6)10-20-13(17)12(3)4/h11-12H,9-10H2,1-8H3		CC(C)COC(=O)C(C)(C)C(C)(C)COC(=O)C(C)C	287.222	1012	16.869	857327358179596316	857316098364175163	857316098364175162	22264	
1	1	-38.410	-5.066		0.333	19.520	C8H14	[M + H]+	C8H15+	GZTNBKQTTZSQNS	InChI=1S/C8H14/c1-3-5-7-8-6-4-2/h3-6H2,1-2H3	oct-4-yne	CCCC#CCCC	111.117	1013	16.877	857327392447060017	857316098414506815	857316098414506814	22291	
1	4	-267.077	-8.377		0.071	42.362	C25H21NO6	[M + H]+	C25H22NO6+	URYIAFOXSCYQSV	InChI=1S/C25H21NO6/c1-29-25(30-2,31-3)24(28)32-20-14-13-16-8-4-5-11-18(16)21(20)23(27)19-12-6-9-17-10-7-15-26-22(17)19/h4-15H,1-3H3		COC(OC)(OC)C(=O)Oc1ccc2ccccc2c1C(=O)c1cccc2cccnc12	432.144	1013	16.879	857327335933007893	857316098456449859	857316098456449858	22290	
1	1	-76.186	-5.576		1.000	86.214	C12H22O2	[M + H]+	C12H23O2+	QTMHAUIBPKRNFZ	InChI=1S/C12H22O2/c1-10(8-9-14-11(2)13)4-3-5-12-6-7-12/h10,12H,3-9H2,1-2H3		CC(=O)OCCC(C)CCCC1CC1	199.169	1013	16.879	857327326428715024	857316098498392903	857316098498392902	22286	
1	1	-245.675	-6.386		0.960	72.528	C21H32O3	[M + H]+	C21H33O3+	DKQHPXBHYLWPPN	InChI=1S/C21H32O3/c1-21(2,3)16-10-8-6-4-5-7-9-11-19(22)17-12-14-18(15-13-17)20(23)24/h12-15H,4-11,16H2,1-3H3,(H,23,24)		CC(C)(C)CCCCCCCCCC(=O)c1ccc(C(=O)O)cc1	333.242	1015	16.919	857328077410459764	857316098540335947	857316098540335946	22356	
1	1	-164.351	-7.106		0.863	16.280	C23H45N5O	[M + H]+	C23H46N5O+	JHIJZRIOCDWXQL	InChI=1S/C23H45N5O/c1-3-5-7-9-11-12-13-14-16-18-20-28-22(21-25-27-28)26-23(29)24-19-17-15-10-8-6-4-2/h21H,3-20H2,1-2H3,(H2,24,26,29)		CCCCCCCCCCCCn1nncc1NC(=O)NCCCCCCCC	408.368	1017	16.955	857328067746783026	857316098590667599	857316098586473294	22442	
1	1	-114.625	-6.461		1.000	85.123	C17H16O	[M + H]+	C17H17O+	YIBHMOOMBFUZCC	InChI=1S/C17H16O/c1-11-8-13-4-5-14-10-15(18-3)6-7-16(14)17(13)9-12(11)2/h4-10H,1-3H3	2-Methoxy-6,7-dimethylphenanthrene	CC1=CC2=C(C=C1C)C3=C(C=C2)C=C(C=C3)OC	237.128	1017	16.957	857328084020682888	857316098640999251	857316098636804946	22416	
1	1	-54.071	-5.168		0.500	101.301	C16H30O	[M + H]+	C16H31O+	LXJDKGYSHYYKFJ	InChI=1S/C16H30O/c17-16-14-12-10-8-6-4-2-1-3-5-7-9-11-13-15-16/h1-15H2	Cyclohexadecanone	C1CCCCCCCC(=O)CCCCCCC1	239.237	1018	16.972	857328063703473277	857316098691330903	857316098691330902	22480	
1	1	-90.074	-6.892		1.000	47.913	C20H37NO2	[M + H]+	C20H38NO2+	USFNLVMTAOQFKF	InChI=1S/C20H37NO2/c1-2-3-4-5-6-7-8-9-10-11-12-13-14-15-16-17-20(23)21-18-19-22/h7-10,22H,2-6,11-19H2,1H3,(H,21,23)		CCCCCCC=CC=CCCCCCCCC(=O)NCCO	324.290	1023	17.048	857328068224933976	857316098745856859	857316098741662554	22579	
1	5	-116.530	-6.816		0.030	12.486	C19H43N5	[M + Na]+	C19H43N5Na+	MWLBMQHHGDGCGX	InChI=1S/C19H43N5/c1-2-3-4-5-6-7-8-9-12-15-18-22-24-23-19-16-13-10-11-14-17-21-20/h21H,2-20H2,1H3,(H,22,23)		CCCCCCCCCCCCN=NNCCCCCCCNN	364.342	1025	17.077	857328079981568130	857316098800382815	857316098800382814	22640	
1	1	-165.498	-8.559		0.814	18.390	C22H43N5	[M + H]+	C22H44N5+	KKVZBNVFNQZFDT	InChI=1S/C22H43N5/c1-3-5-7-9-11-12-14-16-18-24-22-25-21(20-23)26-27(22)19-17-15-13-10-8-6-4-2/h20,23H,3-19H2,1-2H3,(H,24,25,26)		CCCCCCCCCCNc1nc(C=N)nn1CCCCCCCCC	378.358	1025	17.082	857328089364226195	857316098854908771	857316098850714466	22645	
1	1	-81.756	-5.638		0.998	26.975	C19H40O4	[M + H]+	C19H41O4+	KLFVDTRVIFNWIH	InChI=1S/C19H40O4/c1-2-3-4-5-6-7-8-9-10-11-12-14-21-16-18-23-19-17-22-15-13-20/h20H,2-19H2,1H3	Triethylene glycol monotridecyl ether	CCCCCCCCCCCCCOCCOCCOCCO	333.300	1026	17.093	857328146914271589	857316098901046119	857316098901046118	22742	
1	1	-106.043	-6.124		1.000	124.653	C16H30O4	[M + H]+	C16H31O4+	UPPJFVSCGFPFHM	InChI=1S/C16H30O4/c1-3-5-9-13-19-15(17)11-7-8-12-16(18)20-14-10-6-4-2/h3-14H2,1-2H3	Dipentyl adipate	CCCCCOC(=O)CCCCC(=O)OCCCCC	287.222	1027	17.109	857328109027123546	857316099010098031	857316099010098030	22674	
1	1	-72.134	-5.608		1.000	32.242	C17H36O3	[M + H]+	C17H37O3+	RTRMBXZHMWADJB	InChI=1S/C17H36O3/c1-2-3-4-5-6-7-8-9-10-11-12-14-19-16-17-20-15-13-18/h18H,2-17H2,1H3	Ethanol, 2-(2-(tridecyloxy)ethoxy)-	CCCCCCCCCCCCCOCCOCCO	289.274	1027	17.114	857328304917900699	857316098955572075	857316098955572074	22620	
1	1	-65.884	-5.566		0.404	19.019	C20H34O8	[M + H3N + H]+	C20H38NO8+	QZCLKYGREBVARF	InChI=1S/C20H34O8/c1-5-8-11-25-17(22)14-20(28-16(4)21,19(24)27-13-10-7-3)15-18(23)26-12-9-6-2/h5-15H2,1-4H3	Blo-trol	CCCCOC(=O)CC(CC(=O)OCCCC)(C(=O)OCCCC)OC(=O)C	420.259	1029	17.154	857328388913032745	857316099056235379	857316099056235378	22761	
1	1	-63.841	-6.244		1.000	81.429	C16H24O7	[M + H]+	C16H25O7+	UUBBPXMJVCPIIK	InChI=1S/C16H24O7/c1-4-7-9-22-14(18)12-16(20,11-13(17)21-6-3)15(19)23-10-8-5-2/h20H,5-6,8-12H2,1-3H3		CC#CCOC(=O)CC(O)(CC(=O)OCC)C(=O)OCCCC	329.159	1029	17.155	857328395871383173	857316099114955639	857316099114955638	22772	
1	1	-33.502	-4.028		0.496	56.936	C18H32O7	[M + H]+	C18H33O7+	ZFOZVQLOBQUTQQ	InChI=1S/C18H32O7/c1-4-7-10-23-15(19)13-18(22,17(21)25-12-9-6-3)14-16(20)24-11-8-5-2/h22H,4-14H2,1-3H3	Citroflex 4	CCCCOC(=O)CC(CC(=O)OCCCC)(C(=O)OCCCC)O	361.222	1029	17.155	857328435872462376	857316099169481595	857316099169481594	22777	
1	1	-16.591	-3.593		1.000	57.132	C20H34O8	[M + H]+	C20H35O8+	QZCLKYGREBVARF	InChI=1S/C20H34O8/c1-5-8-11-25-17(22)14-20(28-16(4)21,19(24)27-13-10-7-3)15-18(23)26-12-9-6-2/h5-15H2,1-4H3	Blo-trol	CCCCOC(=O)CC(CC(=O)OCCCC)(C(=O)OCCCC)OC(=O)C	403.232	1029	17.155	857328445922014799	857316099232396159	857316099232396158	22781	
1	1	-238.106	-8.561		1.000	46.917	C21H32N2O5	[M + K]+	C21H32KN2O5+	KYIXUOZBBGVASL	InChI=1S/C21H32N2O5/c1-2-3-4-5-6-7-8-9-10-15-27-20(25)16-21(26)28-17-19(24)23-18-11-13-22-14-12-18/h11-14H,2-10,15-17H2,1H3,(H,22,23,24)		CCCCCCCCCCCOC(=O)CC(=O)OCC(=O)Nc1ccncc1	431.192	1029	17.157	857328457703814745	857316099291116419	857316099291116418	22778	
1	6	-226.178	-12.322		0.036	8.288	C17H43N7O2	[M + H]+	C17H44N7O2+	OTPWCHYLTKCVFU	InChI=1S/C17H43N7O2/c1-15(2,3)23(16(4,5)6)11-12-26-24(13-17(7,8)25)21-9-10-22(19)14-20-18/h20-21,25H,9-14,18-19H2,1-8H3		CC(C)(O)CN(NCCN(N)CNN)OCCN(C(C)(C)C)C(C)(C)C	378.358	1034	17.233	857328439248877114	857316099349836679	857316099349836678	22864	
1	1	-87.491	-6.318		1.000	26.381	C17H36O3	[M + H]+	C17H37O3+	RTRMBXZHMWADJB	InChI=1S/C17H36O3/c1-2-3-4-5-6-7-8-9-10-11-12-14-19-16-17-20-15-13-18/h18H,2-17H2,1H3	Ethanol, 2-(2-(tridecyloxy)ethoxy)-	CCCCCCCCCCCCCOCCOCCO	289.274	1035	17.255	857328440331007557	857316099404362635	857316099400168330	22820	
1	1	-111.680	-4.577		1.000	21.644	C15H31NO	[M + H]+	C15H32NO+	RGRFRNZUWGRBBK	InChI=1S/C15H31NO/c1-2-3-4-5-6-7-8-9-10-11-13-16-14-12-15-17/h15-16H,2-14H2,1H3	3-(Dodecylamino)propanal	CCCCCCCCCCCCNCCC=O	242.248	1036	17.266	857328426888263206	857316099454694287	857316099454694286	22896	
1	1	-97.001	-6.432		1.000	74.100	C16H30O4	[M + H]+	C16H31O4+	KZUYQNOSCKKLPS	InChI=1S/C16H30O4/c1-4-7-12-19-15(17)10-8-9-11-16(18)20-13-14(5-2)6-3/h14H,4-13H2,1-3H3		CCCCOC(=O)CCCCC(=O)OCC(CC)CC	287.222	1038	17.300	857328416624801307	857316099521803155	857316099517608850	22939	
1	2	-127.329	-8.221		0.393	18.059	C14H37N7O	[M + H]+	C14H38N7O+	DSFWHTXKYDWGIL	InChI=1S/C14H37N7O/c1-2-3-4-5-6-7-8-11-16-14(22)17-12-9-10-13-18-20-21-19-15/h14,16-22H,2-13,15H2,1H3		CCCCCCCCCNC(O)NCCCCNNNNN	320.316	1040	17.326	857328441262143052	857316099567940503	857316099567940502	23002	
1	1	-105.245	-1.932		1.000	81.093	C16H30O4	[M + H]+	C16H31O4+	UPPJFVSCGFPFHM	InChI=1S/C16H30O4/c1-3-5-9-13-19-15(17)11-7-8-12-16(18)20-14-10-6-4-2/h3-14H2,1-2H3	Dipentyl adipate	CCCCCOC(=O)CCCCC(=O)OCCCCC	287.222	1049	17.477	857328513450310718	857316099618272155	857316099618272154	23257	
1	2	-284.056	-10.165		0.302	17.960	C25H35N5O	[M + H]+	C25H36N5O+	SPCYMXLCOFOUEE	InChI=1S/C25H35N5O/c1-3-4-6-11-20-14-15-23-28-29-24(30(23)18-20)21-12-9-13-22(17-21)27-25(31)19(2)10-7-5-8-16-26/h9,12-15,17-19H,3-8,10-11,16,26H2,1-2H3,(H,27,31)		CCCCCc1ccc2nnc(-c3cccc(NC(=O)C(C)CCCCCN)c3)n2c1	422.290	1051	17.522	857328642341274043	857316099672798111	857316099668603806	23445	
1	2	-316.295	-9.664		0.474	11.831	C17H43N7O2	[M + H]+	C17H44N7O2+	TVQKZULAZWFQBB	InChI=1S/C17H43N7O2/c1-4-6-10-22(15-17(25)16-26-14-5-2)11-8-7-9-21(3)12-13-23(18)24(19)20/h17,25H,4-16,18-20H2,1-3H3		CCCCN(CCCCN(C)CCN(N)N(N)N)CC(O)COCCC	378.358	1058	17.627	857328641003290834	857316099727324067	857316099727324066	23538	
1	1	-82.168	-6.019		1.000	22.158	C17H36O3	[M + H]+	C17H37O3+	RTRMBXZHMWADJB	InChI=1S/C17H36O3/c1-2-3-4-5-6-7-8-9-10-11-12-14-19-16-17-20-15-13-18/h18H,2-17H2,1H3	Ethanol, 2-(2-(tridecyloxy)ethoxy)-	CCCCCCCCCCCCCOCCOCCO	289.274	1058	17.639	857328640994902221	857316099777655719	857316099777655718	23492	
1	1	-211.924	-6.959		1.000	36.268	C24H46O5	[M + H3N + H]+	C24H50NO5+	LYXUEHJHOBJYBJ	InChI=1S/C24H46O5/c1-2-3-4-5-11-16-21-28-24(27)19-14-9-7-12-17-22-29-23(26)18-13-8-6-10-15-20-25/h25H,2-22H2,1H3		CCCCCCCCOC(=O)CCCCCCCOC(=O)CCCCCCCO	432.368	1059	17.657	857328652252414412	857316099832181675	857316099832181674	23569	
1	1	-98.333	-7.171		1.000	82.517	C22H42O5	[M + H]+	C22H43O5+	ITKNOJDXYFOSEK	InChI=1S/C22H42O5/c1-4-7-11-19(6-3)17-26-21(24)13-9-10-14-22(25)27-18-20(15-16-23)12-8-5-2/h19-20,23H,4-18H2,1-3H3		CCCCC(CC)COC(=O)CCCCC(=O)OCC(CCO)CCCC	387.310	1059	17.657	857328652290163149	857316099878319023	857316099878319022	23573	
1	1	-63.082	-7.169		1.000	230.900	C22H40O	[M + H3N + H]+	C22H44NO+	RYGAFLDIFDTPSK	InChI=1S/C22H40O/c1-2-3-4-5-6-7-8-9-10-11-12-13-14-15-16-17-18-19-20-21-22-23/h8-9,21H,2-7,10-20H2,1H3		CCCCCCCC=CCCCCCCCCCCCC=C=O	338.342	1062	17.693	857328649295430090	857316099932844979	857316099932844978	23594	
1	1	-204.618	-8.736		0.999	44.286	C17H37N5O6	[M + H]+	C17H38N5O6+	CGYBBXNJTTUXOY	InChI=1S/C17H37N5O6/c18-15-21(26)11-4-2-10-20-28-14-6-1-7-17(25)22(27)12-8-16(24)19-9-3-5-13-23/h20,23,26-27H,1-15,18H2,(H,19,24)		NCN(O)CCCCNOCCCCC(=O)N(O)CCC(=O)NCCCCO	408.282	1065	17.752	857328696082891236	857316099983176631	857316099983176630	23694	
1	1	-89.050	-5.646		0.976	71.062	C24H38O5	[M + H]+	C24H39O5+	SOHBUGIYLOTJOU	InChI=1S/C24H38O5/c1-20(2)14-8-4-5-12-18-28-23(25)21-15-9-10-16-22(21)24(26)29-19-13-7-6-11-17-27-3/h9-10,15-16,20H,4-8,11-14,17-19H2,1-3H3		COCCCCCCOC(=O)c1ccccc1C(=O)OCCCCCCC(C)C	407.279	1065	17.753	857328666907312599	857316100033508283	857316100033508282	23706	
1	13	-195.293	-7.825		0.000	3.542	C20H16N2O4	[M + Na]+	C20H16N2NaO4+	FKTDCBNYONOMSK	InChI=1S/C20H16N2O4/c1-21-15-10-6-4-8-13(15)17(18(19(21)23)20(24)25)16-11-12-7-3-5-9-14(12)22(16)26-2/h3-11H,1-2H3,(H,24,25)		COn1c(-c2c(C(=O)O)c(=O)n(C)c3ccccc23)cc2ccccc21	371.101	1077	17.947	857328720367912460	857316100088034239	857316100088034238	23964	
1	6	-159.634	-5.895		0.000	82.549	C11H18N2O5	[M + K]+	C11H18KN2O5+	CTHWMWCVPKFQQX	InChI=1S/C11H18N2O5/c1-3-8-6-13(11(16)12-10(8)15)5-4-9(17-2)18-7-14/h6,9,14H,3-5,7H2,1-2H3,(H,12,15,16)		CCc1cn(CCC(OC)OCO)c(=O)[nH]c1=O	297.082	1077	17.949	857328911884029690	857316100218057671	857316100213863366	24026	
1	7	-109.326	-12.153		0.035	19.264	C22H37NO6S3	[M + H]+	C22H38NO6S3+	GIXDIJVQEQGVGH	InChI=1S/C22H37NO6S3/c1-3-5-7-8-9-10-11-12-13-14-15-16-18-22(30-19-21-31(24,25)26)23-29-32(27,28)20-17-6-4-2/h3-7,10-13,16-21H2,1-2H3,(H,24,25,26)		CCCCC#CCCCCC#CCCC(=NOS(=O)(=O)CCCCC)SCCS(=O)(=O)O	508.188	1077	17.949	857328893634612152	857316100280972235	857316100280972234	24023	
1	3	-255.533	-7.862		0.102	39.462	C21H26N4O2S3	[M + H]+	C21H27N4O2S3+	IGFKFEZUTDCUDR	InChI=1S/C21H26N4O2S3/c1-5-25-17-18(27)19(30-13-16(26)22-3)15(12-29-14-10-8-7-9-11-14)24(4)20(17)23-21(25)28-6-2/h7-11H,5-6,12-13H2,1-4H3,(H,22,26)		CCSc1nc2c(c(=O)c(SCC(=O)NC)c(CSc3ccccc3)n2C)n1CC	463.131	1077	17.950	857328898156071882	857316100356469711	857316100352275406	24019	
1	3	-125.813	-6.120		0.008	44.651	C8H12FNOS	[M + H]+	C8H13FNOS+	IRTHLIJPUWEENH	InChI=1S/C8H12FNOS/c9-7-1-3-8(4-2-7)12(11)6-5-10/h1-4,11-12H,5-6,10H2		NCC[SH](O)c1ccc(F)cc1	190.071	1077	17.953	857328903436700851	857316100503270363	857316100503270362	24030	
1	1	-82.633	-7.215		0.999	28.827	C19H40O4	[M + H]+	C19H41O4+	KLFVDTRVIFNWIH	InChI=1S/C19H40O4/c1-2-3-4-5-6-7-8-9-10-11-12-14-21-16-18-23-19-17-22-15-13-20/h20H,2-19H2,1H3	Triethylene glycol monotridecyl ether	CCCCCCCCCCCCCOCCOCCOCCO	333.300	1088	18.126	857328903910657211	857316100595545059	857316100595545058	24311	
1	2	-194.298	-5.348		0.138	38.175	C22H25N5O3	[M + K]+	C22H25KN5O3+	AQGIEJOBMVKRFR	InChI=1S/C22H25N5O3/c1-15(2)11-20(28)25-17-7-9-18(10-8-17)26-21(29)13-23-22(30)14-27-19-6-4-3-5-16(19)12-24-27/h3-10,12,15H,11,13-14H2,1-2H3,(H,23,30)(H,25,28)(H,26,29)		CC(C)CC(=O)Nc1ccc(NC(=O)CNC(=O)Cn2ncc3ccccc32)cc1	446.162	1090	18.169	857329012274708519	857316100700402667	857316100696208362	24431	
1	1	-86.934	-6.639		0.999	43.193	C24H38O5	[M + H]+	C24H39O5+	SOHBUGIYLOTJOU	InChI=1S/C24H38O5/c1-20(2)14-8-4-5-12-18-28-23(25)21-15-9-10-16-22(21)24(26)29-19-13-7-6-11-17-27-3/h9-10,15-16,20H,4-8,11-14,17-19H2,1-3H3		COCCCCCCOC(=O)c1ccccc1C(=O)OCCCCCCC(C)C	407.279	1093	18.219	857328897933773758	857316100746540015	857316100742345710	24494	
1	2	-27.844	-0.151		0.497	49.058	C8H6O4	[M - H2O + H]+	C8H5O3+	XNGIFLGASWRNHJ	InChI=1S/C8H6O4/c9-7(10)5-3-1-2-4-6(5)8(11)12/h1-4H,(H,9,10)(H,11,12)	phthalate	C1=CC=C(C(=C1)C(=O)O)C(=O)O	149.023	1094	18.239	857328908071406793	857316100843009015	857316100838814710	24525	
1	3	-265.511	-7.313		0.000	76.391	C24H45NO5	[M + Na]+	C24H45NNaO5+	ZWJTYWKDIXIPBW	InChI=1S/C24H45NO5/c1-5-7-9-11-12-13-15-16-18-20(3)30-24(28)22(23(27)29-4)25-21(26)19-17-14-10-8-6-2/h20,22H,5-19H2,1-4H3,(H,25,26)		CCCCCCCCCCC(C)OC(=O)C(NC(=O)CCCCCCC)C(=O)OC	450.321	1095	18.254	857328913884712715	857316100889146363	857316100889146362	24544	
1	2	-214.766	-9.825		0.003	92.118	C20H32N6O3	[M + H]+	C20H33N6O3+	QFOAOPMQCJPBDT	InChI=1S/C20H32N6O3/c1-2-3-8-17-23-18(14-25(17)9-11-29-12-10-27)26-15-22-19(24-26)20(28)21-13-16-6-4-5-7-16/h14-16,27H,2-13H2,1H3,(H,21,28)		CCCCc1nc(-n2cnc(C(=O)NCC3CCCC3)n2)cn1CCOCCO	405.263	1095	18.254	857328918636859166	857316100939478015	857316100939478014	24542	
1	1	-182.017	-7.004		0.878	77.422	C24H36O5	[M + H3N + H]+	C24H40NO5+	OTWCLSJXMXKDOM	InChI=1S/C24H36O5/c1-18(2)10-8-11-19(3)12-9-15-24(4,5)29-23(27)21-14-7-6-13-20(21)22(26)28-17-16-25/h6-7,13-14,16,18-19H,8-12,15,17H2,1-5H3		CC(C)CCCC(C)CCCC(C)(C)OC(=O)c1ccccc1C(=O)OCC=O	422.290	1096	18.259	857328915017174803	857316100985615363	857316100985615362	24554	
1	1	-273.560	-7.187		0.999	45.455	C21H30ClN3O3	[M + K]+	C21H30ClKN3O3+	LLTLXTQBPWYOAC	InChI=1S/C21H30ClN3O3/c1-13(2)10-17-16(22)11-18(25-20(26)15-6-8-28-9-7-15)19(24-17)21(27)23-12-14-4-3-5-14/h11,13-15H,3-10,12H2,1-2H3,(H,23,27)(H,25,26)		CC(C)Cc1nc(C(=O)NCC2CCC2)c(NC(=O)C2CCOCC2)cc1Cl	446.162	1098	18.294	857328913867935487	857316101031752711	857316101031752710	24627	
1	2	-160.112	-7.991		0.000	110.048	C18H41N7	[M + H]+	C18H42N7+	WLUGSRIXDIJSIN	InChI=1S/C18H41N7/c19-23-21-17-15-13-11-9-7-5-3-1-2-4-6-8-10-12-14-16-18-22-25-24-20/h22,24-25H,1-18,20H2		[N-]=[N+]=NCCCCCCCCCCCCCCCCCCNNNN	356.352	1100	18.332	857328905311554758	857316101073695755	857316101073695754	24643	
1	2	-102.803	-6.899		0.317	26.787	C22H49N5O	[M + Na]+	C22H49N5NaO+	YHTXETQTXYUHSA	InChI=1S/C22H49N5O/c1-2-3-4-5-6-9-13-16-19-26-22(28)27-20-17-14-11-8-7-10-12-15-18-25-21(23)24/h21,25H,2-20,23-24H2,1H3,(H2,26,27,28)		CCCCCCCCCCNC(=O)NCCCCCCCCCCNC(N)N	422.384	1105	18.410	857328924768931744	857316101115638799	857316101115638798	24750	
1	1	-111.045	-4.276		1.000	43.743	C19H39NO2S	[M + H]+	C19H40NO2S+	DULASPCTOYJPFS	InChI=1S/C19H39NO2S/c1-3-4-5-6-7-8-9-10-11-12-13-14-20-15-16-22-17-18-23-19(2)21/h20H,3-18H2,1-2H3		CCCCCCCCCCCCCNCCOCCSC(C)=O	346.277	1108	18.459	857329011171606555	857316101153387539	857316101153387538	24823	
1	2	-161.008	-8.917		0.000	107.518	C18H41N7	[M + H]+	C18H42N7+	QGALBUWYXBEFRD	InChI=1S/C18H41N7/c19-16-25-18(22)24-15-13-11-9-7-5-3-1-2-4-6-8-10-12-14-23-17(20)21/h1-16,19H2,(H4,20,21,23)(H3,22,24,25)		NCNC(N)=NCCCCCCCCCCCCCCCN=C(N)N	356.352	1108	18.462	857329100187320547	857316101195330583	857316101195330582	24829	
1	1	-98.255	-4.602		0.500	52.814	C18H36N2O	[M + H]+	C18H37N2O+	YDXAQBOVBHFTNX	InChI=1S/C18H36N2O/c1-4-5-6-7-8-9-10-11-12-13-14-15-18(21)20(3)17-16-19-2/h2,4-17H2,1,3H3		C=NCCN(C)C(=O)CCCCCCCCCCCCC	297.290	1109	18.482	857329129086075110	857316101233079323	857316101233079322	24856	
1	2	-62.873	-3.670		0.500	105.472	C16H32O3	[M - H2O + H]+	C16H31O2+	QUFMVAWAOYDYFV	InChI=1S/C16H32O3/c1-2-3-4-9-12-15(17)13-10-7-5-6-8-11-14-16(18)19/h15,17H,2-14H2,1H3,(H,18,19)	10-hydroxyhexadecanoic acid	CCCCCCC(CCCCCCCCC(=O)O)O	255.232	1111	18.513	857329364973734106	857316101308576803	857316101308576802	24888	
1	4	-125.365	-8.149		0.002	59.049	C23H26N2O3S	[M + H]+	C23H27N2O3S+	NLKJPGSSZCTHNN	InChI=1S/C23H26N2O3S/c1-5-9-19(4)25(17-16-20-10-7-6-8-11-20)23(26)24-29(27,28)22-14-12-21(13-15-22)18(2)3/h6-8,10-19H,1-4H3,(H,24,26)		CC#CC(C)N(C=Cc1ccccc1)C(=O)NS(=O)(=O)c1ccc(C(C)C)cc1	411.172	1111	18.520	857329421747837033	857316101346325543	857316101346325542	24906	
1	1	-163.223	-6.538		0.802	24.998	C28H35NO2	[M + K]+	C28H35KNO2+	NLVDELQFTLLGBS	InChI=1S/C28H35NO2/c1-18(2)22-8-10-23(11-9-22)19(3)24-12-14-28(31)26(16-24)20(4)25-15-21(17-29(5)6)7-13-27(25)30/h7-16,18-20,30-31H,17H2,1-6H3		CC(C)c1ccc(C(C)c2ccc(O)c(C(C)c3cc(CN(C)C)ccc3O)c2)cc1	456.230	1111	18.522	857329406782560034	857316101384074283	857316101384074282	24912	
1	1	-90.765	-6.473		0.998	24.760	C24H38O5	[M + H]+	C24H39O5+	SOHBUGIYLOTJOU	InChI=1S/C24H38O5/c1-20(2)14-8-4-5-12-18-28-23(25)21-15-9-10-16-22(21)24(26)29-19-13-7-6-11-17-27-3/h9-10,15-16,20H,4-8,11-14,17-19H2,1-3H3		COCCCCCCOC(=O)c1ccccc1C(=O)OCCCCCCC(C)C	407.279	1117	18.623	857329392291236562	857316101463766067	857316101463766066	25055	
1	2	-311.611	-8.434		0.180	18.378	C21H40N2O3	[M + K]+	C21H40KN2O3+	CJFQEJTYCKGKJB	InChI=1S/C21H40N2O3/c1-6-8-10-11-12-14-16-21(4,5)23-20(26)19(25)22-18(17(3)24)15-13-9-7-2/h18H,6-16H2,1-5H3,(H,22,25)(H,23,26)		CCCCCCCCC(C)(C)NC(=O)C(=O)NC(CCCCC)C(C)=O	407.269	1117	18.624	857329394631658214	857316101501514807	857316101501514806	25052	
1	1	-125.473	-5.721		1.000	66.782	C24H38O5	[M - H2O + H]+	C24H37O4+	JOUVCMZKQZXCNK	InChI=1S/C24H38O5/c1-19(2)11-10-13-20(3)12-6-8-17-28-23(26)21-14-4-5-15-22(21)24(27)29-18-9-7-16-25/h4-5,14-15,19-20,25H,6-13,16-18H2,1-3H3		CC(C)CCCC(C)CCCCOC(=O)c1ccccc1C(=O)OCCCCO	389.269	1118	18.628	857329395063671536	857316101539263547	857316101539263546	25064	
1	1	-57.558	-6.789		0.987	13.637	C20H43NOS	[M + K]+	C20H43KNOS+	JRDMEVXZLGMIHQ	InChI=1S/C20H43NOS/c1-3-5-7-8-9-10-11-12-13-14-15-17-21-18-16-20-23(22)19-6-4-2/h21H,3-20H2,1-2H3		CCCCCCCCCCCCCNCCCS(=O)CCCC	384.270	1119	18.656	857329406421849341	857316101623149635	857316101623149634	25083	
1	1	-80.596	-6.604		0.462	18.444	C16H35O3PS	[M + H]+	C16H36O3PS+	AQAPIEHWUGRHJS	InChI=1S/C16H35O3PS/c1-4-7-9-11-13-15-18-20(21,17-6-3)19-16-14-12-10-8-5-2/h4-16H2,1-3H3		CCCCCCCOP(=S)(OCC)OCCCCCCC	339.212	1119	18.658	857329424356694128	857316101660898375	857316101656704070	25093	
1	1	-109.389	-6.006		0.500	123.843	C19H34O3	[M + H]+	C19H35O3+	VBTSRFHSAJLHLJ	InChI=1S/C19H34O3/c1-19(21)22-18-16-14-12-10-8-6-4-2-3-5-7-9-11-13-15-17-20/h20H,2-14,16,18H2,1H3		CC(=O)OCCCCCCCCCCCCCCCC#CO	311.258	1120	18.662	857329457323925907	857316101698647115	857316101694452810	25105	
1	1	-62.108	-1.822		0.999	22.178	C24H46O7	[M + H3N + H]+	C24H50NO7+	GYHPTPQZVBYHLC	InChI=1S/C24H46O7/c1-5-9-11-21(7-3)23(25)30-19-17-28-15-13-27-14-16-29-18-20-31-24(26)22(8-4)12-10-6-2/h21-22H,5-20H2,1-4H3	Flexol 4GO	CCCCC(CC)C(=O)OCCOCCOCCOCCOC(=O)C(CC)CCCC	464.358	1120	18.669	857329443772128993	857316101774144595	857316101774144594	25104	
1	1	-114.811	-5.980		1.000	21.703	C17H35NO	[M + H]+	C17H36NO+	SIHWPYVFNJBALM	InChI=1S/C17H35NO/c1-4-6-8-10-12-14-16-18(17(3)19)15-13-11-9-7-5-2/h4-16H2,1-3H3	N-heptyl-N-octylacetamide	CCCCCCCCN(CCCCCCC)C(=O)C	270.279	1122	18.694	857329432057436602	857316101816087639	857316101816087638	25150	
1	2	-190.533	-7.411		0.135	46.098	C27H39N5O	[M + H]+	C27H40N5O+	XROIWUCJRRVCJX	InChI=1S/C27H39N5O/c1-4-7-9-10-11-16-32-25-18-26(28-19-22(25)20-29-32)30-23-14-12-15-24(17-23)31-27(33)21(6-3)13-8-5-2/h12,14-15,17-21H,4-11,13,16H2,1-3H3,(H,28,30)(H,31,33)		CCCCCCCn1ncc2cnc(Nc3cccc(NC(=O)C(CC)CCCC)c3)cc21	450.321	1126	18.765	857329428995594421	857316101899973727	857316101899973726	25232	
1	1	-207.011	-10.255		0.444	12.390	C24H36O5	[M + H3N + H]+	C24H40NO5+	UWODTPAAZANLOY	InChI=1S/C24H36O5/c1-3-5-6-7-8-9-10-11-12-13-14-15-16-17-19-23(26)28-21-22(20-25)29-24(27)18-4-2/h4,9-16,22,25H,2-3,5-8,17-21H2,1H3		C=CCC(=O)OC(CO)COC(=O)CCC=CC=CC=CC=CCCCCCC	422.290	1126	18.766	857329443977650307	857316101941916771	857316101941916770	25239	
1	1	-72.956	-5.631		1.000	35.335	C24H36O4	[M + H]+	C24H37O4+	AGUPTTXZPSPGOS	InChI=1S/C24H36O4/c1-18(2)9-6-7-16-27-23(25)21-12-4-5-13-22(21)24(26)28-17-20-11-8-10-19(3)14-15-20/h4-5,12-13,18-20H,6-11,14-17H2,1-3H3		CC(C)CCCCOC(=O)c1ccccc1C(=O)OCC1CCCC(C)CC1	389.269	1126	18.767	857329445756035463	857316101858030683	857316101858030682	25225	
1	1	-61.154	-6.886		0.500	115.780	C18H34O	[M + H]+	C18H35O+	SOCKNXRADUGEHQ	InChI=1S/C18H34O/c1-2-3-4-5-6-7-8-9-10-11-12-13-14-15-16-17-18-19/h9-12,19H,2-8,13-18H2,1H3	Octadeca-7,9-dien-1-ol	CCCCCCCCC=CC=CCCCCCCO	267.268	1129	18.809	857329460687757730	857316102025802859	857316102025802858	25281	
1	2	-84.860	-3.251		0.333	135.334	C19H38O3	[M - H2O + H]+	C19H37O2+	MEJQYIHDALJZMI	InChI=1S/C19H38O3/c1-2-3-4-5-6-7-8-9-10-12-15-18(20)16-13-11-14-17-19(21)22/h18,20H,2-17H2,1H3,(H,21,22)	7-Hydroxynonadecanoic acid	CCCCCCCCCCCCC(CCCCCC(=O)O)O	297.279	1135	18.917	857329444032176270	857316102071940207	857316102071940206	25429	
1	2	-209.551	-7.720		0.001	42.867	C25H49N5O	[M + H]+	C25H50N5O+	WAIMYJLPSDLFMZ	InChI=1S/C25H49N5O/c1-3-5-7-9-11-13-14-16-18-20-26-22-24-28-25(27-23-31)29-30(24)21-19-17-15-12-10-8-6-4-2/h23,26H,3-22H2,1-2H3,(H,27,29,31)		CCCCCCCCCCCNCc1nc(NC=O)nn1CCCCCCCCCC	436.400	1138	18.966	857329432250375020	857316102118077555	857316102118077554	25503	
1	1	-130.346	-8.156		1.000	29.468	C17H35NO	[M + H]+	C17H36NO+	RLICWDBTTFUCTR	InChI=1S/C17H35NO/c1-2-3-4-5-6-7-8-9-10-11-12-13-14-15-16-17-18-19/h2-17H2,1H3	1-Nitrosoheptadecane	CCCCCCCCCCCCCCCCCN=O	270.279	1140	18.994	857329486851826092	857316102164214903	857316102164214902	25544	
1	1	-55.175	-5.733		1.000	22.646	C6H13N	[M + H]+	C6H14N+	PAMIQIKDUOTOBW	InChI=1S/C6H13N/c1-7-5-3-2-4-6-7/h2-6H2,1H3	1-methylpiperidine	CN1CCCCC1	100.112	1143	19.054	857329451934245266	857316102218740859	857316102214546554	25627	
1	1	-606.975	-8.166		0.500	45.432	C26H45NO5	[M + H]+	C26H46NO5+	UTMHETSKVGMURF	InChI=1S/C26H45NO5/c1-4-6-8-10-11-12-14-16-18-31-26(30)23-19-22(32-21(23)3)20-27-25(29)24(28)17-15-13-9-7-5-2/h19,24,28H,4-18,20H2,1-3H3,(H,27,29)		CCCCCCCCCCOC(=O)c1cc(CNC(=O)C(O)CCCCCCC)oc1C	452.337	1145	19.089	857329962716586422	857316102264878207	857316102264878206	25698	
1	1	-107.899	-6.852		1.000	70.502	C24H38O5	[M - H2O + H]+	C24H37O4+	YCEXUDBRQUOCBY	InChI=1S/C24H38O5/c1-18(2)10-9-13-19(3)11-5-6-12-20(4)16-17-28-23(25)21-14-7-8-15-22(21)24(26)29-27/h7-8,14-15,18-20,27H,5-6,9-13,16-17H2,1-4H3		CC(C)CCCC(C)CCCCC(C)CCOC(=O)c1ccccc1C(=O)OO	389.269	1146	19.092	857329968181764574	857316102311015555	857316102306821250	25703	
1	1	-29.467	-0.032		0.998	38.363	C8H4O3	[M + H]+	C8H5O3+	LGRFSURHDFAFJT	InChI=1S/C8H4O3/c9-7-5-3-1-2-4-6(5)8(10)11-7/h1-4H	Wiltrol P	C1=CC=C2C(=C1)C(=O)OC2=O	149.023	1146	19.103	857329972598367196	857316102348764295	857316102348764294	25723	
1	1	-223.920	-6.526		0.991	67.278	C24H36O5	[M + H]+	C24H37O5+	YDFQDGWPENNHDV	InChI=1S/C24H36O5/c1-5-6-7-8-9-10-13-20(16-18(2)3)29-24(27)22-15-12-11-14-21(22)23(26)28-17-19(4)25/h11-12,14-15,18,20H,5-10,13,16-17H2,1-4H3		CCCCCCCCC(CC(C)C)OC(=O)c1ccccc1C(=O)OCC(C)=O	405.263	1146	19.103	857329978822714371	857316102386513035	857316102386513034	25756	
1	1	-381.245	-6.344		0.999	21.888	C26H43NO5	[M + H]+	C26H44NO5+	LPOPCKPAUMXSAV	InChI=1S/C26H43NO5/c1-4-6-8-10-12-16-20-31-26(29)21-27(25(28)19-13-11-9-7-5-2)23-17-14-15-18-24(23)32-22-30-3/h14-15,17-18H,4-13,16,19-22H2,1-3H3		CCCCCCCCOC(=O)CN(C(=O)CCCCCCC)c1ccccc1OCOC	450.321	1147	19.112	857329984631825476	857316102424261775	857316102424261774	25574	
1	1	-100.441	-0.118		0.999	63.989	C19H38O4	[M + H]+	C19H39O4+	QHZLMUACJMDIAE	InChI=1S/C19H38O4/c1-2-3-4-5-6-7-8-9-10-11-12-13-14-15-19(22)23-17-18(21)16-20/h18,20-21H,2-17H2,1H3	Monopalmitin	CCCCCCCCCCCCCCCC(=O)OCC(CO)O	331.284	1148	19.139	857329981704201229	857316102466204819	857316102466204818	25802	
1	1	-145.666	-6.442		0.726	84.600	C12H20O3	[M + Na]+	C12H20NaO3+	FJUWSPMINXINMF	InChI=1S/C12H20O3/c1-5-15-12(14)8-11(13)7-10(4)6-9(2)3/h5,9-10H,1,6-8H2,2-4H3		C=COC(=O)CC(=O)CC(C)CC(C)C	235.132	1148	19.140	857330005662065742	857316102592033943	857316102592033942	25806	
1	1	-419.095	-7.471		1.000	59.921	C28H49NO5	[M + H]+	C28H50NO5+	HGWFCXDTGHRIKG	InChI=1S/C28H49NO5/c1-5-7-9-11-13-14-16-19-32-21-18-29(25(4)30)23-27-26(22-24(3)34-27)28(31)33-20-17-15-12-10-8-6-2/h22H,5-21,23H2,1-4H3		CCCCCCCCCOCCN(Cc1oc(C)cc1C(=O)OCCCCCCCC)C(C)=O	480.368	1155	19.244	857330128316101220	857316102688502943	857316102688502942	25919	
1	1	-91.096	-7.728		1.000	23.948	C16H33NO	[M + H]+	C16H34NO+	KRWBUQLAFANNPU	InChI=1S/C16H33NO/c1-2-3-4-5-6-7-8-9-10-11-12-14-17-15-13-16-18/h16-17H,2-15H2,1H3		CCCCCCCCCCCCCNCCC=O	256.264	1157	19.289	857330124151157204	857316102726251683	857316102726251682	26018	
1	3	-248.279	-5.666		0.008	8.898	C25H47NO5	[M + Na]+	C25H47NNaO5+	XKPOJVUJCHKQDV	InChI=1S/C25H47NO5/c1-2-3-4-5-8-13-16-20-25(30)31-22-17-21-26-23(27)18-14-11-9-6-7-10-12-15-19-24(28)29/h2-22H2,1H3,(H,26,27)(H,28,29)		CCCCCCCCCC(=O)OCCCNC(=O)CCCCCCCCCCC(=O)O	464.337	1157	19.290	857330116437831961	857316102768194727	857316102768194726	26012	
1	1	-303.075	-9.785		0.983	20.129	C17H32N2O7	[M + H]+	C17H33N2O7+	FSCIDPLXZVBHCI	InChI=1S/C17H32N2O7/c1-3-5-9-18-15(22)17(24,16(23)19-10-6-4-2)26-14(21)8-13-25-12-7-11-20/h20,24H,3-13H2,1-2H3,(H,18,22)(H,19,23)		CCCCNC(=O)C(O)(OC(=O)CCOCCCO)C(=O)NCCCC	377.229	1157	19.291	857330138415986151	857316102805943467	857316102805943466	26013	
1	3	-139.440	-7.131		0.026	30.714	C20H26N6O2	[M + H]+	C20H27N6O2+	HVOCVBQCWWMYKA	InChI=1S/C20H26N6O2/c1-2-10-24-16-17(23-19(24)22-11-14-6-4-3-5-7-14)26(13-21)20(28)25(18(16)27)12-15-8-9-15/h3-7,15H,2,8-13,21H2,1H3,(H,22,23)		CCCn1c(NCc2ccccc2)nc2c1c(=O)n(CC1CC1)c(=O)n2CN	383.222	1158	19.300	857330132418130544	857316102843692207	857316102843692206	26024	
1	2	-301.991	-7.192		0.010	53.987	C21H43N3O7	[M + H]+	C21H44N3O7+	GRSUPGMBDWFICB	InChI=1S/C21H43N3O7/c1-2-3-4-5-6-7-8-9-10-11-22-13-18(28)24-14-19(29)23-12-16(26)20(30)21(31)17(27)15-25/h16-17,20-22,25-27,30-31H,2-15H2,1H3,(H,23,29)(H,24,28)		CCCCCCCCCCCNCC(=O)NCC(=O)NCC(O)C(O)C(O)C(O)CO	450.321	1165	19.419	857330148863997443	857316103007270079	857316103007270078	26187	
1	1	-128.906	-6.753		0.607	8.117	C16H41N7O	[M + H]+	C16H42N7O+	JKRHBSIUOWFTJC	InChI=1S/C16H41N7O/c1-2-3-4-5-8-11-14-19-21-16(24)18-13-10-7-6-9-12-15-20-23-22-17/h16,18-24H,2-15,17H2,1H3		CCCCCCCCNNC(O)NCCCCCCCNNNN	348.347	1167	19.447	857330142333466110	857316103045018819	857316103045018818	26228	
1	1	-43.614	-1.623		1.000	60.516	C18H38O3	[M + H]+	C18H39O3+	WNRNXKWTIJWZFQ	InChI=1S/C18H38O3/c1-2-3-4-5-6-7-8-9-10-11-12-13-15-20-17-18-21-16-14-19/h19H,2-18H2,1H3	2-(2-Tetradecyloxyethoxy)ethanol	CCCCCCCCCCCCCCOCCOCCO	303.289	1167	19.450	857330157248411148	857316103086961863	857316103086961862	26237	
1	1	-107.373	-0.090		1.000	20.583	C17H35NO	[M + H]+	C17H36NO+	JUPNPXMAEGQBTK	InChI=1S/C17H35NO/c1-4-5-6-7-8-9-10-11-12-13-14-15-16-17(19)18(2)3/h4-16H2,1-3H3	n,n-Dimethylpentadecanamide	CCCCCCCCCCCCCCC(=O)N(C)C	270.279	1170	19.507	857330453139781215	857316103128904907	857316103128904906	26338	
1	1	-261.419	-6.154		0.761	30.472	C28H47NO5	[M + H]+	C28H48NO5+	KIBQQDIVQVPMNP	InChI=1S/C28H47NO5/c1-3-5-6-7-8-9-10-11-12-13-14-15-16-21-26(30)29-24-19-20-25-34-28(32)23-18-17-22-27(31)33-4-2/h4H,2-3,5-18,21-25H2,1H3,(H,29,30)		C=COC(=O)CCCCC(=O)OCC#CCNC(=O)CCCCCCCCCCCCCCC	478.353	1172	19.539	857330164408088123	857316103179236559	857316103179236558	26362	
1	1	-137.709	-7.240		1.000	74.684	C27H46O5	[M + H3N + H]+	C27H50NO5+	WQPUIVPUZQYBPT	InChI=1S/C27H46O5/c1-3-4-5-6-7-8-9-10-12-16-21-31-26(28)23-27(29)32-22-17-14-11-13-15-20-30-25-19-18-24(25)2/h18-19H,3-17,20-23H2,1-2H3		CCCCCCCCCCCCOC(=O)CC(=O)OCCCCCCCOC1=CC=C1C	468.368	1174	19.572	857330253939701322	857316103258928343	857316103254734038	26430	
1	1	-118.618	-7.947		1.000	117.974	C25H42O5	[M + H]+	C25H43O5+	VKVRAKKTXPQQMM	InChI=1S/C25H42O5/c1-3-5-7-9-14-18-22-29-23(26)19-15-12-10-13-17-21-25(28)30-24(27)20-16-11-8-6-4-2/h3-15,17-19,21-22H2,1-2H3		CCCCCC#CC(=O)OC(=O)CCCCCCCC(=O)OCCCCCCCC	423.311	1175	19.578	857330343936882251	857316103296677083	857316103296677082	26441	
1	1	-141.425	-6.735		0.811	80.826	C29H50O2	[M + H]+	C29H51O2+	GKCRPWCWOQWNKE	InChI=1S/C29H50O2/c1-18-19-10-16-28(6)22(26(19,4)14-11-20(18)30)8-9-23-27(5)15-13-24(31)25(2,3)21(27)12-17-29(23,28)7/h18-24,30-31H,8-17H2,1-7H3		CC1C(O)CCC2(C)C1CCC1(C)C2CCC2C3(C)CCC(O)C(C)(C)C3CCC21C	431.384	1178	19.630	857330550141451437	857316103426700519	857316103422506214	26479	
1	1	-111.661	-6.330		1.000	163.624	C13H20O2	[M + H3N + H]+	C13H24NO2+	JMBSXFFAHDKZGR	InChI=1S/C13H20O2/c14-13(12-10-6-7-11(10)12)15-8-9-4-2-1-3-5-9/h9-12H,1-8H2		O=C(OCC1CCCCC1)C1C2CCC21	226.180	1178	19.635	857330552553176245	857316103464449259	857316103464449258	26481	
1	16	-226.667	-8.836		0.000	2.995	C20H16N2O4	[M + Na]+	C20H16N2NaO4+	WBMOQKKSUSEAAA	InChI=1S/C20H16N2O4/c23-12-26-17-6-2-1-4-13(17)11-25-18-10-19(24)22-20-14-5-3-9-21-16(14)8-7-15(18)20/h1-10,23H,11-12H2,(H,22,24)		O=c1cc(OCc2ccccc2OCO)c2ccc3ncccc3c2[nH]1	371.101	1186	19.767	857330614385607656	857316103686747391	857316103686747390	26716	
1	2	-242.132	-6.572		0.007	61.139	C26H49NO5	[M + Na]+	C26H49NNaO5+	ONWGDRWRZLSYED	InChI=1S/C26H49NO5/c1-4-7-10-13-15-18-24(28)27-23(21-31-25(29)19-16-12-9-6-3)22-32-26(30)20-17-14-11-8-5-2/h23H,4-22H2,1-3H3,(H,27,28)		CCCCCCCC(=O)NC(COC(=O)CCCCCC)COC(=O)CCCCCCC	478.353	1187	19.776	857330598183011086	857316103825159435	857316103825159434	26686	
1	2	-145.986	-6.677		0.500	153.097	C19H36O3	[M + C2H3N + H]+	C21H40NO3+	KLZKNNAEKQUVRV	InChI=1S/C19H36O3/c1-4-6-7-8-9-10-11-12-13-14-15-16-18(22-5-2)17-19(20)21-3/h5,18H,2,4,6-17H2,1,3H3		C=COC(CCCCCCCCCCCCC)CC(=O)OC	354.300	1190	19.837	857330629657068534	857316103867102479	857316103867102478	26884	
1	1	-176.271	-6.696		1.000	63.726	C25H40O3	[M + H]+	C25H41O3+	OWGBJIBHHMERAI	InChI=1S/C25H40O3/c1-10-11-12-13-14-25(8,9)20-16-18(23(2,3)4)15-19(24(5,6)7)22(20)28-21(27)17-26/h15-17H,10-14H2,1-9H3		CCCCCCC(C)(C)c1cc(C(C)(C)C)cc(C(C)(C)C)c1OC(=O)C=O	389.305	1192	19.868	857330618340836329	857316103909045523	857316103909045522	26920	
1	4	-87.308	-7.034		0.250	153.444	C12H23NO	[M + CH2O2 + H]+	C13H26NO3+	WOCMFUQNLOASEC	InChI=1S/C12H23NO/c13-11-9-7-5-3-1-2-4-6-8-10-12-14/h11-13H,1-10H2	12-Iminododecanal	C(CCCCCC=O)CCCCC=N	244.191	1195	19.909	857330666894100136	857316103950988567	857316103950988566	26960	
1	1	-45.886	-6.493		1.000	68.778	C12H20O	[M + H3N + H]+	C12H24NO+	FRURNBXYEPLXDH	InChI=1S/C12H20O/c13-12(11-5-1-2-6-11)7-3-4-10-8-9-10/h10-11H,1-9H2	1-Cyclopentyl-4-cyclopropylbutan-1-one	C1CCC(C1)C(=O)CCCC2CC2	198.185	1195	19.910	857330669058361191	857316103988737307	857316103988737306	26956	
1	1	-111.838	-7.871		1.000	165.618	C13H22O3	[M - H2O + H]+	C13H21O2+	BPXYJJVTURJKNX	InChI=1S/C13H22O3/c14-12(9-5-6-10-13(15)16)11-7-3-1-2-4-8-11/h11H,1-10H2,(H,15,16)	6-Cycloheptyl-6-oxohexanoic acid	C1CCCC(CC1)C(=O)CCCCC(=O)O	209.154	1195	19.910	857330684833139847	857316104030680351	857316104030680350	26968	
1	2	-198.330	-7.589		0.321	136.551	C24H50N2O4	[M + H]+	C24H51N2O4+	FHXSZFZXEVIXQZ	InChI=1S/C24H50N2O4/c25-23(26(29)30)21-19-17-15-13-11-9-7-5-3-1-2-4-6-8-10-12-14-16-18-20-22-24(27)28/h23,29-30H,1-22,25H2,(H,27,28)		NC(CCCCCCCCCCCCCCCCCCCCCCC(=O)O)N(O)O	431.384	1195	19.910	857330697843870937	857316104072623395	857316104068429090	26961	
1	1	-83.202	-5.995		1.000	187.967	C13H20O2	[M + H3N + H]+	C13H24NO2+	UDJNGODIZVIQAS	InChI=1S/C13H20O2/c14-13(15)12-9-5-4-8-11(12)10-6-2-1-3-7-10/h10H,1-9H2,(H,14,15)		O=C(O)C1=C(C2CCCCC2)CCCC1	226.180	1195	19.913	857330690990378171	857316104114566439	857316104114566438	26965	
1	1	-215.126	-6.089		1.000	119.126	C13H25NO2	[M + H]+	C13H26NO2+	ZJTRTIXINHUPMD	InChI=1S/C13H25NO2/c1-3-12(15)16-11-10-14-13(4-2)8-6-5-7-9-13/h14H,3-11H2,1-2H3		CCC(=O)OCCNC1(CC)CCCCC1	228.196	1195	19.915	857330701522275584	857316104156509483	857316104152315178	26970	
1	1	-132.028	-8.728		1.000	29.937	C22H43NO2	[M + H]+	C22H44NO2+	OTQPPTBFMMAMHJ	InChI=1S/C22H43NO2/c1-3-5-7-12-16-21(15-11-6-4-2)17-13-9-8-10-14-18-22(25)23-19-20-24/h15,24H,3-14,16-20H2,1-2H3,(H,23,25)		CCCCC=C(CCCCCC)CCCCCCCC(=O)NCCO	354.337	1197	19.955	857330690818411703	857316104194258223	857316104194258222	27038	
1	1	-154.785	-6.538		0.999	31.871	C23H42O4	[M + H]+	C23H43O4+	MMHLPAUVXJLGPN	InChI=1S/C23H42O4/c1-3-5-7-9-10-11-13-18-22(25)20-27-23(26)19-15-14-17-21(24)16-12-8-6-4-2/h3-20H2,1-2H3		CCCCCCCCCC(=O)COC(=O)CCCCC(=O)CCCCCC	383.316	1200	19.998	857330699106356457	857316104236201267	857316104236201266	27073	
1	1	-70.484	-4.105		1.000	69.969	C24H38O5	[M + H]+	C24H39O5+	FNBFFOZWNOQHOM	InChI=1S/C24H38O5/c1-4-7-12-19(5-2)17-28-23(26)21-14-8-9-15-22(21)24(27)29-18-20(6-3)13-10-11-16-25/h8-9,14-15,19-20,25H,4-7,10-13,16-18H2,1-3H3		CCCCC(CC)COC(=O)c1ccccc1C(=O)OCC(CC)CCCCO	407.279	1203	20.056	857330692299001027	857316104282338615	857316104278144310	27164	
1	1	-240.735	-8.614		0.968	38.336	C28H47NO5	[M + H]+	C28H48NO5+	CBEPGNUXMCXZKI	InChI=1S/C28H47NO5/c1-3-5-7-10-14-20-26(30)29-23-17-19-25-34-28(32)22-16-12-9-11-15-21-27(31)33-24-18-13-8-6-4-2/h13,18H,3-12,14-16,20-25H2,1-2H3,(H,29,30)		CCCCC=CCOC(=O)CCCCCCCC(=O)OCC#CCNC(=O)CCCCCCC	478.353	1213	20.208	857330696354893006	857316104374613311	857316104370419006	27446	
1	2	-203.350	-7.390		0.024	66.348	C36H68O10	[M + Na]+	C36H68NaO10+	WTNCEKWSESJAPK	InChI=1S/C36H68O10/c1-5-8-11-13-15-17-20-23-35(39)45-32(27-42-26-31(25-37)41-4)28-43-29-33(30-44-34(38)22-19-10-7-3)46-36(40)24-21-18-16-14-12-9-6-2/h31-33,37H,5-30H2,1-4H3		CCCCCCCCCC(=O)OC(COCC(CO)OC)COCC(COC(=O)CCCCC)OC(=O)CCCCCCCCC	683.472	1213	20.213	857330708791004419	857316104416556355	857316104416556354	27322	
1	4	-95.254	-7.365		0.012	20.310	C22H49N5	[M + Na]+	C22H49N5Na+	HZBAMMFXYOZYKS	InChI=1S/C22H49N5/c1-2-3-4-5-6-7-8-9-10-11-12-15-18-21-25-27-26-22-19-16-13-14-17-20-24-23/h24H,2-23H2,1H3,(H,25,26)		CCCCCCCCCCCCCCCN=NNCCCCCCCNN	406.389	1213	20.220	857330701388057855	857316104466888007	857316104462693702	27433	
1	1	-140.840	-8.677		1.000	73.534	C21H44O4	[M + H]+	C21H45O4+	XMNXDXZRIVCNRN	InChI=1S/C21H44O4/c1-2-3-4-5-6-7-8-9-10-11-12-13-14-15-16-21(18-23)25-19-20(24)17-22/h20-24H,2-19H2,1H3	3-(1-Hydroxyoctadecan-2-yloxy)propane-1,2-diol	CCCCCCCCCCCCCCCCC(CO)OCC(CO)O	361.331	1213	20.220	857330699299294451	857316104504636747	857316104504636746	27439	
1	3	-182.545	-7.189		0.030	56.528	C34H64O10	[M + Na]+	C34H64NaO10+	GSIMSXDVYNTICJ	InChI=1S/C34H64O10/c1-5-8-10-12-14-16-18-21-33(37)43-30(25-40-24-29(23-35)39-4)26-41-27-31(28-42-32(36)20-7-3)44-34(38)22-19-17-15-13-11-9-6-2/h29-31,35H,5-28H2,1-4H3		CCCCCCCCCC(=O)OC(COCC(CO)OC)COCC(COC(=O)CCC)OC(=O)CCCCCCCCC	655.441	1220	20.328	857330777988632913	857316104592717139	857316104592717138	27527	
1	2	-42.784	-2.354		0.500	90.433	C18H36O3	[M - H2O + H]+	C18H35O2+	ULQISTXYYBZJSJ	InChI=1S/C18H36O3/c1-2-3-4-11-14-17(19)15-12-9-7-5-6-8-10-13-16-18(20)21/h17,19H,2-16H2,1H3,(H,20,21)	Harwax A	CCCCCCC(CCCCCCCCCCC(=O)O)O	283.263	1224	20.395	857330758980047178	857316104680797531	857316104680797530	27683	
1	1	-12.267	-0.154		0.999	56.307	C21H26O3	[M + H]+	C21H27O3+	QUAMTGJKVDWJEQ	InChI=1S/C21H26O3/c1-2-3-4-5-6-10-15-24-18-13-14-19(20(22)16-18)21(23)17-11-8-7-9-12-17/h7-9,11-14,16,22H,2-6,10,15H2,1H3	Benzon OO	CCCCCCCCOC1=CC(=C(C=C1)C(=O)C2=CC=CC=C2)O	327.195	1225	20.422	857330798666551643	857316104718546271	857316104718546270	27731	
1	2	-209.418	-7.666		0.032	65.069	C36H68O10	[M + Na]+	C36H68NaO10+	WTNCEKWSESJAPK	InChI=1S/C36H68O10/c1-5-8-11-13-15-17-20-23-35(39)45-32(27-42-26-31(25-37)41-4)28-43-29-33(30-44-34(38)22-19-10-7-3)46-36(40)24-21-18-16-14-12-9-6-2/h31-33,37H,5-30H2,1-4H3		CCCCCCCCCC(=O)OC(COCC(CO)OC)COCC(COC(=O)CCCCC)OC(=O)CCCCCCCCC	683.472	1226	20.436	857331053176918809	857316104764683619	857316104764683618	27707	
1	5	-130.086	-6.678		0.000	55.760	C40H59FO6	[M + H]+	C40H60FO6+	XTUDRGTUPXQTBL	InChI=1S/C40H59FO6/c1-3-5-7-9-10-11-12-13-14-15-16-17-18-19-20-21-22-23-25-27-31-38(42)45-35-37(36-46-39(43)32-29-26-30-34-41)47-40(44)33-28-24-8-6-4-2/h37H,3-11,20-36H2,1-2H3		CCCCCCCC#CC#CC#CC#CCCCCCCCC(=O)OCC(COC(=O)CCCCCF)OC(=O)CCCCCCC	655.441	1229	20.485	857331090237793924	857316104856958315	857316104856958314	27797	
1	1	-205.787	-7.074		0.977	76.241	C38H66O10	[M + H]+	C38H67O10+	MRKVCWFSWHCPEE	InChI=1S/C38H66O10/c1-4-7-10-13-19-24-29-44-34(39)25-21-17-14-18-22-27-36(41)47-32-38(43)46-31-33(48-37(42)28-23-16-12-9-6-3)30-45-35(40)26-20-15-11-8-5-2/h19,24,33H,4-18,20-23,25-32H2,1-3H3		CCCCCC=CCOC(=O)CCCCCCCC(=O)OCC(=O)OCC(COC(=O)CCCCCCC)OC(=O)CCCCCCC	683.472	1234	20.564	857331090309097100	857316104949233011	857316104949233010	27935	
1	1	-117.568	-4.244		1.000	133.503	C20H39NO	[M + H]+	C20H40NO+	ZBUOWIRGEWBQOC	InChI=1S/C20H39NO/c1-2-3-4-5-6-7-8-9-10-11-12-13-14-15-16-17-18-19-20(21)22/h13-14H,2-12,15-19H2,1H3,(H2,21,22)		CCCCCCCCCCCCC=CCCCCCC(N)=O	310.310	1235	20.580	857331090250376842	857316104995370359	857316104991176054	27963	
1	1	-95.950	-3.879		1.000	55.062	C20H41NO	[M + H]+	C20H42NO+	OOCSVLHOTKHEFZ	InChI=1S/C20H41NO/c1-2-3-4-5-6-7-8-9-10-11-12-13-14-15-16-17-18-19-20(21)22/h2-19H2,1H3,(H2,21,22)	Icosanamide	CCCCCCCCCCCCCCCCCCCC(=O)N	312.326	1239	20.649	857331099205216578	857316105079256447	857316105079256446	28051	
1	4	-218.336	-8.124		0.019	4.550	C30H59N3O2	[M + K]+	C30H59KN3O2+	ROLDMPWXNRBAMM	InChI=1S/C30H59N3O2/c1-5-9-13-15-16-18-23-32(22-12-8-4)30(35)27-33(24-17-14-10-6-2)29(34)26-31(21-11-7-3)25-28-19-20-28/h28H,5-27H2,1-4H3		CCCCCCCCN(CCCC)C(=O)CN(CCCCCC)C(=O)CN(CCCC)CC1CC1	532.421	1241	20.689	857331105798662484	857316105125393795	857316105125393794	28117	
1	5	-187.361	-7.148		0.000	63.206	C37H73O6P	[M + K]+	C37H73KO6P+	OOPBAWYRSUFBCM	InChI=1S/C37H73O6P/c1-5-8-11-14-17-20-23-26-29-32-44(4,40)42-34-35(43-37(39)31-28-25-22-19-16-13-10-7-3)33-41-36(38)30-27-24-21-18-15-12-9-6-2/h35H,5-34H2,1-4H3		CCCCCCCCCCCP(C)(=O)OCC(COC(=O)CCCCCCCCCC)OC(=O)CCCCCCCCCC	683.472	1244	20.729	857331123884501561	857316105171531143	857316105171531142	28166	
1	2	-141.511	-7.467		0.080	64.323	C43H58O5	[M + H]+	C43H59O5+	DETBLXQQPWHWJD	InChI=1S/C43H58O5/c1-4-7-10-13-15-17-19-20-21-22-23-24-25-27-29-32-35-38-46-39-41(48-43(45)37-34-30-12-9-6-3)40-47-42(44)36-33-31-28-26-18-16-14-11-8-5-2/h7,10,41H,4-6,8-9,11-12,14,16,18,26-34,36-37,39-40H2,1-3H3		CCC=CC#CC#CC#CC#CC#CCCCC#COCC(COC(=O)CCCCCCCCCCCC)OC(=O)CCCCCCC	655.441	1245	20.747	857331126405278371	857316105263805839	857316105263805838	28164	
1	1	-60.645	-6.015		1.000	237.897	C22H40O	[M + H3N + H]+	C22H44NO+	YPBQOMARIWGTSG	InChI=1S/C22H40O/c1-2-3-4-5-6-7-8-9-10-11-12-13-14-15-16-17-18-19-20-21-22-23/h9-10,21H,2-8,11-20H2,1H3		CCCCCCCCC=CCCCCCCCCCCC=C=O	338.342	1246	20.766	857331101692438852	857316105309943187	857316105305748882	28269	
1	2	-65.439	-5.825		0.073	33.652	C22H39O4P	[M + H]+	C22H40O4P+	QLCIHPPOCKDOAB	InChI=1S/C22H39O4P/c1-2-3-4-5-6-7-8-9-10-11-12-13-14-15-16-17-18-19-20-21-22-26-27(23,24)25/h2-9,14-22H2,1H3,(H2,23,24,25)		CCCCCCCCCC#CC#CCCCCCCCCCOP(=O)(O)O	399.266	1247	20.777	857331104355821895	857316105368663447	857316105364469142	28237	
1	1	-144.368	-5.357		0.885	27.872	C26H47NO2	[M + K]+	C26H47KNO2+	KYJVVBVZVHTAEN	InChI=1S/C26H47NO2/c1-2-3-4-5-6-7-8-9-10-11-12-13-14-15-16-17-21-27-22-20-24-18-19-25(28)26(29)23-24/h18-19,23,27-29H,2-17,20-22H2,1H3	4-[2-(Octadecylamino)ethyl]benzene-1,2-diol	CCCCCCCCCCCCCCCCCCNCCC1=CC(=C(C=C1)O)O	444.324	1247	20.777	857331140355536424	857316105406412187	857316105406412186	28234	
1	5	-203.676	-6.499		0.000	57.340	C37H73O6P	[M + K]+	C37H73KO6P+	IYBNGUOZKRYABH	InChI=1S/C37H73O6P/c1-5-8-11-14-17-20-22-25-28-31-37(39)43-35(33-41-36(38)30-27-24-21-18-15-12-9-6-2)34-42-44(4,40)32-29-26-23-19-16-13-10-7-3/h35H,5-34H2,1-4H3		CCCCCCCCCCCC(=O)OC(COC(=O)CCCCCCCCCC)COP(C)(=O)CCCCCCCCCC	683.472	1252	20.858	857331167417186799	857316105666459055	857316105666459054	28402	
1	1	-236.396	-11.766		0.970	43.532	C30H54O8	[M + H]+	C30H55O8+	OZTYFCYDSRBPTN	InChI=1S/C30H54O8/c1-21(2)11-8-13-24(6)19-37-29(34)26(30(35)38-20-25(7)14-9-12-22(3)4)16-10-15-23(5)18-36-28(33)17-27(31)32/h21-26H,8-20H2,1-7H3,(H,31,32)		CC(C)CCCC(C)COC(=O)C(CCCC(C)COC(=O)CC(=O)O)C(=O)OCC(C)CCCC(C)C	543.390	1252	20.871	857331214154316306	857316105704207795	857316105704207794	28377	
1	1	-216.924	-11.952		1.000	52.552	C30H54O8	[M + H3N + H]+	C30H58NO8+	BLOVBDQEHXBOEO	InChI=1S/C30H54O8/c1-8-13-18-24(19-14-9-2)37-29(33)26(28(32)35-22(6)17-12-5)27(36-23(7)31)30(34)38-25(20-15-10-3)21-16-11-4/h22,24-27H,8-21H2,1-7H3		CCCCC(CCCC)OC(=O)C(OC(C)=O)C(C(=O)OC(C)CCC)C(=O)OC(CCCC)CCCC	560.416	1252	20.872	857331198350178805	857316105741956535	857316105741956534	28385	
1	1	-378.602	-13.101		0.940	31.098	C32H61NO8	[M + H]+	C32H62NO8+	FLRBVAYCJLORTL	InChI=1S/C32H61NO8/c1-9-22(4)15-11-10-12-16-23(5)17-13-14-18-27(36)29(19-21(2)3)41-31(38)24(6)33-30(37)20-28(25(7)34)40-32(39)26(8)35/h21-29,34-36H,9-20H2,1-8H3,(H,33,37)		CCC(C)CCCCCC(C)CCCCC(O)C(CC(C)C)OC(=O)C(C)NC(=O)CC(OC(=O)C(C)O)C(C)O	588.447	1252	20.874	857331212635978245	857316105783899579	857316105783899578	28380	
1	1	-125.349	-9.313		1.000	20.185	C19H39NO	[M + H]+	C19H40NO+	DGXVVKQVIBFADU	InChI=1S/C19H39NO/c1-2-3-4-5-6-7-8-9-10-11-12-13-14-15-16-17-18-19-20-21/h2-19H2,1H3	Nonadecyl(oxo)azanium	CCCCCCCCCCCCCCCCCCCN=O	298.310	1253	20.883	857331213856520720	857316105830036927	857316105830036926	28387	
1	2	-144.360	-7.467		0.101	65.595	C43H58O5	[M + H]+	C43H59O5+	DETBLXQQPWHWJD	InChI=1S/C43H58O5/c1-4-7-10-13-15-17-19-20-21-22-23-24-25-27-29-32-35-38-46-39-41(48-43(45)37-34-30-12-9-6-3)40-47-42(44)36-33-31-28-26-18-16-14-11-8-5-2/h7,10,41H,4-6,8-9,11-12,14,16,18,26-34,36-37,39-40H2,1-3H3		CCC=CC#CC#CC#CC#CC#CCCCC#COCC(COC(=O)CCCCCCCCCCCC)OC(=O)CCCCCCC	655.441	1254	20.893	857331609182256642	857316105922311623	857316105922311622	28431	
1	4	-87.679	-6.766		0.003	35.151	C11H22N4	[M + K]+	C11H22KN4+	PBKWPJTUMHASOQ	InChI=1S/C11H22N4/c1-3-5-6-7-8-9-15-10(4-2)13-14-11(15)12/h3-9H2,1-2H3,(H2,12,14)		CCCCCCCn1c(N)nnc1CC	249.148	1259	20.980	857331608326618618	857316106056529363	857316106052335058	28556	
1	1	-15.289	-0.851		1.000	179.268	C24H47NO	[M + H]+	C24H48NO+	FXUDPARCGRIVON	InChI=1S/C24H47NO/c1-2-3-4-5-6-7-8-9-10-11-12-13-14-15-16-17-18-19-20-21-22-23-24(25)26/h9-10H,2-8,11-23H2,1H3,(H2,25,26)	Nervonamide	CCCCCCCCC=CCCCCCCCCCCCCCC(=O)N	366.373	1264	21.062	857331604941815284	857316106140415451	857316106140415450	28688	
1	1	-307.236	-7.720		1.000	52.763	C28H44N4O3	[M + H3N + H]+	C28H48N5O3+	SOSCYGNKJNTQPO	InChI=1S/C28H44N4O3/c1-4-6-8-10-11-12-17-21-27(34)32(24-18-14-13-15-19-24)22-25(28-31-30-23(3)35-28)29-26(33)20-16-9-7-5-2/h13-15,18-19,25H,4-12,16-17,20-22H2,1-3H3,(H,29,33)		CCCCCCCCCC(=O)N(CC(NC(=O)CCCCCC)c1nnc(C)o1)c1ccccc1	502.374	1264	21.063	857331638626270985	857316106178164191	857316106178164190	28694	
1	1	-197.644	-9.633		0.500	54.851	C29H55NO7	[M + H]+	C29H56NO7+	USXQPTYXBBPDGR	InChI=1S/C29H55NO7/c1-4-7-10-13-16-19-25(18-15-12-9-6-3)36-28(33)21-26(37-29(34)22-30)23-35-27(32)20-24(31)17-14-11-8-5-2/h24-26,31H,4-23,30H2,1-3H3		CCCCCCCC(CCCCCC)OC(=O)CC(COC(=O)CC(O)CCCCCC)OC(=O)CN	530.405	1264	21.065	857331616048332299	857316106224301539	857316106224301538	28697	
1	1	-101.906	-8.378		1.000	30.515	C18H37NO	[M + H]+	C18H38NO+	BQNLTGRONAGWOT	InChI=1S/C18H37NO/c1-3-4-5-6-7-8-9-10-11-12-13-14-15-16-17-18-19(2)20/h2-18H2,1H3	N-heptadecylmethanimine oxide	CCCCCCCCCCCCCCCCC[N+](=C)[O-]	284.295	1271	21.188	857331666212208405	857316106358519279	857316106358519278	28929	
1	1	-109.176	-0.233		1.000	69.077	C20H41NO	[M + H]+	C20H42NO+	MEBZVMXZXFKHJS	InChI=1S/C20H41NO/c1-4-7-8-9-10-11-12-13-14-15-16-17-18-19-20(22)21(5-2)6-3/h4-19H2,1-3H3	N,N-Diethylhexadecan-1-amide	CCCCCCCCCCCCCCCC(=O)N(CC)CC	312.326	1274	21.232	857331640618565395	857316106408850931	857316106408850930	28969	
1	3	-150.955	-9.889		0.126	43.329	C28H49NO6S5	[M + H]+	C28H50NO6S5+	XJEADONJNFRKFJ	InChI=1S/C28H49NO6S5/c1-3-5-7-9-11-12-13-14-16-17-20-34-25(30)19-22-37-28(40(32,33)39-27(36)23-29)38-24-26(31)35-21-18-15-10-8-6-4-2/h28H,3-22,24H2,1-2H3		CCCCCCCCCCCCOC(=O)CCSC(SCC(=O)OCCCCCCCC)S(=O)(=O)SC(=S)C#N	656.226	1279	21.310	857331875793195170	857316106463376887	857316106459182582	29071	
1	30	-182.410	-7.833		0.000	3.783	C20H16N2O4	[M + Na]+	C20H16N2NaO4+	KNZYBJXJQSMGOO	InChI=1S/C20H16N2O4/c1-25-11-26-18-17(13-7-3-5-9-16(13)22-20(18)24)14-10-12-6-2-4-8-15(12)21-19(14)23/h2-10H,11H2,1H3,(H,21,23)(H,22,24)		COCOc1c(-c2cc3ccccc3[nH]c2=O)c2ccccc2[nH]c1=O	371.101	1279	21.314	857331802778751075	857316106513708539	857316106513708538	29072	
1	11	-117.851	-1.546		0.000	18.226	C27H30O16	[M + H3N + H]+	C27H34NO16+	QCVPRHKLLVFRHV	InChI=1S/C27H30O16/c28-7-17-20(34)22(36)24(38)26(41-17)43-25-23(37)21(35)18(8-29)42-27(25)39-10-4-13(32)19-14(33)6-15(40-16(19)5-10)9-1-2-11(30)12(31)3-9/h1-6,17-18,20-32,34-38H,7-8H2	Luteolin 7-Allosyl-(1->2)-Glucoside	C1=CC(=C(C=C1C2=CC(=O)C3=C(C=C(C=C3O2)OC4C(C(C(C(O4)CO)O)O)OC5C(C(C(C(O5)CO)O)O)O)O)O)O	628.194	1279	21.314	857332798812705739	857316106568234495	857316106568234494	29086	
1	1	-159.471	-6.602		1.000	57.092	C29H55NO7	[M + H]+	C29H56NO7+	TWJIHGUAXWFGGB	InChI=1S/C29H55NO7/c1-4-6-8-10-11-13-16-20-27(31)34-23-26(36-29(33)22-17-12-9-7-5-2)24-35-28(32)21-18-14-15-19-25(3)37-30/h25-26H,4-24,30H2,1-3H3		CCCCCCCCCC(=O)OCC(COC(=O)CCCCCC(C)ON)OC(=O)CCCCCCC	530.405	1279	21.317	857331772474903529	857316106673092103	857316106673092102	29104	
1	1	-69.092	-8.212		1.000	165.741	C22H43NO	[M + H]+	C22H44NO+	ZRILEPHQBQWTRV	InChI=1S/C22H43NO/c1-3-4-5-6-7-8-9-10-12-15-18-21(2)19-16-13-11-14-17-20-22(23)24/h2-20H2,1H3,(H2,23,24)		C=C(CCCCCCCCCCCC)CCCCCCCC(N)=O	338.342	1291	21.511	857331755840293844	857316106756978191	857316106756978190	29420	
1	1	-50.999	-6.271		1.000	92.218	C22H42O4	[M + H]+	C22H43O4+	QQJODWGIDYWBTC	InChI=1S/C22H42O4/c1-6-10-12-19(8-3)16-25-21(23)14-18(5)15-22(24)26-17-20(9-4)13-11-7-2/h18-20H,6-17H2,1-5H3	Bis(2-ethylhexyl) 3-methylpentanedioate	CCCCC(CC)COC(=O)CC(C)CC(=O)OCC(CC)CCCC	371.316	1298	21.632	857331725419006553	857316106798921235	857316106798921234	29582	
1	2	-54.089	-3.009		0.333	175.088	C23H45NO2	[M - H2O + H]+	C23H44NO+	NQSKJYJGCBQBBJ	InChI=1S/C23H45NO2/c1-2-3-4-5-6-7-8-9-10-11-12-13-14-15-16-17-18-19-20-23(26)24-21-22-25/h9-10,25H,2-8,11-22H2,1H3,(H,24,26)		CCCCCCCCC=CCCCCCCCCCCC(=O)NCCO	350.342	1304	21.737	857331769526307809	857316106920556063	857316106920556062	29660	
1	1	-44.735	-1.259		1.000	64.932	C14H26O4	[M + H]+	C14H27O4+	XTJFFFGAUHQWII	InChI=1S/C14H26O4/c1-3-5-11-17-13(15)9-7-8-10-14(16)18-12-6-4-2/h3-12H2,1-2H3	Cetiol B	CCCCOC(=O)CCCCC(=O)OCCCC	259.191	1309	21.811	857331779517139958	857316106962499107	857316106962499106	29738	
1	1	-338.959	-6.289		1.000	58.967	C24H49NO4	[M + H]+	C24H50NO4+	GZFYFGNKSVQZRP	InChI=1S/C24H49NO4/c1-4-7-8-9-10-11-12-13-14-17-20-27-21-18-15-16-19-23(26)25-22-24(28-5-2)29-6-3/h24H,4-22H2,1-3H3,(H,25,26)		CCCCCCCCCCCCOCCCCCC(=O)NCC(OCC)OCC	416.373	1309	21.817	857331786282553384	857316107004442151	857316107000247846	29791	
1	1	-40.618	-1.383		1.000	83.161	C22H42O4	[M + H3N + H]+	C22H46NO4+	SAOKZLXYCUGLFA	InChI=1S/C22H42O4/c1-5-9-13-19(7-3)17-25-21(23)15-11-12-16-22(24)26-18-20(8-4)14-10-6-2/h19-20H,5-18H2,1-4H3	Mollan S	CCCCC(CC)COC(=O)CCCCC(=O)OCC(CC)CCCC	388.342	1309	21.817	857331795057037372	857316107042190891	857316107042190890	29780	
1	1	-41.178	-1.451		1.000	102.491	C22H42O4	[M + H]+	C22H43O4+	SAOKZLXYCUGLFA	InChI=1S/C22H42O4/c1-5-9-13-19(7-3)17-25-21(23)15-11-12-16-22(24)26-18-20(8-4)14-10-6-2/h19-20H,5-18H2,1-4H3	Mollan S	CCCCC(CC)COC(=O)CCCCC(=O)OCC(CC)CCCC	371.315	1309	21.818	857331788320985138	857316107109299759	857316107109299758	29793	
1	2	-250.392	-6.614		0.006	64.529	C20H41N3O3	[M + H]+	C20H42N3O3+	LTIFIPAOZNSGBL	InChI=1S/C20H41N3O3/c1-7-9-11-13-23(14-12-10-8-2)20(25)18(16(5)6)21-19(24)17(22-26)15(3)4/h15-18,22,26H,7-14H2,1-6H3,(H,21,24)		CCCCCN(CCCCC)C(=O)C(NC(=O)C(NO)C(C)C)C(C)C	372.319	1309	21.818	857332114566533405	857316107197380147	857316107197380146	29701	
1	1	-100.535	-0.049		1.000	41.611	C22H45NO	[M + H]+	C22H46NO+	ORAWFNKFUWGRJG	InChI=1S/C22H45NO/c1-2-3-4-5-6-7-8-9-10-11-12-13-14-15-16-17-18-19-20-21-22(23)24/h2-21H2,1H3,(H2,23,24)	docosanamide	CCCCCCCCCCCCCCCCCCCCCC(=O)N	340.357	1310	21.829	857332121629741351	857316107348375095	857316107348375094	29816	
1	1	-120.560	-8.114		1.000	75.408	C21H40O2	[M + H]+	C21H41O2+	SEGDMWUAQSKOLS	InChI=1S/C21H40O2/c1-2-3-4-5-6-7-8-9-10-11-12-13-14-15-16-17-18-19-20-21-23-22/h22H,2-18,21H2,1H3		CCCCCCCCCCCCCCCCCCC#CCOO	325.310	1322	22.030	857332063798677785	857316107402901051	857316107402901050	30020	
1	1	-61.689	-5.925		1.000	225.663	C22H40O	[M + H3N + H]+	C22H44NO+	YPBQOMARIWGTSG	InChI=1S/C22H40O/c1-2-3-4-5-6-7-8-9-10-11-12-13-14-15-16-17-18-19-20-21-22-23/h9-10,21H,2-8,11-20H2,1H3		CCCCCCCCC=CCCCCCCCCCCC=C=O	338.342	1331	22.178	857332380393132483	857316107495175743	857316107495175742	30216	
1	1	-17.666	-0.825		1.000	239.750	C24H47NO	[M + H]+	C24H48NO+	FXUDPARCGRIVON	InChI=1S/C24H47NO/c1-2-3-4-5-6-7-8-9-10-11-12-13-14-15-16-17-18-19-20-21-22-23-24(25)26/h9-10H,2-8,11-23H2,1H3,(H2,25,26)	Nervonamide	CCCCCCCCC=CCCCCCCCCCCCCCC(=O)N	366.373	1334	22.231	857332498886415232	857316107549701699	857316107549701698	30283	
1	3	-98.703	-7.071		0.118	24.537	C14H27N5OS2	[M + Na]+	C14H27N5NaOS2+	GTFOCBBZGYZALD	InChI=1S/C14H27N5OS2/c1-3-5-7-8-9-10-11-21-14(20)15-13-16-18-19(17-13)22-12-6-4-2/h3-12H2,1-2H3,(H,15,17,20)		CCCCCCCCSC(=O)Nc1nnn(SCCCC)n1	368.153	1334	22.236	857332493354128248	857316107595839047	857316107595839046	30274	
1	1	-62.088	-6.620		1.000	75.769	C29H52O7	[M + H3N + H]+	C29H56NO7+	CVADQECSZBFBPZ	InChI=1S/C29H52O7/c1-4-7-10-13-16-19-25(30)22-29(33)35-24-26(36-28(32)21-18-15-12-9-6-3)23-34-27(31)20-17-14-11-8-5-2/h26H,4-24H2,1-3H3		CCCCCCCC(=O)CC(=O)OCC(COC(=O)CCCCCCC)OC(=O)CCCCCCC	530.406	1337	22.290	857332508147438477	857316107633587787	857316107633587786	30325	
1	1	-86.426	-5.624		0.911	58.366	C31H56O7	[M + H3N + H]+	C31H60NO7+	SGKWUDKAXVWQDL	InChI=1S/C31H56O7/c1-4-6-8-10-12-14-18-22-29(33)36-25-28(26-37-30(34)23-20-16-17-21-27(3)32)38-31(35)24-19-15-13-11-9-7-5-2/h28H,4-26H2,1-3H3		CCCCCCCCCC(=O)OCC(COC(=O)CCCCCC(C)=O)OC(=O)CCCCCCCCC	558.436	1339	22.316	857332498940941187	857316107671336527	857316107671336526	30380	
1	3	-177.142	-8.779		0.014	10.413	C29H45N5	[M + H]+	C29H46N5+	BGBFQNZZFLPSOO	InChI=1S/C29H45N5/c1-3-5-7-9-10-11-12-13-14-15-17-19-25-30-29-33-31-28(32-34-29)27-23-21-26(22-24-27)20-18-16-8-6-4-2/h21-24H,3-17,19,25H2,1-2H3,(H,30,33,34)		CCCCCC#Cc1ccc(-c2nnc(NCCCCCCCCCCCCCC)nn2)cc1	464.373	1357	22.617	857332798200337336	857316107713279571	857316107709085266	30622	
1	1	-22.228	-3.238		1.000	38.901	C26H42O4	[M + H]+	C26H43O4+	WSLDDBKNCOLXER	InChI=1S/C26H42O4/c1-20(2)12-7-6-10-18-29-25(27)23-15-8-9-16-24(23)26(28)30-19-17-22(5)14-11-13-21(3)4/h8-9,15-16,20-22H,6-7,10-14,17-19H2,1-5H3		CC(C)CCCCCOC(=O)c1ccccc1C(=O)OCCC(C)CCCC(C)C	419.315	1361	22.676	857333152107323034	857316107893634659	857316107893634658	30715	
1	1	-97.498	-1.174		1.000	29.232	C22H45NO	[M + H]+	C22H46NO+	ORAWFNKFUWGRJG	InChI=1S/C22H45NO/c1-2-3-4-5-6-7-8-9-10-11-12-13-14-15-16-17-18-19-20-21-22(23)24/h2-21H2,1H3,(H2,23,24)	docosanamide	CCCCCCCCCCCCCCCCCCCCCC(=O)N	340.357	1368	22.793	857333149901119128	857316107931383399	857316107931383398	30795	
1	1	-28.480	-5.769		0.995	67.890	C26H42O4	[M + H]+	C26H43O4+	GJGFBBDUHSRRFS	InChI=1S/C26H42O4/c1-20(2)12-6-7-14-22(5)17-19-30-26(28)24-16-9-8-15-23(24)25(27)29-18-11-10-13-21(3)4/h8-9,15-16,20-22H,6-7,10-14,17-19H2,1-5H3		CC(C)CCCCOC(=O)c1ccccc1C(=O)OCCC(C)CCCCC(C)C	419.315	1371	22.853	857333158025485998	857316107985909355	857316107985909354	30836	
1	1	-28.527	-5.769		0.995	67.842	C26H42O4	[M + H]+	C26H43O4+	GJGFBBDUHSRRFS	InChI=1S/C26H42O4/c1-20(2)12-6-7-14-22(5)17-19-30-26(28)24-16-9-8-15-23(24)25(27)29-18-11-10-13-21(3)4/h8-9,15-16,20-22H,6-7,10-14,17-19H2,1-5H3		CC(C)CCCCOC(=O)c1ccccc1C(=O)OCCC(C)CCCCC(C)C	419.315	1378	22.963	857333203776954073	857316108111738487	857316108111738486	30934	
1	1	-34.528	-1.404		1.000	158.823	C24H47NO	[M + H]+	C24H48NO+	FXUDPARCGRIVON	InChI=1S/C24H47NO/c1-2-3-4-5-6-7-8-9-10-11-12-13-14-15-16-17-18-19-20-21-22-23-24(25)26/h9-10H,2-8,11-23H2,1H3,(H2,25,26)	Nervonamide	CCCCCCCCC=CCCCCCCCCCCCCCC(=O)N	366.373	1386	23.100	857333242746234205	857316108157875835	857316108153681530	31082	
1	1	-27.106	-3.125		1.000	30.817	C26H42O4	[M + H]+	C26H43O4+	WSLDDBKNCOLXER	InChI=1S/C26H42O4/c1-20(2)12-7-6-10-18-29-25(27)23-15-8-9-16-24(23)26(28)30-19-17-22(5)14-11-13-21(3)4/h8-9,15-16,20-22H,6-7,10-14,17-19H2,1-5H3		CC(C)CCCCCOC(=O)c1ccccc1C(=O)OCCC(C)CCCC(C)C	419.316	1398	23.292	857333249075438945	857316108195624575	857316108195624574	31261	
1	1	-33.022	-3.011		1.000	53.536	C27H44O4	[M + H]+	C27H45O4+	CCAFFEIZYRCQAT	InChI=1S/C27H44O4/c1-21(2)13-8-6-7-11-19-30-26(28)24-16-9-10-17-25(24)27(29)31-20-18-23(5)15-12-14-22(3)4/h9-10,16-17,21-23H,6-8,11-15,18-20H2,1-5H3		CC(C)CCCCCCOC(=O)c1ccccc1C(=O)OCCC(C)CCCC(C)C	433.331	1399	23.313	857333249750721899	857316108233373315	857316108233373314	31268	
1	1	-74.231	-5.732		1.000	86.777	C25H48O4	[M + H]+	C25H49O4+	PFDJACLIIWBXAO	InChI=1S/C25H48O4/c1-3-5-7-8-9-10-11-12-16-19-23-29-25(27)21-18-15-13-14-17-20-24(26)28-22-6-4-2/h3-23H2,1-2H3		CCCCCCCCCCCCOC(=O)CCCCCCCC(=O)OCCCC	413.363	1411	23.519	857333253877917045	857316108275316359	857316108275316358	31452	
1	2	-237.484	-6.570		0.037	15.739	C31H55NO	[M + Na]+	C31H55NNaO+	GJONYHPWUYOZQC	InChI=1S/C31H55NO/c1-3-5-6-7-8-9-10-11-12-13-14-15-16-17-18-19-20-21-22-23-24-25-26-27-28-29-30-31(33)32-4-2/h3-17,22-30H2,1-2H3,(H,32,33)		CCCCCCCCCCCCCCCC#CC#CCCCCCCCCCC(=O)NCC	480.418	1421	23.675	857333339492050512	857316108317259403	857316108317259402	31572	
1	1	-216.897	-8.507		0.999	13.728	C31H46O	[M + H]+	C31H47O+	VEHVOFYOXUUEAF	InChI=1S/C31H46O/c1-25(12-7-6-8-18-28-19-20-29-21-22-30(29)24-28)13-9-14-26(2)15-10-16-27(3)17-11-23-31(4,5)32/h19-20,24-27,32H,9-17,21-23H2,1-5H3		CC(CC#CC#Cc1ccc2c(c1)CC2)CCCC(C)CCCC(C)CCCC(C)(C)O	435.360	1421	23.681	857333344760097038	857316108359202447	857316108359202446	31578	
1	1	-19.877	-1.645		1.000	27.134	C2H4O2	[M + K]+	C2H4KO2+	IEZWOVIWXFLQTP	InChI=1S/C2H4O2/c1-2-4-3/h2-3H,1H2	Oxidooxyethene	C=COO	98.984	1421	23.681	857333341522093756	857316108401145491	857316108396951186	31580	
1	1	-26.355	-5.479		0.993	59.133	C28H46O4	[M + H]+	C28H47O4+	KVZQPXDGIYJYLU	InChI=1S/C28H46O4/c1-21(2)11-9-13-23(5)17-19-31-27(29)25-15-7-8-16-26(25)28(30)32-20-18-24(6)14-10-12-22(3)4/h7-8,15-16,21-24H,9-14,17-20H2,1-6H3	Phthalic Acid Bis(3,7-dimethyloctyl) Ester-d4	CC(C)CCCC(C)CCOC(=O)C1=CC=CC=C1C(=O)OCCC(C)CCCC(C)C	447.347	1434	23.899	857333345422797074	857316108438894231	857316108438894230	31730	
1	1	-102.744	-4.165		1.000	87.331	C26H50O4	[M + H3N + H]+	C26H54NO4+	IAQMHEWDTFXCKY	InChI=1S/C26H50O4/c1-6-11-15-23(10-5)20-29-25(27)17-13-14-18-26(28)30-21-24(16-12-7-2)19-22(8-3)9-4/h22-24H,6-21H2,1-5H3		CCCCC(CC)COC(=O)CCCCC(=O)OCC(CCCC)CC(CC)CC	444.405	1455	24.255	857333360614567173	857316108560529059	857316108560529058	32010	
1	1	-259.727	-4.657		1.000	43.765	C26H48O4	[M + H]+	C26H49O4+	LVAMYSONHUAANG	InChI=1S/C26H48O4/c1-5-6-7-8-12-15-18-24(4)22-30-26(28)20-17-14-11-9-10-13-16-19-25(27)29-21-23(2)3/h5,23-24H,1,6-22H2,2-4H3		C=CCCCCCCC(C)COC(=O)CCCCCCCCCC(=O)OCC(C)C	425.363	1463	24.379	857333361369541899	857316108602472103	857316108602472102	32121	
1	1	-22.889	-5.192		0.998	44.905	C28H46O4	[M + H]+	C28H47O4+	AGSLEQHTXGRORG	InChI=1S/C28H46O4/c1-4-5-6-7-12-17-22-31-27(29)25-20-15-16-21-26(25)28(30)32-23-18-13-10-8-9-11-14-19-24(2)3/h15-16,20-21,24H,4-14,17-19,22-23H2,1-3H3		CCCCCCCCOC(=O)c1ccccc1C(=O)OCCCCCCCCCC(C)C	447.347	1470	24.500	857333368210451772	857316108686358191	857316108682163886	32226	
1	1	-155.822	-5.128		0.806	19.866	C26H55N5O	[M + K]+	C26H55KN5O+	NWLRBJOOKHFHIS	InChI=1S/C26H55N5O/c1-2-3-4-5-6-7-8-9-10-11-12-13-14-15-16-17-18-20-23-28-26(32)29-24-21-19-22-25-30-31-27/h2-25H2,1H3,(H2,27,30)(H2,28,29,32)		CCCCCCCCCCCCCCCCCCCCNC(=O)NCCCCCN=NN	492.405	1470	24.503	857333366134271278	857316108724106931	857316108724106930	32227	
1	1	-258.051	-7.043		0.997	40.556	C26H48O4	[M + H]+	C26H49O4+	DBKFKBGEWQIBIQ	InChI=1S/C26H48O4/c1-5-6-7-8-12-15-18-24(4)22-30-26(28)20-17-14-11-9-10-13-16-19-25(27)29-21-23(2)3/h23H,4-22H2,1-3H3		C=C(CCCCCCCC)COC(=O)CCCCCCCCCC(=O)OCC(C)C	425.363	1471	24.512	857333377538584128	857316108766049975	857316108766049974	32229	
1	1	-235.393	-5.336		1.000	51.327	C26H48O4	[M + H]+	C26H49O4+	ZEYFHNVGNWREDD	InChI=1S/C26H48O4/c1-6-7-8-9-13-16-23(4)20-29-25(27)18-19-26(28)30-21-24(5)17-14-11-10-12-15-22(2)3/h6,22-24H,1,7-21H2,2-5H3		C=CCCCCCC(C)COC(=O)CCC(=O)OCC(C)CCCCCCC(C)C	425.363	1479	24.658	857333363726740758	857316108812187323	857316108812187322	32314	
1	1	-30.414	-1.618		0.949	46.932	C29H54O6	[M + H3N + H]+	C29H58NO6+	OXBFEJBBKCRANO	InChI=1S/C29H54O6/c1-4-7-10-13-14-17-19-22-28(31)34-25-26(35-29(32)23-20-16-12-9-6-3)24-33-27(30)21-18-15-11-8-5-2/h26H,4-25H2,1-3H3	Glyceryl 1-caprate dicaprylate	CCCCCCCCCC(=O)OCC(COC(=O)CCCCCCC)OC(=O)CCCCCCC	516.426	1488	24.797	857333370009808198	857316108849936063	857316108849936062	32437	
1	1	-151.549	-6.528		0.998	25.460	C19H34O4	[M + H]+	C19H35O4+	XYGZXJNVIXJTIR	InChI=1S/C19H34O4/c1-3-5-6-11-14-18(22-4-2)17-23-19(21)15-12-9-7-8-10-13-16-20/h4,16,18H,2-3,5-15,17H2,1H3		C=COC(CCCCCC)COC(=O)CCCCCCCC=O	327.253	1488	24.798	857333377630858826	857316108887684803	857316108887684802	32461	
1	1	-127.366	-7.592		1.000	78.624	C21H38O4	[M + H]+	C21H39O4+	NHWPWJNJMZAVIA	InChI=1S/C21H38O4/c1-4-7-9-11-13-16-20(22)24-18-19(15-6-3)25-21(23)17-14-12-10-8-5-2/h6,19H,3-5,7-18H2,1-2H3		C=CCC(COC(=O)CCCCCCC)OC(=O)CCCCCCC	355.284	1488	24.807	857333375550483787	857316108925433543	857316108925433542	32460	
1	1	-53.367	-6.827		0.500	59.399	C7H12N4	[M + H]+	C7H13N4+	VPTHXEYLLVXSGC	InChI=1S/C7H12N4/c1-2-6-9-7-5-8-3-4-11(7)10-6/h8H,2-5H2,1H3	2-Ethyl-5H,6H,7H,8H-[1,2,4]triazolo[1,5-a]pyrazine	CCC1=NN2CCNCC2=N1	153.113	1564	26.072	857333377463086649	857316109000931023	857316109000931022	33766	
1	1	-62.789	-6.884		0.999	42.857	C7H10N4	[M + H]+	C7H11N4+	VFJNVNSKVYSBHP	InChI=1S/C7H10N4/c1-9-2-4-11-5-3-10-7(11)6-8/h2-3,5-6,8H,4H2,1H3		CN=CCn1ccnc1C=N	151.098	1566	26.093	857333379577016240	857316109042874067	857316109042874066	33789	
1	10	-88.366	-9.431		0.006	29.307	C19H34O10S3	[M + H3N + H]+	C19H38NO10S3+	ZQHAYPRYWFRKDR	InChI=1S/C19H34O10S3/c1-4-5-6-7-8-9-10-11-12-14-26-18-32(24,25)29-17-19(16-28-31(3,22)23)13-15-27-30(2,20)21/h4-5,19H,6-8,11-18H2,1-3H3		CC=CCCCC#CCCCOCS(=O)(=O)OCC(CCOS(C)(=O)=O)COS(C)(=O)=O	536.166	1572	26.199	857333679050325043	857316109130954459	857316109126760154	33970	
1	1	-65.286	-6.919		1.000	23.522	C6H10N2	[M + H3N + H]+	C6H14N3+	QHYPUZGVWHETKE	InChI=1S/C6H10N2/c1-6(8-3)4-5-7-2/h4-5H2,1,3H3		[C-]#[N+]CCC(C)=NC	128.118	1652	27.535	857333595822747918	857316109336475375	857316109336475374	35443	
1	1	-51.245	-5.764		0.333	97.728	C7H12N4	[M + H]+	C7H13N4+	VPTHXEYLLVXSGC	InChI=1S/C7H12N4/c1-2-6-9-7-5-8-3-4-11(7)10-6/h8H,2-5H2,1H3	2-Ethyl-5H,6H,7H,8H-[1,2,4]triazolo[1,5-a]pyrazine	CCC1=NN2CCNCC2=N1	153.113	1653	27.548	857333594778366198	857316109470693107	857316109466498802	35455	
1	2	-25.867	-2.243		0.250	32.443	C5H6N2	[M + H3N + H]+	C5H10N3+	MXDRPNGTQDRKQM	InChI=1S/C5H6N2/c1-5-3-2-4-6-7-5/h2-4H,1H3	Ambap1632-76-4	CC1=NN=CC=C1	112.087	1656	27.592	857333595759833349	857316109516830455	857316109512636150	35502	
1	1	-52.180	-6.091		1.000	94.846	C7H12N4	[M + H]+	C7H13N4+	VPTHXEYLLVXSGC	InChI=1S/C7H12N4/c1-2-6-9-7-5-8-3-4-11(7)10-6/h8H,2-5H2,1H3	2-Ethyl-5H,6H,7H,8H-[1,2,4]triazolo[1,5-a]pyrazine	CCC1=NN2CCNCC2=N1	153.113	1679	27.985	857333603439604287	857316109961426723	857316109961426722	35968	
1	1	-48.130	-3.120		1.000	80.183	C6H9N3	[M + H]+	C6H10N3+	UXKNAXNFIYFMIB	InChI=1S/C6H9N3/c1-4-3-8-5(2)9-6(4)7/h3H,1-2H3,(H2,7,8,9)	2,5-Dimethylpyrimidin-4-amine	CC1=CN=C(N=C1N)C	124.089	1718	28.626	857333615586308750	857316110095644463	857316110095644462	36809	
1	2	-50.555	-5.104		0.489	25.401	C5H8N2	[M + C2H3N + H]+	C7H12N3+	HWEHXLWDJLACMI	InChI=1S/C5H8N2/c1-2-3-4-5-7-6/h2,5H,1,3-4H2		C=CCCC=[N+]=[N-]	138.103	1774	29.574	857333626416002637	857316110452160339	857316110447966034	37956	
1	1	-44.980	-5.198		0.999	20.949	C6H9N3	[M + H]+	C6H10N3+	RVGDFHMQNCFRNL	InChI=1S/C6H9N3/c1-6-8-3-5-9(6)4-2-7/h2-3,5,7H,4H2,1H3		Cc1nccn1CC=N	124.089	1830	30.507	857333634863330909	857316110460548951	857316110460548950	39158	
