spectralMatchRank	spectrumType	analogHit	querySpectrumIndex	querySpectrumScanNumber	querySpectrumMsLevel	querySpectrumCE	similarity	sharedPeaks	referenceMsLevel	referenceCE	referenceAdduct	referencePrecursorMz	referenceInstrument	referenceSmiles	referenceSplash	referenceName	referenceLinks	InChIkey2D	ionMass	retentionTimeInSeconds	retentionTimeInMinutes	alignedFeatureId	compoundId	mappingFeatureId	overallFeatureQuality
6	SPECTRUM	true	2		2	-1 eV	0.7022535	6	2	-1 eV (corrected -1 eV)	[M + H]+	163.039	Q-ToF (LCMS)	C1=CC(=CC2=C1C=CC(=O)O2)O	splash10-0aor-2900000000-ed5b562981b029533b53	Hydrangin	public_spectra_2506:(CCMSLIB00010007800)	ORHBXUUXSCNDEV	222.961	47	0.782	857316057075444183	857316057071249878	179	
1	SPECTRUM	true	1		2	-1 eV	0.38716373	6	2	-1 eV (corrected -1 eV)	[M + H]+	171.029	Orbitrap (LCMS)	C1=C(C=C(C(=C1O)O)O)C(=O)O	splash10-0a59-9300000000-52c837653f48e1b095d2	gallate	public_spectra_2506:(CCMSLIB00011428735)	LNTHITQWFMADLM	143.040	47	0.782	857316057285159387	857316057280965082	303	
1	SPECTRUM	true	0		2	-1 eV	0.62439054	6	2	-1 eV (corrected -1 eV)	[M + H]+	302.017	Orbitrap (LCMS)	COC1=C(C=C(C=C1Cl)Cl)CNCC2=CC=CS2	splash10-0002-9000000000-740a1423bb8bc64172ff	(3,5-Dichloro-2-methoxy-benzyl)-thiophen-2-ylmethyl-amine	public_spectra_2506:(BRUNGS_MCESCAF_04140)	AIYYCTIRIUFLLA	131.011	47	0.784	857316057561983455	857316057553594846	193	
1	SPECTRUM	true	-1		2		0.5853719	6	2	-1 eV (corrected -1 eV)	[M + H]+	302.017	Orbitrap (LCMS)	COC1=C(C=C(C=C1Cl)Cl)CNCC2=CC=CS2	splash10-0002-9000000000-e5838f94248203b622e3	(3,5-Dichloro-2-methoxy-benzyl)-thiophen-2-ylmethyl-amine	public_spectra_2506:(BRUNGS_MCESCAF_04140)	AIYYCTIRIUFLLA	159.006	47	0.786	857316058090465767	857316058077882854	132	
1	SPECTRUM	true	4		2	-1 eV	0.76741904	6	2	-1 eV (corrected -1 eV)	[M - H2O + H]+	147.044	Orbitrap (LCMS)	C1=CC(=CC=C1C=CC(=O)O)O	splash10-0006-9100000000-7ca471999181a84d46be	coumarate	public_spectra_2506:(CCMSLIB00011428819)	NGSWKAQJJWESNS	152.997	47	0.787	857316058463758831	857316058459564526	204	
1	SPECTRUM	true	10		2	-1 eV	0.55421	6	2	-1 eV (corrected -1 eV)	[M + H]+	273.040	Orbitrap (LCMS)	C1CC(=CC2=CC=CS2)C(=O)C1=CC3=CC=CS3	splash10-0005-8900000000-4b16b00bb90a7ab2d835	Maybridge3_001395	public_spectra_2506:(BRUNGS_MCEBIO_00204)	KPFZCKDPBMGECB	176.013	47	0.790	857316058719611383	857316058711222774	166	
1	SPECTRUM	true	4		2	-1 eV	0.6894268	7	2	-1 eV (corrected -1 eV)	[M + H]+	269.044	Orbitrap (LCMS)	C1=CC2=C(C=C1O)OC3=C2C(=O)OC4=C3C=CC(=C4)O	splash10-02ta-0490000000-10528e021a0c93576060	Cumestrol	public_spectra_2506:(CCMSLIB00006701936)	ZZIALNLLNHEQPJ	250.956	47	0.790	857316058862217723	857316058853829114	161	
1	SPECTRUM	true	15		2	-1 eV	0.5611085	6	2	-1 eV (corrected -1 eV)	[M + H]+	273.040	Orbitrap (LCMS)	C1CC(=CC2=CC=CS2)C(=O)C1=CC3=CC=CS3	splash10-0005-8900000000-4b16b00bb90a7ab2d835	Maybridge3_001395	public_spectra_2506:(BRUNGS_MCEBIO_00204)	KPFZCKDPBMGECB	158.003	47	0.791	857316059168401923	857316059164207618	189	
4	SPECTRUM	true	-1		2		0.7625749	6	2	-1 eV (corrected -1 eV)	[M - H2O + H]+	133.065	N/A	CC1=C(C=C(C=C1)C(=O)O)C	splash10-053r-0900000000-b535b46418362aae3e80	3,4-dimethylbenzoate	public_spectra_2506:(CCMSLIB00003136419)	OPVAJFQBSDUNQA	106.992	48	0.793	857316059449420299	857316059445225994	185	
3	SPECTRUM	true	11		2	-1 eV	0.48638195	6	2	75 eV	[M + H]+	177.055	Orbitrap (LCMS)	CC1=CC(=O)OC2=C1C=CC(=C2)O	splash10-0ki6-8900000000-8330065e13efed8e737e	Bilcolic	public_spectra_2506:(MSBNK-LCSB-LU020705)	HSHNITRMYYLLCV	134.987	48	0.794	857316059709467155	857316059701078546	256	
1	SPECTRUM	true	3		2	-1 eV	0.5086528	6	2	-1 eV (corrected -1 eV)	[M + H]+	302.107	Orbitrap (LCMS)	C1=CC=C(C=C1)CN2C=NC(=N)C3=C2N=C(N3)SCCO	splash10-0f6x-9002000000-1fd6cfc134c70c4c43f1	2-[(6-amino-3-benzyl-3H-purin-8-yl)sulfanyl]ethanol	public_spectra_2506:(BRUNGS_MCESCAF_01274)	QWUVRDAFCSTMCD	118.984	48	0.796	857316059826907671	857316059822713366	184	
1	SPECTRUM	true	0		2	-1 eV	0.6823237	8	2	-1 eV (corrected -1 eV)	[M + Na]+	276.095	Orbitrap (LCMS)	COC1=C(C=C(C=C1)C(=O)NCC(=O)NN)OC	splash10-004i-0090000000-023179e6d1e07218e54d	Oprea1_237562	public_spectra_2506:(CCMSLIB00010123522)	LKQWCGBEIQYYQR	287.889	48	0.797	857316059969514011	857316059965319706	126	
1	SPECTRUM	true	-1		2		0.44472724	6	2	-1 eV (corrected -1 eV)	[M + Na]+	196.022	Orbitrap (LCMS)	C(C(=O)O)NC(=O)C=CC(=O)O	splash10-0002-9700000000-d5e1f7a3b382fadecfcb	N-Glycinylmaleamic acid	public_spectra_2506:(CCMSLIB00006708434)	JKCBZBFTTXFZGH	113.964	48	0.799	857316060388944423	857316060384750118	289	
1	SPECTRUM	true	1		2	-1 eV	0.48860562	6	2	65 eV	[M + H]+	181.072	Orbitrap (LCMS)	CN1C2=C(C(=O)N(C1=O)C)NC=N2	splash10-0gb9-9000000000-fe69541c14c87da8c124	Aerolate	public_spectra_2506:(MSBNK-Eawag-EQ363209)	ZFXYFBGIUFBOJW	186.981	48	0.799	857316060527356459	857316060523162154	242	
1	SPECTRUM	true	4		2	-1 eV	0.3874527	6	2	-1 eV (corrected -1 eV)	[M + H]+	171.029	Orbitrap (LCMS)	C1=C(C=C(C(=C1O)O)O)C(=O)O	splash10-0a59-9300000000-52c837653f48e1b095d2	gallate	public_spectra_2506:(CCMSLIB00011428735)	LNTHITQWFMADLM	130.008	48	0.801	857316060678351407	857316060665768494	196	
1	SPECTRUM	true	-1		2		0.4962623	6	2	-1 eV (corrected -1 eV)	[M + Na]+	173.043	Orbitrap (LCMS)	COC1=NC=NC2=C1NC=N2	splash10-006y-4900000000-71e69e9b0b0fc3de8b9e	Ambap1074-89-1	public_spectra_2506:(CCMSLIB00010116489)	GOILPRCCOREWQE	131.974	48	0.803	857316060896455219	857316060883872306	259	
2	SPECTRUM	true	-1		2		0.70208573	7	2	-1 eV (corrected -1 eV)	[M + H]+	173.092	Orbitrap (LCMS)	C1CC(NC1)C(=O)NCC(=O)O	splash10-00di-9000000000-88881637bd23c80251e2	Prolylglycine	public_spectra_2506:(BRUNGS_MCEBIO_07783)	RNKSNIBMTUYWSH	159.969	48	0.803	857316061231999547	857316061223610938	277	
1	SPECTRUM	true	31		2	-1 eV	0.48317817	6	2	-1 eV (corrected -1 eV)	[M - H2O + H]+	257.186	Orbitrap (LCMS)	C(CCCC(=O)NCCO)CCCC(=O)NCCO	splash10-0mea-8900000000-176d85f6d1a830e17af0	Adelmidrol	public_spectra_2506:(BRUNGS_MCEBIO_00872)	PAHZPHDAJQIETD	141.959	48	0.804	857316061374605887	857316061374605886	280	
1	SPECTRUM	true	3		2	-1 eV	0.4122611	6	2	-1 eV (corrected -1 eV)	[M - H2O + H]+	166.069	Orbitrap (LCMS)	CNCC1C2=C(CCO1)C=CS2	splash10-08fr-9200000000-f90ab9186555d73601d9	4,7-dihydro-N-methyl-5H-Thieno[2,3-c]pyran-7-methanamine	public_spectra_2506:(BRUNGS_MCEBIO_05920)	ABDDQTDRAHXHOC	143.959	48	0.804	857316061513017923	857316061513017922	290	
1	SPECTRUM	true	-1		2		0.45484352	6	2	-1 eV (corrected -1 eV)	[M + H]+	282.112	Q-ToF (LCMS)	C1CNC2CC3=C(C(=CC=C3)O)C4=C2C1=CC5=C4OCO5	splash10-004i-0910000000-c4509d2b67a00c291ea2	Obovanine	public_spectra_2506:(CCMSLIB00008851359)	JBFZNWJDRCJITD	161.970	48	0.804	857316061617875527	857316061613681222	281	
1	SPECTRUM	true	1		2	-1 eV	0.35899073	6	2	-1 eV (corrected -1 eV)	[M - H4O2 + H]+	257.084	Orbitrap (LCMS)	CC(C)(C)C(=O)C(N1C=CN=C1)OC2=CC=C(C=C2)Cl	splash10-0fc0-4900000000-6ce8f8c22f5d5eebd641	Baypival	public_spectra_2506:(BRUNGS_MCEBIO_02111)	OWEGWHBOCFMBLP	97.969	48	0.805	857316061722733131	857316061718538826	279	
1	SPECTRUM	true	26		2	-1 eV	0.58073735	13	2	-1 eV (corrected -1 eV)	[M + H]+	183.021	Orbitrap (LCMS)	C1=CC(=CC=C1C=CC(=O)O)Cl	splash10-0309-2900000000-bc5115a34823cab03874	ACMC-20aixa	public_spectra_2506:(CCMSLIB00006707285)	GXLIFJYFGMHYDY	182.985	48	0.805	857316061823396431	857316061819202126	321	
1	SPECTRUM	true	0		2	-1 eV	0.34828946	7	2	-1 eV (corrected -1 eV)	[M + Na]+	181.047	Orbitrap (LCMS)	CC(=C(CC(=O)O)C(=O)O)C	splash10-06y9-3900000000-21511b838a66b37e2cbb	4,4-Dimethylitaconic acid	public_spectra_2506:(CCMSLIB00006694666)	GYXGAEAOIFNGAE	139.963	48	0.805	857316061919865427	857316061915671122	288	
1	SPECTRUM	true	0		2	-1 eV	0.45121852	6	2	-1 eV (corrected -1 eV)	[M + H]+	171.040	Orbitrap (LCMS)	CN1C(=O)C=C(NC1=O)C(=O)O	splash10-01b9-9500000000-257f3b6a40e3617601f1	Oprea1_183622	public_spectra_2506:(CCMSLIB00006707367)	OEGWVZNGNUHUQP	157.974	48	0.807	857316062209272415	857316062209272414	287	
1	SPECTRUM	true	0		2	-1 eV	0.36227164	6	2	-1 eV (corrected -1 eV)	[M + H]+	213.091	N/A	C1=CC=C(C=C1)C(C(=O)C2=CC=CC=C2)O	splash10-0h90-9800000000-3c75ee7f1a0a9cbd7bd4	Aerozoin	public_spectra_2506	ISAOCJYIOMOJEB	98.512	49	0.810	857316062393821799	857316062393821798	211	
1	SPECTRUM	true	0		2	-1 eV	0.6018405	8	2	60 eV	[M + H]+	333.076	Orbitrap (LCMS)	C1=CC=C2C(=C1)C(=O)OC23C4=C(C=C(C=C4)O)OC5=C3C=CC(=C5)O	splash10-001r-0096000000-14b937762779b88c6b85	fluorescein	public_spectra_2506:(MSBNK-LCSB-LU078804)	GNBHRKFJIUUOQI	118.943	49	0.810	857316062477707883	857316062473513578	295	
3	SPECTRUM	true	0		2	-1 eV	0.35383138	6	2	75 eV (corrected 75 eV)	[M + H]+	193.072	N/A	CN1C2=NC=CN=C2C(=O)N(C1=O)C	splash10-0536-2900000000-0d5a0d558beaf6100060	1,3-Dimethyllumazine	public_spectra_2506	LMXZVISHHDYBFW	140.962	49	0.817	857316062674840179	857316062670645874	346	
1	SPECTRUM	true	30		2	-1 eV	0.43383604	7	2	54 eV	[M + H]+	180.175	Orbitrap (LCMS)	CC12CC3CC(C1)(CC(C3)(C2)N)C	splash10-0006-9100000000-608b372857aacd60eb61	Memantin	public_spectra_2506:(MSBNK-Eawag-EQ335108)	BUGYDGFZZOZRHP	151.035	49	0.818	857316062880361083	857316062880361082	350	
1	SPECTRUM	true	30		2	-1 eV	0.3762354	6	2	-1 eV (corrected -1 eV)	[M - H2O + H]+	151.039	Orbitrap (LCMS)	COC1=C(C=CC(=C1)C(=O)O)O	splash10-0udi-3900000000-d60d0896e248394e8245	Vanillate	public_spectra_2506:(CCMSLIB00006708541)	WKOLLVMJNQIZCI	110.009	49	0.819	857316063069104771	857316063064910466	391	
1	SPECTRUM	true	1		2	-1 eV	0.33601597	6	2	-1 eV (corrected -1 eV)	[M - H2O + H]+	153.018	Orbitrap (LCMS)	C1=C(C=C(C(=C1O)O)O)C(=O)O	splash10-0udi-3900000000-d4f009e7872b34f47576	gallate	public_spectra_2506:(CCMSLIB00010125096)	LNTHITQWFMADLM	158.012	49	0.822	857316063186545287	857316063182350982	307	
1	SPECTRUM	true	0		2	-1 eV	0.8057358	8	2	-1 eV (corrected -1 eV)	[M + H]+	167.034	Orbitrap (LCMS)	C1OC2=C(O1)C=C(C=C2)C(=O)O	splash10-001i-9400000000-5f627155218c5066b82e	Spectrum_001164	public_spectra_2506:(CCMSLIB00010125979)	VDVJGIYXDVPQLP	232.928	50	0.833	857316063710833303	857316063710833302	444	
1	SPECTRUM	true	2		2	-1 eV	0.67131025	7	2	-1 eV (corrected -1 eV)	[M + H]+	167.034	Orbitrap (LCMS)	C1OC2=C(O1)C=C(C=C2)C(=O)O	splash10-001i-9400000000-5f627155218c5066b82e	Spectrum_001164	public_spectra_2506:(CCMSLIB00010125979)	VDVJGIYXDVPQLP	214.918	50	0.836	857316063811496603	857316063807302298	431	
1	SPECTRUM	true	15		2	-1 eV	0.739267	12	2	97 eV	[M + H]+	322.213	Orbitrap (LCMS)	CC1=C(C(=CC=C1)C)NC(=O)CN2CCN(CC2)CC(CO)O	splash10-0ac1-9000000000-55303ca69b088e6ec00a	O-Desaryl Ranolazine	public_spectra_2506:(MSBNK-Eawag-EQ01153408)	LDEJNELBMSFPDJ	113.107	52	0.874	857316064000240291	857316063996045986	589	
1	SPECTRUM	true	0		2	-1 eV	0.709185	16	2	-1 eV (corrected -1 eV)	[M - H4O2 + H]+	257.084	Orbitrap (LCMS)	CC(C)(C)C(=O)C(N1C=CN=C1)OC2=CC=C(C=C2)Cl	splash10-0uni-6900000000-cecb9c9222f4cf434b91	Baypival	public_spectra_2506:(BRUNGS_MCEBIO_02111)	OWEGWHBOCFMBLP	179.017	53	0.891	857316064092514983	857316064088320678	687	
8	SPECTRUM	true	21		2	-1 eV	0.7373351	6	2	24 eV	[M + H]+	132.102	FTICR (LCMS)	C1COCCN1CCO	splash10-0230-9400000000-949e33ef5db71c2f36f5	Oprea1_169224	public_spectra_2506:(MSBNK-Eawag-EQ00429906)	KKFDCBRMNNSAAW	150.113	54	0.894	857316064239315627	857316064235121322	698	
1	SPECTRUM	true	2		2	-1 eV	0.86744905	10	2	-1 eV (corrected -1 eV)	[M - H2O + H]+	257.186	Orbitrap (LCMS)	C(CCCC(=O)NCCO)CCCC(=O)NCCO	splash10-0fir-9800000000-e3ab089056d12972d35d	Adelmidrol	public_spectra_2506:(BRUNGS_MCEBIO_00872)	PAHZPHDAJQIETD	256.962	54	0.897	857316064381921967	857316064377727662	1491	
1	SPECTRUM	true	23		2	-1 eV	0.69581217	7	2	-1 eV (corrected -1 eV)	[M + H]+	131.070	Orbitrap (LCMS)	CC1(CCOC(=O)C1)O	splash10-00xr-9400000000-6b6e730cd317b69f6be0	Prestwick_97	public_spectra_2506:(CCMSLIB00006708633)	JYVXNLLUYHCIIH	172.094	54	0.898	857316064470002355	857316064465808050	682	
1	SPECTRUM	true	0		2	-1 eV	0.60992616	6	2	-1 eV (corrected -1 eV)	[M + H]+	186.112	Orbitrap (LCMS)	C1CN2CCC1C(=O)C2(CO)CO	splash10-000i-2900000000-53af5a63544227a3b0d1	prima-1	public_spectra_2506:(BRUNGS_MCEBIO_04622)	RFBVBRVVOPAAFS	166.107	54	0.907	857316064650357435	857316064650357434	750	
1	SPECTRUM	true	2		2	-1 eV	0.81345224	7	2	48 eV	[M + H]+	199.083	Orbitrap (LCMS)	CC1(C(N2C(=NC(=O)NC2=O)N1)O)C	splash10-014r-9000000000-47d33bb8c2fe7f2f8621	Terbuthylazine-TP CSCD692760 (LM3)	public_spectra_2506:(MSBNK-Eawag-EQ417707)	SDFNUIRNRULFGI	129.102	54	0.908	857316064742632127	857316064738437822	722	
1	SPECTRUM	true	-1		2		0.49522394	6	2	-1 eV (corrected -1 eV)	[M + H]+	245.095	Orbitrap (LCMS)	C1C2C(C(S1)CCCCC(=O)O)NC(=O)N2	splash10-004i-7890000000-baabd9dc2121df1c987c	Appearex	public_spectra_2506:(BRUNGS_MCEBIO_06054)	YBJHBAHKTGYVGT	174.985	55	0.909	857316064839101123	857316064834906818	718	
1	SPECTRUM	true	1		2	-1 eV	0.5168637	6	2	-1 eV (corrected -1 eV)	[M - H2O + H]+	153.018	Orbitrap (LCMS)	C1=C(C=C(C(=C1O)O)O)C(=O)O	splash10-0udi-3900000000-d4f009e7872b34f47576	gallate	public_spectra_2506:(CCMSLIB00010125096)	LNTHITQWFMADLM	184.969	55	0.912	857316064927181511	857316064922987206	719	
1	SPECTRUM	true	-1		2		0.5695554	6	2	-1 eV (corrected -1 eV)	[M + H]+	301.239	Orbitrap (LCMS)	CC(C)C1=NC(=C(C2=C1CCCC2)C#N)NCCCN(C)C	splash10-0a70-9260000000-0b75c4f717d9d953120e	3-{[3-(dimethylamino)propyl]amino}-1-isopropyl-5,6,7,8-tetrahydro-4-isoquinolinecarbonitrile	public_spectra_2506:(BRUNGS_MCESCAF_00610)	WTLXQYKLIMSRJP	118.086	56	0.925	857316065191422675	857316065187228370	846	
1	SPECTRUM	true	0		2	-1 eV	0.35464302	6	2	-1 eV (corrected -1 eV)	[M - H2O + H]+	159.080	Orbitrap (LCMS)	CC(=O)C=CC1=CC=C(C=C1)OC	splash10-0a4l-2900000000-c9023c3fe86f7bbbe7dc	Anisalacetone	public_spectra_2506:(CCMSLIB00006702075)	WRRZKDVBPZBNJN	213.923	56	0.928	857316065359194843	857316065359194842	776	
1	SPECTRUM	true	0		2	-1 eV	0.74237967	8	2	-1 eV (corrected -1 eV)	[M + Na]+	288.040	Orbitrap (LCMS)	CCOC(=O)COC1=C2C(=C(C=C1)Cl)C=CC=N2	splash10-03di-9300000000-2211404907b26683f03e	ethyl 2-(5-chloro-8-quinolyloxy)acetate	public_spectra_2506:(BRUNGS_MCEBIO_06706)	JEMXUSHXYOXNFL	301.958	56	0.929	857316065510189795	857316065505995490	802	
1	SPECTRUM	true	5		2	-1 eV	0.96710813	6	2	51 eV	[M + H]+	212.151	Orbitrap (LCMS)	CC(C)NC1=NC(=NC(=O)N1)NC(C)C	splash10-00kr-9000000000-b0b156c7eb47bf931790	Hydroxypropazine	public_spectra_2506:(MSBNK-Eawag-EQ014207)	RUOTUMSRCIMLJK	128.057	56	0.930	857316065585687271	857316065585687270	812	
1	SPECTRUM	true	-1		2		0.39898738	6	2	-1 eV (corrected -1 eV)	[M + H]+	215.128	Orbitrap (LCMS)	CCCCC(C1CC(=CC(=O)O1)OC)O	splash10-052b-7900000000-07d28ddd9c34f9712214	Pestalotin	public_spectra_2506:(BRUNGS_NIHNP_00162)	YFIMUDXPJZVJJO	234.952	56	0.937	857316065766042351	857316065761848046	1006	
1	SPECTRUM	true	1		2	-1 eV	0.56339276	7	2	-1 eV (corrected -1 eV)	[M + H]+	200.107	Orbitrap (LCMS)	CC1=CC(=O)N2CCCC3=C2C1=CC=C3	splash10-0udi-1590000000-290cd4bc4213c93559a4	Oprea1_162401	public_spectra_2506:(CCMSLIB00006697667)	INLMMGKPTMPKDG	170.089	56	0.937	857316065845734131	857316065841539826	733	
1	SPECTRUM	true	0		2	-1 eV	0.46650574	11	2	-1 eV (corrected -1 eV)	[M + H]+	183.021	Orbitrap (LCMS)	C1=CC(=CC=C1C=CC(=O)O)Cl	splash10-0309-2900000000-bc5115a34823cab03874	ACMC-20aixa	public_spectra_2506:(CCMSLIB00006707285)	GXLIFJYFGMHYDY	186.966	56	0.938	857316065283697367	857316065283697366	727	
1	SPECTRUM	true	-1		2		0.9118493	39	2	36 eV	[M + H]+	149.107	Orbitrap (LCMS)	C1CC(NC1)C2=CN=CC=C2	splash10-00lr-9800000000-a45b0ff544bcd0281db0	Nornicotin	public_spectra_2506:(MSBNK-Eawag-EQ328007)	MYKUKUCHPMASKF	163.123	57	0.945	857316066000923387	857316065996729082	859	
1	SPECTRUM	true	2		2	-1 eV	0.41809338	6	2	-1 eV (corrected -1 eV)	[M + H]+	237.091	Orbitrap (LCMS)	CC1=CC2=C(C=C1)OC(=CC2=O)C3=CC=CC=C3	splash10-000i-0090000000-e5e51bb212a6dead4be4	Oprea1_512723	public_spectra_2506:(CCMSLIB00010104413)	NOQJBXPAMJLUSS	236.939	57	0.953	857316066084809471	857316066080615166	987	
1	SPECTRUM	true	3		2	-1 eV	0.85262215	12	2	-1 eV (corrected -1 eV)	[M + H]+	242.175	Orbitrap (LCMS)	CCC(C)(C(CO)NC(=O)C(=CC=CC)C)O	splash10-003r-9000000000-279c12ad3ca07a8dd052	CHEBI:182554	public_spectra_2506:(BRUNGS_NIHNP_01518)	PHCDULUANYZTRK	116.107	58	0.960	857316066286136071	857316066281941766	1001	
4	SPECTRUM	true	9		2	-1 eV	0.83564615	11	2	28 eV	[M + H]+	202.180	Orbitrap (LCMS)	CC1(CC(CC(N1CCO)(C)C)O)C	splash10-0udi-3900000000-4c9d5f77149f799c9dd2	4-Hydroxy-2,2,6,6-tetramethyl-1-piperidineethanol	public_spectra_2506:(MSBNK-UFZ-WANA4055213166PH)	STEYNUVPFMIUOY	158.154	58	0.960	857316066370022155	857316066365827850	1067	
1	SPECTRUM	true	71		2	-1 eV	0.8389234	6	2	75 eV	[M + H]+	241.173	Orbitrap (LCMS)	C1CCC(CC1)NC(=S)NC2CCCCC2	splash10-0a59-9000000000-9720b5fbd8c5e447a1e1	Oprea1_850375	public_spectra_2506:(MSBNK-LCSB-LU118805)	KAJICSGLHKRDLN	182.190	58	0.961	857316066466491151	857316066466491150	1109	
1	SPECTRUM	true	6		2	-1 eV	0.56641346	6	2	-1 eV (corrected -1 eV)	[M + H]+	130.050	Orbitrap (LCMS)	C1CC(=O)NC1C(=O)O	splash10-001i-9100000000-36a5423cc473a4cf0e6d	Pidolate	public_spectra_2506:(CCMSLIB00010114112)	ODHCTXKNWHHXJC	130.159	58	0.961	857316066638457623	857316066638457622	1145	
1	SPECTRUM	true	-1		2		0.44672507	6	2	-1 eV (corrected -1 eV)	[M + H]+	297.133	Orbitrap (LCMS)	CC=C(C)C(=O)OC1C=CC(=O)OC1C=CC(C(C)O)O	splash10-0a59-9110000000-4be2f723c9496db972c6	Phomopsolid B	public_spectra_2506	JTHHOHSDOJJNFN	231.120	58	0.970	857316066718149403	857316066713955098	1221	
1	SPECTRUM	true	32		2	-1 eV	0.7863624	14	2	-1 eV (corrected -1 eV)	[M - H2O + H]+	224.165	Orbitrap (LCMS)	CCC(C)(C(CO)NC(=O)C(=CC=CC)C)O	splash10-0a6r-8920000000-08ce724cdead84a65b18	CHEBI:182554	public_spectra_2506:(BRUNGS_NIHNP_01517)	PHCDULUANYZTRK	198.185	58	0.972	857316066818812703	857316066814618398	1110	
1	SPECTRUM	true	1		2	-1 eV	0.69043535	21	2	-1 eV (corrected -1 eV)	[M + H]+	147.076	FTICR (LCMS)	C(CC(=O)N)C(C(=O)O)N	null-null-null-null	glutamin	public_spectra_2506:(CCMSLIB00004716542)	ZDXPYRJPNDTMRX	144.988	59	0.977	857316066906893091	857316066902698786	1473	
1	SPECTRUM	true	-1		2		0.7177776	6	2	-1 eV (corrected -1 eV)	[M + H]+	325.223	Orbitrap (LCMS)	C1CCCN(CC1)C(=O)N2CCN(CC2)C(=O)N3CCOCC3	splash10-0a4i-9100000000-12e543a63aa8d3595879	1-{[4-(4-morpholinylcarbonyl)-1-piperazinyl]carbonyl}azepane	public_spectra_2506:(BRUNGS_MCESCAF_00617)	SIQRNBVTDOVKIA	100.112	59	0.977	857316066990779175	857316066986584870	986	
1	SPECTRUM	true	0		2	-1 eV	0.77903175	17	2	-1 eV (corrected -1 eV)	[M + H]+	147.092	Orbitrap (LCMS)	CC1=CC2=C(C=C1C)N=CN2	splash10-001i-2900000000-7be8a177ec3ff531284e	Dimedazol	public_spectra_2506:(BRUNGS_MCEBIO_07524)	LJUQGASMPRMWIW	133.076	59	0.980	857316067070470955	857316067070470954	1789	
1	SPECTRUM	true	2		2	-1 eV	0.88677377	8	2	-1 eV (corrected -1 eV)	[M - H2O + H]+	157.097	Orbitrap (LCMS)	CC(C)C(C(=O)O)NC(=O)CN	splash10-03fr-9000000000-374fdf64c236609bf31f	Glycylvaline	public_spectra_2506:(BRUNGS_MCEBIO_07782)	STKYPAFSDFAEPH	157.035	59	0.984	857316067150162735	857316067150162734	1341	
1	SPECTRUM	true	0		2	-1 eV	0.47547254	8	2	-1 eV (corrected -1 eV)	[M - H2O + H]+	257.186	Orbitrap (LCMS)	C(CCCC(=O)NCCO)CCCC(=O)NCCO	splash10-0mea-8900000000-176d85f6d1a830e17af0	Adelmidrol	public_spectra_2506:(BRUNGS_MCEBIO_00872)	PAHZPHDAJQIETD	159.031	59	0.984	857316067225660211	857316067225660210	1343	
1	SPECTRUM	true	11		2	-1 eV	0.69948214	12	2	54 eV	[M + H]+	180.175	Orbitrap (LCMS)	CC12CC3CC(C1)(CC(C3)(C2)N)C	splash10-0006-9100000000-608b372857aacd60eb61	Memantin	public_spectra_2506:(MSBNK-Eawag-EQ335108)	BUGYDGFZZOZRHP	151.087	59	0.988	857316067313740599	857316067309546294	1319	
1	SPECTRUM	true	0		2	-1 eV	0.4470865	6	2	-1 eV (corrected -1 eV)	[M + H]+	186.112	Orbitrap (LCMS)	C1CN2CCC1C(=O)C2(CO)CO	splash10-000i-2900000000-23fdce468e4962f2c6ce	prima-1	public_spectra_2506:(BRUNGS_MCEBIO_04622)	RFBVBRVVOPAAFS	164.092	59	0.988	857316067393432379	857316067393432378	1253	
1	SPECTRUM	true	65		2	-1 eV	0.7180152	8	2	48 eV	[M + H]+	199.083	Orbitrap (LCMS)	CC1(C(N2C(=NC(=O)NC2=O)N1)O)C	splash10-014r-9000000000-47d33bb8c2fe7f2f8621	Terbuthylazine-TP CSCD692760 (LM3)	public_spectra_2506:(MSBNK-Eawag-EQ417707)	SDFNUIRNRULFGI	129.041	59	0.989	857316067481512767	857316067477318462	1396	
1	SPECTRUM	true	7		2	-1 eV	0.47097147	7	2	-1 eV (corrected -1 eV)	[M + H]+	183.021	Orbitrap (LCMS)	C1=CC(=CC=C1C=CC(=O)O)Cl	splash10-0309-2900000000-bc5115a34823cab03874	ACMC-20aixa	public_spectra_2506:(CCMSLIB00010124380)	GXLIFJYFGMHYDY	141.959	59	0.991	857316067569593155	857316067565398850	1655	
1	SPECTRUM	true	0		2	-1 eV	0.33527076	6	2	-1 eV (corrected -1 eV)	[M + K]+	305.094	FTICR (LCMS)	CC=CC1=CC2=C(C=C1)OC(C2C)C3=CC=C(C=C3)O	null-null-null-null	Conocarpan	public_spectra_2506:(CCMSLIB00004712741)	GXJSAHXNLJFDPO	250.954	60	0.996	857316067645090631	857316067645090630	1400	
1	SPECTRUM	true	1		2	-1 eV	0.9444103	6	2	-1 eV (corrected -1 eV)	[M + H]+	415.254	N/A	C(COCCOCCOCCOCCOCCOCCOCCOCCO)O	splash10-000i-9200000000-584c3589e41a9e4f353b	Epitope ID:159256	public_spectra_2506:(CCMSLIB00003135946)	YZUUTMGDONTGTN	300.202	60	1.000	857316067720588107	857316067720588106	1923	
1	SPECTRUM	true	0		2	-1 eV	0.6217806	9	2	-1 eV (corrected -1 eV)	[M - H2O + H]+	126.091	Orbitrap (LCMS)	CC(CNC(=O)C(=C)C)O	splash10-0007-9000000000-ef8e607b8cd8126e7297	Duxon	public_spectra_2506:(BRUNGS_MCEBIO_07644)	OKPYIWASQZGASP	126.494	60	1.003	857316067875777363	857316067875777362	1466	
1	SPECTRUM	true	0		2	-1 eV	0.72007877	24	2	-1 eV (corrected -1 eV)	[M + H]+	147.076	FTICR (LCMS)	C(CC(=O)N)C(C(=O)O)N	null-null-null-null	glutamin	public_spectra_2506:(CCMSLIB00004716542)	ZDXPYRJPNDTMRX	165.501	60	1.003	857316067951274839	857316067951274838	1484	
1	SPECTRUM	true	0		2	-1 eV	0.7092602	15	2	-1 eV (corrected -1 eV)	[M - H4O2 + H]+	257.084	Orbitrap (LCMS)	CC(C)(C)C(=O)C(N1C=CN=C1)OC2=CC=C(C=C2)Cl	splash10-0uni-6900000000-cecb9c9222f4cf434b91	Baypival	public_spectra_2506:(BRUNGS_MCEBIO_02111)	OWEGWHBOCFMBLP	178.946	60	1.003	857316068018383707	857316068014189402	1486	
1	SPECTRUM	true	-1		2		0.83332247	10	2	-1 eV (corrected -1 eV)	[M - H2O + H]+	257.186	Orbitrap (LCMS)	C(CCCC(=O)NCCO)CCCC(=O)NCCO	splash10-0fir-9800000000-e3ab089056d12972d35d	Adelmidrol	public_spectra_2506:(BRUNGS_MCEBIO_00872)	PAHZPHDAJQIETD	219.973	60	1.003	857316068089686879	857316068085492574	1489	
1	SPECTRUM	true	2		2	-1 eV	0.7430729	17	2	59 eV	[M + H]+	164.082	Orbitrap (LCMS)	COCN1C2=CC=CC=C2N=N1	splash10-0udi-9000000000-9edaca52518b9913e0ff	Maybridge3_003481	public_spectra_2506:(MSBNK-Eawag-EQ318309)	QEIXBXXKTUNWDK	137.090	60	1.004	857316068160990051	857316068156795746	1470	
1	SPECTRUM	true	0		2	-1 eV	0.6386335	11	2	-1 eV (corrected -1 eV)	[M + H]+	191.179	Orbitrap (LCMS)	CC1=CCC(=C)C2CC(C2CC1)(C)C	splash10-00e9-8900000000-18e15ccdbf592ffac95f	Spectrum_001169	public_spectra_2506	INOSMXBKABLUIL	197.001	60	1.007	857316068240681831	857316068236487526	1526	
1	SPECTRUM	true	-1		2		0.9074502	6	2	-1 eV (corrected -1 eV)	[M + H]+	415.254	N/A	C(COCCOCCOCCOCCOCCOCCOCCOCCO)O	splash10-000i-9200000000-584c3589e41a9e4f353b	Epitope ID:159256	public_spectra_2506:(CCMSLIB00003135946)	YZUUTMGDONTGTN	284.207	61	1.020	857316068471368563	857316068471368562	1678	
1	SPECTRUM	true	0		2	-1 eV	0.7110802	21	2	-1 eV (corrected -1 eV)	[M + H]+	147.076	FTICR (LCMS)	C(CC(=O)N)C(C(=O)O)N	null-null-null-null	glutamin	public_spectra_2506:(CCMSLIB00004716542)	ZDXPYRJPNDTMRX	160.497	61	1.021	857316068555254647	857316068555254646	1596	
1	SPECTRUM	true	0		2	-1 eV	0.7201635	10	2	-1 eV (corrected -1 eV)	[M + Na]+	188.068	Orbitrap (LCMS)	CCOC1=CC=CC=C1C(=O)N	splash10-03di-9100000000-eaaf8f1b1b8ebb9b117d	Anovigam	public_spectra_2506:(BRUNGS_MCEBIO_05052)	SBNKFTQSBPKMBZ	167.487	61	1.021	857316068639140731	857316068634946426	1599	
1	SPECTRUM	true	-1		2		0.48972535	6	2	-1 eV (corrected -1 eV)	[M + H]+	333.191	FTICR (LCMS)	CC(=CCCC(C)(C=C)O)COC1C(C(C(C(O1)CO)O)O)O	null-null-null-null	Betulalbusides A	public_spectra_2506:(CCMSLIB00004699283)	WEHZDNHJZBEGME	164.921	61	1.025	857316068718832511	857316068714638206	1576	
1	SPECTRUM	true	1		2	-1 eV	0.82795703	6	2	27 eV	[M + H]+	181.072	Orbitrap (LCMS)	CN1C2=C(C(=O)N(C1=O)C)NC=N2	splash10-00di-5900000000-3596bbfcd1f759452515	Aerolate	public_spectra_2506:(MSBNK-Eawag-EQ01150505)	ZFXYFBGIUFBOJW	195.088	62	1.027	857316068815301507	857316068815301506	1525	
1	SPECTRUM	true	5		2	-1 eV	0.90496755	9	2	121 eV	[M + H]+	337.227	Orbitrap (LCMS)	CCC(=O)N(C1CCN(CC1)CCC2=CC=CC=C2)C3=CC=CC=C3	splash10-0ufs-9200000000-ff2c211a084a5f124781	Fentanil	public_spectra_2506:(MSBNK-Eawag-EQ364009)	PJMPHNIQZUBGLI	123.044	62	1.027	857316069016628107	857316069012433802	1649	
1	SPECTRUM	true	-1		2		0.3873963	6	2	-1 eV (corrected -1 eV)	[M + H3N + H]+	850.495	Orbitrap (LCMS)	CC=C(C)C(=O)OC1C2C3(CCC(CC3CCC24C5(O4)CCC(C5(C1OC(=O)C(=CC)C)C)C(=O)C)OC6CC(C(C(O6)C)OC7C(C(C(C(O7)C)O)OC)O)OC)C	splash10-00kb-9100000000-cb33cdc3db0345b52768	BRUNGS_NIHNP_02796	public_spectra_2506:(BRUNGS_NIHNP_02796)	VQJMXGXETFHHGG	175.097	62	1.033	857316069117291407	857316069117291406	1696	
1	SPECTRUM	true	-1		2		0.5499406	6	2	-1 eV (corrected -1 eV)	[M + H]+	274.093	Orbitrap (LCMS)	C1CC(=O)NC(=O)C1N2C(=O)C3=C(C=CC=C3N=N2)N	splash10-08ml-9400000000-fca416997d1434a397a5	3-(5-Amino-4-oxobenzo[d][1,2,3]triazin-3(4H)-yl)piperidine-2,6-dione	public_spectra_2506:(BRUNGS_MCEBIO_06315)	DXZBHVQOULDEPN	113.964	62	1.034	857316069222149011	857316069217954706	1647	
1	SPECTRUM	true	11		2	-1 eV	0.691463	6	2	-1 eV (corrected -1 eV)	[M + Na]+	501.100	FTICR (LCMS)	CC1C(C(C(C(O1)OC2=C(OC3=CC(=CC(=C3C2=O)O)O)C4=CC(=C(C(=C4)O)OC)O)O)O)O	null-null-null-null	Mearncitrin	public_spectra_2506:(CCMSLIB00004706249)	NAQNISJXKDSYJD	209.138	63	1.044	857316069335395223	857316069331200918	1807	
1	SPECTRUM	true	1		2	-1 eV	0.67969054	17	2	-1 eV (corrected -1 eV)	[M - H4O2 + H]+	257.084	Orbitrap (LCMS)	CC(C)(C)C(=O)C(N1C=CN=C1)OC2=CC=C(C=C2)Cl	splash10-0uni-6900000000-cecb9c9222f4cf434b91	Baypival	public_spectra_2506:(BRUNGS_MCEBIO_02111)	OWEGWHBOCFMBLP	287.979	63	1.050	857316069553499039	857316069549304734	1606	
1	SPECTRUM	true	25		2	-1 eV	0.5149714	18	2	-1 eV (corrected -1 eV)	[M + H]+	181.122	Orbitrap (LCMS)	CC1(CCCC2(C1=CC(=O)O2)C)C	splash10-052f-9300000000-126e503d65106873985c	Actinidiolide, dihydro-	public_spectra_2506:(BRUNGS_MCEBIO_07552)	IMKHDCBNRDRUEB	200.100	63	1.051	857316069662550947	857316069662550946	1818	
1	SPECTRUM	true	-1		2		0.46006522	11	2	-1 eV (corrected -1 eV)	[M + H]+	183.021	Orbitrap (LCMS)	C1=CC(=CC=C1C=CC(=O)O)Cl	splash10-0309-2900000000-bc5115a34823cab03874	ACMC-20aixa	public_spectra_2506:(CCMSLIB00010124380)	GXLIFJYFGMHYDY	200.972	63	1.054	857316069868071851	857316069863877546	1665	
1	SPECTRUM	true	0		2	-1 eV	0.8595833	16	2	33 eV	[M + H]+	139.039	Orbitrap (LCMS)	C1=CC=C(C(=C1)C(=O)O)O	splash10-014i-9100000000-37a9d14bd1eea4079faa	Domerine	public_spectra_2506:(MSBNK-Eawag-EQ369607)	YGSDEFSMJLZEOE	153.055	63	1.055	857316069977123759	857316069977123758	1902	
1	SPECTRUM	true	0		2	-1 eV	0.6938623	6	2	-1 eV (corrected -1 eV)	[M + Na]+	501.100	FTICR (LCMS)	CC1C(C(C(C(O1)OC2=C(OC3=CC(=CC(=C3C2=O)O)O)C4=CC(=C(C(=C4)O)OC)O)O)O)O	null-null-null-null	Mearncitrin	public_spectra_2506:(CCMSLIB00004706249)	NAQNISJXKDSYJD	209.102	63	1.056	857316070115535795	857316070111341490	1822	
2	SPECTRUM	true	-1		2		0.4497159	9	2	-1 eV (corrected -1 eV)	[M + H]+	130.050	Q-ToF (LCMS)	C1CC(=O)NC1C(=O)O	splash10-00di-9000000000-0b7aeb9b3d24f2b8b326	Pidolate	public_spectra_2506:(CCMSLIB00005467659)	ODHCTXKNWHHXJC	127.039	64	1.071	857316070304279479	857316070300085174	2084	
1	SPECTRUM	true	2		2	-1 eV	0.78510845	8	2	-1 eV (corrected -1 eV)	[M + Na]+	288.040	Orbitrap (LCMS)	CCOC(=O)COC1=C2C(=C(C=C1)Cl)C=CC=N2	splash10-03di-9300000000-2211404907b26683f03e	ethyl 2-(5-chloro-8-quinolyloxy)acetate	public_spectra_2506:(BRUNGS_MCEBIO_06706)	JEMXUSHXYOXNFL	209.965	65	1.086	857316070560132031	857316070555937726	1850	
1	SPECTRUM	true	0		2	-1 eV	0.5922599	19	2	-1 eV (corrected -1 eV)	[M - H2O + H]+	257.186	Orbitrap (LCMS)	C(CCCC(=O)NCCO)CCCC(=O)NCCO	splash10-0mea-8900000000-176d85f6d1a830e17af0	Adelmidrol	public_spectra_2506:(BRUNGS_MCEBIO_00872)	PAHZPHDAJQIETD	273.950	66	1.096	857316070706932675	857316070702738370	2111	
1	SPECTRUM	true	1		2	-1 eV	0.8346186	7	2	-1 eV (corrected -1 eV)	[M + H]+	119.060	Orbitrap (LCMS)	C1=CC=C2C(=C1)NC=N2	splash10-014i-7900000000-ddd24a610a481561af73	Azindole	public_spectra_2506:(BRUNGS_MCEBIO_07551)	HYZJCKYKOHLVJF	136.022	66	1.100	857316070807595975	857316070803401670	2213	
1	SPECTRUM	true	41		2	-1 eV	0.62986344	7	2	15 eV	[M + H]+	163.039	Orbitrap (LCMS)	CC1=CC2=C(C=C1)C(=O)OC2=O	splash10-03di-0900000000-8a410938a6509d2b8183	Ambap19438-61-0	public_spectra_2506:(MSBNK-LCSB-LU019401)	ZOXBWJMCXHTKNU	114.062	66	1.102	857316070908259275	857316070908259274	2096	
1	SPECTRUM	true	3		2	-1 eV	0.8491654	6	2	40 eV	[M + H]+	247.060	Q-ToF (LCMS)	C1=CC(=C(C=C1O)O)C(=O)C2=C(C=C(C=C2)O)O	splash10-001r-9500000000-b0627559416a799754da	Uvinol D-50	public_spectra_2506:(MSBNK-Env_Anal_Chem_U_Tuebingen-TUE00123)	WXNRYSGJLQFHBR	165.018	68	1.137	857316071193471959	857316071189277654	2248	
1	SPECTRUM	true	0		2	-1 eV	0.4119295	6	2	-1 eV (corrected -1 eV)	[M + H]+	200.107	Orbitrap (LCMS)	CC1=CC(=O)N2CCCC3=C2C1=CC=C3	splash10-0udi-1590000000-290cd4bc4213c93559a4	Oprea1_162401	public_spectra_2506:(CCMSLIB00006697667)	INLMMGKPTMPKDG	189.993	68	1.141	857316071390604255	857316071386409950	2328	
2	SPECTRUM	true	14		2	-1 eV	0.66367376	7	2	-1 eV (corrected -1 eV)	[M + H]+	200.107	Orbitrap (LCMS)	CC1=CC(=O)N2CCCC3=C2C1=CC=C3	splash10-0udi-1590000000-290cd4bc4213c93559a4	Oprea1_162401	public_spectra_2506:(CCMSLIB00006697667)	INLMMGKPTMPKDG	265.966	69	1.149	857316071470296035	857316071470296034	2281	
1	SPECTRUM	true	65		2	-1 eV	0.6942355	12	2	-1 eV (corrected -1 eV)	[M + H]+	200.107	Orbitrap (LCMS)	CC1=CC(=O)N2CCCC3=C2C1=CC=C3	splash10-0udi-1590000000-290cd4bc4213c93559a4	Oprea1_162401	public_spectra_2506:(CCMSLIB00010114760)	INLMMGKPTMPKDG	224.939	70	1.164	857316071575153639	857316071575153638	2317	
1	SPECTRUM	true	29		2	-1 eV	0.65892315	6	2	-1 eV (corrected -1 eV)	[M + H]+	200.107	Orbitrap (LCMS)	CC1=CC(=O)N2CCCC3=C2C1=CC=C3	splash10-0udi-1590000000-290cd4bc4213c93559a4	Oprea1_162401	public_spectra_2506:(CCMSLIB00010114760)	INLMMGKPTMPKDG	242.950	71	1.177	857316071671622635	857316071671622634	2347	
1	SPECTRUM	true	1		2	-1 eV	0.86543	11	2	40 eV	[M + H]+	211.024	Q-ToF (LCMS)	C1=CC(=C(C=C1C(=O)O)C(=O)O)C(=O)O	splash10-053r-9300000000-443a8cd74159707e71ac	1,4-Tricarboxybenzene	public_spectra_2506:(MSBNK-EPA-ENTACT_AGILENT001866)	ARCGXLSVLAOJQL	193.013	71	1.184	857316071843589107	857316071843589106	2348	
1	SPECTRUM	true	0		2	-1 eV	0.7921611	9	2	-1 eV (corrected -1 eV)	[M + H]+	274.093	Orbitrap (LCMS)	C1CC(=O)NC(=O)C1N2C(=O)C3=C(C=CC=C3N=N2)N	splash10-08ml-9400000000-fca416997d1434a397a5	3-(5-Amino-4-oxobenzo[d][1,2,3]triazin-3(4H)-yl)piperidine-2,6-dione	public_spectra_2506:(BRUNGS_MCEBIO_06315)	DXZBHVQOULDEPN	195.949	72	1.208	857316072099441663	857316072099441662	2381	
1	SPECTRUM	true	9		2	-1 eV	0.7912946	8	2	-1 eV (corrected -1 eV)	[M + K]+	371.053	FTICR (LCMS)	CC1=CC(=C(C(=C1)O)C(=O)C2=C(C=C(C=C2OC)O)C(=O)OC)O	null-null-null-null	Sulochrin	public_spectra_2506:(CCMSLIB00004695012)	YJRLSCDUYLRBIZ	371.101	111	1.853	857316072560815123	857316072556620818	2806	
2	SPECTRUM	true	-1		2		0.8425126	6	2	-1 eV (corrected -1 eV)	[M + H]+	109.065	Orbitrap (LCMS)	C1=CC=C(C=C1)CO	splash10-0a4i-4900000000-1deaa446b263495dc2cb	Bentalol	public_spectra_2506:(CCMSLIB00013576802)	WVDDGKGOMKODPV	137.133	116	1.932	857316072757947419	857316072757947418	2845	
1	SPECTRUM	true	4		2	-1 eV	0.45784047	6	2	-1 eV (corrected -1 eV)	[M - H2O + H]+	257.186	Orbitrap (LCMS)	C(CCCC(=O)NCCO)CCCC(=O)NCCO	splash10-0mea-8900000000-176d85f6d1a830e17af0	Adelmidrol	public_spectra_2506:(BRUNGS_MCEBIO_00872)	PAHZPHDAJQIETD	203.972	116	1.938	857316072858610719	857316072854416414	2839	
1	SPECTRUM	true	21		2	-1 eV	0.803936	8	2	-1 eV (corrected -1 eV)	[M + K]+	371.053	FTICR (LCMS)	CC1=CC(=C(C(=C1)O)C(=O)C2=C(C=C(C=C2OC)O)C(=O)OC)O	null-null-null-null	Sulochrin	public_spectra_2506:(CCMSLIB00004695012)	YJRLSCDUYLRBIZ	371.101	119	1.988	857316073038965799	857316073038965798	2893	
1	SPECTRUM	true	-1		2		0.45616117	11	2	-1 eV (corrected -1 eV)	[M + H]+	200.107	Orbitrap (LCMS)	CC1=CC(=O)N2CCCC3=C2C1=CC=C3	splash10-0udi-1590000000-290cd4bc4213c93559a4	Oprea1_162401	public_spectra_2506:(CCMSLIB00006697667)	INLMMGKPTMPKDG	175.977	120	2.000	857316073131240491	857316073127046186	2889	
1	SPECTRUM	true	-1		2		0.84379894	8	2	56 eV	[M + H]+	187.097	Orbitrap (LCMS)	C1CCC(CC1)(CC(=O)O)C(=O)O	splash10-00pi-9000000000-2557cbd15567b8c9332c	NCIStruc1_000126	public_spectra_2506:(MSBNK-Eawag-EQ331208)	SDAXMMUAZRUWNL	137.133	126	2.102	857316073349344307	857316073349344306	2944	
1	SPECTRUM	true	11		2	-1 eV	0.7862663	7	2	-1 eV (corrected -1 eV)	[M + K]+	371.053	FTICR (LCMS)	CC1=CC(=C(C(=C1)O)C(=O)C2=C(C=C(C=C2OC)O)C(=O)OC)O	null-null-null-null	Sulochrin	public_spectra_2506:(CCMSLIB00004695012)	YJRLSCDUYLRBIZ	371.101	130	2.172	857316073538087995	857316073538087994	2974	
1	SPECTRUM	true	1		2	-1 eV	0.8033054	8	2	-1 eV (corrected -1 eV)	[M + K]+	371.053	FTICR (LCMS)	CC1=CC(=C(C(=C1)O)C(=O)C2=C(C=C(C=C2OC)O)C(=O)OC)O	null-null-null-null	Sulochrin	public_spectra_2506:(CCMSLIB00004695012)	YJRLSCDUYLRBIZ	371.101	138	2.295	857316073739414595	857316073735220290	3042	
1	SPECTRUM	true	13		2	-1 eV	0.9122918	9	2	45 eV	[M + H]+	187.097	Orbitrap (LCMS)	C1CCC(CC1)(CC(=O)O)C(=O)O	splash10-003r-9000000000-942729499d336f9d92fb	NCIStruc1_000126	public_spectra_2506:(MSBNK-Eawag-EQ331207)	SDAXMMUAZRUWNL	137.133	141	2.347	857316073835883591	857316073831689286	3067	
1	SPECTRUM	true	2		2	-1 eV	0.78702223	7	2	-1 eV (corrected -1 eV)	[M + K]+	371.053	FTICR (LCMS)	CC1=CC(=C(C(=C1)O)C(=O)C2=C(C=C(C=C2OC)O)C(=O)OC)O	null-null-null-null	Sulochrin	public_spectra_2506:(CCMSLIB00004695012)	YJRLSCDUYLRBIZ	371.101	148	2.475	857316073949129803	857316073944935498	3134	
1	SPECTRUM	true	7		2	-1 eV	0.8689211	7	2	55 eV	[M + H]+	307.263	Orbitrap (LCMS)	CCC=CCC=CCC=CCCCCCCCCCC(=O)O	splash10-0159-9000000000-ef0351d6642d9ee1965e	Icosatrienoic acid	public_spectra_2506:(MSBNK-Eawag-EQ01142706)	AHANXAKGNAKFSK	137.133	154	2.572	857316074045598799	857316074041404494	3183	
1	SPECTRUM	true	0		2	-1 eV	0.76919097	7	2	-1 eV (corrected -1 eV)	[M + H]+	255.065	Orbitrap (LCMS)	C1=CC=C(C(=C1)C2=CC(=O)C3=C(O2)C=CC(=C3)O)O	splash10-0apu-9740000000-86339305fe1251363378	6,2''-Dihydroxyflavone	public_spectra_2506:(BRUNGS_MCEBIO_01283)	YCGXYGWBHFKQHY	165.018	217	3.612	857316074498583651	857316074498583650	3628	
1	SPECTRUM	true	0		2	-1 eV	0.36423242	6	2	-1 eV (corrected -1 eV)	[M + H]+	148.076	Orbitrap (LCMS)	C1=CC=C(C=C1)C=CC(=O)N	splash10-0udj-9600000000-4741fdf83157f4022104	Cinnamic amide	public_spectra_2506:(BRUNGS_MCEBIO_07752)	APEJMQOBVMLION	99.080	232	3.859	857316075706543259	857316075702348954	3815	
1	SPECTRUM	true	6		2	-1 eV	0.86432964	11	2	40 eV	[M + H]+	211.024	Q-ToF (LCMS)	C1=CC(=C(C=C1C(=O)O)C(=O)O)C(=O)O	splash10-053r-9300000000-443a8cd74159707e71ac	1,4-Tricarboxybenzene	public_spectra_2506:(MSBNK-EPA-ENTACT_AGILENT001866)	ARCGXLSVLAOJQL	193.013	235	3.912	857316075945618599	857316075945618598	3959	
1	SPECTRUM	true	-1		2		0.76117295	14	2	-1 eV (corrected -1 eV)	[M + H]+	147.092	Orbitrap (LCMS)	CC1=CC2=C(C=C1C)N=CN2	splash10-001i-2900000000-7be8a177ec3ff531284e	Dimedazol	public_spectra_2506:(BRUNGS_MCEBIO_07524)	LJUQGASMPRMWIW	133.076	238	3.974	857316076109196463	857316076109196462	3929	
1	SPECTRUM	true	0		2	-1 eV	0.38464043	7	2	-1 eV (corrected -1 eV)	[M + H]+	237.112	Orbitrap (LCMS)	CC=CC1=CC(=C(C=C1)OCC(=O)OC)OC	splash10-03di-0900000000-413880caef5f36e30f20	methyl 2-[2-methoxy-4-(prop-1-en-1-yl)phenoxy]acetate	public_spectra_2506:(CCMSLIB00006698691)	ADQWZZPCGOXVIC	200.100	240	4.007	857316076377631931	857316076377631930	3954	
1	SPECTRUM	true	-1		2		0.84196067	6	2	-1 eV (corrected -1 eV)	[M - H2O + H]+	224.165	Orbitrap (LCMS)	CCC(C)(C(CO)NC(=O)C(=CC=CC)C)O	splash10-003r-9000000000-8f5f12e467f5c252aea9	CHEBI:182554	public_spectra_2506:(BRUNGS_NIHNP_01517)	PHCDULUANYZTRK	198.185	241	4.024	857316076201471155	857316076197276850	3963	
3	SPECTRUM	true	3		2	-1 eV	0.5097596	7	2	-1 eV (corrected -1 eV)	[M + H]+	278.284	Orbitrap (LCMS)	C1CCC(CC1)C(CC2CCCCN2)C3CCCCC3	splash10-057i-9250000000-05b0b59ca6bda445d366	Perhexilene	public_spectra_2506:(BRUNGS_MCEBIO_06264)	CYXKNKQEMFBLER	155.154	252	4.202	857316076469906623	857316076469906622	4141	
2	SPECTRUM	true	14		2	-1 eV	0.84071195	7	2	-1 eV (corrected -1 eV)	[M - H2O + H]+	224.165	Orbitrap (LCMS)	CCC(C)(C(CO)NC(=O)C(=CC=CC)C)O	splash10-0a6r-8920000000-08ce724cdead84a65b18	CHEBI:182554	public_spectra_2506:(BRUNGS_NIHNP_01517)	PHCDULUANYZTRK	198.185	255	4.254	857316076557987011	857316076557987010	4179	
1	SPECTRUM	true	-1		2		0.49594814	6	2	-1 eV (corrected -1 eV)	[M + H]+	414.264	Orbitrap (LCMS)	CC(C)(C)C(C)(C1CC23CCC1(C4C25CCNC3CC6=C5C(=C(C=C6)O)O4)OC)O	splash10-03di-0000900000-ddd9b3ca048be082ccd6	Norbuprenorphine	public_spectra_2506:(CCMSLIB00004721850)	YOYLLRBMGQRFTN	328.233	256	4.274	857316076654456007	857316076650261702	4178	
1	SPECTRUM	true	0		2	-1 eV	0.9666491	6	2	38 eV	[M + H]+	316.071	Orbitrap (LCMS)	CN(C)C(=O)C1=C(N=CC=C1)S(=O)(=O)NC(=O)NC(=O)N	splash10-0a4i-3900000000-3ff5f95436c8d330acf0	2-[(Carbamoylcarbamoyl)sulfamoyl]-N,N-dimethylnicotinamide	public_spectra_2506:(MSBNK-Eawag-EQ421204)	DGJDFJVBNQLVJW	288.065	259	4.309	857316076746730699	857316076746730698	4203	
1	SPECTRUM	true	34		2	-1 eV	0.84946275	6	2	-1 eV (corrected -1 eV)	[M - H2O + H]+	224.165	Orbitrap (LCMS)	CCC(C)(C(CO)NC(=O)C(=CC=CC)C)O	splash10-003r-9000000000-8f5f12e467f5c252aea9	CHEBI:182554	public_spectra_2506:(BRUNGS_NIHNP_01517)	PHCDULUANYZTRK	198.185	265	4.411	857316077300378851	857316077300378850	4351	
1	SPECTRUM	true	-1		2		0.7312592	6	2	-1 eV (corrected -1 eV)	[M + K]+	447.080	FTICR (LCMS)	CC1=CC(=CC(=C1C(=O)OC2C(C(OC2N3C=CC(=O)NC3=O)CO)O)OC)O	null-null-null-null		public_spectra_2506:(CCMSLIB00004700467)	RARUJUZFKGDIOM	404.249	275	4.578	857316077556231407	857316077552037102	4485	
5	SPECTRUM	true	1		2	-1 eV	0.75160336	6	2	-1 eV (corrected -1 eV)	[M + H]+	313.155	Orbitrap (LCMS)	C1=CC=C(C=C1)CC(C(=O)NC(CC2=CC=CC=C2)C(=O)O)N	splash10-00di-0900000000-89d19e869e7a0bca29d7	Di-L-phenylalanine	public_spectra_2506:(BRUNGS_MCEBIO_07881)	GKZIWHRNKRBEOH	208.133	276	4.606	857316077640117491	857316077640117490	4549	
1	SPECTRUM	true	-1		2		0.44385192	6	2	-1 eV (corrected -1 eV)	[M + H]+	200.107	Orbitrap (LCMS)	CC1=CC(=O)N2CCCC3=C2C1=CC=C3	splash10-0udi-1590000000-290cd4bc4213c93559a4	Oprea1_162401	public_spectra_2506:(CCMSLIB00006697667)	INLMMGKPTMPKDG	170.089	279	4.650	857316077724003575	857316077724003574	4561	
1	SPECTRUM	true	5		2	-1 eV	0.809732	16	2	49 eV	[M + H]+	164.082	Orbitrap (LCMS)	COCN1C2=CC=CC=C2N=N1	splash10-0udi-9000000000-a59f78665a0e9004eecf	Maybridge3_003481	public_spectra_2506:(MSBNK-Eawag-EQ318308)	QEIXBXXKTUNWDK	137.090	288	4.795	857316078046964999	857316078046964998	4752	
1	SPECTRUM	true	0		2	-1 eV	0.3510572	6	2	-1 eV (corrected -1 eV)	[M - H2O + H]+	159.080	Orbitrap (LCMS)	CC(=O)C=CC1=CC=C(C=C1)OC	splash10-0a4l-2900000000-c9023c3fe86f7bbbe7dc	Anisalacetone	public_spectra_2506:(CCMSLIB00006702075)	WRRZKDVBPZBNJN	170.134	291	4.846	857316078130851083	857316078126656778	4787	
1	SPECTRUM	true	0		2	-1 eV	0.4978799	15	2	33 eV	[M + H]+	222.043	Orbitrap (LCMS)	C1=CC=C(C=C1)N2C(=O)C(=C(C=N2)N)Cl	splash10-0fr7-9400000000-1d3cb6801691c3caa772	Burex-d5	public_spectra_2506:(MSBNK-Eawag-EQ00008805)	WYKYKTKDBLFHCY	227.074	292	4.866	857316078210542863	857316078210542862	4838	
2	SPECTRUM	true	2		2	-1 eV	0.64896977	12	2	-1 eV (corrected -1 eV)	[M + H]+	227.164	Orbitrap (LCMS)	CC(CCCCCC1C=CC(=O)O1)C(C)O	splash10-0aou-9000000000-659f05b6c2420662542b	5-(7-Hydroxy-6-methyloctyl)-2(5H)-furanone	public_spectra_2506:(BRUNGS_NIHNP_01533)	AEPMKZIOUKHDOO	195.123	292	4.866	857316078386703639	857316078386703638	4843	
1	SPECTRUM	true	3		2	-1 eV	0.48402855	11	2	-1 eV (corrected -1 eV)	[M + H]+	200.107	Orbitrap (LCMS)	CC1=CC(=O)N2CCCC3=C2C1=CC=C3	splash10-0udi-1590000000-290cd4bc4213c93559a4	Oprea1_162401	public_spectra_2506:(CCMSLIB00006697667)	INLMMGKPTMPKDG	159.065	294	4.899	857316078596418855	857316078596418854	4904	
1	SPECTRUM	true	-1		2		0.63762975	8	2	56 eV	[M + H]+	187.097	Orbitrap (LCMS)	C1CCC(CC1)(CC(=O)O)C(=O)O	splash10-00pi-9000000000-2557cbd15567b8c9332c	NCIStruc1_000126	public_spectra_2506:(MSBNK-Eawag-EQ331208)	SDAXMMUAZRUWNL	209.102	294	4.903	857316078650944811	857316078646750506	4905	
2	SPECTRUM	true	-1		2		0.70734894	6	2	-1 eV (corrected -1 eV)	[M + K]+	447.080	FTICR (LCMS)	CC1=CC(=CC(=C1C(=O)OC2C(C(OC2N3C=CC(=O)NC3=O)CO)O)OC)O	null-null-null-null		public_spectra_2506:(CCMSLIB00004700467)	RARUJUZFKGDIOM	316.197	297	4.945	857316078701276463	857316078701276462	4961	
1	SPECTRUM	true	6		2	-1 eV	0.511652	14	2	33 eV	[M + H]+	222.043	Orbitrap (LCMS)	C1=CC=C(C=C1)N2C(=O)C(=C(C=N2)N)Cl	splash10-0fr7-9400000000-1d3cb6801691c3caa772	Burex-d5	public_spectra_2506:(MSBNK-Eawag-EQ00008805)	WYKYKTKDBLFHCY	227.074	301	5.011	857316078923574591	857316078919380286	5051	
3	SPECTRUM	true	0		2	-1 eV	0.6657525	7	2	-1 eV (corrected -1 eV)	[M + K]+	447.080	FTICR (LCMS)	CC1=CC(=CC(=C1C(=O)OC2C(C(OC2N3C=CC(=O)NC3=O)CO)O)OC)O	null-null-null-null		public_spectra_2506:(CCMSLIB00004700467)	RARUJUZFKGDIOM	253.128	301	5.021	857316079032626503	857316079032626502	5069	
1	SPECTRUM	true	23		2	-1 eV	0.8109355	7	2	45 eV	[M + H]+	282.279	Orbitrap (LCMS)	CC1CN(CC(O1)C)C2CCCCCCCCCCC2	splash10-00kb-9100000000-e4a08fe976d38bc2ab00	Meltatox	public_spectra_2506:(MSBNK-UFZ-WANA2382237762PH)	JMXKCYUTURMERF	198.185	302	5.026	857316079087152459	857316079087152458	5003	
1	SPECTRUM	true	25		2	-1 eV	0.9703894	6	2	67 eV	[M + H]+	279.159	Orbitrap (LCMS)	CCCCOC(=O)C1=CC=CC=C1C(=O)OCCCC	splash10-014i-9200000000-2b0820b30884f0f997a5	Hatcol DBP	public_spectra_2506:(MSBNK-Eawag-EQ367007)	DOIRQSBPFJWKBE	149.023	302	5.034	857316079145872719	857316079141678414	5079	
1	SPECTRUM	true	0		2	-1 eV	0.752261	6	2	-1 eV (corrected -1 eV)	[M + K]+	447.080	FTICR (LCMS)	CC1=CC(=CC(=C1C(=O)OC2C(C(OC2N3C=CC(=O)NC3=O)CO)O)OC)O	null-null-null-null		public_spectra_2506:(CCMSLIB00004700467)	RARUJUZFKGDIOM	298.186	303	5.043	857316079250730327	857316079250730326	5153	
1	SPECTRUM	true	3		2	-1 eV	0.79753274	14	2	-1 eV (corrected -1 eV)	[M + H]+	308.116	Orbitrap (LCMS)	C1CCC2C(C1)C2C(=O)NNC(=O)NC3=CC=C(C=C3)Cl	splash10-0apj-9100000000-441e70a24b3645bf7350	1-(bicyclo[4.1.0]heptane-7-carbonylamino)-3-(4-chlorophenyl)urea	public_spectra_2506:(BRUNGS_MCESCAF_03758)	IQWDRLAUZYRKPL	169.086	303	5.051	857316079305256283	857316079301061978	5117	
2	SPECTRUM	true	-1		2		0.76877993	9	2	-1 eV (corrected -1 eV)	[M + K]+	447.080	FTICR (LCMS)	CC1=CC(=CC(=C1C(=O)OC2C(C(OC2N3C=CC(=O)NC3=O)CO)O)OC)O	null-null-null-null		public_spectra_2506:(CCMSLIB00004700467)	RARUJUZFKGDIOM	360.223	307	5.112	857316079397530979	857316079397530978	5257	
1	SPECTRUM	true	0		2	-1 eV	0.61457247	7	2	90 eV	[M + H]+	164.046	Orbitrap (LCMS)	C1=CC2=C(C=C1[N+](=O)[O-])NC=N2	splash10-0uxr-1900000000-fd9e87a9ccd2f7a33a44	Oprea1_525754	public_spectra_2506:(MSBNK-LCSB-LU092206)	XPAZGLFMMUODDK	181.036	308	5.129	857316079443668327	857316079443668326	5250	
2	SPECTRUM	true	-1		2		0.95510626	8	2	-1 eV (corrected -1 eV)	[M + H]+	415.254	N/A	C(COCCOCCOCCOCCOCCOCCOCCOCCO)O	splash10-000i-9200000000-584c3589e41a9e4f353b	Epitope ID:159256	public_spectra_2506:(CCMSLIB00003135946)	YZUUTMGDONTGTN	328.233	310	5.169	857316079493999979	857316079489805674	5384	
1	SPECTRUM	true	-1		2		0.6448503	6	2	10 eV	[M + H]+	159.138	Bruker Q-ToF (LCMS)	CCCCCCCCC(=O)O	splash10-052r-9500000000-1d814a69f8f26a9c7ae2	nonylate	public_spectra_2506:(MSBNK-BGC_Munich-RP023901)	FBUKVWPVBMHYJY	283.175	311	5.178	857316079544331631	857316079544331630	5380	
3	SPECTRUM	true	0		2	-1 eV	0.6917409	8	2	-1 eV (corrected -1 eV)	[M + H]+	497.217	FTICR (LCMS)	CC=CC=CC(=O)C1C(C2C(=C(C=CC=CC)O)C(=O)C1(C(=O)C2(C)O)C)C3(C(=C(C(=O)O3)C)O)C	null-null-null-null	Bislongiquinolide	public_spectra_2506:(CCMSLIB00004712867)	POOKHYNGUAZJAE	153.085	312	5.208	857316079691132283	857316079691132282	5399	
1	SPECTRUM	true	0		2	-1 eV	0.7729654	7	2	-1 eV (corrected -1 eV)	[M + H]+	503.306	N/A	C(COCCOCCOCCOCCOCCOCCOCCOCCOCCOCCO)O	splash10-0019-9700000000-90eea70ae3ee153baa75	Undecaethylene glycol	public_spectra_2506:(CCMSLIB00003138415)	PSVXZQVXSXSQRO	342.212	314	5.240	857316079741463935	857316079741463934	5441	
1	SPECTRUM	true	0		2	-1 eV	0.7291898	7	2	-1 eV (corrected -1 eV)	[M + K]+	447.080	FTICR (LCMS)	CC1=CC(=CC(=C1C(=O)OC2C(C(OC2N3C=CC(=O)NC3=O)CO)O)OC)O	null-null-null-null		public_spectra_2506:(CCMSLIB00004700467)	RARUJUZFKGDIOM	297.154	315	5.245	857316079787601283	857316079787601282	5473	
1	SPECTRUM	true	0		2	-1 eV	0.7540328	13	2	65 eV	[M + H]+	180.175	Orbitrap (LCMS)	CC12CC3CC(C1)(CC(C3)(C2)N)C	splash10-00kf-9000000000-f283a81168372575c2aa	Memantin	public_spectra_2506:(MSBNK-Eawag-EQ335109)	BUGYDGFZZOZRHP	153.091	317	5.282	857316079846321543	857316079846321542	5603	
1	SPECTRUM	true	-1		2		0.7768355	8	2	-1 eV (corrected -1 eV)	[M + K]+	447.080	FTICR (LCMS)	CC1=CC(=CC(=C1C(=O)OC2C(C(OC2N3C=CC(=O)NC3=O)CO)O)OC)O	null-null-null-null		public_spectra_2506:(CCMSLIB00004700467)	RARUJUZFKGDIOM	404.249	318	5.296	857316079900847499	857316079896653194	5565	
1	SPECTRUM	true	5		2	-1 eV	0.7511795	6	2	90 eV	[M + H]+	251.185	Orbitrap (LCMS)	CCC(CO)(CO)COCC(CC)(CO)CO	splash10-05rr-9000000000-63b8a83c370b5518b951	Ditrimethylolpropane	public_spectra_2506:(MSBNK-LCSB-LU043906)	WMYINDVYGQKYMI	127.075	322	5.365	857316080114757019	857316080114757018	5602	
1	SPECTRUM	true	6		2	-1 eV	0.81868976	10	2	-1 eV (corrected -1 eV)	[M + H]+	178.109	Orbitrap (LCMS)	C1=CC=C(C=C1)N=C(N)N=C(N)N	splash10-03di-9100000000-c028b216a6e6b88eb6bf	Lopac-P-120	public_spectra_2506:(BRUNGS_MCEBIO_03896)	CUQCMXFWIMOWRP	212.118	323	5.384	857316080165088671	857316080165088670	5569	
3	SPECTRUM	true	-1		2		0.91055363	6	2	-1 eV (corrected -1 eV)	[M + H]+	503.306	N/A	C(COCCOCCOCCOCCOCCOCCOCCOCCOCCOCCO)O	splash10-0019-9700000000-90eea70ae3ee153baa75	Undecaethylene glycol	public_spectra_2506:(CCMSLIB00003138415)	PSVXZQVXSXSQRO	372.259	325	5.421	857316080265751975	857316080265751974	5729	
1	SPECTRUM	true	-1		2		0.54066837	6	2	10 eV	[M + H]+	159.138	Bruker Q-ToF (LCMS)	CCCCCCCCC(=O)O	splash10-052r-9500000000-1d814a69f8f26a9c7ae2	nonylate	public_spectra_2506:(MSBNK-BGC_Munich-RP023901)	FBUKVWPVBMHYJY	312.202	326	5.428	857316080320277931	857316080316083626	5794	
1	SPECTRUM	true	0		2	-1 eV	0.77627087	8	2	-1 eV (corrected -1 eV)	[M + K]+	447.080	FTICR (LCMS)	CC1=CC(=CC(=C1C(=O)OC2C(C(OC2N3C=CC(=O)NC3=O)CO)O)OC)O	null-null-null-null		public_spectra_2506:(CCMSLIB00004700467)	RARUJUZFKGDIOM	448.275	326	5.437	857316080370609583	857316080370609582	5859	
1	SPECTRUM	true	0		2	-1 eV	0.7815644	6	2	-1 eV (corrected -1 eV)	[M + H]+	503.306	N/A	C(COCCOCCOCCOCCOCCOCCOCCOCCOCCOCCO)O	splash10-0019-9700000000-90eea70ae3ee153baa75	Undecaethylene glycol	public_spectra_2506:(CCMSLIB00003138415)	PSVXZQVXSXSQRO	386.238	327	5.443	857316080420941235	857316080420941234	5763	
1	SPECTRUM	true	-1		2		0.63837415	12	2	60 eV	[M + H]+	251.185	Orbitrap (LCMS)	CCC(CO)(CO)COCC(CC)(CO)CO	splash10-00lr-9000000000-37f4cf7385e02ce3c349	Ditrimethylolpropane	public_spectra_2506:(MSBNK-LCSB-LU043904)	WMYINDVYGQKYMI	267.144	328	5.459	857316080475467191	857316080471272886	5823	
6	SPECTRUM	true	0		2	-1 eV	0.9138168	7	2	-1 eV (corrected -1 eV)	[M + H]+	503.306	N/A	C(COCCOCCOCCOCCOCCOCCOCCOCCOCCOCCO)O	splash10-0019-9700000000-90eea70ae3ee153baa75	Undecaethylene glycol	public_spectra_2506:(CCMSLIB00003138415)	PSVXZQVXSXSQRO	416.285	329	5.490	857316080525798843	857316080525798842	5953	
1	SPECTRUM	true	-1		2		0.6896474	6	2	-1 eV (corrected -1 eV)	[M + K]+	285.052	FTICR (LCMS)	CC(C)(C1CC2=C(O1)C=CC3=C2OC(=O)C=C3)O	null-null-null-null	Columbianetin	public_spectra_2506:(CCMSLIB00004695093)	YRAQEMCYCSSHJG	371.228	330	5.501	857316080576130495	857316080576130494	5950	
1	SPECTRUM	true	-1		2		0.7921635	7	2	-1 eV (corrected -1 eV)	[M + H]+	503.306	N/A	C(COCCOCCOCCOCCOCCOCCOCCOCCOCCOCCO)O	splash10-0019-9700000000-90eea70ae3ee153baa75	Undecaethylene glycol	public_spectra_2506:(CCMSLIB00003138415)	PSVXZQVXSXSQRO	430.265	334	5.565	857316080685182407	857316080685182406	6056	
1	SPECTRUM	true	11		2	-1 eV	0.782956	22	2	-1 eV (corrected -1 eV)	[M + H]+	181.122	Orbitrap (LCMS)	CC1(CCCC2(C1=CC(=O)O2)C)C	splash10-052f-9300000000-126e503d65106873985c	Actinidiolide, dihydro-	public_spectra_2506:(BRUNGS_MCEBIO_07552)	IMKHDCBNRDRUEB	167.107	335	5.581	857316080743902667	857316080743902666	5987	
1	SPECTRUM	true	5		2	-1 eV	0.8200679	21	2	-1 eV (corrected -1 eV)	[M + H]+	217.143	Orbitrap (LCMS)	CCC(CC1CCC(O1)C(C)C(=O)O)O	splash10-05qc-9000000000-ae3de59d86b4dc4a633e	Homononactinic acid	public_spectra_2506:(BRUNGS_NIHNP_01399)	HTCUURQJNZBKIA	171.102	335	5.585	857316080806817231	857316080802622926	6017	
2	SPECTRUM	true	-1		2		0.4525932	7	2	-1 eV (corrected -1 eV)	[M + K]+	329.115	FTICR (LCMS)	CC1=CC2C(C(CC(=CCC1)C)OC(=O)C)C(=C)C(=O)O2	null-null-null-null	Tulipinolide	public_spectra_2506:(CCMSLIB00004696962)	UPNVKIZABMRHNR	356.228	340	5.665	857316080962006491	857316080957812186	6250	
5	SPECTRUM	true	0		2	-1 eV	0.94106704	6	2	-1 eV (corrected -1 eV)	[M + H]+	459.280	N/A	C(COCCOCCOCCOCCOCCOCCOCCOCCOCCO)O	splash10-0019-9600000000-64cd347fe8e46b4cc0c5	Polyoxyethylene (10)	public_spectra_2506:(CCMSLIB00003135910)	DTPCFIHYWYONMD	460.312	340	5.667	857316081020726751	857316081016532446	6266	
1	SPECTRUM	true	0		2	-1 eV	0.9184952	6	2	-1 eV (corrected -1 eV)	[M + Na]+	283.105	FTICR (LCMS)	C1CC2C(=O)NC(C(=O)N2C1)CC3=CC=C(C=C3)O	null-null-null-null	Maculosin	public_spectra_2506:(CCMSLIB00004710906)	LSGOTAXPWMCUCK	415.254	341	5.680	857316081071058403	857316081071058402	6260	
1	SPECTRUM	true	34		2	-1 eV	0.67574215	9	2	60 eV	[M + H]+	251.185	Orbitrap (LCMS)	CCC(CO)(CO)COCC(CC)(CO)CO	splash10-00lr-9000000000-37f4cf7385e02ce3c349	Ditrimethylolpropane	public_spectra_2506:(MSBNK-LCSB-LU043904)	WMYINDVYGQKYMI	311.206	350	5.829	857316081138167271	857316081133972966	6396	
6	SPECTRUM	true	-1		2		0.91998255	9	2	-1 eV (corrected -1 eV)	[M + H]+	503.306	N/A	C(COCCOCCOCCOCCOCCOCCOCCOCCOCCOCCO)O	splash10-0019-9700000000-90eea70ae3ee153baa75	Undecaethylene glycol	public_spectra_2506:(CCMSLIB00003138415)	PSVXZQVXSXSQRO	504.338	355	5.919	857316081255607791	857316081255607790	6653	
5	SPECTRUM	true	-1		2		0.75366	6	2	-1 eV (corrected -1 eV)	[M + H]+	503.306	N/A	C(COCCOCCOCCOCCOCCOCCOCCOCCOCCOCCO)O	splash10-001r-6900000000-d8f4a27e14e2ad6b1f23	Undecaethylene glycol	public_spectra_2506:(CCMSLIB00003135327)	PSVXZQVXSXSQRO	400.254	357	5.955	857316081322716659	857316081318522354	6703	
1	SPECTRUM	true	1		2	-1 eV	0.74882865	12	2	49 eV	[M + H]+	164.082	Orbitrap (LCMS)	COCN1C2=CC=CC=C2N=N1	splash10-0udi-9000000000-a59f78665a0e9004eecf	Maybridge3_003481	public_spectra_2506:(MSBNK-Eawag-EQ318308)	QEIXBXXKTUNWDK	136.084	359	5.980	857316081373048311	857316081373048310	6753	
1	SPECTRUM	true	0		2	-1 eV	0.6652042	11	2	60 eV	[M + H]+	251.185	Orbitrap (LCMS)	CCC(CO)(CO)COCC(CC)(CO)CO	splash10-00lr-9000000000-37f4cf7385e02ce3c349	Ditrimethylolpropane	public_spectra_2506:(MSBNK-LCSB-LU043904)	WMYINDVYGQKYMI	311.206	365	6.077	857316081524043267	857316081519848962	7024	
7	SPECTRUM	true	11		2	-1 eV	0.9428399	8	2	-1 eV (corrected -1 eV)	[M + H]+	503.306	N/A	C(COCCOCCOCCOCCOCCOCCOCCOCCOCCOCCO)O	splash10-001r-6900010000-1754a9999dad3e2f1b53	Undecaethylene glycol	public_spectra_2506:(CCMSLIB00003136774)	PSVXZQVXSXSQRO	592.390	366	6.105	857316081578569223	857316081578569222	6911	
3	SPECTRUM	true	-1		2		0.779293	6	2	-1 eV (corrected -1 eV)	[M + H]+	503.306	N/A	C(COCCOCCOCCOCCOCCOCCOCCOCCOCCOCCO)O	splash10-001r-6900000000-d8f4a27e14e2ad6b1f23	Undecaethylene glycol	public_spectra_2506:(CCMSLIB00003135327)	PSVXZQVXSXSQRO	444.280	367	6.121	857316081687621135	857316081683426830	7097	
2	SPECTRUM	true	16		2	-1 eV	0.71423984	7	2	-1 eV (corrected -1 eV)	[M + H]+	415.254	N/A	C(COCCOCCOCCOCCOCCOCCOCCOCCO)O	splash10-000i-9200000000-584c3589e41a9e4f353b	Epitope ID:159256	public_spectra_2506:(CCMSLIB00003135946)	YZUUTMGDONTGTN	355.233	371	6.175	857316081809255959	857316081809255958	7041	
1	SPECTRUM	true	5		2	-1 eV	0.8040701	6	2	-1 eV (corrected -1 eV)	[M - H2O + H]+	135.117	Orbitrap (LCMS)	CC1=CCC(CC1O)C(=C)C	splash10-0a4l-5900000000-2f05db552ebf64ca29b4	carveols	public_spectra_2506:(CCMSLIB00010125872)	BAVONGHXFVOKBV	95.086	374	6.228	857316081951862303	857316081951862302	7325	
1	SPECTRUM	true	0		2	-1 eV	0.526647	21	2	33 eV	[M + H]+	222.043	Orbitrap (LCMS)	C1=CC=C(C=C1)N2C(=O)C(=C(C=N2)N)Cl	splash10-0fr7-9400000000-1d3cb6801691c3caa772	Burex-d5	public_spectra_2506:(MSBNK-Eawag-EQ00008805)	WYKYKTKDBLFHCY	227.074	374	6.233	857316082014776867	857316082014776866	7222	
2	SPECTRUM	true	0		2	-1 eV	0.93824285	6	2	-1 eV (corrected -1 eV)	[M + H]+	459.280	N/A	C(COCCOCCOCCOCCOCCOCCOCCOCCOCCO)O	splash10-0019-9600000000-64cd347fe8e46b4cc0c5	Polyoxyethylene (10)	public_spectra_2506:(CCMSLIB00003135910)	DTPCFIHYWYONMD	636.416	377	6.291	857316082069302823	857316082065108518	7441	
1	SPECTRUM	true	2		2	-1 eV	0.86347073	14	2	35 eV	[M + H]+	290.139	Orbitrap (LCMS)	CN1C2CCC1C(C(C2)OC(=O)C3=CC=CC=C3)C(=O)O	splash10-066r-2900000000-5edd3868a2d5ad56b6e3	benzoylecgonine	public_spectra_2506:(MSBNK-Eawag-EA282305)	GVGYEFKIHJTNQZ	304.154	381	6.357	857316082123828779	857316082119634474	7590	
1	SPECTRUM	true	0		2	-1 eV	0.7318296	11	2	21 eV	[M + H]+	152.107	FTICR (LCMS)	CC(CC1=CC=C(C=C1)O)N	splash10-0a6s-9300000000-ffe62efdb5dd3fbd7400	Pedrolon	public_spectra_2506:(MSBNK-Eawag-EQ01087208)	GIKNHHRFLCDOEU	163.039	382	6.368	857316082182549039	857316082182549038	7592	
1	SPECTRUM	true	9		2	-1 eV	0.82416415	22	2	75 eV	[M + H]+	167.107	Orbitrap (LCMS)	CCCCCC1=CC=CC(=O)O1	splash10-014j-9000000000-0f9ccb86c90d454fe753	6-Amyl-2-pyrone	public_spectra_2506:(MSBNK-LCSB-LU079505)	MAUFTTLGOUBZNA	169.122	383	6.388	857316082299989559	857316082299989558	7622	
1	SPECTRUM	true	4		2	-1 eV	0.54554236	8	2	-1 eV (corrected -1 eV)	[M + H]+	415.139	Orbitrap (LCMS)	CC12CCCC(O1)C3=C(O2)C(=C4C(=C3O)C(=O)C5=C(O4)C=CC(=C5OC)OC)OC	null-null-null-null	Compound NP-012318	public_spectra_2506:(CCMSLIB00005722308)	NSNKDXYBGHRIGH	256.170	387	6.453	857316082358709819	857316082358709818	7613	
1	SPECTRUM	true	0		2	-1 eV	0.57763565	6	2	-1 eV (corrected -1 eV)	[M + H]+	502.224	Orbitrap (LCMS)	C(C1C(C(C(C(O1)OC2C(OC(C(C2O)N)OC3C(OC(C(C3O)N)O)CO)CO)N)O)O)O	splash10-03la-8901000000-750eb73e501f98c17c5c	D-Glucosaminide	public_spectra_2506:(BRUNGS_MCEBIO_07880)	RQFQJYYMBWVMQG	318.196	388	6.465	857316082417430079	857316082417430078	7727	
3	SPECTRUM	true	-1		2		0.9314796	8	2	-1 eV (corrected -1 eV)	[M + H]+	503.306	N/A	C(COCCOCCOCCOCCOCCOCCOCCOCCOCCOCCO)O	splash10-001r-6900010000-1754a9999dad3e2f1b53	Undecaethylene glycol	public_spectra_2506:(CCMSLIB00003136774)	PSVXZQVXSXSQRO	680.442	388	6.470	857316082471956035	857316082467761730	7735	
3	SPECTRUM	true	19		2	-1 eV	0.76537806	6	2	-1 eV (corrected -1 eV)	[M + H]+	415.254	N/A	C(COCCOCCOCCOCCOCCOCCOCCOCCO)O	splash10-000i-9200000000-584c3589e41a9e4f353b	Epitope ID:159256	public_spectra_2506:(CCMSLIB00003135946)	YZUUTMGDONTGTN	399.259	389	6.476	857316082526481991	857316082526481990	7665	
1	SPECTRUM	true	2		2	-1 eV	0.8762559	7	2	121 eV	[M + H]+	337.227	Orbitrap (LCMS)	CCC(=O)N(C1CCN(CC1)CCC2=CC=CC=C2)C3=CC=CC=C3	splash10-0ufs-9200000000-ff2c211a084a5f124781	Fentanil	public_spectra_2506:(MSBNK-Eawag-EQ364009)	PJMPHNIQZUBGLI	134.071	390	6.505	857316082656505423	857316082656505422	7792	
1	SPECTRUM	true	0		2	-1 eV	0.7047154	11	2	-1 eV (corrected -1 eV)	[M - H2O + H]+	280.133	Orbitrap (LCMS)	COC1=CC=C(C=C1)C(CNC(=O)C=CC2=CC=CC=C2)O	splash10-0uea-6900000000-14b384fb5d11e36a952d	Aegelin	public_spectra_2506:(BRUNGS_MCEBIO_07556)	QRFDENJATPJOKG	191.070	391	6.510	857316082593590859	857316082589396554	7716	
1	SPECTRUM	true	0		2	-1 eV	0.7557749	26	2	-1 eV (corrected -1 eV)	[M + Na]+	303.229	Orbitrap (LCMS)	C1CC(C=C1)CCCCCCCCCCCCC(=O)O	splash10-00lv-9200000000-c1b2b2ecb917a972bb2c	Spectrum_001409	public_spectra_2506	XMVQWNRDPAAMJB	281.175	392	6.529	857316082765557335	857316082765557334	7834	
1	SPECTRUM	true	0		2	-1 eV	0.8313406	11	2	-1 eV (corrected -1 eV)	[M + H]+	432.174	Orbitrap (LCMS)	C1C2CC3CC1CC(C2)(C3)C(=O)NC4=CC5=C(C=C4)N=C(S5)NC(=O)C6=CC=CC=C6	splash10-0pba-9500000000-933ab91198db9e1133ba	N-(2-benzamido-1,3-benzothiazol-6-yl)adamantane-1-carboxamide	public_spectra_2506:(BRUNGS_MCEBIO_03488)	MVSSJPGNLQPWSW	161.060	393	6.549	857316082820083291	857316082820083290	7873	
1	SPECTRUM	true	20		2	-1 eV	0.79507065	15	2	-1 eV (corrected -1 eV)	[M + H]+	259.096	Orbitrap (LCMS)	CC(=C)C1C(O1)C2=C(C=CC3=C2OC(=O)C=C3)OC	splash10-0f89-1900000000-620d37af578fe6ea0c97	Phebalosin	public_spectra_2506:(BRUNGS_NIHNP_00356)	YTDNHMHONBWCBV	191.071	395	6.587	857316082874609247	857316082874609246	7946	
1	SPECTRUM	true	1		2	-1 eV	0.7976078	18	2	-1 eV (corrected -1 eV)	[M + H]+	432.174	Orbitrap (LCMS)	C1C2CC3CC1CC(C2)(C3)C(=O)NC4=CC5=C(C=C4)N=C(S5)NC(=O)C6=CC=CC=C6	splash10-0pba-9500000000-933ab91198db9e1133ba	N-(2-benzamido-1,3-benzothiazol-6-yl)adamantane-1-carboxamide	public_spectra_2506:(BRUNGS_MCEBIO_03488)	MVSSJPGNLQPWSW	183.102	396	6.597	857316082929135203	857316082924940898	7886	
5	SPECTRUM	true	-1		2		0.5208271	6	2	10 eV	[M + H]+	159.138	Bruker Q-ToF (LCMS)	CCCCCCCCC(=O)O	splash10-052r-9500000000-1d814a69f8f26a9c7ae2	nonylate	public_spectra_2506:(MSBNK-BGC_Munich-RP023901)	FBUKVWPVBMHYJY	141.091	396	6.606	857316082983661159	857316082979466854	7966	
1	SPECTRUM	true	13		2	-1 eV	0.38937315	10	2	-1 eV (corrected -1 eV)	[M + K]+	865.398	FTICR (LCMS)	CC(C1CCC2(C1(CCC34C2CCC5C3(C4)CCC(C5(C)C(=O)O)OC6C(C(C(C(O6)C(=O)O)O)O)OC7C(C(C(C(O7)CO)O)O)O)C)C)C(CC=C(C)CO)O	null-null-null-null	6-({7-carboxy-15-	public_spectra_2506:(CCMSLIB00004710986)	JBNMHJLAARQCFY	190.071	396	6.607	857316083096907375	857316083092713070	8003	
1	SPECTRUM	true	36		2	-1 eV	0.6316423	6	2	24 eV	[M + H]+	150.128	Orbitrap (LCMS)	CC(C)(CC1=CC=CC=C1)N	splash10-00kf-9000000000-4cb4fd11e886313cb557	Adipex-P	public_spectra_2506:(MSBNK-HBM4EU-HB002012)	DHHVAGZRUROJKS	149.045	396	6.608	857316083164016243	857316083159821938	8000	
1	SPECTRUM	true	13		2	-1 eV	0.65555394	15	2	-1 eV (corrected -1 eV)	[M + H3N + H]+	314.196	Orbitrap (LCMS)	CC(=CCC1C(O1)(C)C2(C(C(=O)CCC23CO3)OC)O)C	splash10-014i-9000000000-8feb168c66d829867aae	8-hydroxy-7-methoxy-8-[2-methyl-3-(3-methylbut-2-enyl)oxiran-2-yl]-2-oxaspiro[2.5]octan-6-one	public_spectra_2506:(BRUNGS_NIHNP_03190)	NESRXFGQJARQNM	167.056	397	6.609	857316083231125111	857316083231125110	8002	
1	SPECTRUM	true	1		2	-1 eV	0.42431933	11	2	25 eV	[M + H]+	139.039	Orbitrap (LCMS)	C1=CC=C(C(=C1)C(=O)O)O	splash10-01b9-9700000000-e00d66b41e77653cb63f	Domerine	public_spectra_2506:(MSBNK-Eawag-EQ369606)	YGSDEFSMJLZEOE	177.040	397	6.610	857316083289845371	857316083289845370	7989	
1	SPECTRUM	true	0		2	-1 eV	0.7391014	6	2	-1 eV (corrected -1 eV)	[M + H]+	415.254	N/A	C(COCCOCCOCCOCCOCCOCCOCCOCCO)O	splash10-000i-9200000000-584c3589e41a9e4f353b	Epitope ID:159256	public_spectra_2506:(CCMSLIB00003135946)	YZUUTMGDONTGTN	340.209	397	6.622	857316083344371327	857316083340177022	8049	
1	SPECTRUM	true	2		2	-1 eV	0.3844586	6	2	-1 eV (corrected -1 eV)	[M + H]+	312.149	Orbitrap (LCMS)	C1CCC(CC1)N2C(=NN=N2)SCC(=O)N3CCOCC3	splash10-014i-9800000000-529ac3f12ec9a97bcd1d	Oprea1_120932	public_spectra_2506:(BRUNGS_MCESCAF_03967)	CIUVLAOKVYFLDP	213.160	398	6.627	857316083407285891	857316083407285890	8012	
3	SPECTRUM	true	20		2	-1 eV	0.781236	6	2	-1 eV (corrected -1 eV)	[M + H]+	341.280	Orbitrap (LCMS)	C1CCC(CC1)NC(=O)NCCCCCCCCCCCC(=O)O	splash10-014i-7891000000-b77ac0b9a3f939af2f08	Dodecanoic acid, 12-[[(cyclohexylamino)carbonyl]amino]-	public_spectra_2506:(BRUNGS_MCEBIO_05087)	HPTJABJPZMULFH	213.160	403	6.721	857316083478589063	857316083474394758	8226	
5	SPECTRUM	true	38		2	-1 eV	0.7958133	6	2	-1 eV (corrected -1 eV)	[M + H]+	415.254	N/A	C(COCCOCCOCCOCCOCCOCCOCCOCCO)O	splash10-000i-9200000000-584c3589e41a9e4f353b	Epitope ID:159256	public_spectra_2506:(CCMSLIB00003135946)	YZUUTMGDONTGTN	443.285	403	6.721	857316083533115019	857316083533115018	8020	
4	SPECTRUM	true	126		2	-1 eV	0.78243417	6	2	-1 eV (corrected -1 eV)	[M + H]+	503.306	N/A	C(COCCOCCOCCOCCOCCOCCOCCOCCOCCOCCO)O	splash10-001r-6900000000-d8f4a27e14e2ad6b1f23	Undecaethylene glycol	public_spectra_2506:(CCMSLIB00003135327)	PSVXZQVXSXSQRO	488.343	403	6.722	857316083600223887	857316083596029582	8087	
3	SPECTRUM	true	6		2	-1 eV	0.78975767	6	2	-1 eV (corrected -1 eV)	[M + H]+	415.254	N/A	C(COCCOCCOCCOCCOCCOCCOCCOCCO)O	splash10-000i-9200000000-584c3589e41a9e4f353b	Epitope ID:159256	public_spectra_2506:(CCMSLIB00003135946)	YZUUTMGDONTGTN	460.312	404	6.727	857316083654749843	857316083654749842	8067	
3	SPECTRUM	true	0		2	-1 eV	0.6096691	7	2	-1 eV (corrected -1 eV)	[M + H]+	502.224	Orbitrap (LCMS)	C(C1C(C(C(C(O1)OC2C(OC(C(C2O)N)OC3C(OC(C(C3O)N)O)CO)CO)N)O)O)O	splash10-03la-8901000000-750eb73e501f98c17c5c	D-Glucosaminide	public_spectra_2506:(BRUNGS_MCEBIO_07880)	RQFQJYYMBWVMQG	362.222	407	6.778	857316083763801755	857316083759607450	8296	
3	SPECTRUM	true	0		2	-1 eV	0.73956937	6	2	-1 eV (corrected -1 eV)	[M + H]+	503.306	N/A	C(COCCOCCOCCOCCOCCOCCOCCOCCOCCOCCO)O	splash10-001r-6900000000-d8f4a27e14e2ad6b1f23	Undecaethylene glycol	public_spectra_2506:(CCMSLIB00003135327)	PSVXZQVXSXSQRO	384.235	415	6.913	857316083814133407	857316083814133406	8516	
1	SPECTRUM	true	10		2	-1 eV	0.59035224	6	2	-1 eV (corrected -1 eV)	[M + H]+	303.137	Orbitrap (LCMS)	CC(C)(C)OC(=O)N1CC(CC1C(=O)N2CCSC2)O	splash10-0f79-9040000000-5eaf9b20c7270bae10c9	2382064-24-4	public_spectra_2506:(BRUNGS_MCESCAF_04038)	CABJFRFFUZMDSS	142.123	416	6.929	857316083931573927	857316083927379622	8543	
2	SPECTRUM	true	81		2	-1 eV	0.8321314	6	2	-1 eV (corrected -1 eV)	[M + H]+	503.306	N/A	C(COCCOCCOCCOCCOCCOCCOCCOCCOCCOCCO)O	splash10-0019-7900000000-a5cdaeb8a813703dc5db	Undecaethylene glycol	public_spectra_2506:(CCMSLIB00003138800)	PSVXZQVXSXSQRO	532.369	416	6.940	857316083986099883	857316083986099882	8570	
21	SPECTRUM	true	44		2	-1 eV	0.81919384	6	2	-1 eV (corrected -1 eV)	[M + H]+	415.254	N/A	C(COCCOCCOCCOCCOCCOCCOCCOCCO)O	splash10-000i-9200000000-584c3589e41a9e4f353b	Epitope ID:159256	public_spectra_2506:(CCMSLIB00003135946)	YZUUTMGDONTGTN	487.311	416	6.942	857316084040625839	857316084036431534	8573	
3	SPECTRUM	true	-1		2		0.8136304	7	2	-1 eV (corrected -1 eV)	[M + H]+	299.233	Orbitrap (LCMS)	CCCCCCCC=CC(=O)NCCCCC(C(=O)O)N	splash10-001r-5900000000-f75384f504c9d6260452	L-lysine_(E) -dec-2-enoyl chloride	public_spectra_2506:(CCMSLIB00012472351)	KALOTFZSTYHNHE	504.338	417	6.952	857316084086763187	857316084086763186	8593	
1	SPECTRUM	true	2		2	-1 eV	0.91917694	6	2	37 eV	[M + H]+	411.108	Orbitrap (LCMS)	CN(C)C(=O)C1=C(N=CC=C1)S(=O)(=O)NC(=O)NC2=NC(=CC(=N2)OC)OC	splash10-001i-0900000000-8dda3c3ef0f4f625a058	Motivell	public_spectra_2506:(MSBNK-Eawag-EA012910)	RTCOGUMHFFWOJV	417.146	418	6.964	857316084137094839	857316084132900534	8615	
1	SPECTRUM	true	-1		2		0.8098727	6	2	13 eV	[M + H]+	163.112	FTICR (LCMS)	CCCCC(=O)C1=CC=CC=C1	splash10-0a4i-9100000000-f62117ef26c250088d10	Valerophenone	public_spectra_2506:(MSBNK-Eawag-EQ01075205)	XKGLSKVNOSHTAD	127.112	420	7.000	857316084233563839	857316084229369534	8601	
3	SPECTRUM	true	0		2	-1 eV	0.72532195	6	2	-1 eV (corrected -1 eV)	[M + H]+	503.306	N/A	C(COCCOCCOCCOCCOCCOCCOCCOCCOCCOCCO)O	splash10-001r-6900000000-d8f4a27e14e2ad6b1f23	Undecaethylene glycol	public_spectra_2506:(CCMSLIB00003135327)	PSVXZQVXSXSQRO	406.249	423	7.045	857316084279701187	857316084279701186	8748	
1	SPECTRUM	true	0		2	-1 eV	0.9623169	12	2	60 eV	[M + H]+	274.274	Orbitrap (LCMS)	CCCCCCCCCCCCN(CCO)CCO	splash10-05g0-9100000000-7b22eec46ecebb691754	Lauryldiethanolamine	public_spectra_2506:(MSBNK-LCSB-LU030804)	NKFNBVMJTSYZDV	218.212	427	7.113	857316084376170187	857316084376170186	8871	
4	SPECTRUM	true	0		2	-1 eV	0.6138815	6	2	-1 eV (corrected -1 eV)	[M + H]+	258.279	Orbitrap (LCMS)	CCCCCCCCCCCCCC[N+](C)(C)[O-]	splash10-0a4i-9020000000-67d9f8cdaaae8da6b0db	Myristamine oxide	public_spectra_2506:(CCMSLIB00012728820)	ONHFWHCMZAJCFB	174.185	427	7.117	857316084430696143	857316084430696142	8880	
29	SPECTRUM	true	-1		2		0.8406202	6	2	-1 eV (corrected -1 eV)	[M + H]+	459.280	N/A	C(COCCOCCOCCOCCOCCOCCOCCOCCOCCO)O	splash10-0019-9600000000-64cd347fe8e46b4cc0c5	Polyoxyethylene (10)	public_spectra_2506:(CCMSLIB00003135910)	DTPCFIHYWYONMD	531.338	428	7.129	857316084485222099	857316084481027794	8901	
4	SPECTRUM	true	87		2	-1 eV	0.8110385	12	2	-1 eV (corrected -1 eV)	[M + H]+	503.306	N/A	C(COCCOCCOCCOCCOCCOCCOCCOCCOCCOCCO)O	splash10-001r-6900000000-d8f4a27e14e2ad6b1f23	Undecaethylene glycol	public_spectra_2506:(CCMSLIB00003135327)	PSVXZQVXSXSQRO	576.395	428	7.130	857316084548136663	857316084548136662	8904	
5	SPECTRUM	true	-1		2		0.8170489	7	2	-1 eV (corrected -1 eV)	[M + H]+	503.306	N/A	C(COCCOCCOCCOCCOCCOCCOCCOCCOCCOCCO)O	splash10-001r-6900010000-1754a9999dad3e2f1b53	Undecaethylene glycol	public_spectra_2506:(CCMSLIB00003136774)	PSVXZQVXSXSQRO	548.364	428	7.140	857316084602662619	857316084602662618	8913	
3	SPECTRUM	true	0		2	-1 eV	0.6911664	6	2	-1 eV (corrected -1 eV)	[M + H]+	503.306	N/A	C(COCCOCCOCCOCCOCCOCCOCCOCCOCCOCCO)O	splash10-0019-6900010000-972475c0af2df72e7d4f	Undecaethylene glycol	public_spectra_2506:(CCMSLIB00003136783)	PSVXZQVXSXSQRO	428.262	430	7.166	857316084648799967	857316084648799966	8963	
1	SPECTRUM	true	1		2	-1 eV	0.87270856	11	2	-1 eV (corrected -1 eV)	[M + H]+	432.174	Orbitrap (LCMS)	C1C2CC3CC1CC(C2)(C3)C(=O)NC4=CC5=C(C=C4)N=C(S5)NC(=O)C6=CC=CC=C6	splash10-0pba-9500000000-933ab91198db9e1133ba	N-(2-benzamido-1,3-benzothiazol-6-yl)adamantane-1-carboxamide	public_spectra_2506:(BRUNGS_MCEBIO_03488)	MVSSJPGNLQPWSW	161.060	436	7.269	857316084799794923	857316084799794922	9151	
3	SPECTRUM	true	0		2	-1 eV	0.7456943	7	2	-1 eV (corrected -1 eV)	[M + H]+	503.306	N/A	C(COCCOCCOCCOCCOCCOCCOCCOCCOCCOCCO)O	splash10-0019-6900010000-972475c0af2df72e7d4f	Undecaethylene glycol	public_spectra_2506:(CCMSLIB00003136783)	PSVXZQVXSXSQRO	450.275	437	7.278	857316084850126575	857316084845932270	9174	
7	SPECTRUM	true	18		2	-1 eV	0.87825906	6	2	-1 eV (corrected -1 eV)	[M + H]+	459.280	N/A	C(COCCOCCOCCOCCOCCOCCOCCOCCOCCO)O	splash10-0019-9600000000-64cd347fe8e46b4cc0c5	Polyoxyethylene (10)	public_spectra_2506:(CCMSLIB00003135910)	DTPCFIHYWYONMD	575.364	438	7.304	857316084963372791	857316084963372790	9211	
2	SPECTRUM	true	46		2	-1 eV	0.8110761	6	2	-1 eV (corrected -1 eV)	[M + H]+	459.280	N/A	C(COCCOCCOCCOCCOCCOCCOCCOCCOCCO)O	splash10-0019-9600000000-64cd347fe8e46b4cc0c5	Polyoxyethylene (10)	public_spectra_2506:(CCMSLIB00003135910)	DTPCFIHYWYONMD	620.421	438	7.308	857316085026287355	857316085022093050	9215	
3	SPECTRUM	true	3		2	-1 eV	0.82004005	6	2	-1 eV (corrected -1 eV)	[M + H]+	503.306	N/A	C(COCCOCCOCCOCCOCCOCCOCCOCCOCCOCCO)O	splash10-001r-6900010000-1754a9999dad3e2f1b53	Undecaethylene glycol	public_spectra_2506:(CCMSLIB00003136774)	PSVXZQVXSXSQRO	592.390	439	7.317	857316085080813311	857316085080813310	9242	
1	SPECTRUM	true	2		2	-1 eV	0.81172884	7	2	36 eV	[M + H]+	202.086	Orbitrap (LCMS)	CNC(=O)OC1=CC=CC2=CC=CC=C21	splash10-05mk-0900000000-c4fe280b34217096ffbe	Caprolin	public_spectra_2506:(MSBNK-Eawag-EQ303806)	CVXBEEMKQHEXEN	205.086	441	7.353	857316085135339267	857316085131144962	9287	
1	SPECTRUM	true	0		2	-1 eV	0.75885266	7	2	-1 eV (corrected -1 eV)	[M + H]+	503.306	N/A	C(COCCOCCOCCOCCOCCOCCOCCOCCOCCOCCO)O	splash10-0019-6900010000-972475c0af2df72e7d4f	Undecaethylene glycol	public_spectra_2506:(CCMSLIB00003136783)	PSVXZQVXSXSQRO	472.288	443	7.388	857316085185670919	857316085185670918	9350	
1	SPECTRUM	true	3		2	-1 eV	0.61315286	10	2	-1 eV (corrected -1 eV)	[M + K]+	375.063	FTICR (LCMS)	CC1(C=CC2=C(O1)C=C3C(=C2O)C(=O)C=C(O3)C4=CC=C(C=C4)O)C	null-null-null-null	Carpachromene	public_spectra_2506:(CCMSLIB00004699037)	YXOATFKTEDZPFL	234.206	446	7.434	857316085303111439	857316085303111438	9442	
1	SPECTRUM	true	0		2	-1 eV	0.6172212	6	2	20 eV	[M + H]+	159.138	Bruker Q-ToF (LCMS)	CCCCCCCCC(=O)O	splash10-014r-9000000000-c20710fd372dd10bdee1	nonylate	public_spectra_2506:(MSBNK-BGC_Munich-RP023902)	FBUKVWPVBMHYJY	310.199	447	7.457	857316085370220307	857316085370220306	9475	
2	SPECTRUM	true	2		2	-1 eV	0.8968008	6	2	-1 eV (corrected -1 eV)	[M + H]+	459.280	N/A	C(COCCOCCOCCOCCOCCOCCOCCOCCOCCO)O	splash10-0019-9600000000-64cd347fe8e46b4cc0c5	Polyoxyethylene (10)	public_spectra_2506:(CCMSLIB00003135910)	DTPCFIHYWYONMD	619.389	448	7.463	857316085437329175	857316085433134870	9481	
2	SPECTRUM	true	11		2	-1 eV	0.8144767	6	2	-1 eV (corrected -1 eV)	[M + H]+	459.280	N/A	C(COCCOCCOCCOCCOCCOCCOCCOCCOCCO)O	splash10-0019-9600000000-64cd347fe8e46b4cc0c5	Polyoxyethylene (10)	public_spectra_2506:(CCMSLIB00003135910)	DTPCFIHYWYONMD	664.448	448	7.473	857316085517020955	857316085517020954	9492	
8	SPECTRUM	true	14		2	-1 eV	0.8156834	6	2	-1 eV (corrected -1 eV)	[M + H]+	459.280	N/A	C(COCCOCCOCCOCCOCCOCCOCCOCCOCCO)O	splash10-0019-9600000000-64cd347fe8e46b4cc0c5	Polyoxyethylene (10)	public_spectra_2506:(CCMSLIB00003135910)	DTPCFIHYWYONMD	636.416	449	7.475	857316085588324127	857316085588324126	9493	
1	SPECTRUM	true	17		2	-1 eV	0.4626762	6	2	-1 eV (corrected -1 eV)	[M + H]+	313.143	Orbitrap (LCMS)	CCCCOC(=O)C1=CC=CC=C1C(=O)OCC2=CC=CC=C2	splash10-0007-9500000000-f5f995f6b5c35f768695	Sicol 160	public_spectra_2506:(BRUNGS_MCEBIO_05447)	IRIAEXORFWYRCZ	177.149	450	7.493	857316085651238691	857316085651238690	9526	
1	SPECTRUM	true	6		2	-1 eV	0.6765732	6	2	-1 eV (corrected -1 eV)	[M + H]+	386.196	Orbitrap (LCMS)	CC(C)(C)C1=C(C=CC(=C1)C2=CC3=C(C=C2)OCO3)OCCN(C)CC(=O)O	splash10-014i-2900000000-d58547d11c9bbd5c49f9	2-[2-[4-(1,3-benzodioxol-5-yl)-2-tert-butylphenoxy]ethyl-methylamino]acetic acid	public_spectra_2506:(BRUNGS_MCEBIO_02983)	FKPLJWGRBCQLTL	232.191	454	7.566	857316085709958951	857316085705764646	9622	
16	SPECTRUM	true	81		2	-1 eV	0.7805225	6	2	-1 eV (corrected -1 eV)	[M + H]+	163.133	N/A	CCCCOCCOCCO	splash10-052k-9100000000-577d7b80eea9a679260d	DB Solvent	public_spectra_2506:(CCMSLIB00003139544)	OAYXUHPQHDHDDZ	251.185	456	7.602	857316086003560251	857316085999365946	9689	
1	SPECTRUM	true	-1		2		0.44131935	6	2	-1 eV (corrected -1 eV)	[M + H3N + H]+	344.280	FTICR (LCMS)	CC(=O)OCC(CC(CCCCCCCCCCCC#C)O)O	null-null-null-null	Spectrum_000278	public_spectra_2506:(CCMSLIB00004702467)	JAKAZHIACKJNNB	296.243	456	7.603	857316086053891903	857316086053891902	9690	
1	SPECTRUM	true	-1		2		0.742565	6	2	-1 eV (corrected -1 eV)	[M + Na]+	607.343	FTICR (LCMS)	C1CCNC(=O)CCC(=O)NCCCCCN(C(=O)CCC(=O)NCCCCCN(C(=O)CCC(=O)NCC1)O)O	null-null-null-null	dehydroxynocardamine	public_spectra_2506:(CCMSLIB00004698563)	ABHHIGWFFMCQOC	332.212	457	7.610	857316086167138119	857316086162943814	9720	
5	SPECTRUM	true	0		2	-1 eV	0.8560174	10	2	-1 eV (corrected -1 eV)	[M + H]+	459.280	N/A	C(COCCOCCOCCOCCOCCOCCOCCOCCOCCO)O	splash10-001r-6900200000-32a2ba17a2fa204bb9d5	Polyoxyethylene (10)	public_spectra_2506:(CCMSLIB00003136855)	DTPCFIHYWYONMD	663.416	457	7.622	857316086221664075	857316086221664074	9737	
1	SPECTRUM	true	8		2	-1 eV	0.9102933	6	2	37 eV	[M + H]+	411.108	Orbitrap (LCMS)	CN(C)C(=O)C1=C(N=CC=C1)S(=O)(=O)NC(=O)NC2=NC(=CC(=N2)OC)OC	splash10-001i-0900000000-8dda3c3ef0f4f625a058	Motivell	public_spectra_2506:(MSBNK-Eawag-EA012910)	RTCOGUMHFFWOJV	417.146	460	7.673	857316086334910291	857316086334910290	9758	
2	SPECTRUM	true	1		2	-1 eV	0.8298441	6	2	-1 eV (corrected -1 eV)	[M + H]+	459.280	N/A	C(COCCOCCOCCOCCOCCOCCOCCOCCOCCO)O	splash10-0019-9600000000-64cd347fe8e46b4cc0c5	Polyoxyethylene (10)	public_spectra_2506:(CCMSLIB00003135910)	DTPCFIHYWYONMD	752.499	467	7.783	857316086452350811	857316086452350810	9975	
1	SPECTRUM	true	0		2	-1 eV	0.39094713	6	2	-1 eV (corrected -1 eV)	[M + H]+	321.205	N/A	CC1(CC2C1CCC3(CCC4C2(C3)OC(=O)CC4C(=O)O)C)C	splash10-0abc-9520000000-d9de9ceedad319f19f50	9,13,13-Trimethyl-3-oxo-2-oxatetracyclo[7.6.1.01,6.012,15]hexadecane-5-carboxylic acid	public_spectra_2506	QKVNMVAISCKGFO	155.107	489	8.145	857316086611734375	857316086607540070	10551	
1	SPECTRUM	true	-1		2		0.80608904	7	2	43 eV	[M + H]+	237.221	Orbitrap (LCMS)	C1CCCCCC(=O)CCCC=CCCCC1	splash10-0api-9000000000-7fd10f8562674fb9a21b	5-Cyclohexadecenone	public_spectra_2506:(MSBNK-UFZ-WANA245625AF82PH)	ABRIMXGLNHCLIP	230.175	495	8.258	857316086662066027	857316086662066026	10714	
1	SPECTRUM	true	0		2	-1 eV	0.8900389	11	2	43 eV	[M + H]+	237.221	Orbitrap (LCMS)	C1CCCCCC(=O)CCCC=CCCCC1	splash10-0api-9000000000-7fd10f8562674fb9a21b	5-Cyclohexadecenone	public_spectra_2506:(MSBNK-UFZ-WANA245625AF82PH)	ABRIMXGLNHCLIP	212.165	498	8.308	857316086716591983	857316086716591982	10719	
1	SPECTRUM	true	0		2	-1 eV	0.7209622	17	2	-1 eV (corrected -1 eV)	[M + H]+	305.232	FTICR (LCMS)	C(CCCC(C(CCCCCCO)O)O)CCCC(=O)O	null-null-null-null	Aleuritic acid	public_spectra_2506:(CCMSLIB00004704749)	MEHUJCGAYMDLEL	201.168	503	8.376	857316086775312243	857316086775312242	10785	
1	SPECTRUM	true	9		2	-1 eV	0.8358503	17	2	-1 eV (corrected -1 eV)	[M + H]+	432.174	Orbitrap (LCMS)	C1C2CC3CC1CC(C2)(C3)C(=O)NC4=CC5=C(C=C4)N=C(S5)NC(=O)C6=CC=CC=C6	splash10-0pba-9500000000-933ab91198db9e1133ba	N-(2-benzamido-1,3-benzothiazol-6-yl)adamantane-1-carboxamide	public_spectra_2506:(BRUNGS_MCEBIO_03488)	MVSSJPGNLQPWSW	183.138	503	8.378	857316086834032503	857316086829838198	10833	
1	SPECTRUM	true	80		2	-1 eV	0.89194	13	2	55 eV	[M + H]+	307.263	Orbitrap (LCMS)	CCC=CCC=CCC=CCCCCCCCCCC(=O)O	splash10-0159-9000000000-ef0351d6642d9ee1965e	Icosatrienoic acid	public_spectra_2506:(MSBNK-Eawag-EQ01142706)	AHANXAKGNAKFSK	200.165	503	8.378	857316086888558459	857316086888558458	10839	
1	SPECTRUM	true	3		2	-1 eV	0.71127075	6	2	50 eV	[M + H]+	315.253	Q-ToF (LCMS)	CCCCOC(=O)CCCCCCCCC(=O)OCCCC	splash10-0a4i-9000000000-e95cb3a4eb5af9d601ec	Staflex DBS	public_spectra_2506:(MSBNK-Antwerp_Univ-AN111810)	PYGXAGIECVVIOZ	139.075	507	8.442	857316086934695807	857316086934695806	10880	
1	SPECTRUM	true	2		2	-1 eV	0.85716754	9	2	100 eV	[M + H]+	415.132	Orbitrap (LCMS)	CCOC1=C(C2=CC=CC=C2C=C1)C(=O)NC3C4N(C3=O)C(C(S4)(C)C)C(=O)O	splash10-014i-1900000000-46b494a78d0ebbbc8079	Nafcilina	public_spectra_2506:(MSBNK-Eawag-EQ320607)	GPXLMGHLHQJAGZ	199.039	511	8.511	857316086980833155	857316086976638850	11015	
11	SPECTRUM	true	4		2	-1 eV	0.77115947	6	2	-1 eV (corrected -1 eV)	[M + H]+	359.121	Orbitrap (LCMS)	C1=CC=C(C=C1)C(CC(=O)NC2=NC3=CC=CC=C3S2)C4=CC=CC=C4	splash10-0udi-2900000000-65a133cffaefb77d5542	Oprea1_801705	public_spectra_2506:(BRUNGS_MCEBIO_06701)	GYQWKTIZRYVFEM	233.111	511	8.513	857316087022776199	857316087022776198	11016	
1	SPECTRUM	true	11		2	-1 eV	0.75932914	8	2	-1 eV (corrected -1 eV)	[M + H]+	315.243	Orbitrap (LCMS)	CCCC(CCC)C(=O)NC1=C2CCCC2=NC3=C1CCCC3	splash10-000i-0901000000-365d8cd24a3fe2321dff	Oprea1_244430	public_spectra_2506:(BRUNGS_MCESCAF_00837)	YWDFVENYWUKPNO	275.212	514	8.560	857316087064719243	857316087064719242	11083	
1	SPECTRUM	true	0		2	-1 eV	0.76103735	13	2	43 eV	[M + H]+	180.175	Orbitrap (LCMS)	CC12CC3CC(C1)(CC(C3)(C2)N)C	splash10-052f-9500000000-95eb2b63a2392449ec4a	Memantin	public_spectra_2506:(MSBNK-Eawag-EQ335107)	BUGYDGFZZOZRHP	195.102	515	8.579	857316087110856591	857316087110856590	11111	
4	SPECTRUM	true	0		2	-1 eV	0.82521385	6	2	-1 eV (corrected -1 eV)	[M + H]+	306.116	Orbitrap (LCMS)	CN1C2=CC=CC=C2C(=C(C1=O)S(=O)C3CCCCC3)O	splash10-0a6r-0980000000-b217abd789749dd8844b	3-cyclohexylsulfinyl-2-hydroxy-1-methylquinolin-4-one	public_spectra_2506:(BRUNGS_MCESCAF_02013)	HPBONSLETWERSP	227.147	520	8.661	857316087156993939	857316087156993938	11212	
1	SPECTRUM	true	2		2	-1 eV	0.9317973	6	2	40 eV	[M + H]+	288.253	Orbitrap (LCMS)	CCCCCCCCCCCC(=O)N(CCO)CCO	splash10-0a4r-9400000000-2457f30ada17189a2743	Lalmin D	public_spectra_2506:(MSBNK-UFZ-WANA0312213166PH)	AOMUHOFOVNGZAN	232.191	521	8.679	857316087203131287	857316087198936982	11247	
2	SPECTRUM	true	0		2	-1 eV	0.5359877	6	2	-1 eV (corrected -1 eV)	[M + H3N + H]+	168.084	N/A	C(C(C(C(C=O)O)O)O)O	splash10-066r-9300000000-c89f65290dbfa2baefc4	D-ribose	public_spectra_2506	PYMYPHUHKUWMLA	141.127	521	8.681	857316087245074331	857316087245074330	11220	
1	SPECTRUM	true	1		2	-1 eV	0.81033814	10	2	-1 eV (corrected -1 eV)	[M + H]+	431.991	Orbitrap (LCMS)	C1=CC=C(C=C1)CSCC2=NS(=O)(=O)C3=CC(=C(C=C3N2)Cl)S(=O)(=O)N	splash10-014l-6900000000-0d880647e14cd2eab2f0	Urese-d7	public_spectra_2506:(BRUNGS_MCEBIO_06565)	NDTSRXAMMQDVSW	253.144	525	8.745	857316087513509807	857316087513509806	11329	
8	SPECTRUM	true	5		2	-1 eV	0.86292654	12	2	-1 eV (corrected -1 eV)	[M + H]+	304.154	Orbitrap (LCMS)	CC(CC1=CC=C(C=C1)O)NCC(C2=CC(=CC(=C2)O)O)O	splash10-0a4i-5900000000-987f74f7bbddbf5d50f2	Berotec	public_spectra_2506:(BRUNGS_MCEBIO_02136)	LSLYOANBFKQKPT	209.117	530	8.826	857316087597395895	857316087597395894	11398	
1	SPECTRUM	true	-1		2		0.3398452	6	2	-1 eV (corrected -1 eV)	[M + H]+	319.045	Orbitrap (LCMS)	C1=CC(=C(C=C1C2=C(C(=O)C3=C(O2)C(=C(C=C3O)O)O)O)O)O	splash10-08fr-9200000000-f146b1bc1492b1f85927	Equisporol	public_spectra_2506	YRRAGUMVDQQZIY	186.222	533	8.879	857316087685476287	857316087685476286	11453	
1	SPECTRUM	true	0		2	-1 eV	0.85434526	7	2	-1 eV (corrected -1 eV)	[M + H]+	350.186	Orbitrap (LCMS)	CCCCCCN1C2=CC=CC=C2C(=C1O)N=NC(=O)C3=CC=CC=C3	splash10-0pba-9500000000-94cdcd81b730888c72d7	MDA 19 (Standard)	public_spectra_2506:(BRUNGS_MCEBIO_02628)	ICNRTDOKKSWDRL	163.075	538	8.964	857316087870025679	857316087865831374	11511	
1	SPECTRUM	true	-1		2		0.77580196	29	2	-1 eV (corrected -1 eV)	[M - H2O + H]+	263.237	Orbitrap (LCMS)	CCCCCC=CCC=CCCCCCCCC(=O)O	splash10-0apm-9300000000-70cabf06fa277d823352	Linolate	public_spectra_2506:(CCMSLIB00011428768)	OYHQOLUKZRVURQ	359.225	538	8.974	857316087916163027	857316087916163026	11527	
1	SPECTRUM	true	0		2	-1 eV	0.83668715	15	2	-1 eV (corrected -1 eV)	[M + H]+	699.453	Orbitrap (LCMS)	CC(C(CCCCCCCCCCCCCCCCC(C(C)OC1C(C(C(C(O1)CO)O)O)O)O)OC2C(C(C(C(O2)CO)O)O)O)O	splash10-05o1-9100000000-9ebacb414ee1bfd22df1	SCHEMBL27271482	public_spectra_2506:(BRUNGS_NIHNP_00438)	LJMPEBJKUBHVKR	257.222	543	9.044	857316087962300375	857316087958106070	11620	
1	SPECTRUM	true	0		2	-1 eV	0.938727	6	2	-1 eV (corrected -1 eV)	[M + H]+	663.616	Orbitrap (LCMS)	CCCCCCCCC=CCCCCCCCC(=O)OCC(C[N+](C)(C)C)OC(=O)CCCCCCCC=CCCCCCCCC	splash10-067j-9000000000-13068a8144b8ddee6195	1,2-Dotap	public_spectra_2506:(BRUNGS_MCEBIO_00059)	KWVJHCQQUFDPLU	244.191	544	9.068	857316088012632027	857316088012632026	11647	
3	SPECTRUM	true	0		2	-1 eV	0.78669393	9	2	26 eV	[M + H]+	216.101	Orbitrap (LCMS)	CCNC1=NC(=NC(=N1)Cl)NC(C)C	splash10-00dj-6900000000-9b2adcfb2cd54fef040d	Atazinax	public_spectra_2506:(MSBNK-Eawag-EQ00028804)	MXWJVTOOROXGIU	221.133	545	9.087	857316088067157983	857316088067157982	11667	
1	SPECTRUM	true	16		2	-1 eV	0.9522207	7	2	45 eV	[M + H]+	274.274	Orbitrap (LCMS)	CCCCCCCCCCCCN(CCO)CCO	splash10-05fr-9370000000-07245eb0f79c6ebb8c3c	Lauryldiethanolamine	public_spectra_2506:(MSBNK-LCSB-LU030803)	NKFNBVMJTSYZDV	246.243	548	9.129	857316088121683939	857316088121683938	11696	
1	SPECTRUM	true	7		2	-1 eV	0.89732814	6	2	31 eV	[M + H]+	258.279	Orbitrap (LCMS)	CCCCCCCCCCCCCC[N+](C)(C)[O-]	splash10-08fr-9030000000-bc2b6df3d4c23f03f1c6	Myristamine oxide	public_spectra_2506:(MSBNK-UFZ-WANA4107155BE0PH)	ONHFWHCMZAJCFB	202.217	550	9.171	857316088180404199	857316088180404198	11733	
1	SPECTRUM	true	-1		2		0.35038024	6	2	-1 eV (corrected -1 eV)	[M - H2O + H]+	157.086	Orbitrap (LCMS)	C(CCCC(=O)O)CCC(=O)O	splash10-0api-9000000000-1fb34e9410da2e74ee18	suberate	public_spectra_2506:(CCMSLIB00010120772)	TYFQFVWCELRYAO	157.122	552	9.206	857316088243318763	857316088239124458	11771	
1	SPECTRUM	true	0		2	-1 eV	0.4307061	6	2	-1 eV (corrected -1 eV)	[M + H3N + H]+	284.149	FTICR (LCMS)	CC1=C(C=C(OC1=O)C(=CC(C)CC(=O)O)C)OC	null-null-null-null	3',4'-Dihydroinfectopyrone	public_spectra_2506:(CCMSLIB00004713224)	MPAYQRIVOSEDQH	217.097	553	9.222	857316088297844719	857316088293650414	11796	
1	SPECTRUM	true	1		2	-1 eV	0.8135203	7	2	64 eV	[M + H]+	375.253	Orbitrap (LCMS)	CC12CCC(CC1CCC3C2CCC4(C3(CCC4C5=CC(=O)OC5)O)C)O	splash10-0536-6900000000-e36ab8adc51bccbaa79b	Echujetin	public_spectra_2506:(MSBNK-NaToxAq-NA001631)	XZTUSOXSLKTKJQ	251.164	554	9.232	857316088348176371	857316088343982066	11822	
1	SPECTRUM	true	1		2	-1 eV	0.8093208	26	2	-1 eV (corrected -1 eV)	[M + H]+	265.143	Orbitrap (LCMS)	CC1CC(OC1=O)CC(=CCC2COC(=O)C2=C)C	splash10-05mo-6900000000-ea2ad5b3718b6abda8da	(4R)-3-methylidene-4-[(E)-3-methyl-4-(4-methyl-5-oxooxolan-2-yl)but-2-enyl]oxolan-2-one	public_spectra_2506:(BRUNGS_NIHNP_02770)	KFKSQOIZZRZEFC	233.154	554	9.233	857316088394313719	857316088394313718	11812	
1	SPECTRUM	true	9		2	-1 eV	0.5939504	10	2	-1 eV (corrected -1 eV)	[M + K]+	375.063	FTICR (LCMS)	CC1(C=CC2=C(O1)C=C3C(=C2O)C(=O)C=C(O3)C4=CC=C(C=C4)O)C	null-null-null-null	Carpachromene	public_spectra_2506:(CCMSLIB00004699037)	YXOATFKTEDZPFL	262.238	562	9.359	857316088545308675	857316088545308674	11942	
1	SPECTRUM	true	0		2	-1 eV	0.90047055	8	2	-1 eV (corrected -1 eV)	[M + H]+	481.400	N/A	CC1(CC(CC(N1)(C)C)OC(=O)CCCCCCCCC(=O)OC2CC(NC(C2)(C)C)(C)C)C	splash10-0a59-9300400000-87eff7d8dce8d625724f	Hillite 77	public_spectra_2506:(CCMSLIB00003137002)	XITRBUPOXXBIJN	356.280	565	9.419	857316088595640327	857316088595640326	12012	
1	SPECTRUM	true	0		2	-1 eV	0.6739324	7	2	10 eV	[M + H]+	159.138	Bruker Q-ToF (LCMS)	CCCCCCCCC(=O)O	splash10-052r-9500000000-1d814a69f8f26a9c7ae2	nonylate	public_spectra_2506:(MSBNK-BGC_Munich-RP023901)	FBUKVWPVBMHYJY	195.115	566	9.440	857316088645971979	857316088641777674	12039	
1	SPECTRUM	true	3		2	-1 eV	0.8856998	6	2	-1 eV (corrected -1 eV)	[M - H2O + H]+	239.237	Orbitrap (LCMS)	CCCCCCCCCCCCCCCC(=O)O	splash10-0a4i-9000000000-35f8ac4eda4e54fbda82	Cetylate	public_spectra_2506:(CCMSLIB00011428811)	IPCSVZSSVZVIGE	214.253	568	9.469	857316088700497935	857316088696303630	12067	
1	SPECTRUM	true	-1		2		0.67005956	6	2	-1 eV (corrected -1 eV)	[M + H]+	386.196	Orbitrap (LCMS)	CC(C)(C)C1=C(C=CC(=C1)C2=CC3=C(C=C2)OCO3)OCCN(C)CC(=O)O	splash10-014i-2900000000-d58547d11c9bbd5c49f9	2-[2-[4-(1,3-benzodioxol-5-yl)-2-tert-butylphenoxy]ethyl-methylamino]acetic acid	public_spectra_2506:(BRUNGS_MCEBIO_02983)	FKPLJWGRBCQLTL	260.222	571	9.512	857316088755023891	857316088750829586	12087	
1	SPECTRUM	true	1		2	-1 eV	0.92354304	11	2	67 eV	[M + H]+	187.097	Orbitrap (LCMS)	C1CCC(CC1)(CC(=O)O)C(=O)O	splash10-0ufr-9000000000-a27a4c02fac63bf9335c	NCIStruc1_000126	public_spectra_2506:(MSBNK-Eawag-EQ331209)	SDAXMMUAZRUWNL	123.117	573	9.544	857316088805355543	857316088801161238	12180	
1	SPECTRUM	true	0		2	-1 eV	0.6473186	19	2	-1 eV (corrected -1 eV)	[M + H]+	200.107	Orbitrap (LCMS)	CC1=CC(=O)N2CCCC3=C2C1=CC=C3	splash10-0udi-1590000000-290cd4bc4213c93559a4	Oprea1_162401	public_spectra_2506:(CCMSLIB00006697667)	INLMMGKPTMPKDG	200.128	577	9.613	857316088910213151	857316088910213150	12250	
1	SPECTRUM	true	-1		2		0.61325526	22	2	-1 eV (corrected -1 eV)	[M + H]+	479.150	Orbitrap (LCMS)	C1=CC(=NC(=C1)NCC(=O)O)CN(CC2=CC=C(C=C2)N3C=CC=N3)S(=O)(=O)C4=CN=CC=C4	splash10-0a4i-3900000000-237c524945a331dc7ef8	Omidenepag	public_spectra_2506:(BRUNGS_MCEBIO_06354)	YHGSTSNEOJUIRN	249.062	593	9.881	857316088964739107	857316088960544802	12500	
1	SPECTRUM	true	15		2	-1 eV	0.8628775	15	2	45 eV	[M + H]+	315.253	Q-ToF (LCMS)	CCCCOC(=O)CCCCCCCCC(=O)OCCCC	splash10-0aor-9000000000-7d5e874b2f6ec47e2815	Staflex DBS	public_spectra_2506:(MSBNK-Antwerp_Univ-AN111809)	PYGXAGIECVVIOZ	171.138	600	9.997	857316089015070759	857316089015070758	12586	
1	SPECTRUM	true	5		2	-1 eV	0.7830843	6	2	24 eV	[M + H]+	147.080	Orbitrap (LCMS)	CC(=O)C=CC1=CC=CC=C1	splash10-004i-0900000000-898228abd5f05e253cef	ACMC-20aplv	public_spectra_2506:(MSBNK-NaToxAq-NA001306)	BWHOZHOGCMHOBV	184.076	602	10.029	857316089069596715	857316089069596714	12638	
1	SPECTRUM	true	-1		2		0.8127456	6	2	30 eV	[M + H]+	371.316	Q-ToF (LCMS)	CCCCC(CC)COC(=O)CCCCC(=O)OCC(CC)CCCC	splash10-0pb9-9700000000-8c2f795c94edaaeb449e	Mollan S	public_spectra_2506:(MSBNK-Antwerp_Univ-AN112106)	SAOKZLXYCUGLFA	217.191	602	10.040	857316089124122671	857316089124122670	12647	
2	SPECTRUM	true	1		2	-1 eV	0.6767656	10	2	-1 eV (corrected -1 eV)	[M + H]+	242.081	Orbitrap (LCMS)	CC1(C2=C(C3=CC=CC=C3C(=O)C2=O)NC1=O)C	splash10-00ko-0940000000-9729f64ceabdf67e6dba	Tocris-2176	public_spectra_2506:(BRUNGS_MCEBIO_05385)	LLPBUXODFQZPFH	225.055	604	10.074	857316089233174583	857316089233174582	12699	
1	SPECTRUM	true	-1		2		0.89866596	6	2	25 eV	[M + H]+	580.915	Q-ToF (LCMS)	C(CCl)OP(=O)(OCCCl)OCC(COP(=O)(OCCCl)OCCCl)(CCl)CCl	splash10-0532-2193000000-6c773fbde5436aaa1b08	Phosgard 2xc20	public_spectra_2506:(MSBNK-Antwerp_Univ-AN118805)	ZGHUDSLVQAGWEY	470.946	606	10.098	857316089371586627	857316089371586626	12685	
1	SPECTRUM	true	6		2	-1 eV	0.6139442	10	2	55 eV	[M + H]+	307.263	Orbitrap (LCMS)	CCC=CCC=CCC=CCCCCCCCCCC(=O)O	splash10-0159-9000000000-ef0351d6642d9ee1965e	Icosatrienoic acid	public_spectra_2506:(MSBNK-Eawag-EQ01142706)	AHANXAKGNAKFSK	155.143	606	10.105	857316089526775887	857316089526775886	12734	
4	SPECTRUM	true	9		2	-1 eV	0.5410195	6	2	-1 eV (corrected -1 eV)	[M + H]+	329.107	Orbitrap (LCMS)	COC1=CC=CC=C1CC(=O)NCC2=CN(N=N2)C3=CSC=C3	splash10-0apu-4900000000-6904c56d4f2875747b86	F6562-0271	public_spectra_2506:(BRUNGS_MCESCAF_01572)	RECJGDYXLPYVCO	255.062	610	10.175	857316089635827799	857316089631633494	12809	
1	SPECTRUM	true	0		2	-1 eV	0.8939921	19	2	37 eV	[M + H]+	307.263	Orbitrap (LCMS)	CCC=CCC=CCC=CCCCCCCCCCC(=O)O	splash10-015a-9100000000-f61a8b53f333efbbca51	Icosatrienoic acid	public_spectra_2506:(MSBNK-Eawag-EQ01142704)	AHANXAKGNAKFSK	228.196	610	10.175	857316089686159451	857316089686159450	12761	
2	SPECTRUM	true	0		2	-1 eV	0.6987507	9	2	-1 eV (corrected -1 eV)	[M - H2O + H]+	249.258	N/A	CCCCCC=CCC=CCCCCCCCCO	splash10-00l2-9200000000-1e47397a62da3c2ebefa	Linoleyl alcohol	public_spectra_2506:(CCMSLIB00003135120)	JXNPEDYJTDQORS	229.199	611	10.177	857316089732296799	857316089732296798	12788	
1	SPECTRUM	true	0		2	-1 eV	0.51127774	6	2	-1 eV (corrected -1 eV)	[M + H]+	215.128	Orbitrap (LCMS)	CCCCC(C1CC(=CC(=O)O1)OC)O	splash10-0a4i-9000000000-cc84484aaccdf5471bd3	Pestalotin	public_spectra_2506:(BRUNGS_NIHNP_00162)	YFIMUDXPJZVJJO	223.133	611	10.182	857316089820377191	857316089816182886	12811	
3	SPECTRUM	true	0		2	-1 eV	0.8844047	18	2	37 eV	[M + H]+	307.263	Orbitrap (LCMS)	CCC=CCC=CCC=CCCCCCCCCCC(=O)O	splash10-015a-9100000000-f61a8b53f333efbbca51	Icosatrienoic acid	public_spectra_2506:(MSBNK-Eawag-EQ01142704)	AHANXAKGNAKFSK	240.196	616	10.272	857316089904263279	857316089904263278	12929	
3	SPECTRUM	true	0		2	-1 eV	0.41041052	6	2	30 eV	[M + H]+	202.217	Orbitrap (LCMS)	CCCCCCCCCC[N+](C)(C)[O-]	splash10-0udi-4090000000-d1f9ff2a189c87db5a15	Decylamine oxide	public_spectra_2506:(MSBNK-LCSB-LU068402)	ZRKZFNZPJKEWPC	232.191	620	10.334	857316089950400627	857316089950400626	13083	
1	SPECTRUM	true	0		2	-1 eV	0.8036808	10	2	39 eV	[M + H]+	217.078	Orbitrap (LCMS)	CP(=O)(C1=CC=CC=C1)C2=CC=CC=C2	splash10-0a4r-2900000000-2089f9c136c0c9b7ed56	Diphenylmethylphosphine oxide	public_spectra_2506:(MSBNK-Eawag-EQ501406)	PEGCITODQASXKH	279.094	620	10.335	857316089992343671	857316089992343670	12974	
1	SPECTRUM	true	-1		2		0.6385195	9	2	-1 eV (corrected -1 eV)	[M + H]+	137.132	Orbitrap (LCMS)	CC1(C2CCC(=C)C1C2)C	splash10-001j-9100000000-4ebc44de60f7ed1aa59e	Nopinene	public_spectra_2506:(CCMSLIB00006123945)	WTARULDDTDQWMU	358.295	622	10.364	857316090038481019	857316090038481018	13100	
1	SPECTRUM	true	2		2	-1 eV	0.8130858	13	2	-1 eV (corrected -1 eV)	[M + H]+	227.164	Orbitrap (LCMS)	CC(CCCCCC1C=CC(=O)O1)C(C)O	splash10-0aou-9000000000-659f05b6c2420662542b	5-(7-Hydroxy-6-methyloctyl)-2(5H)-furanone	public_spectra_2506:(BRUNGS_NIHNP_01533)	AEPMKZIOUKHDOO	153.127	634	10.572	857316090084618367	857316090080424062	13339	
1	SPECTRUM	true	0		2	-1 eV	0.4759185	7	2	-1 eV (corrected -1 eV)	[M + Na]+	349.235	Orbitrap (LCMS)	CC(=O)OC(CCCCCCCCCCCC#C)CC(CO)O	splash10-0aos-9410000000-4c8840fdd5c2ae51374d	Avocadyne 4-acetate	public_spectra_2506	FHGZOCAZNHYWAL	223.064	635	10.589	857316090130755715	857316090130755714	13332	
1	SPECTRUM	true	16		2	-1 eV	0.51798385	6	2	45 eV	[M + H]+	202.217	Orbitrap (LCMS)	CCCCCCCCCC[N+](C)(C)[O-]	splash10-0a4i-9010000000-f4cf5a40dd33cbd10380	Decylamine oxide	public_spectra_2506:(MSBNK-LCSB-LU068403)	ZRKZFNZPJKEWPC	202.180	635	10.589	857316090172698759	857316090172698758	13423	
1	SPECTRUM	true	41		2	-1 eV	0.93093055	39	2	51 eV	[M + H]+	281.248	Orbitrap (LCMS)	CCCCCC=CCC=CCCCCCCCC(=O)O	splash10-014l-9100000000-91836022b4397ea67489	Linolate	public_spectra_2506:(MSBNK-Eawag-EQ331606)	OYHQOLUKZRVURQ	211.169	636	10.599	857316090218836107	857316090218836106	13450	
1	SPECTRUM	true	0		2	-1 eV	0.7938494	6	2	-1 eV (corrected -1 eV)	[M - H2O + H]+	135.117	Orbitrap (LCMS)	CC1=CCC(CC1O)C(=C)C	splash10-0a4l-5900000000-2f05db552ebf64ca29b4	carveols	public_spectra_2506:(CCMSLIB00006708777)	BAVONGHXFVOKBV	95.086	636	10.607	857316090264973455	857316090260779150	13462	
1	SPECTRUM	true	1		2	-1 eV	0.8113276	33	2	-1 eV (corrected -1 eV)	[M + H]+	305.232	FTICR (LCMS)	C(CCCC(C(CCCCCCO)O)O)CCCC(=O)O	null-null-null-null	Aleuritic acid	public_spectra_2506:(CCMSLIB00004704749)	MEHUJCGAYMDLEL	229.180	636	10.608	857316090311110803	857316090311110802	13487	
1	SPECTRUM	true	2		2	-1 eV	0.88741773	29	2	113 eV	[M + H]+	471.347	Orbitrap (LCMS)	CC1(C2CCC3(C(C2(CCC1O)C)C(=O)C=C4C3(CCC5(C4CC(CC5)(C)C(=O)O)C)C)C)C	splash10-052f-9600000000-d8ff670cd490d5459f47	Glyciram	public_spectra_2506:(MSBNK-Eawag-EQ326307)	MPDGHEJMBKOTSU	175.148	637	10.609	857316090357248151	857316090357248150	13473	
1	SPECTRUM	true	33		2	-1 eV	0.9219972	33	2	51 eV	[M + H]+	281.248	Orbitrap (LCMS)	CCCCCC=CCC=CCCCCCCCC(=O)O	splash10-014l-9100000000-91836022b4397ea67489	Linolate	public_spectra_2506:(MSBNK-Eawag-EQ331606)	OYHQOLUKZRVURQ	193.159	637	10.610	857316090457911451	857316090457911450	13468	
1	SPECTRUM	true	45		2	-1 eV	0.80815995	32	2	-1 eV (corrected -1 eV)	[M + H]+	305.232	FTICR (LCMS)	C(CCCC(C(CCCCCCO)O)O)CCCC(=O)O	null-null-null-null	Aleuritic acid	public_spectra_2506:(CCMSLIB00004704749)	MEHUJCGAYMDLEL	229.199	637	10.611	857316090512437407	857316090512437406	13460	
1	SPECTRUM	true	421		2	-1 eV	0.9308546	27	2	-1 eV (corrected -1 eV)	[M + H]+	305.232	FTICR (LCMS)	C(CCCC(C(CCCCCCO)O)O)CCCC(=O)O	null-null-null-null	Aleuritic acid	public_spectra_2506:(CCMSLIB00004704749)	MEHUJCGAYMDLEL	228.196	637	10.612	857316090617295011	857316090617295010	13474	
1	SPECTRUM	true	28		2	-1 eV	0.42234817	6	2	-1 eV (corrected -1 eV)	[M + H]+	164.107	FTICR (LCMS)	CC(=O)NCCC1=CC=CC=C1	null-null-null-null	N-Phenethylacetamide	public_spectra_2506:(CCMSLIB00004691827)	MODKMHXGCGKTLE	156.120	641	10.680	857316090684403879	857316090684403878	13535	
1	SPECTRUM	true	51		2	-1 eV	0.5758554	24	2	-1 eV (corrected -1 eV)	[M - H2O + H]+	376.321	Orbitrap (LCMS)	CCCCCC=CC(CCCCCCCC=CC=CC(=O)NCC(C)C)OO	splash10-0a4i-9100000000-12ed64440e4fcf9b787c	CHEBI:181015	public_spectra_2506:(BRUNGS_NIHNP_00166)	SWLNXMJZQXZBCB	223.064	643	10.708	857316090743124139	857316090743124138	13573	
1	SPECTRUM	true	0		2	-1 eV	0.7036877	25	2	-1 eV (corrected -1 eV)	[M + H]+	473.399	FTICR (LCMS)	CC1=C(C(=C(C2=C1OC(CC2)(C)CCCC(C)CCCC(C)CCCC(C)C)C)OC(=O)C)C	null-null-null-null	E-Toplex	public_spectra_2506:(CCMSLIB00004693802)	ZAKOWWREFLAJOT	281.175	649	10.825	857316090889924791	857316090889924790	13727	
1	SPECTRUM	true	0		2	-1 eV	0.9032857	6	2	31 eV	[M + H]+	258.279	Orbitrap (LCMS)	CCCCCCCCCCCCCC[N+](C)(C)[O-]	splash10-08fr-9030000000-bc2b6df3d4c23f03f1c6	Myristamine oxide	public_spectra_2506:(MSBNK-UFZ-WANA4107155BE0PH)	ONHFWHCMZAJCFB	230.248	650	10.832	857316090982199487	857316090982199486	13621	
1	SPECTRUM	true	4		2	-1 eV	0.7000339	6	2	-1 eV (corrected -1 eV)	[M + H3N + H]+	274.274	Orbitrap (LCMS)	CCCCCCCCCCCCCCCC(=O)O	splash10-00di-1090000000-b830f410efd9d68fbc4c	Cetylate	public_spectra_2506:(CCMSLIB00013576296)	IPCSVZSSVZVIGE	362.326	656	10.936	857316091124805835	857316091124805834	13857	
1	SPECTRUM	true	4		2	-1 eV	0.66251683	16	2	45 eV	[M + H]+	274.274	Orbitrap (LCMS)	CCCCCCCCCCCCN(CCO)CCO	splash10-05fr-9370000000-07245eb0f79c6ebb8c3c	Lauryldiethanolamine	public_spectra_2506:(MSBNK-LCSB-LU030803)	NKFNBVMJTSYZDV	290.269	657	10.950	857316091170943183	857316091170943182	13882	
2	SPECTRUM	true	-1		2		0.9581619	10	2	40 eV	[M + H]+	288.253	Orbitrap (LCMS)	CCCCCCCCCCCC(=O)N(CCO)CCO	splash10-0a4r-9400000000-2457f30ada17189a2743	Lalmin D	public_spectra_2506:(MSBNK-UFZ-WANA0312213166PH)	AOMUHOFOVNGZAN	260.222	658	10.974	857316091217080531	857316091212886226	13913	
1	SPECTRUM	true	-1		2		0.91505617	16	2	47 eV	[M + H]+	311.258	Orbitrap (LCMS)	CC(C)OC(=O)C=C(C)C=CCC(C)CCCC(C)(C)OC	splash10-0apm-9200000000-c8b9108e2264b06b6ab0	Juvemon	public_spectra_2506:(MSBNK-Eawag-EQ01094905)	NFGXHKASABOEEW	240.196	659	10.985	857316091263217879	857316091263217878	13916	
1	SPECTRUM	true	4		2	-1 eV	0.47710654	9	2	-1 eV (corrected -1 eV)	[M + H]+	314.248	Orbitrap (LCMS)	CCCCCCCCCCCC1=CC(=O)C2=CC=CC=C2N1C	splash10-03k9-0905000000-d0b0c3843e238ea2821d	1-methyl-2-undecylquinolin-4-one	public_spectra_2506:(BRUNGS_NIHNP_01382)	ZLIHBZFNMQLPOT	219.187	665	11.081	857316091305160923	857316091305160922	14025	
1	SPECTRUM	true	1		2	-1 eV	0.6488443	14	2	-1 eV (corrected -1 eV)	[M + H]+	200.107	Orbitrap (LCMS)	CC1=CC(=O)N2CCCC3=C2C1=CC=C3	splash10-0udi-1590000000-290cd4bc4213c93559a4	Oprea1_162401	public_spectra_2506:(CCMSLIB00006697667)	INLMMGKPTMPKDG	200.237	666	11.103	857316091351298271	857316091351298270	14072	
1	SPECTRUM	true	2		2	-1 eV	0.6105535	6	2	-1 eV (corrected -1 eV)	[M - H2O + H]+	285.242	Orbitrap (LCMS)	CCCCCCCCCCCCCC(=O)OCC(CO)O	splash10-052r-9050000000-82f65170a330adf59f38	Monomyristin	public_spectra_2506:(CCMSLIB00006707343)	DCBSHORRWZKAKO	201.241	666	11.103	857316091397435619	857316091397435618	14087	
3	SPECTRUM	true	0		2	-1 eV	0.5809319	7	2	-1 eV (corrected -1 eV)	[M + H]+	386.196	Orbitrap (LCMS)	CC(C)(C)C1=C(C=CC(=C1)C2=CC3=C(C=C2)OCO3)OCCN(C)CC(=O)O	splash10-014i-6902000000-f7f99b4f4b3a9c299310	2-[2-[4-(1,3-benzodioxol-5-yl)-2-tert-butylphenoxy]ethyl-methylamino]acetic acid	public_spectra_2506:(BRUNGS_MCEBIO_02983)	FKPLJWGRBCQLTL	288.253	666	11.108	857316091443572967	857316091443572966	14130	
1	SPECTRUM	true	0		2	-1 eV	0.49653205	10	2	-1 eV (corrected -1 eV)	[M + H]+	490.137	Orbitrap (LCMS)	C1C(N(CC2=C(N1CC3=CN=CN3)C=CC(=C2)C#N)S(=O)(=O)C4=CC=CS4)CC5=CC=CC=C5	splash10-001i-9100000000-8730f96b962ec2e34637	nchembio.149-comp5	public_spectra_2506:(BRUNGS_MCEBIO_02698)	OLCWFLWEHWLBTO	263.077	668	11.127	857316091489710315	857316091489710314	14125	
1	SPECTRUM	true	0		2	-1 eV	0.87630856	9	2	46 eV	[M + H]+	256.170	Orbitrap (LCMS)	CN(C)CCOC(C1=CC=CC=C1)C2=CC=CC=C2	splash10-0gb9-0900000000-50251362d768cd1b1c4f	Alledryl	public_spectra_2506:(MSBNK-Eawag-EQ335206)	ZZVUWRFHKOJYTH	195.081	676	11.268	857316091540041967	857316091540041966	14268	
1	SPECTRUM	true	-1		2		0.54311055	6	2	-1 eV (corrected -1 eV)	[M + H]+	332.106	Orbitrap (LCMS)	C1=CC(=CC=C1CCSC(=N)N)OCC2=CC=C(C=C2)[N+](=O)[O-]	splash10-056r-8900000000-c4fbe16115cdaddd41d5	Tocris-1244	public_spectra_2506:(BRUNGS_MCEBIO_02257)	UMJUNUMSJDTYTM	156.543	677	11.284	857316091632316663	857316091632316662	14260	
1	SPECTRUM	true	-1		2		0.8826137	11	2	-1 eV (corrected -1 eV)	[M + H]+	152.071	Orbitrap (LCMS)	C1=CC(=CC=C1CN)C(=O)O	splash10-0a4i-5900000000-77b690538a2f40c5e8bd	Styptopur	public_spectra_2506:(BRUNGS_MCEBIO_07726)	QCTBMLYLENLHLA	135.081	677	11.288	857316091682648315	857316091678454010	14287	
2	SPECTRUM	true	3		2	-1 eV	0.7610538	6	2	-1 eV (corrected -1 eV)	[M - H2O + H]+	239.237	Orbitrap (LCMS)	CCCCCCCCCCCCCCCC(=O)O	splash10-0a4i-9000000000-35f8ac4eda4e54fbda82	Cetylate	public_spectra_2506:(CCMSLIB00011428811)	IPCSVZSSVZVIGE	169.159	678	11.298	857316091749757183	857316091749757182	14308	
1	SPECTRUM	true	0		2	-1 eV	0.8547257	11	2	115 eV	[M + H]+	319.097	Orbitrap (LCMS)	C1=CC=C(C=C1)OC(=O)C2=CC=CC=C2C(=O)OC3=CC=CC=C3	splash10-0udi-9000000000-78c62e098e1f319f0613	Caswell No. 399B	public_spectra_2506:(MSBNK-Eawag-EQ367409)	DWNAQMUDCDVSLT	93.070	678	11.299	857316091795894531	857316091795894530	14318	
2	SPECTRUM	true	-1		2		0.3943548	11	2	-1 eV (corrected -1 eV)	[M + H]+	231.123	Bruker Q-ToF (LCMS)	C=C(C(CCCCCCO)C(=O)O)C(=O)O	splash10-0002-2900000000-f991cb4882d8e674d20e	2-(6-Hydroxyhexyl)-3-methylenesuccinic acid	public_spectra_2506:(CCMSLIB00000848179)	DHVXMTMJTVCPBB	291.055	679	11.319	857316091892363531	857316091888169226	14294	
1	SPECTRUM	true	22		2	-1 eV	0.7063278	30	2	-1 eV (corrected -1 eV)	[M + H]+	281.247	FTICR (LCMS)	C1CC(C=C1)CCCCCCCCCCCCC(=O)O	null-null-null-null	Spectrum_001409	public_spectra_2506:(CCMSLIB00004702199)	XMVQWNRDPAAMJB	345.246	681	11.345	857316091942695183	857316091942695182	14363	
5	SPECTRUM	true	0		2	-1 eV	0.63079906	6	2	-1 eV (corrected -1 eV)	[M + H]+	361.137	Orbitrap (LCMS)	C1C2=CC=CC=C2C(C3=CC=CC=C3S1)NC(=O)NCC4=CC=CC=C4	splash10-03fr-0790000000-cf8bf235b7366c39fc8c	Oprea1_179312	public_spectra_2506:(BRUNGS_MCESCAF_04089)	UOTAKPNQGXSUSO	243.084	683	11.387	857316092068524315	857316092068524314	14419	
1	SPECTRUM	true	0		2	-1 eV	0.67059267	14	2	-1 eV (corrected -1 eV)	[M + H]+	174.055	Orbitrap (LCMS)	C1=CC=C2C(=C1)C(=CC=N2)C(=O)O	splash10-003s-1900000000-e9b8dc5efd04bf386ed8	Oprea1_466681	public_spectra_2506:(BRUNGS_MCEBIO_07568)	VQMSRUREDGBWKT	263.082	688	11.473	857316092110467359	857316092110467358	14572	
1	SPECTRUM	true	31		2	-1 eV	0.99462414	6	2	30 eV	[M + H]+	202.217	Orbitrap (LCMS)	CCCCCCCCCC[N+](C)(C)[O-]	splash10-0a4i-9000000000-80b3bd61cc0d3750f3a7	Decylamine oxide	public_spectra_2506:(MSBNK-Eawag-EA278412)	ZRKZFNZPJKEWPC	230.248	690	11.493	857316092156604707	857316092156604706	14591	
1	SPECTRUM	true	1		2	-1 eV	0.7179166	16	2	-1 eV (corrected -1 eV)	[M + H]+	252.232	FTICR (LCMS)	CCCCCCCC=CC=CC(=O)NCC(C)C	null-null-null-null	dodeca-2E,4E-dienoic acid isobutylamide	public_spectra_2506:(CCMSLIB00004697066)	BBRMJCAPNGJKEM	209.154	695	11.585	857316092202742055	857316092202742054	14709	
1	SPECTRUM	true	0		2	-1 eV	0.81512535	11	2	38 eV	[M]+	344.303	Orbitrap (LCMS)	CCCCCCCCCCCC(=O)NCCC[N+](C)(C)CC(=O)O	splash10-0006-3190000000-891caa0bd526a0730f2f	Empigen BR	public_spectra_2506:(MSBNK-UFZ-UP000273)	MRUAUOIMASANKQ	343.230	697	11.612	857316092248879403	857316092248879402	14717	
1	SPECTRUM	true	2		2	-1 eV	0.861988	6	2	57 eV	[M + H]+	158.027	Orbitrap (LCMS)	C1=CC=C(C=C1)S(=O)(=O)N	splash10-0udi-9000000000-e7f18e043366d44466e4	benzolsulfonamid	public_spectra_2506:(MSBNK-Eawag-EQ359509)	KHBQMWCZKVMBLN	93.070	698	11.639	857316092290822447	857316092290822446	14775	
1	SPECTRUM	true	3		2	-1 eV	0.71065384	16	2	45 eV	[M + H]+	315.253	Q-ToF (LCMS)	CCCCOC(=O)CCCCCCCCC(=O)OCCCC	splash10-0aor-9000000000-7d5e874b2f6ec47e2815	Staflex DBS	public_spectra_2506:(MSBNK-Antwerp_Univ-AN111809)	PYGXAGIECVVIOZ	185.154	702	11.700	857316092332765491	857316092332765490	14861	
1	SPECTRUM	true	15		2	-1 eV	0.64465415	6	2	40 eV	[M + H]+	337.165	Q-ToF (LCMS)	CCCCOC(=O)COC(=O)C1=CC=CC=C1C(=O)OCCCC	splash10-0002-4900000000-c9866547a3b5eb97f123	Reomol 4pg	public_spectra_2506:(MSBNK-EPA-ENTACT_AGILENT000930)	GOJCZVPJCKEBQV	277.155	711	11.852	857316092420845883	857316092420845882	15098	
7	SPECTRUM	true	30		2	-1 eV	0.6337399	6	2	-1 eV (corrected -1 eV)	[M + Na]+	349.235	Orbitrap (LCMS)	CC(=O)OC(CCCCCCCCCCCC#C)CC(CO)O	splash10-0002-9100000000-b8959bc199dcef66a915	Avocadyne 4-acetate	public_spectra_2506	FHGZOCAZNHYWAL	251.147	717	11.950	857316092479566143	857316092475371838	15209	
1	SPECTRUM	true	10		2	-1 eV	0.9225705	29	2	-1 eV (corrected -1 eV)	[M + H]+	305.232	FTICR (LCMS)	C(CCCC(C(CCCCCCO)O)O)CCCC(=O)O	null-null-null-null	Aleuritic acid	public_spectra_2506:(CCMSLIB00004704749)	MEHUJCGAYMDLEL	253.216	726	12.103	857316092571840839	857316092571840838	15364	
3	SPECTRUM	true	0		2	-1 eV	0.56822574	10	2	-1 eV (corrected -1 eV)	[M - H2O + H]+	269.138	Orbitrap (LCMS)	CCC(C)(C(=O)CC1C(C(OC1=O)(C)O)C)C(=O)OC	splash10-0100-0930000000-3ef548eaa8c87a6a0661	methyl 2-ethyl-4-[(3R,4R,5S)-5-hydroxy-4,5-dimethyl-2-oxooxolan-3-yl]-2-methyl-3-oxobutanoate	public_spectra_2506:(BRUNGS_NIHNP_01401)	VOYCJQSSBDMXNQ	311.185	736	12.262	857316092655726927	857316092655726926	15630	
1	SPECTRUM	true	1		2	-1 eV	0.5522561	14	2	-1 eV (corrected -1 eV)	[M + H]+	340.129	Orbitrap (LCMS)	C1=CC=C2C(=C1)C(=CN2)CCNC(=O)OCC3=CC=C(C=C3)[N+](=O)[O-]	splash10-002f-0950000000-860c76fa980f6937d3e8	Oprea1_246309	public_spectra_2506:(CCMSLIB00006705016)	YGFKKATUXMVCSZ	277.093	736	12.264	857316092701864275	857316092697669970	15612	
1	SPECTRUM	true	3		2	-1 eV	0.87295127	11	2	15 eV	[M + H]+	219.047	Orbitrap (LCMS)	C1=CC=C(C=C1)S(=O)(=O)C2=CC=CC=C2	splash10-014m-9870000000-3dcd1382591f7017d96f	Sulfobenzide	public_spectra_2506:(MSBNK-CASMI_2016-SM808701)	KZTYYGOKRVBIMI	183.081	739	12.319	857316092748001623	857316092743807318	15670	
1	SPECTRUM	true	0		2	-1 eV	0.8974083	11	2	-1 eV (corrected -1 eV)	[M + H]+	350.186	Orbitrap (LCMS)	CCCCCCN1C2=CC=CC=C2C(=C1O)N=NC(=O)C3=CC=CC=C3	splash10-0pba-9500000000-94cdcd81b730888c72d7	MDA 19 (Standard)	public_spectra_2506:(BRUNGS_MCEBIO_02628)	ICNRTDOKKSWDRL	183.174	741	12.355	857316092789944667	857316092789944666	15705	
1	SPECTRUM	true	2		2	-1 eV	0.73309827	7	2	15 eV	[M + H]+	151.032	Q-ToF (LCMS)	C1=CC=C2C(=C1)N=C(S2)N	splash10-0udi-0900000000-ab0d204d6a77c5dd22e6	2-Aminobenzthiazole	public_spectra_2506:(MSBNK-Antwerp_Univ-AN124403)	UHGULLIUJBCTEF	227.064	748	12.464	857316092878025059	857316092878025058	15868	
1	SPECTRUM	true	0		2	-1 eV	0.74764544	23	2	75 eV	[M + H]+	198.185	Orbitrap (LCMS)	C1CCCCCC(=O)NCCCCC1	splash10-0a4i-9100000000-11f8d6de963cd1b8514d	Nylon 12	public_spectra_2506:(MSBNK-LCSB-LU080705)	JHWNWJKBPDFINM	209.154	750	12.499	857316092919968103	857316092919968102	15881	
1	SPECTRUM	true	4		2	-1 eV	0.7625962	7	2	-1 eV (corrected -1 eV)	[M + H]+	347.160	Orbitrap (LCMS)	CC1(CC2=C(C(=O)C1)N(C(=N2)C3=CC(=C(C(=C3)OC)OC)OC)O)C	splash10-0002-0009000000-93a726bef75d174697c7	3-hydroxy-6,6-dimethyl-2-(3,4,5-trimethoxyphenyl)-3,5,6,7-tetrahydrobenzimidaz ol-4-one	public_spectra_2506:(CCMSLIB00010104461)	JZWFFWPWYDAKAR	257.100	752	12.540	857316092966105451	857316092966105450	15973	
1	SPECTRUM	true	5		2	-1 eV	0.7551123	10	2	-1 eV (corrected -1 eV)	[M - H2O + H]+	267.268	Orbitrap (LCMS)	CCCCCCCCCCCCCCCCCC(=O)O	splash10-0awa-9000000000-d2578078d679088f9993	Stearate	public_spectra_2506:(CCMSLIB00010125870)	QIQXTHQIDYTFRH	228.269	757	12.609	857316093008048495	857316093008048494	15937	
1	SPECTRUM	true	5		2	-1 eV	0.9393426	12	2	38 eV	[M + H]+	237.221	Orbitrap (LCMS)	C1CCCCCC(=O)CCCC=CCCCC1	splash10-067j-9000000000-a0fde8b466a36908ccb5	5-Cyclohexadecenone	public_spectra_2506:(MSBNK-UFZ-WANA2456237762PH)	ABRIMXGLNHCLIP	256.227	760	12.660	857316093054185843	857316093054185842	16086	
1	SPECTRUM	true	-1		2		0.80882865	9	2	127 eV	[M + H]+	705.397	Orbitrap (LCMS)	CC(C)(C)C(C(=O)NC(CC1=CC=CC=C1)C(CN(CC2=CC=C(C=C2)C3=CC=CC=N3)NC(=O)C(C(C)(C)C)NC(=O)OC)O)NC(=O)OC	splash10-014i-0900000000-902cba4c526d44dd49e0	Reyataz	public_spectra_2506:(MSBNK-Eawag-EQ301206)	AXRYRYVKAWYZBR	215.082	761	12.689	857316093138071931	857316093138071930	16162	
1	SPECTRUM	true	16		2	-1 eV	0.40945536	7	2	-1 eV (corrected -1 eV)	[M + H]+	368.119	Orbitrap (LCMS)	CCCCCCNC(=O)CC1C(=O)NC(=NC2=CC=C(C=C2)Cl)S1	splash10-001r-1920000000-40abf79f580603ca202b	2-[2-(4-chloroanilino)-4-oxo-1,3-thiazol-5-yl]-N-hexylacetamide	public_spectra_2506:(BRUNGS_MCESCAF_03584)	KJENZKOMJGIPLH	276.179	765	12.752	857316093180014975	857316093180014974	16328	
1	SPECTRUM	true	2		2	-1 eV	0.82686275	6	2	60 eV	[M + H]+	194.154	Orbitrap (LCMS)	CCCCCCOC1=CC=C(C=C1)N	splash10-03di-4900000000-32cf68707c9d88ae4144	4-hexoxyaniline	public_spectra_2506:(MSBNK-LCSB-LU057404)	DJRKHTCUXRGYEU	182.118	765	12.754	857316093221958019	857316093221958018	16324	
1	SPECTRUM	true	25		2	-1 eV	0.96207607	7	2	20 eV	[M + H]+	415.269	Q-ToF (LCMS)	CCCCCCCCCCCCCCCC(=O)OCC(C1C(C(=O)C(=O)O1)O)O	splash10-014i-0900000000-0ea43b9d760f2d56a553	2-Hydroxy-2-(3-hydroxy-4,5-dioxooxolan-2-yl)ethyl hexadecanoate	public_spectra_2506:(MSBNK-EPA-ENTACT_AGILENT002489)	CYJPUZLKFAUFHF	460.269	772	12.867	857316093310038411	857316093310038410	16484	
1	SPECTRUM	true	1		2	-1 eV	0.9308418	6	2	20 eV	[M + H]+	415.269	Q-ToF (LCMS)	CCCCCCCCCCCCCCCC(=O)OCC(C1C(C(=O)C(=O)O1)O)O	splash10-014i-0900000000-0ea43b9d760f2d56a553	2-Hydroxy-2-(3-hydroxy-4,5-dioxooxolan-2-yl)ethyl hexadecanoate	public_spectra_2506:(MSBNK-EPA-ENTACT_AGILENT002489)	CYJPUZLKFAUFHF	432.238	772	12.867	857316093356175759	857316093356175758	16485	
2	SPECTRUM	true	13		2	-1 eV	0.9870996	12	2	-1 eV (corrected -1 eV)	[M + H]+	829.417	Orbitrap (LCMS)	CC1CCC(N1N=CC2=C(C(=C(C3=C2C(=C(C(=C3)C)C4=C(C5=C(C=C4C)C(=C(C(=C5C=NN6CCCC6CC7=CC=CO7)O)O)C(C)C)O)O)C(C)C)O)O)CC8=CC=CO8	splash10-014i-0900000000-e4b5a82caff160fa3ec0	"1-({	public_spectra_2506:(CCMSLIB00010124460)	KXQUQNTZGWAIHS	415.211	772	12.870	857316093402313107	857316093398118802	16486	
1	SPECTRUM	true	21		2	-1 eV	0.64111406	24	2	90 eV	[M + H]+	420.265	Orbitrap (LCMS)	CCC1CCC(C(N1)C2=CC=CC=C2)NCC3=CC4=C(C=C3OC)C5CC5C(=O)N4C	splash10-052f-1900000000-9b3ff4b0814cd36e4ae7	(1aS,7bR)-5-[[[(2R,3R,6R)-6-ethyl-2-phenylpiperidin-3-yl]amino]methyl]-6-methoxy-3-methyl-1a,7b-dihydro-1H-cyclopropa[c]quinolin-2-one	public_spectra_2506:(MSBNK-LCSB-LU050606)	KDGDTPNBDMVKHC	219.113	774	12.904	857316093448450455	857316093448450454	16545	
3	SPECTRUM	true	4		2	-1 eV	0.45903865	6	2	-1 eV (corrected -1 eV)	[M - H2O + H]+	239.201	Orbitrap (LCMS)	CCCCCCCCCCC(=O)CCCC(=O)O	splash10-03di-7390000000-91e92af1114377c98ad1	ACMC-20lwpm	public_spectra_2506:(CCMSLIB00010113356)	RNMOYYIVANEQIG	230.212	775	12.923	857316093494587803	857316093494587802	16623	
3	SPECTRUM	true	0		2	-1 eV	0.78506166	10	2	-1 eV (corrected -1 eV)	[M + Na]+	637.302	Orbitrap (LCMS)	C1C(C(C(C(C1N)OC2C(C(C(C(O2)CN)O)O)N)OC3C(C(C(O3)CO)OC4C(C(C(C(O4)CN)O)O)N)O)O)N	splash10-000i-2103059000-6951a6a87c4e267c3888	Actiline	public_spectra_2506:(CCMSLIB00010114511)	PGBHMTALBVVCIT	449.149	782	13.032	857316093544919455	857316093544919454	16742	
1	SPECTRUM	true	21		2	-1 eV	0.9899939	6	2	-1 eV (corrected -1 eV)	[M + H]+	301.112	Orbitrap (LCMS)	CC1=CC(=C(C=C1)C)CSC2=NC3=C(N2C)N=CNC3=O	splash10-014i-0900000000-3d407de66de2952baaa2	8-[(2,5-dimethylphenyl)methylthio]-9-methylhydropurin-6-one	public_spectra_2506:(CCMSLIB00006702023)	RGHPXFUJDAJHBZ	415.211	803	13.386	857316093645582759	857316093645582758	17206	
1	SPECTRUM	true	1		2	-1 eV	0.96352935	6	2	20 eV	[M + H]+	415.269	Q-ToF (LCMS)	CCCCCCCCCCCCCCCC(=O)OCC(C1C(C(=O)C(=O)O1)O)O	splash10-014i-0900000000-0ea43b9d760f2d56a553	2-Hydroxy-2-(3-hydroxy-4,5-dioxooxolan-2-yl)ethyl hexadecanoate	public_spectra_2506:(MSBNK-EPA-ENTACT_AGILENT002489)	CYJPUZLKFAUFHF	460.269	807	13.444	857316093750440367	857316093746246062	17281	
3	SPECTRUM	true	-1		2		0.40574655	6	2	-1 eV (corrected -1 eV)	[M + H]+	255.232	N/A	CCCCCCC=CCCCCCCCC(=O)O	splash10-05us-9410000000-664227f6da596ac95ff7	zoomarate	public_spectra_2506:(CCMSLIB00003136157)	SECPZKHBENQXJG	277.237	812	13.530	857316093888852411	857316093884658106	17387	
1	SPECTRUM	true	0		2	-1 eV	0.7206241	6	2	41 eV	[M + H]+	271.181	Orbitrap (LCMS)	CC(C1=CC=CC=C1)(C2=CC=CC=N2)OCCN(C)C	splash10-014i-0900000000-8a5f15b863b7129c1288	doxilamina	public_spectra_2506:(MSBNK-Eawag-EQ301805)	HCFDWZZGGLSKEP	229.097	814	13.564	857316093934989759	857316093934989758	17438	
1	SPECTRUM	true	1		2	-1 eV	0.86161953	31	2	-1 eV (corrected -1 eV)	[M - H2O + H]+	263.237	Orbitrap (LCMS)	CCCCCC=CCC=CCCCCCCCC(=O)O	splash10-0apm-9300000000-70cabf06fa277d823352	Linolate	public_spectra_2506:(CCMSLIB00011428768)	OYHQOLUKZRVURQ	281.239	821	13.679	857316093993710019	857316093989515714	17554	
1	SPECTRUM	true	0		2	-1 eV	0.4254372	10	2	-1 eV (corrected -1 eV)	[M + K]+	371.053	FTICR (LCMS)	CC1=CC(=C(C(=C1)O)C(=O)C2=C(C=C(C=C2OC)O)C(=O)OC)O	null-null-null-null	Sulochrin	public_spectra_2506:(CCMSLIB00004695012)	YJRLSCDUYLRBIZ	223.064	822	13.694	857316094044041671	857316094044041670	17582	
1	SPECTRUM	true	1		2	-1 eV	0.7319688	33	2	-1 eV (corrected -1 eV)	[M + H3N + H]+	298.274	FTICR (LCMS)	C1CC(C=C1)CCCCCCCCCCCCC(=O)O	null-null-null-null	Spectrum_001409	public_spectra_2506:(CCMSLIB00004702196)	XMVQWNRDPAAMJB	297.082	822	13.694	857316094094373323	857316094094373322	17586	
1	SPECTRUM	true	-1		2		0.7937569	11	2	55 eV	[M + H]+	307.263	Orbitrap (LCMS)	CCC=CCC=CCC=CCCCCCCCCCC(=O)O	splash10-0159-9000000000-ef0351d6642d9ee1965e	Icosatrienoic acid	public_spectra_2506:(MSBNK-Eawag-EQ01142706)	AHANXAKGNAKFSK	197.190	823	13.709	857316094232785367	857316094232785366	17632	
1	SPECTRUM	true	-1		2		0.669089	19	2	47 eV	[M + H]+	311.258	Orbitrap (LCMS)	CC(C)OC(=O)C=C(C)C=CCC(C)CCCC(C)(C)OC	splash10-0apm-9200000000-c8b9108e2264b06b6ab0	Juvemon	public_spectra_2506:(MSBNK-Eawag-EQ01094905)	NFGXHKASABOEEW	380.192	825	13.753	857316094270534107	857316094270534106	17676	
1	SPECTRUM	true	-1		2		0.81329274	6	2	-1 eV (corrected -1 eV)	[M + H]+	363.127	Orbitrap (LCMS)	CC1=CC=C(C=C1)N2C3=C(C(=O)NC=N3)N=C2SCC4=CC=CC(=C4)C	splash10-0a4i-0902000000-e49e10fe3e91b7d8e496	9-(4-methylphenyl)-8-[(3-methylphenyl)methylthio]hydropurin-6-one	public_spectra_2506:(CCMSLIB00010120379)	PLJXLEGHOLUORM	318.206	829	13.819	857316094312477151	857316094312477150	17751	
1	SPECTRUM	true	-1		2		0.5540483	7	2	-1 eV (corrected -1 eV)	[M + H]+	333.076	Orbitrap (LCMS)	C1=CC=C2C(=C1)C(=O)OC23C4=C(C=C(C=C4)O)OC5=C3C=CC(=C5)O	splash10-0ue9-0191000000-29293d4fc2abb6400b57	fluorescein	public_spectra_2506:(BRUNGS_MCEBIO_00710)	GNBHRKFJIUUOQI	231.081	833	13.880	857316094442500587	857316094442500586	17832	
1	SPECTRUM	true	1		2	-1 eV	0.6802354	18	2	-1 eV (corrected -1 eV)	[M + H]+	200.107	Orbitrap (LCMS)	CC1=CC(=O)N2CCCC3=C2C1=CC=C3	splash10-0udi-1590000000-290cd4bc4213c93559a4	Oprea1_162401	public_spectra_2506:(CCMSLIB00006697667)	INLMMGKPTMPKDG	199.984	834	13.896	857316094488637935	857316094488637934	17847	
1	SPECTRUM	true	-1		2		0.9489987	6	2	20 eV	[M + H]+	415.269	Q-ToF (LCMS)	CCCCCCCCCCCCCCCC(=O)OCC(C1C(C(=O)C(=O)O1)O)O	splash10-014i-0900000000-0ea43b9d760f2d56a553	2-Hydroxy-2-(3-hydroxy-4,5-dioxooxolan-2-yl)ethyl hexadecanoate	public_spectra_2506:(MSBNK-EPA-ENTACT_AGILENT002489)	CYJPUZLKFAUFHF	460.269	843	14.052	857316094568329719	857316094568329718	18059	
1	SPECTRUM	true	-1		2		0.98604405	6	2	-1 eV (corrected -1 eV)	[M + H]+	301.112	Orbitrap (LCMS)	CC1=CC(=C(C=C1)C)CSC2=NC3=C(N2C)N=CNC3=O	splash10-014i-0900000000-3d407de66de2952baaa2	8-[(2,5-dimethylphenyl)methylthio]-9-methylhydropurin-6-one	public_spectra_2506:(CCMSLIB00006702023)	RGHPXFUJDAJHBZ	415.211	844	14.061	857316094606078459	857316094606078458	18064	
2	SPECTRUM	true	1		2	-1 eV	0.6797407	6	2	-1 eV (corrected -1 eV)	[M + Na]+	431.131	FTICR (LCMS)	CC1C(=O)OC2C1(C34C(=O)OC5C3(C2)C6(C(C5)C(C)(C)C)C(C(=O)OC6O4)O)O	null-null-null-null	Ginkgolide A	public_spectra_2506:(CCMSLIB00004701789)	FPUXKXIZEIDQKW	430.888	845	14.076	857316094656410111	857316094656410110	18084	
1	SPECTRUM	true	3		2	-1 eV	0.82261485	6	2	-1 eV (corrected -1 eV)	[M + H]+	363.127	Orbitrap (LCMS)	CC1=CC=C(C=C1)N2C3=C(C(=O)NC=N3)N=C2SCC4=CC=CC(=C4)C	splash10-0a4i-0902000000-e49e10fe3e91b7d8e496	9-(4-methylphenyl)-8-[(3-methylphenyl)methylthio]hydropurin-6-one	public_spectra_2506:(CCMSLIB00006703285)	PLJXLEGHOLUORM	318.206	849	14.150	857316094698353155	857316094698353154	18198	
1	SPECTRUM	true	5		2	-1 eV	0.7202121	7	2	31 eV	[M + H]+	174.149	Orbitrap (LCMS)	CC(C)CC(CC(=O)O)CNC	splash10-0a4i-9000000000-609d6489cf7de0e75152	(S)-N-Methyl Pregabalin	public_spectra_2506:(MSBNK-Eawag-EQ01152006)	MADUVMLGQASXOK	402.358	850	14.158	857316094744490503	857316094740296198	18056	
1	SPECTRUM	true	1		2	-1 eV	0.99378353	6	2	30 eV	[M + H]+	202.217	Orbitrap (LCMS)	CCCCCCCCCC[N+](C)(C)[O-]	splash10-0a4i-9000000000-4f7fc9e9dd1b49ea2136	Decylamine oxide	public_spectra_2506:(MSBNK-Eawag-EA278406)	ZRKZFNZPJKEWPC	286.311	856	14.267	857316094836765199	857316094836765198	18323	
1	SPECTRUM	true	0		2	-1 eV	0.6415565	6	2	-1 eV (corrected -1 eV)	[M + Na]+	353.063	Orbitrap (LCMS)	COC1=CC(=CC(=C1O)OC)C=C2C(=O)C3=C(C=C(C=C3O2)O)O	splash10-014i-4109000000-536a8e36c477c3f8f4de	(2Z)-4,6-dihydroxy-2-[(4-hydroxy-3,5-dimethoxyphenyl)methylidene]-1-benzofuran-3-one	public_spectra_2506	LOVMOOUQHWMIHZ	284.331	856	14.268	857316094962594323	857316094962594322	18190	
1	SPECTRUM	true	136		2	-1 eV	0.9814444	6	2	29 eV	[M + H]+	319.284	Orbitrap (LCMS)	CCCCCCCCCCCCOCCOCCOCCO	splash10-052r-9000000000-13bf11427c5b89b4701f	Laureth-3	public_spectra_2506:(MSBNK-Eawag-EQ01034503)	FKMHSNTVILORFA	308.280	857	14.292	857316095059063319	857316095059063318	18343	
1	SPECTRUM	true	53		2	-1 eV	0.9692307	6	2	29 eV	[M + H]+	319.284	Orbitrap (LCMS)	CCCCCCCCCCCCOCCOCCOCCO	splash10-052r-9000000000-13bf11427c5b89b4701f	Laureth-3	public_spectra_2506:(MSBNK-Eawag-EQ01034503)	FKMHSNTVILORFA	291.253	858	14.294	857316095109394971	857316095109394970	18347	
2	SPECTRUM	true	67		2	-1 eV	0.93521047	6	2	29 eV	[M + H]+	319.284	Orbitrap (LCMS)	CCCCCCCCCCCCOCCOCCOCCO	splash10-052r-9000000000-13bf11427c5b89b4701f	Laureth-3	public_spectra_2506:(MSBNK-Eawag-EQ01034503)	FKMHSNTVILORFA	336.311	858	14.295	857316095159726623	857316095159726622	18350	
1	SPECTRUM	true	34		2	-1 eV	0.96058387	6	2	29 eV	[M + H]+	319.284	Orbitrap (LCMS)	CCCCCCCCCCCCOCCOCCOCCO	splash10-052r-9000000000-13bf11427c5b89b4701f	Laureth-3	public_spectra_2506:(MSBNK-Eawag-EQ01034503)	FKMHSNTVILORFA	335.279	861	14.348	857316095298138667	857316095298138666	18447	
1	SPECTRUM	true	1		2	-1 eV	0.9283536	8	2	19 eV	[M + H]+	319.284	Orbitrap (LCMS)	CCCCCCCCCCCCOCCOCCOCCO	splash10-000i-9200000000-cc826876131a6d2fa05d	Laureth-3	public_spectra_2506:(MSBNK-Eawag-EQ01034502)	FKMHSNTVILORFA	352.306	861	14.350	857316095340081711	857316095340081710	18450	
1	SPECTRUM	true	0		2	-1 eV	0.88512415	20	2	-1 eV (corrected -1 eV)	[M + H]+	507.353	Orbitrap (LCMS)	CC(C(CCCCCCCCCCCCCCCCC(=O)O)OC1C(C(C(C(O1)CO)O)O)O)O	splash10-067j-9200000000-bb8f701d11c3741771c8	NCGC00384950-01!19-hydroxy-18-[3,4,5-trihydroxy-6-(hydroxymethyl)oxan-2-yl]oxyicosanoic acid	public_spectra_2506:(BRUNGS_NIHNP_00965)	GYUCMTKUEQLBJW	368.352	861	14.351	857316095390413363	857316095390413362	18388	
1	SPECTRUM	true	20		2	-1 eV	0.58334917	6	2	-1 eV (corrected -1 eV)	[M + K]+	285.052	FTICR (LCMS)	CC(C)(C1CC2=C(O1)C=CC3=C2OC(=O)C=C3)O	null-null-null-null	Columbianetin	public_spectra_2506:(CCMSLIB00004695093)	YRAQEMCYCSSHJG	380.337	862	14.361	857316095432356407	857316095432356406	18622	
1	SPECTRUM	true	9		2	-1 eV	0.5906042	31	2	-1 eV (corrected -1 eV)	[M - H2O + H]+	265.253	Orbitrap (LCMS)	CCCCCCCCC=CCCCCCCCC(=O)O	splash10-014i-9330000000-400e5b758bd53b2a66af	Mangrove	public_spectra_2506:(CCMSLIB00010125664)	ZQPPMHVWECSIRJ	329.251	872	14.527	857316095482688059	857316095482688058	18722	
1	SPECTRUM	true	-1		2		0.6901072	11	2	46 eV	[M + H]+	307.263	Orbitrap (LCMS)	CCC=CCC=CCC=CCCCCCCCCCC(=O)O	splash10-0159-9000000000-642c58d17ed6c7aadffc	Icosatrienoic acid	public_spectra_2506:(MSBNK-Eawag-EQ01142705)	AHANXAKGNAKFSK	394.208	874	14.573	857316095528825407	857316095528825406	18753	
1	SPECTRUM	true	11		2	-1 eV	0.9773935	6	2	29 eV	[M + H]+	319.284	Orbitrap (LCMS)	CCCCCCCCCCCCOCCOCCOCCO	splash10-052r-9000000000-13bf11427c5b89b4701f	Laureth-3	public_spectra_2506:(MSBNK-Eawag-EQ01034503)	FKMHSNTVILORFA	308.280	881	14.684	857316095612711495	857316095612711494	18901	
6	SPECTRUM	true	21		2	-1 eV	0.8795518	6	2	19 eV	[M + H]+	319.284	Orbitrap (LCMS)	CCCCCCCCCCCCOCCOCCOCCO	splash10-000i-9200000000-cc826876131a6d2fa05d	Laureth-3	public_spectra_2506:(MSBNK-Eawag-EQ01034502)	FKMHSNTVILORFA	291.253	881	14.684	857316095658848843	857316095654654538	18900	
1	SPECTRUM	true	-1		2		0.4296542	6	2	-1 eV (corrected -1 eV)	[M + H]+	425.312	Orbitrap (LCMS)	CCCCCCCCCCCCCCCCCC(=O)N1C(C(=O)NC1=O)NC(=O)N	splash10-0002-2900000000-9b2cf0666f2dc567218d	1-(2,5-dioxoimidazolidin-4-yl)urea_Octadecanoyl chloride (Chimeric precursor selection)	public_spectra_2506:(CCMSLIB00012472260)	VJIXBGBPARMDSX	380.337	884	14.728	857316095734346323	857316095734346322	18945	
1	SPECTRUM	true	5		2	-1 eV	0.86707246	12	2	28 eV	[M + H]+	237.221	Orbitrap (LCMS)	C1CCCCCC(=O)CCCC=CCCCC1	splash10-05o1-9100000000-b666e81aba119f1faff1	5-Cyclohexadecenone	public_spectra_2506:(MSBNK-UFZ-WANA2456155BE0PH)	ABRIMXGLNHCLIP	211.206	890	14.829	857316095784677975	857316095780483670	19062	
1	SPECTRUM	true	0		2	-1 eV	0.93855685	19	2	30 eV	[M + H]+	435.295	Orbitrap (LCMS)	CCCCOCCOCCOC(=O)CCCCC(=O)OCCOCCOCCCC	splash10-0a4r-4900000000-190967e291fbf57337ca	Wareflex	public_spectra_2506:(MSBNK-LCSB-LU125402)	SCABKEBYDRTODC	452.322	890	14.833	857316095826621019	857316095826621018	19073	
4	SPECTRUM	true	-1		2		0.93509173	13	2	45 eV	[M + H]+	285.290	Orbitrap (LCMS)	CCCCCCCCCCCC(=O)NCCCN(C)C	splash10-0006-3190000000-9a0ead1ab06a1568277f	Lexamine L 13	public_spectra_2506:(MSBNK-LCSB-LU071403)	TWMFGCHRALXDAR	369.384	892	14.861	857316095927284323	857316095927284322	19114	
1	SPECTRUM	true	10		2	-1 eV	0.97567016	7	2	19 eV	[M + H]+	319.284	Orbitrap (LCMS)	CCCCCCCCCCCCOCCOCCOCCO	splash10-000i-9200000000-cc826876131a6d2fa05d	Laureth-3	public_spectra_2506:(MSBNK-Eawag-EQ01034502)	FKMHSNTVILORFA	308.280	894	14.895	857316095977615975	857316095973421670	19174	
1	SPECTRUM	true	-1		2		0.950553	6	2	29 eV	[M + H]+	319.284	Orbitrap (LCMS)	CCCCCCCCCCCCOCCOCCOCCO	splash10-052r-9000000000-13bf11427c5b89b4701f	Laureth-3	public_spectra_2506:(MSBNK-Eawag-EQ01034503)	FKMHSNTVILORFA	291.253	894	14.896	857316096027947627	857316096023753322	19173	
1	SPECTRUM	true	17		2	-1 eV	0.9080543	6	2	19 eV	[M + H]+	319.284	Orbitrap (LCMS)	CCCCCCCCCCCCOCCOCCOCCO	splash10-000i-9200000000-cc826876131a6d2fa05d	Laureth-3	public_spectra_2506:(MSBNK-Eawag-EQ01034502)	FKMHSNTVILORFA	336.311	894	14.896	857316096074084975	857316096074084974	19165	
1	SPECTRUM	true	-1		2		0.87338704	14	2	-1 eV (corrected -1 eV)	[M + K]+	367.225	FTICR (LCMS)	CC(=O)OC(CCCCCCCCCCCC=C)CC(CO)O	null-null-null-null	Avocadene 4-acetate	public_spectra_2506:(CCMSLIB00004699627)	MFLWBVVCOWPUBA	385.379	894	14.896	857316096128610931	857316096128610930	19175	
1	SPECTRUM	true	-1		2		0.749187	13	2	38 eV	[M + H]+	237.221	Orbitrap (LCMS)	C1CCCCCC(=O)CCCC=CCCCC1	splash10-067j-9000000000-a0fde8b466a36908ccb5	5-Cyclohexadecenone	public_spectra_2506:(MSBNK-UFZ-WANA2456237762PH)	ABRIMXGLNHCLIP	420.224	894	14.908	857316096178942583	857316096178942582	19191	
1	SPECTRUM	true	0		2	-1 eV	0.94208187	7	2	19 eV	[M + H]+	319.284	Orbitrap (LCMS)	CCCCCCCCCCCCOCCOCCOCCO	splash10-000i-9200000000-cc826876131a6d2fa05d	Laureth-3	public_spectra_2506:(MSBNK-Eawag-EQ01034502)	FKMHSNTVILORFA	352.306	896	14.930	857316096225079931	857316096220885626	19226	
1	SPECTRUM	true	5		2	-1 eV	0.8420157	6	2	19 eV	[M + H]+	319.284	Orbitrap (LCMS)	CCCCCCCCCCCCOCCOCCOCCO	splash10-000i-9200000000-cc826876131a6d2fa05d	Laureth-3	public_spectra_2506:(MSBNK-Eawag-EQ01034502)	FKMHSNTVILORFA	380.337	896	14.932	857316096275411583	857316096275411582	19230	
1	SPECTRUM	true	2		2	-1 eV	0.96513206	7	2	19 eV	[M + H]+	319.284	Orbitrap (LCMS)	CCCCCCCCCCCCOCCOCCOCCO	splash10-000i-9200000000-cc826876131a6d2fa05d	Laureth-3	public_spectra_2506:(MSBNK-Eawag-EQ01034502)	FKMHSNTVILORFA	335.279	896	14.932	857316096321548931	857316096321548930	19232	
1	SPECTRUM	true	-1		2		0.9695333	6	2	29 eV	[M + H]+	319.284	Orbitrap (LCMS)	CCCCCCCCCCCCOCCOCCOCCO	splash10-052r-9000000000-13bf11427c5b89b4701f	Laureth-3	public_spectra_2506:(MSBNK-Eawag-EQ01034503)	FKMHSNTVILORFA	291.253	903	15.051	857316096371880583	857316096371880582	19432	
1	SPECTRUM	true	20		2	-1 eV	0.5934027	6	2	-1 eV (corrected -1 eV)	[M + K]+	285.052	FTICR (LCMS)	CC(C)(C1CC2=C(O1)C=CC3=C2OC(=O)C=C3)O	null-null-null-null	Columbianetin	public_spectra_2506:(CCMSLIB00004695093)	YRAQEMCYCSSHJG	336.311	903	15.051	857316096422212235	857316096418017930	19433	
2	SPECTRUM	true	16		2	-1 eV	0.97847587	6	2	29 eV	[M + H]+	319.284	Orbitrap (LCMS)	CCCCCCCCCCCCOCCOCCOCCO	splash10-052r-9000000000-13bf11427c5b89b4701f	Laureth-3	public_spectra_2506:(MSBNK-Eawag-EQ01034503)	FKMHSNTVILORFA	308.280	903	15.052	857316096468349583	857316096468349582	19434	
1	SPECTRUM	true	0		2	-1 eV	0.6807094	7	2	45 eV	[M + H]+	274.274	Orbitrap (LCMS)	CCCCCCCCCCCCN(CCO)CCO	splash10-05fr-9370000000-07245eb0f79c6ebb8c3c	Lauryldiethanolamine	public_spectra_2506:(MSBNK-LCSB-LU030803)	NKFNBVMJTSYZDV	258.243	908	15.133	857316096569012887	857316096564818582	19581	
1	SPECTRUM	true	5		2	-1 eV	0.6569963	19	2	-1 eV (corrected -1 eV)	[M + H]+	305.232	FTICR (LCMS)	C(CCCC(C(CCCCCCO)O)O)CCCC(=O)O	null-null-null-null	Aleuritic acid	public_spectra_2506:(CCMSLIB00004704749)	MEHUJCGAYMDLEL	408.224	919	15.323	857316096652898975	857316096652898974	19815	
1	SPECTRUM	true	-1		2		0.723658	7	2	46 eV	[M + H]+	307.263	Orbitrap (LCMS)	CCC=CCC=CCC=CCCCCCCCCCC(=O)O	splash10-0159-9000000000-642c58d17ed6c7aadffc	Icosatrienoic acid	public_spectra_2506:(MSBNK-Eawag-EQ01142705)	AHANXAKGNAKFSK	453.282	921	15.351	857316096694842019	857316096690647714	19849	
1	SPECTRUM	true	4		2	-1 eV	0.7313734	8	2	31 eV	[M + H]+	174.149	Orbitrap (LCMS)	CC(C)CC(CC(=O)O)CNC	splash10-0a4i-9000000000-609d6489cf7de0e75152	(S)-N-Methyl Pregabalin	public_spectra_2506:(MSBNK-Eawag-EQ01152006)	MADUVMLGQASXOK	430.389	923	15.388	857316096732590759	857316096732590758	19925	
2	SPECTRUM	true	4		2	-1 eV	0.44605458	6	2	-1 eV (corrected -1 eV)	[M + Na]+	402.168	FTICR (LCMS)	CC(=CCC1=C2C(=C(C(=C1O)CC=C(C)C)O)C(=O)C3=C(N2)C(=CC=C3)O)C	null-null-null-null	Atalaphylline	public_spectra_2506:(CCMSLIB00004709838)	GLXYKTASIIUSRC	428.337	924	15.403	857316096774533803	857316096774533802	19963	
1	SPECTRUM	true	11		2	-1 eV	0.9176145	16	2	-1 eV (corrected -1 eV)	[M - H4O2 + H]+	377.269	Orbitrap (LCMS)	CC(CC(C)C(C)O)CC(CC(C)C=C(C)C=C(CC(C)C(=O)O)C(=O)O)CO	splash10-0a4i-9500000000-4ae6342a199f9b46bacc	BRUNGS_NIHNP_00483	public_spectra_2506:(BRUNGS_NIHNP_00483)	YOSAXDOXINGSJA	281.248	927	15.445	857316096862614195	857316096862614194	20021	
1	SPECTRUM	true	-1		2		0.6063359	6	2	-1 eV (corrected -1 eV)	[M + H]+	279.232	Orbitrap (LCMS)	CCCCCC=CCC=CCC=CCCCCC(=O)O	splash10-0002-4920000000-590344f48fe5d5801fb6	Viacutan	public_spectra_2506:(CCMSLIB00013576836)	VZCCETWTMQHEPK	468.332	930	15.498	857316096904557239	857316096904557238	20085	
1	SPECTRUM	true	1		2	-1 eV	0.76528263	17	2	31 eV	[M + H]+	207.138	Orbitrap (LCMS)	CC(C)(C)C1=CC=C(C=C1)OCC2CO2	splash10-0a4i-9800000000-b6d096ec279a187d8ef2	t-Butyl phenyl glycidyl ether	public_spectra_2506:(MSBNK-Eawag-EQ01109505)	HHRACYLRBOUBKM	219.174	931	15.519	857316096946500283	857316096946500282	20120	
1	SPECTRUM	true	-1		2		0.6443167	6	2	75 eV	[M + H]+	285.290	Orbitrap (LCMS)	CCCCCCCCCCCC(=O)NCCCN(C)C	splash10-0a4i-9000000000-9c482d240cb0a0f8b657	Lexamine L 13	public_spectra_2506:(MSBNK-LCSB-LU071405)	TWMFGCHRALXDAR	341.232	941	15.685	857316097080718023	857316097080718022	20337	
1	SPECTRUM	true	1		2	-1 eV	0.62626874	10	2	-1 eV (corrected -1 eV)	[M + H]+	446.103	Orbitrap (LCMS)	CC1=CC(=C(C(=O)N1)CN2CCC3=C(C=C(C(=C3C2=O)Cl)C4=C(ON=C4C)C)Cl)C	splash10-000i-5900000000-735ba7b058bc7a9f0cfd	CJG	public_spectra_2506:(BRUNGS_MCEBIO_01086)	PDKDOPJQPKXNCT	292.191	946	15.766	857316097122661067	857316097122661066	20495	
1	SPECTRUM	true	-1		2		0.9520437	7	2	20 eV	[M + H]+	361.222	Q-ToF (LCMS)	CCCCOC(=O)CC(CC(=O)OCCCC)(C(=O)OCCCC)O	splash10-004i-0900000000-65c74454ce3eb46dd744	Citroflex 4	public_spectra_2506:(MSBNK-EPA-ENTACT_AGILENT000551)	ZFOZVQLOBQUTQQ	378.249	950	15.840	857316097164604111	857316097160409806	20615	
19	SPECTRUM	true	18		2	-1 eV	0.9149166	8	2	20 eV	[M + H]+	403.233	Q-ToF (LCMS)	CCCCOC(=O)CC(CC(=O)OCCCC)(C(=O)OCCCC)OC(=O)C	splash10-004r-0900000000-19aa45f64e6604e07db8	Blo-trol	public_spectra_2506:(MSBNK-Antwerp_Univ-AN111304)	QZCLKYGREBVARF	361.222	950	15.841	857316097202352851	857316097198158546	20616	
1	SPECTRUM	true	19		2	-1 eV	0.9433702	7	2	20 eV	[M + H]+	361.222	Q-ToF (LCMS)	CCCCOC(=O)CC(CC(=O)OCCCC)(C(=O)OCCCC)O	splash10-004i-0900000000-65c74454ce3eb46dd744	Citroflex 4	public_spectra_2506:(MSBNK-EPA-ENTACT_AGILENT000551)	ZFOZVQLOBQUTQQ	406.280	950	15.842	857316097244295895	857316097240101590	20620	
1	SPECTRUM	true	1		2	-1 eV	0.795619	15	2	-1 eV (corrected -1 eV)	[M + K]+	371.053	FTICR (LCMS)	CC1=CC(=C(C(=C1)O)C(=O)C2=C(C=C(C=C2OC)O)C(=O)OC)O	null-null-null-null	Sulochrin	public_spectra_2506:(CCMSLIB00004695012)	YJRLSCDUYLRBIZ	371.101	956	15.935	857316097286238939	857316097286238938	20767	
1	SPECTRUM	true	-1		2		0.42771006	11	2	-1 eV (corrected -1 eV)	[M + Na]+	371.100	Orbitrap (LCMS)	CCC1(C2=C(COC1=O)C(=O)N3CC4=CC5=CC=CC=C5N=C4C3=C2)O	splash10-059l-9065000000-63bdda72ae157dece8bf	Campathecin	public_spectra_2506:(CCMSLIB00011427902)	VSJKWCGYPAHWDS	223.064	956	15.940	857316097328181983	857316097328181982	20773	
1	SPECTRUM	true	-1		2		0.6768623	27	2	-1 eV (corrected -1 eV)	[M + K]+	313.084	FTICR (LCMS)	CC1=CC(=O)C2=C(O1)C(=C(C=C2O)OC)CC=C(C)C	null-null-null-null	Spectrum_000551	public_spectra_2506:(CCMSLIB00004694195)	KVNRDSLYCOJCRD	297.082	956	15.940	857316097374319331	857316097370125026	20781	
5	SPECTRUM	true	1		2	-1 eV	0.72252506	15	2	-1 eV (corrected -1 eV)	[M + K]+	567.090	FTICR (LCMS)	C1=CC(=CC=C1C(=O)C2=C(C=C(C(=C2O)C3C(C(C(C(O3)CO)O)O)OC(=O)C4=CC=C(C=C4)O)O)O)O	null-null-null-null	(1S)-1,5-Anhydro-2-O-(4-hydroxybenzoyl)-1-(2,4,6-trihydroxy-3-(4-hydroxybenzoyl)phenyl)-D-glucitol	public_spectra_2506:(CCMSLIB00004701644)	CIQDSZUZMUTHGY	389.112	957	15.943	857316097416262375	857316097416262374	20783	
3	SPECTRUM	true	0		2	-1 eV	0.829659	6	2	19 eV	[M + H]+	319.284	Orbitrap (LCMS)	CCCCCCCCCCCCOCCOCCOCCO	splash10-000i-9200000000-cc826876131a6d2fa05d	Laureth-3	public_spectra_2506:(MSBNK-Eawag-EQ01034502)	FKMHSNTVILORFA	305.269	960	15.999	857316097550480115	857316097550480114	20877	
5	SPECTRUM	true	0		2	-1 eV	0.7285156	6	2	-1 eV (corrected -1 eV)	[M + H]+	247.096	FTICR (LCMS)	CC(C)(C1CC2=C(O1)C=CC3=C2OC(=O)C=C3)O	null-null-null-null	Columbianetin	public_spectra_2506:(CCMSLIB00004695096)	YRAQEMCYCSSHJG	350.326	960	16.006	857316097588228855	857316097588228854	20890	
2	SPECTRUM	true	-1		2		0.3582097	6	2	-1 eV (corrected -1 eV)	[M + H]+	343.139	FTICR (LCMS)	COC1=C(C=CC(=C1)C=CCO)OC2C(C(C(C(O2)CO)O)O)O	null-null-null-null	Coniferin	public_spectra_2506:(CCMSLIB00004696123)	SFLMUHDGSQZDOW	350.326	972	16.205	857316097709863683	857316097709863682	21241	
1	SPECTRUM	true	1		2	-1 eV	0.9201235	30	2	-1 eV (corrected -1 eV)	[M + H]+	338.342	N/A	CCCCCCCCC=CCCCCCCCCCCCC(=O)N	splash10-05us-9400000000-475a3842665f8c45498e	Erucylamide	public_spectra_2506:(CCMSLIB00003139394)	UAUDZVJPLUQNMU	310.310	980	16.331	857316097747612423	857316097747612422	21379	
1	SPECTRUM	true	0		2	-1 eV	0.8900019	16	2	-1 eV (corrected -1 eV)	[M + H]+	388.394	Orbitrap (LCMS)	CC(C)CCCC(C)C1CCC2C1(CCC3C2CCC4C3(CCC(C4)N)C)C	splash10-05o1-9400000000-01d89d4e70dd8a2db219	NCIStruc1_001203	public_spectra_2506:(BRUNGS_MCEBIO_07883)	RJNGJYWAIUJHOJ	283.263	983	16.378	857316097797944075	857316097797944074	21507	
5	SPECTRUM	true	2		2	-1 eV	0.68974936	6	2	-1 eV (corrected -1 eV)	[M + H]+	459.280	N/A	C(COCCOCCOCCOCCOCCOCCOCCOCCOCCO)O	splash10-0019-9600000000-64cd347fe8e46b4cc0c5	Polyoxyethylene (10)	public_spectra_2506:(CCMSLIB00003135910)	DTPCFIHYWYONMD	634.452	988	16.465	857316097848275727	857316097848275726	21649	
1	SPECTRUM	true	-1		2		0.6795137	6	2	-1 eV (corrected -1 eV)	[M + H]+	459.280	N/A	C(COCCOCCOCCOCCOCCOCCOCCOCCOCCO)O	splash10-0019-9600000000-64cd347fe8e46b4cc0c5	Polyoxyethylene (10)	public_spectra_2506:(CCMSLIB00003135910)	DTPCFIHYWYONMD	590.426	990	16.506	857316097902801683	857316097898607378	21711	
1	SPECTRUM	true	-1		2		0.86462796	18	2	40 eV	[M + H]+	315.289	Q-ToF (LCMS)	CCCCCCC(CCCCCCCCCCC(=O)OC)O	splash10-0aou-9000000000-eaa555cba442cb8d2c83	Cenwax ME	public_spectra_2506:(MSBNK-EPA-ENTACT_AGILENT000597)	RVWOWEQKPMPWMQ	255.232	991	16.521	857316097953133335	857316097948939030	21748	
1	SPECTRUM	true	-1		2		0.4850457	6	2	-1 eV (corrected -1 eV)	[M + H]+	646.255	Orbitrap (LCMS)	CC1C(C(C(C(O1)OC2C(OC(C(C2O)O)OC(C(CO)O)C(C(C=O)O)O)CO)O)O)NC3C=C(C(C(C3O)O)O)CO	splash10-056r-9235000000-28205fc5fe6947504b90	4-[5-[3,4-dihydroxy-6-methyl-5-[[4,5,6-trihydroxy-3-(hydroxymethyl)cyclohex-2-en-1-yl]amino]oxan-2-yl]oxy-3,4-dihydroxy-6-(hydroxymethyl)oxan-2-yl]oxy-2,3,5,6-tetrahydroxyhexanal	public_spectra_2506	CEMXHAPUFJOOSV	414.183	993	16.555	857316098062185247	857316098062185246	21786	
1	SPECTRUM	true	9		2	-1 eV	0.67263705	11	2	45 eV	[M + H]+	495.266	Q-ToF (LCMS)	CC(C)(C)C1=CC=CC=C1OP(=O)(OC2=CC=CC=C2C(C)(C)C)OC3=CC=CC=C3C(C)(C)C	splash10-056r-6119000000-e63e9da61c772884eb4f	Tri(tert-butylphenyl) phosphate	public_spectra_2506:(MSBNK-Antwerp_Univ-AN117909)	SPUXJWDKFVXXBI	369.125	993	16.555	857316098112516899	857316098112516898	21790	
1	SPECTRUM	true	4		2	-1 eV	0.9079237	15	2	40 eV	[M + H]+	286.274	Bruker Q-ToF (LCMS)	CCCCCCCCCCCCCCC(=O)NCCO	splash10-03di-9000000000-2aba82a46b8c337248fd	Pentadecanoyl-EA	public_spectra_2506:(MSBNK-BGC_Munich-RP002903)	UHPXXKLAACDXGS	324.290	1007	16.782	857316098167042855	857316098167042854	22112	
3	SPECTRUM	true	2		2	-1 eV	0.60947585	6	2	-1 eV (corrected -1 eV)	[M + H]+	310.217	Q-ToF (LCMS)	CCC(=O)C(CC(C)N(C)C)(C1=CC=CC=C1)C2=CC=CC=C2	splash10-014i-1691000000-f4222cfc1afecebd64a9	Biscuits	public_spectra_2506:(CCMSLIB00011429557)	USSIQXCVUWKGNF	414.183	1008	16.801	857316098204791595	857316098204791594	22145	
1	SPECTRUM	true	4		2	-1 eV	0.8783046	6	2	-1 eV (corrected -1 eV)	[M + H]+	391.284	N/A	CCCCCCCCOC(=O)C1=CC=CC=C1C(=O)OCCCCCCCC	splash10-0002-1900000000-479655a0b89595a9cb1b	Dinopol NOP	public_spectra_2506:(CCMSLIB00003139668)	MQIUGAXCHLFZKX	349.201	1008	16.804	857316098246734639	857316098242540334	22151	
3	SPECTRUM	true	1		2	-1 eV	0.6004247	20	2	30 eV	[M + H]+	341.094	Q-ToF (LCMS)	CC1=CC=CC=C1OP(=O)(OC2=CC=CC=C2)OC3=CC=CC=C3	splash10-0v03-6940000000-7b1485561a7867a85b2c	Cresyl diphenylphosphate	public_spectra_2506:(MSBNK-Antwerp_Univ-AN116606)	XMNDMAQKWSQVOV	369.125	1008	16.805	857316098284483379	857316098284483378	22142	
4	SPECTRUM	true	-1		2		0.544797	7	2	-1 eV (corrected -1 eV)	[M + H]+	390.246	Orbitrap (LCMS)	CCC(CC)CC1(CCCCC1)C(=O)NC2=CC=CC=C2SC(=O)C(C)C	splash10-07vj-9300000000-ba8a6957ff8a21c5400d	Dalcetrapib	public_spectra_2506:(BRUNGS_MCEBIO_03652)	YZQLWPMZQVHJED	432.144	1013	16.879	857316098456449859	857316098456449858	22290	
2	SPECTRUM	true	59		2	-1 eV	0.9489009	6	2	18 eV	[M + H]+	128.143	Orbitrap (LCMS)	CCCC1CCCCN1	splash10-014i-9100000000-4e5600d4f528222c95b0	Cicutine	public_spectra_2506:(MSBNK-NaToxAq-NA001642)	NDNUANOUGZGEPO	199.169	1013	16.879	857316098498392903	857316098498392902	22286	
1	SPECTRUM	true	0		2	-1 eV	0.6141498	8	2	-1 eV (corrected -1 eV)	[M - H2O + H]+	285.242	Orbitrap (LCMS)	CCCCCCCCCCCCCC(=O)OCC(CO)O	splash10-052r-9050000000-82f65170a330adf59f38	Monomyristin	public_spectra_2506:(CCMSLIB00010124438)	DCBSHORRWZKAKO	333.242	1015	16.919	857316098540335947	857316098540335946	22356	
1	SPECTRUM	true	-1		2		0.7057087	14	2	90 eV	[M + H]+	356.178	Orbitrap (LCMS)	COC1=CC=CC(=C1)C2=C(C=C(C=C2)C=CCN3CCCCCC3)Cl	splash10-004i-0920000000-0f17f68e1341c6da651a	1-[3-(2-Chloro-3'-methoxy[1,1'-biphenyl]-4-yl)prop-2-en-1-yl]azepane	public_spectra_2506:(MSBNK-LCSB-LU110306)	ZDPINFKDQWCRTF	237.128	1017	16.957	857316098640999251	857316098636804946	22416	
1	SPECTRUM	true	4		2	-1 eV	0.88193303	16	2	-1 eV (corrected -1 eV)	[M - H2O + H]+	267.268	Orbitrap (LCMS)	CCCCCCCCCCCCCCCCCC(=O)O	splash10-0awa-9000000000-d2578078d679088f9993	Stearate	public_spectra_2506:(CCMSLIB00006708775)	QIQXTHQIDYTFRH	239.237	1018	16.972	857316098691330903	857316098691330902	22480	
1	SPECTRUM	true	1		2	-1 eV	0.90296435	11	2	40 eV	[M + H]+	286.274	Bruker Q-ToF (LCMS)	CCCCCCCCCCCCCCC(=O)NCCO	splash10-03di-9000000000-2aba82a46b8c337248fd	Pentadecanoyl-EA	public_spectra_2506:(MSBNK-BGC_Munich-RP002903)	UHPXXKLAACDXGS	324.290	1023	17.048	857316098745856859	857316098741662554	22579	
2	SPECTRUM	true	0		2	-1 eV	0.85124314	6	2	29 eV	[M + H]+	319.284	Orbitrap (LCMS)	CCCCCCCCCCCCOCCOCCOCCO	splash10-052r-9000000000-13bf11427c5b89b4701f	Laureth-3	public_spectra_2506:(MSBNK-Eawag-EQ01034503)	FKMHSNTVILORFA	364.342	1025	17.077	857316098800382815	857316098800382814	22640	
1	SPECTRUM	true	0		2	-1 eV	0.76827586	8	2	25 eV	[M + H]+	371.316	Q-ToF (LCMS)	CCCCC(CC)COC(=O)CCCCC(=O)OCC(CC)CCCC	splash10-0nmi-7900000000-12dd29db84cbca092e72	Mollan S	public_spectra_2506:(MSBNK-Antwerp_Univ-AN112105)	SAOKZLXYCUGLFA	287.222	1027	17.109	857316099010098031	857316099010098030	22674	
1	SPECTRUM	true	35		2	-1 eV	0.96650237	8	2	60 eV	[M + H]+	403.233	Orbitrap (LCMS)	CCCCOC(=O)CC(CC(=O)OCCCC)(C(=O)OCCCC)OC(=O)C	splash10-004i-3900000000-89659d8da8fccf416860	Blo-trol	public_spectra_2506:(MSBNK-LCSB-LU052304)	QZCLKYGREBVARF	329.159	1029	17.155	857316099114955639	857316099114955638	22772	
14	SPECTRUM	true	4		2	-1 eV	0.91045624	8	2	20 eV	[M + H]+	403.233	Q-ToF (LCMS)	CCCCOC(=O)CC(CC(=O)OCCCC)(C(=O)OCCCC)OC(=O)C	splash10-004r-0900000000-19aa45f64e6604e07db8	Blo-trol	public_spectra_2506:(MSBNK-Antwerp_Univ-AN111304)	QZCLKYGREBVARF	361.222	1029	17.155	857316099169481595	857316099169481594	22777	
1	SPECTRUM	true	89		2	-1 eV	0.91649824	7	2	20 eV	[M + H]+	361.222	Q-ToF (LCMS)	CCCCOC(=O)CC(CC(=O)OCCCC)(C(=O)OCCCC)O	splash10-004i-0900000000-65c74454ce3eb46dd744	Citroflex 4	public_spectra_2506:(MSBNK-EPA-ENTACT_AGILENT000551)	ZFOZVQLOBQUTQQ	403.232	1029	17.155	857316099232396159	857316099232396158	22781	
1	SPECTRUM	true	-1		2		0.7912164	8	2	25 eV	[M + H]+	371.316	Q-ToF (LCMS)	CCCCC(CC)COC(=O)CCCCC(=O)OCC(CC)CCCC	splash10-0nmi-7900000000-12dd29db84cbca092e72	Mollan S	public_spectra_2506:(MSBNK-Antwerp_Univ-AN112105)	SAOKZLXYCUGLFA	287.222	1038	17.300	857316099521803155	857316099517608850	22939	
2	SPECTRUM	true	-1		2		0.62975	7	2	-1 eV (corrected -1 eV)	[M + H]+	247.096	FTICR (LCMS)	CC(C)(C1CC2=C(O1)C=CC3=C2OC(=O)C=C3)O	null-null-null-null	Columbianetin	public_spectra_2506:(CCMSLIB00004695096)	YRAQEMCYCSSHJG	320.316	1040	17.326	857316099567940503	857316099567940502	23002	
1	SPECTRUM	true	5		2	-1 eV	0.86123943	8	2	25 eV	[M + H]+	371.316	Q-ToF (LCMS)	CCCCC(CC)COC(=O)CCCCC(=O)OCC(CC)CCCC	splash10-0nmi-7900000000-12dd29db84cbca092e72	Mollan S	public_spectra_2506:(MSBNK-Antwerp_Univ-AN112105)	SAOKZLXYCUGLFA	287.222	1049	17.477	857316099618272155	857316099618272154	23257	
3	SPECTRUM	true	0		2	-1 eV	0.82000345	8	2	10 eV	[M + H]+	371.316	Q-ToF (LCMS)	CCCCC(CC)COC(=O)CCCCC(=O)OCC(CC)CCCC	splash10-03fr-2900000000-3800d9b30d008f79d028	Mollan S	public_spectra_2506:(MSBNK-Antwerp_Univ-AN112102)	SAOKZLXYCUGLFA	387.310	1059	17.657	857316099878319023	857316099878319022	23573	
11	SPECTRUM	true	11		2	-1 eV	0.915805	43	2	45 eV	[M + H]+	198.185	Orbitrap (LCMS)	C1CCCCCC(=O)NCCCCC1	splash10-0002-2900000000-f6f60a13a4c849906531	Nylon 12	public_spectra_2506:(MSBNK-LCSB-LU080703)	JHWNWJKBPDFINM	338.342	1062	17.693	857316099932844979	857316099932844978	23594	
1	SPECTRUM	true	0		2	-1 eV	0.8338342	7	2	45 eV	[M + H]+	363.172	Orbitrap (LCMS)	CCCCC(CC)COP(=O)(OC1=CC=CC=C1)OC2=CC=CC=C2	splash10-0udi-3490000000-0c9e28bb2add3aee08e9	Octicizer	public_spectra_2506:(MSBNK-LCSB-LU122303)	CGSLYBDCEGBZCG	408.282	1065	17.752	857316099983176631	857316099983176630	23694	
4	SPECTRUM	true	14		2	-1 eV	0.88441926	8	2	-1 eV (corrected -1 eV)	[M + H]+	391.284	Orbitrap (LCMS)	CCCCC(CC)COC(=O)C1=CC=CC=C1C(=O)OCC(CC)CCCC	splash10-0002-1900000000-991967733764c046b6fd	Fleximel	public_spectra_2506:(CCMSLIB00010120445)	BJQHLKABXJIVAM	407.279	1065	17.753	857316100033508283	857316100033508282	23706	
1	SPECTRUM	true	-1		2		0.78555626	18	2	-1 eV (corrected -1 eV)	[M + K]+	371.053	FTICR (LCMS)	CC1=CC(=C(C(=C1)O)C(=O)C2=C(C=C(C=C2OC)O)C(=O)OC)O	null-null-null-null	Sulochrin	public_spectra_2506:(CCMSLIB00004695012)	YJRLSCDUYLRBIZ	371.101	1077	17.947	857316100088034239	857316100088034238	23964	
2	SPECTRUM	true	0		2	-1 eV	0.79411495	18	2	-1 eV (corrected -1 eV)	[M + K]+	447.105	FTICR (LCMS)	CC1C(=O)OC2C1(C34C(=O)OC5C3(C2)C6(C(C5)C(C)(C)C)C(C(=O)OC6O4)O)O	null-null-null-null	Ginkgolide A	public_spectra_2506:(CCMSLIB00004701792)	FPUXKXIZEIDQKW	445.120	1077	17.948	857316100150948803	857316100150948802	24018	
1	SPECTRUM	true	-1		2		0.6895675	20	2	-1 eV (corrected -1 eV)	[M + K]+	555.199	FTICR (LCMS)	CC1=C2COC(=O)C2=C(C3=C1OC4(CC(C56C(OC(O5)(CCC6(C4C3)C)OC)(C)C)OC(=O)C)C)OC	null-null-null-null	(3S,5aR,6R,7aS,14aR,14bR)-3,13-dimethoxy-5,5,7a,9,14b-pentamethyl-12-oxo-1,2,3,7,7a,10,12,14,14a,14b-decahydro-6H-3,5a-epoxyfuro[3,4-i]oxepino[4,3-a]xanthen-6(5H)-yl acetate	public_spectra_2506:(CCMSLIB00004691798)	JVCNHGXAVMINTN	297.082	1077	17.949	857316100218057671	857316100213863366	24026	
1	SPECTRUM	true	11		2	-1 eV	0.6209876	6	2	-1 eV (corrected -1 eV)	[M + K]+	625.205	FTICR (LCMS)	CC1=C2C(C(=O)C3(C(CC4C(C3C(C(C2(C)C)(CC1O)O)OC(=O)C5=CC=CC=C5)(CO4)OC(=O)C)O)C)OC(=O)C	null-null-null-null	Baccatin V	public_spectra_2506:(CCMSLIB00004720564)	OVMSOCFBDVBLFW	508.188	1077	17.949	857316100280972235	857316100280972234	24023	
3	SPECTRUM	true	0		2	-1 eV	0.73760957	16	2	-1 eV (corrected -1 eV)	[M + K]+	567.090	FTICR (LCMS)	C1=CC(=CC=C1C(=O)C2=C(C=C(C(=C2O)C3C(C(C(C(O3)CO)O)O)OC(=O)C4=CC=C(C=C4)O)O)O)O	null-null-null-null	(1S)-1,5-Anhydro-2-O-(4-hydroxybenzoyl)-1-(2,4,6-trihydroxy-3-(4-hydroxybenzoyl)phenyl)-D-glucitol	public_spectra_2506:(CCMSLIB00004701644)	CIQDSZUZMUTHGY	463.131	1077	17.950	857316100356469711	857316100352275406	24019	
1	SPECTRUM	true	0		2	-1 eV	0.7802121	8	2	-1 eV (corrected -1 eV)	[M + H3N + H]+	332.270	Orbitrap (LCMS)	CCCCCCCCCC(=O)NCCC1=CNC2=CC=CC=C21	splash10-00di-0090000000-f812bcebb2bd5939aa10	Decanamide, N-[2-(indol-3-yl)]ethyl-	public_spectra_2506:(CCMSLIB00012176356)	XUSCYHABPVPGGG	480.157	1077	17.950	857316100402607059	857316100402607058	24032	
1	SPECTRUM	true	0		2	-1 eV	0.41063127	9	2	-1 eV (corrected -1 eV)	[M + Na]+	371.100	Orbitrap (LCMS)	CCC1(C2=C(COC1=O)C(=O)N3CC4=CC5=CC=CC=C5N=C4C3=C2)O	splash10-059l-9065000000-63bdda72ae157dece8bf	Campathecin	public_spectra_2506:(CCMSLIB00011427902)	VSJKWCGYPAHWDS	223.064	1077	17.953	857316100452938711	857316100452938710	24048	
1	SPECTRUM	true	0		2	-1 eV	0.3653741	10	2	-1 eV (corrected -1 eV)	[M + K]+	705.361	FTICR (LCMS)	CC1(CCC2(CCC3(C(=CCC4C3(CC(C5C4(CC(C(C5(C)C)O)O)C)O)C)C2C1O)C)C(=O)OC6C(C(C(C(O6)CO)O)O)O)C	null-null-null-null	Olean-12-en-28-oic acid, 2,3,6,19-tetrahydroxy-, .beta.-D-glucopyranosyl ester, (2.alpha.,3.beta.,6.beta.,19.alpha.)-	public_spectra_2506:(CCMSLIB00004707122)	DRZYJIXQEOTQDA	190.071	1077	17.953	857316100503270363	857316100503270362	24030	
2	SPECTRUM	true	-1		2		0.6175327	6	2	-1 eV (corrected -1 eV)	[M + H]+	257.248	N/A	CC(C)CCCCCCCCCCCCC(=O)O	splash10-0a4i-9210000000-562af335eaa7e106e145	Isohexadecanoic acid	public_spectra_2506:(CCMSLIB00003134561)	ZONJATNKKGGVSU	378.358	1087	18.120	857316100549407711	857316100545213406	24307	
1	SPECTRUM	true	2		2	-1 eV	0.8101735	6	2	29 eV	[M + H]+	319.284	Orbitrap (LCMS)	CCCCCCCCCCCCOCCOCCOCCO	splash10-052r-9000000000-13bf11427c5b89b4701f	Laureth-3	public_spectra_2506:(MSBNK-Eawag-EQ01034503)	FKMHSNTVILORFA	333.300	1088	18.126	857316100595545059	857316100595545058	24311	
2	SPECTRUM	true	1		2	-1 eV	0.8420409	7	2	-1 eV (corrected -1 eV)	[M + H]+	272.165	Q-ToF (LCMS)	CCCCCCCC1=NC(=CC2=CC=CC=C2)C(=O)O1	splash10-0a4i-9300000000-b5d3f0d0f3f5abbc1061	heptylphenazolone	public_spectra_2506:(CCMSLIB00005723540)	LAAYPPBQOSKYRF	327.308	1089	18.154	857316100650071015	857316100650071014	24382	
2	SPECTRUM	true	1		2	-1 eV	0.94584614	6	2	-1 eV (corrected -1 eV)	[M + H]+	391.284	Orbitrap (LCMS)	CCCCC(CC)COC(=O)C1=CC=CC=C1C(=O)OCC(CC)CCCC	splash10-0002-1900000000-991967733764c046b6fd	Fleximel	public_spectra_2506:(CCMSLIB00006703351)	BJQHLKABXJIVAM	407.279	1093	18.219	857316100746540015	857316100742345710	24494	
2	SPECTRUM	true	11		2	-1 eV	0.8068892	6	2	-1 eV (corrected -1 eV)	[M + H]+	425.312	Orbitrap (LCMS)	CCCCCCCCCCCCCCCCCC(=O)N1C(C(=O)NC1=O)NC(=O)N	splash10-0002-2900000000-9b2cf0666f2dc567218d	1-(2,5-dioxoimidazolidin-4-yl)urea_Octadecanoyl chloride (Chimeric precursor selection)	public_spectra_2506:(CCMSLIB00012472260)	VJIXBGBPARMDSX	452.337	1093	18.222	857316100792677363	857316100792677362	24490	
1	SPECTRUM	true	9		2	-1 eV	0.9815616	6	2	54 eV	[M + H]+	223.097	Orbitrap (LCMS)	CCOC(=O)C1=CC=CC=C1C(=O)OCC	splash10-014i-9200000000-4d7079f620d5ad4e4a28	Neantine	public_spectra_2506:(MSBNK-Eawag-EQ367207)	FLKPEMZONWLCSK	149.023	1094	18.239	857316100843009015	857316100838814710	24525	
1	SPECTRUM	true	27		2	-1 eV	0.62293094	6	2	-1 eV (corrected -1 eV)	[M + Na]+	493.350	N/A	CCCCCCCC(=O)OCC(COC(=O)CCCCCCC)OC(=O)CCCCCCC	splash10-0a6r-8902100000-60b08b5f240814040228	Caprylin	public_spectra_2506:(CCMSLIB00003137984)	VLPFTAMPNXLGLX	450.321	1095	18.254	857316100889146363	857316100889146362	24544	
1	SPECTRUM	true	5		2	-1 eV	0.65423954	8	2	-1 eV (corrected -1 eV)	[M + Na]+	349.235	Orbitrap (LCMS)	CC(=O)OC(CCCCCCCCCCCC#C)CC(CO)O	splash10-052b-9410000000-a4824daf028b46991df2	Avocadyne 4-acetate	public_spectra_2506	FHGZOCAZNHYWAL	405.263	1095	18.254	857316100939478015	857316100939478014	24542	
1	SPECTRUM	true	1		2	-1 eV	0.6197192	6	2	-1 eV (corrected -1 eV)	[M + Na]+	493.350	N/A	CCCCCCCC(=O)OCC(COC(=O)CCCCCCC)OC(=O)CCCCCCC	splash10-0a6r-8902100000-60b08b5f240814040228	Caprylin	public_spectra_2506:(CCMSLIB00003137984)	VLPFTAMPNXLGLX	422.290	1096	18.259	857316100985615363	857316100985615362	24554	
1	SPECTRUM	true	-1		2		0.9095838	29	2	-1 eV (corrected -1 eV)	[M + H]+	338.342	N/A	CCCCCCCCC=CCCCCCCCCCCCC(=O)N	splash10-05us-9400000000-475a3842665f8c45498e	Erucylamide	public_spectra_2506:(CCMSLIB00003139394)	UAUDZVJPLUQNMU	356.352	1100	18.332	857316101073695755	857316101073695754	24643	
2	SPECTRUM	true	-1		2		0.48613402	6	2	-1 eV (corrected -1 eV)	[M + H3N + H]+	344.389	FTICR (LCMS)	CCCCCCCCCCCCCCCCCCCCCCO	null-null-null-null	Erazaban	public_spectra_2506:(CCMSLIB00004702735)	NOPFSRXAKWQILS	422.384	1105	18.410	857316101115638799	857316101115638798	24750	
1	SPECTRUM	true	-1		2		0.9028928	29	2	-1 eV (corrected -1 eV)	[M + H]+	338.342	N/A	CCCCCCCCC=CCCCCCCCCCCCC(=O)N	splash10-05us-9400000000-475a3842665f8c45498e	Erucylamide	public_spectra_2506:(CCMSLIB00003139394)	UAUDZVJPLUQNMU	356.352	1108	18.462	857316101195330583	857316101195330582	24829	
1	SPECTRUM	true	-1		2		0.6838427	7	2	-1 eV (corrected -1 eV)	[M + H]+	326.342	Q-ToF (LCMS)	CCCCCCCCCCCCCCCC(=O)NCCCCC	splash10-004i-0149000000-94ca728a80f336d24f75	ZUVJPPGVSJMBKU-UHFFFAOYSA-N	public_spectra_2506:(CCMSLIB00010010770)	ZUVJPPGVSJMBKU	297.290	1109	18.482	857316101233079323	857316101233079322	24856	
1	SPECTRUM	true	-1		2		0.7650401	7	2	-1 eV (corrected -1 eV)	[M + H]+	425.312	Orbitrap (LCMS)	CCCCCCCCCCCCCCCCCC(=O)N1C(C(=O)NC1=O)NC(=O)N	splash10-0002-2900000000-9b2cf0666f2dc567218d	1-(2,5-dioxoimidazolidin-4-yl)urea_Octadecanoyl chloride (Chimeric precursor selection)	public_spectra_2506:(CCMSLIB00012472260)	VJIXBGBPARMDSX	452.337	1111	18.512	857316101270828063	857316101270828062	24876	
1	SPECTRUM	true	11		2	-1 eV	0.9142119	9	2	-1 eV (corrected -1 eV)	[M + H]+	281.248	N/A	CCCCCC=CC=CCCCCCCCCC(=O)O	splash10-001i-9720000000-4560851a87a138ac8b02	10-trans-12-cis-CLA	public_spectra_2506:(CCMSLIB00003136620)	GKJZMAHZJGSBKD	255.232	1111	18.513	857316101308576803	857316101308576802	24888	
5	SPECTRUM	true	2		2	-1 eV	0.7197788	8	2	60 eV	[M + H]+	324.159	Orbitrap (LCMS)	CC(C)C1=C(C(=CC=C1)C(C)C)N2C(=O)C3=C(C2=O)C=C(C=C3)O	splash10-0006-1590000000-509cd4e11d38bf11f50d	5-Hydroxy-2-(2,6-diisopropylphenyl)-1H-isoindole-1,3-dione	public_spectra_2506:(MSBNK-LCSB-LU024204)	LAKWINYVWJPHQW	411.172	1111	18.520	857316101346325543	857316101346325542	24906	
3	SPECTRUM	true	0		2	-1 eV	0.79282343	6	2	-1 eV (corrected -1 eV)	[M + H]+	425.312	Orbitrap (LCMS)	CCCCCCCCCCCCCCCCCC(=O)N1C(C(=O)NC1=O)NC(=O)N	splash10-0002-2900000000-9b2cf0666f2dc567218d	1-(2,5-dioxoimidazolidin-4-yl)urea_Octadecanoyl chloride (Chimeric precursor selection)	public_spectra_2506:(CCMSLIB00012472260)	VJIXBGBPARMDSX	407.279	1117	18.623	857316101463766067	857316101463766066	25055	
5	SPECTRUM	true	1		2	-1 eV	0.79637605	6	2	-1 eV (corrected -1 eV)	[M + H]+	425.312	Orbitrap (LCMS)	CCCCCCCCCCCCCCCCCC(=O)N1C(C(=O)NC1=O)NC(=O)N	splash10-0002-2900000000-9b2cf0666f2dc567218d	1-(2,5-dioxoimidazolidin-4-yl)urea_Octadecanoyl chloride (Chimeric precursor selection)	public_spectra_2506:(CCMSLIB00012472260)	VJIXBGBPARMDSX	407.269	1117	18.624	857316101501514807	857316101501514806	25052	
1	SPECTRUM	true	23		2	-1 eV	0.9469744	6	2	10 eV	[M + H]+	391.284	Q-ToF (LCMS)	CCCCC(CC)COC(=O)C1=CC=CC=C1C(=O)OCC(CC)CCCC	splash10-0002-2900000000-b71e14b996c7acd4d68e	Fleximel	public_spectra_2506:(MSBNK-Antwerp_Univ-AN112902)	BJQHLKABXJIVAM	389.269	1118	18.628	857316101539263547	857316101539263546	25064	
1	SPECTRUM	true	-1		2		0.94073915	6	2	10 eV	[M + H]+	391.284	Q-ToF (LCMS)	CCCCC(CC)COC(=O)C1=CC=CC=C1C(=O)OCC(CC)CCCC	splash10-0002-2900000000-b71e14b996c7acd4d68e	Fleximel	public_spectra_2506:(MSBNK-Antwerp_Univ-AN112902)	BJQHLKABXJIVAM	452.337	1118	18.631	857316101581206591	857316101581206590	25065	
1	SPECTRUM	true	0		2	-1 eV	0.5970707	6	2	-1 eV (corrected -1 eV)	[M + H]+	257.248	N/A	CC(C)CCCCCCCCCCCCC(=O)O	splash10-0a4i-9000000000-a09fdd28c64e8df18e2a	Isohexadecanoic acid	public_spectra_2506:(CCMSLIB00003139666)	ZONJATNKKGGVSU	339.212	1119	18.658	857316101660898375	857316101656704070	25093	
1	SPECTRUM	true	0		2	-1 eV	0.8509348	14	2	-1 eV (corrected -1 eV)	[M + H]+	388.394	Orbitrap (LCMS)	CC(C)CCCC(C)C1CCC2C1(CCC3C2CCC4C3(CCC(C4)N)C)C	splash10-05o1-9400000000-01d89d4e70dd8a2db219	NCIStruc1_001203	public_spectra_2506:(BRUNGS_MCEBIO_07883)	RJNGJYWAIUJHOJ	311.258	1120	18.662	857316101698647115	857316101694452810	25105	
4	SPECTRUM	true	33		2	-1 eV	0.337454	6	2	-1 eV (corrected -1 eV)	[M - H2O + H]+	559.384	Orbitrap (LCMS)	CCCCCC(CC(CC(=O)OC(CCCCC)CC(CC(=O)OC(CC(CCCCC)O)CC(=O)O)O)O)O	splash10-0670-4900000000-a5d08fa8d2417f712015	3-[5-(3,5-Dihydroxydecanoyloxy)-3-hydroxydecanoyl]oxy-5-hydroxydecanoic acid	public_spectra_2506:(BRUNGS_NIHNP_01100)	XBEDTLDOFCRJHC	450.321	1126	18.765	857316101899973727	857316101899973726	25232	
1	SPECTRUM	true	0		2	-1 eV	0.9206742	6	2	10 eV	[M + H]+	391.284	Q-ToF (LCMS)	CCCCC(CC)COC(=O)C1=CC=CC=C1C(=O)OCC(CC)CCCC	splash10-0002-2900000000-b71e14b996c7acd4d68e	Fleximel	public_spectra_2506:(MSBNK-Antwerp_Univ-AN112902)	BJQHLKABXJIVAM	389.269	1126	18.767	857316101858030683	857316101858030682	25225	
1	SPECTRUM	true	2		2	-1 eV	0.93694586	20	2	-1 eV (corrected -1 eV)	[M + H3N + H]+	554.426	Orbitrap (LCMS)	CC(C(CCCCCCCCCCCCCCCCC(C(C)O)OC1C(C(C(C(O1)CO)O)O)O)O)O	splash10-05o1-9100000000-c1d47b96960a522f0b87	SCHEMBL27271495	public_spectra_2506:(BRUNGS_NIHNP_00968)	IKQSIKPOUMLPKK	267.268	1129	18.809	857316102025802859	857316102025802858	25281	
1	SPECTRUM	true	5		2	-1 eV	0.93003803	16	2	-1 eV (corrected -1 eV)	[M + H]+	388.394	Orbitrap (LCMS)	CC(C)CCCC(C)C1CCC2C1(CCC3C2CCC4C3(CCC(C4)N)C)C	splash10-05o1-9400000000-01d89d4e70dd8a2db219	NCIStruc1_001203	public_spectra_2506:(BRUNGS_MCEBIO_07883)	RJNGJYWAIUJHOJ	297.279	1135	18.917	857316102071940207	857316102071940206	25429	
1	SPECTRUM	true	2		2	-1 eV	0.7513888	6	2	29 eV	[M + H]+	319.284	Orbitrap (LCMS)	CCCCCCCCCCCCOCCOCCOCCO	splash10-052r-9000000000-13bf11427c5b89b4701f	Laureth-3	public_spectra_2506:(MSBNK-Eawag-EQ01034503)	FKMHSNTVILORFA	436.400	1138	18.966	857316102118077555	857316102118077554	25503	
1	SPECTRUM	true	15		2	-1 eV	0.8082488	10	2	-1 eV (corrected -1 eV)	[M + H]+	256.263	N/A	CCCCCCCCCCCCCCCC(=O)N	splash10-0a4i-4190000000-0e9b5465f1d2622377fc	Amide 16	public_spectra_2506:(CCMSLIB00003135927)	HSEMFIZWXHQJAE	270.279	1140	18.994	857316102164214903	857316102164214902	25544	
1	SPECTRUM	true	-1		2		0.9274467	6	2	10 eV	[M + H]+	391.284	Q-ToF (LCMS)	CCCCC(CC)COC(=O)C1=CC=CC=C1C(=O)OCC(CC)CCCC	splash10-0002-2900000000-b71e14b996c7acd4d68e	Fleximel	public_spectra_2506:(MSBNK-Antwerp_Univ-AN112902)	BJQHLKABXJIVAM	452.337	1145	19.089	857316102264878207	857316102264878206	25698	
11	SPECTRUM	true	11		2	-1 eV	0.9507698	7	2	25 eV	[M + H]+	391.284	Q-ToF (LCMS)	CCCCC(CC)COC(=O)C1=CC=CC=C1C(=O)OCC(CC)CCCC	splash10-0002-2900000000-c68f73d43fcbab6d9fc3	Fleximel	public_spectra_2506:(MSBNK-Antwerp_Univ-AN112905)	BJQHLKABXJIVAM	389.269	1146	19.092	857316102311015555	857316102306821250	25703	
3	SPECTRUM	true	-1		2		0.8350206	7	2	-1 eV (corrected -1 eV)	[M + H]+	279.159	N/A	CCCCOC(=O)C1=CC=CC=C1C(=O)OCCCC	splash10-0002-0900000000-bf26aa5e2614ef202d47	Hatcol DBP	public_spectra_2506:(CCMSLIB00003138727)	DOIRQSBPFJWKBE	405.263	1146	19.103	857316102386513035	857316102386513034	25756	
1	SPECTRUM	true	4		2	-1 eV	0.9578489	13	2	-1 eV (corrected -1 eV)	[M - H2O + H]+	267.268	Orbitrap (LCMS)	CCCCCCCCCCCCCCCCCC(=O)O	splash10-0awa-9000000000-d2578078d679088f9993	Stearate	public_spectra_2506:(CCMSLIB00006708775)	QIQXTHQIDYTFRH	331.284	1148	19.139	857316102466204819	857316102466204818	25802	
3	SPECTRUM	true	-1		2		0.60588795	12	2	-1 eV (corrected -1 eV)	[M + H3N + H]+	269.259	FTICR (LCMS)	CCCCCCCC=CC=CC(=O)NCC(C)C	null-null-null-null	dodeca-2E,4E-dienoic acid isobutylamide	public_spectra_2506:(CCMSLIB00004697063)	BBRMJCAPNGJKEM	235.132	1148	19.140	857316102592033943	857316102592033942	25806	
1	SPECTRUM	true	15		2	-1 eV	0.43184835	11	2	-1 eV (corrected -1 eV)	[M - H2O + H]+	267.268	Orbitrap (LCMS)	CCCCCCCCCCCCCCCCCC(=O)O	splash10-0awa-9000000000-d2578078d679088f9993	Stearate	public_spectra_2506:(CCMSLIB00010125870)	QIQXTHQIDYTFRH	255.646	1149	19.142	857316102642365595	857316102642365594	25813	
1	SPECTRUM	true	16		2	-1 eV	0.8498485	6	2	20 eV	[M + H]+	447.347	Q-ToF (LCMS)	CC(C)CCCCCCCOC(=O)C1=CC=CC=C1C(=O)OCCCCCCCC(C)C	splash10-0abj-9300000000-6c173040765370829434	Sicol 184	public_spectra_2506:(MSBNK-Antwerp_Univ-AN112604)	ZVFDTKUVRCTHQE	480.368	1155	19.244	857316102688502943	857316102688502942	25919	
1	SPECTRUM	true	-1		2		0.6990046	6	2	-1 eV (corrected -1 eV)	[M + H]+	318.300	Orbitrap (LCMS)	CCCCCCCCCCCCCCC(C(C(CO)N)O)O	splash10-03di-9010000000-a706a6af3c6e8bd40d22	phytosphingosine	public_spectra_2506:(BRUNGS_MCEBIO_06387)	AERBNCYCJBRYDG	256.264	1157	19.289	857316102726251683	857316102726251682	26018	
1	SPECTRUM	true	-1		2		0.81887865	6	2	-1 eV (corrected -1 eV)	[M + H]+	302.107	Orbitrap (LCMS)	C1=CC=C(C=C1)CN2C=NC(=N)C3=C2N=C(N3)SCCO	splash10-0006-9000000000-bb7fcbd28249e8ed1d59	2-[(6-amino-3-benzyl-3H-purin-8-yl)sulfanyl]ethanol	public_spectra_2506:(BRUNGS_MCESCAF_01274)	QWUVRDAFCSTMCD	383.222	1158	19.300	857316102843692207	857316102843692206	26024	
1	SPECTRUM	true	-1		2		0.555946	6	2	-1 eV (corrected -1 eV)	[M + H]+	279.232	Orbitrap (LCMS)	CCCCCC=CCC=CCC=CCCCCC(=O)O	splash10-0002-4920000000-590344f48fe5d5801fb6	Viacutan	public_spectra_2506:(CCMSLIB00013576836)	VZCCETWTMQHEPK	450.321	1165	19.419	857316103007270079	857316103007270078	26187	
1	SPECTRUM	true	19		2	-1 eV	0.895561	6	2	29 eV	[M + H]+	319.284	Orbitrap (LCMS)	CCCCCCCCCCCCOCCOCCOCCO	splash10-052r-9000000000-13bf11427c5b89b4701f	Laureth-3	public_spectra_2506:(MSBNK-Eawag-EQ01034503)	FKMHSNTVILORFA	303.289	1167	19.450	857316103086961863	857316103086961862	26237	
1	SPECTRUM	true	1		2	-1 eV	0.7788016	7	2	-1 eV (corrected -1 eV)	[M + H]+	256.263	N/A	CCCCCCCCCCCCCCCC(=O)N	splash10-0a4i-4190000000-0e9b5465f1d2622377fc	Amide 16	public_spectra_2506:(CCMSLIB00003135927)	HSEMFIZWXHQJAE	270.279	1170	19.507	857316103128904907	857316103128904906	26338	
1	SPECTRUM	true	3		2	-1 eV	0.39647895	6	2	-1 eV (corrected -1 eV)	[M - H4O2 + H]+	279.233	Orbitrap (LCMS)	CCCCCCCCC1C(O1)C(CCCCCCC(=O)O)O	null-null-null-null	8-Hydroxy-9,10-epoxystearic acid	public_spectra_2506:(CCMSLIB00005722215)	GQEOLYBERRZZCE	478.353	1172	19.539	857316103179236559	857316103179236558	26362	
2	SPECTRUM	true	2		2	-1 eV	0.8417648	6	2	-1 eV (corrected -1 eV)	[M + H]+	298.238	Orbitrap (LCMS)	CCCCCCCCCCCC(=O)N1CCCC1C(=O)O	splash10-03di-0010090000-975ace8907e2c20c8f41	1-dodecanoylproline	public_spectra_2506:(CCMSLIB00012472787)	AJWFQCNUNFFTHX	468.368	1174	19.572	857316103258928343	857316103254734038	26430	
1	SPECTRUM	true	4		2	-1 eV	0.89125645	17	2	-1 eV (corrected -1 eV)	[M + Na]+	311.068	Orbitrap (LCMS)	C1=CC=C2C(=C1)C=CC3=C2OC(=CC3=O)C4=CC=CC=C4O	splash10-03di-1369000000-d7a62eb674996c1e6394	2-(2-hydroxyphenyl)benzo[h]chromen-4-one	public_spectra_2506:(CCMSLIB00006697923)	ZKMLQDNHMSFULN	423.311	1175	19.578	857316103296677083	857316103296677082	26441	
3	SPECTRUM	true	0		2	-1 eV	0.80701804	6	2	5 eV	[M + H]+	419.316	Q-ToF (LCMS)	CC(C)CCCCCCOC(=O)C1=CC=CC=C1C(=O)OCCCCCCC(C)C	splash10-00dr-9100000000-1b91b9b5d4db1f66b570	Palatinol N-d4	public_spectra_2506:(MSBNK-Antwerp_Univ-AN112501)	HBGGXOJOCNVPFY	480.368	1176	19.599	857316103384757475	857316103384757474	26456	
1	SPECTRUM	true	-1		2		0.86116326	14	2	-1 eV (corrected -1 eV)	[M + H]+	889.500	Orbitrap (LCMS)	CC(CCCCCC(CCCCCCCCCCCC(CC(=O)OC)OC1C(C(C(C(O1)CO)O)O)O)OC2C(C(C(C(O2)CO)O)O)O)OC3C(C(C(C(O3)CO)O)O)O	splash10-05o1-9300000000-96d8448a9397ca8eb363	Compound NP-016090	public_spectra_2506:(BRUNGS_NIHNP_00456)	BKEFKSNTAPNAHR	431.384	1178	19.630	857316103426700519	857316103422506214	26479	
1	SPECTRUM	true	1		2	-1 eV	0.9146887	18	2	56 eV	[M + H]+	311.258	Orbitrap (LCMS)	CC(C)OC(=O)C=C(C)C=CCC(C)CCCC(C)(C)OC	splash10-0aru-9100000000-10dea44110acbacc79d6	Juvemon	public_spectra_2506:(MSBNK-Eawag-EQ01094906)	NFGXHKASABOEEW	226.180	1178	19.635	857316103464449259	857316103464449258	26481	
1	SPECTRUM	true	24		2	-1 eV	0.68109715	8	2	-1 eV (corrected -1 eV)	[M + H3N + H]+	628.187	Bruker Q-ToF (LCMS)	C1=CC(=C(C=C1C2=CC(=O)C3=C(C=C(C=C3O2)O)O)OC4C(C(C(C(O4)CO)O)O)O)OC5C(C(C(C(O5)CO)O)O)O	splash10-0adj-0196100000-64cd523d5ecce5fc4be8	Luteolin 3'',4''-diglucoside	public_spectra_2506:(CCMSLIB00000847749)	XKAYFELZCPZDEK	582.207	1186	19.764	857316103556723955	857316103552529650	26710	
1	SPECTRUM	true	0		2	-1 eV	0.6420833	8	2	-1 eV (corrected -1 eV)	[M + K]+	463.100	FTICR (LCMS)	CC(C)(C1CC2=C(O1)C(=C3C(=C2)C=CC(=O)O3)O)OC4C(C(C(C(O4)CO)O)O)O	null-null-null-null	2-[(2r)-9-hydroxy-7-oxo-2,3-dihydro-7h-furo[3,2-g]chromen-2-yl]propan-2-yl |A-d-glucopyranoside	public_spectra_2506:(CCMSLIB00004691990)	QZUDEXAHKXCIDG	297.038	1186	19.766	857316103598666999	857316103598666998	26692	
1	SPECTRUM	true	0		2	-1 eV	0.8145202	7	2	-1 eV (corrected -1 eV)	[M + Na]+	371.100	Orbitrap (LCMS)	CCC1(C2=C(COC1=O)C(=O)N3CC4=CC5=CC=CC=C5N=C4C3=C2)O	splash10-059l-9065000000-63bdda72ae157dece8bf	Campathecin	public_spectra_2506:(CCMSLIB00011427902)	VSJKWCGYPAHWDS	537.150	1186	19.766	857316103640610043	857316103640610042	26723	
1	SPECTRUM	true	1		2	-1 eV	0.7912636	14	2	-1 eV (corrected -1 eV)	[M + K]+	371.053	FTICR (LCMS)	CC1=CC(=C(C(=C1)O)C(=O)C2=C(C=C(C=C2OC)O)C(=O)OC)O	null-null-null-null	Sulochrin	public_spectra_2506:(CCMSLIB00004695012)	YJRLSCDUYLRBIZ	371.101	1186	19.767	857316103686747391	857316103686747390	26716	
1	SPECTRUM	true	0		2	-1 eV	0.7734969	16	2	-1 eV (corrected -1 eV)	[M + H]+	757.255	FTICR (LCMS)	CC1C(C(C(C(O1)OC2C(C(OC(C2OC(=O)C=CC3=CC(=C(C=C3)O)O)CO)OCCC4=CC(=C(C=C4)O)O)O)OC5C(C(C(CO5)O)O)O)O)O	null-null-null-null	Phlinoside B	public_spectra_2506:(CCMSLIB00004713166)	UDHCHDJLZGYDDM	519.139	1186	19.767	857316103741273347	857316103741273346	26718	
1	SPECTRUM	true	-1		2		0.7393546	15	2	-1 eV (corrected -1 eV)	[M + H3N + H]+	628.187	Bruker Q-ToF (LCMS)	C1=CC(=C(C=C1C2=CC(=O)C3=C(C=C(C=C3O2)O)O)OC4C(C(C(C(O4)CO)O)O)O)OC5C(C(C(C(O5)CO)O)O)O	splash10-0adj-0196100000-64cd523d5ecce5fc4be8	Luteolin 3'',4''-diglucoside	public_spectra_2506:(CCMSLIB00000847749)	XKAYFELZCPZDEK	554.176	1186	19.768	857316103787410695	857316103787410694	26715	
2	SPECTRUM	true	6		2	-1 eV	0.3994156	6	2	-1 eV (corrected -1 eV)	[M - H4O2 + H]+	279.233	Orbitrap (LCMS)	CCCCCCCCC1C(O1)C(CCCCCCC(=O)O)O	null-null-null-null	8-Hydroxy-9,10-epoxystearic acid	public_spectra_2506:(CCMSLIB00005722215)	GQEOLYBERRZZCE	478.353	1187	19.776	857316103825159435	857316103825159434	26686	
1	SPECTRUM	true	4		2	-1 eV	0.69560087	22	2	-1 eV (corrected -1 eV)	[M + H]+	875.485	Orbitrap (LCMS)	CC(CCCCCC(CCCCCCCCCCCC(CC(=O)O)OC1C(C(C(C(O1)CO)O)O)O)OC2C(C(C(C(O2)CO)O)O)O)OC3C(C(C(C(O3)CO)O)O)O	splash10-05o1-9300000000-817373bbe2251268572f	BRUNGS_NIHNP_00325	public_spectra_2506:(BRUNGS_NIHNP_00325)	ZPUOWQZPFGUNIS	354.300	1190	19.837	857316103867102479	857316103867102478	26884	
1	SPECTRUM	true	1		2	-1 eV	0.54838175	6	2	-1 eV (corrected -1 eV)	[M + H]+	297.315	Orbitrap (LCMS)	CC(C)CCCC(C)CCCC(C)CCCC(=CCO)C	splash10-0aw9-9000000000-fb20227d01a1239fdf27	Phytol	public_spectra_2506:(CCMSLIB00004722180)	BOTWFXYSPFMFNR	389.305	1192	19.868	857316103909045523	857316103909045522	26920	
2	SPECTRUM	true	22		2	-1 eV	0.8896651	6	2	-1 eV (corrected -1 eV)	[M + H]+	663.616	Orbitrap (LCMS)	CCCCCCCCC=CCCCCCCCC(=O)OCC(C[N+](C)(C)C)OC(=O)CCCCCCCC=CCCCCCCCC	splash10-067j-9000000000-13068a8144b8ddee6195	1,2-Dotap	public_spectra_2506:(BRUNGS_MCEBIO_00059)	KWVJHCQQUFDPLU	244.191	1195	19.909	857316103950988567	857316103950988566	26960	
1	SPECTRUM	true	2		2	-1 eV	0.8817439	10	2	38 eV	[M + H]+	237.221	Orbitrap (LCMS)	C1CCCCCC(=O)CCCC=CCCCC1	splash10-067j-9000000000-a0fde8b466a36908ccb5	5-Cyclohexadecenone	public_spectra_2506:(MSBNK-UFZ-WANA2456237762PH)	ABRIMXGLNHCLIP	198.185	1195	19.910	857316103988737307	857316103988737306	26956	
1	SPECTRUM	true	4		2	-1 eV	0.885836	17	2	56 eV	[M + H]+	311.258	Orbitrap (LCMS)	CC(C)OC(=O)C=C(C)C=CCC(C)CCCC(C)(C)OC	splash10-0aru-9100000000-10dea44110acbacc79d6	Juvemon	public_spectra_2506:(MSBNK-Eawag-EQ01094906)	NFGXHKASABOEEW	209.154	1195	19.910	857316104030680351	857316104030680350	26968	
1	SPECTRUM	true	14		2	-1 eV	0.90448856	15	2	-1 eV (corrected -1 eV)	[M + H]+	388.394	Orbitrap (LCMS)	CC(C)CCCC(C)C1CCC2C1(CCC3C2CCC4C3(CCC(C4)N)C)C	splash10-05o1-9400000000-01d89d4e70dd8a2db219	NCIStruc1_001203	public_spectra_2506:(BRUNGS_MCEBIO_07883)	RJNGJYWAIUJHOJ	431.384	1195	19.910	857316104072623395	857316104068429090	26961	
1	SPECTRUM	true	11		2	-1 eV	0.91226095	28	2	-1 eV (corrected -1 eV)	[M + H]+	305.232	FTICR (LCMS)	C(CCCC(C(CCCCCCO)O)O)CCCC(=O)O	null-null-null-null	Aleuritic acid	public_spectra_2506:(CCMSLIB00004704749)	MEHUJCGAYMDLEL	226.180	1195	19.913	857316104114566439	857316104114566438	26965	
1	SPECTRUM	true	22		2	-1 eV	0.9308615	13	2	46 eV	[M + H]+	307.263	Orbitrap (LCMS)	CCC=CCC=CCC=CCCCCCCCCCC(=O)O	splash10-0159-9000000000-642c58d17ed6c7aadffc	Icosatrienoic acid	public_spectra_2506:(MSBNK-Eawag-EQ01142705)	AHANXAKGNAKFSK	228.196	1195	19.915	857316104156509483	857316104152315178	26970	
3	SPECTRUM	true	-1		2		0.7529326	6	2	-1 eV (corrected -1 eV)	[M + H]+	326.305	Orbitrap (LCMS)	CCCCCCCCC=CCCCCCCCC(=O)NCCO	splash10-03di-9000000000-47ade3917fd5f9a5fa4a	Tocris-1484	public_spectra_2506:(BRUNGS_MCEBIO_05617)	BOWVQLFMWHZBEF	354.337	1197	19.955	857316104194258223	857316104194258222	27038	
1	SPECTRUM	true	0		2	-1 eV	0.7211735	6	2	-1 eV (corrected -1 eV)	[M - H2O + H]+	267.268	Orbitrap (LCMS)	CCCCCCCCCCCCCCCCCC(=O)O	splash10-0ac1-9100000000-278bcfc223a9862b18ba	Stearate	public_spectra_2506:(CCMSLIB00010114542)	QIQXTHQIDYTFRH	383.316	1200	19.998	857316104236201267	857316104236201266	27073	
1	SPECTRUM	true	-1		2		0.8985645	6	2	25 eV	[M + H]+	391.284	Q-ToF (LCMS)	CCCCC(CC)COC(=O)C1=CC=CC=C1C(=O)OCC(CC)CCCC	splash10-0002-2900000000-c68f73d43fcbab6d9fc3	Fleximel	public_spectra_2506:(MSBNK-Antwerp_Univ-AN112905)	BJQHLKABXJIVAM	407.279	1203	20.056	857316104282338615	857316104278144310	27164	
2	SPECTRUM	true	-1		2		0.43070385	6	2	-1 eV (corrected -1 eV)	[M - H2O + H]+	267.268	Orbitrap (LCMS)	CCCCCCCCCCCCCCCCCC(=O)O	splash10-0ac1-9100000000-278bcfc223a9862b18ba	Stearate	public_spectra_2506:(CCMSLIB00010114542)	QIQXTHQIDYTFRH	478.353	1213	20.208	857316104374613311	857316104370419006	27446	
1	SPECTRUM	true	2		2	-1 eV	0.5917441	11	2	-1 eV (corrected -1 eV)	[M - H2O + H]+	267.268	Orbitrap (LCMS)	CCCCCCCCCCCCCCCCCC(=O)O	splash10-0awa-9000000000-d2578078d679088f9993	Stearate	public_spectra_2506:(CCMSLIB00006708775)	QIQXTHQIDYTFRH	683.472	1213	20.213	857316104416556355	857316104416556354	27322	
3	SPECTRUM	true	-1		2		0.51249486	6	2	-1 eV (corrected -1 eV)	[M + H]+	243.232	Q-ToF (LCMS)	CCCCCCCCCCCCCCC(=O)O	splash10-0a4i-9000000000-c1a1d13b9b9024422073	bmse000558	public_spectra_2506:(CCMSLIB00006581635)	WQEPLUUGTLDZJY	406.389	1213	20.220	857316104466888007	857316104462693702	27433	
2	SPECTRUM	true	6		2	-1 eV	0.92975986	6	2	-1 eV (corrected -1 eV)	[M + H]+	214.253	N/A	CCCCCCCCCCCCCCN	splash10-08mi-9050000000-3249ccc90ee28bebc09f	Armeen 14	public_spectra_2506:(CCMSLIB00003136539)	PLZVEHJLHYMBBY	361.331	1213	20.220	857316104504636747	857316104504636746	27439	
1	SPECTRUM	true	21		2	-1 eV	0.3832898	7	2	-1 eV (corrected -1 eV)	[M + K]+	357.219	FTICR (LCMS)	CCCCCCC=CCCCCCCCC1=C(C(=CC=C1)O)O	null-null-null-null	Urushiol II	public_spectra_2506:(CCMSLIB00004698504)	GWOCLAPCXDOJRL	844.613	1213	20.224	857316104546579791	857316104546579790	27362	
1	SPECTRUM	true	1		2	-1 eV	0.6627169	10	2	-1 eV (corrected -1 eV)	[M + Na]+	493.350	N/A	CCCCCCCC(=O)OCC(COC(=O)CCCCCCC)OC(=O)CCCCCCC	splash10-0a6r-8902100000-60b08b5f240814040228	Caprylin	public_spectra_2506:(CCMSLIB00003137984)	VLPFTAMPNXLGLX	655.441	1220	20.328	857316104592717139	857316104592717138	27527	
4	SPECTRUM	true	5		2	-1 eV	0.42867512	8	2	-1 eV (corrected -1 eV)	[M + H]+	258.206	Orbitrap (LCMS)	CCCCCCCCCC(=O)NCCCC(=O)O	splash10-000i-9200000000-5baa9a5e5116b14a7722	Butanoic acid, 4-[(1-oxodecyl)amino]-	public_spectra_2506:(CCMSLIB00012471865)	BARYBGIAWGGBOE	827.587	1220	20.329	857316104643048791	857316104638854486	27529	
1	SPECTRUM	true	-1		2		0.83114344	15	2	-1 eV (corrected -1 eV)	[M + H]+	507.353	Orbitrap (LCMS)	CC(C(CCCCCCCCCCCCCCCCC(=O)O)OC1C(C(C(C(O1)CO)O)O)O)O	splash10-067j-9200000000-bb8f701d11c3741771c8	NCGC00384950-01!19-hydroxy-18-[3,4,5-trihydroxy-6-(hydroxymethyl)oxan-2-yl]oxyicosanoic acid	public_spectra_2506:(BRUNGS_NIHNP_00965)	GYUCMTKUEQLBJW	283.263	1224	20.395	857316104680797531	857316104680797530	27683	
4	SPECTRUM	true	8		2	-1 eV	0.7926353	6	2	15 eV	[M + H]+	215.070	Orbitrap (LCMS)	C1=CC=C(C=C1)C(=O)C2=C(C=C(C=C2)O)O	splash10-00kr-0940000000-7006e7c70a9657b678ac	aduvex 12	public_spectra_2506:(MSBNK-CASMI_2016-SM833201)	ZXDDPOHVAMWLBH	327.195	1225	20.422	857316104718546271	857316104718546270	27731	
1	SPECTRUM	true	6		2	-1 eV	0.59526795	10	2	-1 eV (corrected -1 eV)	[M - H2O + H]+	267.268	Orbitrap (LCMS)	CCCCCCCCCCCCCCCCCC(=O)O	splash10-0awa-9000000000-d2578078d679088f9993	Stearate	public_spectra_2506:(CCMSLIB00006708775)	QIQXTHQIDYTFRH	683.472	1226	20.436	857316104764683619	857316104764683618	27707	
1	SPECTRUM	true	1		2	-1 eV	0.76385	8	2	-1 eV (corrected -1 eV)	[M + H]+	256.263	N/A	CCCCCCCCCCCCCCCC(=O)N	splash10-0a4i-4190000000-0e9b5465f1d2622377fc	Amide 16	public_spectra_2506:(CCMSLIB00003135927)	HSEMFIZWXHQJAE	285.298	1228	20.469	857316104810820967	857316104806626662	27862	
2	SPECTRUM	true	12		2	-1 eV	0.69241905	11	2	-1 eV (corrected -1 eV)	[M + Na]+	493.350	N/A	CCCCCCCC(=O)OCC(COC(=O)CCCCCCC)OC(=O)CCCCCCC	splash10-0a6r-8902100000-60b08b5f240814040228	Caprylin	public_spectra_2506:(CCMSLIB00003137984)	VLPFTAMPNXLGLX	655.441	1229	20.485	857316104856958315	857316104856958314	27797	
1	SPECTRUM	true	6		2	-1 eV	0.4931431	6	2	-1 eV (corrected -1 eV)	[M + H]+	230.175	Orbitrap (LCMS)	CCCCCCCCCC(=O)NCC(=O)O	splash10-056r-9200000000-026a62b9de47585bf1d5	Decanoylglycine	public_spectra_2506:(CCMSLIB00012471857)	WRRYZYASRAUROW	462.771	1232	20.539	857316104903095663	857316104898901358	27909	
1	SPECTRUM	true	11		2	-1 eV	0.64099365	12	2	-1 eV (corrected -1 eV)	[M - H2O + H]+	267.268	Orbitrap (LCMS)	CCCCCCCCCCCCCCCCCC(=O)O	splash10-0awa-9000000000-d2578078d679088f9993	Stearate	public_spectra_2506:(CCMSLIB00006708775)	QIQXTHQIDYTFRH	683.472	1234	20.564	857316104949233011	857316104949233010	27935	
1	SPECTRUM	true	29		2	-1 eV	0.9049132	30	2	45 eV	[M + H]+	198.185	Orbitrap (LCMS)	C1CCCCCC(=O)NCCCCC1	splash10-0002-2900000000-f6f60a13a4c849906531	Nylon 12	public_spectra_2506:(MSBNK-LCSB-LU080703)	JHWNWJKBPDFINM	310.310	1235	20.580	857316104995370359	857316104991176054	27963	
13	SPECTRUM	true	2		2	-1 eV	0.42227495	8	2	-1 eV (corrected -1 eV)	[M + H]+	258.206	Orbitrap (LCMS)	CCCCCCCCCC(=O)NCCCC(=O)O	splash10-000i-9200000000-5baa9a5e5116b14a7722	Butanoic acid, 4-[(1-oxodecyl)amino]-	public_spectra_2506:(CCMSLIB00012471865)	BARYBGIAWGGBOE	827.587	1236	20.595	857316105037313403	857316105033119098	27969	
1	SPECTRUM	true	-1		2		0.9326829	17	2	-1 eV (corrected -1 eV)	[M + H]+	256.263	N/A	CCCCCCCCCCCCCCCC(=O)N	splash10-0a4i-4190000000-0e9b5465f1d2622377fc	Amide 16	public_spectra_2506:(CCMSLIB00003135927)	HSEMFIZWXHQJAE	312.326	1239	20.649	857316105079256447	857316105079256446	28051	
1	SPECTRUM	true	10		2	-1 eV	0.6260809	11	2	-1 eV (corrected -1 eV)	[M - H2O + H]+	267.268	Orbitrap (LCMS)	CCCCCCCCCCCCCCCCCC(=O)O	splash10-0awa-9000000000-d2578078d679088f9993	Stearate	public_spectra_2506:(CCMSLIB00006708775)	QIQXTHQIDYTFRH	683.472	1244	20.729	857316105171531143	857316105171531142	28166	
28	SPECTRUM	true	16		2	-1 eV	0.42757362	8	2	-1 eV (corrected -1 eV)	[M + Na]+	493.350	N/A	CCCCCCCC(=O)OCC(COC(=O)CCCCCCC)OC(=O)CCCCCCC	splash10-0a6r-8902100000-60b08b5f240814040228	Caprylin	public_spectra_2506:(CCMSLIB00003137984)	VLPFTAMPNXLGLX	827.587	1244	20.738	857316105217668491	857316105217668490	28198	
2	SPECTRUM	true	49		2	-1 eV	0.6903156	12	2	-1 eV (corrected -1 eV)	[M + Na]+	493.350	N/A	CCCCCCCC(=O)OCC(COC(=O)CCCCCCC)OC(=O)CCCCCCC	splash10-0a6r-8902100000-60b08b5f240814040228	Caprylin	public_spectra_2506:(CCMSLIB00003137984)	VLPFTAMPNXLGLX	655.441	1245	20.747	857316105263805839	857316105263805838	28164	
5	SPECTRUM	true	1		2	-1 eV	0.9151775	42	2	45 eV	[M + H]+	198.185	Orbitrap (LCMS)	C1CCCCCC(=O)NCCCCC1	splash10-0002-2900000000-f6f60a13a4c849906531	Nylon 12	public_spectra_2506:(MSBNK-LCSB-LU080703)	JHWNWJKBPDFINM	338.342	1246	20.766	857316105309943187	857316105305748882	28269	
1	SPECTRUM	true	3		2	-1 eV	0.58305955	6	2	10 eV	[M + H]+	251.047	Orbitrap (LCMS)	C1=CC=C(C=C1)OP(=O)(O)OC2=CC=CC=C2	splash10-0udi-2290000000-9808b232d9dcfbb571dd	diphenoxyphosphinic acid	public_spectra_2506:(MSBNK-ACES_SU-AS000106)	ASMQGLCHMVWBQR	399.266	1247	20.777	857316105368663447	857316105364469142	28237	
1	SPECTRUM	true	70		2	-1 eV	0.38689134	8	2	-1 eV (corrected -1 eV)	[M + K]+	357.219	FTICR (LCMS)	CCCCCCC=CCCCCCCCC1=C(C(=CC=C1)O)O	null-null-null-null	Urushiol II	public_spectra_2506:(CCMSLIB00004698504)	GWOCLAPCXDOJRL	844.613	1247	20.779	857316105456743839	857316105456743838	28200	
1	SPECTRUM	true	31		2	-1 eV	0.44788846	6	2	48 eV	[M]+	372.335	Orbitrap (LCMS)	CCCCCCCCCCCCCC(=O)NCCC[N+](C)(C)CC(=O)O	splash10-014j-9020000000-9b7e57c9962ed9bef919	Myristamidopropyl betaine	public_spectra_2506:(MSBNK-UFZ-UP000270)	QGCUAFIULMNFPJ	462.771	1248	20.800	857316105515464099	857316105515464098	28264	
1	SPECTRUM	true	2		2	-1 eV	0.7006028	14	2	-1 eV (corrected -1 eV)	[M + H]+	348.123	Q-ToF (LCMS)	C[N+]1=C2C(=C3C=CC(=C(C3=C1)OC)OC)C=CC4=CC5=C(C=C42)OCO5	splash10-000i-0309000000-a414a143b747cec2dd6e	Toddalin	public_spectra_2506:(CCMSLIB00013748125)	LLEJIEBFSOEYIV	675.675	1248	20.802	857316105557407143	857316105557407142	28271	
1	SPECTRUM	true	55		2	-1 eV	0.38526708	7	2	-1 eV (corrected -1 eV)	[M + K]+	357.219	FTICR (LCMS)	CCCCCCC=CCCCCCCCC1=C(C(=CC=C1)O)O	null-null-null-null	Urushiol II	public_spectra_2506:(CCMSLIB00004698504)	GWOCLAPCXDOJRL	844.613	1251	20.851	857316105620321707	857316105620321706	28378	
1	SPECTRUM	true	25		2	-1 eV	0.6098473	13	2	-1 eV (corrected -1 eV)	[M - H2O + H]+	267.268	Orbitrap (LCMS)	CCCCCCCCCCCCCCCCCC(=O)O	splash10-0awa-9000000000-d2578078d679088f9993	Stearate	public_spectra_2506:(CCMSLIB00010125870)	QIQXTHQIDYTFRH	683.472	1252	20.858	857316105666459055	857316105666459054	28402	
1	SPECTRUM	true	2		2	-1 eV	0.44020933	6	2	-1 eV (corrected -1 eV)	[M + H]+	259.190	N/A	CCCCOC(=O)CCCCC(=O)OCCCC	splash10-0imi-1900000000-9c528cd70e97fff9f423	Cetiol B	public_spectra_2506:(CCMSLIB00003135657)	XTJFFFGAUHQWII	543.390	1252	20.871	857316105704207795	857316105704207794	28377	
3	SPECTRUM	true	4		2	-1 eV	0.46858138	6	2	-1 eV (corrected -1 eV)	[M + H]+	471.244	Orbitrap (LCMS)	CC(C)CCC(CCOC1C(C(C(C(O1)CO)O)O)OC2C(C(C(C(O2)CO)O)O)O)O	splash10-014i-9000000000-b40b8999095ffcab5d82	CHEBI:181912	public_spectra_2506:(BRUNGS_NIHNP_00715)	OCLJUQSRRLIINU	560.416	1252	20.872	857316105741956535	857316105741956534	28385	
1	SPECTRUM	true	-1		2		0.67581993	9	2	-1 eV (corrected -1 eV)	[M - H2O + H]+	279.305	Q-ToF (LCMS)	CC(C)CCCC(C)CCCC(C)CCCC(=CCO)C	splash10-05nb-9200000000-4e462b8961036af83806	Phytol	public_spectra_2506:(CCMSLIB00003139562)	BOTWFXYSPFMFNR	298.310	1253	20.883	857316105830036927	857316105830036926	28387	
8	SPECTRUM	true	8		2	-1 eV	0.43761164	8	2	-1 eV (corrected -1 eV)	[M + H]+	258.206	Orbitrap (LCMS)	CCCCCCCCCC(=O)NCCCC(=O)O	splash10-000i-9200000000-5baa9a5e5116b14a7722	Butanoic acid, 4-[(1-oxodecyl)amino]-	public_spectra_2506:(CCMSLIB00012471865)	BARYBGIAWGGBOE	827.588	1253	20.886	857316105876174275	857316105871979970	28452	
1	SPECTRUM	true	84		2	-1 eV	0.70090383	9	2	-1 eV (corrected -1 eV)	[M + Na]+	493.350	N/A	CCCCCCCC(=O)OCC(COC(=O)CCCCCCC)OC(=O)CCCCCCC	splash10-0a6r-8902100000-60b08b5f240814040228	Caprylin	public_spectra_2506:(CCMSLIB00003137984)	VLPFTAMPNXLGLX	655.441	1254	20.893	857316105922311623	857316105922311622	28431	
1	SPECTRUM	true	17		2	-1 eV	0.49052408	6	2	48 eV	[M]+	372.335	Orbitrap (LCMS)	CCCCCCCCCCCCCC(=O)NCCC[N+](C)(C)CC(=O)O	splash10-014j-9020000000-9b7e57c9962ed9bef919	Myristamidopropyl betaine	public_spectra_2506:(MSBNK-UFZ-UP000270)	QGCUAFIULMNFPJ	462.771	1257	20.947	857316105968448971	857316105968448970	28524	
1	SPECTRUM	true	1		2	-1 eV	0.47605228	12	2	-1 eV (corrected -1 eV)	[M - H2O + H]+	267.268	Orbitrap (LCMS)	CCCCCCCCCCCCCCCCCC(=O)O	splash10-0awa-9000000000-d2578078d679088f9993	Stearate	public_spectra_2506:(CCMSLIB00010125870)	QIQXTHQIDYTFRH	269.661	1259	20.979	857316106014586319	857316106014586318	28557	
1	SPECTRUM	true	-1		2		0.5526859	6	2	-1 eV (corrected -1 eV)	[M - H2O + H]+	239.237	Orbitrap (LCMS)	CCCCCCCCCCCCCCCC(=O)O	splash10-0a4i-9000000000-35f8ac4eda4e54fbda82	Cetylate	public_spectra_2506:(CCMSLIB00011428811)	IPCSVZSSVZVIGE	249.148	1259	20.980	857316106056529363	857316106052335058	28556	
1	SPECTRUM	true	25		2	-1 eV	0.3828303	7	2	-1 eV (corrected -1 eV)	[M + K]+	357.219	FTICR (LCMS)	CCCCCCC=CCCCCCCCC1=C(C(=CC=C1)O)O	null-null-null-null	Urushiol II	public_spectra_2506:(CCMSLIB00004698504)	GWOCLAPCXDOJRL	844.613	1260	20.999	857316106098472407	857316106098472406	28610	
2	SPECTRUM	true	1		2	-1 eV	0.9212717	33	2	-1 eV (corrected -1 eV)	[M + H]+	338.342	N/A	CCCCCCCCC=CCCCCCCCCCCCC(=O)N	splash10-05us-9400000000-475a3842665f8c45498e	Erucylamide	public_spectra_2506:(CCMSLIB00003139394)	UAUDZVJPLUQNMU	366.373	1264	21.062	857316106140415451	857316106140415450	28688	
1	SPECTRUM	true	9		2	-1 eV	0.6959514	7	2	-1 eV (corrected -1 eV)	[M + Na]+	493.350	N/A	CCCCCCCC(=O)OCC(COC(=O)CCCCCCC)OC(=O)CCCCCCC	splash10-0a6r-8902100000-60b08b5f240814040228	Caprylin	public_spectra_2506:(CCMSLIB00003137984)	VLPFTAMPNXLGLX	502.374	1264	21.063	857316106178164191	857316106178164190	28694	
2	SPECTRUM	true	19		2	-1 eV	0.619424	8	2	-1 eV (corrected -1 eV)	[M + Na]+	493.350	N/A	CCCCCCCC(=O)OCC(COC(=O)CCCCCCC)OC(=O)CCCCCCC	splash10-0a6r-8902100000-60b08b5f240814040228	Caprylin	public_spectra_2506:(CCMSLIB00003137984)	VLPFTAMPNXLGLX	530.405	1264	21.065	857316106224301539	857316106224301538	28697	
1	SPECTRUM	true	35		2	-1 eV	0.38197917	8	2	-1 eV (corrected -1 eV)	[M + K]+	357.219	FTICR (LCMS)	CCCCCCC=CCCCCCCCC1=C(C(=CC=C1)O)O	null-null-null-null	Urushiol II	public_spectra_2506:(CCMSLIB00004698504)	GWOCLAPCXDOJRL	844.613	1266	21.105	857316106312381931	857316106312381930	28782	
2	SPECTRUM	true	5		2	-1 eV	0.806628	14	2	-1 eV (corrected -1 eV)	[M + H]+	326.342	Q-ToF (LCMS)	CCCCCCCCCCCCCCCC(=O)NCCCCC	splash10-004i-0149000000-94ca728a80f336d24f75	ZUVJPPGVSJMBKU-UHFFFAOYSA-N	public_spectra_2506:(CCMSLIB00010010770)	ZUVJPPGVSJMBKU	312.326	1274	21.232	857316106408850931	857316106408850930	28969	
1	SPECTRUM	true	1		2	-1 eV	0.65407115	11	2	-1 eV (corrected -1 eV)	[M + H3N + H]+	628.187	Bruker Q-ToF (LCMS)	C1=CC(=C(C=C1C2=CC(=O)C3=C(C=C(C=C3O2)O)O)OC4C(C(C(C(O4)CO)O)O)O)OC5C(C(C(C(O5)CO)O)O)O	splash10-0adj-0196100000-64cd523d5ecce5fc4be8	Luteolin 3'',4''-diglucoside	public_spectra_2506:(CCMSLIB00000847749)	XKAYFELZCPZDEK	656.226	1279	21.310	857316106463376887	857316106459182582	29071	
1	SPECTRUM	true	-1		2		0.78151727	14	2	-1 eV (corrected -1 eV)	[M + K]+	371.053	FTICR (LCMS)	CC1=CC(=C(C(=C1)O)C(=O)C2=C(C=C(C=C2OC)O)C(=O)OC)O	null-null-null-null	Sulochrin	public_spectra_2506:(CCMSLIB00004695012)	YJRLSCDUYLRBIZ	371.101	1279	21.314	857316106513708539	857316106513708538	29072	
2	SPECTRUM	true	2		2	-1 eV	0.7192726	12	2	-1 eV (corrected -1 eV)	[M + Na]+	371.100	Orbitrap (LCMS)	CCC1(C2=C(COC1=O)C(=O)N3CC4=CC5=CC=CC=C5N=C4C3=C2)O	splash10-059l-9065000000-63bdda72ae157dece8bf	Campathecin	public_spectra_2506:(CCMSLIB00011427902)	VSJKWCGYPAHWDS	628.194	1279	21.314	857316106568234495	857316106568234494	29086	
1	SPECTRUM	true	0		2	-1 eV	0.41622585	8	2	-1 eV (corrected -1 eV)	[M + K]+	371.053	FTICR (LCMS)	CC1=CC(=C(C(=C1)O)C(=O)C2=C(C=C(C=C2OC)O)C(=O)OC)O	null-null-null-null	Sulochrin	public_spectra_2506:(CCMSLIB00004695012)	YJRLSCDUYLRBIZ	223.064	1279	21.316	857316106622760451	857316106618566146	29090	
2	SPECTRUM	true	9		2	-1 eV	0.62687576	6	2	-1 eV (corrected -1 eV)	[M + Na]+	493.350	N/A	CCCCCCCC(=O)OCC(COC(=O)CCCCCCC)OC(=O)CCCCCCC	splash10-0a6r-8902100000-60b08b5f240814040228	Caprylin	public_spectra_2506:(CCMSLIB00003137984)	VLPFTAMPNXLGLX	530.405	1279	21.317	857316106673092103	857316106673092102	29104	
1	SPECTRUM	true	28		2	-1 eV	0.90067285	28	2	-1 eV (corrected -1 eV)	[M + H]+	282.279	N/A	CCCCCCCCC=CCCCCCCCC(=O)N	splash10-05o1-9310000000-ac31d1574b66cea7e02d	Oleamide	public_spectra_2506:(CCMSLIB00003139624)	FATBGEAMYMYZAF	338.342	1291	21.511	857316106756978191	857316106756978190	29420	
1	SPECTRUM	true	5		2	-1 eV	0.7038067	7	2	20 eV	[M + H]+	413.363	Q-ToF (LCMS)	CCCCC(CC)COC(=O)CCCCCCCC(=O)OCC(CC)CCCC	splash10-00di-3900000000-7592d1a975309d468d88	Emery 2958	public_spectra_2506:(MSBNK-EPA-ENTACT_AGILENT000157)	ZDWGXBPVPXVXMQ	371.316	1298	21.632	857316106798921235	857316106798921234	29582	
1	SPECTRUM	true	0		2	-1 eV	0.33763963	8	2	-1 eV (corrected -1 eV)	[M + K]+	427.100	FTICR (LCMS)	COC(=O)C1=COC(C2C1CC=C2CO)OC3C(C(C(C(O3)CO)O)O)O	null-null-null-null	Geniposide	public_spectra_2506:(CCMSLIB00004694684)	IBFYXTRXDNAPMM	293.654	1300	21.674	857316106840864279	857316106840864278	29605	
1	SPECTRUM	true	1		2	-1 eV	0.92697966	27	2	-1 eV (corrected -1 eV)	[M + H]+	507.353	Orbitrap (LCMS)	CC(C(CCCCCCCCCCCCCCCCC(=O)O)OC1C(C(C(C(O1)CO)O)O)O)O	splash10-067j-9200000000-bb8f701d11c3741771c8	NCGC00384950-01!19-hydroxy-18-[3,4,5-trihydroxy-6-(hydroxymethyl)oxan-2-yl]oxyicosanoic acid	public_spectra_2506:(BRUNGS_NIHNP_00965)	GYUCMTKUEQLBJW	350.342	1304	21.737	857316106920556063	857316106920556062	29660	
2	SPECTRUM	true	0		2	-1 eV	0.97433245	8	2	25 eV	[M + H]+	371.316	Q-ToF (LCMS)	CCCCC(CC)COC(=O)CCCCC(=O)OCC(CC)CCCC	splash10-0nmi-7900000000-12dd29db84cbca092e72	Mollan S	public_spectra_2506:(MSBNK-Antwerp_Univ-AN112105)	SAOKZLXYCUGLFA	259.191	1309	21.811	857316106962499107	857316106962499106	29738	
1	SPECTRUM	true	-1		2		0.70326287	6	2	5 eV	[M + H]+	371.316	Q-ToF (LCMS)	CCCCC(CC)COC(=O)CCCCC(=O)OCC(CC)CCCC	splash10-01t9-1900000000-ba8560767a689259490e	Mollan S	public_spectra_2506:(MSBNK-Antwerp_Univ-AN112101)	SAOKZLXYCUGLFA	416.373	1309	21.817	857316107004442151	857316107000247846	29791	
1	SPECTRUM	true	28		2	-1 eV	0.964924	8	2	10 eV	[M + H]+	371.316	Q-ToF (LCMS)	CCCCC(CC)COC(=O)CCCCC(=O)OCC(CC)CCCC	splash10-03fr-2900000000-3800d9b30d008f79d028	Mollan S	public_spectra_2506:(MSBNK-Antwerp_Univ-AN112102)	SAOKZLXYCUGLFA	388.342	1309	21.817	857316107042190891	857316107042190890	29780	
1	SPECTRUM	true	37		2	-1 eV	0.8904959	7	2	-1 eV (corrected -1 eV)	[M + H]+	259.190	N/A	CCCCOC(=O)CCCCC(=O)OCCCC	splash10-0imi-1900000000-9c528cd70e97fff9f423	Cetiol B	public_spectra_2506:(CCMSLIB00003135657)	XTJFFFGAUHQWII	371.315	1309	21.818	857316107109299759	857316107109299758	29793	
1	SPECTRUM	true	1		2	-1 eV	0.91313434	17	2	-1 eV (corrected -1 eV)	[M + H]+	371.316	N/A	CCCCC(CC)COC(=O)CCCCC(=O)OCC(CC)CCCC	splash10-0h00-2900000000-b832952c6568f4194b96	Mollan S	public_spectra_2506:(CCMSLIB00003138267)	SAOKZLXYCUGLFA	372.319	1309	21.818	857316107197380147	857316107197380146	29701	
2	SPECTRUM	true	2		2	-1 eV	0.77930456	6	2	-1 eV (corrected -1 eV)	[M + H]+	326.342	Q-ToF (LCMS)	CCCCCCCCCCCCCCCC(=O)NCCCCC	splash10-004i-0149000000-94ca728a80f336d24f75	ZUVJPPGVSJMBKU-UHFFFAOYSA-N	public_spectra_2506:(CCMSLIB00010010770)	ZUVJPPGVSJMBKU	340.357	1310	21.829	857316107348375095	857316107348375094	29816	
1	SPECTRUM	true	-1		2		0.83215487	12	2	-1 eV (corrected -1 eV)	[M - H2O + H]+	267.268	Orbitrap (LCMS)	CCCCCCCCCCCCCCCCCC(=O)O	splash10-0awa-9000000000-d2578078d679088f9993	Stearate	public_spectra_2506:(CCMSLIB00010125870)	QIQXTHQIDYTFRH	325.310	1322	22.030	857316107402901051	857316107402901050	30020	
4	SPECTRUM	true	0		2	-1 eV	0.91164094	35	2	-1 eV (corrected -1 eV)	[M + H]+	338.342	N/A	CCCCCCCCC=CCCCCCCCCCCCC(=O)N	splash10-05us-9400000000-475a3842665f8c45498e	Erucylamide	public_spectra_2506:(CCMSLIB00003139394)	UAUDZVJPLUQNMU	366.373	1334	22.231	857316107549701699	857316107549701698	30283	
1	SPECTRUM	true	4		2	-1 eV	0.55302775	8	2	-1 eV (corrected -1 eV)	[M - H2O + H]+	267.268	Orbitrap (LCMS)	CCCCCCCCCCCCCCCCCC(=O)O	splash10-0awa-9000000000-d2578078d679088f9993	Stearate	public_spectra_2506:(CCMSLIB00010125870)	QIQXTHQIDYTFRH	530.406	1337	22.290	857316107633587787	857316107633587786	30325	
1	SPECTRUM	true	9		2	-1 eV	0.5796525	11	2	-1 eV (corrected -1 eV)	[M - H2O + H]+	267.268	Orbitrap (LCMS)	CCCCCCCCCCCCCCCCCC(=O)O	splash10-0awa-9000000000-d2578078d679088f9993	Stearate	public_spectra_2506:(CCMSLIB00006708775)	QIQXTHQIDYTFRH	558.436	1339	22.316	857316107671336527	857316107671336526	30380	
1	SPECTRUM	true	-1		2		0.75366795	18	2	-1 eV (corrected -1 eV)	[M + H3N + H]+	628.187	Bruker Q-ToF (LCMS)	C1=CC(=C(C=C1C2=CC(=O)C3=C(C=C(C=C3O2)O)O)OC4C(C(C(C(O4)CO)O)O)O)OC5C(C(C(C(O5)CO)O)O)O	splash10-0adj-0196100000-64cd523d5ecce5fc4be8	Luteolin 3'',4''-diglucoside	public_spectra_2506:(CCMSLIB00000847749)	XKAYFELZCPZDEK	702.212	1359	22.649	857316107755222615	857316107755222614	30658	
1	SPECTRUM	true	-1		2		0.7749169	18	2	-1 eV (corrected -1 eV)	[M + H]+	646.255	Orbitrap (LCMS)	CC1C(C(C(C(O1)OC2C(OC(C(C2O)O)OC(C(CO)O)C(C(C=O)O)O)CO)O)O)NC3C=C(C(C(C3O)O)O)CO	splash10-001c-5144009000-d43ea455476c0f1c4d73	4-[5-[3,4-dihydroxy-6-methyl-5-[[4,5,6-trihydroxy-3-(hydroxymethyl)cyclohex-2-en-1-yl]amino]oxan-2-yl]oxy-3,4-dihydroxy-6-(hydroxymethyl)oxan-2-yl]oxy-2,3,5,6-tetrahydroxyhexanal	public_spectra_2506	CEMXHAPUFJOOSV	667.176	1359	22.650	857316107797165659	857316107797165658	30663	
1	SPECTRUM	true	0		2	-1 eV	0.49268034	7	2	-1 eV (corrected -1 eV)	[M + H3N + H]+	628.187	Bruker Q-ToF (LCMS)	C1=CC(=C(C=C1C2=CC(=O)C3=C(C=C(C=C3O2)O)O)OC4C(C(C(C(O4)CO)O)O)O)OC5C(C(C(C(O5)CO)O)O)O	splash10-0adj-0196100000-64cd523d5ecce5fc4be8	Luteolin 3'',4''-diglucoside	public_spectra_2506:(CCMSLIB00000847749)	XKAYFELZCPZDEK	730.244	1359	22.650	857316107843303007	857316107843303006	30662	
5	SPECTRUM	true	-1		2		0.9174908	6	2	10 eV	[M + H]+	425.363	Q-ToF (LCMS)	CC(C)CCCCCCOC(=O)C1CCCCC1C(=O)OCCCCCCC(C)C	splash10-0ab9-9500000000-971823ecc4be8e5ea28d	Hexamoll DINCH	public_spectra_2506:(MSBNK-Antwerp_Univ-AN112702)	HORIEOQXBKUKGQ	419.315	1361	22.676	857316107893634659	857316107893634658	30715	
1	SPECTRUM	true	0		2	-1 eV	0.7815961	7	2	-1 eV (corrected -1 eV)	[M + H]+	354.373	Q-ToF (LCMS)	CCCCCCCCCCCCCCCCCC(=O)NCCCCC	splash10-0udi-0029000000-68bab7c5aec523721e14	BNMNWSJQGWRNAD-UHFFFAOYSA-N	public_spectra_2506:(CCMSLIB00010010803)	BNMNWSJQGWRNAD	340.357	1368	22.793	857316107931383399	857316107931383398	30795	
1	SPECTRUM	true	87		2	-1 eV	0.9723311	6	2	20 eV	[M + H]+	447.347	Q-ToF (LCMS)	CC(C)CCCCCCCOC(=O)C1=CC=CC=C1C(=O)OCCCCCCCC(C)C	splash10-0abj-9300000000-6c173040765370829434	Sicol 184	public_spectra_2506:(MSBNK-Antwerp_Univ-AN112604)	ZVFDTKUVRCTHQE	419.315	1371	22.853	857316107985909355	857316107985909354	30836	
1	SPECTRUM	true	-1		2		0.9382601	6	2	20 eV	[M + H]+	419.316	Q-ToF (LCMS)	CC(CCOC(=O)C1=CC=CC=C1C(=O)OCCC(C)CC(C)(C)C)CC(C)(C)C	splash10-00ds-9200000000-7bae3754e789920e379b	Vestinol 9	public_spectra_2506:(MSBNK-EPA-ENTACT_AGILENT000322)	GDJOUZYAIHWDCA	464.373	1375	22.911	857316108032046703	857316108032046702	30868	
1	SPECTRUM	true	57		2	-1 eV	0.9735133	6	2	20 eV	[M + H]+	447.347	Q-ToF (LCMS)	CC(C)CCCCCCCOC(=O)C1=CC=CC=C1C(=O)OCCCCCCCC(C)C	splash10-0abj-9300000000-6c173040765370829434	Sicol 184	public_spectra_2506:(MSBNK-Antwerp_Univ-AN112604)	ZVFDTKUVRCTHQE	419.315	1378	22.963	857316108111738487	857316108111738486	30934	
2	SPECTRUM	true	6		2	-1 eV	0.9145221	34	2	-1 eV (corrected -1 eV)	[M + H]+	338.342	N/A	CCCCCCCCC=CCCCCCCCCCCCC(=O)N	splash10-05us-9400000000-475a3842665f8c45498e	Erucylamide	public_spectra_2506:(CCMSLIB00003139394)	UAUDZVJPLUQNMU	366.373	1386	23.100	857316108157875835	857316108153681530	31082	
1	SPECTRUM	true	1		2	-1 eV	0.9356922	6	2	-1 eV (corrected -1 eV)	[M + H]+	391.284	N/A	CCCCCCCCOC(=O)C1=CC=CC=C1C(=O)OCCCCCCCC	splash10-0002-1900000000-479655a0b89595a9cb1b	Dinopol NOP	public_spectra_2506:(CCMSLIB00003139668)	MQIUGAXCHLFZKX	419.316	1398	23.292	857316108195624575	857316108195624574	31261	
1	SPECTRUM	true	16		2	-1 eV	0.96749157	6	2	15 eV	[M + H]+	447.347	Q-ToF (LCMS)	CC(C)CCCCCCCOC(=O)C1=CC=CC=C1C(=O)OCCCCCCCC(C)C	splash10-0abi-9100000000-8d5b5df45b700ce10d0b	Sicol 184	public_spectra_2506:(MSBNK-Antwerp_Univ-AN112603)	ZVFDTKUVRCTHQE	433.331	1399	23.313	857316108233373315	857316108233373314	31268	
1	SPECTRUM	true	-1		2		0.70930153	6	2	53 eV	[M + H]+	350.175	FTICR (LCMS)	CC1(C(C1(C)C)C(=O)OC(C#N)C2=CC(=CC=C2)OC3=CC=CC=C3)C	splash10-0a4i-9200000000-a79eab2eb8170bbab60a	Meothrin	public_spectra_2506:(MSBNK-Eawag-EQ00322005)	XQUXKZZNEFRCAW	413.363	1411	23.519	857316108275316359	857316108275316358	31452	
34	SPECTRUM	true	20		2	-1 eV	0.90279037	6	2	40 eV	[M + H]+	419.316	Q-ToF (LCMS)	CC(CCOC(=O)C1=CC=CC=C1C(=O)OCCC(C)CC(C)(C)C)CC(C)(C)C	splash10-0597-9200000000-74cd01c36b1421127e3a	Vestinol 9	public_spectra_2506:(MSBNK-EPA-ENTACT_AGILENT000324)	GDJOUZYAIHWDCA	447.347	1434	23.899	857316108438894231	857316108438894230	31730	
2	SPECTRUM	true	0		2	-1 eV	0.7561818	16	2	-1 eV (corrected -1 eV)	[M + H3N + H]+	628.187	Bruker Q-ToF (LCMS)	C1=CC(=C(C=C1C2=CC(=O)C3=C(C=C(C=C3O2)O)O)OC4C(C(C(C(O4)CO)O)O)O)OC5C(C(C(C(O5)CO)O)O)O	splash10-0adj-0196100000-64cd523d5ecce5fc4be8	Luteolin 3'',4''-diglucoside	public_spectra_2506:(CCMSLIB00000847749)	XKAYFELZCPZDEK	776.231	1449	24.147	857316108485031579	857316108485031578	31944	
1	SPECTRUM	true	10		2	-1 eV	0.806377	15	2	-1 eV (corrected -1 eV)	[M + H]+	315.253	Orbitrap (LCMS)	CCCCOC(=O)CCCCCCCCC(=O)OCCCC	splash10-0fy9-9620000000-361177fd0d1e88510174	Staflex DBS	public_spectra_2506:(CCMSLIB00006124131)	PYGXAGIECVVIOZ	444.405	1455	24.255	857316108560529059	857316108560529058	32010	
1	SPECTRUM	true	1		2	-1 eV	0.42437902	6	2	-1 eV (corrected -1 eV)	[M + H]+	427.393	FTICR (LCMS)	CC(=C)C1CCC2(C1C3CCC4C5(CCC(C(C5CCC4(C3(CC2)C)C)(C)C)O)C)C	null-null-null-null	b-viscol	public_spectra_2506:(CCMSLIB00004696724)	MQYXUWHLBZFQQO	425.363	1463	24.379	857316108602472103	857316108602472102	32121	
5	SPECTRUM	true	21		2	-1 eV	0.9590371	6	2	10 eV	[M + H]+	391.284	Q-ToF (LCMS)	CCCCC(CC)COC(=O)C1=CC=CC=C1C(=O)OCC(CC)CCCC	splash10-0002-2900000000-b71e14b996c7acd4d68e	Fleximel	public_spectra_2506:(MSBNK-Antwerp_Univ-AN112902)	BJQHLKABXJIVAM	447.347	1470	24.500	857316108686358191	857316108682163886	32226	
1	SPECTRUM	true	1		2	-1 eV	0.40082517	6	2	-1 eV (corrected -1 eV)	[M - H2O + H]+	239.201	Orbitrap (LCMS)	CCCCCCCCCCC(=O)CCCC(=O)O	splash10-03k9-9140000000-6156de864f009053f1cd	ACMC-20lwpm	public_spectra_2506:(CCMSLIB00010124682)	RNMOYYIVANEQIG	425.363	1471	24.512	857316108766049975	857316108766049974	32229	
3	SPECTRUM	true	0		2	-1 eV	0.63356256	6	2	-1 eV (corrected -1 eV)	[M + H]+	345.336	N/A	CCCCCCCCCCCCCCCCCCOCC(CO)O	splash10-0a6r-9000000000-dd2f1df268de285d411a	Batilol	public_spectra_2506:(CCMSLIB00003139861)	OGBUMNBNEWYMNJ	425.363	1479	24.658	857316108812187323	857316108812187322	32314	
1	SPECTRUM	true	5		2	-1 eV	0.6360241	8	2	-1 eV (corrected -1 eV)	[M + Na]+	493.350	N/A	CCCCCCCC(=O)OCC(COC(=O)CCCCCCC)OC(=O)CCCCCCC	splash10-0a6r-8902100000-60b08b5f240814040228	Caprylin	public_spectra_2506:(CCMSLIB00003137984)	VLPFTAMPNXLGLX	516.426	1488	24.797	857316108849936063	857316108849936062	32437	
1	SPECTRUM	true	1		2	-1 eV	0.86172074	13	2	-1 eV (corrected -1 eV)	[M - H2O + H]+	267.268	Orbitrap (LCMS)	CCCCCCCCCCCCCCCCCC(=O)O	splash10-0awa-9000000000-d2578078d679088f9993	Stearate	public_spectra_2506:(CCMSLIB00006708775)	QIQXTHQIDYTFRH	355.284	1488	24.807	857316108925433543	857316108925433542	32460	
1	SPECTRUM	true	-1		2		0.56368214	6	2	-1 eV (corrected -1 eV)	[M + H]+	173.103	Orbitrap (LCMS)	C(CCN=[N+]=[N-])CC(C(=O)O)N	splash10-05fr-9000000000-7b63bc0171571d320b98	L-Azidonorleucine	public_spectra_2506:(BRUNGS_MCEBIO_07333)	HTFFMYRVHHNNBE	153.113	1564	26.072	857316109000931023	857316109000931022	33766	
1	SPECTRUM	true	-1		2		0.67081136	7	2	-1 eV (corrected -1 eV)	[M + H]+	280.181	Orbitrap (LCMS)	CC1=CC2=C(C=C1)N3CCN(C4C3=C2CCC4)CCC#N	splash10-001i-0190000000-393176a28809ec7b016b	Oprea1_381778	public_spectra_2506:(CCMSLIB00006687452)	HWJBOELNKXRKJA	151.098	1566	26.093	857316109042874067	857316109042874066	33789	
1	SPECTRUM	true	-1		2		0.7731749	18	2	-1 eV (corrected -1 eV)	[M + H]+	757.255	FTICR (LCMS)	CC1C(C(C(C(O1)OC2C(C(OC(C2OC(=O)C=CC3=CC(=C(C=C3)O)O)CO)OCCC4=CC(=C(C=C4)O)O)O)OC5C(C(C(CO5)O)O)O)O)O	null-null-null-null	Phlinoside B	public_spectra_2506:(CCMSLIB00004713166)	UDHCHDJLZGYDDM	519.139	1572	26.199	857316109089011415	857316109084817110	33890	
1	SPECTRUM	true	3		2	-1 eV	0.7640259	17	2	-1 eV (corrected -1 eV)	[M + H]+	757.255	FTICR (LCMS)	CC1C(C(C(C(O1)OC2C(C(OC(C2OC(=O)C=CC3=CC(=C(C=C3)O)O)CO)OCCC4=CC(=C(C=C4)O)O)O)OC5C(C(C(CO5)O)O)O)O)O	null-null-null-null	Phlinoside B	public_spectra_2506:(CCMSLIB00004713166)	UDHCHDJLZGYDDM	536.166	1572	26.199	857316109130954459	857316109126760154	33970	
2	SPECTRUM	true	0		2	-1 eV	0.76039284	17	2	-1 eV (corrected -1 eV)	[M + H3N + H]+	628.187	Bruker Q-ToF (LCMS)	C1=CC(=C(C=C1C2=CC(=O)C3=C(C=C(C=C3O2)O)O)OC4C(C(C(C(O4)CO)O)O)O)OC5C(C(C(C(O5)CO)O)O)O	splash10-0adj-0196100000-64cd523d5ecce5fc4be8	Luteolin 3'',4''-diglucoside	public_spectra_2506:(CCMSLIB00000847749)	XKAYFELZCPZDEK	850.249	1577	26.290	857316109172897503	857316109172897502	34013	
1	SPECTRUM	true	0		2	-1 eV	0.58473605	9	2	21 eV	[M + H]+	141.114	Orbitrap (LCMS)	C1N2CN3CN1CN(C2)C3	splash10-000f-9200000000-476c1d0b1020e906fff8	Ammoform	public_spectra_2506:(MSBNK-Eawag-EQ374605)	VKYKSIONXSXAKP	153.113	1653	27.548	857316109470693107	857316109466498802	35455	
1	SPECTRUM	true	0		2	-1 eV	0.42937577	6	2	-1 eV (corrected -1 eV)	[M + Na]+	588.364	Orbitrap (LCMS)	CCCCCCCCCC(=O)OCC(COP(=O)(O)OCC[N+](C)(C)C)OC(=O)CCCCCCCCC	splash10-000b-7901210000-1c8e7cedfbc27d0279a2	1,2-Didecanoyl PC	public_spectra_2506:(CCMSLIB00005464574)	MLKLDGSYMHFAOC	476.786	1664	27.727	857316109600716543	857316109600716542	35624	
1	SPECTRUM	true	9		2	-1 eV	0.38306728	8	2	-1 eV (corrected -1 eV)	[M + Na]+	588.364	Orbitrap (LCMS)	CCCCCCCCCC(=O)OCC(COP(=O)(O)OCC[N+](C)(C)C)OC(=O)CCCCCCCCC	splash10-000b-7901210000-1c8e7cedfbc27d0279a2	1,2-Didecanoyl PC	public_spectra_2506:(CCMSLIB00005464574)	MLKLDGSYMHFAOC	872.645	1666	27.761	857316109680408327	857316109680408326	35681	
1	SPECTRUM	true	18		2	-1 eV	0.37071815	7	2	-1 eV (corrected -1 eV)	[M + H]+	230.175	Orbitrap (LCMS)	CCCCCCCCCC(=O)NCC(=O)O	splash10-056r-9200000000-026a62b9de47585bf1d5	Decanoylglycine	public_spectra_2506:(CCMSLIB00012471857)	WRRYZYASRAUROW	872.644	1671	27.852	857316109764294415	857316109764294414	35861	
3	SPECTRUM	true	0		2	-1 eV	0.36676577	8	2	-1 eV (corrected -1 eV)	[M + Na]+	588.364	Orbitrap (LCMS)	CCCCCCCCCC(=O)OCC(COP(=O)(O)OCC[N+](C)(C)C)OC(=O)CCCCCCCCC	splash10-000b-7901210000-1c8e7cedfbc27d0279a2	1,2-Didecanoyl PC	public_spectra_2506:(CCMSLIB00005464574)	MLKLDGSYMHFAOC	872.644	1677	27.946	857316109877540635	857316109877540634	35981	
1	SPECTRUM	true	-1		2		0.5083433	6	2	-1 eV (corrected -1 eV)	[M + H]+	173.103	Orbitrap (LCMS)	C(CCN=[N+]=[N-])CC(C(=O)O)N	splash10-05fr-9000000000-7b63bc0171571d320b98	L-Azidonorleucine	public_spectra_2506:(BRUNGS_MCEBIO_07333)	HTFFMYRVHHNNBE	153.113	1679	27.985	857316109961426723	857316109961426722	35968	
1	SPECTRUM	true	2		2	-1 eV	0.8191882	9	2	20 eV	[M + H]+	126.066	Q-ToF (LCMS)	CC1=C(NC(=O)N=C1)N	splash10-0a59-9300000000-21c922ced5f30185c868	5-Methylcytosine	public_spectra_2506:(MSBNK-Antwerp_Univ-METOX_P200101_EF88)	LRSASMSXMSNRBT	124.089	1718	28.626	857316110095644463	857316110095644462	36809	
1	SPECTRUM	true	5		2	-1 eV	0.35449484	7	2	-1 eV (corrected -1 eV)	[M + Na]+	588.364	Orbitrap (LCMS)	CCCCCCCCCC(=O)OCC(COP(=O)(O)OCC[N+](C)(C)C)OC(=O)CCCCCCCCC	splash10-000b-7901210000-1c8e7cedfbc27d0279a2	1,2-Didecanoyl PC	public_spectra_2506:(CCMSLIB00005464574)	MLKLDGSYMHFAOC	872.644	1752	29.208	857316110171141943	857316110166947638	37539	
2	SPECTRUM	true	2		2	-1 eV	0.37646723	6	2	-1 eV (corrected -1 eV)	[M + Na]+	588.364	Orbitrap (LCMS)	CCCCCCCCCC(=O)OCC(COP(=O)(O)OCC[N+](C)(C)C)OC(=O)CCCCCCCCC	splash10-000b-7901210000-1c8e7cedfbc27d0279a2	1,2-Didecanoyl PC	public_spectra_2506:(CCMSLIB00005464574)	MLKLDGSYMHFAOC	900.676	1754	29.235	857316110208890683	857316110204696378	37551	
1	SPECTRUM	true	0		2	-1 eV	0.47703522	6	2	-1 eV (corrected -1 eV)	[M + H]+	258.206	Orbitrap (LCMS)	CCCCCCCCCC(=O)NCCCC(=O)O	splash10-000i-9200000000-670808c2353973ce2b16	Butanoic acid, 4-[(1-oxodecyl)amino]-	public_spectra_2506:(CCMSLIB00012471905)	BARYBGIAWGGBOE	855.618	1758	29.297	857316110246639423	857316110246639422	37646	
1	SPECTRUM	true	8		2	-1 eV	0.374698	7	2	-1 eV (corrected -1 eV)	[M + H]+	230.175	Orbitrap (LCMS)	CCCCCCCCCC(=O)NCC(=O)O	splash10-056r-9200000000-026a62b9de47585bf1d5	Decanoylglycine	public_spectra_2506:(CCMSLIB00012471857)	WRRYZYASRAUROW	872.645	1759	29.313	857316110326331207	857316110326331206	37675	
