formulaRank	molecularFormula	adduct	precursorFormula	NPC#pathway	NPC#pathway Probability	NPC#superclass	NPC#superclass Probability	NPC#class	NPC#class Probability	ClassyFire#superclass	ClassyFire#superclass probability	ClassyFire#class	ClassyFire#class Probability	ClassyFire#subclass	ClassyFire#subclass Probability	ClassyFire#level 5	ClassyFire#level 5 Probability	ClassyFire#most specific class	ClassyFire#most specific class Probability	ClassyFire#all classifications	ionMass	retentionTimeInSeconds	retentionTimeInMinutes	formulaId	alignedFeatureId	compoundId	mappingFeatureId	overallFeatureQuality
1	CH6N2O5S	[M + H]+	CH7N2O5S+	Fatty acids	0.424	Small peptides	0.221	Aminoacids	0.329	Organic acids and derivatives	0.994	Organic sulfonic acids and derivatives	0.644	Organosulfonic acids and derivatives	0.633	Alkanesulfonic acids and derivatives	0.650	Alkanesulfonic acids	0.616	Organic compounds; Organosulfur compounds; Organic acids and derivatives; Organosulfonic acids and derivatives; Organooxygen compounds; Sulfonyls; Alkanesulfonic acids and derivatives; Alkanesulfonic acids; Organic oxides; Hydrocarbon derivatives; Organic sulfonic acids and derivatives; Organic oxygen compounds; Organic nitrogen compounds; Chemical entities	159.006	45	0.751	857337204435823791	857336421524195804	857336421490641371	119	
1	C2H4N2O4S	[M + H]+	C2H5N2O4S+	Alkaloids	0.314	Histidine alkaloids	0.308	Imidazole alkaloids	0.310	Organic acids and derivatives	0.935	Carboxylic acids and derivatives	0.888	Carboxylic acids	0.706			Carboxylic acids	0.706	Organic compounds; Organoheterocyclic compounds; Organic acids and derivatives; Carboxylic acids and derivatives; Organonitrogen compounds; Organooxygen compounds; Monocarboxylic acids and derivatives; Carboxylic acids; Carbonyl compounds; Organic oxides; Hydrocarbon derivatives; Organic oxygen compounds; Organic nitrogen compounds; Chemical entities	152.998	45	0.754	857337220067994972	857336421788436960	857336421775854047	200	
1	C4H5N3O3S	[M + H]+	C4H6N3O3S+	Alkaloids	0.443	Histidine alkaloids	0.420	Imidazole alkaloids	0.425	Organic acids and derivatives	0.790	Carboxylic acids and derivatives	0.673	Carboxylic acids	0.566			Carboxylic acids	0.566	Organic compounds; Organoheterocyclic compounds; Organosulfur compounds; Organic acids and derivatives; Carboxylic acids and derivatives; Organonitrogen compounds; Organooxygen compounds; Monocarboxylic acids and derivatives; Carboxylic acids; Carbonyl compounds; Organic oxides; Azacyclic compounds; Hydrocarbon derivatives; Organopnictogen compounds; Organic oxygen compounds; Organic nitrogen compounds; Chemical entities	176.013	45	0.756	857337202389003421	857336422186895848	857336422182701543	230	
1	CH2N2O2S	[M + H]+	CH3N2O2S+	Amino acids and Peptides	0.432	Histidine alkaloids	0.564	Imidazole alkaloids	0.564	Organoheterocyclic compounds	0.939	Azoles	0.591					Azoles	0.591	Organic compounds; Organoheterocyclic compounds; Organic acids and derivatives; Carboxylic acids and derivatives; Organonitrogen compounds; Organooxygen compounds; Azoles; Monocarboxylic acids and derivatives; Carboxylic acids; Organic oxides; Azacyclic compounds; Heteroaromatic compounds; Hydrocarbon derivatives; Organic oxygen compounds; Organic nitrogen compounds; Chemical entities	106.992	45	0.757	857337201592085631	857336422358862316	857336422354668011	139	
1	C3H7BFO3	[M + Na]+	C3H7BFNaO3+	Fatty acids	0.390	Fatty Acids and Conjugates	0.505	Halogenated fatty acids	0.919	Organic acids and derivatives	0.832	Boronic acid derivatives	0.658	Boronic acids	0.563			Boronic acids	0.563	Organic compounds; Organic acids and derivatives; Organooxygen compounds; Boronic acids; Organometallic compounds; Boronic acid derivatives; Organometalloid compounds; Organoboron compounds; Organic salts; Organic metalloid salts; Organic metal salts; Hydrocarbon derivatives; Organic oxygen compounds; Chemical entities	143.040	46	0.759	857337208936312031	857336422522440176	857336422518245871	206	
1	C2H2F2O3	[M + Na]+	C2H2F2NaO3+	Fatty acids	0.931	Fatty Acids and Conjugates	0.965	Halogenated fatty acids	0.988	Organic acids and derivatives	0.908	Carboxylic acids and derivatives	0.870	Alpha-halocarboxylic acids and derivatives	0.547	Alpha-halocarboxylic acids	0.593	Alpha-halocarboxylic acids	0.593	Organic compounds; Organic acids and derivatives; Carboxylic acids and derivatives; Organohalogen compounds; Organooxygen compounds; Alkyl fluorides; Monocarboxylic acids and derivatives; Carboxylic acids; Organofluorides; Alpha-halocarboxylic acids and derivatives; Carbonyl compounds; Alkyl halides; Alpha-halocarboxylic acids; Organic oxides; Hydrocarbon derivatives; Organic oxygen compounds; Chemical entities	134.987	46	0.761	857337196919630950	857336422677629428	857336422673435123	147	
1	H4N2O2S	[M + H]+	H5N2O2S+	Alkaloids	0.319	Small peptides	0.052	Aminoacids	0.045	Organic nitrogen compounds	0.994	Organonitrogen compounds	0.755					Organonitrogen compounds	0.755	Organic compounds; Organosulfur compounds; Organic acids and derivatives; Organonitrogen compounds; Organic oxides; Hydrocarbon derivatives; Organic oxygen compounds; Organic nitrogen compounds; Chemical entities	97.008	46	0.761	857337190670117951	857336422841207288	857336422837012983	169	
1	C2H5N3OS	[M + H]+	C2H6N3OS+	Alkaloids	0.444	Histidine alkaloids	0.489	Imidazole alkaloids	0.485	Organoheterocyclic compounds	0.986	Azoles	0.912	Thiadiazoles	0.747			Thiadiazoles	0.747	Organic compounds; Organoheterocyclic compounds; Thiadiazoles; Organic acids and derivatives; Carboxylic acids and derivatives; Organonitrogen compounds; Organooxygen compounds; Azoles; Carboxylic acid amides; Carboxylic acid derivatives; Acetamides; Organic oxides; Azacyclic compounds; Heteroaromatic compounds; Hydrocarbon derivatives; Organopnictogen compounds; Organic oxygen compounds; Organic nitrogen compounds; Chemical entities	120.024	46	0.768	857337219908611401	857336423164168704	857336423159974399	204	
1	C2H4Cl2O2	[M + H]+	C2H5Cl2O2+	Fatty acids	0.979	Fatty Acids and Conjugates	0.946	Halogenated fatty acids	0.976	Organic acids and derivatives	0.746	Carboxylic acids and derivatives	0.687	Carboxylic acids	0.676			Carboxylic acids	0.676	Organic compounds; Organic acids and derivatives; Carboxylic acids and derivatives; Organohalogen compounds; Organooxygen compounds; Monocarboxylic acids and derivatives; Carboxylic acids; Organochlorides; Carbonyl compounds; Alkyl halides; Organic oxides; Hydrocarbon derivatives; Organic oxygen compounds; Chemical entities	130.966	46	0.768	857337205853498575	857336423361300996	857336423357106691	381	
1	C4H3F2NO2	[M + Na]+	C4H3F2NNaO2+	Amino acids and Peptides	0.701	Small peptides	0.639	Aminoacids	0.750	Organohalogen compounds	0.999	Aryl halides	0.549	Aryl fluorides	0.804			Aryl fluorides	0.804	Organic compounds; Organic acids and derivatives; Carboxylic acids and derivatives; Organohalogen compounds; Organonitrogen compounds; Organooxygen compounds; Aryl fluorides; Monocarboxylic acids and derivatives; Carboxylic acids; Organofluorides; Carbonyl compounds; Aryl halides; Vinyl halides; Organic oxides; Hydrocarbon derivatives; Organopnictogen compounds; Organic oxygen compounds; Organic nitrogen compounds; Chemical entities	158.003	46	0.772	857337204641344698	857336423730399756	857336423722011147	208	
1	C3H3F2NO	[M + Na]+	C3H3F2NNaO+	Fatty acids	0.636	Fatty Acids and Conjugates	0.168	Halogenated fatty acids	0.844	Organohalogen compounds	0.997	Alkyl halides	0.859	Alkyl fluorides	0.857			Alkyl fluorides	0.857	Organic compounds; Organohalogen compounds; Organonitrogen compounds; Organooxygen compounds; Alkyl fluorides; Organofluorides; Alkyl halides; Organic oxides; Hydrocarbon derivatives; Organopnictogen compounds; Organic oxygen compounds; Organic nitrogen compounds; Chemical entities	130.008	46	0.773	857337208986643698	857336423906560528	857336423902366223	205	
1	C5N2O7	[M + Na]+	C5N2NaO7+	Alkaloids	0.888	Nicotinic acid alkaloids	0.139	Pyridine alkaloids	0.140	Organoheterocyclic compounds	0.955	Heteroaromatic compounds	0.664					Heteroaromatic compounds	0.664	Organic compounds; Organoheterocyclic compounds; Organic acids and derivatives; Carboxylic acids and derivatives; Organonitrogen compounds; Organooxygen compounds; Organic oxides; Azacyclic compounds; Heteroaromatic compounds; Hydrocarbon derivatives; Organopnictogen compounds; Organic oxygen compounds; Organic nitrogen compounds; Chemical entities	222.961	48	0.799	857337226242010529	857336424195967512	857336424191773207	232	
1	C7H4ClNO4S	[M + Na]+	C7H4ClNNaO4S+	Fatty acids	0.153	β-lactams	0.104	Cephalosporins	0.064	Organohalogen compounds	0.999	Aryl halides	0.918	Aryl chlorides	0.954			Aryl chlorides	0.954	Organic compounds; Organoheterocyclic compounds; Organic acids and derivatives; Carboxylic acids and derivatives; Organohalogen compounds; Organonitrogen compounds; Organooxygen compounds; Aryl chlorides; Carboxylic acids; Organochlorides; Aryl halides; Vinyl halides; Vinylogous halides; Organic oxides; Azacyclic compounds; Heteroaromatic compounds; Hydrocarbon derivatives; Organic oxygen compounds; Organic nitrogen compounds; Chemical entities	255.944	50	0.826	857337215672364336	857336425139685936	857336425127103023	398	
1	C3H2Cl2	[M + H3N + H]+	C3H6Cl2N+	Fatty acids	0.261	Fatty acyls	0.200	Halogenated fatty acids	0.192	Benzenoids	0.708	Benzene and substituted derivatives	0.631	Halobenzenes	0.637	Chlorobenzenes	0.596	Chlorobenzenes	0.596	Organic compounds; Halobenzenes; Organohalogen compounds; Aryl chlorides; Chlorobenzenes; Organochlorides; Benzene and substituted derivatives; Benzenoids; Aryl halides; Hydrocarbon derivatives; Chemical entities	125.986	50	0.829	857337218004397382	857336425517173304	857336425512978999	429	
1	CH7FN3O2S	[M + Na]+	CH7FN3NaO2S+	Alkaloids	0.161	Small peptides	0.059	Aminoacids	0.069	Organic nitrogen compounds	0.996	Organonitrogen compounds	0.778					Organonitrogen compounds	0.778	Organic compounds; Organic acids and derivatives; Organonitrogen compounds; Organic salts; Organic oxides; Hydrocarbon derivatives; Organopnictogen compounds; Organic oxygen compounds; Organic nitrogen compounds; Chemical entities	167.013	50	0.834	857337242809511468	857336426452503116	857336426448308811	428	
1	C6H12N2	[M + H]+	C6H13N2+	Alkaloids	0.906	Lysine alkaloids	0.139	Polyamines	0.206	Organoheterocyclic compounds	0.982	Diazinanes	0.902	Piperazines	0.910	N-alkylpiperazines	0.814	N-alkylpiperazines	0.814	Organic compounds; Organoheterocyclic compounds; Piperazines; Organonitrogen compounds; Dialkylamines; Trialkylamines; Diazinanes; Amines; Secondary amines; Tertiary amines; N-alkylpiperazines; Azacyclic compounds; Hydrocarbon derivatives; Organopnictogen compounds; Organic nitrogen compounds; Chemical entities	113.107	52	0.864	857337201944407196	857336426855156312	857336426850962007	583	
1	C6H12O2Si	[M + K]+	C6H12KO2Si+	Fatty acids	0.945	Fatty Acids and Conjugates	0.785	Halogenated fatty acids	0.869	Organic oxygen compounds	0.990	Organooxygen compounds	0.956	Carbonyl compounds	0.681			Carbonyl compounds	0.681	Organic compounds; Organooxygen compounds; Carbonyl compounds; Organic oxides; Hydrocarbon derivatives; Organic oxygen compounds; Chemical entities	183.024	53	0.880	857337201805995154	857336426964208220	857336426960013915	621	
1	C4H8N2O4S	[M + H]+	C4H9N2O4S+	Amino acids and Peptides	0.619	Small peptides	0.451	Aminoacids	0.468	Organic acids and derivatives	0.986	Organic sulfonic acids and derivatives	0.599	Organosulfonic acids and derivatives	0.585			Organosulfonic acids and derivatives	0.585	Organic compounds; Organosulfur compounds; Organic acids and derivatives; Organosulfonic acids and derivatives; Organonitrogen compounds; Organooxygen compounds; Sulfonyls; Organic oxides; Hydrocarbon derivatives; Organic sulfonic acids and derivatives; Organopnictogen compounds; Organic oxygen compounds; Organic nitrogen compounds; Chemical entities	181.026	53	0.880	857337198073064565	857336427098425952	857336427098425951	631	
1	CH4N2O5P2	[M + H]+	CH5N2O5P2+	Alkaloids	0.227	Pseudoalkaloids (transamidation)	0.205	Polyamines	0.033	Organic acids and derivatives	0.726	Organic phosphonic acids and derivatives	0.747	Organic phosphonic acids	0.693			Organic phosphonic acids	0.693	Organic compounds; Organic acids and derivatives; Organonitrogen compounds; Organophosphorus compounds; Organic phosphonic acids and derivatives; Organic nitro compounds; Organic phosphonic acids; Organic 1,3-dipolar compounds; Allyl-type 1,3-dipolar organic compounds; Organic oxides; Hydrocarbon derivatives; Organopnictogen compounds; Organic oxygen compounds; Organic nitrogen compounds; Chemical entities	186.966	54	0.900	857337228934753758	857336427480107624	857336427475913319	697	
1	CH6N2O4S2	[M + H]+	CH7N2O4S2+	Fatty acids	0.279	Fatty acyls	0.037	Polyamines	0.063	Organic acids and derivatives	0.976	Organic sulfonic acids and derivatives	0.904	Organosulfonic acids and derivatives	0.902			Organosulfonic acids and derivatives	0.902	Organic compounds; Organosulfur compounds; Organic acids and derivatives; Organosulfonic acids and derivatives; Sulfonyls; Organic oxides; Hydrocarbon derivatives; Organic sulfonic acids and derivatives; Organic oxygen compounds; Organic nitrogen compounds; Chemical entities	174.985	54	0.905	857337240422952472	857336427584965228	857336427584965227	733	
1	C2H4N2O4S2	[M + H]+	C2H5N2O4S2+	Fatty acids	0.240	Fatty Acids and Conjugates	0.365	Imidazole alkaloids	0.253	Organic acids and derivatives	0.953	Carboxylic acids and derivatives	0.742	Carboxylic acids	0.671			Carboxylic acids	0.671	Organic compounds; Organosulfur compounds; Organic acids and derivatives; Carboxylic acids and derivatives; Organonitrogen compounds; Organooxygen compounds; Monocarboxylic acids and derivatives; Carboxylic acids; Carbonyl compounds; Organic oxides; Hydrocarbon derivatives; Organic oxygen compounds; Organic nitrogen compounds; Chemical entities	184.969	55	0.909	857337227324140999	857336427694017136	857336427689822831	699	
1	C4H5F2NO3S	[M + Na]+	C4H5F2NNaO3S+	Amino acids and Peptides	0.883	Small peptides	0.782	Aminoacids	0.708	Organohalogen compounds	0.997	Aryl halides	0.414	Aryl fluorides	0.597			Aryl fluorides	0.597	Organic compounds; Organosulfur compounds; Organic acids and derivatives; Organohalogen compounds; Organonitrogen compounds; Monoalkylamines; Aryl fluorides; Sulfonyls; Organofluorides; Primary amines; Organic oxides; Hydrocarbon derivatives; Organopnictogen compounds; Organic oxygen compounds; Organic nitrogen compounds; Chemical entities	207.985	55	0.913	857337225977769360	857336427798874740	857336427794680435	701	
1	C5H13NO	[M + H]+	C5H14NO+	Fatty acids	0.770	Fatty amides	0.032	Sphingoid bases	0.201	Organic nitrogen compounds	1.000	Organonitrogen compounds	1.000	Quaternary ammonium salts	0.772			Quaternary ammonium salts	0.772	Organic compounds; Alcohols and polyols; Organonitrogen compounds; Primary alcohols; Organooxygen compounds; Quaternary ammonium salts; Amines; Alkanolamines; Organic cations; Hydrocarbon derivatives; Organopnictogen compounds; Organic oxygen compounds; Organic nitrogen compounds; Chemical entities	104.107	55	0.916	857337188946258996	857336427895343736	857336427895343735	741	
1	C5H6FNO3Si	[M + Na]+	C5H6FNNaO3Si+	Fatty acids	0.797	Small peptides	0.720	Halogenated fatty acids	0.954	Organohalogen compounds	0.995	Aryl halides	0.283	Aryl fluorides	0.556			Aryl fluorides	0.556	Organic compounds; Organic acids and derivatives; Carboxylic acids and derivatives; Organohalogen compounds; Organonitrogen compounds; Organooxygen compounds; Aryl fluorides; Monocarboxylic acids and derivatives; Carboxylic acids; Organofluorides; Carbonyl compounds; Organic oxides; Hydrocarbon derivatives; Organopnictogen compounds; Organic oxygen compounds; Organic nitrogen compounds; Chemical entities	198.001	55	0.916	857337226632080821	857336428025367164	857336428025367163	735	
1	C3H5N5O	[M + H]+	C3H6N5O+	Alkaloids	0.855	Histidine alkaloids	0.462	Imidazole alkaloids	0.464	Organoheterocyclic compounds	1.000	Triazines	0.986	Aminotriazines	0.777			Aminotriazines	0.777	Organic compounds; Organoheterocyclic compounds; Triazines; Organonitrogen compounds; Organooxygen compounds; Aminotriazines; Triazinones; Amines; Primary amines; 1,3,5-triazines; Azacyclic compounds; Heteroaromatic compounds; Hydrocarbon derivatives; Organopnictogen compounds; Organic oxygen compounds; Organic nitrogen compounds; Chemical entities	128.057	56	0.927	857337214984498469	857336428130224768	857336428126030463	763	
1	C4H4O8S	[M + Na]+	C4H4NaO8S+	Fatty acids	0.920	Fatty Acids and Conjugates	0.924	Dicarboxylic acids	0.502	Organic acids and derivatives	1.000	Carboxylic acids and derivatives	0.993	Dicarboxylic acids and derivatives	0.578			Dicarboxylic acids and derivatives	0.578	Organic compounds; Organosulfur compounds; Organic acids and derivatives; Carboxylic acids and derivatives; Organosulfonic acids and derivatives; Organooxygen compounds; Dicarboxylic acids and derivatives; Sulfonyls; Carboxylic acids; Carbonyl compounds; Acylsulfonic acids; Organic oxides; Hydrocarbon derivatives; Organic sulfonic acids and derivatives; Organic oxygen compounds; Chemical entities	234.952	56	0.931	857337217996008763	857336428239276676	857336428235082371	999	
1	C10H14FN3O	[M + H]+	C10H15FN3O+	Alkaloids	0.278	Small peptides	0.081	Tripeptides	0.007	Benzenoids	0.995	Benzene and substituted derivatives	0.984	N-phenylureas	0.661			N-phenylureas	0.661	Organic compounds; Halobenzenes; Organic acids and derivatives; Carboxylic acids and derivatives; Organohalogen compounds; Organonitrogen compounds; Anilides; Organooxygen compounds; Organic carbonic acids and derivatives; Carboxylic acid amides; Ureas; Aryl fluorides; Carboxylic acid derivatives; Fluorobenzenes; Organofluorides; Secondary carboxylic acid amides; Carbonyl compounds; N-phenylureas; Benzene and substituted derivatives; Benzenoids; Aryl halides; Organic oxides; Hydrocarbon derivatives; Organopnictogen compounds; Organic oxygen compounds; Organic nitrogen compounds; Chemical entities	212.118	56	0.937	857337227596770769	857336428344134280	857336428339939975	843	
1	C7H15FN2O2	[M + H]+	C7H16FN2O2+	Alkaloids	0.874	Nicotinic acid alkaloids	0.578	Pyridine alkaloids	0.581	Organoheterocyclic compounds	0.968	Pyridines and derivatives	0.809					Pyridines and derivatives	0.809	Organic compounds; Organoheterocyclic compounds; Pyridines and derivatives; Organohalogen compounds; Organonitrogen compounds; Organooxygen compounds; Alkyl fluorides; Organofluorides; Amines; Alkyl halides; Azacyclic compounds; Heteroaromatic compounds; Hydrocarbon derivatives; Organopnictogen compounds; Organic oxygen compounds; Organic nitrogen compounds; Chemical entities	179.118	56	0.939	857337220311264622	857336428444797580	857336428440603275	867	
1	C7H15FN2O	[M + H]+	C7H16FN2O+	Alkaloids	0.973	Nicotinic acid alkaloids	0.712	Pyridine alkaloids	0.714	Organic nitrogen compounds	1.000	Organonitrogen compounds	1.000	Amines	0.949	Aralkylamines	0.674	Aralkylamines	0.674	Organic compounds; Organoheterocyclic compounds; Pyridines and derivatives; Organohalogen compounds; Organonitrogen compounds; Organooxygen compounds; Alkyl fluorides; Organofluorides; Dialkylamines; Amines; Secondary amines; Alkyl halides; Aralkylamines; Azacyclic compounds; Heteroaromatic compounds; Hydrocarbon derivatives; Organopnictogen compounds; Organic oxygen compounds; Organic nitrogen compounds; Chemical entities	163.123	57	0.942	857337211478060302	857336428541266576	857336428537072271	862	
1	C6H9O2	[M + H]+	C6H10O2+	Fatty acids	0.682	Monoterpenoids	0.234	Acyclic monoterpenoids	0.107	Organic oxygen compounds	0.996	Organooxygen compounds	0.993	Carbonyl compounds	0.711			Carbonyl compounds	0.711	Organic compounds; Organooxygen compounds; Carbonyl compounds; Organic oxides; Hydrocarbon derivatives; Organic oxygen compounds; Chemical entities	114.066	57	0.945	857337207170510042	857336428637735572	857336428633541267	864	
1	C7H7AsO3	[M + Na]+	C7H7AsNaO3+	Fatty acids	0.420	Fatty Acids and Conjugates	0.138	Halogenated fatty acids	0.266	Organometallic compounds	0.999	Organometalloid compounds	0.999	Organoarsenic compounds	0.999	Pentavalent organic arsenic compounds	0.554	Pentaorganoarsanes	0.554	Organic compounds; Organic acids and derivatives; Organooxygen compounds; Organoarsenic compounds; Organometallic compounds; Organometalloid compounds; Organic salts; Organic oxides; Organic metalloid salts; Organic metal salts; Pentavalent organic arsenic compounds; Hydrocarbon derivatives; Pentaorganoarsanes; Oxygen-containing organoarsenic compounds; Organic oxygen compounds; Chemical entities	236.949	57	0.948	857337244101357135	857336428742593176	857336428738398871	1101	
1	C6H15N	[M + H]+	C6H16N+	Fatty acids	0.588	Fatty acyls	0.297	Polyamines	0.136	Organic nitrogen compounds	1.000	Organonitrogen compounds	1.000	Amines	0.995	Tertiary amines	0.929	Trialkylamines	0.929	Organic compounds; Organonitrogen compounds; Trialkylamines; Amines; Tertiary amines; Organic cations; Hydrocarbon derivatives; Organopnictogen compounds; Organic nitrogen compounds; Chemical entities	102.128	57	0.950	857337227319946694	857336428839062172	857336428834867867	898	
1	C11H23NO2	[M + H]+	C11H24NO2+	Alkaloids	0.604	Lysine alkaloids	0.731	Piperidine alkaloids	0.768	Organoheterocyclic compounds	0.780	Piperidines	0.783					Piperidines	0.783	Organic compounds; Organoheterocyclic compounds; Alcohols and polyols; Piperidines; Organonitrogen compounds; Organooxygen compounds; 1,2-aminoalcohols; Dialkylamines; Amines; Secondary amines; Alkanolamines; Azacyclic compounds; Hydrocarbon derivatives; Organopnictogen compounds; Organic oxygen compounds; Organic nitrogen compounds; Chemical entities	202.180	57	0.951	857337212606328084	857336428931336864	857336428927142559	1124	
1	C12H23N	[M + H]+	C12H24N+	Alkaloids	0.649	Pseudoalkaloids (transamidation)	0.200	Acetate-derived alkaloids	0.185	Organic nitrogen compounds	1.000	Organonitrogen compounds	1.000	Cyclohexylamines	0.895			Cyclohexylamines	0.895	Organic compounds; Organonitrogen compounds; Dialkylamines; Amines; Secondary amines; Cyclohexylamines; Hydrocarbon derivatives; Organopnictogen compounds; Organic nitrogen compounds; Chemical entities	182.190	57	0.953	857337225747082638	857336429254298284	857336429250103979	1068	
1	C5H7FO2S	[M + Na]+	C5H7FNaO2S+	Fatty acids	0.915	Fatty acyls	0.413	Halogenated fatty acids	0.373	Organosulfur compounds	0.989	Sulfonyls	0.920	Sulfones	0.859			Sulfones	0.859	Organic compounds; Organosulfur compounds; Organohalogen compounds; Sulfones; Sulfonyls; Organofluorides; Organic oxides; Hydrocarbon derivatives; Organic oxygen compounds; Chemical entities	173.005	57	0.956	857337243430268485	857336429346572976	857336429342378671	1106	
1	C7H13FN2O2	[M + H]+	C7H14FN2O2+	Alkaloids	0.527	Small peptides	0.351	Aminoacids	0.316	Organic acids and derivatives	0.841	Carboxylic acids and derivatives	0.795	Amino acids, peptides, and analogues	0.613	Amino acids and derivatives	0.613	Amino acids and derivatives	0.613	Organic compounds; Organoheterocyclic compounds; Amino acids, peptides, and analogues; Organic acids and derivatives; Carboxylic acids and derivatives; Organohalogen compounds; Organonitrogen compounds; Organooxygen compounds; Amino acids and derivatives; Carboxylic acid amides; Alkyl fluorides; Carboxylic acid derivatives; Organofluorides; Carbonyl compounds; Amines; Alkyl halides; Organic oxides; Azacyclic compounds; Hydrocarbon derivatives; Organopnictogen compounds; Organic oxygen compounds; Organic nitrogen compounds; Chemical entities	177.102	57	0.956	857337250296344154	857336429451430580	857336429447236275	1118	
1	C12H27N	[M + H]+	C12H28N+	Fatty acids	0.558	Fatty acyls	0.389	Polyamines	0.183	Organic nitrogen compounds	1.000	Organonitrogen compounds	1.000	Amines	0.982	Tertiary amines	0.904	Trialkylamines	0.877	Organic compounds; Organonitrogen compounds; Trialkylamines; Amines; Tertiary amines; Hydrocarbon derivatives; Organopnictogen compounds; Organic nitrogen compounds; Chemical entities	186.222	58	0.963	857337234878082570	857336429543705272	857336429543705271	1229	
1	C7H15N3O3S	[M + Na]+	C7H15N3NaO3S+	Amino acids and Peptides	0.752	Histidine alkaloids	0.661	Imidazole alkaloids	0.660	Organic acids and derivatives	0.516	Carboxylic acids and derivatives	0.490	Carboxylic acids	0.532			Carboxylic acids	0.532	Organic compounds; Organoheterocyclic compounds; Organosulfur compounds; Organic acids and derivatives; Organonitrogen compounds; Organooxygen compounds; Thioethers; Carboxylic acids; Carbonyl compounds; Dialkylthioethers; Organic oxides; Azacyclic compounds; Hydrocarbon derivatives; Organopnictogen compounds; Organic oxygen compounds; Organic nitrogen compounds; Chemical entities	244.072	58	0.964	857337256822681189	857336429640174268	857336429635979963	1327	
1	C9H19NO	[M + H]+	C9H20NO+	Alkaloids	0.795	Pseudoalkaloids (transamidation)	0.544	Acetate-derived alkaloids	0.196	Organic nitrogen compounds	1.000	Organonitrogen compounds	1.000	Amines	0.972			Amines	0.972	Organic compounds; Organonitrogen compounds; Organooxygen compounds; Amines; Organic cations; Hydrocarbon derivatives; Organopnictogen compounds; Organic oxygen compounds; Organic nitrogen compounds; Chemical entities	158.154	58	0.965	857337235062631954	857336429740837568	857336429736643263	1033	
1	C10H14F2O2	[M - H2O + H]+	C10H13F2O+	Fatty acids	0.779	Fatty Acids and Conjugates	0.595	Halogenated fatty acids	0.753	Organohalogen compounds	0.997	Alkyl halides	0.945	Alkyl fluorides	0.908			Alkyl fluorides	0.908	Organic compounds; Organohalogen compounds; Organooxygen compounds; Alkyl fluorides; Organofluorides; Carbonyl compounds; Alkyl halides; Organic oxides; Hydrocarbon derivatives; Organic oxygen compounds; Chemical entities	187.094	58	0.970	857337242310389285	857336429925386952	857336429921192647	1313	
1	C6H13N	[M + H]+	C6H14N+	Alkaloids	0.958	Pseudoalkaloids (transamidation)	0.926	Acetate-derived alkaloids	0.980	Organic nitrogen compounds	1.000	Organonitrogen compounds	1.000	Amines	0.895			Amines	0.895	Organic compounds; Organonitrogen compounds; Amines; Hydrocarbon derivatives; Organopnictogen compounds; Organic nitrogen compounds; Chemical entities	100.112	58	0.973	857337243115695683	857336430026050252	857336430021855947	925	
1	C5H6NO3	[M + H]+	C5H7NO3+	Fatty acids	0.776	Fatty Acids and Conjugates	0.563	Halogenated fatty acids	0.288	Organic acids and derivatives	0.741	Carboxylic acids and derivatives	0.751	Carboxylic acids	0.616			Carboxylic acids	0.616	Organic compounds; Organic acids and derivatives; Carboxylic acids and derivatives; Organonitrogen compounds; Organooxygen compounds; Monocarboxylic acids and derivatives; Carboxylic acids; Carbonyl compounds; Organic oxides; Hydrocarbon derivatives; Organopnictogen compounds; Organic oxygen compounds; Organic nitrogen compounds; Chemical entities	129.041	59	0.987	857337295674519197	857336430227376852	857336430223182547	1420	
1	C5H7Br	[M + H]+	C5H8Br+	Fatty acids	0.925	Fatty acyls	0.602	Halogenated fatty acids	0.610	Organohalogen compounds	0.981	Alkyl halides	0.592	Alkyl bromides	0.533			Alkyl bromides	0.533	Organic compounds; Organohalogen compounds; Alkyl bromides; Organobromides; Alkyl halides; Hydrocarbon derivatives; Chemical entities	146.981	59	0.988	857337269971824248	857336430353205976	857336430349011671	1246	
1	C2H10N4	[M + K]+	C2H10KN4+	Alkaloids	0.616	Fatty acyls	0.388	Polyamines	0.417	Organic nitrogen compounds	0.999	Organonitrogen compounds	0.984					Organonitrogen compounds	0.984	Organic compounds; Organonitrogen compounds; Hydrocarbon derivatives; Organic nitrogen compounds; Chemical entities	129.055	60	1.002	857337328750800547	857336430558726880	857336430554532575	1366	
1	C9H20O5	[M + H]+	C9H21O5+	Fatty acids	0.965	Fatty acyls	0.682	Fatty alcohols	0.623	Organic oxygen compounds	1.000	Organooxygen compounds	1.000	Ethers	0.992	Dialkyl ethers	0.989	Polyethylene glycols	0.583	Organic compounds; Alcohols and polyols; Ethers; Primary alcohols; Organooxygen compounds; Dialkyl ethers; Polyethylene glycols; Hydrocarbon derivatives; Organic oxygen compounds; Chemical entities	209.138	61	1.020	857337329161842351	857336430651001572	857336430646807267	1670	
1	C7H16O4	[M + H]+	C7H17O4+	Fatty acids	0.949	Fatty acyls	0.869	Fatty alcohols	0.929	Organic oxygen compounds	0.999	Organooxygen compounds	0.998	Alcohols and polyols	0.924	Secondary alcohols	0.517	Secondary alcohols	0.517	Organic compounds; Alcohols and polyols; Primary alcohols; Organooxygen compounds; Secondary alcohols; Polyols; Hydrocarbon derivatives; Organic oxygen compounds; Chemical entities	165.112	62	1.035	857337373885707740	857336430743276264	857336430739081959	1656	
1	C2H2IN2O2	[M + H]+	C2H3IN2O2+	Alkaloids	0.423	Histidine alkaloids	0.348	Halogenated fatty acids	0.447	Organoheterocyclic compounds	0.959	Heteroaromatic compounds	0.744					Heteroaromatic compounds	0.744	Organic compounds; Organoheterocyclic compounds; Organohalogen compounds; Organonitrogen compounds; Organooxygen compounds; Organoiodides; Organic oxides; Azacyclic compounds; Heteroaromatic compounds; Hydrocarbon derivatives; Organopnictogen compounds; Organic oxygen compounds; Organic nitrogen compounds; Chemical entities	213.923	63	1.047	857337379862590976	857336430898465516	857336430894271211	1768	
1	C2H6N2O6S2	[M + H]+	C2H7N2O6S2+	Amino acids and Peptides	0.629	Small peptides	0.390	Aminoacids	0.379	Organic acids and derivatives	0.996	Organic sulfonic acids and derivatives	0.662	Organosulfonic acids and derivatives	0.645	Alkanesulfonic acids and derivatives	0.480	Alkanesulfonic acids	0.502	Organic compounds; Organosulfur compounds; Organic acids and derivatives; Organosulfonic acids and derivatives; Organonitrogen compounds; Organooxygen compounds; Sulfonyls; Alkanesulfonic acids; Organic oxides; Hydrocarbon derivatives; Organic sulfonic acids and derivatives; Organopnictogen compounds; Organic oxygen compounds; Organic nitrogen compounds; Chemical entities	218.975	70	1.162	857337378302309867	857336431200455412	857336431196261107	2048	
1	C2H2IN2O2	[M + H]+	C2H3IN2O2+	Alkaloids	0.418	Histidine alkaloids	0.362	Halogenated fatty acids	0.471	Organoheterocyclic compounds	0.956	Heteroaromatic compounds	0.716					Heteroaromatic compounds	0.716	Organic compounds; Organoheterocyclic compounds; Organohalogen compounds; Organonitrogen compounds; Organooxygen compounds; Organoiodides; Organic oxides; Azacyclic compounds; Heteroaromatic compounds; Hydrocarbon derivatives; Organopnictogen compounds; Organic oxygen compounds; Organic nitrogen compounds; Chemical entities	213.923	81	1.348	857337397126346551	857336431653440260	857336431649245955	2190	
1	C2H3NO3Se	[M + H]+	C2H4NO3Se+	Amino acids and Peptides	0.475	Small peptides	0.492	Aminoacids	0.463	Organic acids and derivatives	0.918	Carboxylic acids and derivatives	0.873	Carboxylic acids	0.816			Carboxylic acids	0.816	Organic compounds; Organic acids and derivatives; Carboxylic acids and derivatives; Organonitrogen compounds; Organooxygen compounds; Organometallic compounds; Monocarboxylic acids and derivatives; Carboxylic acids; Organometalloid compounds; Carbonyl compounds; Organoselenium compounds; Organic oxides; Hydrocarbon derivatives; Organopnictogen compounds; Organic oxygen compounds; Organic nitrogen compounds; Chemical entities	163.940	82	1.363	857337399676483405	857336431745714952	857336431745714951	2195	
1	C9H19NO	[M + H]+	C9H20NO+	Alkaloids	0.813	Pseudoalkaloids (transamidation)	0.744	Quinolizidine alkaloids	0.292	Organic oxygen compounds	0.987	Organooxygen compounds	0.848	Alcohols and polyols	0.542			Alcohols and polyols	0.542	Organic compounds; Alcohols and polyols; Organonitrogen compounds; Organooxygen compounds; Amines; Hydrocarbon derivatives; Organopnictogen compounds; Organic oxygen compounds; Organic nitrogen compounds; Chemical entities	158.154	96	1.600	857337388146341632	857336431930264336	857336431926070031	2348	
1	C6H15NO	[M + H]+	C6H16NO+	Fatty acids	0.808	Pseudoalkaloids (transamidation)	0.075	Sphingoid bases	0.066	Organic oxygen compounds	0.995	Organooxygen compounds	0.990	Ethers	0.923	Dialkyl ethers	0.869	Dialkyl ethers	0.869	Organic compounds; Ethers; Organonitrogen compounds; Organooxygen compounds; Dialkyl ethers; Amines; Hydrocarbon derivatives; Organopnictogen compounds; Organic oxygen compounds; Organic nitrogen compounds; Chemical entities	118.123	103	1.713	857337384824452843	857336432018344724	857336432014150419	2407	
1	C7H13FN2O2	[M + H]+	C7H14FN2O2+	Amino acids and Peptides	0.955	Small peptides	0.984	Aminoacids	0.975	Organic acids and derivatives	0.921	Carboxylic acids and derivatives	0.891	Amino acids, peptides, and analogues	0.823	Amino acids and derivatives	0.823	Alpha amino acids and derivatives	0.530	Organic compounds; Amino acids, peptides, and analogues; Alpha amino acids and derivatives; Organic acids and derivatives; Carboxylic acids and derivatives; Organohalogen compounds; Organonitrogen compounds; Organooxygen compounds; Amino acids and derivatives; Monoalkylamines; Alkyl fluorides; Organofluorides; Carbonyl compounds; Amines; Primary amines; Alkyl halides; Organic oxides; Azacyclic compounds; Hydrocarbon derivatives; Organopnictogen compounds; Organic oxygen compounds; Organic nitrogen compounds; Chemical entities	177.102	118	1.971	857337391505979171	857336432119008024	857336432114813719	2517	
1	C6H13N	[M + H]+	C6H14N+	Alkaloids	0.963	Pseudoalkaloids (transamidation)	0.713	Acetate-derived alkaloids	0.876	Organic nitrogen compounds	1.000	Organonitrogen compounds	1.000	Amines	0.951	Tertiary amines	0.487	Trialkylamines	0.502	Organic compounds; Organonitrogen compounds; Dialkylamines; Trialkylamines; Amines; Hydrocarbon derivatives; Organopnictogen compounds; Organic nitrogen compounds; Chemical entities	100.112	169	2.817	857337388351862530	857336432207088412	857336432207088411	2883	
1	C8H8N2	[M + H]+	C8H9N2+	Alkaloids	0.982	Nicotinic acid alkaloids	0.755	Pyridine alkaloids	0.755	Organoheterocyclic compounds	0.984	Benzimidazoles	0.809					Benzimidazoles	0.809	Organic compounds; Organoheterocyclic compounds; Imidazoles; Organonitrogen compounds; Benzimidazoles; Azoles; Benzenoids; Azacyclic compounds; Heteroaromatic compounds; Hydrocarbon derivatives; Organopnictogen compounds; Organic nitrogen compounds; Chemical entities	133.076	239	3.978	857337389484324633	857336432567798572	857336432567798571	3190	
1	C12H17NO	[M + H]+	C12H18NO+	Alkaloids	0.975	Pseudoalkaloids (transamidation)	0.972	Phenylalanine-derived alkaloids	0.981	Organic oxygen compounds	0.999	Organooxygen compounds	0.994	Carbonyl compounds	0.811	Ketones	0.799	Alkyl-phenylketones	0.875	Organic compounds; Ketones; Alpha-amino ketones; Organonitrogen compounds; Benzoyl derivatives; Organooxygen compounds; Carbonyl compounds; Trialkylamines; Benzene and substituted derivatives; Benzenoids; Amines; Tertiary amines; Phenylpropanes; Aryl ketones; Aryl alkyl ketones; Organic oxides; Hydrocarbon derivatives; Phenylketones; Alkyl-phenylketones; Organopnictogen compounds; Organic oxygen compounds; Organic nitrogen compounds; Chemical entities	192.138	246	4.097	857337393548605230	857336432647490352	857336432643296047	3265	
1	C10H22O6	[M + H]+	C10H23O6+	Fatty acids	0.810	Fatty acyls	0.540	Fatty alcohols	0.427	Organic oxygen compounds	1.000	Organooxygen compounds	1.000	Ethers	0.991	Dialkyl ethers	0.992	Polyethylene glycols	0.980	Organic compounds; Alcohols and polyols; Ethers; Primary alcohols; Organooxygen compounds; Dialkyl ethers; Polyethylene glycols; Hydrocarbon derivatives; Organic oxygen compounds; Chemical entities	239.149	248	4.138	857337400276268891	857336432727182132	857336432722987827	3272	
1	C9H14N4O	[M + H]+	C9H15N4O+	Alkaloids	0.927	Histidine alkaloids	0.384	Imidazole alkaloids	0.381	Organoheterocyclic compounds	0.997	Azoles	0.859	Imidazoles	0.740	Substituted imidazoles	0.606	N-substituted imidazoles	0.510	Organic compounds; Organoheterocyclic compounds; Imidazoles; Organic acids and derivatives; Carboxylic acids and derivatives; Organonitrogen compounds; Organooxygen compounds; Azoles; Carboxylic acid amides; Carboxylic acid derivatives; Substituted imidazoles; N-substituted imidazoles; Amines; Organic oxides; Azacyclic compounds; Heteroaromatic compounds; Hydrocarbon derivatives; Organopnictogen compounds; Organic oxygen compounds; Organic nitrogen compounds; Chemical entities	195.123	250	4.158	857337406676776814	857336432815262520	857336432815262519	3304	
1	C12H23NO	[M + H]+	C12H24NO+	Fatty acids	0.474	Fatty amides	0.558	Primary amides	0.263	Organic nitrogen compounds	1.000	Organonitrogen compounds	1.000	Cyclohexylamines	0.714			Cyclohexylamines	0.714	Organic compounds; Organic acids and derivatives; Carboxylic acids and derivatives; Organonitrogen compounds; Organooxygen compounds; Carboxylic acid amides; Carboxylic acid derivatives; Secondary carboxylic acid amides; Carbonyl compounds; Dialkylamines; Amines; Secondary amines; Cyclohexylamines; Organic oxides; Hydrocarbon derivatives; Organopnictogen compounds; Organic oxygen compounds; Organic nitrogen compounds; Chemical entities	198.185	254	4.240	857337415363180407	857336433041754944	857336433037560639	3334	
1	C8H4O3	[M + H]+	C8H5O3+	Polyketides	0.810	Cyclic polyketides	0.856	Phthalide derivatives	0.732	Organoheterocyclic compounds	0.945	Benzofurans	0.915	Benzofuranones	0.958	Phthalic anhydrides	0.969	Phthalic anhydrides	0.969	Organic compounds; Organoheterocyclic compounds; Organic acids and derivatives; Carboxylic acids and derivatives; Benzofurans; Organooxygen compounds; Dicarboxylic acids and derivatives; Carboxylic acid derivatives; Phthalic anhydrides; Carboxylic acid anhydrides; Benzofuranones; Benzenoids; Isobenzofuranones; Organic oxides; Oxacyclic compounds; Hydrocarbon derivatives; Isocoumarans; Organic oxygen compounds; Chemical entities	149.023	256	4.264	857337423072311725	857336433155001156	857336433155001155	3364	
1	C13H25N5O4	[M + H]+	C13H26N5O4+	Carbohydrates	0.351	Nucleosides	0.483	Purine nucleosides	0.707	Organic acids and derivatives	0.839	Carboxylic acids and derivatives	0.827	Amino acids, peptides, and analogues	0.619	Amino acids and derivatives	0.620	Amino acids and derivatives	0.620	Organic compounds; Organoheterocyclic compounds; Amino acids, peptides, and analogues; Pyrimidines and pyrimidine derivatives; Imidazoles; Purines and purine derivatives; Organic acids and derivatives; Carboxylic acids and derivatives; Organonitrogen compounds; Organooxygen compounds; Amino acids and derivatives; Azoles; Monocarboxylic acids and derivatives; Aminopyrimidines and derivatives; Diazines; Imidazopyrimidines; Carbonyl compounds; Substituted imidazoles; N-substituted imidazoles; Amines; Primary amines; 6-aminopurines; Imidolactams; Organic oxides; Azacyclic compounds; Heteroaromatic compounds; Hydrocarbon derivatives; Organopnictogen compounds; Organic oxygen compounds; Organic nitrogen compounds; Chemical entities	316.197	259	4.313	857337426146736797	857336433385687884	857336433381493579	3413	
1	C12H23NO	[M + H]+	C12H24NO+	Fatty acids	0.480	Fatty amides	0.537	Primary amides	0.260	Organic nitrogen compounds	1.000	Organonitrogen compounds	1.000	Cyclohexylamines	0.707			Cyclohexylamines	0.707	Organic compounds; Organic acids and derivatives; Carboxylic acids and derivatives; Organonitrogen compounds; Organooxygen compounds; Carboxylic acid amides; Carboxylic acid derivatives; Secondary carboxylic acid amides; Carbonyl compounds; Dialkylamines; Amines; Secondary amines; Cyclohexylamines; Organic oxides; Hydrocarbon derivatives; Organopnictogen compounds; Organic oxygen compounds; Organic nitrogen compounds; Chemical entities	198.185	265	4.415	857337424406100591	857336433721232216	857336433717037911	3450	
1	C9H25N4O4	[M + H]+	C9H26N4O4+	Alkaloids	0.333	Histidine alkaloids	0.483	Imidazole alkaloids	0.488	Organic oxygen compounds	1.000	Organooxygen compounds	0.998	Ethers	0.989	Dialkyl ethers	0.990	Dialkyl ethers	0.990	Organic compounds; Ethers; Organonitrogen compounds; Organooxygen compounds; Dialkyl ethers; Amines; Primary amines; Hydrocarbon derivatives; Organopnictogen compounds; Organic oxygen compounds; Organic nitrogen compounds; Chemical entities	254.196	266	4.430	857337431926487955	857336433964501856	857336433964501855	3477	
1	C9H20O5	[M + H3N + H]+	C9H24NO5+	Fatty acids	0.939	Fatty acyls	0.642	Fatty alcohols	0.302	Organic oxygen compounds	1.000	Organooxygen compounds	1.000	Ethers	0.998	Dialkyl ethers	0.998	Polyethylene glycols	0.610	Organic compounds; Ethers; Organooxygen compounds; Dialkyl ethers; Polyethylene glycols; Hydrocarbon derivatives; Organic oxygen compounds; Chemical entities	226.165	266	4.433	857337430110354315	857336434086136676	857336434081942371	3474	
1	C9H20O5	[M + H]+	C9H21O5+	Fatty acids	0.908	Fatty acyls	0.669	Fatty alcohols	0.377	Organic oxygen compounds	1.000	Organooxygen compounds	1.000	Ethers	0.997	Dialkyl ethers	0.996	Polyethylene glycols	0.817	Organic compounds; Alcohols and polyols; Ethers; Primary alcohols; Organooxygen compounds; Dialkyl ethers; Polyethylene glycols; Hydrocarbon derivatives; Organic oxygen compounds; Chemical entities	209.138	266	4.438	857337436531834054	857336434211965800	857336434207771495	3481	
1	C6H12O3	[M + H]+	C6H13O3+	Fatty acids	0.852	Fatty Acids and Conjugates	0.325	Lactones	0.267	Organic oxygen compounds	1.000	Organooxygen compounds	0.999	Alcohols and polyols	0.789			Alcohols and polyols	0.789	Organic compounds; Alcohols and polyols; Organooxygen compounds; Hydrocarbon derivatives; Organic oxygen compounds; Chemical entities	133.086	267	4.444	857337435583921222	857336434329406316	857336434325212011	3483	
1	C12H26O7	[M + H]+	C12H27O7+	Fatty acids	0.827	Fatty acyls	0.617	Fatty alcohols	0.474	Organic oxygen compounds	1.000	Organooxygen compounds	1.000	Ethers	0.992	Dialkyl ethers	0.992	Polyethylene glycols	0.984	Organic compounds; Alcohols and polyols; Ethers; Primary alcohols; Organooxygen compounds; Dialkyl ethers; Polyethylene glycols; Hydrocarbon derivatives; Organic oxygen compounds; Chemical entities	283.175	270	4.507	857337445054659915	857336434430069616	857336434425875311	3534	
1	C15H29N5O5	[M + H]+	C15H30N5O5+	Carbohydrates	0.479	Small peptides	0.439	Purine nucleosides	0.198	Organoheterocyclic compounds	0.191	Azoles	0.358	Imidazoles	0.467	Substituted imidazoles	0.482	N-substituted imidazoles	0.514	Organic compounds; Organic acids and derivatives; Organonitrogen compounds; Organooxygen compounds; Monoalkylamines; Carbonyl compounds; N-substituted imidazoles; Amines; Primary amines; Organic oxides; Hydrocarbon derivatives; Organopnictogen compounds; Organic oxygen compounds; Organic nitrogen compounds; Chemical entities	360.223	274	4.573	857337547009833641	857336434660756344	857336434656562039	3603	
1	C8H18O4	[M + H]+	C8H19O4+	Fatty acids	0.989	Fatty acyls	0.821	Fatty alcohols	0.842	Organic oxygen compounds	0.999	Organooxygen compounds	0.999	Ethers	0.870	Dialkyl ethers	0.847	Dialkyl ethers	0.847	Organic compounds; Alcohols and polyols; Ethers; Primary alcohols; Organooxygen compounds; Dialkyl ethers; Hydrocarbon derivatives; Organic oxygen compounds; Chemical entities	179.128	278	4.639	857337547769002817	857336434769808252	857336434769808251	3619	
1	C11H21N5	[M + H]+	C11H22N5+	Alkaloids	0.932	Pseudoalkaloids (transamidation)	0.066	Tricyclic guanidine alkaloids	0.091	Organoheterocyclic compounds	0.874	Triazines	0.526	Aminotriazines	0.578	1,3,5-triazine-2,4-diamines	0.511	1,3,5-triazine-2,4-diamines	0.511	Organic compounds; Organoheterocyclic compounds; Triazines; Organonitrogen compounds; Aminotriazines; Amines; Tertiary amines; N-aliphatic s-triazines; 1,3,5-triazines; Azacyclic compounds; Heteroaromatic compounds; Hydrocarbon derivatives; Organopnictogen compounds; Organic nitrogen compounds; 1,3,5-triazine-2,4-diamines; Chemical entities	224.186	279	4.643	857337548704332615	857336434883054464	857336434883054463	3627	
1	C10H12O2	[M + H]+	C10H13O2+	Terpenoids	0.743	Monoterpenoids	0.472	Menthane monoterpenoids	0.164	Organic oxygen compounds	1.000	Organooxygen compounds	0.999	Carbonyl compounds	0.945	Ketones	0.529	Ketones	0.529	Organic compounds; Ketones; Organooxygen compounds; Carbonyl compounds; Organic oxides; Hydrocarbon derivatives; Organic oxygen compounds; Chemical entities	165.091	280	4.665	857337551564847959	857336435164072840	857336435164072839	3644	
1	C10H16O4	[M - H2O + H]+	C10H15O3+	Fatty acids	0.967	Fatty Acids and Conjugates	0.357	Macrolide lactones	0.423	Lipids and lipid-like molecules	0.569	Fatty Acyls	0.638					Fatty Acyls	0.638	Organic compounds; Lipids and lipid-like molecules; Organic acids and derivatives; Carboxylic acids and derivatives; Organooxygen compounds; Monocarboxylic acids and derivatives; Carboxylic acids; Carbonyl compounds; Fatty Acyls; Organic oxides; Hydrocarbon derivatives; Organic oxygen compounds; Chemical entities	183.102	280	4.668	857337601565145976	857336435310873484	857336435310873483	3672	
1	C13H22N4O3	[M + H3N + H]+	C13H26N5O3+	Alkaloids	0.370	Small peptides	0.566	Purine alkaloids	0.207	Organoheterocyclic compounds	0.873	Imidazopyrimidines	0.736	Purines and purine derivatives	0.808			Purines and purine derivatives	0.808	Organic compounds; Organoheterocyclic compounds; Imidazoles; Purines and purine derivatives; Organic acids and derivatives; Organonitrogen compounds; Organooxygen compounds; Organic carbonic acids and derivatives; Azoles; Monoalkylamines; Ureas; Imidazopyrimidines; Substituted imidazoles; N-substituted imidazoles; Amines; Primary amines; Organic oxides; Azacyclic compounds; Heteroaromatic compounds; Hydrocarbon derivatives; Organopnictogen compounds; Organic oxygen compounds; Organic nitrogen compounds; Chemical entities	300.202	281	4.680	857337594464189294	857336435432508304	857336435428313999	3697	
1	C12H26O7	[M + H]+	C12H27O7+	Fatty acids	0.844	Fatty acyls	0.599	Fatty alcohols	0.505	Organic oxygen compounds	1.000	Organooxygen compounds	1.000	Ethers	0.994	Dialkyl ethers	0.993	Polyethylene glycols	0.985	Organic compounds; Alcohols and polyols; Ethers; Primary alcohols; Organooxygen compounds; Dialkyl ethers; Polyethylene glycols; Hydrocarbon derivatives; Organic oxygen compounds; Chemical entities	283.175	282	4.692	857337673107389311	857336435528977300	857336435524782995	3696	
1	C15H29N5O3	[M + H]+	C15H30N5O3+	Carbohydrates	0.545	Nucleosides	0.347	Purine nucleosides	0.188	Organoheterocyclic compounds	0.924	Azoles	0.522	Imidazoles	0.582	Substituted imidazoles	0.544	N-substituted imidazoles	0.529	Organic compounds; Organoheterocyclic compounds; Imidazoles; Alcohols and polyols; Ethers; Organonitrogen compounds; Primary alcohols; Organooxygen compounds; Azoles; Monoalkylamines; Dialkyl ethers; Substituted imidazoles; N-substituted imidazoles; Amines; Primary amines; 1,3,5-triazines; Azacyclic compounds; Heteroaromatic compounds; Hydrocarbon derivatives; Organopnictogen compounds; Organic oxygen compounds; Organic nitrogen compounds; Chemical entities	328.233	282	4.694	857337695647579018	857336435642223512	857336435642223511	3699	
1	C15H27N5O4	[M + H]+	C15H28N5O4+	Carbohydrates	0.485	Pseudoalkaloids (transamidation)	0.249	Purine nucleosides	0.252	Organoheterocyclic compounds	0.693	Imidazopyrimidines	0.663	Purines and purine derivatives	0.636			Purines and purine derivatives	0.636	Organic compounds; Organoheterocyclic compounds; Imidazoles; Alcohols and polyols; Purines and purine derivatives; Organonitrogen compounds; Primary alcohols; Organooxygen compounds; Imidazopyrimidines; Substituted imidazoles; N-substituted imidazoles; Amines; Primary amines; Azacyclic compounds; Hydrocarbon derivatives; Organopnictogen compounds; Organic oxygen compounds; Organic nitrogen compounds; Chemical entities	342.212	285	4.750	857337833921201392	857336435747081116	857336435747081115	3735	
1	C17H33N5O4	[M + H]+	C17H34N5O4+	Carbohydrates	0.494	Nucleosides	0.400	Purine nucleosides	0.270	Organoheterocyclic compounds	0.976	Triazines	0.429	1,3,5-triazines	0.818			1,3,5-triazines	0.818	Organic compounds; Organoheterocyclic compounds; Imidazoles; Alcohols and polyols; Ethers; Organonitrogen compounds; Primary alcohols; Organooxygen compounds; Azoles; Dialkyl ethers; Amines; Primary amines; Tertiary amines; 1,3,5-triazines; Azacyclic compounds; Heteroaromatic compounds; Hydrocarbon derivatives; Organopnictogen compounds; Organic oxygen compounds; Organic nitrogen compounds; Chemical entities	372.259	291	4.843	857337851965101539	857336435868715936	857336435864521631	3746	
1	C14H30O8	[M + H]+	C14H31O8+	Fatty acids	0.804	Fatty acyls	0.616	Fatty alcohols	0.504	Organic oxygen compounds	1.000	Organooxygen compounds	1.000	Ethers	0.993	Dialkyl ethers	0.993	Polyethylene glycols	0.991	Organic compounds; Alcohols and polyols; Ethers; Primary alcohols; Organooxygen compounds; Dialkyl ethers; Polyethylene glycols; Hydrocarbon derivatives; Organic oxygen compounds; Chemical entities	327.201	291	4.853	857337847741436549	857336435981962148	857336435977767843	3812	
1	C11H24O6	[M + H]+	C11H25O6+	Fatty acids	0.972	Fatty acyls	0.509	Fatty alcohols	0.105	Organic oxygen compounds	1.000	Organooxygen compounds	1.000	Ethers	0.999	Dialkyl ethers	0.999	Dialkyl ethers	0.999	Organic compounds; Ethers; Organooxygen compounds; Dialkyl ethers; Hydrocarbon derivatives; Organic oxygen compounds; Chemical entities	253.165	292	4.872	857337838073562651	857336436086819752	857336436082625447	3831	
1	C14H27N5O2	[M + H]+	C14H28N5O2+	Alkaloids	0.443	Nucleosides	0.191	Purine nucleosides	0.180	Organic nitrogen compounds	1.000	Organonitrogen compounds	1.000	Amines	0.947	Tertiary amines	0.556	Dialkylarylamines	0.505	Organic compounds; Organoheterocyclic compounds; Triazines; Ethers; Organonitrogen compounds; Organooxygen compounds; Dialkyl ethers; Aminotriazines; Amines; Primary amines; Tertiary amines; Dialkylarylamines; 1,3,5-triazines; Azacyclic compounds; Heteroaromatic compounds; Hydrocarbon derivatives; Organopnictogen compounds; Organic oxygen compounds; Organic nitrogen compounds; 1,3,5-triazine-2,4-diamines; Chemical entities	298.222	293	4.875	857337835334681850	857336436195871660	857336436195871659	3828	
1	C12H23NO	[M + H]+	C12H24NO+	Fatty acids	0.287	Fatty amides	0.252	Amino cyclitols	0.120	Organic nitrogen compounds	1.000	Organonitrogen compounds	1.000	Cyclohexylamines	0.709			Cyclohexylamines	0.709	Organic compounds; Alcohols and polyols; Organonitrogen compounds; Organooxygen compounds; Secondary alcohols; Dialkylamines; Amines; Secondary amines; Cyclohexylamines; Hydrocarbon derivatives; Organopnictogen compounds; Organic oxygen compounds; Organic nitrogen compounds; Chemical entities	198.185	301	5.022	857337847749825167	857336436313312176	857336436309117871	3944	
1	C8H6O4	[M + H]+	C8H7O4+	Shikimates and Phenylpropanoids	0.932	Phenolic acids (C6-C1)	0.985	Simple phenolic acids	0.984	Benzenoids	0.991	Benzene and substituted derivatives	0.861	Benzoic acids and derivatives	0.885	Phthalic acid and derivatives	0.522	Phthalic acid and derivatives	0.522	Organic compounds; Benzoic acids and derivatives; Organic acids and derivatives; Carboxylic acids and derivatives; Benzoyl derivatives; Organooxygen compounds; Phthalic acid and derivatives; Carboxylic acids; Benzene and substituted derivatives; Benzenoids; Benzoic acids; Organic oxides; Hydrocarbon derivatives; Organic oxygen compounds; Chemical entities	167.034	302	5.035	857337851973490158	857336436418169780	857336436413975475	3958	
1	C8H4O3	[M + H]+	C8H5O3+	Polyketides	0.793	Cyclic polyketides	0.874	Phthalide derivatives	0.847	Organoheterocyclic compounds	0.933	Benzofurans	0.895	Benzofuranones	0.940	Phthalic anhydrides	0.951	Phthalic anhydrides	0.951	Organic compounds; Organoheterocyclic compounds; Organic acids and derivatives; Carboxylic acids and derivatives; Benzofurans; Organooxygen compounds; Carboxylic acid derivatives; Phthalic anhydrides; Carboxylic acid anhydrides; Benzofuranones; Benzenoids; Isobenzofuranones; Organic oxides; Oxacyclic compounds; Hydrocarbon derivatives; Isocoumarans; Organic oxygen compounds; Chemical entities	149.023	302	5.039	857337850740364450	857336436527221688	857336436523027383	3954	
1	C10H19NO4Se	[M + H]+	C10H20NO4Se+	Amino acids and Peptides	0.511	Small peptides	0.167	Aminoacids	0.032	Organic acids and derivatives	0.911	Carboxylic acids and derivatives	0.886	Carboxylic acid derivatives	0.668	Carboxylic acid esters	0.616	Carboxylic acid esters	0.616	Organic compounds; Organoheterocyclic compounds; Organic acids and derivatives; Carboxylic acids and derivatives; Organonitrogen compounds; Organooxygen compounds; Organometallic compounds; Carboxylic acid derivatives; Carboxylic acid esters; Organometalloid compounds; Carbonyl compounds; Selenoethers; Organoselenium compounds; Organic oxides; Hydrocarbon derivatives; Organic oxygen compounds; Organic nitrogen compounds; Chemical entities	292.060	306	5.095	857337864040502890	857336436745325504	857336436745325503	3929	
1	C9H20O4	[M + H]+	C9H21O4+	Fatty acids	0.962	Fatty acyls	0.890	Fatty alcohols	0.938	Organic oxygen compounds	1.000	Organooxygen compounds	0.999	Alcohols and polyols	0.931	Secondary alcohols	0.552	Secondary alcohols	0.552	Organic compounds; Alcohols and polyols; Organooxygen compounds; Secondary alcohols; Hydrocarbon derivatives; Organic oxygen compounds; Chemical entities	193.144	306	5.099	857337836760745237	857336436955040712	857336436955040711	4014	
1	C9H8N2O8S	[M + Na]+	C9H8N2NaO8S+	Alkaloids	0.489	Nicotinic acid alkaloids	0.416	Pyridine alkaloids	0.415	Benzenoids	0.512	Benzene and substituted derivatives	0.462	Nitrobenzenes	0.693			Nitrobenzenes	0.693	Organic compounds; Organosulfur compounds; Nitrobenzenes; Organic acids and derivatives; Organosulfonic acids and derivatives; Organonitrogen compounds; Organooxygen compounds; Organic nitro compounds; Sulfonyls; Organic oxoazanium compounds; Benzenoids; Organic 1,3-dipolar compounds; Allyl-type 1,3-dipolar organic compounds; Propargyl-type 1,3-dipolar organic compounds; Organic oxides; C-nitro compounds; Hydrocarbon derivatives; Organic sulfonic acids and derivatives; Organopnictogen compounds; Organic oxygen compounds; Nitroaromatic compounds; Organic nitrogen compounds; Chemical entities	326.989	307	5.110	857337847330393932	857336437076675532	857336437072481227	4038	
1	C5H10N4O4S3	[M + Na]+	C5H10N4NaO4S3+	Amino acids and Peptides	0.827	Histidine alkaloids	0.448	Imidazole alkaloids	0.452	Organoheterocyclic compounds	0.765	Azoles	0.535					Azoles	0.535	Organic compounds; Organoheterocyclic compounds; Organosulfur compounds; Organic acids and derivatives; Organonitrogen compounds; Organooxygen compounds; Azoles; Amines; Sulfenyl compounds; Organic oxides; Azacyclic compounds; Hydrocarbon derivatives; Organopnictogen compounds; Organic oxygen compounds; Organic nitrogen compounds; Chemical entities	308.978	307	5.116	857337861679109710	857336437240253392	857336437236059087	4054	
1	C16H34O9	[M + H]+	C16H35O9+	Fatty acids	0.818	Fatty acyls	0.582	Fatty alcohols	0.484	Organic oxygen compounds	1.000	Organooxygen compounds	1.000	Ethers	0.994	Dialkyl ethers	0.994	Polyethylene glycols	0.993	Organic compounds; Alcohols and polyols; Ethers; Primary alcohols; Organooxygen compounds; Dialkyl ethers; Polyethylene glycols; Hydrocarbon derivatives; Organic oxygen compounds; Chemical entities	371.228	310	5.163	857337849347855169	857336437340916692	857336437336722387	4138	
1	C19H37N5O5	[M + H]+	C19H38N5O5+	Carbohydrates	0.328	Oligopeptides	0.168	Polyamines	0.067	Organic oxygen compounds	0.999	Organooxygen compounds	0.996	Ethers	0.512	Dialkyl ethers	0.516	Dialkyl ethers	0.516	Organic compounds; Alcohols and polyols; Ethers; Organonitrogen compounds; Primary alcohols; Organooxygen compounds; Dialkyl ethers; Amines; Primary amines; Hydrocarbon derivatives; Organopnictogen compounds; Organic oxygen compounds; Organic nitrogen compounds; Chemical entities	416.285	310	5.169	857337848525771420	857336437475134424	857336437475134423	4132	
1	C10H27N4O4	[M + H]+	C10H28N4O4+	Alkaloids	0.479	Histidine alkaloids	0.449	Imidazole alkaloids	0.453	Organoheterocyclic compounds	0.766	Azoles	0.800	Imidazoles	0.701	Substituted imidazoles	0.574	Substituted imidazoles	0.574	Organic compounds; Organoheterocyclic compounds; Imidazoles; Ethers; Organonitrogen compounds; Organooxygen compounds; Azoles; Dialkyl ethers; Substituted imidazoles; Amines; Primary amines; Azacyclic compounds; Hydrocarbon derivatives; Organopnictogen compounds; Organic oxygen compounds; Organic nitrogen compounds; Chemical entities	268.212	310	5.172	857337848479634066	857336437588380636	857336437584186331	4125	
1	C12H20O4	[M - H2O + H]+	C12H19O3+	Polyketides	0.472	Macrolides	0.394	Macrolide lactones	0.622	Lipids and lipid-like molecules	0.549							Lipids and lipid-like molecules	0.549	Organic compounds; Lipids and lipid-like molecules; Alcohols and polyols; Organic acids and derivatives; Carboxylic acids and derivatives; Organooxygen compounds; Carboxylic acid derivatives; Monocarboxylic acids and derivatives; Carboxylic acid esters; Carbonyl compounds; Organic oxides; Hydrocarbon derivatives; Organic oxygen compounds; Chemical entities	211.133	312	5.206	857337838077756965	857336437697432544	857336437693238239	4173	
1	C9H12O2	[M + H]+	C9H13O2+	Terpenoids	0.423	Monoterpenoids	0.573	2-pyrone derivatives	0.341	Organic oxygen compounds	0.999	Organooxygen compounds	0.999	Carbonyl compounds	0.743			Carbonyl compounds	0.743	Organic compounds; Organooxygen compounds; Carbonyl compounds; Organic oxides; Hydrocarbon derivatives; Organic oxygen compounds; Chemical entities	153.091	313	5.209	857337837314393372	857336437814873060	857336437810678755	4178	
1	C12H20O4	[M + H]+	C12H21O4+	Polyketides	0.748	Macrolides	0.709	Macrolide lactones	0.902	Lipids and lipid-like molecules	0.584	Fatty Acyls	0.602					Fatty Acyls	0.602	Organic compounds; Lipids and lipid-like molecules; Organic acids and derivatives; Carboxylic acids and derivatives; Organooxygen compounds; Carboxylic acid derivatives; Carboxylic acid esters; Carbonyl compounds; Fatty Acyls; Organic oxides; Hydrocarbon derivatives; Organic oxygen compounds; Chemical entities	229.144	313	5.214	857337859162527271	857336437907147752	857336437907147751	4177	
1	C14H27NO4	[M + H]+	C14H28NO4+	Amino acids and Peptides	0.707	Small peptides	0.329	Aminoacids	0.137	Organic acids and derivatives	0.941	Carboxylic acids and derivatives	0.912	Carboxylic acid derivatives	0.773			Carboxylic acid derivatives	0.773	Organic compounds; Organic acids and derivatives; Carboxylic acids and derivatives; Organonitrogen compounds; Organooxygen compounds; Carboxylic acid derivatives; Monocarboxylic acids and derivatives; Carbonyl compounds; Organic oxides; Hydrocarbon derivatives; Organopnictogen compounds; Organic oxygen compounds; Organic nitrogen compounds; Chemical entities	274.201	313	5.215	857337870109660831	857336438024588268	857336438020393963	4176	
1	C6H6O	[M + H]+	C6H7O+	Shikimates and Phenylpropanoids	0.693	Phenolic acids (C6-C1)	0.622	Simple phenolic acids	0.457	Organic oxygen compounds	1.000	Organooxygen compounds	0.998	Carbonyl compounds	0.964	Aldehydes	0.979	Benzaldehydes	0.924	Organic compounds; Aldehydes; Benzoyl derivatives; Organooxygen compounds; Benzaldehydes; Carbonyl compounds; Benzene and substituted derivatives; Benzenoids; Aryl-aldehydes; Organic oxides; Hydrocarbon derivatives; Organic oxygen compounds; Chemical entities	95.049	313	5.215	857337876552111836	857336438133640176	857336438129445871	4171	
1	C10H16O2	[M + H]+	C10H17O2+	Fatty acids	0.987	Fatty acyls	0.574	Fatty aldehydes	0.430	Organic acids and derivatives	0.527	Carboxylic acids and derivatives	0.528	Monocarboxylic acids and derivatives	0.632			Monocarboxylic acids and derivatives	0.632	Organic compounds; Organic acids and derivatives; Carboxylic acids and derivatives; Organooxygen compounds; Monocarboxylic acids and derivatives; Carbonyl compounds; Organic oxides; Hydrocarbon derivatives; Organic oxygen compounds; Chemical entities	169.122	313	5.218	857337854699787789	857336438230109172	857336438230109171	4167	
1	C19H35N5O6	[M + H]+	C19H36N5O6+	Amino acids and Peptides	0.429	Oligopeptides	0.249	Aminoglycosides	0.136	Organic oxygen compounds	1.000	Organooxygen compounds	0.987	Alcohols and polyols	0.593	Primary alcohols	0.672	Primary alcohols	0.672	Organic compounds; Alcohols and polyols; Organonitrogen compounds; Primary alcohols; Organooxygen compounds; Monoalkylamines; Amines; Primary amines; Hydrocarbon derivatives; Organopnictogen compounds; Organic oxygen compounds; Organic nitrogen compounds; Chemical entities	430.265	316	5.271	857337861217736252	857336438343355384	857336438343355383	4250	
1	C10H22O5	[M + H]+	C10H23O5+	Fatty acids	0.975	Fatty acyls	0.260	Methoxy fatty acids	0.093	Organic oxygen compounds	1.000	Organooxygen compounds	1.000	Ethers	0.999	Dialkyl ethers	0.998	Dialkyl ethers	0.998	Organic compounds; Ethers; Organooxygen compounds; Dialkyl ethers; Hydrocarbon derivatives; Organic oxygen compounds; Chemical entities	223.154	321	5.356	857337868222224022	857336438553070592	857336438548876287	4337	
1	C10H14FN3O	[M + H]+	C10H15FN3O+	Alkaloids	0.312	Small peptides	0.183	Tripeptides	0.013	Benzenoids	0.998	Benzene and substituted derivatives	0.992	N-phenylureas	0.855			N-phenylureas	0.855	Organic compounds; Halobenzenes; Organic acids and derivatives; Carboxylic acids and derivatives; Organohalogen compounds; Organonitrogen compounds; Organooxygen compounds; Organic carbonic acids and derivatives; Ureas; Aryl fluorides; Fluorobenzenes; Organofluorides; Carbonyl compounds; N-phenylureas; Benzene and substituted derivatives; Benzenoids; Amines; Aryl halides; Organic oxides; Hydrocarbon derivatives; Organopnictogen compounds; Organic oxygen compounds; Organic nitrogen compounds; Chemical entities	212.118	323	5.375	857337881815963392	857336438766980104	857336438762785799	4364	
1	C12H16O3	[M + H]+	C12H17O3+	Shikimates and Phenylpropanoids	0.442	Sesquiterpenoids	0.279	Cinnamic acids and derivatives	0.042	Benzenoids	0.999	Benzene and substituted derivatives	0.982	Phenoxyacetic acid derivatives	0.519			Phenoxyacetic acid derivatives	0.519	Organic compounds; Alkyl aryl ethers; Ethers; Organic acids and derivatives; Carboxylic acids and derivatives; Organooxygen compounds; Phenoxyacetic acid derivatives; Carboxylic acid derivatives; Monocarboxylic acids and derivatives; Carboxylic acid esters; Carbonyl compounds; Benzene and substituted derivatives; Phenol ethers; Benzenoids; Organic oxides; Hydrocarbon derivatives; Organic oxygen compounds; Phenoxy compounds; Chemical entities	209.117	325	5.420	857337873435743937	857336438867643404	857336438867643403	4419	
1	C21H41N5O6	[M + H]+	C21H42N5O6+	Amino acids and Peptides	0.353	Oligopeptides	0.333	Cyclic peptides	0.080	Organic oxygen compounds	1.000	Organooxygen compounds	0.998	Ethers	0.822	Dialkyl ethers	0.853	Dialkyl ethers	0.853	Organic compounds; Ethers; Organonitrogen compounds; Primary alcohols; Organooxygen compounds; Dialkyl ethers; Amines; Hydrocarbon derivatives; Organopnictogen compounds; Organic oxygen compounds; Organic nitrogen compounds; Chemical entities	460.312	326	5.440	857337867525969548	857336438972501008	857336438972501007	4462	
1	C20H43NO11	[M + H]+	C20H44NO11+	Fatty acids	0.888	Fatty amides	0.143	Sphingoid bases	0.198	Organic oxygen compounds	0.998	Organooxygen compounds	0.994	Ethers	0.969	Dialkyl ethers	0.938	Dialkyl ethers	0.938	Organic compounds; Alcohols and polyols; Ethers; Organonitrogen compounds; Primary alcohols; Organooxygen compounds; Dialkyl ethers; Amines; Hydrocarbon derivatives; Organopnictogen compounds; Organic oxygen compounds; Organic nitrogen compounds; Chemical entities	474.291	333	5.551	857337859510654513	857336439073164308	857336439073164307	4480	
1	C11H24O5	[M + H]+	C11H25O5+	Fatty acids	0.980	Fatty acyls	0.631	Fatty alcohols	0.338	Organic oxygen compounds	1.000	Organooxygen compounds	0.999	Ethers	0.992	Dialkyl ethers	0.988	Dialkyl ethers	0.988	Organic compounds; Ethers; Organooxygen compounds; Dialkyl ethers; Hydrocarbon derivatives; Organic oxygen compounds; Chemical entities	237.170	334	5.560	857337880159213293	857336439178021912	857336439178021911	4490	
1	C9H27N7O3	[M + H]+	C9H28N7O3+	Alkaloids	0.256	Histidine alkaloids	0.256	Imidazole alkaloids	0.259	Organoheterocyclic compounds	0.581	Triazines	0.271	1,3,5-triazines	0.536			1,3,5-triazines	0.536	Organic compounds; Organoheterocyclic compounds; Ethers; Organonitrogen compounds; Organooxygen compounds; Dialkyl ethers; Amines; Primary amines; 1,3,5-triazines; Azacyclic compounds; Heteroaromatic compounds; Hydrocarbon derivatives; Organopnictogen compounds; Organic oxygen compounds; Organic nitrogen compounds; Chemical entities	282.228	334	5.563	857337865869219454	857336439278685212	857336439274490907	4568	
1	C23H45N5O7	[M + H]+	C23H46N5O7+	Amino acids and Peptides	0.521	Oligopeptides	0.648	Cyclic peptides	0.239	Organic acids and derivatives	0.763	Carboxylic acids and derivatives	0.574	Carboxylic acid derivatives	0.559	Carboxylic acid amides	0.640	Hydroxamic acids	0.605	Organic compounds; Alcohols and polyols; Ethers; Organic acids and derivatives; Carboxylic acids and derivatives; Organonitrogen compounds; Primary alcohols; Organooxygen compounds; Hydroxamic acids; Carboxylic acid amides; Carboxylic acid derivatives; Dialkyl ethers; Carbonyl compounds; Amines; Organic oxides; Hydrocarbon derivatives; Organopnictogen compounds; Organic oxygen compounds; Organic nitrogen compounds; Chemical entities	504.338	341	5.688	857337878129170147	857336439379348512	857336439375154207	4641	
1	C21H38N4O7	[M + H3N + H]+	C21H42N5O7+	Amino acids and Peptides	0.252	Oligopeptides	0.337	N-acyl amines	0.175	Organic acids and derivatives	0.798	Carboxylic acids and derivatives	0.649	Carboxylic acid derivatives	0.604	Carboxylic acid amides	0.649	Carboxylic acid amides	0.649	Organic compounds; Ethers; Organic acids and derivatives; Carboxylic acids and derivatives; Organonitrogen compounds; Primary alcohols; Organooxygen compounds; Carboxylic acid amides; Carboxylic acid derivatives; Dialkyl ethers; Carbonyl compounds; Amines; Organic oxides; Hydrocarbon derivatives; Organopnictogen compounds; Organic oxygen compounds; Organic nitrogen compounds; Chemical entities	476.307	341	5.689	857337865286211188	857336439471623204	857336439467428899	4646	
1	C20H42O11	[M + H]+	C20H43O11+	Fatty acids	0.830	Fatty acyls	0.527	Fatty alcohols	0.427	Organic oxygen compounds	1.000	Organooxygen compounds	1.000	Ethers	0.994	Dialkyl ethers	0.994	Polyethylene glycols	0.996	Organic compounds; Alcohols and polyols; Ethers; Primary alcohols; Organooxygen compounds; Dialkyl ethers; Polyethylene glycols; Hydrocarbon derivatives; Organic oxygen compounds; Chemical entities	459.280	341	5.691	857337873037285047	857336439559703592	857336439555509287	4645	
1	C14H27NO4	[M + H]+	C14H28NO4+	Fatty acids	0.799	Fatty amides	0.264	Aminoacids	0.104	Organic acids and derivatives	0.975	Carboxylic acids and derivatives	0.972	Amino acids, peptides, and analogues	0.626	Amino acids and derivatives	0.625	Amino acids and derivatives	0.625	Organic compounds; Lipids and lipid-like molecules; Amino acids, peptides, and analogues; Organic acids and derivatives; Carboxylic acids and derivatives; Organonitrogen compounds; Organooxygen compounds; Fatty acid esters; Amino acids and derivatives; Carboxylic acid derivatives; Monocarboxylic acids and derivatives; Carboxylic acid esters; Carbonyl compounds; Amines; Fatty Acyls; Organic oxides; Hydrocarbon derivatives; Organopnictogen compounds; Organic oxygen compounds; Organic nitrogen compounds; Chemical entities	274.201	345	5.744	857337876254316242	857336439731670064	857336439727475759	4721	
1	C12H18O3	[M + H]+	C12H19O3+	Terpenoids	0.725	Octadecanoids	0.238	Jasmonic acids	0.197	Organic acids and derivatives	0.856	Carboxylic acids and derivatives	0.808	Carboxylic acid derivatives	0.669	Carboxylic acid esters	0.633	Carboxylic acid esters	0.633	Organic compounds; Ketones; Organic acids and derivatives; Carboxylic acids and derivatives; Organooxygen compounds; Carboxylic acid derivatives; Monocarboxylic acids and derivatives; Carboxylic acid esters; Carbonyl compounds; Organic oxides; Hydrocarbon derivatives; Organic oxygen compounds; Chemical entities	211.133	345	5.755	857337894117857044	857336439819750452	857336439819750451	4789	
1	C11H10N2O2	[M + H]+	C11H11N2O2+	Alkaloids	0.974	Tryptophan alkaloids	0.759	Simple indole alkaloids	0.195	Organoheterocyclic compounds	0.896	Indoles and derivatives	0.709	Indoles	0.669			Indoles	0.669	Organic compounds; Organoheterocyclic compounds; Pyrroles; Indoles and derivatives; Organonitrogen compounds; Organic nitro compounds; Organic oxoazanium compounds; Benzenoids; Indoles; Organic 1,3-dipolar compounds; Allyl-type 1,3-dipolar organic compounds; Propargyl-type 1,3-dipolar organic compounds; Organic oxides; C-nitro compounds; Azacyclic compounds; Heteroaromatic compounds; Hydrocarbon derivatives; Organopnictogen compounds; Organic oxygen compounds; Nitroaromatic compounds; Organic nitrogen compounds; Chemical entities	203.082	346	5.766	857337872932427437	857336439907830840	857336439907830839	4802	
1	C23H42N4O8	[M + H3N + H]+	C23H46N5O8+	Alkaloids	0.273	Oligopeptides	0.246	Polyamines	0.108	Organic acids and derivatives	0.706	Carboxylic acids and derivatives	0.586	Carboxylic acid derivatives	0.485	Carboxylic acid amides	0.516	Carboxylic acid amides	0.516	Organic compounds; Ethers; Organic acids and derivatives; Carboxylic acids and derivatives; Organonitrogen compounds; Primary alcohols; Organooxygen compounds; Carboxylic acid amides; Dialkyl ethers; Carbonyl compounds; Organic oxides; Hydrocarbon derivatives; Organopnictogen compounds; Organic oxygen compounds; Organic nitrogen compounds; Chemical entities	520.333	355	5.909	857337882289919754	857336439995911228	857336439991716923	4901	
1	C22H46O12	[M + H]+	C22H47O12+	Fatty acids	0.839	Fatty acyls	0.529	Fatty alcohols	0.437	Organic oxygen compounds	1.000	Organooxygen compounds	1.000	Ethers	0.993	Dialkyl ethers	0.994	Polyethylene glycols	0.996	Organic compounds; Alcohols and polyols; Ethers; Primary alcohols; Organooxygen compounds; Dialkyl ethers; Polyethylene glycols; Hydrocarbon derivatives; Organic oxygen compounds; Chemical entities	503.306	355	5.911	857337881241343734	857336440100768832	857336440100768831	4892	
1	C9H13FN2O3	[M + H]+	C9H14FN2O3+	Fatty acids	0.300	Small peptides	0.093	Halogenated fatty acids	0.172	Lipids and lipid-like molecules	0.671	Fatty Acyls	0.719					Fatty Acyls	0.719	Organic compounds; Organoheterocyclic compounds; Lipids and lipid-like molecules; Organic acids and derivatives; Carboxylic acids and derivatives; Organohalogen compounds; Organonitrogen compounds; Organooxygen compounds; Alkyl fluorides; Carboxylic acid derivatives; Monocarboxylic acids and derivatives; Organofluorides; Carbonyl compounds; Alkyl halides; Fatty Acyls; Organic oxides; Azacyclic compounds; Hydrocarbon derivatives; Organopnictogen compounds; Organic oxygen compounds; Organic nitrogen compounds; Chemical entities	217.097	355	5.912	857338661398666850	857336440218209348	857336440218209347	5004	
1	C5H11NSi	[M + H]+	C5H12NSi+	Fatty acids	0.765	Fatty acyls	0.673	Halogenated fatty acids	0.209	Hydrocarbon derivatives	0.999							Hydrocarbon derivatives	0.999	Organic compounds; Hydrocarbon derivatives; Organic nitrogen compounds; Chemical entities	114.073	355	5.914	857338653567901270	857336440331455560	857336440327261255	4976	
1	C30H49N3O6	[M + H]+	C30H50N3O6+	Amino acids and Peptides	0.711	Tyrosine alkaloids	0.120	Tripeptides	0.364	Organic acids and derivatives	0.891	Carboxylic acids and derivatives	0.723	Amino acids, peptides, and analogues	0.102	Amino acids and derivatives	0.097	Alpha amino acid amides	0.515	Organic compounds; Alkyl aryl ethers; Phenols; Anisoles; Ethers; Organic acids and derivatives; Carboxylic acids and derivatives; Organonitrogen compounds; Organooxygen compounds; Carboxylic acid amides; Carboxylic acid derivatives; N-acyl amines; Secondary carboxylic acid amides; Carbonyl compounds; Benzene and substituted derivatives; Alpha amino acid amides; Phenol ethers; Benzenoids; Amines; Aralkylamines; Organic oxides; Hydrocarbon derivatives; Organopnictogen compounds; Organic oxygen compounds; 1-hydroxy-2-unsubstituted benzenoids; Organic nitrogen compounds; Chemical entities	548.364	355	5.916	857338665597165739	857336440436313164	857336440432118859	4905	
1	C10H13NO3	[M + H]+	C10H14NO3+	Amino acids and Peptides	0.861	Small peptides	0.812	Aminoacids	0.766	Organic acids and derivatives	0.998	Carboxylic acids and derivatives	0.995	Amino acids, peptides, and analogues	0.905	Amino acids and derivatives	0.903	Alpha amino acids and derivatives	0.732	Organic compounds; Amino acids, peptides, and analogues; Alpha amino acids and derivatives; Organic acids and derivatives; Carboxylic acids and derivatives; Organonitrogen compounds; Organooxygen compounds; Amino acids and derivatives; Carboxylic acid amides; Carboxylic acid derivatives; Monocarboxylic acids and derivatives; Carboxylic acids; Carbonyl compounds; Benzene and substituted derivatives; Benzenoids; Organic oxides; Hydrocarbon derivatives; Organopnictogen compounds; Organic oxygen compounds; Organic nitrogen compounds; Chemical entities	196.097	358	5.963	857338653223968332	857336440541170768	857336440541170767	5081	
1	C27H53N5O9	[M + H]+	C27H54N5O9+	Amino acids and Peptides	0.715	Oligopeptides	0.653	Cyclic peptides	0.523	Organic acids and derivatives	0.993	Carboxylic acids and derivatives	0.977	Carboxylic acid derivatives	0.958	Carboxylic acid amides	0.934	Secondary carboxylic acid amides	0.573	Organic compounds; Organic acids and derivatives; Carboxylic acids and derivatives; Organonitrogen compounds; Organooxygen compounds; Hydroxamic acids; Carboxylic acid amides; Carboxylic acid derivatives; Primary carboxylic acid amides; Secondary carboxylic acid amides; Carbonyl compounds; Acetohydroxamic acids; Acetamides; Organic oxides; Hydrocarbon derivatives; Organopnictogen compounds; Organic oxygen compounds; Organic nitrogen compounds; Chemical entities	592.390	367	6.108	857338660920516184	857336440646028372	857336440641834067	5118	
1	C25H46N4O9	[M + H3N + H]+	C25H50N5O9+	Amino acids and Peptides	0.567	Oligopeptides	0.765	Cyclic peptides	0.656	Organic acids and derivatives	0.991	Carboxylic acids and derivatives	0.968	Carboxylic acid derivatives	0.954	Carboxylic acid amides	0.941	Secondary carboxylic acid amides	0.703	Organic compounds; Alcohols and polyols; Ethers; Organic acids and derivatives; Carboxylic acids and derivatives; Organonitrogen compounds; Organooxygen compounds; Hydroxamic acids; Carboxylic acid amides; Carboxylic acid derivatives; Dialkyl ethers; Primary carboxylic acid amides; Secondary carboxylic acid amides; Carbonyl compounds; Acetohydroxamic acids; Organic oxides; Hydrocarbon derivatives; Organopnictogen compounds; Organic oxygen compounds; Organic nitrogen compounds; Chemical entities	564.359	367	6.111	857338673423737179	857336440738303064	857336440734108759	5126	
1	C24H50O13	[M + H]+	C24H51O13+	Fatty acids	0.824	Fatty acyls	0.528	Fatty alcohols	0.425	Organic oxygen compounds	1.000	Organooxygen compounds	1.000	Ethers	0.993	Dialkyl ethers	0.994	Polyethylene glycols	0.997	Organic compounds; Alcohols and polyols; Ethers; Primary alcohols; Organooxygen compounds; Dialkyl ethers; Polyethylene glycols; Hydrocarbon derivatives; Organic oxygen compounds; Chemical entities	547.333	367	6.113	857338674078048613	857336440830577756	857336440826383451	5196	
1	C10H22O4	[M + H]+	C10H23O4+	Fatty acids	0.981	Fatty acyls	0.744	Fatty alcohols	0.564	Organic oxygen compounds	1.000	Organooxygen compounds	0.999	Ethers	0.946	Dialkyl ethers	0.946	Dialkyl ethers	0.946	Organic compounds; Alcohols and polyols; Ethers; Primary alcohols; Organooxygen compounds; Dialkyl ethers; Hydrocarbon derivatives; Organic oxygen compounds; Chemical entities	207.159	367	6.114	857338670349312342	857336440931241056	857336440931241055	5176	
1	C13H25N	[M + H]+	C13H26N+	Alkaloids	0.740	Pseudoalkaloids (transamidation)	0.240	Acetate-derived alkaloids	0.297	Organic nitrogen compounds	1.000	Organonitrogen compounds	1.000	Cyclohexylamines	0.944			Cyclohexylamines	0.944	Organic compounds; Organonitrogen compounds; Dialkylamines; Amines; Secondary amines; Cyclohexylamines; Hydrocarbon derivatives; Organopnictogen compounds; Organic nitrogen compounds; Chemical entities	196.206	368	6.131	857339020691146427	857336441036098660	857336441036098659	5234	
1	C16H25NO4	[M + H]+	C16H26NO4+	Amino acids and Peptides	0.564	Pseudoalkaloids (transamidation)	0.052	Phenylalanine-derived alkaloids	0.016	Benzenoids	0.668	Benzene and substituted derivatives	0.764					Benzene and substituted derivatives	0.764	Organic compounds; Ethers; Organic acids and derivatives; Carboxylic acids and derivatives; Organonitrogen compounds; Organooxygen compounds; Carboxylic acid derivatives; Dialkyl ethers; Benzene and substituted derivatives; Benzenoids; Amines; Organic oxides; Hydrocarbon derivatives; Organopnictogen compounds; Organic oxygen compounds; Organic nitrogen compounds; Chemical entities	296.183	378	6.298	857339025158080340	857336441304534128	857336441304534127	5495	
1	C34H46N4O5	[M + H3N + H]+	C34H50N5O5+	Alkaloids	0.751	Pseudoalkaloids (transamidation)	0.263	Isoquinoline alkaloids	0.046	Organic acids and derivatives	0.945	Carboxylic acids and derivatives	0.887	Amino acids, peptides, and analogues	0.531	Amino acids and derivatives	0.524	Amino acids and derivatives	0.524	Organic compounds; Organoheterocyclic compounds; Amino acids, peptides, and analogues; Phenethylamines; Organic acids and derivatives; Carboxylic acids and derivatives; Organonitrogen compounds; Organooxygen compounds; Amino acids and derivatives; Carboxylic acid amides; Carboxylic acid derivatives; Carbonyl compounds; Benzenoids; Amines; Aralkylamines; Organic oxides; Azacyclic compounds; Heteroaromatic compounds; Hydrocarbon derivatives; Organopnictogen compounds; Organic oxygen compounds; Organic nitrogen compounds; Chemical entities	608.385	378	6.301	857339031776692063	857336441388420212	857336441388420211	5497	
1	C35H57NO9	[M + H]+	C35H58NO9+	Fatty acids	0.272	Glycerolipids	0.036	Tripeptides	0.075	Organic oxygen compounds	1.000	Organooxygen compounds	1.000	Ethers	0.986	Alkyl aryl ethers	0.563	Alkyl aryl ethers	0.563	Organic compounds; Alkyl aryl ethers; Alcohols and polyols; Ethers; Organic acids and derivatives; Organonitrogen compounds; Primary alcohols; Organooxygen compounds; Dialkyl ethers; Benzene and substituted derivatives; Benzenoids; Organic oxides; Hydrocarbon derivatives; Organopnictogen compounds; Organic oxygen compounds; Organic nitrogen compounds; Chemical entities	636.417	378	6.302	857339057580050958	857336441484889208	857336441480694903	5504	
1	C26H54O14	[M + H]+	C26H55O14+	Fatty acids	0.798	Fatty acyls	0.661	Fatty alcohols	0.463	Organic oxygen compounds	1.000	Organooxygen compounds	1.000	Ethers	0.991	Dialkyl ethers	0.991	Polyethylene glycols	0.995	Organic compounds; Alcohols and polyols; Ethers; Primary alcohols; Organooxygen compounds; Dialkyl ethers; Polyethylene glycols; Hydrocarbon derivatives; Organic oxygen compounds; Chemical entities	591.359	378	6.304	857339045445929444	857336441774296188	857336441774296187	5492	
1	C9H6O3	[M + H]+	C9H7O3+	Shikimates and Phenylpropanoids	0.651	Coumarins	0.694	Simple coumarins	0.526	Benzenoids	0.984							Benzenoids	0.984	Organic compounds; Organoheterocyclic compounds; Organooxygen compounds; Benzenoids; Organic oxides; Oxacyclic compounds; Hydrocarbon derivatives; Organic oxygen compounds; Chemical entities	163.039	383	6.375	857339048977533432	857336441841405056	857336441841405055	5622	
1	C16H24O4	[M + H]+	C16H25O4+	Terpenoids	0.415	Sesquiterpenoids	0.389	Cinnamic acids and derivatives	0.064	Benzenoids	0.846	Phenol ethers	0.809	Anisoles	0.757			Anisoles	0.757	Organic compounds; Alkyl aryl ethers; Anisoles; Ethers; Organic acids and derivatives; Carboxylic acids and derivatives; Organooxygen compounds; Carboxylic acid derivatives; Monocarboxylic acids and derivatives; Carbonyl compounds; Benzene and substituted derivatives; Phenol ethers; Benzenoids; Organic oxides; Hydrocarbon derivatives; Organic oxygen compounds; Phenoxy compounds; Chemical entities	281.175	383	6.381	857339047169788398	857336441912708228	857336441908513923	5641	
1	C10H22O4	[M + H]+	C10H23O4+	Fatty acids	0.976	Fatty acyls	0.669	Fatty alcohols	0.554	Organic oxygen compounds	1.000	Organooxygen compounds	0.999	Ethers	0.961	Dialkyl ethers	0.958	Polyethylene glycols	0.589	Organic compounds; Alcohols and polyols; Ethers; Primary alcohols; Organooxygen compounds; Dialkyl ethers; Polyethylene glycols; Hydrocarbon derivatives; Organic oxygen compounds; Chemical entities	207.159	388	6.460	857339039058004115	857336441975622792	857336441975622791	5775	
1	C18H25N2O3	[M + H]+	C18H26N2O3+	Alkaloids	0.960	Pseudoalkaloids (transamidation)	0.255	Pyridine alkaloids	0.038	Benzenoids	0.562							Benzenoids	0.562	Organic compounds; Organoheterocyclic compounds; Organonitrogen compounds; Primary alcohols; Organooxygen compounds; Trialkylamines; Benzenoids; Amines; Tertiary amines; Azacyclic compounds; Hydrocarbon derivatives; Organopnictogen compounds; Organic oxygen compounds; Organic nitrogen compounds; Chemical entities	318.196	388	6.464	857339042635745433	857336442046925964	857336442042731659	5742	
1	C37H61NO10	[M + H]+	C37H62NO10+	Amino acids and Peptides	0.583	Amino acid glycosides	0.063	Tripeptides	0.071	Organic oxygen compounds	1.000	Organooxygen compounds	1.000	Ethers	0.982	Alkyl aryl ethers	0.525	Alkyl aryl ethers	0.525	Organic compounds; Lipids and lipid-like molecules; Alkyl aryl ethers; Alcohols and polyols; Ethers; Organic acids and derivatives; Carboxylic acids and derivatives; Organonitrogen compounds; Primary alcohols; Organooxygen compounds; Monocarboxylic acids and derivatives; Dialkyl ethers; Thioethers; Carboxylic acids; Carbonyl compounds; Dialkylthioethers; Organic oxides; Hydrocarbon derivatives; Organopnictogen compounds; Organic oxygen compounds; Organic nitrogen compounds; Chemical entities	680.443	388	6.468	857339172822751485	857336442114034832	857336442109840527	5741	
1	C7H7N3	[M + H]+	C7H8N3+	Alkaloids	0.840	Nicotinic acid alkaloids	0.265	Pyridine alkaloids	0.264	Organoheterocyclic compounds	1.000	Benzotriazoles	0.993					Benzotriazoles	0.993	Organic compounds; Organoheterocyclic compounds; Triazoles; Organonitrogen compounds; Benzotriazoles; Azoles; Benzenoids; Azacyclic compounds; Heteroaromatic compounds; Hydrocarbon derivatives; Organopnictogen compounds; Organic nitrogen compounds; Chemical entities	134.071	390	6.502	857339290519127391	857336442319555740	857336442319555739	5795	
1	C18H29NO5	[M + H]+	C18H30NO5+	Alkaloids	0.962	Tyrosine alkaloids	0.476	Isoquinoline alkaloids	0.081	Benzenoids	0.891	Phenol ethers	0.782	Anisoles	0.535			Anisoles	0.535	Organic compounds; Alkyl aryl ethers; Alcohols and polyols; Anisoles; Ethers; Organonitrogen compounds; Organooxygen compounds; Dialkyl ethers; Benzene and substituted derivatives; Phenol ethers; Benzenoids; Amines; Aralkylamines; Hydrocarbon derivatives; Organopnictogen compounds; Organic oxygen compounds; Organic nitrogen compounds; Phenoxy compounds; Chemical entities	340.209	397	6.620	857339111053234023	857336442382470304	857336442382470303	5991	
1	C20H36N2O5	[M + H]+	C20H37N2O5+	Amino acids and Peptides	0.804	Small peptides	0.677	Dipeptides	0.146	Organic acids and derivatives	0.994	Carboxylic acids and derivatives	0.980	Amino acids, peptides, and analogues	0.734	Amino acids and derivatives	0.727	Alpha amino acids and derivatives	0.529	Organic compounds; Lipids and lipid-like molecules; Amino acids, peptides, and analogues; Alpha amino acids and derivatives; Fatty acids and conjugates; Organic acids and derivatives; Carboxylic acids and derivatives; Organonitrogen compounds; Organooxygen compounds; Amino acids and derivatives; Carboxylic acid amides; Carboxylic acid derivatives; Monocarboxylic acids and derivatives; Carboxylic acids; Secondary carboxylic acid amides; Carbonyl compounds; Amines; Fatty Acyls; Organic oxides; Hydrocarbon derivatives; Amino acids; Organopnictogen compounds; Organic oxygen compounds; Organic nitrogen compounds; Chemical entities	385.267	397	6.620	857339103058890577	857336442449579172	857336442445384867	5995	
1	C19H34N2O5	[M + H]+	C19H35N2O5+	Amino acids and Peptides	0.802	Small peptides	0.776	Dipeptides	0.323	Organic acids and derivatives	0.998	Carboxylic acids and derivatives	0.986	Amino acids, peptides, and analogues	0.846	Amino acids and derivatives	0.840	Alpha amino acids and derivatives	0.726	Organic compounds; Lipids and lipid-like molecules; Amino acids, peptides, and analogues; Alpha amino acids and derivatives; Organic acids and derivatives; Carboxylic acids and derivatives; Organonitrogen compounds; Organooxygen compounds; Amino acids and derivatives; Carboxylic acid amides; Carboxylic acid derivatives; N-acyl amines; Monocarboxylic acids and derivatives; Carboxylic acids; Secondary carboxylic acid amides; Carbonyl compounds; Fatty Acyls; Organic oxides; Hydrocarbon derivatives; Organopnictogen compounds; Organic oxygen compounds; Organic nitrogen compounds; Chemical entities	371.252	397	6.624	857339105520947036	857336442512493736	857336442512493735	5994	
1	C45H61N3O5	[M + H]+	C45H62N3O5+	Alkaloids	0.667	Pseudoalkaloids (transamidation)	0.540	Steroidal alkaloids	0.195	Lipids and lipid-like molecules	0.814	Steroids and steroid derivatives	0.754					Steroids and steroid derivatives	0.754	Organic compounds; Organoheterocyclic compounds; Lipids and lipid-like molecules; Amino acids, peptides, and analogues; Alpha amino acids and derivatives; Alkyl aryl ethers; Anisoles; Phenethylamines; Amphetamines and derivatives; Ethers; Steroids and steroid derivatives; Organic acids and derivatives; Carboxylic acids and derivatives; Organonitrogen compounds; Organooxygen compounds; Fatty amides; Amino acids and derivatives; Carboxylic acid amides; Carboxylic acid derivatives; N-acyl amines; Tertiary carboxylic acid amides; Carbonyl compounds; Trialkylamines; Benzene and substituted derivatives; Phenol ethers; Benzenoids; Amines; Aralkylamines; Fatty Acyls; Organic oxides; Methoxybenzenes; Azacyclic compounds; Hydrocarbon derivatives; Organopnictogen compounds; Organic oxygen compounds; Organic nitrogen compounds; Chemical entities	724.469	398	6.625	857339387504018840	857336442575408300	857336442575408299	6004	
1	C12H26O5	[M + H]+	C12H27O5+	Fatty acids	0.998	Fatty acyls	0.974	Fatty alcohols	0.994	Lipids and lipid-like molecules	0.713	Fatty Acyls	0.608	Fatty alcohols	0.570			Fatty alcohols	0.570	Organic compounds; Lipids and lipid-like molecules; Alcohols and polyols; Ethers; Primary alcohols; Organooxygen compounds; Dialkyl ethers; Fatty alcohols; Secondary alcohols; Fatty Acyls; Hydrocarbon derivatives; Organic oxygen compounds; Chemical entities	251.185	406	6.767	857339352708072828	857336442915146944	857336442915146943	6264	
1	C12H31N4O4	[M + H]+	C12H32N4O4+	Carbohydrates	0.467	Histidine alkaloids	0.294	Imidazole alkaloids	0.294	Organoheterocyclic compounds	0.651	Azoles	0.846	Imidazoles	0.836	Substituted imidazoles	0.732	N-substituted imidazoles	0.606	Organic compounds; Organoheterocyclic compounds; Imidazoles; Ethers; Organonitrogen compounds; Organooxygen compounds; Azoles; Monoalkylamines; Dialkyl ethers; Substituted imidazoles; N-substituted imidazoles; Amines; Primary amines; Azacyclic compounds; Hydrocarbon derivatives; Organopnictogen compounds; Organic oxygen compounds; Organic nitrogen compounds; Chemical entities	296.243	406	6.770	857339521885324731	857336442978061508	857336442978061507	6284	
1	C24H38O5	[M + H]+	C24H39O5+	Terpenoids	0.812	Steroids	0.681	Cholane steroids	0.044	Lipids and lipid-like molecules	0.853	Steroids and steroid derivatives	0.705					Steroids and steroid derivatives	0.705	Organic compounds; Lipids and lipid-like molecules; Alcohols and polyols; Steroids and steroid derivatives; Organic acids and derivatives; Carboxylic acids and derivatives; Organooxygen compounds; Secondary alcohols; Carbonyl compounds; Organic oxides; Hydrocarbon derivatives; Organic oxygen compounds; Chemical entities	407.280	407	6.775	857339467485201841	857336443036781768	857336443036781767	6243	
1	C41H69NO12	[M + H]+	C41H70NO12+	Polyketides	0.919	Macrolides	0.957	Spirotetronate macrolides	0.483	Lipids and lipid-like molecules	0.564	Steroids and steroid derivatives	0.653					Steroids and steroid derivatives	0.653	Organic compounds; Organoheterocyclic compounds; Carbohydrates and carbohydrate conjugates; Lipids and lipid-like molecules; Alcohols and polyols; Ethers; Steroids and steroid derivatives; Organic acids and derivatives; Carboxylic acids and derivatives; Organonitrogen compounds; Organooxygen compounds; Hydroxy acids and derivatives; Carboxylic acid derivatives; Monocarboxylic acids and derivatives; Carboxylic acid esters; Monosaccharides; Acetals; Secondary alcohols; Beta hydroxy acids and derivatives; Carbonyl compounds; Oxanes; Glycosyl compounds; O-glycosyl compounds; Polyols; Organic oxides; Oxacyclic compounds; Hydrocarbon derivatives; Organopnictogen compounds; Organic oxygen compounds; Organic nitrogen compounds; Chemical entities	768.495	407	6.778	857339788034888859	857336443099696332	857336443099696331	6218	
1	C23H36O5	[M + H]+	C23H37O5+	Polyketides	0.815	Aromatic polyketides	0.947	Catechols with side chains	0.597	Benzenoids	0.959	Benzene and substituted derivatives	0.913	Benzoic acids and derivatives	0.517			Benzoic acids and derivatives	0.517	Organic compounds; Alkyl aryl ethers; Phenols; Benzoic acids and derivatives; Ethers; Organic acids and derivatives; Benzoyl derivatives; Organooxygen compounds; Benzene and substituted derivatives; Phenol ethers; Benzenoids; Hydrocarbon derivatives; Organic oxygen compounds; 1-hydroxy-2-unsubstituted benzenoids; 1-hydroxy-4-unsubstituted benzenoids; Phenoxy compounds; Chemical entities	393.265	407	6.780	857339791507772581	857336443175193808	857336443175193807	6230	
1	C16H22N2O2	[M + H]+	C16H23N2O2+	Amino acids and Peptides	0.159	Linear polyketides	0.268	Dipeptides	0.049	Benzenoids	0.997	Benzene and substituted derivatives	0.988	Anilides	0.716			Anilides	0.716	Organic compounds; Organoheterocyclic compounds; Organic acids and derivatives; Carboxylic acids and derivatives; Organonitrogen compounds; Anilides; Organooxygen compounds; Carboxylic acid amides; Carboxylic acid derivatives; Secondary carboxylic acid amides; Carbonyl compounds; Benzene and substituted derivatives; Benzenoids; Pyrazolidinones; N-arylamides; Organic oxides; Azacyclic compounds; Hydrocarbon derivatives; Organopnictogen compounds; Organic oxygen compounds; Organic nitrogen compounds; Chemical entities	275.176	410	6.835	857339805193786976	857336443254885588	857336443254885587	6302	
1	C11H22O5	[M + H]+	C11H23O5+	Polyketides	0.452	Macrolides	0.290	Macrolide lactones	0.726	Lipids and lipid-like molecules	0.624	Fatty Acyls	0.542					Fatty Acyls	0.542	Organic compounds; Lipids and lipid-like molecules; Alcohols and polyols; Organic acids and derivatives; Carboxylic acids and derivatives; Organooxygen compounds; Carboxylic acid derivatives; Carboxylic acid esters; Secondary alcohols; Carbonyl compounds; Fatty Acyls; Organic oxides; Hydrocarbon derivatives; Organic oxygen compounds; Chemical entities	235.154	413	6.892	857339798218659094	857336443326188760	857336443326188759	6265	
1	C16H29N7O4	[M + H]+	C16H30N7O4+	Carbohydrates	0.733	Nucleosides	0.505	Purine nucleosides	0.274	Organoheterocyclic compounds	0.966	Imidazopyrimidines	0.646	Purines and purine derivatives	0.631	6-aminopurines	0.523	6-aminopurines	0.523	Organic compounds; Organoheterocyclic compounds; Imidazoles; Alcohols and polyols; Purines and purine derivatives; Ethers; Organonitrogen compounds; Primary alcohols; Organooxygen compounds; Azoles; Dialkyl ethers; Imidazopyrimidines; Substituted imidazoles; N-substituted imidazoles; Amines; Primary amines; Tertiary amines; Tertiary alkylarylamines; 6-aminopurines; Dialkylarylamines; 1,3,5-triazines; Azacyclic compounds; Heteroaromatic compounds; Hydrocarbon derivatives; Organopnictogen compounds; Organic oxygen compounds; Organic nitrogen compounds; Chemical entities	384.235	414	6.905	857339802748507732	857336443401686236	857336443401686235	6418	
1	C18H36N8O4	[M + H]+	C18H37N8O4+	Amino acids and Peptides	0.353	Nucleosides	0.137	Purine nucleosides	0.040	Organoheterocyclic compounds	0.739	Triazines	0.502	Aminotriazines	0.523			Aminotriazines	0.523	Organic compounds; Organoheterocyclic compounds; Triazines; Alcohols and polyols; Ethers; Organonitrogen compounds; Primary alcohols; Organooxygen compounds; Monoalkylamines; Dialkyl ethers; Aminotriazines; Amines; Primary amines; 1,3,5-triazines; Azacyclic compounds; Hydrocarbon derivatives; Organopnictogen compounds; Organic oxygen compounds; Organic nitrogen compounds; Chemical entities	429.293	414	6.906	857339801343415882	857336443464600800	857336443464600799	6416	
1	C24H40O4	[M + Na]+	C24H40NaO4+	Fatty acids	0.700	Glycerolipids	0.537	Diacylglycerols	0.202	Benzenoids	0.279	Benzene and substituted derivatives	0.680					Benzene and substituted derivatives	0.680	Organic compounds; Ethers; Organic acids and derivatives; Carboxylic acids and derivatives; Organooxygen compounds; Dicarboxylic acids and derivatives; Carboxylic acid derivatives; Carboxylic acid esters; Benzene and substituted derivatives; Organic oxides; Hydrocarbon derivatives; Organic oxygen compounds; Chemical entities	415.278	415	6.913	857339807186081507	857336443531709668	857336443531709667	6433	
1	C8H15NO	[M + H]+	C8H16NO+	Fatty acids	0.989	Fatty amides	0.996	Primary amides	0.963	Lipids and lipid-like molecules	0.484	Fatty Acyls	0.455	Fatty amides	0.545			Fatty amides	0.545	Organic compounds; Organic acids and derivatives; Carboxylic acids and derivatives; Organonitrogen compounds; Organooxygen compounds; Fatty amides; Carboxylic acid amides; Carboxylic acid derivatives; Secondary carboxylic acid amides; Carbonyl compounds; Organic oxides; Hydrocarbon derivatives; Organopnictogen compounds; Organic oxygen compounds; Organic nitrogen compounds; Chemical entities	142.123	416	6.932	857339803125995102	857336443598818536	857336443598818535	6450	
1	C17H33NO5	[M + H]+	C17H34NO5+	Fatty acids	0.330	Linear polyketides	0.585	Open-chain polyketides	0.512	Lipids and lipid-like molecules	0.636	Fatty Acyls	0.601					Fatty Acyls	0.601	Organic compounds; Lipids and lipid-like molecules; Alcohols and polyols; Organic acids and derivatives; Carboxylic acids and derivatives; Organonitrogen compounds; Organooxygen compounds; Carboxylic acid amides; Carboxylic acid derivatives; Secondary alcohols; Carbonyl compounds; Fatty Acyls; Organic oxides; Hydrocarbon derivatives; Organopnictogen compounds; Organic oxygen compounds; Organic nitrogen compounds; Chemical entities	332.243	416	6.939	857339831429161346	857336443665927404	857336443665927403	6461	
1	C12H31N4O4	[M + H]+	C12H32N4O4+	Carbohydrates	0.747	Small peptides	0.329	Purine nucleosides	0.277	Organoheterocyclic compounds	0.445	Azoles	0.737	Imidazoles	0.836	Substituted imidazoles	0.767	N-substituted imidazoles	0.594	Organic compounds; Imidazoles; Alcohols and polyols; Ethers; Organonitrogen compounds; Primary alcohols; Organooxygen compounds; Azoles; Monoalkylamines; Dialkyl ethers; Substituted imidazoles; N-substituted imidazoles; Amines; Primary amines; Azacyclic compounds; Hydrocarbon derivatives; Organopnictogen compounds; Organic oxygen compounds; Organic nitrogen compounds; Chemical entities	296.243	416	6.940	857339813284599863	857336443737230576	857336443737230575	6506	
1	C15H22O3	[M + H]+	C15H23O3+	Terpenoids	0.984	Sesquiterpenoids	0.912	Eremophilane sesquiterpenoids	0.135	Lipids and lipid-like molecules	0.724	Prenol lipids	0.650	Sesquiterpenoids	0.528			Sesquiterpenoids	0.528	Organic compounds; Lipids and lipid-like molecules; Ketones; Prenol lipids; Organic acids and derivatives; Carboxylic acids and derivatives; Organooxygen compounds; Monocarboxylic acids and derivatives; Carboxylic acids; Sesquiterpenoids; Carbonyl compounds; Organic oxides; Hydrocarbon derivatives; Organic oxygen compounds; Chemical entities	251.164	416	6.941	857339854904689716	857336443808533748	857336443804339443	6454	
1	C12H26O5	[M + H]+	C12H27O5+	Fatty acids	0.999	Fatty acyls	0.946	Fatty alcohols	0.986	Lipids and lipid-like molecules	0.743	Fatty Acyls	0.631					Fatty Acyls	0.631	Organic compounds; Lipids and lipid-like molecules; Alcohols and polyols; Ethers; Primary alcohols; Organooxygen compounds; Dialkyl ethers; Secondary alcohols; Fatty Acyls; Hydrocarbon derivatives; Organic oxygen compounds; Chemical entities	251.185	419	6.979	857339815088150593	857336443976305916	857336443976305915	6555	
1	C15H22O4	[M + H]+	C15H23O4+	Terpenoids	0.952	Sesquiterpenoids	0.865	Germacrane sesquiterpenoids	0.034	Lipids and lipid-like molecules	0.525							Lipids and lipid-like molecules	0.525	Organic compounds; Organoheterocyclic compounds; Lipids and lipid-like molecules; Lactones; Ketones; Organic acids and derivatives; Carboxylic acids and derivatives; Organooxygen compounds; Carboxylic acid derivatives; Monocarboxylic acids and derivatives; Carboxylic acid esters; Carbonyl compounds; Organic oxides; Oxacyclic compounds; Hydrocarbon derivatives; Organic oxygen compounds; Chemical entities	267.159	420	7.008	857339855730967625	857336444051803392	857336444047609087	6549	
1	C22H17FN6O2	[M + H]+	C22H18FN6O2+	Alkaloids	0.695	Tryptophan alkaloids	0.033	Carboline alkaloids	0.040	Benzenoids	0.898	Benzene and substituted derivatives	0.553	Halobenzenes	0.657	Fluorobenzenes	0.728	Fluorobenzenes	0.728	Organic compounds; Organoheterocyclic compounds; Halobenzenes; Pyridines and derivatives; Organic acids and derivatives; Carboxylic acids and derivatives; Organohalogen compounds; Organonitrogen compounds; Organooxygen compounds; Azoles; Carboxylic acid amides; Aryl fluorides; Carboxylic acid derivatives; Fluorobenzenes; Organofluorides; Secondary carboxylic acid amides; Benzene and substituted derivatives; Benzenoids; Aryl halides; Organic oxides; Azacyclic compounds; Oxacyclic compounds; Heteroaromatic compounds; Hydrocarbon derivatives; Organopnictogen compounds; Organic oxygen compounds; Organic nitrogen compounds; Chemical entities	417.146	421	7.015	857339826861563418	857336444123106564	857336444123106563	6523	
1	C17H31NO5	[M + H]+	C17H32NO5+	Alkaloids	0.284	Ornithine alkaloids	0.176	Open-chain polyketides	0.129	Lipids and lipid-like molecules	0.695	Fatty Acyls	0.680					Fatty Acyls	0.680	Organic compounds; Lipids and lipid-like molecules; Alcohols and polyols; Organic acids and derivatives; Carboxylic acids and derivatives; Organonitrogen compounds; Organooxygen compounds; Carboxylic acid amides; Carboxylic acid derivatives; Monocarboxylic acids and derivatives; Carboxylic acid esters; Secondary alcohols; Carbonyl compounds; Amines; Fatty Acyls; Organic oxides; Hydrocarbon derivatives; Organopnictogen compounds; Organic oxygen compounds; Organic nitrogen compounds; Chemical entities	330.228	422	7.026	857339854808220714	857336444194409736	857336444190215431	6576	
1	C11H19NO2	[M + H]+	C11H20NO2+	Fatty acids	0.774	Fatty amides	0.266	N-acyl amines	0.107	Lipids and lipid-like molecules	0.791	Fatty Acyls	0.821	Fatty acid esters	0.545			Fatty acid esters	0.545	Organic compounds; Lipids and lipid-like molecules; Organic acids and derivatives; Carboxylic acids and derivatives; Organonitrogen compounds; Organooxygen compounds; Fatty acid esters; Carboxylic acid derivatives; Monocarboxylic acids and derivatives; Carboxylic acid esters; Carbonyl compounds; Fatty Acyls; Organic oxides; Hydrocarbon derivatives; Organopnictogen compounds; Organic oxygen compounds; Organic nitrogen compounds; Chemical entities	198.149	422	7.030	857340435463475128	857336444303461644	857336444299267339	6573	
1	C12H27N	[M + H]+	C12H28N+	Alkaloids	0.434	Ornithine alkaloids	0.707	Polyamines	0.555	Organic nitrogen compounds	1.000	Organonitrogen compounds	1.000	Amines	0.998	Tertiary amines	0.990	Trialkylamines	0.986	Organic compounds; Organonitrogen compounds; Trialkylamines; Amines; Tertiary amines; Hydrocarbon derivatives; Organopnictogen compounds; Organic nitrogen compounds; Chemical entities	186.222	422	7.037	857339839658394665	857336444383153424	857336444383153423	6590	
1	C20H31N5O4	[M + H]+	C20H32N5O4+	Alkaloids	0.541	Pseudoalkaloids (transamidation)	0.528	Purine alkaloids	0.343	Organic nitrogen compounds	1.000	Organonitrogen compounds	0.999	Amines	0.964	Tertiary amines	0.646	Dialkylarylamines	0.667	Organic compounds; Organoheterocyclic compounds; Alcohols and polyols; Ethers; Organonitrogen compounds; Primary alcohols; Organooxygen compounds; Benzene and substituted derivatives; Benzenoids; Amines; Tertiary amines; Tertiary alkylarylamines; Dialkylarylamines; Azacyclic compounds; Heteroaromatic compounds; Hydrocarbon derivatives; Organopnictogen compounds; Organic oxygen compounds; Organic nitrogen compounds; Chemical entities	406.249	422	7.039	857339855949071443	857336444454456596	857336444450262291	6624	
1	C25H40O6	[M + H]+	C25H41O6+	Shikimates and Phenylpropanoids	0.332	Aromatic polyketides	0.270	Dibenzylbutane lignans	0.100	Benzenoids	0.641	Phenol ethers	0.551					Phenol ethers	0.551	Organic compounds; Alkyl aryl ethers; Ethers; Organooxygen compounds; Dialkyl ethers; Benzene and substituted derivatives; Phenol ethers; Benzenoids; Hydrocarbon derivatives; Organic oxygen compounds; Chemical entities	437.291	422	7.041	857340013763956643	857336444525759768	857336444525759767	6628	
1	C26H42O6	[M + H]+	C26H43O6+	Terpenoids	0.263	Lignans	0.093	Dibenzylbutane lignans	0.032	Benzenoids	0.689	Phenol ethers	0.542					Phenol ethers	0.542	Organic compounds; Alkyl aryl ethers; Ethers; Organooxygen compounds; Dialkyl ethers; Benzene and substituted derivatives; Phenol ethers; Benzenoids; Organic oxides; Hydrocarbon derivatives; Organic oxygen compounds; Chemical entities	451.306	423	7.046	857340434293264301	857336444601257244	857336444597062939	6626	
1	C19H38N8O5	[M + H]+	C19H39N8O5+	Amino acids and Peptides	0.650	Oligopeptides	0.605	Cyclic peptides	0.100	Organic oxygen compounds	0.999	Organooxygen compounds	0.993	Ethers	0.635	Dialkyl ethers	0.715	Dialkyl ethers	0.715	Organic compounds; Organoheterocyclic compounds; Ethers; Organic acids and derivatives; Organonitrogen compounds; Primary alcohols; Organooxygen compounds; Monoalkylamines; Dialkyl ethers; Amines; Primary amines; Organic oxides; Azacyclic compounds; Hydrocarbon derivatives; Organopnictogen compounds; Organic oxygen compounds; Organic nitrogen compounds; Chemical entities	459.304	429	7.153	857340003928313719	857336444693531936	857336444689337631	6779	
1	C18H33N7O5	[M + H]+	C18H34N7O5+	Carbohydrates	0.513	Nucleosides	0.127	Aminoglycosides	0.069	Organoheterocyclic compounds	0.599	Triazines	0.305	1,3,5-triazines	0.570			1,3,5-triazines	0.570	Organic compounds; Organoheterocyclic compounds; Alcohols and polyols; Ethers; Organonitrogen compounds; Primary alcohols; Organooxygen compounds; Monoalkylamines; Dialkyl ethers; Amines; Primary amines; Tertiary amines; 1,3,5-triazines; Azacyclic compounds; Hydrocarbon derivatives; Organopnictogen compounds; Organic oxygen compounds; Organic nitrogen compounds; Chemical entities	428.262	430	7.167	857339975805505389	857336444777418020	857336444777418019	6799	
1	C12H16O	[M + H]+	C12H17O+	Terpenoids	0.800	Sesquiterpenoids	0.600	Bisabolane sesquiterpenoids	0.741	Benzenoids	0.989	Benzene and substituted derivatives	0.941	Phenylpropanes	0.618			Phenylpropanes	0.618	Organic compounds; Ketones; Organooxygen compounds; Carbonyl compounds; Benzene and substituted derivatives; Benzenoids; Phenylpropanes; Organic oxides; Hydrocarbon derivatives; Organic oxygen compounds; Chemical entities	177.127	432	7.200	857340012295950217	857336444899052840	857336444899052839	6829	
1	C11H21NO4Se	[M + H]+	C11H22NO4Se+	Fatty acids	0.625	Small peptides	0.389	Aminoacids	0.094	Organic acids and derivatives	0.977	Carboxylic acids and derivatives	0.959	Amino acids, peptides, and analogues	0.799	Amino acids and derivatives	0.795	Alpha amino acids and derivatives	0.579	Organic compounds; Lipids and lipid-like molecules; Amino acids, peptides, and analogues; Alpha amino acids and derivatives; Organic acids and derivatives; Carboxylic acids and derivatives; Organonitrogen compounds; Organooxygen compounds; Amino acids and derivatives; Organometallic compounds; Carboxylic acid derivatives; Monocarboxylic acids and derivatives; Carboxylic acid esters; Organometalloid compounds; Carbonyl compounds; Selenoethers; Organoselenium compounds; Fatty Acyls; Organic oxides; Hydrocarbon derivatives; Organic oxygen compounds; Organic nitrogen compounds; Chemical entities	306.076	432	7.203	857340498499669949	857336445083602224	857336445083602223	6839	
1	C10H22O4	[M + Na]+	C10H22NaO4+	Fatty acids	0.999	Fatty Acids and Conjugates	0.875	Fatty alcohols	0.832	Lipids and lipid-like molecules	0.876	Fatty Acyls	0.908					Fatty Acyls	0.908	Organic compounds; Lipids and lipid-like molecules; Alcohols and polyols; Organic acids and derivatives; Carboxylic acids and derivatives; Primary alcohols; Organooxygen compounds; Carboxylic acids; Carbonyl compounds; Fatty Acyls; Organic oxides; Hydrocarbon derivatives; Organic oxygen compounds; Chemical entities	229.141	432	7.205	857340745665810384	857336445318483260	857336445318483259	6849	
1	C6H14O4	[M + H]+	C6H15O4+	Fatty acids	0.935	Fatty acyls	0.949	Fatty alcohols	0.983	Organic oxygen compounds	1.000	Organooxygen compounds	0.999	Carbohydrates and carbohydrate conjugates	0.138	Sugar alcohols	0.666	Sugar alcohols	0.666	Organic compounds; Alcohols and polyols; Ethers; Primary alcohols; Organooxygen compounds; Sugar alcohols; Polyols; Hydrocarbon derivatives; Organic oxygen compounds; Chemical entities	151.097	432	7.205	857340763936199156	857336445402369344	857336445402369343	6858	
1	C9H15FO	[M + H]+	C9H16FO+	Terpenoids	0.444	Monoterpenoids	0.311	Halogenated fatty acids	0.176	Benzenoids	0.862	Benzene and substituted derivatives	0.803	Phenylpropanes	0.574			Phenylpropanes	0.574	Organic compounds; Halobenzenes; Organohalogen compounds; Organooxygen compounds; Aryl fluorides; Fluorobenzenes; Organofluorides; Benzene and substituted derivatives; Benzenoids; Phenylpropanes; Hydrocarbon derivatives; Organic oxygen compounds; Chemical entities	159.117	432	7.205	857340776183566848	857336445494644036	857336445494644035	6831	
1	C10H22O4	[M + H]+	C10H23O4+	Fatty acids	0.992	Fatty acyls	0.887	Fatty alcohols	0.943	Lipids and lipid-like molecules	0.551							Lipids and lipid-like molecules	0.551	Organic compounds; Lipids and lipid-like molecules; Alcohols and polyols; Ethers; Primary alcohols; Organooxygen compounds; Dialkyl ethers; Secondary alcohols; Hydrocarbon derivatives; Organic oxygen compounds; Chemical entities	207.159	432	7.206	857340800208540171	857336445578530120	857336445578530119	6845	
1	C10H22O4	[M + H3N + H]+	C10H26NO4+	Fatty acids	0.995	Fatty acyls	0.877	Fatty alcohols	0.945	Lipids and lipid-like molecules	0.710	Fatty Acyls	0.690					Fatty Acyls	0.690	Organic compounds; Lipids and lipid-like molecules; Alcohols and polyols; Primary alcohols; Organooxygen compounds; Fatty Acyls; Hydrocarbon derivatives; Organic oxygen compounds; Chemical entities	224.186	432	7.206	857340818332127768	857336445641444684	857336445641444683	6850	
1	C27H35N3O3	[M + H]+	C27H36N3O3+	Alkaloids	0.951	Tryptophan alkaloids	0.280	Isoquinoline alkaloids	0.173	Organic nitrogen compounds	1.000	Organonitrogen compounds	1.000	Amines	0.970	Aralkylamines	0.899	Aralkylamines	0.899	Organic compounds; Organoheterocyclic compounds; Piperidines; Organonitrogen compounds; Organooxygen compounds; Trialkylamines; Benzenoids; Amines; Tertiary amines; Aralkylamines; Azacyclic compounds; Hydrocarbon derivatives; Organopnictogen compounds; Organic oxygen compounds; Organic nitrogen compounds; Chemical entities	450.275	437	7.276	857340876595212682	857336445830188376	857336445830188375	6973	
1	C12H17NO2	[M + H]+	C12H18NO2+	Alkaloids	0.996	Nicotinic acid alkaloids	0.991	Pyridine alkaloids	0.991	Organoheterocyclic compounds	0.997	Pyridines and derivatives	0.975	Pyridinecarboxylic acids and derivatives	0.542	Pyridinecarboxylic acids	0.588	Pyridinecarboxylic acids	0.588	Organic compounds; Organoheterocyclic compounds; Pyridines and derivatives; Alkyl aryl ethers; Ethers; Organic acids and derivatives; Organonitrogen compounds; Organooxygen compounds; Pyridinecarboxylic acids and derivatives; Pyridinecarboxylic acids; Organic oxides; Azacyclic compounds; Heteroaromatic compounds; Hydrocarbon derivatives; Organopnictogen compounds; Organic oxygen compounds; Organic nitrogen compounds; Chemical entities	208.133	440	7.337	857340890994258339	857336445901491548	857336445897297243	7066	
1	C12H27NO	[M + H]+	C12H28NO+	Fatty acids	0.760	Fatty amides	0.167	Sphingoid bases	0.071	Organic nitrogen compounds	1.000	Organonitrogen compounds	0.999	Amines	0.980	Tertiary amines	0.836	Trialkylamines	0.788	Organic compounds; Organonitrogen compounds; Organooxygen compounds; Trialkylamines; Amines; Tertiary amines; Hydrocarbon derivatives; Organopnictogen compounds; Organic oxygen compounds; Organic nitrogen compounds; Chemical entities	202.217	441	7.357	857340890620965281	857336446056680804	857336446052486499	7088	
1	C25H46N2O8	[M + H]+	C25H47N2O8+	Amino acids and Peptides	0.759	Oligopeptides	0.480	Tripeptides	0.380	Organic acids and derivatives	0.984	Carboxylic acids and derivatives	0.965	Amino acids, peptides, and analogues	0.748	Amino acids and derivatives	0.732	Alpha amino acids and derivatives	0.663	Organic compounds; Amino acids, peptides, and analogues; Alpha amino acids and derivatives; Ethers; Organic acids and derivatives; Carboxylic acids and derivatives; Organonitrogen compounds; Organooxygen compounds; Dicarboxylic acids and derivatives; Amino acids and derivatives; Monoalkylamines; Carboxylic acid amides; Carboxylic acid derivatives; Dialkyl ethers; Carboxylic acids; Secondary carboxylic acid amides; Carbonyl compounds; Primary amines; Organic oxides; Hydrocarbon derivatives; Amino acids; Organopnictogen compounds; Organic oxygen compounds; Organic nitrogen compounds; Chemical entities	503.330	443	7.381	857340907314295516	857336446123789672	857336446123789671	7126	
1	C24H41NO8	[M + H]+	C24H42NO8+	Alkaloids	0.628	Linear polyketides	0.179	Open-chain polyketides	0.118	Lipids and lipid-like molecules	0.517							Lipids and lipid-like molecules	0.517	Organic compounds; Lipids and lipid-like molecules; Ethers; Organic acids and derivatives; Carboxylic acids and derivatives; Organonitrogen compounds; Organooxygen compounds; Dialkyl ethers; Carbonyl compounds; Amines; Organic oxides; Hydrocarbon derivatives; Organopnictogen compounds; Organic oxygen compounds; Organic nitrogen compounds; Chemical entities	472.288	443	7.382	857340910309028582	857336446186704236	857336446186704235	7118	
1	C26H48N2O8	[M + H]+	C26H49N2O8+	Amino acids and Peptides	0.816	Small peptides	0.606	Tripeptides	0.428	Organic acids and derivatives	0.996	Carboxylic acids and derivatives	0.991	Amino acids, peptides, and analogues	0.923	Peptides	0.640	Peptides	0.640	Organic compounds; Lipids and lipid-like molecules; Amino acids, peptides, and analogues; Alpha amino acids and derivatives; Fatty acids and conjugates; Organic acids and derivatives; Carboxylic acids and derivatives; Organonitrogen compounds; Organooxygen compounds; Amino acids and derivatives; Peptides; Monoalkylamines; Carboxylic acid amides; Carboxylic acid derivatives; N-acyl amines; Dialkyl ethers; Carboxylic acids; Secondary carboxylic acid amides; Carbonyl compounds; N-acyl-alpha amino acids; Amines; Primary amines; Fatty Acyls; Organic oxides; Hydrocarbon derivatives; Amino acids; Organopnictogen compounds; Organic oxygen compounds; Organic nitrogen compounds; Chemical entities	517.346	443	7.385	857340911793812208	857336446253813104	857336446253813103	7137	
1	C12H16O3	[M + H]+	C12H17O3+	Polyketides	0.482	Sesquiterpenoids	0.410	Bisabolane sesquiterpenoids	0.160	Benzenoids	0.787	Benzene and substituted derivatives	0.584					Benzene and substituted derivatives	0.584	Organic compounds; Organic acids and derivatives; Carboxylic acids and derivatives; Organooxygen compounds; Carboxylic acid derivatives; Monocarboxylic acids and derivatives; Carboxylic acid esters; Carbonyl compounds; Benzene and substituted derivatives; Benzenoids; Organic oxides; Hydrocarbon derivatives; Organic oxygen compounds; Chemical entities	209.117	445	7.423	857340922493482269	857336446320921972	857336446316727667	7191	
1	C12H27NO3	[M + H]+	C12H28NO3+	Fatty acids	0.964	Spingolipids	0.391	Sphingoid bases	0.898	Organic nitrogen compounds	1.000	Organonitrogen compounds	1.000	Amines	0.995	Alkanolamines	0.975	1,2-aminoalcohols	0.968	Organic compounds; Alcohols and polyols; Organonitrogen compounds; Primary alcohols; Organooxygen compounds; 1,2-aminoalcohols; Amines; Alkanolamines; Hydrocarbon derivatives; Organopnictogen compounds; Organic oxygen compounds; Organic nitrogen compounds; Chemical entities	234.206	446	7.429	857340916667593662	857336446392225144	857336446392225143	7192	
1	C16H31NO5	[M + H]+	C16H32NO5+	Fatty acids	0.995	Fatty amides	0.948	N-acyl amines	0.799	Lipids and lipid-like molecules	0.971	Fatty Acyls	0.967	Fatty amides	0.879	N-acyl amines	0.865	N-acyl amines	0.865	Organic compounds; Lipids and lipid-like molecules; Alcohols and polyols; Organic acids and derivatives; Carboxylic acids and derivatives; Organonitrogen compounds; Primary alcohols; Organooxygen compounds; Fatty amides; Carboxylic acid amides; Carboxylic acid derivatives; N-acyl amines; Monocarboxylic acids and derivatives; Secondary alcohols; Secondary carboxylic acid amides; Carbonyl compounds; Fatty Acyls; Organic oxides; Hydrocarbon derivatives; Organopnictogen compounds; Organic oxygen compounds; Organic nitrogen compounds; Chemical entities	318.228	447	7.444	857340918496310209	857336446463528316	857336446463528315	7201	
1	C7H5NOS	[M + H]+	C7H6NOS+	Alkaloids	0.804	Anthranilic acid alkaloids	0.113	Pyridine alkaloids	0.021	Organoheterocyclic compounds	0.996	Benzothiazoles	0.926					Benzothiazoles	0.926	Organic compounds; Organoheterocyclic compounds; Thiazoles; Organonitrogen compounds; Benzothiazoles; Organooxygen compounds; Azoles; Benzenoids; Organic oxides; Azacyclic compounds; Heteroaromatic compounds; Hydrocarbon derivatives; Organopnictogen compounds; Organic oxygen compounds; Organic nitrogen compounds; Chemical entities	152.017	447	7.450	857341238509123479	857336446534831488	857336446530637183	7229	
1	C29H39N3O4	[M + H]+	C29H40N3O4+	Alkaloids	0.943	Tyrosine alkaloids	0.320	Isoquinoline alkaloids	0.276	Organic nitrogen compounds	0.999	Organonitrogen compounds	0.999	Amines	0.942	Aralkylamines	0.864	Aralkylamines	0.864	Organic compounds; Organoheterocyclic compounds; Piperidines; Ethers; Organonitrogen compounds; Organooxygen compounds; Trialkylamines; Benzenoids; Amines; Tertiary amines; Aralkylamines; Azacyclic compounds; Hydrocarbon derivatives; Organopnictogen compounds; Organic oxygen compounds; Organic nitrogen compounds; Chemical entities	494.301	449	7.489	857340963266311533	857336446597746052	857336446593551747	7276	
1	C16H31N5O	[M + H]+	C16H32N5O+	Alkaloids	0.962	Pseudoalkaloids (transamidation)	0.179	Purine alkaloids	0.047	Organoheterocyclic compounds	0.966	Triazines	0.617	Aminotriazines	0.698	1,3,5-triazine-2,4-diamines	0.519	1,3,5-triazine-2,4-diamines	0.519	Organic compounds; Organoheterocyclic compounds; Triazines; Ethers; Organonitrogen compounds; Organooxygen compounds; Dialkyl ethers; Aminotriazines; Amines; Primary amines; N-aliphatic s-triazines; 1,3,5-triazines; Azacyclic compounds; Heteroaromatic compounds; Hydrocarbon derivatives; Organopnictogen compounds; Organic oxygen compounds; Organic nitrogen compounds; 1,3,5-triazine-2,4-diamines; Chemical entities	310.259	452	7.532	857341049694140278	857336446748741004	857336446748741003	7327	
1	C12H27N	[M + H]+	C12H28N+	Alkaloids	0.771	Ornithine alkaloids	0.370	Polyamines	0.750	Organic nitrogen compounds	1.000	Organonitrogen compounds	1.000	Amines	0.974	Secondary amines	0.806	Dialkylamines	0.836	Organic compounds; Organonitrogen compounds; Dialkylamines; Amines; Secondary amines; Hydrocarbon derivatives; Organopnictogen compounds; Organic nitrogen compounds; Chemical entities	186.222	454	7.563	857341009617565275	857336446824238480	857336446820044175	7376	
1	C12H25NO3	[M + H]+	C12H26NO3+	Fatty acids	0.762	Fatty amides	0.618	N-acyl amines	0.283	Lipids and lipid-like molecules	0.644	Fatty Acyls	0.591					Fatty Acyls	0.591	Organic compounds; Lipids and lipid-like molecules; Ethers; Organic acids and derivatives; Carboxylic acids and derivatives; Organonitrogen compounds; Organooxygen compounds; Carbonyl compounds; Amines; Fatty Acyls; Organic oxides; Hydrocarbon derivatives; Organopnictogen compounds; Organic oxygen compounds; Organic nitrogen compounds; Chemical entities	232.191	454	7.568	857341038294021990	857336446916513172	857336446912318867	7351	
1	C34H46N2O4	[M + H]+	C34H47N2O4+	Fatty acids	0.527	Small peptides	0.016	Pyrimidine nucleosides	0.033	Benzenoids	0.898							Benzenoids	0.898	Organic compounds; Lipids and lipid-like molecules; Organic acids and derivatives; Carboxylic acids and derivatives; Organonitrogen compounds; Organooxygen compounds; Monocarboxylic acids and derivatives; Carboxylic acids; Benzenoids; Amines; Organic oxides; Hydrocarbon derivatives; Organopnictogen compounds; Organic oxygen compounds; Organic nitrogen compounds; Chemical entities	547.356	455	7.584	857341271748982689	857336446983622040	857336446979427735	7383	
1	C22H41N7O7	[M + H]+	C22H42N7O7+	Amino acids and Peptides	0.520	Oligopeptides	0.593	Cyclic peptides	0.136	Organic acids and derivatives	0.612	Carboxylic acids and derivatives	0.437	Carboxylic acid derivatives	0.419	Carboxylic acid amides	0.553	Hydroxamic acids	0.625	Organic compounds; Alcohols and polyols; Ethers; Organic acids and derivatives; Organonitrogen compounds; Primary alcohols; Organooxygen compounds; Hydroxamic acids; Carboxylic acid amides; Dialkyl ethers; Amines; Organic oxides; Hydrocarbon derivatives; Organopnictogen compounds; Organic oxygen compounds; Organic nitrogen compounds; Chemical entities	516.315	455	7.592	857341049002080108	857336447046536604	857336447046536603	7402	
1	C12H26O5	[M + H3N + H]+	C12H30NO5+	Fatty acids	0.963	Fatty acyls	0.526	Fatty alcohols	0.405	Organic oxygen compounds	1.000	Organooxygen compounds	1.000	Ethers	0.996	Dialkyl ethers	0.995	Polyethylene glycols	0.846	Organic compounds; Alcohols and polyols; Ethers; Primary alcohols; Organooxygen compounds; Dialkyl ethers; Polyethylene glycols; Hydrocarbon derivatives; Organic oxygen compounds; Chemical entities	268.212	456	7.601	857341105528715141	857336447113645472	857336447109451167	7455	
1	C6H21N9O2	[M + H]+	C6H22N9O2+	Alkaloids	0.305	Histidine alkaloids	0.267	Imidazole alkaloids	0.264	Organoheterocyclic compounds	0.827	Azoles	0.614					Azoles	0.614	Organic compounds; Organoheterocyclic compounds; Organonitrogen compounds; Azoles; Organic nitro compounds; Amines; Organic 1,3-dipolar compounds; Allyl-type 1,3-dipolar organic compounds; Organic oxides; Azacyclic compounds; Heteroaromatic compounds; Hydrocarbon derivatives; Organopnictogen compounds; Organic oxygen compounds; Organic nitrogen compounds; Chemical entities	252.189	456	7.602	857341274320091053	857336447184948644	857336447184948643	7411	
1	C15H33N2O2	[M + Na]+	C15H33N2NaO2+	Alkaloids	0.431	Ornithine alkaloids	0.261	Polyamines	0.269	Organic acids and derivatives	0.836	Carboxylic acids and derivatives	0.697	Amino acids, peptides, and analogues	0.694	Amino acids and derivatives	0.693	Carbamate esters	0.591	Organic compounds; Amino acids, peptides, and analogues; Organic acids and derivatives; Carboxylic acids and derivatives; Organonitrogen compounds; Carbamic acids and derivatives; Organooxygen compounds; Amino acids and derivatives; Carbamate esters; Dialkyl ethers; Carbonyl compounds; Amines; Organic oxides; Hydrocarbon derivatives; Organopnictogen compounds; Organic oxygen compounds; Organic nitrogen compounds; Chemical entities	296.243	456	7.603	857341647231466109	857336447252057512	857336447247863207	7453	
1	C12H26O5	[M + H]+	C12H27O5+	Fatty acids	0.953	Fatty acyls	0.647	Fatty alcohols	0.342	Organic oxygen compounds	1.000	Organooxygen compounds	1.000	Ethers	0.997	Dialkyl ethers	0.996	Polyethylene glycols	0.805	Organic compounds; Alcohols and polyols; Ethers; Primary alcohols; Organooxygen compounds; Dialkyl ethers; Polyethylene glycols; Hydrocarbon derivatives; Organic oxygen compounds; Chemical entities	251.185	456	7.606	857341664604276085	857336447319166380	857336447319166379	7460	
1	C12H20O7	[M + H]+	C12H21O7+	Fatty acids	0.657	Fatty esters	0.300	Dicarboxylic acids	0.083	Lipids and lipid-like molecules	0.866	Fatty Acyls	0.833	Fatty acid esters	0.888			Fatty acid esters	0.888	Organic compounds; Lipids and lipid-like molecules; Alcohols and polyols; Organic acids and derivatives; Carboxylic acids and derivatives; Organooxygen compounds; Fatty acid esters; Dicarboxylic acids and derivatives; Carboxylic acid derivatives; Carboxylic acid esters; Tertiary alcohols; Carbonyl compounds; Fatty Acyls; Organic oxides; Hydrocarbon derivatives; Organic oxygen compounds; Chemical entities	277.128	460	7.669	857341651866173722	857336447424023988	857336447419829683	7477	
1	C16H31N5O	[M + H]+	C16H32N5O+	Alkaloids	0.487	Small peptides	0.218	Imidazole alkaloids	0.118	Benzenoids	0.836	Benzene and substituted derivatives	0.896	Benzoic acids and derivatives	0.577			Benzoic acids and derivatives	0.577	Organic compounds; Benzoic acids and derivatives; Organic acids and derivatives; Carboxylic acids and derivatives; Organonitrogen compounds; Benzoyl derivatives; Organooxygen compounds; Carboxylic acid amides; Carboxylic acid derivatives; Benzene and substituted derivatives; Benzenoids; Amines; Organic oxides; Azacyclic compounds; Hydrocarbon derivatives; Organopnictogen compounds; Organic oxygen compounds; Organic nitrogen compounds; Chemical entities	310.259	463	7.723	857341651761316101	857336447507910072	857336447507910071	7628	
1	C13H28O5	[M + H]+	C13H29O5+	Fatty acids	0.983	Glycerolipids	0.856	Monoacylglycerols	0.359	Lipids and lipid-like molecules	0.184	Glycerolipids	0.545	Glycerol ethers	0.646			Glycerol ethers	0.646	Organic compounds; Glycerolipids; Ethers; Organooxygen compounds; Dialkyl ethers; Glycerol ethers; Hydrocarbon derivatives; Organic oxygen compounds; Chemical entities	265.201	464	7.726	857341651752927483	857336447558241724	857336447558241723	7631	
1	C2H4O2	[M + K]+	C2H4KO2+	Fatty acids	0.939	Fatty acyls	0.778	Fatty alcohols	0.317	Organic oxygen compounds	0.991	Organooxygen compounds	0.945	Carbonyl compounds	0.282	Aldehydes	0.134	Short-chain aldehydes	0.584	Organic compounds; Alcohols and polyols; Organooxygen compounds; Short-chain aldehydes; Hydrocarbon derivatives; Organic oxygen compounds; Chemical entities	98.984	467	7.784	857341656060477758	857336447616961984	857336447616961983	7700	
1	C12H18O4	[M + H]+	C12H19O4+	Terpenoids	0.589	Monoterpenoids	0.233	Macrolide lactones	0.434	Lipids and lipid-like molecules	0.573							Lipids and lipid-like molecules	0.573	Organic compounds; Lipids and lipid-like molecules; Alcohols and polyols; Organic acids and derivatives; Carboxylic acids and derivatives; Organooxygen compounds; Carboxylic acid derivatives; Monocarboxylic acids and derivatives; Carboxylic acid esters; Carbonyl compounds; Organic oxides; Hydrocarbon derivatives; Organic oxygen compounds; Chemical entities	227.128	470	7.827	857341664491029867	857336447780539848	857336447780539847	7798	
1	C12H20O7	[M + H]+	C12H21O7+	Fatty acids	0.643	Fatty esters	0.312	Dicarboxylic acids	0.076	Lipids and lipid-like molecules	0.862	Fatty Acyls	0.828	Fatty acid esters	0.884			Fatty acid esters	0.884	Organic compounds; Lipids and lipid-like molecules; Alcohols and polyols; Organic acids and derivatives; Carboxylic acids and derivatives; Organooxygen compounds; Fatty acid esters; Dicarboxylic acids and derivatives; Carboxylic acid derivatives; Carboxylic acid esters; Tertiary alcohols; Carbonyl compounds; Fatty Acyls; Organic oxides; Hydrocarbon derivatives; Organic oxygen compounds; Chemical entities	277.128	471	7.855	857341679837990337	857336447939923412	857336447939923411	7927	
1	C13H25N5O3	[M + Na]+	C13H25N5NaO3+	Amino acids and Peptides	0.474	Small peptides	0.702	Dipeptides	0.205	Organic nitrogen compounds	1.000	Organonitrogen compounds	0.999	Guanidines	0.825			Guanidines	0.825	Organic compounds; Organic acids and derivatives; Organonitrogen compounds; Organooxygen compounds; Guanidines; Carbonyl compounds; Amines; Primary amines; Carboximidamides; Organic 1,3-dipolar compounds; Propargyl-type 1,3-dipolar organic compounds; Organic oxides; Hydrocarbon derivatives; Organopnictogen compounds; Organic oxygen compounds; Organic nitrogen compounds; Chemical entities	322.186	475	7.912	857341680328724721	857336448028003804	857336448028003803	7976	
1	C9H14O5	[M + H]+	C9H15O5+	Polyketides	0.510	Cyclic polyketides	0.238	Macrolide lactones	0.202	Organic oxygen compounds	1.000	Organooxygen compounds	1.000	Carbonyl compounds	0.969	1,3-dicarbonyl compounds	0.627	1,3-dicarbonyl compounds	0.627	Organic compounds; Ketones; 1,3-dicarbonyl compounds; Organic acids and derivatives; Carboxylic acids and derivatives; Organooxygen compounds; Carboxylic acid derivatives; Carboxylic acid esters; Carbonyl compounds; Organic oxides; Hydrocarbon derivatives; Organic oxygen compounds; Chemical entities	203.091	476	7.930	857341696313223024	857336448074141152	857336448074141151	7965	
1	C14H24O3	[M + H]+	C14H25O3+	Fatty acids	0.903	Fatty esters	0.340	Macrolide lactones	0.213	Lipids and lipid-like molecules	0.605	Fatty Acyls	0.652					Fatty Acyls	0.652	Organic compounds; Lipids and lipid-like molecules; Organic acids and derivatives; Carboxylic acids and derivatives; Organooxygen compounds; Carboxylic acid derivatives; Monocarboxylic acids and derivatives; Carboxylic acid esters; Carbonyl compounds; Fatty Acyls; Organic oxides; Hydrocarbon derivatives; Organic oxygen compounds; Chemical entities	241.180	480	8.006	857341697340827514	857336448158027240	857336448158027239	8065	
1	C11H21NO2	[M + H]+	C11H22NO2+	Fatty acids	0.741	Fatty esters	0.442	Aminoacids	0.272	Organic acids and derivatives	0.990	Carboxylic acids and derivatives	0.987	Amino acids, peptides, and analogues	0.727	Amino acids and derivatives	0.728	Amino acids and derivatives	0.728	Organic compounds; Lipids and lipid-like molecules; Amino acids, peptides, and analogues; Organic acids and derivatives; Carboxylic acids and derivatives; Organonitrogen compounds; Organooxygen compounds; Fatty acid esters; Amino acids and derivatives; Carboxylic acid derivatives; Monocarboxylic acids and derivatives; Carboxylic acid esters; Carbonyl compounds; Amines; Fatty Acyls; Organic oxides; Hydrocarbon derivatives; Organopnictogen compounds; Organic oxygen compounds; Organic nitrogen compounds; Chemical entities	200.165	482	8.031	857341723156768684	857336448208358892	857336448204164587	8079	
1	C21H28O6	[M + H]+	C21H29O6+	Polyketides	0.304	Aromatic polyketides	0.425	Simple aromatic polyketides	0.524	Benzenoids	1.000	Benzene and substituted derivatives	0.993	Diphenylmethanes	0.752			Diphenylmethanes	0.752	Organic compounds; Alkyl aryl ethers; Alcohols and polyols; Glycerolipids; Ethers; Primary alcohols; Organooxygen compounds; Diphenylmethanes; Dialkyl ethers; Secondary alcohols; Benzene and substituted derivatives; Polyols; Phenol ethers; Glycerol ethers; Benzenoids; 1,2-diols; Phenylpropanes; Monoalkylglycerols; Monoradylglycerols; Hydrocarbon derivatives; 1-O-alkylglycerols; Organic oxygen compounds; Phenoxy compounds; Chemical entities	377.196	487	8.125	857341718920521634	857336448313216500	857336448313216499	8208	
1	C12H16O3	[M + H]+	C12H17O3+	Shikimates and Phenylpropanoids	0.524	Sesquiterpenoids	0.196	Menthane monoterpenoids	0.048	Benzenoids	0.999	Benzene and substituted derivatives	0.984	Phenoxyacetic acid derivatives	0.592			Phenoxyacetic acid derivatives	0.592	Organic compounds; Alkyl aryl ethers; Ethers; Organic acids and derivatives; Carboxylic acids and derivatives; Organooxygen compounds; Phenoxyacetic acid derivatives; Carboxylic acid derivatives; Monocarboxylic acids and derivatives; Carboxylic acid esters; Carbonyl compounds; Benzene and substituted derivatives; Phenol ethers; Benzenoids; Organic oxides; Hydrocarbon derivatives; Organic oxygen compounds; Phenoxy compounds; Chemical entities	209.117	487	8.125	857341704710219672	857336448371936760	857336448371936759	8207	
1	C13H25N5O3	[M + Na]+	C13H25N5NaO3+	Amino acids and Peptides	0.432	Small peptides	0.674	Dipeptides	0.178	Organic nitrogen compounds	1.000	Organonitrogen compounds	0.999	Guanidines	0.833			Guanidines	0.833	Organic compounds; Organonitrogen compounds; Organooxygen compounds; Guanidines; Carbonyl compounds; Amines; Primary amines; Carboximidamides; Organic 1,3-dipolar compounds; Propargyl-type 1,3-dipolar organic compounds; Organic oxides; Hydrocarbon derivatives; Organopnictogen compounds; Organic oxygen compounds; Organic nitrogen compounds; Chemical entities	322.186	491	8.177	857341736314300344	857336448439045628	857336448434851323	8305	
1	C12H20O7	[M + H]+	C12H21O7+	Fatty acids	0.700	Fatty esters	0.303	Dicarboxylic acids	0.114	Lipids and lipid-like molecules	0.860	Fatty Acyls	0.824	Fatty acid esters	0.880			Fatty acid esters	0.880	Organic compounds; Lipids and lipid-like molecules; Alcohols and polyols; Organic acids and derivatives; Carboxylic acids and derivatives; Organooxygen compounds; Fatty acid esters; Dicarboxylic acids and derivatives; Carboxylic acid derivatives; Carboxylic acid esters; Tertiary alcohols; Carbonyl compounds; Fatty Acyls; Organic oxides; Hydrocarbon derivatives; Organic oxygen compounds; Chemical entities	277.128	491	8.186	857341700511721358	857336448493571584	857336448493571583	8327	
1	C10H18O4	[M + H]+	C10H19O4+	Fatty acids	0.902	Fatty Acids and Conjugates	0.556	Hydroxy fatty acids	0.286	Lipids and lipid-like molecules	0.653	Fatty Acyls	0.641	Fatty acids and conjugates	0.526			Fatty acids and conjugates	0.526	Organic compounds; Lipids and lipid-like molecules; Alcohols and polyols; Fatty acids and conjugates; Organic acids and derivatives; Carboxylic acids and derivatives; Organooxygen compounds; Monocarboxylic acids and derivatives; Carboxylic acids; Secondary alcohols; Carbonyl compounds; Fatty Acyls; Organic oxides; Hydrocarbon derivatives; Organic oxygen compounds; Chemical entities	203.128	492	8.193	857341754605660100	857336448606817800	857336448606817799	8308	
1	C12H13NO2	[M + H]+	C12H14NO2+	Alkaloids	0.970	Anthranilic acid alkaloids	0.313	Quinoline alkaloids	0.545	Organic oxygen compounds	1.000	Organooxygen compounds	0.998	Ethers	0.709	Alkyl aryl ethers	0.705	Alkyl aryl ethers	0.705	Organic compounds; Organoheterocyclic compounds; Alkyl aryl ethers; Ethers; Organic acids and derivatives; Organonitrogen compounds; Organooxygen compounds; Benzenoids; Organic oxides; Azacyclic compounds; Heteroaromatic compounds; Hydrocarbon derivatives; Organopnictogen compounds; Organic oxygen compounds; Organic nitrogen compounds; Chemical entities	204.102	492	8.195	857341787874879448	857336448669732364	857336448669732363	8313	
1	C9H14O5	[M + H]+	C9H15O5+	Fatty acids	0.823	Fatty Acids and Conjugates	0.430	Dicarboxylic acids	0.383	Organic acids and derivatives	0.994	Carboxylic acids and derivatives	0.984	Dicarboxylic acids and derivatives	0.601			Dicarboxylic acids and derivatives	0.601	Organic compounds; Lipids and lipid-like molecules; Ketones; 1,3-dicarbonyl compounds; Organic acids and derivatives; Carboxylic acids and derivatives; Organooxygen compounds; Dicarboxylic acids and derivatives; Keto acids and derivatives; Carboxylic acid derivatives; Carboxylic acids; Carboxylic acid esters; Carbonyl compounds; Fatty Acyls; Organic oxides; Hydrocarbon derivatives; Organic oxygen compounds; Chemical entities	203.091	492	8.199	857341898994577050	857336448728452624	857336448728452623	8326	
1	C17H31N5O2	[M + H]+	C17H32N5O2+	Alkaloids	0.466	Small peptides	0.134	Purine alkaloids	0.063	Organic acids and derivatives	0.734	Carboxylic acids and derivatives	0.728	Amino acids, peptides, and analogues	0.568	Amino acids and derivatives	0.565	Amino acids and derivatives	0.565	Organic compounds; Organoheterocyclic compounds; Amino acids, peptides, and analogues; Pyrimidines and pyrimidine derivatives; Organic acids and derivatives; Carboxylic acids and derivatives; Organonitrogen compounds; Organooxygen compounds; Amino acids and derivatives; Carboxylic acid derivatives; Aminopyrimidines and derivatives; Diazines; Carbonyl compounds; Amines; Tertiary amines; Imidolactams; Organic oxides; Azacyclic compounds; Heteroaromatic compounds; Hydrocarbon derivatives; Organopnictogen compounds; Organic oxygen compounds; Organic nitrogen compounds; Chemical entities	338.254	493	8.219	857341910864457508	857336448787172884	857336448782978579	8353	
1	C14H28O6	[M + H]+	C14H29O6+	Fatty acids	0.856	Glycerolipids	0.467	Monoacylglycerols	0.334	Lipids and lipid-like molecules	0.591	Glycerolipids	0.792	Glycerol ethers	0.656			Glycerol ethers	0.656	Organic compounds; Lipids and lipid-like molecules; Alcohols and polyols; Glycerolipids; Ethers; Organooxygen compounds; Dialkyl ethers; Glycerol ethers; Hydrocarbon derivatives; Organic oxygen compounds; Chemical entities	293.196	493	8.223	857341903922884261	857336448845893144	857336448845893143	8357	
1	C11H19NO2	[M + H]+	C11H20NO2+	Fatty acids	0.826	Fatty amides	0.827	Primary amides	0.183	Lipids and lipid-like molecules	0.574	Fatty Acyls	0.640					Fatty Acyls	0.640	Organic compounds; Lipids and lipid-like molecules; Organic acids and derivatives; Carboxylic acids and derivatives; Organonitrogen compounds; Organooxygen compounds; Carboxylic acid amides; Carboxylic acid derivatives; Monocarboxylic acids and derivatives; Carboxylic acid esters; Carbonyl compounds; Fatty Acyls; Organic oxides; Hydrocarbon derivatives; Organopnictogen compounds; Organic oxygen compounds; Organic nitrogen compounds; Chemical entities	198.149	498	8.293	857341911720095535	857336448963333664	857336448959139359	8471	
1	C10H18O4	[M + H]+	C10H19O4+	Fatty acids	0.877	Fatty esters	0.550	Macrolide lactones	0.268	Lipids and lipid-like molecules	0.506	Fatty Acyls	0.506					Fatty Acyls	0.506	Organic compounds; Lipids and lipid-like molecules; Alcohols and polyols; Organic acids and derivatives; Carboxylic acids and derivatives; Organooxygen compounds; Carboxylic acid derivatives; Monocarboxylic acids and derivatives; Carboxylic acid esters; Carbonyl compounds; Fatty Acyls; Organic oxides; Hydrocarbon derivatives; Organic oxygen compounds; Chemical entities	203.128	504	8.398	857341914358312755	857336449017859620	857336449017859619	8589	
1	C10H18O4	[M + H]+	C10H19O4+	Fatty acids	0.848	Fatty esters	0.587	Macrolide lactones	0.303	Organic acids and derivatives	0.890	Carboxylic acids and derivatives	0.885	Carboxylic acid derivatives	0.817	Carboxylic acid esters	0.828	Carboxylic acid esters	0.828	Organic compounds; Organic acids and derivatives; Carboxylic acids and derivatives; Organooxygen compounds; Carboxylic acid derivatives; Monocarboxylic acids and derivatives; Carboxylic acid esters; Carbonyl compounds; Organic oxides; Hydrocarbon derivatives; Organic oxygen compounds; Chemical entities	203.128	510	8.494	857341915687907132	857336449198214704	857336449194020399	8769	
1	C17H26N2O	[M + H]+	C17H27N2O+	Alkaloids	0.996	Nicotinic acid alkaloids	0.936	Pyridine alkaloids	0.936	Alkaloids and derivatives	0.515							Alkaloids and derivatives	0.515	Organic compounds; Organoheterocyclic compounds; Pyridines and derivatives; Organic acids and derivatives; Carboxylic acids and derivatives; Organonitrogen compounds; Alkaloids and derivatives; Organooxygen compounds; Carboxylic acid amides; Carboxylic acid derivatives; Carbonyl compounds; Organic oxides; Azacyclic compounds; Heteroaromatic compounds; Hydrocarbon derivatives; Organopnictogen compounds; Organic oxygen compounds; Organic nitrogen compounds; Chemical entities	275.212	514	8.567	857341918762331981	857336449248546356	857336449248546355	8843	
1	C11H19NO2	[M + H]+	C11H20NO2+	Fatty acids	0.819	Fatty amides	0.759	Primary amides	0.253	Lipids and lipid-like molecules	0.594	Fatty Acyls	0.660					Fatty Acyls	0.660	Organic compounds; Lipids and lipid-like molecules; Organic acids and derivatives; Carboxylic acids and derivatives; Organonitrogen compounds; Organooxygen compounds; Carboxylic acid amides; Carboxylic acid derivatives; Monocarboxylic acids and derivatives; Carboxylic acid esters; Carbonyl compounds; Fatty Acyls; Organic oxides; Hydrocarbon derivatives; Organopnictogen compounds; Organic oxygen compounds; Organic nitrogen compounds; Chemical entities	198.149	519	8.650	857341921748676686	857336449361792572	857336449361792571	8938	
1	C10H18O4	[M + H]+	C10H19O4+	Fatty acids	0.975	Fatty Acids and Conjugates	0.661	Dicarboxylic acids	0.586	Organic acids and derivatives	0.988	Carboxylic acids and derivatives	0.985	Dicarboxylic acids and derivatives	0.697			Dicarboxylic acids and derivatives	0.697	Organic compounds; Lipids and lipid-like molecules; 1,3-dicarbonyl compounds; Organic acids and derivatives; Carboxylic acids and derivatives; Organooxygen compounds; Dicarboxylic acids and derivatives; Carboxylic acid derivatives; Carboxylic acids; Carboxylic acid esters; Carbonyl compounds; Fatty Acyls; Organic oxides; Hydrocarbon derivatives; Organic oxygen compounds; Chemical entities	203.128	520	8.671	857341923313152159	857336449416318528	857336449416318527	8981	
1	C12H25NO3	[M + H]+	C12H26NO3+	Fatty acids	0.989	Fatty amides	0.989	N-acyl ethanolamines (endocannabinoids)	0.965	Lipids and lipid-like molecules	0.975	Fatty Acyls	0.983	Fatty amides	0.978	N-acyl amines	0.989	N-acyl amines	0.989	Organic compounds; Lipids and lipid-like molecules; Alcohols and polyols; Organic acids and derivatives; Carboxylic acids and derivatives; Organonitrogen compounds; Primary alcohols; Organooxygen compounds; Fatty amides; Carboxylic acid amides; Carboxylic acid derivatives; N-acyl amines; Tertiary carboxylic acid amides; Carbonyl compounds; Amines; Alkanolamines; Fatty Acyls; Organic oxides; Hydrocarbon derivatives; Organopnictogen compounds; Organic oxygen compounds; Organic nitrogen compounds; Chemical entities	232.191	520	8.674	857341927561982131	857336449479233092	857336449479233091	8971	
1	C22H29NO6	[M + H]+	C22H30NO6+	Amino acids and Peptides	0.516	Small peptides	0.054	Aminoacids	0.023	Organic acids and derivatives	0.971	Carboxylic acids and derivatives	0.964	Amino acids, peptides, and analogues	0.860	Amino acids and derivatives	0.857	Amino acids and derivatives	0.857	Organic compounds; Lipids and lipid-like molecules; Amino acids, peptides, and analogues; Alkyl aryl ethers; Alcohols and polyols; Ethers; Organic acids and derivatives; Carboxylic acids and derivatives; Organonitrogen compounds; Organooxygen compounds; Amino acids and derivatives; Carboxylic acid derivatives; Monocarboxylic acids and derivatives; Secondary alcohols; Carbonyl compounds; 1,2-aminoalcohols; Benzene and substituted derivatives; Phenol ethers; Benzenoids; Amines; Organic oxides; Hydrocarbon derivatives; Organopnictogen compounds; Organic oxygen compounds; Organic nitrogen compounds; Phenoxy compounds; Chemical entities	404.207	524	8.736	857342039969332994	857336449533759048	857336449533759047	9042	
1	C12H18O2	[M + H]+	C12H19O2+	Terpenoids	0.947	Sesquiterpenoids	0.645	Irregular monoterpenoids	0.195	Lipids and lipid-like molecules	0.560	Prenol lipids	0.567					Prenol lipids	0.567	Organic compounds; Lipids and lipid-like molecules; Prenol lipids; Organic acids and derivatives; Carboxylic acids and derivatives; Organooxygen compounds; Carboxylic acid derivatives; Monocarboxylic acids and derivatives; Carboxylic acid esters; Carbonyl compounds; Organic oxides; Hydrocarbon derivatives; Organic oxygen compounds; Chemical entities	195.138	524	8.738	857342040275517198	857336449592479308	857336449592479307	9050	
1	C12H13NO2	[M + H]+	C12H14NO2+	Alkaloids	0.968	Tryptophan alkaloids	0.373	Quinoline alkaloids	0.381	Organoheterocyclic compounds	0.948	Quinolines and derivatives	0.430	Quinolones and derivatives	0.576	Hydroquinolones	0.502	Hydroquinolones	0.502	Organic compounds; Organoheterocyclic compounds; Quinolones and derivatives; Alkyl aryl ethers; Organonitrogen compounds; Organooxygen compounds; Pyridinones; Hydroquinolones; Benzenoids; Organic oxides; Azacyclic compounds; Heteroaromatic compounds; Hydrocarbon derivatives; Organopnictogen compounds; Organic oxygen compounds; Organic nitrogen compounds; Chemical entities	204.102	526	8.761	857342044234940185	857336449709919828	857336449709919827	9089	
1	C9H10O	[M + H]+	C9H11O+	Shikimates and Phenylpropanoids	0.938	Phenylpropanoids (C6-C3)	0.983	Cinnamic acids and derivatives	0.981	Benzenoids	0.966	Benzene and substituted derivatives	0.632					Benzene and substituted derivatives	0.632	Organic compounds; Organooxygen compounds; Benzene and substituted derivatives; Benzenoids; Hydrocarbon derivatives; Organic oxygen compounds; Chemical entities	135.081	529	8.810	857342039889641200	857336449768640088	857336449768640087	9192	
1	C21H28O6	[M + H]+	C21H29O6+	Polyketides	0.320	Aromatic polyketides	0.484	Simple aromatic polyketides	0.664	Benzenoids	0.999	Benzene and substituted derivatives	0.990	Diphenylmethanes	0.694			Diphenylmethanes	0.694	Organic compounds; Alkyl aryl ethers; Alcohols and polyols; Glycerolipids; Ethers; Primary alcohols; Organooxygen compounds; Diphenylmethanes; Dialkyl ethers; Secondary alcohols; Benzene and substituted derivatives; Polyols; Phenol ethers; Glycerol ethers; Benzenoids; 1,2-diols; Phenylpropanes; Monoalkylglycerols; Monoradylglycerols; Hydrocarbon derivatives; 1-O-alkylglycerols; Organic oxygen compounds; Phenoxy compounds; Chemical entities	377.196	530	8.827	857342051298149259	857336449827360348	857336449827360347	9186	
1	C16H23O12	[M + Na]+	C16H23NaO12+	Shikimates and Phenylpropanoids	0.376	Phenylpropanoids (C6-C3)	0.353	Cinnamic acids and derivatives	0.390	Organic oxygen compounds	1.000	Organooxygen compounds	1.000	Carbohydrates and carbohydrate conjugates	0.935	Glycosyl compounds	0.589	Phenolic glycosides	0.579	Organic compounds; Organoheterocyclic compounds; Carbohydrates and carbohydrate conjugates; Alkyl aryl ethers; Alcohols and polyols; Phenols; Anisoles; Ethers; Organic acids and derivatives; Carboxylic acids and derivatives; Organooxygen compounds; Monosaccharides; Acetals; Secondary alcohols; Carbonyl compounds; Oxanes; Glycosyl compounds; O-glycosyl compounds; Benzene and substituted derivatives; Polyols; Phenol ethers; Benzenoids; Organic oxides; Methoxybenzenes; Oxacyclic compounds; Hydrocarbon derivatives; Phenolic glycosides; Organic oxygen compounds; Phenoxy compounds; Chemical entities	430.108	530	8.828	857342081836883747	857336449890274912	857336449886080607	9180	
1	C10H11N2O2	[M + H3N + H]+	C10H15N3O2+	Shikimates and Phenylpropanoids	0.146	Sesquiterpenoids	0.024	Phenylethylamines	0.012	Benzenoids	0.994	Phenol ethers	0.825					Phenol ethers	0.825	Organic compounds; Alkyl aryl ethers; Ethers; Organonitrogen compounds; Organooxygen compounds; Benzene and substituted derivatives; Phenol ethers; Benzenoids; Hydrocarbon derivatives; Organopnictogen compounds; Organic oxygen compounds; Organic nitrogen compounds; Phenoxy compounds; Chemical entities	209.117	530	8.828	857342055375012757	857336449953189476	857336449948995171	9173	
1	C21H28O6	[M + H3N + H]+	C21H32NO6+	Polyketides	0.330	Aromatic polyketides	0.502	Simple aromatic polyketides	0.680	Benzenoids	0.999	Benzene and substituted derivatives	0.989	Diphenylmethanes	0.705			Diphenylmethanes	0.705	Organic compounds; Alkyl aryl ethers; Alcohols and polyols; Glycerolipids; Ethers; Primary alcohols; Organooxygen compounds; Diphenylmethanes; Dialkyl ethers; Secondary alcohols; Benzene and substituted derivatives; Polyols; Phenol ethers; Glycerol ethers; Benzenoids; 1,2-diols; Phenylpropanes; Monoalkylglycerols; Monoradylglycerols; Hydrocarbon derivatives; 1-O-alkylglycerols; Organic oxygen compounds; Phenoxy compounds; Chemical entities	394.223	530	8.830	857342068108926373	857336450062241388	857336450062241387	9190	
1	C17H25O14	[M + Na]+	C17H25NaO14+	Terpenoids	0.469	Monoterpenoids	0.769	Secoiridoid monoterpenoids	0.488	Organic oxygen compounds	1.000	Organooxygen compounds	1.000	Carbohydrates and carbohydrate conjugates	0.990	Glycosyl compounds	0.910	O-glycosyl compounds	0.904	Organic compounds; Organoheterocyclic compounds; Carbohydrates and carbohydrate conjugates; Alkyl aryl ethers; Alcohols and polyols; Phenols; Anisoles; Methoxyphenols; Ethers; Phenylpropanoids and polyketides; Organic acids and derivatives; Carboxylic acids and derivatives; Primary alcohols; Organooxygen compounds; Monosaccharides; Acetals; Secondary alcohols; Carbonyl compounds; Oxanes; Glycosyl compounds; O-glycosyl compounds; Benzene and substituted derivatives; Polyols; Phenol ethers; Benzenoids; Organic oxides; Methoxybenzenes; Oxacyclic compounds; Hydrocarbon derivatives; Organic oxygen compounds; Phenoxy compounds; Chemical entities	476.113	530	8.830	857342094046502731	857336450125155952	857336450120961647	9171	
1	C11H31N5O5P2	[M + H]+	C11H32N5O5P2+	Alkaloids	0.120	Nucleosides	0.242	Purine nucleotides	0.098	Organoheterocyclic compounds	0.623	Imidazopyrimidines	0.812	Purines and purine derivatives	0.821	6-aminopurines	0.745	6-aminopurines	0.745	Organic compounds; Organoheterocyclic compounds; Pyrimidines and pyrimidine derivatives; Imidazoles; Purines and purine derivatives; Organic acids and derivatives; Organonitrogen compounds; Organooxygen compounds; Organic phosphoric acids and derivatives; Phosphate esters; Azoles; Organic phosphoramides; Aminopyrimidines and derivatives; Diazines; Imidazopyrimidines; Substituted imidazoles; N-substituted imidazoles; Amines; Primary amines; 6-aminopurines; Imidolactams; Organic oxides; Azacyclic compounds; Heteroaromatic compounds; Hydrocarbon derivatives; Organopnictogen compounds; Organic oxygen compounds; Organic nitrogen compounds; Chemical entities	376.188	530	8.831	857342165320310671	857336450204847732	857336450204847731	9202	
1	C12H27N	[M + H]+	C12H28N+	Fatty acids	0.776	Ornithine alkaloids	0.444	Polyamines	0.768	Organic nitrogen compounds	1.000	Organonitrogen compounds	1.000	Amines	0.987	Secondary amines	0.881	Dialkylamines	0.916	Organic compounds; Organonitrogen compounds; Dialkylamines; Amines; Secondary amines; Hydrocarbon derivatives; Organopnictogen compounds; Organic nitrogen compounds; Chemical entities	186.222	530	8.835	857342187315240858	857336450263567992	857336450259373687	9177	
1	C9H14O5	[M + H]+	C9H15O5+	Fatty acids	0.933	Fatty esters	0.598	Dicarboxylic acids	0.144	Organic acids and derivatives	1.000	Keto acids and derivatives	0.808	Beta-keto acids and derivatives	0.709			Beta-keto acids and derivatives	0.709	Organic compounds; Lipids and lipid-like molecules; Ketones; 1,3-dicarbonyl compounds; Organic acids and derivatives; Carboxylic acids and derivatives; Organooxygen compounds; Fatty acid esters; Dicarboxylic acids and derivatives; Keto acids and derivatives; Carboxylic acid derivatives; Beta-keto acids and derivatives; Carboxylic acids; Carboxylic acid esters; Carbonyl compounds; Fatty Acyls; Organic oxides; Hydrocarbon derivatives; Organic oxygen compounds; Chemical entities	203.091	534	8.892	857342117144534894	857336450330676860	857336450330676859	9256	
1	C10H14O6	[M + H]+	C10H15O6+	Fatty acids	0.747	Fatty esters	0.503	Wax monoesters	0.182	Lipids and lipid-like molecules	0.634	Fatty Acyls	0.577	Fatty acid esters	0.620			Fatty acid esters	0.620	Organic compounds; Lipids and lipid-like molecules; Organic acids and derivatives; Carboxylic acids and derivatives; Organooxygen compounds; Fatty acid esters; Dicarboxylic acids and derivatives; Carboxylic acid derivatives; Carboxylic acid esters; Carbonyl compounds; Fatty Acyls; Organic oxides; Hydrocarbon derivatives; Organic oxygen compounds; Chemical entities	231.086	534	8.894	857342158328405890	857336450389397120	857336450389397119	9259	
1	C7H8O4	[M + H]+	C7H9O4+	Fatty acids	0.837	Fatty Acids and Conjugates	0.362	Simple cyclic polyketides	0.076	Organic oxygen compounds	1.000	Organooxygen compounds	1.000	Carbonyl compounds	0.978	1,3-dicarbonyl compounds	0.882	Beta-diketones	0.724	Organic compounds; Ketones; 1,3-dicarbonyl compounds; Organic acids and derivatives; Carboxylic acids and derivatives; Organooxygen compounds; Keto acids and derivatives; Carboxylic acid derivatives; Monocarboxylic acids and derivatives; Carboxylic acids; Carbonyl compounds; Beta-diketones; Organic oxides; Hydrocarbon derivatives; Organic oxygen compounds; Chemical entities	157.050	534	8.894	857342100459593572	857336450448117380	857336450448117379	9252	
1	C12H20O7	[M + H3N + H]+	C12H24NO7+	Fatty acids	0.690	Fatty esters	0.255	Dicarboxylic acids	0.133	Lipids and lipid-like molecules	0.885	Fatty Acyls	0.850	Fatty acid esters	0.897			Fatty acid esters	0.897	Organic compounds; Lipids and lipid-like molecules; Alcohols and polyols; Organic acids and derivatives; Carboxylic acids and derivatives; Organooxygen compounds; Fatty acid esters; Dicarboxylic acids and derivatives; Carboxylic acid derivatives; Carboxylic acid esters; Tertiary alcohols; Carbonyl compounds; Fatty Acyls; Organic oxides; Hydrocarbon derivatives; Organic oxygen compounds; Chemical entities	294.155	534	8.894	857342100006608730	857336450515226248	857336450511031943	9258	
1	C12H20O7	[M + H]+	C12H21O7+	Fatty acids	0.726	Fatty esters	0.324	Dicarboxylic acids	0.111	Lipids and lipid-like molecules	0.874	Fatty Acyls	0.833	Fatty acid esters	0.878			Fatty acid esters	0.878	Organic compounds; Lipids and lipid-like molecules; Alcohols and polyols; Organic acids and derivatives; Carboxylic acids and derivatives; Organooxygen compounds; Fatty acid esters; Dicarboxylic acids and derivatives; Carboxylic acid derivatives; Carboxylic acid esters; Tertiary alcohols; Carbonyl compounds; Fatty Acyls; Organic oxides; Hydrocarbon derivatives; Organic oxygen compounds; Chemical entities	277.128	534	8.895	857342085041332023	857336450703969936	857336450703969935	9253	
1	C14H27NO7	[M + H]+	C14H28NO7+	Amino acids and Peptides	0.467	Aminosugars and aminoglycosides	0.185	Cyanogenic glycosides	0.081	Organic oxygen compounds	1.000	Organooxygen compounds	1.000	Carbohydrates and carbohydrate conjugates	0.552			Carbohydrates and carbohydrate conjugates	0.552	Organic compounds; Carbohydrates and carbohydrate conjugates; Lipids and lipid-like molecules; Alcohols and polyols; Ethers; Organic acids and derivatives; Carboxylic acids and derivatives; Organonitrogen compounds; Organooxygen compounds; Carboxylic acid derivatives; Secondary alcohols; Carbonyl compounds; Polyols; Amines; Fatty Acyls; Organic oxides; Oxacyclic compounds; Hydrocarbon derivatives; Organopnictogen compounds; Organic oxygen compounds; Organic nitrogen compounds; Chemical entities	322.186	534	8.895	857342087616634689	857336450796244628	857336450796244627	9255	
1	C12H17Cl2N3O5	[M + Na]+	C12H17Cl2N3NaO5+	Carbohydrates	0.355	Nucleosides	0.223	Pyrimidine nucleosides	0.038	Organoheterocyclic compounds	0.993	Triazines	0.678	1,3,5-triazines	0.679	Alkoxy-S-triazines	0.773	Alkoxy-S-triazines	0.773	Organic compounds; Organoheterocyclic compounds; Triazines; Alkyl aryl ethers; Ethers; Organic acids and derivatives; Carboxylic acids and derivatives; Organohalogen compounds; Organonitrogen compounds; Organooxygen compounds; Aryl chlorides; Carboxylic acid esters; Organochlorides; Aminotriazines; Aryl halides; Organic oxides; 1,3,5-triazines; Azacyclic compounds; Oxacyclic compounds; Heteroaromatic compounds; Hydrocarbon derivatives; Organopnictogen compounds; Organic oxygen compounds; Alkoxy-S-triazines; Organic nitrogen compounds; Chemical entities	376.045	534	8.895	857342266193321883	857336450863353496	857336450863353495	9264	
1	C9H20N2O	[M + H]+	C9H21N2O+	Alkaloids	0.526	Fatty amides	0.308	Polyamines	0.189	Organic acids and derivatives	0.759	Organic carbonic acids and derivatives	0.645	Ureas	0.625			Ureas	0.625	Organic compounds; Organic acids and derivatives; Organonitrogen compounds; Organooxygen compounds; Organic carbonic acids and derivatives; Ureas; Carbonyl compounds; Organic oxides; Hydrocarbon derivatives; Organopnictogen compounds; Organic oxygen compounds; Organic nitrogen compounds; Chemical entities	173.165	536	8.925	857342163541925773	857336450917879452	857336450917879451	9231	
1	C9H19NOS	[M + H]+	C9H20NOS+	Fatty acids	0.598	Fatty amides	0.339	Primary amides	0.216	Organosulfur compounds	0.909	Thiocarbonyl compounds	0.536	Thiocarbamic acid derivatives	0.692			Thiocarbamic acid derivatives	0.692	Organic compounds; Organosulfur compounds; Organonitrogen compounds; Thiocarbonyl compounds; Thiocarbamic acid derivatives; Sulfenyl compounds; Organic oxides; Hydrocarbon derivatives; Organopnictogen compounds; Organic oxygen compounds; Organic nitrogen compounds; Chemical entities	190.126	536	8.940	857342354936406343	857336450980794016	857336450980794015	9341	
1	C19H37N5O2	[M + H]+	C19H38N5O2+	Alkaloids	0.884	Pseudoalkaloids (transamidation)	0.245	Purine alkaloids	0.024	Organoheterocyclic compounds	0.962	Triazines	0.807	Aminotriazines	0.752	1,3,5-triazine-2,4-diamines	0.538	1,3,5-triazine-2,4-diamines	0.538	Organic compounds; Organoheterocyclic compounds; Triazines; Ethers; Organonitrogen compounds; Organooxygen compounds; Dialkyl ethers; Aminotriazines; Amines; Tertiary amines; N-aliphatic s-triazines; 1,3,5-triazines; Azacyclic compounds; Heteroaromatic compounds; Hydrocarbon derivatives; Organopnictogen compounds; Organic oxygen compounds; Organic nitrogen compounds; 1,3,5-triazine-2,4-diamines; Chemical entities	368.301	538	8.958	857342355221619035	857336451039514276	857336451039514275	9362	
1	C12H15FN3	[M + H]+	C12H16FN3+	Alkaloids	0.884	Pseudoalkaloids (transamidation)	0.043	Imidazole alkaloids	0.032	Benzenoids	0.896	Benzene and substituted derivatives	0.923	Halobenzenes	0.934	Fluorobenzenes	0.919	Fluorobenzenes	0.919	Organic compounds; Organoheterocyclic compounds; Halobenzenes; Organohalogen compounds; Organonitrogen compounds; Azoles; Aryl fluorides; Fluorobenzenes; Organofluorides; Benzene and substituted derivatives; Benzenoids; Aryl halides; Azacyclic compounds; Heteroaromatic compounds; Hydrocarbon derivatives; Organopnictogen compounds; Organic nitrogen compounds; Chemical entities	221.133	538	8.973	857342364507808494	857336451098234536	857336451098234535	9342	
1	C11H21NO3	[M + H]+	C11H22NO3+	Fatty acids	0.947	Fatty amides	0.930	N-acyl amines	0.931	Organic acids and derivatives	1.000	Carboxylic acids and derivatives	1.000	Amino acids, peptides, and analogues	0.947	Amino acids and derivatives	0.945	N-acyl-alpha amino acids and derivatives	0.750	Organic compounds; Lipids and lipid-like molecules; Amino acids, peptides, and analogues; Alpha amino acids and derivatives; Alcohols and polyols; Organic acids and derivatives; Carboxylic acids and derivatives; Organonitrogen compounds; Organooxygen compounds; Fatty amides; Amino acids and derivatives; Carboxylic acid amides; Carboxylic acid derivatives; N-acyl amines; Monocarboxylic acids and derivatives; N-acyl-alpha amino acids and derivatives; Secondary carboxylic acid amides; Carbonyl compounds; Fatty Acyls; Organic oxides; Hydrocarbon derivatives; Organopnictogen compounds; Organic oxygen compounds; Organic nitrogen compounds; Chemical entities	216.160	543	9.049	857342396569076798	857336451148566188	857336451148566187	9475	
1	C10H17NO3	[M + H]+	C10H18NO3+	Amino acids and Peptides	0.803	Small peptides	0.255	Aminoacids	0.108	Lipids and lipid-like molecules	0.680	Fatty Acyls	0.678	Fatty acids and conjugates	0.503			Fatty acids and conjugates	0.503	Organic compounds; Lipids and lipid-like molecules; Fatty acids and conjugates; Organic acids and derivatives; Carboxylic acids and derivatives; Organonitrogen compounds; Organooxygen compounds; Carboxylic acid amides; Carboxylic acid derivatives; Monocarboxylic acids and derivatives; Carboxylic acids; Secondary carboxylic acid amides; Carbonyl compounds; Fatty Acyls; Organic oxides; Hydrocarbon derivatives; Organopnictogen compounds; Organic oxygen compounds; Organic nitrogen compounds; Chemical entities	200.128	548	9.129	857342401803569484	857336451211480752	857336451211480751	9562	
1	C10H18O4	[M - H2O + H]+	C10H17O3+	Fatty acids	0.996	Fatty Acids and Conjugates	0.958	Dicarboxylic acids	0.930	Lipids and lipid-like molecules	0.997	Fatty Acyls	0.995	Fatty acids and conjugates	0.772	Medium-chain fatty acids	0.676	Medium-chain fatty acids	0.676	Organic compounds; Lipids and lipid-like molecules; Fatty acids and conjugates; Organic acids and derivatives; Carboxylic acids and derivatives; Organooxygen compounds; Fatty acid esters; Dicarboxylic acids and derivatives; Carboxylic acid derivatives; Carboxylic acids; Carboxylic acid esters; Carbonyl compounds; Medium-chain fatty acids; Methyl esters; Fatty acid methyl esters; Fatty Acyls; Organic oxides; Hydrocarbon derivatives; Organic oxygen compounds; Chemical entities	185.117	553	9.213	857342396569076794	857336451333115576	857336451333115575	9667	
1	C11H17NO4Se	[M + H]+	C11H18NO4Se+	Amino acids and Peptides	0.570	Small peptides	0.358	Aminoacids	0.102	Organic acids and derivatives	0.930	Carboxylic acids and derivatives	0.899	Amino acids, peptides, and analogues	0.735	Amino acids and derivatives	0.735	Alpha amino acids and derivatives	0.548	Organic compounds; Organoheterocyclic compounds; Amino acids, peptides, and analogues; Alpha amino acids and derivatives; Organic acids and derivatives; Carboxylic acids and derivatives; Organonitrogen compounds; Organooxygen compounds; Amino acids and derivatives; Organometallic compounds; Carboxylic acid derivatives; Organometalloid compounds; Carbonyl compounds; Selenoethers; Organoselenium compounds; Organic oxides; Azacyclic compounds; Hydrocarbon derivatives; Organic oxygen compounds; Organic nitrogen compounds; Chemical entities	302.045	553	9.214	857342403032500880	857336451396030140	857336451396030139	9663	
1	C10H18O4	[M + H]+	C10H19O4+	Fatty acids	0.995	Fatty Acids and Conjugates	0.933	Dicarboxylic acids	0.913	Lipids and lipid-like molecules	0.995	Fatty Acyls	0.994	Fatty acids and conjugates	0.684	Medium-chain fatty acids	0.579	Medium-chain fatty acids	0.579	Organic compounds; Lipids and lipid-like molecules; Fatty acids and conjugates; Organic acids and derivatives; Carboxylic acids and derivatives; Organooxygen compounds; Fatty acid esters; Dicarboxylic acids and derivatives; Carboxylic acid derivatives; Carboxylic acids; Carboxylic acid esters; Carbonyl compounds; Medium-chain fatty acids; Methyl esters; Fatty acid methyl esters; Fatty Acyls; Organic oxides; Hydrocarbon derivatives; Organic oxygen compounds; Chemical entities	203.128	553	9.214	857342365539607293	857336451450556096	857336451446361791	9662	
1	C9H13FN2O3	[M + H]+	C9H14FN2O3+	Amino acids and Peptides	0.215	Small peptides	0.361	Aminoacids	0.146	Organohalogen compounds	0.995	Aryl halides	0.324	Aryl fluorides	0.577			Aryl fluorides	0.577	Organic compounds; Organic acids and derivatives; Carboxylic acids and derivatives; Organohalogen compounds; Organonitrogen compounds; Organooxygen compounds; Aryl fluorides; Carboxylic acid derivatives; Monocarboxylic acids and derivatives; Organofluorides; Carbonyl compounds; Organic oxides; Hydrocarbon derivatives; Organopnictogen compounds; Organic oxygen compounds; Organic nitrogen compounds; Chemical entities	217.097	553	9.215	857342462683908064	857336451509276356	857336451509276355	9675	
1	C8H12O	[M + H]+	C8H13O+	Fatty acids	0.916	Fatty acyls	0.829	Fatty aldehydes	0.840	Organic oxygen compounds	0.990	Organooxygen compounds	0.987	Carbonyl compounds	0.801			Carbonyl compounds	0.801	Organic compounds; Organooxygen compounds; Carbonyl compounds; Organic oxides; Hydrocarbon derivatives; Organic oxygen compounds; Chemical entities	125.096	554	9.226	857342444723898148	857336451584773832	857336451584773831	9665	
1	C23H31NO6	[M + H]+	C23H32NO6+	Amino acids and Peptides	0.296	Small peptides	0.351	Aminoacids	0.088	Organic acids and derivatives	0.997	Carboxylic acids and derivatives	0.996	Amino acids, peptides, and analogues	0.965	Amino acids and derivatives	0.965	Proline and derivatives	0.534	Organic compounds; Organoheterocyclic compounds; Amino acids, peptides, and analogues; Alpha amino acids and derivatives; Alkyl aryl ethers; Ethers; Organic acids and derivatives; Carboxylic acids and derivatives; Organonitrogen compounds; Organooxygen compounds; Dicarboxylic acids and derivatives; Amino acids and derivatives; Carboxylic acid derivatives; Carboxylic acids; Carboxylic acid esters; Tertiary carboxylic acid amides; Carbonyl compounds; Trialkylamines; Benzene and substituted derivatives; Phenol ethers; Pyrrolidine carboxylic acids; Benzenoids; Amines; Tertiary amines; Organic oxides; Azacyclic compounds; Hydrocarbon derivatives; Amino acids; Proline and derivatives; Organopnictogen compounds; Organic oxygen compounds; Organic nitrogen compounds; Phenoxy compounds; Chemical entities	418.223	554	9.241	857342452311394168	857336451660271308	857336451660271307	9709	
1	C14H31NO3	[M + H]+	C14H32NO3+	Fatty acids	0.974	Spingolipids	0.570	Sphingoid bases	0.921	Organic nitrogen compounds	1.000	Organonitrogen compounds	1.000	Amines	0.992	Alkanolamines	0.956	1,2-aminoalcohols	0.949	Organic compounds; Alcohols and polyols; Organonitrogen compounds; Primary alcohols; Organooxygen compounds; 1,2-aminoalcohols; Amines; Alkanolamines; Hydrocarbon derivatives; Organopnictogen compounds; Organic oxygen compounds; Organic nitrogen compounds; Chemical entities	262.238	561	9.346	857342447794128715	857336451735768784	857336451735768783	9808	
1	C8H16OS3	[M + H]+	C8H17OS3+	Fatty acids	0.854	Monoterpenoids	0.664	Thia fatty acids	0.213	Organic acids and derivatives	0.065	Thiosulfinic acid esters	0.660					Thiosulfinic acid esters	0.660	Organic compounds; Organoheterocyclic compounds; Organosulfur compounds; Sulfoxides; Thiosulfinic acid esters; Sulfinyl compounds; Organic oxides; Hydrocarbon derivatives; Organic oxygen compounds; Chemical entities	225.044	561	9.348	857342456379869096	857336451811266260	857336451811266259	9811	
1	C20H37N5O3	[M + H]+	C20H38N5O3+	Amino acids and Peptides	0.630	Small peptides	0.526	Dipeptides	0.090	Organic acids and derivatives	0.938	Carboxylic acids and derivatives	0.909	Amino acids, peptides, and analogues	0.677	Amino acids and derivatives	0.665	Amino acids and derivatives	0.665	Organic compounds; Organoheterocyclic compounds; Lipids and lipid-like molecules; Amino acids, peptides, and analogues; Organic acids and derivatives; Carboxylic acids and derivatives; Organonitrogen compounds; Organooxygen compounds; Fatty amides; Amino acids and derivatives; Carboxylic acid amides; Carboxylic acid derivatives; N-acyl amines; Secondary carboxylic acid amides; Carbonyl compounds; Amines; Fatty Acyls; Organic oxides; Azacyclic compounds; Heteroaromatic compounds; Hydrocarbon derivatives; Organopnictogen compounds; Organic oxygen compounds; Organic nitrogen compounds; Chemical entities	396.296	564	9.399	857342448389719898	857336451882569432	857336451882569431	9884	
1	C18H30N4O3	[M + H3N + H]+	C18H34N5O3+	Amino acids and Peptides	0.812	Small peptides	0.829	Dipeptides	0.296	Organic acids and derivatives	0.982	Carboxylic acids and derivatives	0.953	Amino acids, peptides, and analogues	0.788	Amino acids and derivatives	0.783	Amino acids and derivatives	0.783	Organic compounds; Lipids and lipid-like molecules; Amino acids, peptides, and analogues; Organic acids and derivatives; Carboxylic acids and derivatives; Organonitrogen compounds; Organooxygen compounds; Fatty amides; Amino acids and derivatives; Carboxylic acid amides; Carboxylic acid derivatives; Secondary carboxylic acid amides; Carbonyl compounds; Amines; Fatty Acyls; Organic oxides; Hydrocarbon derivatives; Organopnictogen compounds; Organic oxygen compounds; Organic nitrogen compounds; Chemical entities	368.264	564	9.399	857342446250624821	857336451953872604	857336451953872603	9887	
1	C17H34O7	[M + H]+	C17H35O7+	Fatty acids	0.824	Fatty acyls	0.272	Fatty alcohols	0.161	Lipids and lipid-like molecules	0.629	Fatty Acyls	0.621					Fatty Acyls	0.621	Organic compounds; Lipids and lipid-like molecules; Alcohols and polyols; Ethers; Organic acids and derivatives; Carboxylic acids and derivatives; Primary alcohols; Organooxygen compounds; Carboxylic acid derivatives; Carboxylic acid esters; Secondary alcohols; Carbonyl compounds; Fatty Acyls; Organic oxides; Hydrocarbon derivatives; Organic oxygen compounds; Chemical entities	351.238	564	9.402	857342448079341391	857336452029370080	857336452025175775	9885	
1	C19H23NO4	[M + H]+	C19H24NO4+	Amino acids and Peptides	0.265	Tyrosine alkaloids	0.165	Phenylethylamines	0.151	Organic acids and derivatives	0.945	Carboxylic acids and derivatives	0.928	Amino acids, peptides, and analogues	0.595	Amino acids and derivatives	0.593	Amino acids and derivatives	0.593	Organic compounds; Amino acids, peptides, and analogues; Alkyl aryl ethers; Alcohols and polyols; Ethers; Organic acids and derivatives; Carboxylic acids and derivatives; Organonitrogen compounds; Organooxygen compounds; Amino acids and derivatives; Carboxylic acid derivatives; Monocarboxylic acids and derivatives; Secondary alcohols; Secondary carboxylic acid amides; Carbonyl compounds; 1,2-aminoalcohols; Benzene and substituted derivatives; Phenol ethers; Benzenoids; Amines; Alkanolamines; Organic oxides; Hydrocarbon derivatives; Organopnictogen compounds; Organic oxygen compounds; Organic nitrogen compounds; Phenoxy compounds; Chemical entities	330.170	565	9.414	857342453208975236	857336452100673252	857336452100673251	9906	
1	C14H31N	[M + H]+	C14H32N+	Fatty acids	0.979	Fatty acyls	0.865	Sphingoid bases	0.727	Organic nitrogen compounds	0.999	Organonitrogen compounds	0.998	Amines	0.889	Primary amines	0.608	Monoalkylamines	0.597	Organic compounds; Organonitrogen compounds; Monoalkylamines; Amines; Primary amines; Hydrocarbon derivatives; Organopnictogen compounds; Organic nitrogen compounds; Chemical entities	214.253	568	9.466	857342448200976217	857336452176170728	857336452171976423	9960	
1	C18H22N2	[M + H]+	C18H23N2+	Alkaloids	0.973	Tryptophan alkaloids	0.955	Corynanthe type	0.356	Benzenoids	0.981	Benzene and substituted derivatives	0.575	Aniline and substituted anilines	0.582			Aniline and substituted anilines	0.582	Organic compounds; Organoheterocyclic compounds; Organonitrogen compounds; Aniline and substituted anilines; Benzene and substituted derivatives; Benzenoids; Amines; Azacyclic compounds; Heteroaromatic compounds; Hydrocarbon derivatives; Organopnictogen compounds; Organic nitrogen compounds; Chemical entities	267.186	569	9.483	857342470669862960	857336452260056812	857336452255862507	9971	
1	C15H24FN2O	[M + H]+	C15H25FN2O+	Alkaloids	0.758	Pseudoalkaloids (transamidation)	0.043	Pyrroloindole alkaloids	0.026	Benzenoids	0.994	Phenol ethers	0.511					Phenol ethers	0.511	Organic compounds; Organoheterocyclic compounds; Halobenzenes; Ethers; Organohalogen compounds; Organonitrogen compounds; Aniline and substituted anilines; Organooxygen compounds; Aryl fluorides; Fluorobenzenes; Organofluorides; Benzene and substituted derivatives; Phenol ethers; Benzenoids; Amines; Tertiary amines; Tertiary alkylarylamines; Aryl halides; Dialkylarylamines; Azacyclic compounds; Hydrocarbon derivatives; Organopnictogen compounds; Organic oxygen compounds; Organic nitrogen compounds; Chemical entities	268.194	570	9.503	857342459244578738	857336452335554288	857336452335554287	10012	
1	C13H12N2O	[M + H]+	C13H13N2O+	Alkaloids	0.922	Anthranilic acid alkaloids	0.387	Pyridine alkaloids	0.347	Benzenoids	0.961	Benzene and substituted derivatives	0.584					Benzene and substituted derivatives	0.584	Organic compounds; Organoheterocyclic compounds; Organic acids and derivatives; Organonitrogen compounds; Organooxygen compounds; Carboxylic acid derivatives; Benzene and substituted derivatives; Benzenoids; Amines; Primary amines; Organic oxides; Azacyclic compounds; Hydrocarbon derivatives; Organopnictogen compounds; Organic oxygen compounds; Organic nitrogen compounds; Chemical entities	213.102	570	9.505	857342463979948021	857336452402663156	857336452402663155	10011	
1	C18H24N2	[M + H]+	C18H25N2+	Alkaloids	0.826	Nicotinic acid alkaloids	0.268	Pyridine alkaloids	0.269	Benzenoids	0.976	Benzene and substituted derivatives	0.937	Aniline and substituted anilines	0.948			Aniline and substituted anilines	0.948	Organic compounds; Organonitrogen compounds; Aniline and substituted anilines; Benzene and substituted derivatives; Benzenoids; Amines; Primary amines; Tertiary amines; Hydrocarbon derivatives; Organopnictogen compounds; Organic nitrogen compounds; Chemical entities	269.201	570	9.506	857342465305348106	857336452637544184	857336452637544183	10008	
1	C14H29NO3	[M + H]+	C14H30NO3+	Fatty acids	0.843	Fatty amides	0.775	N-acyl amines	0.297	Organic acids and derivatives	0.933	Carboxylic acids and derivatives	0.940	Amino acids, peptides, and analogues	0.791	Amino acids and derivatives	0.789	Alpha amino acid esters	0.531	Organic compounds; Lipids and lipid-like molecules; Amino acids, peptides, and analogues; Alpha amino acids and derivatives; Organic acids and derivatives; Carboxylic acids and derivatives; Organonitrogen compounds; Organooxygen compounds; Amino acids and derivatives; Alpha amino acid esters; Carboxylic acid derivatives; Monocarboxylic acids and derivatives; Carboxylic acid esters; Carbonyl compounds; Amines; Fatty Acyls; Organic oxides; Hydrocarbon derivatives; Organopnictogen compounds; Organic oxygen compounds; Organic nitrogen compounds; Chemical entities	260.222	570	9.508	857342453947172750	857336452696264444	857336452696264443	9987	
1	C19H20N2O9	[M + Na]+	C19H20N2NaO9+	Amino acids and Peptides	0.695	Phenylpropanoids (C6-C3)	0.155	Cinnamic acid amides	0.132	Benzenoids	0.990	Phenol ethers	0.782	Anisoles	0.793			Anisoles	0.793	Organic compounds; Organoheterocyclic compounds; Alkyl aryl ethers; Anisoles; Ethers; Organic acids and derivatives; Carboxylic acids and derivatives; Organonitrogen compounds; Organooxygen compounds; Carboxylic acid amides; Carboxylic acid derivatives; Carbonyl compounds; Benzene and substituted derivatives; Phenol ethers; Benzenoids; Organic oxides; Methoxybenzenes; C-nitro compounds; Hydrocarbon derivatives; Organopnictogen compounds; Organic oxygen compounds; Organic nitrogen compounds; Phenoxy compounds; Chemical entities	443.103	572	9.537	857342460427372476	857336452750790400	857336452750790399	10060	
1	C9H10O	[M + H]+	C9H11O+	Shikimates and Phenylpropanoids	0.869	Phenylpropanoids (C6-C3)	0.982	Cinnamic acids and derivatives	0.970	Benzenoids	0.930	Phenols	0.597	1-hydroxy-2-unsubstituted benzenoids	0.535			1-hydroxy-2-unsubstituted benzenoids	0.535	Organic compounds; Phenols; Organooxygen compounds; Benzene and substituted derivatives; Benzenoids; Hydrocarbon derivatives; Organic oxygen compounds; 1-hydroxy-2-unsubstituted benzenoids; Chemical entities	135.080	572	9.537	857342454077196178	857336452805316356	857336452805316355	10052	
1	C18H21O4	[M + H]+	C18H22O4+	Shikimates and Phenylpropanoids	0.857	Flavonoids	0.219	Chalcones	0.172	Benzenoids	0.997	Phenol ethers	0.808	Anisoles	0.556			Anisoles	0.556	Organic compounds; Alkyl aryl ethers; Anisoles; Ethers; Phenylpropanoids and polyketides; Benzoyl derivatives; Organooxygen compounds; Carbonyl compounds; Benzene and substituted derivatives; Phenol ethers; Benzenoids; Organic oxides; Hydrocarbon derivatives; Organic oxygen compounds; Phenoxy compounds; Chemical entities	302.151	572	9.538	857342462260283350	857336452859842312	857336452855648007	10073	
1	C21H17NO5	[M + K]+	C21H17KNO5+	Alkaloids	0.862	Tyrosine alkaloids	0.350	Acridone alkaloids	0.137	Organoheterocyclic compounds	0.983	Quinolines and derivatives	0.609					Quinolines and derivatives	0.609	Organic compounds; Organoheterocyclic compounds; Pyridines and derivatives; Alkyl aryl ethers; Ethers; Organic acids and derivatives; Carboxylic acids and derivatives; Organonitrogen compounds; Organooxygen compounds; Carboxylic acid derivatives; Monocarboxylic acids and derivatives; Carboxylic acid esters; Quinolines and derivatives; Carbonyl compounds; Benzene and substituted derivatives; Phenol ethers; Benzenoids; Organic oxides; Azacyclic compounds; Heteroaromatic compounds; Hydrocarbon derivatives; Organopnictogen compounds; Organic oxygen compounds; Organic nitrogen compounds; Phenoxy compounds; Chemical entities	402.076	572	9.538	857342632007961881	857336452922756876	857336452922756875	10061	
1	C8H13Cl3O2	[M + K]+	C8H13Cl3KO2+	Fatty acids	0.644	Fatty Acids and Conjugates	0.168	Halogenated fatty acids	0.401	Organic oxygen compounds	0.998	Organooxygen compounds	0.998	Ethers	0.500			Ethers	0.500	Organic compounds; Ethers; Organohalogen compounds; Organooxygen compounds; Alkyl chlorides; Organochlorides; Alkyl halides; Hydrocarbon derivatives; Organic oxygen compounds; Chemical entities	284.961	573	9.550	857342464596510720	857336452981477136	857336452977282831	10094	
1	C11H21NO	[M + H]+	C11H22NO+	Fatty acids	0.994	Fatty amides	0.988	N-acyl amines	0.879	Lipids and lipid-like molecules	0.991	Fatty Acyls	0.989	Fatty amides	0.984	N-acyl amines	0.916	N-acyl amines	0.916	Organic compounds; Lipids and lipid-like molecules; Organic acids and derivatives; Carboxylic acids and derivatives; Organonitrogen compounds; Organooxygen compounds; Fatty amides; Carboxylic acid amides; Carboxylic acid derivatives; N-acyl amines; Secondary carboxylic acid amides; Carbonyl compounds; Fatty Acyls; Organic oxides; Hydrocarbon derivatives; Organic oxygen compounds; Organic nitrogen compounds; Chemical entities	184.170	576	9.607	857342461287204807	857336453086334744	857336453086334743	10179	
1	C10H17NO3	[M + H]+	C10H18NO3+	Fatty acids	0.939	Fatty amides	0.715	Primary amides	0.313	Lipids and lipid-like molecules	0.858	Fatty Acyls	0.862	Fatty amides	0.520	N-acyl amines	0.548	N-acyl amines	0.548	Organic compounds; Lipids and lipid-like molecules; Fatty acids and conjugates; Organic acids and derivatives; Carboxylic acids and derivatives; Organonitrogen compounds; Organooxygen compounds; Fatty amides; Unsaturated fatty acids; Carboxylic acid amides; Carboxylic acid derivatives; N-acyl amines; Monocarboxylic acids and derivatives; Carboxylic acids; Secondary carboxylic acid amides; Carbonyl compounds; Fatty Acyls; Organic oxides; Hydrocarbon derivatives; Organopnictogen compounds; Organic oxygen compounds; Organic nitrogen compounds; Chemical entities	200.128	577	9.617	857342473131919443	857336453136666396	857336453132472091	10198	
1	C11H12O3	[M + H]+	C11H13O3+	Shikimates and Phenylpropanoids	0.439	Sesquiterpenoids	0.172	Cinnamic acids and derivatives	0.083	Organic oxygen compounds	1.000	Organooxygen compounds	1.000	Ethers	0.670	Alkyl aryl ethers	0.550	Alkyl aryl ethers	0.550	Organic compounds; Alkyl aryl ethers; Ethers; Organic acids and derivatives; Carboxylic acids and derivatives; Organooxygen compounds; Monocarboxylic acids and derivatives; Carboxylic acids; Carbonyl compounds; Benzene and substituted derivatives; Benzenoids; Organic oxides; Hydrocarbon derivatives; Organic oxygen compounds; Chemical entities	193.086	583	9.724	857342476051155037	857336453182803744	857336453182803743	10307	
1	C22H30N2O3	[M + Na]+	C22H30N2NaO3+	Alkaloids	0.705	Tryptophan alkaloids	0.156	Open-chain polyketides	0.034	Benzenoids	0.840	Benzene and substituted derivatives	0.547					Benzene and substituted derivatives	0.547	Organic compounds; Organoheterocyclic compounds; Ethers; Organic acids and derivatives; Carboxylic acids and derivatives; Organonitrogen compounds; Organooxygen compounds; Carboxylic acid derivatives; Carbonyl compounds; Benzene and substituted derivatives; Benzenoids; Organic oxides; Azacyclic compounds; Hydrocarbon derivatives; Organopnictogen compounds; Organic oxygen compounds; Organic nitrogen compounds; Chemical entities	393.217	584	9.735	857342483584125042	857336453228941092	857336453228941091	10350	
1	C13H18Cl4F5N3O4	[M + H]+	C13H19Cl4F5N3O4+	Alkaloids	0.237	Ornithine alkaloids	0.238	Polyamines	0.046	Organic nitrogen compounds	0.998	Organonitrogen compounds	0.998	Nitrogen mustard compounds	0.563			Nitrogen mustard compounds	0.563	Organic compounds; Organic acids and derivatives; Organohalogen compounds; Organonitrogen compounds; Organooxygen compounds; Organic carbonic acids and derivatives; Nitrogen mustard compounds; Ureas; Alkyl chlorides; Alkyl fluorides; Organochlorides; Organofluorides; Carbonyl compounds; Halohydrins; Alkyl halides; Organic oxides; Hydrocarbon derivatives; Organopnictogen compounds; Organic oxygen compounds; Organic nitrogen compounds; Chemical entities	516.004	585	9.749	857342471110264900	857336453287661352	857336453283467047	10379	
1	C12H22ClN5O7S3	[M + K]+	C12H22ClKN5O7S3+	Alkaloids	0.317	Oligopeptides	0.285	Polyamines	0.100	Organic acids and derivatives	0.936	Organic sulfonic acids and derivatives	0.519	Organosulfonic acids and derivatives	0.513			Organosulfonic acids and derivatives	0.513	Organic compounds; Organosulfur compounds; Organic acids and derivatives; Organohalogen compounds; Organosulfonic acids and derivatives; Organonitrogen compounds; Alkyl chlorides; Sulfonyls; Organochlorides; Carbonyl compounds; Alkyl halides; Sulfenyl compounds; Organic oxides; Hydrocarbon derivatives; Organic sulfonic acids and derivatives; Organopnictogen compounds; Organic oxygen compounds; Organic nitrogen compounds; Chemical entities	518.001	585	9.749	857342484913719420	857336453346381612	857336453342187307	10380	
1	C11H22N2O	[M + H]+	C11H23N2O+	Terpenoids	0.487	Pseudoalkaloids (transamidation)	0.109	Menthane monoterpenoids	0.007	Organic acids and derivatives	0.983	Organic carbonic acids and derivatives	0.975	Ureas	0.976			Ureas	0.976	Organic compounds; Organic acids and derivatives; Organonitrogen compounds; Organooxygen compounds; Organic carbonic acids and derivatives; Ureas; Carbonyl compounds; Organic oxides; Hydrocarbon derivatives; Organopnictogen compounds; Organic oxygen compounds; Organic nitrogen compounds; Chemical entities	199.181	586	9.773	857342454601484196	857336453400907568	857336453396713263	10391	
1	C13H8O	[M + H]+	C13H9O+	Shikimates and Phenylpropanoids	0.796	Flavonoids	0.420	Chalcones	0.374	Benzenoids	0.998	Benzene and substituted derivatives	0.596	Biphenyls and derivatives	0.571			Biphenyls and derivatives	0.571	Organic compounds; Biphenyls and derivatives; Ketones; Organooxygen compounds; Benzaldehydes; Carbonyl compounds; Benzene and substituted derivatives; Benzenoids; Aryl-aldehydes; Organic oxides; Hydrocarbon derivatives; Organic oxygen compounds; Chemical entities	181.065	589	9.817	857342479842805863	857336453459627828	857336453459627827	10442	
1	C12H16O3	[M + H]+	C12H17O3+	Shikimates and Phenylpropanoids	0.456	Sesquiterpenoids	0.385	Cinnamic acids and derivatives	0.118	Organic oxygen compounds	1.000	Organooxygen compounds	1.000	Ethers	0.619	Alkyl aryl ethers	0.616	Alkyl aryl ethers	0.616	Organic compounds; Alkyl aryl ethers; Ethers; Organic acids and derivatives; Carboxylic acids and derivatives; Organooxygen compounds; Carboxylic acid derivatives; Monocarboxylic acids and derivatives; Carbonyl compounds; Benzene and substituted derivatives; Benzenoids; Organic oxides; Hydrocarbon derivatives; Organic oxygen compounds; Chemical entities	209.117	590	9.833	857342461702440908	857336453572874044	857336453568679739	10469	
1	C12H23NO	[M + H]+	C12H24NO+	Fatty acids	0.885	Fatty amides	0.833	Primary amides	0.475	Organic acids and derivatives	0.928	Carboxylic acids and derivatives	0.905	Carboxylic acid derivatives	0.870	Carboxylic acid amides	0.865	Secondary carboxylic acid amides	0.657	Organic compounds; Organic acids and derivatives; Carboxylic acids and derivatives; Organonitrogen compounds; Organooxygen compounds; Carboxylic acid amides; Carboxylic acid derivatives; Secondary carboxylic acid amides; Carbonyl compounds; Organic oxides; Hydrocarbon derivatives; Organopnictogen compounds; Organic oxygen compounds; Organic nitrogen compounds; Chemical entities	198.185	591	9.843	857342472276281422	857336453518348088	857336453518348087	10492	
1	C10H15NO2S	[M + H]+	C10H16NO2S+	Alkaloids	0.717	Pseudoalkaloids (transamidation)	0.137	Phenylalanine-derived alkaloids	0.085	Benzenoids	0.992	Benzene and substituted derivatives	0.974	Benzenesulfonamides	0.896			Benzenesulfonamides	0.896	Organic compounds; Organosulfur compounds; Benzenesulfonamides; Organic acids and derivatives; Organosulfonic acids and derivatives; Organonitrogen compounds; Sulfonyls; Organosulfonamides; Benzene and substituted derivatives; Benzenoids; Aminosulfonyl compounds; Organic oxides; Hydrocarbon derivatives; Benzenesulfonyl compounds; Organic sulfonic acids and derivatives; Organopnictogen compounds; Organic oxygen compounds; Organic nitrogen compounds; Chemical entities	214.090	592	9.865	857342465531840532	857336453623205696	857336453619011391	10503	
1	C11H21NO	[M + H]+	C11H22NO+	Fatty acids	0.996	Fatty amides	0.993	N-acyl amines	0.888	Lipids and lipid-like molecules	0.992	Fatty Acyls	0.991	Fatty amides	0.988	N-acyl amines	0.928	N-acyl amines	0.928	Organic compounds; Lipids and lipid-like molecules; Organic acids and derivatives; Carboxylic acids and derivatives; Organonitrogen compounds; Organooxygen compounds; Fatty amides; Carboxylic acid amides; Carboxylic acid derivatives; N-acyl amines; Secondary carboxylic acid amides; Carbonyl compounds; Fatty Acyls; Organic oxides; Hydrocarbon derivatives; Organic oxygen compounds; Organic nitrogen compounds; Chemical entities	184.170	593	9.883	857342454970582950	857336453673537348	857336453673537347	10538	
1	C11H12O	[M + H]+	C11H13O+	Shikimates and Phenylpropanoids	0.513	Phenylpropanoids (C6-C3)	0.673	Cinnamic acids and derivatives	0.588	Organic oxygen compounds	0.999	Organooxygen compounds	0.998	Carbonyl compounds	0.926	Ketones	0.763	Aryl alkyl ketones	0.536	Organic compounds; Ketones; Organooxygen compounds; Carbonyl compounds; Benzene and substituted derivatives; Benzenoids; Aryl ketones; Aryl alkyl ketones; Organic oxides; Hydrocarbon derivatives; Organic oxygen compounds; Chemical entities	161.096	593	9.888	857342450210047844	857336453723869000	857336453723868999	10526	
1	C8H6O	[M + H]+	C8H7O+	Shikimates and Phenylpropanoids	0.557	Phenolic acids (C6-C1)	0.122	Phthalide derivatives	0.127	Organic oxygen compounds	0.999	Organooxygen compounds	0.998	Carbonyl compounds	0.955	Aldehydes	0.885	Benzaldehydes	0.597	Organic compounds; Aldehydes; Benzoyl derivatives; Organooxygen compounds; Benzaldehydes; Carbonyl compounds; Benzene and substituted derivatives; Benzenoids; Aryl-aldehydes; Organic oxides; Hydrocarbon derivatives; Organic oxygen compounds; Chemical entities	119.049	594	9.892	857342467947759646	857336453774200652	857336453770006347	10525	
1	C10H15NO2S	[M + H]+	C10H16NO2S+	Alkaloids	0.695	Pseudoalkaloids (transamidation)	0.078	Phenylalanine-derived alkaloids	0.683	Benzenoids	1.000	Benzene and substituted derivatives	0.999	Benzenesulfonamides	0.998			Benzenesulfonamides	0.998	Organic compounds; Organosulfur compounds; Benzenesulfonamides; Organic acids and derivatives; Organosulfonic acids and derivatives; Organonitrogen compounds; Sulfonyls; Organosulfonamides; Benzene and substituted derivatives; Benzenoids; Aminosulfonyl compounds; Organic oxides; Hydrocarbon derivatives; Benzenesulfonyl compounds; Organic sulfonic acids and derivatives; Organopnictogen compounds; Organic oxygen compounds; Organic nitrogen compounds; Chemical entities	214.090	596	9.938	857342470959269946	857336453837115216	857336453837115215	10601	
1	C20H25NO4	[M + H]+	C20H26NO4+	Alkaloids	0.798	Tyrosine alkaloids	0.931	Phenylethylamines	0.886	Benzenoids	0.995	Benzene and substituted derivatives	0.978	Phenethylamines	0.685			Phenethylamines	0.685	Organic compounds; Phenols; Phenethylamines; Organonitrogen compounds; Organooxygen compounds; Dialkylamines; Benzene and substituted derivatives; Benzenoids; Amines; Secondary amines; Aralkylamines; Hydrocarbon derivatives; Organopnictogen compounds; Organic oxygen compounds; 1-hydroxy-2-unsubstituted benzenoids; 1-hydroxy-4-unsubstituted benzenoids; Organic nitrogen compounds; Chemical entities	344.186	599	9.977	857342495672109192	857336453887446868	857336453887446867	10645	
1	C12H23NO	[M + H]+	C12H24NO+	Fatty acids	0.913	Fatty amides	0.847	Primary amides	0.640	Organic acids and derivatives	0.941	Carboxylic acids and derivatives	0.926	Carboxylic acid derivatives	0.902	Carboxylic acid amides	0.896	Secondary carboxylic acid amides	0.717	Organic compounds; Organic acids and derivatives; Carboxylic acids and derivatives; Organonitrogen compounds; Organooxygen compounds; Carboxylic acid amides; Carboxylic acid derivatives; Secondary carboxylic acid amides; Carbonyl compounds; Organic oxides; Hydrocarbon derivatives; Organopnictogen compounds; Organic oxygen compounds; Organic nitrogen compounds; Chemical entities	198.185	600	10.007	857343150386187632	857336453941972824	857336453941972823	10685	
1	C12H9NO	[M + H]+	C12H10NO+	Alkaloids	0.988	Tryptophan alkaloids	0.783	Simple indole alkaloids	0.692	Organoheterocyclic compounds	0.996	Indoles and derivatives	0.863	Indoles	0.871			Indoles	0.871	Organic compounds; Organoheterocyclic compounds; Pyrroles; Aldehydes; Indoles and derivatives; Organonitrogen compounds; Organooxygen compounds; Carbonyl compounds; Substituted pyrroles; Benzenoids; Indoles; Organic oxides; Azacyclic compounds; Oxacyclic compounds; Heteroaromatic compounds; Hydrocarbon derivatives; Organopnictogen compounds; Organic oxygen compounds; Organic nitrogen compounds; Chemical entities	184.076	602	10.037	857343431878520791	857336453996498780	857336453996498779	10722	
1	C12H17NO	[M + H]+	C12H18NO+	Alkaloids	0.599	Small peptides	0.044	Morphinan alkaloids	0.007	Benzenoids	1.000	Benzene and substituted derivatives	0.999	Toluenes	0.937	Toluamides	0.956	N,N-dialkyl-m-toluamides	0.952	Organic compounds; Benzoic acids and derivatives; Benzamides; Organic acids and derivatives; Carboxylic acids and derivatives; Organonitrogen compounds; Benzoyl derivatives; Organooxygen compounds; Carboxylic acid amides; Toluenes; Carboxylic acid derivatives; Tertiary carboxylic acid amides; Benzene and substituted derivatives; Benzenoids; Organic oxides; Hydrocarbon derivatives; Toluamides; m-Toluamides; N,N-dialkyl-m-toluamides; Organopnictogen compounds; Organic oxygen compounds; Organic nitrogen compounds; Chemical entities	192.138	603	10.047	857343453353358504	857336454046830432	857336454046830431	10741	
1	C19H23NO5	[M + H]+	C19H24NO5+	Amino acids and Peptides	0.452	Ornithine alkaloids	0.249	Pyrrolidine alkaloids	0.266	Organic acids and derivatives	0.997	Carboxylic acids and derivatives	0.994	Amino acids, peptides, and analogues	0.641	Amino acids and derivatives	0.642	Amino acids and derivatives	0.642	Organic compounds; Organoheterocyclic compounds; Amino acids, peptides, and analogues; Alkyl aryl ethers; Ethers; Organic acids and derivatives; Carboxylic acids and derivatives; Organonitrogen compounds; Organooxygen compounds; Amino acids and derivatives; Carboxylic acid amides; Carboxylic acid derivatives; Monocarboxylic acids and derivatives; Carboxylic acids; Carbonyl compounds; Benzene and substituted derivatives; Phenol ethers; Benzenoids; Organic oxides; Azacyclic compounds; Hydrocarbon derivatives; Organopnictogen compounds; Organic oxygen compounds; Organic nitrogen compounds; Phenoxy compounds; Chemical entities	346.165	606	10.098	857343478053614803	857336454147493736	857336454147493735	10797	
1	C11H13F3N2O3	[M + H]+	C11H14F3N2O3+	Alkaloids	0.297	Small peptides	0.078	Aminoacids	0.023	Benzenoids	0.460	Benzene and substituted derivatives	0.504					Benzene and substituted derivatives	0.504	Organic compounds; Organic acids and derivatives; Carboxylic acids and derivatives; Organohalogen compounds; Organonitrogen compounds; Organooxygen compounds; Alkyl fluorides; Carboxylic acid derivatives; Organofluorides; Benzene and substituted derivatives; Alkyl halides; Organic oxides; Hydrocarbon derivatives; Organopnictogen compounds; Organic oxygen compounds; Organic nitrogen compounds; Chemical entities	279.093	609	10.144	857343499012552984	857336454197825388	857336454197825387	10835	
1	C12H18O2Si	[M + H]+	C12H19O2Si+	Terpenoids	0.923	Monoterpenoids	0.849	Acyclic monoterpenoids	0.431	Organic oxygen compounds	0.996	Organooxygen compounds	0.987	Carbonyl compounds	0.584			Carbonyl compounds	0.584	Organic compounds; Organohalogen compounds; Organooxygen compounds; Carbonyl compounds; Organic oxides; Hydrocarbon derivatives; Organic oxygen compounds; Chemical entities	223.115	610	10.161	857343479601312989	857336454256545648	857336454256545647	10860	
1	C27H30FN3O3	[M + H]+	C27H31FN3O3+	Alkaloids	0.803	Anthranilic acid alkaloids	0.258	Acridone alkaloids	0.149	Organohalogen compounds	1.000	Aryl halides	0.940	Aryl fluorides	0.963			Aryl fluorides	0.963	Organic compounds; Organoheterocyclic compounds; Pyridines and derivatives; Organic acids and derivatives; Carboxylic acids and derivatives; Organohalogen compounds; Organonitrogen compounds; Organooxygen compounds; Carboxylic acid amides; Aryl fluorides; Carboxylic acid derivatives; Organofluorides; Secondary carboxylic acid amides; Benzene and substituted derivatives; Benzenoids; Aryl halides; Organic oxides; Azacyclic compounds; Heteroaromatic compounds; Hydrocarbon derivatives; Organopnictogen compounds; Organic oxygen compounds; Organic nitrogen compounds; Chemical entities	464.233	610	10.169	857343484596729063	857336454311071604	857336454306877299	10871	
1	C12H23NO3	[M + H]+	C12H24NO3+	Alkaloids	0.968	Ornithine alkaloids	0.251	Piperidine alkaloids	0.024	Organic acids and derivatives	0.999	Carboxylic acids and derivatives	0.996	Amino acids, peptides, and analogues	0.996	Amino acids and derivatives	0.996	Carbamate esters	0.998	Organic compounds; Organoheterocyclic compounds; Amino acids, peptides, and analogues; Alcohols and polyols; Piperidines; Organic acids and derivatives; Carboxylic acids and derivatives; Organonitrogen compounds; Primary alcohols; Carbamic acids and derivatives; Organooxygen compounds; Amino acids and derivatives; Organic carbonic acids and derivatives; Carbamate esters; Carbonyl compounds; Piperidinecarboxylic acids and derivatives; Piperidinecarboxylic acids; Organic oxides; Azacyclic compounds; Hydrocarbon derivatives; Organopnictogen compounds; Organic oxygen compounds; Organic nitrogen compounds; Chemical entities	230.175	610	10.172	857343498974804245	857336454353014648	857336454353014647	10874	
1	C11H14N2OS2	[M + H]+	C11H15N2OS2+	Alkaloids	0.378	Linear polyketides	0.055	Tantazoles and mirabazoles	0.053	Organoheterocyclic compounds	0.985	Thiophenes	0.532					Thiophenes	0.532	Organic compounds; Organoheterocyclic compounds; Organosulfur compounds; Thiophenes; Organic acids and derivatives; Carboxylic acids and derivatives; Organonitrogen compounds; Organooxygen compounds; Carbonyl compounds; Organic oxides; Azacyclic compounds; Heteroaromatic compounds; Hydrocarbon derivatives; Organopnictogen compounds; Organic oxygen compounds; Organic nitrogen compounds; Chemical entities	255.062	611	10.176	857343520873272811	857336454415929212	857336454411734907	10882	
1	C10H15NO2S	[M + H]+	C10H16NO2S+	Alkaloids	0.684	Pseudoalkaloids (transamidation)	0.278	Phenylalanine-derived alkaloids	0.845	Benzenoids	0.999	Benzene and substituted derivatives	0.998	Benzenesulfonamides	0.993			Benzenesulfonamides	0.993	Organic compounds; Organosulfur compounds; Benzenesulfonamides; Organic acids and derivatives; Organosulfonic acids and derivatives; Organonitrogen compounds; Sulfonyls; Organosulfonamides; Benzene and substituted derivatives; Benzenoids; Aminosulfonyl compounds; Organic oxides; Hydrocarbon derivatives; Benzenesulfonyl compounds; Organic sulfonic acids and derivatives; Organopnictogen compounds; Organic oxygen compounds; Organic nitrogen compounds; Chemical entities	214.090	612	10.198	857343567396555762	857336454466260864	857336454462066559	10946	
1	C12H23NO	[M + H]+	C12H24NO+	Fatty acids	0.986	Fatty amides	0.981	Primary amides	0.992	Lipids and lipid-like molecules	0.625	Fatty Acyls	0.535	Fatty amides	0.573			Fatty amides	0.573	Organic compounds; Lipids and lipid-like molecules; Organic acids and derivatives; Carboxylic acids and derivatives; Organonitrogen compounds; Organooxygen compounds; Fatty amides; Carboxylic acid amides; Carboxylic acid derivatives; Primary carboxylic acid amides; Secondary carboxylic acid amides; Carbonyl compounds; Fatty Acyls; Organic oxides; Hydrocarbon derivatives; Organopnictogen compounds; Organic oxygen compounds; Organic nitrogen compounds; Chemical entities	198.185	617	10.288	857343579253853212	857336454508203908	857336454504009603	11050	
1	C12H25NO3	[M + H]+	C12H26NO3+	Fatty acids	0.907	Fatty amides	0.556	N-acyl amines	0.299	Organic acids and derivatives	0.924	Carboxylic acids and derivatives	0.915	Amino acids, peptides, and analogues	0.805	Amino acids and derivatives	0.805	Amino acids and derivatives	0.805	Organic compounds; Amino acids, peptides, and analogues; Alcohols and polyols; Organic acids and derivatives; Carboxylic acids and derivatives; Organonitrogen compounds; Primary alcohols; Organooxygen compounds; Amino acids and derivatives; Monocarboxylic acids and derivatives; Carbonyl compounds; Amines; Organic oxides; Hydrocarbon derivatives; Organopnictogen compounds; Organic oxygen compounds; Organic nitrogen compounds; Chemical entities	232.191	619	10.313	857343567388167150	857336454550146952	857336454550146951	11128	
1	C11H20O4	[M + H]+	C11H21O4+	Fatty acids	0.985	Fatty esters	0.952	Lactones	0.688	Lipids and lipid-like molecules	0.626	Fatty Acyls	0.730	Fatty acid esters	0.578			Fatty acid esters	0.578	Organic compounds; Organoheterocyclic compounds; Lipids and lipid-like molecules; Lactones; Organic acids and derivatives; Carboxylic acids and derivatives; Organooxygen compounds; Fatty acid esters; Dicarboxylic acids and derivatives; Carboxylic acid derivatives; Carboxylic acid esters; Carbonyl compounds; Fatty Acyls; Organic oxides; Oxacyclic compounds; Hydrocarbon derivatives; Organic oxygen compounds; Chemical entities	217.144	622	10.373	857343567472053256	857336454596284300	857336454596284299	11184	
1	C15H29NO3	[M + H]+	C15H30NO3+	Fatty acids	0.959	Fatty amides	0.799	N-acyl amines	0.162	Organic acids and derivatives	0.983	Carboxylic acids and derivatives	0.966	Amino acids, peptides, and analogues	0.564	Amino acids and derivatives	0.562	Amino acids and derivatives	0.562	Organic compounds; Lipids and lipid-like molecules; Amino acids, peptides, and analogues; Organic acids and derivatives; Carboxylic acids and derivatives; Organonitrogen compounds; Organooxygen compounds; Fatty amides; Amino acids and derivatives; Carboxylic acid amides; Carboxylic acid derivatives; N-acyl amines; Monocarboxylic acids and derivatives; Secondary carboxylic acid amides; Carbonyl compounds; Fatty Acyls; Organic oxides; Hydrocarbon derivatives; Organopnictogen compounds; Organic oxygen compounds; Organic nitrogen compounds; Chemical entities	272.222	623	10.383	857343567375584229	857336454642421648	857336454638227343	11206	
1	C13H24N2O	[M + H]+	C13H25N2O+	Alkaloids	0.277	Pseudoalkaloids (transamidation)	0.062	Aminoacids	0.007	Organic acids and derivatives	0.988	Organic carbonic acids and derivatives	0.991	Ureas	0.993			Ureas	0.993	Organic compounds; Organic acids and derivatives; Organonitrogen compounds; Organooxygen compounds; Organic carbonic acids and derivatives; Ureas; Carbonyl compounds; Organic oxides; Hydrocarbon derivatives; Organopnictogen compounds; Organic oxygen compounds; Organic nitrogen compounds; Chemical entities	225.196	624	10.401	857343567379778539	857336454680170388	857336454680170387	11199	
1	C14H12O2	[M + H]+	C14H13O2+	Shikimates and Phenylpropanoids	0.961	Phenolic acids (C6-C1)	0.840	Simple phenolic acids	0.616	Organic oxygen compounds	1.000	Organooxygen compounds	1.000	Carbonyl compounds	0.969	Aldehydes	0.931	Benzaldehydes	0.951	Organic compounds; Aldehydes; Benzoyl derivatives; Organooxygen compounds; Benzaldehydes; Carbonyl compounds; Benzene and substituted derivatives; Phenol ethers; Benzenoids; Aryl-aldehydes; Organic oxides; Hydrocarbon derivatives; Organic oxygen compounds; Phenoxy compounds; Chemical entities	213.091	625	10.415	857343594776972449	857336454717919128	857336454717919127	11235	
1	C18H22N2O	[M + H]+	C18H23N2O+	Alkaloids	0.941	Tryptophan alkaloids	0.797	Simple indole alkaloids	0.178	Benzenoids	0.956							Benzenoids	0.956	Organic compounds; Organoheterocyclic compounds; Pyrroles; Organic acids and derivatives; Carboxylic acids and derivatives; Organonitrogen compounds; Organooxygen compounds; Carboxylic acid amides; Carboxylic acid derivatives; Carbonyl compounds; Substituted pyrroles; Benzenoids; Organic oxides; Azacyclic compounds; Heteroaromatic compounds; Hydrocarbon derivatives; Organopnictogen compounds; Organic oxygen compounds; Organic nitrogen compounds; Chemical entities	283.181	625	10.416	857343567459470333	857336454764056476	857336454764056475	11247	
1	C14H11Cl2O12P	[M + H]+	C14H12Cl2O12P+	Shikimates and Phenylpropanoids	0.889	Coumarins	0.710	Simple coumarins	0.806	Organohalogen compounds	0.998	Aryl halides	0.715	Aryl chlorides	0.701			Aryl chlorides	0.701	Organic compounds; Organic acids and derivatives; Organohalogen compounds; Organooxygen compounds; Organic phosphoric acids and derivatives; Phosphate esters; Alkyl chlorides; Aryl chlorides; Organochlorides; Benzene and substituted derivatives; Benzenoids; Aryl halides; Alkyl phosphates; Organic oxides; Oxacyclic compounds; Hydrocarbon derivatives; Organic oxygen compounds; Chemical entities	472.943	625	10.423	857343590213569668	857336454814388128	857336454810193823	11252	
1	C10H19Cl2N5O11P2	[M + H]+	C10H20Cl2N5O11P2+	Carbohydrates	0.996	Nucleosides	0.984	Purine nucleotides	0.947	Nucleosides, nucleotides, and analogues	0.868	Purine nucleotides	0.733					Purine nucleotides	0.733	Organic compounds; Organoheterocyclic compounds; Carbohydrates and carbohydrate conjugates; Imidazoles; Alcohols and polyols; Purines and purine derivatives; Organic acids and derivatives; Organohalogen compounds; Organonitrogen compounds; Nucleosides, nucleotides, and analogues; Organooxygen compounds; Organic phosphoric acids and derivatives; Phosphate esters; Azoles; Alkyl chlorides; Pentoses; Purine nucleotides; Organochlorides; Monosaccharides; Monosaccharide phosphates; Secondary alcohols; Imidazopyrimidines; Glycosyl compounds; Glycosylamines; Pentose phosphates; Substituted imidazoles; N-substituted imidazoles; Amines; Primary amines; Halohydrins; Tetrahydrofurans; Alkyl halides; Alkyl phosphates; Monoalkyl phosphates; Organic oxides; Azacyclic compounds; Oxacyclic compounds; Heteroaromatic compounds; Hydrocarbon derivatives; Organopnictogen compounds; Organic oxygen compounds; Organic nitrogen compounds; Chemical entities	518.001	626	10.425	857343631422606587	857336454873108388	857336454873108387	11270	
1	C13H18Cl4F5N3O4	[M + H]+	C13H19Cl4F5N3O4+	Alkaloids	0.243	Ornithine alkaloids	0.237	Polyamines	0.048	Organic nitrogen compounds	0.999	Organonitrogen compounds	0.998	Nitrogen mustard compounds	0.544			Nitrogen mustard compounds	0.544	Organic compounds; Organic acids and derivatives; Organohalogen compounds; Organonitrogen compounds; Organooxygen compounds; Organic carbonic acids and derivatives; Nitrogen mustard compounds; Ureas; Alkyl chlorides; Alkyl fluorides; Organochlorides; Organofluorides; Carbonyl compounds; Halohydrins; Alkyl halides; Organic oxides; Hydrocarbon derivatives; Organopnictogen compounds; Organic oxygen compounds; Organic nitrogen compounds; Chemical entities	516.004	626	10.429	857343585947962464	857336454923440040	857336454923440039	11269	
1	C12H15Cl4N2O7P	[M + H]+	C12H16Cl4N2O7P+	Alkaloids	0.230	Proline alkaloids	0.092	Pyrrole alkaloids	0.093	Organic nitrogen compounds	0.999	Organonitrogen compounds	0.997	Nitrogen mustard compounds	0.856			Nitrogen mustard compounds	0.856	Organic compounds; Organic acids and derivatives; Organohalogen compounds; Organonitrogen compounds; Organooxygen compounds; Nitrogen mustard compounds; Organic phosphoric acids and derivatives; Phosphate esters; Alkyl chlorides; Organic nitro compounds; Organic phosphoramides; Organic oxoazanium compounds; Organochlorides; Alkyl halides; Organic 1,3-dipolar compounds; Allyl-type 1,3-dipolar organic compounds; Organic phosphoric acid diamides; Phosphoric monoester diamides; Organic oxides; C-nitro compounds; Hydrocarbon derivatives; Organopnictogen compounds; Organic oxygen compounds; Organic nitrogen compounds; Chemical entities	470.946	626	10.430	857343585310428246	857336454973771692	857336454973771691	11263	
1	C13H21NO	[M + H3N + H]+	C13H25N2O+	Fatty acids	0.854	Fatty amides	0.627	Primary amides	0.378	Organic acids and derivatives	0.999	Carboxylic acids and derivatives	0.996	Carboxylic acid derivatives	0.991	Carboxylic acid amides	0.988	Secondary carboxylic acid amides	0.966	Organic compounds; Organic acids and derivatives; Carboxylic acids and derivatives; Organonitrogen compounds; Organooxygen compounds; Carboxylic acid amides; Carboxylic acid derivatives; Secondary carboxylic acid amides; Carbonyl compounds; Organic oxides; Hydrocarbon derivatives; Organopnictogen compounds; Organic oxygen compounds; Organic nitrogen compounds; Chemical entities	225.196	633	10.542	857343583267802177	857336455032491952	857336455032491951	11375	
1	C13H18N2O	[M + H]+	C13H19N2O+	Alkaloids	0.363	Flavonoids	0.089	Anthranillic acid derivatives	0.050	Benzenoids	0.999	Benzene and substituted derivatives	0.990	N-phenylureas	0.971			N-phenylureas	0.971	Organic compounds; Organic acids and derivatives; Organonitrogen compounds; Organooxygen compounds; Organic carbonic acids and derivatives; Ureas; Carbonyl compounds; N-phenylureas; Benzene and substituted derivatives; Benzenoids; Organic oxides; Hydrocarbon derivatives; Organopnictogen compounds; Organic oxygen compounds; Organic nitrogen compounds; Chemical entities	219.149	633	10.549	857343587990588536	857336455095406516	857336455091212211	11388	
1	C11H23NO2	[M + H]+	C11H24NO2+	Fatty acids	0.987	Fatty amides	0.990	N-acyl ethanolamines (endocannabinoids)	0.867	Organic nitrogen compounds	1.000	Organonitrogen compounds	1.000	Amines	0.590	Alkanolamines	0.758	Alkanolamines	0.758	Organic compounds; Alcohols and polyols; Organic acids and derivatives; Carboxylic acids and derivatives; Organonitrogen compounds; Primary alcohols; Organooxygen compounds; Carboxylic acid amides; Carboxylic acid derivatives; Carbonyl compounds; Amines; Alkanolamines; Organic oxides; Hydrocarbon derivatives; Organopnictogen compounds; Organic oxygen compounds; Organic nitrogen compounds; Chemical entities	202.180	635	10.585	857343580658945068	857336455149932472	857336455149932471	11429	
1	C12H22O3	[M + H]+	C12H23O3+	Fatty acids	0.882	Fatty esters	0.470	Wax monoesters	0.216	Lipids and lipid-like molecules	0.752	Fatty Acyls	0.750					Fatty Acyls	0.750	Organic compounds; Lipids and lipid-like molecules; Ketones; Alcohols and polyols; Organic acids and derivatives; Carboxylic acids and derivatives; Organooxygen compounds; Carboxylic acid derivatives; Monocarboxylic acids and derivatives; Carboxylic acid esters; Carbonyl compounds; Fatty Acyls; Organic oxides; Hydrocarbon derivatives; Organic oxygen compounds; Chemical entities	215.164	637	10.613	857343582680599608	857336455204458428	857336455204458427	11484	
1	C5H8FNO	[M + H]+	C5H9FNO+	Fatty acids	0.552	Small peptides	0.520	Aminoacids	0.534	Organohalogen compounds	0.994	Alkyl halides	0.730	Alkyl fluorides	0.718			Alkyl fluorides	0.718	Organic compounds; Organic acids and derivatives; Organohalogen compounds; Organonitrogen compounds; Organooxygen compounds; Alkyl fluorides; Organofluorides; Carbonyl compounds; Alkyl halides; Organic oxides; Hydrocarbon derivatives; Organopnictogen compounds; Organic oxygen compounds; Organic nitrogen compounds; Chemical entities	118.065	643	10.711	857343600934210744	857336455258984384	857336455258984383	11609	
1	C12H17N3O3S2	[M + K]+	C12H17KN3O3S2+	Amino acids and Peptides	0.858	Oligopeptides	0.132	Cyclamides	0.053	Organoheterocyclic compounds	0.976	Furans	0.633					Furans	0.633	Organic compounds; Organoheterocyclic compounds; Organosulfur compounds; Furans; Thiophenes; Organic acids and derivatives; Carboxylic acids and derivatives; Organosulfonic acids and derivatives; Organonitrogen compounds; Organooxygen compounds; Carboxylic acid amides; Carboxylic acid derivatives; Sulfonyls; Organosulfonamides; Carbonyl compounds; Aminosulfonyl compounds; Organic oxides; Oxacyclic compounds; Heteroaromatic compounds; Hydrocarbon derivatives; Organic sulfonic acids and derivatives; Organopnictogen compounds; Organic oxygen compounds; Organic nitrogen compounds; Chemical entities	354.033	643	10.717	857343646262054150	857336455321898948	857336455321898947	11623	
1	C3H4ClFNO2	[M + H3N + H]+	C3H8ClFN2O2+	Amino acids and Peptides	0.778	Small peptides	0.796	Halogenated fatty acids	0.777	Organic acids and derivatives	0.860	Carboxylic acids and derivatives	0.794	Carboxylic acids	0.524			Carboxylic acids	0.524	Organic compounds; Organic acids and derivatives; Carboxylic acids and derivatives; Organohalogen compounds; Organonitrogen compounds; Organooxygen compounds; Carboxylic acids; Organochlorides; Organofluorides; Carbonyl compounds; Alkyl halides; Organic oxides; Hydrocarbon derivatives; Organopnictogen compounds; Organic oxygen compounds; Organic nitrogen compounds; Chemical entities	158.027	643	10.718	857343673390812452	857336455380619208	857336455376424903	11626	
1	C10H15NO2S	[M + H]+	C10H16NO2S+	Alkaloids	0.735	Pseudoalkaloids (transamidation)	0.157	Phenylalanine-derived alkaloids	0.827	Benzenoids	0.999	Benzene and substituted derivatives	0.999	Benzenesulfonamides	0.997			Benzenesulfonamides	0.997	Organic compounds; Organosulfur compounds; Benzenesulfonamides; Organic acids and derivatives; Organosulfonic acids and derivatives; Organonitrogen compounds; Sulfonyls; Organosulfonamides; Benzene and substituted derivatives; Benzenoids; Aminosulfonyl compounds; Organic oxides; Hydrocarbon derivatives; Benzenesulfonyl compounds; Organic sulfonic acids and derivatives; Organopnictogen compounds; Organic oxygen compounds; Organic nitrogen compounds; Chemical entities	214.090	643	10.719	857343598405045421	857336455460310988	857336455456116683	11629	
1	C13H24N2O	[M + H]+	C13H25N2O+	Alkaloids	0.294	Pseudoalkaloids (transamidation)	0.046	Chalcones	0.009	Organic acids and derivatives	0.988	Organic carbonic acids and derivatives	0.989	Ureas	0.992			Ureas	0.992	Organic compounds; Organic acids and derivatives; Organonitrogen compounds; Organooxygen compounds; Organic carbonic acids and derivatives; Ureas; Carbonyl compounds; Organic oxides; Hydrocarbon derivatives; Organopnictogen compounds; Organic oxygen compounds; Organic nitrogen compounds; Chemical entities	225.196	645	10.758	857343587600518261	857336455535808464	857336455535808463	11690	
1	C13H29N	[M + H]+	C13H30N+	Fatty acids	0.777	Pseudoalkaloids (transamidation)	0.228	Acetate-derived alkaloids	0.424	Organic nitrogen compounds	1.000	Organonitrogen compounds	1.000	Amines	0.970	Primary amines	0.727	Monoalkylamines	0.697	Organic compounds; Organonitrogen compounds; Monoalkylamines; Amines; Primary amines; Hydrocarbon derivatives; Organopnictogen compounds; Organic nitrogen compounds; Chemical entities	200.237	649	10.815	857343591606078608	857336455611305940	857336455611305939	11747	
1	C14H21FN4O	[M + H]+	C14H22FN4O+	Alkaloids	0.868	Tryptophan alkaloids	0.030	Carboline alkaloids	0.035	Benzenoids	0.676							Benzenoids	0.676	Organic compounds; Organoheterocyclic compounds; Organic acids and derivatives; Carboxylic acids and derivatives; Organohalogen compounds; Organonitrogen compounds; Organooxygen compounds; Azoles; Carboxylic acid amides; Alkyl fluorides; Carboxylic acid derivatives; Organofluorides; Secondary carboxylic acid amides; Carbonyl compounds; Benzenoids; Alkyl halides; Organic oxides; Azacyclic compounds; Heteroaromatic compounds; Hydrocarbon derivatives; Organopnictogen compounds; Organic oxygen compounds; Organic nitrogen compounds; Chemical entities	281.175	649	10.819	857343623491177713	857336455682609112	857336455682609111	11758	
1	C11H24N2O	[M + H]+	C11H25N2O+	Terpenoids	0.329	Monoterpenoids	0.123	Polyamines	0.035	Organic acids and derivatives	0.860	Organic carbonic acids and derivatives	0.752	Ureas	0.632			Ureas	0.632	Organic compounds; Organic acids and derivatives; Organonitrogen compounds; Organooxygen compounds; Organic carbonic acids and derivatives; Ureas; Carbonyl compounds; Organic oxides; Hydrocarbon derivatives; Organopnictogen compounds; Organic oxygen compounds; Organic nitrogen compounds; Chemical entities	201.196	651	10.852	857343592600128658	857336455741329372	857336455741329371	11803	
1	C14H24O4	[M + H]+	C14H25O4+	Fatty acids	0.620	Fatty esters	0.429	Macrolide lactones	0.282	Lipids and lipid-like molecules	0.504	Fatty Acyls	0.607					Fatty Acyls	0.607	Organic compounds; Lipids and lipid-like molecules; Ketones; 1,3-dicarbonyl compounds; Organic acids and derivatives; Carboxylic acids and derivatives; Organooxygen compounds; Carboxylic acid derivatives; Monocarboxylic acids and derivatives; Carboxylic acid esters; Carbonyl compounds; Fatty Acyls; Organic oxides; Hydrocarbon derivatives; Organic oxygen compounds; Chemical entities	257.175	651	10.854	857343619133295845	857336455804243936	857336455804243935	11809	
1	C18H20N2O	[M + H]+	C18H21N2O+	Alkaloids	0.882	Tryptophan alkaloids	0.187	Acridone alkaloids	0.171	Benzenoids	0.976	Benzene and substituted derivatives	0.514					Benzene and substituted derivatives	0.514	Organic compounds; Organoheterocyclic compounds; Organonitrogen compounds; Organooxygen compounds; Benzene and substituted derivatives; Benzenoids; Organic oxides; Azacyclic compounds; Heteroaromatic compounds; Hydrocarbon derivatives; Organopnictogen compounds; Organic oxygen compounds; Organic nitrogen compounds; Chemical entities	281.165	654	10.901	857343668764495120	857336455858769892	857336455858769891	11860	
1	C14H31N	[M + H]+	C14H32N+	Alkaloids	0.864	Pseudoalkaloids (transamidation)	0.159	Acetate-derived alkaloids	0.258	Organic nitrogen compounds	1.000	Organonitrogen compounds	1.000	Amines	0.994	Primary amines	0.973	Monoalkylamines	0.959	Organic compounds; Organonitrogen compounds; Monoalkylamines; Amines; Primary amines; Hydrocarbon derivatives; Organopnictogen compounds; Organic nitrogen compounds; Chemical entities	214.253	658	10.968	857343594772778144	857336455917490152	857336455917490151	11951	
1	C15H15NO	[M + H]+	C15H16NO+	Alkaloids	0.473	Phenylpropanoids (C6-C3)	0.191	Cinnamic acid amides	0.471	Benzenoids	0.999	Benzene and substituted derivatives	0.980					Benzene and substituted derivatives	0.980	Organic compounds; Organic acids and derivatives; Carboxylic acids and derivatives; Organonitrogen compounds; Organooxygen compounds; Carboxylic acid amides; Carboxylic acid derivatives; Secondary carboxylic acid amides; Carbonyl compounds; Benzene and substituted derivatives; Benzenoids; Organic oxides; Hydrocarbon derivatives; Organopnictogen compounds; Organic oxygen compounds; Organic nitrogen compounds; Chemical entities	226.123	658	10.974	857343587457911914	857336455972016108	857336455972016107	11873	
1	C31H39NO8	[M + H]+	C31H40NO8+	Amino acids and Peptides	0.573	Macrolides	0.248	Pyrrocidine tetramate alkaloids	0.045	Benzenoids	0.890	Phenol ethers	0.549					Phenol ethers	0.549	Organic compounds; Organoheterocyclic compounds; Alkyl aryl ethers; Alcohols and polyols; Ethers; Organic acids and derivatives; Carboxylic acids and derivatives; Organonitrogen compounds; Organooxygen compounds; Carboxylic acid amides; Carboxylic acid derivatives; Monocarboxylic acids and derivatives; Carboxylic acids; Carbonyl compounds; Benzene and substituted derivatives; Phenol ethers; Benzenoids; Organic oxides; Hydrocarbon derivatives; Organopnictogen compounds; Organic oxygen compounds; Organic nitrogen compounds; Phenoxy compounds; Chemical entities	554.275	659	10.991	857343672216407322	857336456026542064	857336456026542063	11984	
1	C19H22N2O6	[M + H]+	C19H23N2O6+	Amino acids and Peptides	0.688	Small peptides	0.123	Dipeptides	0.021	Organic acids and derivatives	0.989	Carboxylic acids and derivatives	0.969	Amino acids, peptides, and analogues	0.683	Amino acids and derivatives	0.677	Amino acids and derivatives	0.677	Organic compounds; Amino acids, peptides, and analogues; Nitrobenzenes; Alkyl aryl ethers; Ethers; Organic acids and derivatives; Carboxylic acids and derivatives; Organonitrogen compounds; Organooxygen compounds; Amino acids and derivatives; Carboxylic acid amides; Carboxylic acid derivatives; Monocarboxylic acids and derivatives; Organic nitro compounds; Carboxylic acid esters; Organic oxoazanium compounds; Carbonyl compounds; Benzene and substituted derivatives; Phenol ethers; Benzenoids; Organic zwitterions; Organic 1,3-dipolar compounds; Allyl-type 1,3-dipolar organic compounds; Propargyl-type 1,3-dipolar organic compounds; Organic salts; Organic oxides; C-nitro compounds; Hydrocarbon derivatives; Organopnictogen compounds; Organic oxygen compounds; Nitroaromatic compounds; Organic nitrogen compounds; Phenoxy compounds; Chemical entities	375.155	664	11.074	857343608337157339	857336456081068020	857336456081068019	12095	
1	C16H10N2O2	[M + H]+	C16H11N2O2+	Alkaloids	0.927	Tryptophan alkaloids	0.463	Benzodiazepine alkaloids	0.183	Organoheterocyclic compounds	0.944	Indoles and derivatives	0.746					Indoles and derivatives	0.746	Organic compounds; Organoheterocyclic compounds; Ketones; Indoles and derivatives; Organic acids and derivatives; Organonitrogen compounds; Organooxygen compounds; Carbonyl compounds; Benzenoids; Aryl ketones; Vinylogous amides; Organic oxides; Azacyclic compounds; Heteroaromatic compounds; Hydrocarbon derivatives; Organopnictogen compounds; Organic oxygen compounds; Organic nitrogen compounds; Chemical entities	263.082	665	11.077	857343602108615873	857336456135593976	857336456135593975	12114	
1	C13H29N	[M + H]+	C13H30N+	Fatty acids	0.857	Fatty acyls	0.210	Acetate-derived alkaloids	0.343	Organic nitrogen compounds	1.000	Organonitrogen compounds	1.000	Amines	0.972	Secondary amines	0.548	Dialkylamines	0.635	Organic compounds; Organonitrogen compounds; Monoalkylamines; Dialkylamines; Amines; Primary amines; Secondary amines; Hydrocarbon derivatives; Organopnictogen compounds; Organic nitrogen compounds; Chemical entities	200.237	666	11.099	857343594982493356	857336456194314236	857336456194314235	12136	
1	C14H31N	[M + H]+	C14H32N+	Alkaloids	0.838	Pseudoalkaloids (transamidation)	0.170	Acetate-derived alkaloids	0.311	Organic nitrogen compounds	1.000	Organonitrogen compounds	1.000	Amines	0.982	Primary amines	0.883	Monoalkylamines	0.860	Organic compounds; Organonitrogen compounds; Monoalkylamines; Amines; Primary amines; Hydrocarbon derivatives; Organopnictogen compounds; Organic nitrogen compounds; Chemical entities	214.253	667	11.117	857343583242636352	857336456257228800	857336456257228799	12180	
1	C12H24O4	[M + H]+	C12H25O4+	Fatty acids	0.926	Glycerolipids	0.281	Wax monoesters	0.308	Organic oxygen compounds	1.000	Organooxygen compounds	1.000	Ethers	0.843	Dialkyl ethers	0.755	Dialkyl ethers	0.755	Organic compounds; Alcohols and polyols; Ethers; Primary alcohols; Organooxygen compounds; Dialkyl ethers; Hydrocarbon derivatives; Organic oxygen compounds; Chemical entities	233.175	668	11.129	857343601655631036	857336456315949060	857336456311754755	12203	
1	C10H18O2	[M + H]+	C10H19O2+	Fatty acids	0.999	Fatty Acids and Conjugates	0.949	Unsaturated fatty acids	0.938	Lipids and lipid-like molecules	0.791	Fatty Acyls	0.848	Fatty acids and conjugates	0.863	Straight chain fatty acids	0.703	Straight chain fatty acids	0.703	Organic compounds; Lipids and lipid-like molecules; Fatty acids and conjugates; Organic acids and derivatives; Carboxylic acids and derivatives; Organooxygen compounds; Straight chain fatty acids; Unsaturated fatty acids; Monocarboxylic acids and derivatives; Carboxylic acids; Carbonyl compounds; Fatty Acyls; Organic oxides; Hydrocarbon derivatives; Organic oxygen compounds; Chemical entities	171.138	668	11.130	857343591153093774	857336456374669320	857336456374669319	12200	
1	C16H35N	[M + H]+	C16H36N+	Alkaloids	0.842	Ornithine alkaloids	0.159	Polyamines	0.374	Organic nitrogen compounds	1.000	Organonitrogen compounds	1.000	Amines	0.985	Primary amines	0.871	Monoalkylamines	0.837	Organic compounds; Organonitrogen compounds; Monoalkylamines; Amines; Primary amines; Hydrocarbon derivatives; Organopnictogen compounds; Organic nitrogen compounds; Chemical entities	242.284	670	11.163	857343584467373141	857336456559218708	857336456555024403	12250	
1	C12H18O2	[M + H]+	C12H19O2+	Terpenoids	0.857	Sesquiterpenoids	0.484	Irregular monoterpenoids	0.206	Organic acids and derivatives	0.734	Carboxylic acids and derivatives	0.712	Carboxylic acid derivatives	0.546	Carboxylic acid esters	0.558	Carboxylic acid esters	0.558	Organic compounds; Organic acids and derivatives; Carboxylic acids and derivatives; Organooxygen compounds; Carboxylic acid derivatives; Monocarboxylic acids and derivatives; Carboxylic acid esters; Carbonyl compounds; Organic oxides; Hydrocarbon derivatives; Organic oxygen compounds; Chemical entities	195.138	671	11.175	857343593548041364	857336456617938968	857336456617938967	12272	
1	C14H31NO	[M + H]+	C14H32NO+	Fatty acids	0.884	Spingolipids	0.143	Sphingoid bases	0.421	Organic nitrogen compounds	1.000	Organonitrogen compounds	0.999	Aminoxides	0.997	Long-chain alkyl amine oxides	0.995	Long-chain alkyl amine oxides	0.995	Organic compounds; Organonitrogen compounds; Amine oxides and derivatives; Amines; Trisubstituted amine oxides and derivatives; Organic cations; Organic salts; Organic oxides; Aminoxides; Hydrocarbon derivatives; Long-chain alkyl amine oxides; Trialkyl amine oxides; Organopnictogen compounds; Organic oxygen compounds; Organic nitrogen compounds; Chemical entities	230.248	671	11.183	857343594101689502	857336456752156704	857336456752156703	12286	
1	C12H20O3	[M + H]+	C12H21O3+	Terpenoids	0.782	Sesquiterpenoids	0.612	Menthane monoterpenoids	0.036	Lipids and lipid-like molecules	0.559							Lipids and lipid-like molecules	0.559	Organic compounds; Lipids and lipid-like molecules; Ketones; Alcohols and polyols; Organic acids and derivatives; Carboxylic acids and derivatives; Organooxygen compounds; Carboxylic acids; Carbonyl compounds; Organic oxides; Hydrocarbon derivatives; Organic oxygen compounds; Chemical entities	213.149	671	11.184	857343889825287471	857336456819265572	857336456819265571	12273	
1	C15H15NO	[M + H]+	C15H16NO+	Alkaloids	0.171	Phenylpropanoids (C6-C3)	0.215	Cinnamic acid amides	0.313	Benzenoids	0.999	Benzene and substituted derivatives	0.987	Phenylacetamides	0.632			Phenylacetamides	0.632	Organic compounds; Organic acids and derivatives; Carboxylic acids and derivatives; Organonitrogen compounds; Organooxygen compounds; Carboxylic acid amides; Carboxylic acid derivatives; Primary carboxylic acid amides; Carbonyl compounds; Benzene and substituted derivatives; Phenylacetamides; Benzenoids; Organic oxides; Hydrocarbon derivatives; Organopnictogen compounds; Organic oxygen compounds; Organic nitrogen compounds; Chemical entities	226.123	671	11.186	857344616857576984	857336456886374440	857336456882180135	12299	
1	C19H38N2O3	[M + H]+	C19H39N2O3+	Fatty acids	0.998	Fatty amides	0.966	N-acyl amines	0.743	Organic acids and derivatives	1.000	Carboxylic acids and derivatives	1.000	Amino acids, peptides, and analogues	0.976	Amino acids and derivatives	0.976	Alpha amino acids	0.760	Organic compounds; Lipids and lipid-like molecules; Amino acids, peptides, and analogues; Alpha amino acids and derivatives; Organic acids and derivatives; Carboxylic acids and derivatives; Organonitrogen compounds; Organooxygen compounds; Fatty amides; Amino acids and derivatives; Carboxylic acid amides; Quaternary ammonium salts; Carboxylic acid derivatives; N-acyl amines; Monocarboxylic acids and derivatives; Carboxylic acid salts; Carboxylic acids; Secondary carboxylic acid amides; Carbonyl compounds; Alpha amino acids; Amines; Organic salts; Fatty Acyls; Organic oxides; Hydrocarbon derivatives; Tetraalkylammonium salts; Organopnictogen compounds; Organic oxygen compounds; Organic nitrogen compounds; Chemical entities	343.296	671	11.191	857344619042809436	857336456689242140	857336456689242139	12253	
1	C12H23NO	[M + H]+	C12H24NO+	Fatty acids	0.996	Fatty amides	0.995	N-acyl amines	0.898	Lipids and lipid-like molecules	0.995	Fatty Acyls	0.995	Fatty amides	0.992	N-acyl amines	0.943	N-acyl amines	0.943	Organic compounds; Lipids and lipid-like molecules; Organic acids and derivatives; Carboxylic acids and derivatives; Organonitrogen compounds; Organooxygen compounds; Fatty amides; Carboxylic acid amides; Carboxylic acid derivatives; N-acyl amines; Secondary carboxylic acid amides; Carbonyl compounds; Fatty Acyls; Organic oxides; Hydrocarbon derivatives; Organic oxygen compounds; Organic nitrogen compounds; Chemical entities	198.185	675	11.258	857344613871232306	857336456949289004	857336456949289003	12388	
1	C12H21NO9	[M + Na]+	C12H21NNaO9+	Carbohydrates	0.985	Aminosugars and aminoglycosides	0.892	Aminosugars	0.743	Organic oxygen compounds	1.000	Organooxygen compounds	0.999	Carbohydrates and carbohydrate conjugates	0.928	Glycosyl compounds	0.531	O-glycosyl compounds	0.512	Organic compounds; Organoheterocyclic compounds; Carbohydrates and carbohydrate conjugates; Alcohols and polyols; Ethers; Organic acids and derivatives; Carboxylic acids and derivatives; Organonitrogen compounds; Primary alcohols; Organooxygen compounds; Monosaccharides; Acetals; Secondary alcohols; Carbonyl compounds; Oxanes; Glycosyl compounds; O-glycosyl compounds; Polyols; Organic oxides; Oxacyclic compounds; Hydrocarbon derivatives; Organopnictogen compounds; Organic oxygen compounds; Organic nitrogen compounds; Chemical entities	346.107	677	11.277	857344630052857532	857336457020592176	857336457016397871	12416	
1	C14H28O5	[M + H]+	C14H29O5+	Fatty acids	0.817	Fatty esters	0.266	Wax monoesters	0.301	Organic acids and derivatives	0.927	Carboxylic acids and derivatives	0.919	Carboxylic acid derivatives	0.702	Carboxylic acid esters	0.685	Carboxylic acid esters	0.685	Organic compounds; Ethers; Organic acids and derivatives; Carboxylic acids and derivatives; Organooxygen compounds; Carboxylic acid derivatives; Monocarboxylic acids and derivatives; Dialkyl ethers; Carboxylic acid esters; Carbonyl compounds; Organic oxides; Hydrocarbon derivatives; Organic oxygen compounds; Chemical entities	277.201	677	11.282	857344620716336751	857336457142227000	857336457138032695	12433	
1	C14H31N	[M + H]+	C14H32N+	Alkaloids	0.862	Pseudoalkaloids (transamidation)	0.150	Acetate-derived alkaloids	0.232	Organic nitrogen compounds	1.000	Organonitrogen compounds	1.000	Amines	0.995	Primary amines	0.973	Monoalkylamines	0.959	Organic compounds; Organonitrogen compounds; Monoalkylamines; Amines; Primary amines; Hydrocarbon derivatives; Organopnictogen compounds; Organic nitrogen compounds; Chemical entities	214.253	677	11.287	857344612650689665	857336457200947260	857336457200947259	12429	
1	C10H18O2	[M + H]+	C10H19O2+	Fatty acids	0.999	Fatty Acids and Conjugates	0.970	Unsaturated fatty acids	0.952	Lipids and lipid-like molecules	0.852	Fatty Acyls	0.894	Fatty acids and conjugates	0.911	Straight chain fatty acids	0.769	Straight chain fatty acids	0.769	Organic compounds; Lipids and lipid-like molecules; Fatty acids and conjugates; Organic acids and derivatives; Carboxylic acids and derivatives; Organooxygen compounds; Straight chain fatty acids; Unsaturated fatty acids; Monocarboxylic acids and derivatives; Carboxylic acids; Carbonyl compounds; Fatty Acyls; Organic oxides; Hydrocarbon derivatives; Organic oxygen compounds; Chemical entities	171.138	677	11.288	857344613854455088	857336457263861824	857336457263861823	12469	
1	C12H22N4O4S	[M + Na]+	C12H22N4NaO4S+	Amino acids and Peptides	0.332	Histidine alkaloids	0.344	Imidazole alkaloids	0.343	Organosulfur compounds	0.835	Sulfonyls	0.595					Sulfonyls	0.595	Organic compounds; Organosulfur compounds; Organic acids and derivatives; Organonitrogen compounds; Organooxygen compounds; Sulfonyls; Carbonyl compounds; Organic oxides; Hydrocarbon derivatives; Organopnictogen compounds; Organic oxygen compounds; Organic nitrogen compounds; Chemical entities	341.128	677	11.289	857344634012280543	857336457322582084	857336457322582083	12449	
1	C11H23FN4O	[M + H]+	C11H24FN4O+	Alkaloids	0.640	Histidine alkaloids	0.065	Imidazole alkaloids	0.064	Organohalogen compounds	0.998	Aryl halides	0.755	Aryl fluorides	0.700			Aryl fluorides	0.700	Organic compounds; Organoheterocyclic compounds; Organohalogen compounds; Organonitrogen compounds; Organooxygen compounds; Azoles; Aryl fluorides; Organofluorides; Amines; Aryl halides; Azacyclic compounds; Heteroaromatic compounds; Hydrocarbon derivatives; Organopnictogen compounds; Organic oxygen compounds; Organic nitrogen compounds; Chemical entities	247.191	677	11.291	857344617767740993	857336457381302344	857336457377108039	12452	
1	C15H20N2O3	[M + H]+	C15H21N2O3+	Alkaloids	0.825	Tryptophan alkaloids	0.250	Pyrroloindole alkaloids	0.079	Organic acids and derivatives	0.742	Carboxylic acids and derivatives	0.651	Amino acids, peptides, and analogues	0.645	Amino acids and derivatives	0.644	Carbamate esters	0.821	Organic compounds; Organoheterocyclic compounds; Amino acids, peptides, and analogues; Nitrobenzenes; Organic acids and derivatives; Carboxylic acids and derivatives; Organonitrogen compounds; Carbamic acids and derivatives; Organooxygen compounds; Amino acids and derivatives; Organic nitro compounds; Carbamate esters; Organic oxoazanium compounds; Carbonyl compounds; Benzenoids; Organic 1,3-dipolar compounds; Allyl-type 1,3-dipolar organic compounds; Propargyl-type 1,3-dipolar organic compounds; Organic oxides; C-nitro compounds; Azacyclic compounds; Hydrocarbon derivatives; Organopnictogen compounds; Organic oxygen compounds; Nitroaromatic compounds; Organic nitrogen compounds; Chemical entities	277.155	678	11.307	857344619638400613	857336457444216908	857336457444216907	12557	
1	C16H29NO3	[M + H]+	C16H30NO3+	Fatty acids	0.909	Fatty Acids and Conjugates	0.309	Menthane monoterpenoids	0.024	Lipids and lipid-like molecules	0.797	Fatty Acyls	0.732					Fatty Acyls	0.732	Organic compounds; Lipids and lipid-like molecules; Organic acids and derivatives; Carboxylic acids and derivatives; Organonitrogen compounds; Organooxygen compounds; Carboxylic acid amides; Carboxylic acid derivatives; Monocarboxylic acids and derivatives; Carboxylic acids; Secondary carboxylic acid amides; Carbonyl compounds; Fatty Acyls; Organic oxides; Hydrocarbon derivatives; Organopnictogen compounds; Organic oxygen compounds; Organic nitrogen compounds; Chemical entities	284.222	680	11.332	857344626303149727	857336457502937168	857336457498742863	12526	
1	C19H38N2O3	[M + H]+	C19H39N2O3+	Fatty acids	0.998	Fatty amides	0.971	N-acyl amines	0.760	Organic acids and derivatives	1.000	Carboxylic acids and derivatives	1.000	Amino acids, peptides, and analogues	0.974	Amino acids and derivatives	0.974	Alpha amino acids	0.756	Organic compounds; Lipids and lipid-like molecules; Amino acids, peptides, and analogues; Alpha amino acids and derivatives; Organic acids and derivatives; Carboxylic acids and derivatives; Organonitrogen compounds; Organooxygen compounds; Fatty amides; Amino acids and derivatives; Carboxylic acid amides; Quaternary ammonium salts; Carboxylic acid derivatives; N-acyl amines; Monocarboxylic acids and derivatives; Carboxylic acid salts; Carboxylic acids; Secondary carboxylic acid amides; Carbonyl compounds; Alpha amino acids; Amines; Organic salts; Fatty Acyls; Organic oxides; Hydrocarbon derivatives; Tetraalkylammonium salts; Organopnictogen compounds; Organic oxygen compounds; Organic nitrogen compounds; Chemical entities	343.296	680	11.342	857344623161616003	857336457561657428	857336457561657427	12541	
1	C15H33N	[M + H]+	C15H34N+	Fatty acids	0.881	Fatty acyls	0.371	Sphingoid bases	0.485	Organic nitrogen compounds	1.000	Organonitrogen compounds	1.000	Amines	0.982	Primary amines	0.817	Monoalkylamines	0.804	Organic compounds; Organonitrogen compounds; Monoalkylamines; Amines; Primary amines; Hydrocarbon derivatives; Organopnictogen compounds; Organic nitrogen compounds; Chemical entities	228.269	682	11.374	857344626743551657	857336457624571992	857336457624571991	12592	
1	C2H4O2	[M + K]+	C2H4KO2+	Fatty acids	0.929	Fatty acyls	0.795	Fatty alcohols	0.388	Organic oxygen compounds	0.991	Organooxygen compounds	0.949	Carbonyl compounds	0.255	Aldehydes	0.136	Short-chain aldehydes	0.629	Organic compounds; Alcohols and polyols; Organooxygen compounds; Short-chain aldehydes; Hydrocarbon derivatives; Organic oxygen compounds; Chemical entities	98.984	686	11.434	857344623757207180	857336457683292252	857336457683292251	12700	
1	C16H24O4	[M + H]+	C16H25O4+	Terpenoids	0.772	Sesquiterpenoids	0.711	Bisabolane sesquiterpenoids	0.116	Lipids and lipid-like molecules	0.585							Lipids and lipid-like molecules	0.585	Organic compounds; Lipids and lipid-like molecules; Organic acids and derivatives; Carboxylic acids and derivatives; Organooxygen compounds; Carboxylic acid derivatives; Carboxylic acid esters; Carbonyl compounds; Organic oxides; Oxacyclic compounds; Hydrocarbon derivatives; Organic oxygen compounds; Chemical entities	281.175	688	11.460	857344709325203360	857336457742012512	857336457742012511	12730	
1	C18H28N2O6	[M + H]+	C18H29N2O6+	Amino acids and Peptides	0.911	Small peptides	0.324	Dipeptides	0.186	Organic acids and derivatives	0.972	Carboxylic acids and derivatives	0.945	Amino acids, peptides, and analogues	0.614	Amino acids and derivatives	0.611	Amino acids and derivatives	0.611	Organic compounds; Lipids and lipid-like molecules; Amino acids, peptides, and analogues; Organic acids and derivatives; Carboxylic acids and derivatives; Organonitrogen compounds; Organooxygen compounds; Amino acids and derivatives; Carboxylic acid derivatives; Carbonyl compounds; Fatty Acyls; Organic oxides; Hydrocarbon derivatives; Organopnictogen compounds; Organic oxygen compounds; Organic nitrogen compounds; Chemical entities	369.202	688	11.465	857344632519108304	857336457800732772	857336457800732771	12740	
1	C9H12N2O6S2	[M + Na]+	C9H12N2NaO6S2+	Amino acids and Peptides	0.714	Small peptides	0.143	Cephamycins	0.058	Organic acids and derivatives	0.990	Organic sulfonic acids and derivatives	0.734	Organosulfonic acids and derivatives	0.732	Organosulfonamides	0.686	Organosulfonamides	0.686	Organic compounds; Organoheterocyclic compounds; Organosulfur compounds; Thiophenes; Organic acids and derivatives; Carboxylic acids and derivatives; Organosulfonic acids and derivatives; Organonitrogen compounds; Organooxygen compounds; Sulfonyls; Carboxylic acids; Organosulfonamides; Carbonyl compounds; Aminosulfonyl compounds; Organic oxides; Heteroaromatic compounds; Hydrocarbon derivatives; Organic sulfonic acids and derivatives; Organopnictogen compounds; Organic oxygen compounds; Organic nitrogen compounds; Chemical entities	331.002	688	11.468	857344638860896018	857336457863647336	857336457863647335	12739	
1	C12H22O4	[M + H]+	C12H23O4+	Fatty acids	0.999	Fatty Acids and Conjugates	0.993	Dicarboxylic acids	0.994	Lipids and lipid-like molecules	0.969	Fatty Acyls	0.965	Fatty acids and conjugates	0.903	Medium-chain fatty acids	0.681	Medium-chain fatty acids	0.681	Organic compounds; Lipids and lipid-like molecules; Fatty acids and conjugates; Organic acids and derivatives; Carboxylic acids and derivatives; Organooxygen compounds; Dicarboxylic acids and derivatives; Carboxylic acids; Carbonyl compounds; Medium-chain fatty acids; Fatty Acyls; Organic oxides; Hydrocarbon derivatives; Organic oxygen compounds; Chemical entities	231.159	689	11.476	857344627183953578	857336457922367596	857336457918173291	12752	
1	C15H15NO	[M + H]+	C15H16NO+	Amino acids and Peptides	0.286	Phenylpropanoids (C6-C3)	0.382	Cinnamic acid amides	0.431	Benzenoids	0.999	Benzene and substituted derivatives	0.986	Phenylacetamides	0.641			Phenylacetamides	0.641	Organic compounds; Organic acids and derivatives; Carboxylic acids and derivatives; Organonitrogen compounds; Organooxygen compounds; Carboxylic acid amides; Carboxylic acid derivatives; Primary carboxylic acid amides; Carbonyl compounds; Benzene and substituted derivatives; Phenylacetamides; Benzenoids; Organic oxides; Hydrocarbon derivatives; Organopnictogen compounds; Organic oxygen compounds; Organic nitrogen compounds; Chemical entities	226.123	689	11.476	857344644963608381	857336457981087856	857336457981087855	12753	
1	C8H14N6O2	[M + H]+	C8H15N6O2+	Alkaloids	0.713	Small peptides	0.284	Imidazole alkaloids	0.162	Organic nitrogen compounds	1.000	Organonitrogen compounds	1.000	Guanidines	0.936	Nitroguanidines	0.795	Nitroguanidines	0.795	Organic compounds; Organonitrogen compounds; Guanidines; Organic nitro compounds; Benzene and substituted derivatives; Nitramines; Carboximidamides; Organic 1,3-dipolar compounds; Propargyl-type 1,3-dipolar organic compounds; Organic oxides; Hydrocarbon derivatives; Organopnictogen compounds; Organic oxygen compounds; Nitroguanidines; Organic nitrogen compounds; Chemical entities	227.126	689	11.477	857344652131673940	857336458044002420	857336458044002419	12770	
1	C7H10ClN4O7P	[M + H]+	C7H11ClN4O7P+	Carbohydrates	0.668	Nucleosides	0.548	Purine nucleotides	0.715	Organic 1,3-dipolar compounds	0.950	Allyl-type 1,3-dipolar organic compounds	0.951	Organic nitro compounds	0.947	C-nitro compounds	0.906	Nitroaromatic compounds	0.770	Organic compounds; Organoheterocyclic compounds; Imidazoles; Organic acids and derivatives; Organohalogen compounds; Organonitrogen compounds; Organooxygen compounds; Organic phosphoric acids and derivatives; Phosphate esters; Azoles; Aryl chlorides; Organic nitro compounds; Organic oxoazanium compounds; Organochlorides; Substituted imidazoles; N-substituted imidazoles; Alkyl halides; Alkyl phosphates; Monoalkyl phosphates; Organic zwitterions; Organic 1,3-dipolar compounds; Allyl-type 1,3-dipolar organic compounds; Propargyl-type 1,3-dipolar organic compounds; Organic oxides; C-nitro compounds; Azacyclic compounds; Heteroaromatic compounds; Hydrocarbon derivatives; Organopnictogen compounds; Organic oxygen compounds; Nitroaromatic compounds; Organic nitrogen compounds; Chemical entities	329.005	689	11.477	857344666476193662	857336458106916984	857336458106916983	12755	
1	C16H9N2O2	[M + H]+	C16H10N2O2+	Polyketides	0.740	Anthranilic acid alkaloids	0.683	Anthraquinones and anthrones	0.452	Organic oxygen compounds	1.000	Organooxygen compounds	1.000	Carbonyl compounds	0.899	Ketones	0.917	Aryl ketones	0.840	Organic compounds; Organoheterocyclic compounds; Ketones; Organic acids and derivatives; Organonitrogen compounds; Organooxygen compounds; Carbonyl compounds; Benzenoids; Aryl ketones; Vinylogous amides; Organic oxides; Azacyclic compounds; Heteroaromatic compounds; Hydrocarbon derivatives; Organopnictogen compounds; Organic oxygen compounds; Organic nitrogen compounds; Chemical entities	262.074	689	11.478	857344641566222129	857336458165637244	857336458165637243	12772	
1	C13H11FN2O3	[M + H]+	C13H12FN2O3+	Alkaloids	0.881	Anthranilic acid alkaloids	0.630	Benzodiazepine alkaloids	0.540	Organic acids and derivatives	0.955	Carboxylic acids and derivatives	0.907	Amino acids, peptides, and analogues	0.681	Amino acids and derivatives	0.681	Alpha amino acids and derivatives	0.628	Organic compounds; Organoheterocyclic compounds; Amino acids, peptides, and analogues; Halobenzenes; Alpha amino acids and derivatives; Organic acids and derivatives; Carboxylic acids and derivatives; Organohalogen compounds; Organonitrogen compounds; Organooxygen compounds; Amino acids and derivatives; Aryl fluorides; Carboxylic acid derivatives; Fluorobenzenes; Monocarboxylic acids and derivatives; Carboxylic acids; Organofluorides; Carbonyl compounds; Benzene and substituted derivatives; Benzenoids; Aryl halides; Organic oxides; Azacyclic compounds; Heteroaromatic compounds; Hydrocarbon derivatives; Organopnictogen compounds; Organic oxygen compounds; Organic nitrogen compounds; Chemical entities	263.082	689	11.483	857344638252721928	857336458228551808	857336458224357503	12766	
1	C16H22Cl3NO	[M + Na]+	C16H22Cl3NNaO+	Alkaloids	0.375	Oligopeptides	0.094	Cinnamic acid amides	0.023	Benzenoids	0.957	Benzene and substituted derivatives	0.948	Halobenzenes	0.911	Chlorobenzenes	0.914	Dichlorobenzenes	0.599	Organic compounds; Halobenzenes; Organic acids and derivatives; Carboxylic acids and derivatives; Organohalogen compounds; Organonitrogen compounds; Organooxygen compounds; Carboxylic acid amides; Alkyl chlorides; Aryl chlorides; Carboxylic acid derivatives; Chlorobenzenes; Organochlorides; Secondary carboxylic acid amides; Carbonyl compounds; Benzene and substituted derivatives; Benzenoids; Dichlorobenzenes; Aryl halides; Alkyl halides; Organic oxides; Hydrocarbon derivatives; Organopnictogen compounds; Organic oxygen compounds; Organic nitrogen compounds; Chemical entities	372.066	690	11.498	857344615452485131	857336458291466372	857336458291466371	12815	
1	C13H20N2O	[M + H]+	C13H21N2O+	Terpenoids	0.466	Monoterpenoids	0.040	Anthranillic acid derivatives	0.055	Benzenoids	0.993	Benzene and substituted derivatives	0.988	N-phenylureas	0.907			N-phenylureas	0.907	Organic compounds; Organic acids and derivatives; Organonitrogen compounds; Organooxygen compounds; Organic carbonic acids and derivatives; Ureas; Carbonyl compounds; N-phenylureas; Benzene and substituted derivatives; Benzenoids; Organic oxides; Hydrocarbon derivatives; Organopnictogen compounds; Organic oxygen compounds; Organic nitrogen compounds; Chemical entities	221.165	690	11.500	857344641054517030	857336458345992328	857336458341798023	12808	
1	C15H20N2O3	[M + H]+	C15H21N2O3+	Alkaloids	0.722	Tryptophan alkaloids	0.137	Pyrroloindole alkaloids	0.037	Organic acids and derivatives	0.813	Carboxylic acids and derivatives	0.710	Amino acids, peptides, and analogues	0.720	Amino acids and derivatives	0.719	Carbamate esters	0.858	Organic compounds; Organoheterocyclic compounds; Amino acids, peptides, and analogues; Nitrobenzenes; Organic acids and derivatives; Carboxylic acids and derivatives; Organonitrogen compounds; Carbamic acids and derivatives; Organooxygen compounds; Amino acids and derivatives; Organic nitro compounds; Carbamate esters; Organic oxoazanium compounds; Carbonyl compounds; Benzene and substituted derivatives; Benzenoids; Organic 1,3-dipolar compounds; Allyl-type 1,3-dipolar organic compounds; Propargyl-type 1,3-dipolar organic compounds; Organic oxides; C-nitro compounds; Azacyclic compounds; Hydrocarbon derivatives; Organopnictogen compounds; Organic oxygen compounds; Nitroaromatic compounds; Organic nitrogen compounds; Chemical entities	277.155	690	11.504	857344634775643891	857336458404712588	857336458404712587	12823	
1	C21H15NO4	[M + H]+	C21H16NO4+	Alkaloids	0.538	Polycyclic aromatic polyketides	0.103	Aporphine alkaloids	0.109	Benzenoids	0.996	Naphthalenes	0.523					Naphthalenes	0.523	Organic compounds; Organoheterocyclic compounds; Naphthalenes; Organic acids and derivatives; Carboxylic acids and derivatives; Organonitrogen compounds; Organooxygen compounds; Carboxylic acid amides; Carboxylic acid derivatives; Monocarboxylic acids and derivatives; Carbonyl compounds; Benzene and substituted derivatives; Benzenoids; Organic oxides; Hydrocarbon derivatives; Organopnictogen compounds; Organic oxygen compounds; Organic nitrogen compounds; Chemical entities	346.107	690	11.505	857344637304809213	857336458459238544	857336458455044239	12831	
1	C9H18Cl3O4P	[M + H]+	C9H19Cl3O4P+	Fatty acids	0.894	Glycerophospholipids	0.021	Halogenated fatty acids	0.039	Organic acids and derivatives	0.977	Organic phosphoric acids and derivatives	0.928	Phosphate esters	0.907	Alkyl phosphates	0.874	Trialkyl phosphates	0.944	Organic compounds; Organic acids and derivatives; Organohalogen compounds; Organooxygen compounds; Organic phosphoric acids and derivatives; Phosphate esters; Alkyl chlorides; Organochlorides; Alkyl halides; Alkyl phosphates; Trialkyl phosphates; Organic oxides; Hydrocarbon derivatives; Organic oxygen compounds; Chemical entities	327.008	690	11.506	857344621446145657	857336458517958804	857336458517958803	12809	
1	C14H20F2N2O4	[M + Na]+	C14H20F2N2NaO4+	Amino acids and Peptides	0.553	Small peptides	0.790	Aminoacids	0.254	Organic acids and derivatives	0.998	Carboxylic acids and derivatives	0.994	Amino acids, peptides, and analogues	0.749	Amino acids and derivatives	0.748	Amino acids and derivatives	0.748	Organic compounds; Amino acids, peptides, and analogues; Halobenzenes; Organic acids and derivatives; Carboxylic acids and derivatives; Organohalogen compounds; Organonitrogen compounds; Organooxygen compounds; Amino acids and derivatives; Carboxylic acid amides; Aryl fluorides; Carboxylic acid derivatives; Fluorobenzenes; Monocarboxylic acids and derivatives; Carboxylic acids; Organofluorides; Secondary carboxylic acid amides; Carbonyl compounds; Benzene and substituted derivatives; Benzenoids; Aryl halides; Organic oxides; Hydrocarbon derivatives; Organopnictogen compounds; Organic oxygen compounds; Organic nitrogen compounds; Chemical entities	341.128	690	11.506	857344678614509448	857336458585067672	857336458580873367	12819	
1	C13H26O4	[M + H]+	C13H27O4+	Fatty acids	0.931	Fatty esters	0.316	Dicarboxylic acids	0.293	Lipids and lipid-like molecules	0.866	Fatty Acyls	0.869	Fatty acid esters	0.619			Fatty acid esters	0.619	Organic compounds; Lipids and lipid-like molecules; Alcohols and polyols; Organic acids and derivatives; Carboxylic acids and derivatives; Organooxygen compounds; Fatty acid esters; Dicarboxylic acids and derivatives; Carboxylic acid derivatives; Carboxylic acid esters; Carbonyl compounds; Fatty Acyls; Organic oxides; Hydrocarbon derivatives; Organic oxygen compounds; Chemical entities	247.190	691	11.510	857344639825585949	857336458643787932	857336458639593627	12827	
1	C16H29NO3	[M + H]+	C16H30NO3+	Fatty acids	0.746	Small peptides	0.184	Aminoacids	0.077	Lipids and lipid-like molecules	0.641	Fatty Acyls	0.517					Fatty Acyls	0.517	Organic compounds; Lipids and lipid-like molecules; Organic acids and derivatives; Carboxylic acids and derivatives; Organonitrogen compounds; Organooxygen compounds; Carboxylic acid amides; Carboxylic acid derivatives; Monocarboxylic acids and derivatives; Carboxylic acids; Carboxylic acid esters; Secondary carboxylic acid amides; Carbonyl compounds; Fatty Acyls; Organic oxides; Hydrocarbon derivatives; Organopnictogen compounds; Organic oxygen compounds; Organic nitrogen compounds; Chemical entities	284.222	691	11.514	857344662789400436	857336458698313888	857336458698313887	12840	
1	C11H11ClO8	[M + Na]+	C11H11ClNaO8+	Shikimates and Phenylpropanoids	0.650	Phenolic acids (C6-C1)	0.858	Shikimic acids and derivatives	0.587	Benzenoids	0.712	Benzene and substituted derivatives	0.623	Benzoic acids and derivatives	0.652	Hydroxybenzoic acid derivatives	0.508	Hydroxybenzoic acid derivatives	0.508	Organic compounds; Organoheterocyclic compounds; Alcohols and polyols; Benzoic acids and derivatives; Ethers; Organic acids and derivatives; Carboxylic acids and derivatives; Organohalogen compounds; Organooxygen compounds; Carboxylic acid derivatives; Carboxylic acid esters; Hydroxybenzoic acid derivatives; Organochlorides; Secondary alcohols; Benzene and substituted derivatives; Polyols; Benzenoids; Organic oxides; Oxacyclic compounds; Hydrocarbon derivatives; Organic oxygen compounds; Chemical entities	329.005	693	11.549	857344679835051925	857336458887057580	857336458887057579	12868	
1	C16H17NO	[M + H]+	C16H18NO+	Alkaloids	0.694	Pseudoalkaloids (transamidation)	0.086	Cinnamic acid amides	0.059	Benzenoids	0.999	Benzene and substituted derivatives	0.996					Benzene and substituted derivatives	0.996	Organic compounds; Organic acids and derivatives; Carboxylic acids and derivatives; Organonitrogen compounds; Organooxygen compounds; Carboxylic acid amides; Carboxylic acid derivatives; Tertiary carboxylic acid amides; Carbonyl compounds; Benzene and substituted derivatives; Benzenoids; Organic oxides; Hydrocarbon derivatives; Organopnictogen compounds; Organic oxygen compounds; Organic nitrogen compounds; Chemical entities	240.138	695	11.578	857344649803835209	857336458941583536	857336458937389231	12947	
1	C9H12N2O6S2	[M + Na]+	C9H12N2NaO6S2+	Amino acids and Peptides	0.859	Small peptides	0.123	Cephamycins	0.078	Organic acids and derivatives	0.979	Organic sulfonic acids and derivatives	0.751	Organosulfonic acids and derivatives	0.751	Organosulfonamides	0.579	Organosulfonamides	0.579	Organic compounds; Organoheterocyclic compounds; Organosulfur compounds; Thiophenes; Organic acids and derivatives; Organosulfonic acids and derivatives; Organonitrogen compounds; Organooxygen compounds; Sulfonyls; Organosulfonamides; Aminosulfonyl compounds; Organic oxides; Heteroaromatic compounds; Hydrocarbon derivatives; Organic sulfonic acids and derivatives; Organopnictogen compounds; Organic oxygen compounds; Organic nitrogen compounds; Chemical entities	331.002	695	11.588	857344656875431775	857336459004498100	857336459004498099	12968	
1	C11H11ClO8	[M + Na]+	C11H11ClNaO8+	Shikimates and Phenylpropanoids	0.646	Phenolic acids (C6-C1)	0.856	Shikimic acids and derivatives	0.590	Benzenoids	0.704	Benzene and substituted derivatives	0.614	Benzoic acids and derivatives	0.645	Hydroxybenzoic acid derivatives	0.503	Hydroxybenzoic acid derivatives	0.503	Organic compounds; Organoheterocyclic compounds; Alcohols and polyols; Benzoic acids and derivatives; Ethers; Organic acids and derivatives; Carboxylic acids and derivatives; Organohalogen compounds; Organooxygen compounds; Carboxylic acid derivatives; Carboxylic acid esters; Hydroxybenzoic acid derivatives; Organochlorides; Secondary alcohols; Benzene and substituted derivatives; Polyols; Benzenoids; Organic oxides; Oxacyclic compounds; Hydrocarbon derivatives; Organic oxygen compounds; Chemical entities	329.005	698	11.630	857344623962728085	857336459067412664	857336459067412663	13035	
1	C9H18Cl3O4P	[M + H]+	C9H19Cl3O4P+	Fatty acids	0.895	Glycerophospholipids	0.021	Halogenated fatty acids	0.039	Organic acids and derivatives	0.977	Organic phosphoric acids and derivatives	0.927	Phosphate esters	0.907	Alkyl phosphates	0.874	Trialkyl phosphates	0.943	Organic compounds; Organic acids and derivatives; Organohalogen compounds; Organooxygen compounds; Organic phosphoric acids and derivatives; Phosphate esters; Alkyl chlorides; Organochlorides; Alkyl halides; Alkyl phosphates; Trialkyl phosphates; Organic oxides; Hydrocarbon derivatives; Organic oxygen compounds; Chemical entities	327.008	698	11.632	857345073797638060	857336459134521532	857336459134521531	13034	
1	C17H26O5	[M + H]+	C17H27O5+	Polyketides	0.463	Monoterpenoids	0.153	Macrolide lactones	0.100	Lipids and lipid-like molecules	0.921	Fatty Acyls	0.933	Fatty acid esters	0.948			Fatty acid esters	0.948	Organic compounds; Lipids and lipid-like molecules; Organic acids and derivatives; Carboxylic acids and derivatives; Organooxygen compounds; Fatty acid esters; Dicarboxylic acids and derivatives; Carboxylic acid derivatives; Carboxylic acid esters; Carbonyl compounds; Fatty Acyls; Organic oxides; Hydrocarbon derivatives; Organic oxygen compounds; Chemical entities	311.185	699	11.647	857344658578319210	857336459197436096	857336459197436095	12987	
1	C13H26N2O	[M + H]+	C13H27N2O+	Alkaloids	0.322	Pseudoalkaloids (transamidation)	0.084	Aminoacids	0.011	Organic acids and derivatives	0.982	Organic carbonic acids and derivatives	0.984	Ureas	0.988			Ureas	0.988	Organic compounds; Organic acids and derivatives; Organonitrogen compounds; Organooxygen compounds; Organic carbonic acids and derivatives; Ureas; Carbonyl compounds; Organic oxides; Hydrocarbon derivatives; Organopnictogen compounds; Organic oxygen compounds; Organic nitrogen compounds; Chemical entities	227.212	699	11.649	857344758083987370	857336459256156356	857336459256156355	13066	
1	C5H8O10	[M + Na]+	C5H8NaO10+	Carbohydrates	0.595	Fatty Acids and Conjugates	0.598	Dicarboxylic acids	0.583	Organic acids and derivatives	0.995	Hydroxy acids and derivatives	0.787	Alpha hydroxy acids and derivatives	0.575			Alpha hydroxy acids and derivatives	0.575	Organic compounds; Alcohols and polyols; Organic acids and derivatives; Carboxylic acids and derivatives; Organooxygen compounds; Hydroxy acids and derivatives; Carboxylic acids; Alpha hydroxy acids and derivatives; Secondary alcohols; Carbonyl compounds; Polyols; Organic oxides; Hydrocarbon derivatives; Organic oxygen compounds; Chemical entities	251.000	700	11.660	857345390094297882	857336459377791180	857336459377791179	13095	
1	C16H35N	[M + H]+	C16H36N+	Fatty acids	0.922	Fatty acyls	0.799	Hydrocarbons	0.395	Organic nitrogen compounds	0.999	Organonitrogen compounds	0.998	Amines	0.874			Amines	0.874	Organic compounds; Organonitrogen compounds; Amines; Hydrocarbon derivatives; Organopnictogen compounds; Organic nitrogen compounds; Chemical entities	242.284	701	11.677	857345387003095824	857336459436511440	857336459436511439	13109	
1	C2H4O2	[M + K]+	C2H4KO2+	Fatty acids	0.941	Fatty acyls	0.788	Fatty alcohols	0.337	Organic oxygen compounds	0.992	Organooxygen compounds	0.952	Carbonyl compounds	0.291	Aldehydes	0.139	Short-chain aldehydes	0.613	Organic compounds; Alcohols and polyols; Organooxygen compounds; Short-chain aldehydes; Hydrocarbon derivatives; Organic oxygen compounds; Chemical entities	98.984	703	11.710	857345387409943313	857336459499426004	857336459499426003	13136	
1	C18H36N2O3	[M + H]+	C18H37N2O3+	Amino acids and Peptides	0.313	Small peptides	0.526	Dipeptides	0.164	Organic acids and derivatives	0.993	Carboxylic acids and derivatives	0.979	Amino acids, peptides, and analogues	0.732	Amino acids and derivatives	0.731	Alpha amino acids and derivatives	0.607	Organic compounds; Amino acids, peptides, and analogues; Alpha amino acids and derivatives; Organic acids and derivatives; Carboxylic acids and derivatives; Organonitrogen compounds; Organooxygen compounds; Amino acids and derivatives; Carboxylic acid amides; Carboxylic acid derivatives; Monocarboxylic acids and derivatives; Carbonyl compounds; Organic oxides; Hydrocarbon derivatives; Organopnictogen compounds; Organic oxygen compounds; Organic nitrogen compounds; Chemical entities	329.280	704	11.742	857345394552843275	857336459553951960	857336459553951959	13192	
1	C16H29NO3	[M + H]+	C16H30NO3+	Fatty acids	0.556	Lysine alkaloids	0.104	Pyrrolidine alkaloids	0.068	Lipids and lipid-like molecules	0.682	Fatty Acyls	0.604					Fatty Acyls	0.604	Organic compounds; Lipids and lipid-like molecules; Organic acids and derivatives; Carboxylic acids and derivatives; Organonitrogen compounds; Organooxygen compounds; Carboxylic acid amides; Carboxylic acid derivatives; Monocarboxylic acids and derivatives; Carboxylic acid esters; Carbonyl compounds; Fatty Acyls; Organic oxides; Hydrocarbon derivatives; Organopnictogen compounds; Organic oxygen compounds; Organic nitrogen compounds; Chemical entities	284.222	705	11.750	857345406447889516	857336459612672220	857336459612672219	13198	
1	C18H39NO4	[M + H]+	C18H40NO4+	Fatty acids	0.998	Fatty amides	0.763	N-acyl amines	0.665	Lipids and lipid-like molecules	0.552							Lipids and lipid-like molecules	0.552	Organic compounds; Lipids and lipid-like molecules; Alcohols and polyols; Ethers; Organic acids and derivatives; Organonitrogen compounds; Primary alcohols; Organooxygen compounds; Dialkyl ethers; Secondary alcohols; Organic oxides; Hydrocarbon derivatives; Organopnictogen compounds; Organic oxygen compounds; Organic nitrogen compounds; Chemical entities	334.295	708	11.802	857345424256904322	857336459721724132	857336459721724131	13311	
1	C16H32O4	[M + H3N + H]+	C16H36NO4+	Fatty acids	0.990	Glycerolipids	0.637	Monoacylglycerols	0.579	Lipids and lipid-like molecules	0.841	Glycerolipids	0.708					Glycerolipids	0.708	Organic compounds; Lipids and lipid-like molecules; Alcohols and polyols; Glycerolipids; Organic acids and derivatives; Carboxylic acids and derivatives; Organooxygen compounds; Dicarboxylic acids and derivatives; Carboxylic acid derivatives; Carboxylic acid esters; Carbonyl compounds; Fatty Acyls; Organic oxides; Hydrocarbon derivatives; Organic oxygen compounds; Chemical entities	306.264	708	11.803	857345558222983112	857336459776250088	857336459776250087	13307	
1	C17H26O5	[M + H]+	C17H27O5+	Polyketides	0.556	Monoterpenoids	0.234	Macrolide lactones	0.593	Lipids and lipid-like molecules	0.814	Fatty Acyls	0.824	Fatty acid esters	0.804			Fatty acid esters	0.804	Organic compounds; Lipids and lipid-like molecules; Ketones; Organic acids and derivatives; Carboxylic acids and derivatives; Organooxygen compounds; Fatty acid esters; Dicarboxylic acids and derivatives; Carboxylic acid derivatives; Carboxylic acid esters; Carbonyl compounds; Cyclic ketones; Fatty Acyls; Organic oxides; Hydrocarbon derivatives; Organic oxygen compounds; Chemical entities	311.185	709	11.810	857345574308138986	857336459893690608	857336459889496303	13331	
1	C14H22O3	[M + H]+	C14H23O3+	Polyketides	0.380	Sesquiterpenoids	0.410	Macrolide lactones	0.389	Organic acids and derivatives	0.936	Carboxylic acids and derivatives	0.911	Carboxylic acid derivatives	0.854	Carboxylic acid esters	0.799	Carboxylic acid esters	0.799	Organic compounds; Organic acids and derivatives; Carboxylic acids and derivatives; Organooxygen compounds; Carboxylic acid derivatives; Monocarboxylic acids and derivatives; Carboxylic acid esters; Carbonyl compounds; Organic oxides; Hydrocarbon derivatives; Organic oxygen compounds; Chemical entities	239.164	710	11.838	857345558965374929	857336459956605172	857336459952410867	13368	
1	C15H20N2O3	[M + H]+	C15H21N2O3+	Alkaloids	0.754	Pseudoalkaloids (transamidation)	0.053	Phenylalanine-derived alkaloids	0.014	Benzenoids	0.979	Benzene and substituted derivatives	0.885	Phenylpropanes	0.884			Phenylpropanes	0.884	Organic compounds; Organoheterocyclic compounds; Organonitrogen compounds; Organooxygen compounds; Benzene and substituted derivatives; Benzenoids; Phenylpropanes; Organic 1,3-dipolar compounds; Propargyl-type 1,3-dipolar organic compounds; Organic oxides; Azacyclic compounds; Hydrocarbon derivatives; Organopnictogen compounds; Organic oxygen compounds; Organic nitrogen compounds; Chemical entities	277.155	711	11.857	857345592662413329	857336460011131128	857336460011131127	13383	
1	C15H24O4	[M + H3N + H]+	C15H28NO4+	Fatty acids	0.454	Fatty esters	0.392	Macrolide lactones	0.571	Lipids and lipid-like molecules	0.778	Fatty Acyls	0.796	Fatty acid esters	0.811			Fatty acid esters	0.811	Organic compounds; Lipids and lipid-like molecules; Organic acids and derivatives; Carboxylic acids and derivatives; Organooxygen compounds; Fatty acid esters; Dicarboxylic acids and derivatives; Carboxylic acid derivatives; Carboxylic acid esters; Carbonyl compounds; Fatty Acyls; Organic oxides; Hydrocarbon derivatives; Organic oxygen compounds; Chemical entities	286.201	712	11.863	857345562358566876	857336460061462780	857336460061462779	13420	
1	C28H33NO6	[M + H]+	C28H34NO6+	Alkaloids	0.342	Tyrosine alkaloids	0.201	Phenylethylamines	0.064	Organic acids and derivatives	0.978	Carboxylic acids and derivatives	0.951	Amino acids, peptides, and analogues	0.547	Amino acids and derivatives	0.545	Amino acids and derivatives	0.545	Organic compounds; Amino acids, peptides, and analogues; Alkyl aryl ethers; Ethers; Organic acids and derivatives; Carboxylic acids and derivatives; Organonitrogen compounds; Organooxygen compounds; Amino acids and derivatives; Carboxylic acid derivatives; Monocarboxylic acids and derivatives; Carboxylic acids; Carbonyl compounds; Benzene and substituted derivatives; Phenol ethers; Benzenoids; Organic oxides; Hydrocarbon derivatives; Organopnictogen compounds; Organic oxygen compounds; Organic nitrogen compounds; Phenoxy compounds; Chemical entities	480.238	712	11.864	857345578036875252	857336460115988736	857336460115988735	13394	
1	C9H12O2	[M + H]+	C9H13O2+	Terpenoids	0.566	Cyclic polyketides	0.288	2-pyrone derivatives	0.277	Organic acids and derivatives	0.576	Carboxylic acids and derivatives	0.516	Monocarboxylic acids and derivatives	0.503			Monocarboxylic acids and derivatives	0.503	Organic compounds; Organoheterocyclic compounds; Organic acids and derivatives; Carboxylic acids and derivatives; Organooxygen compounds; Monocarboxylic acids and derivatives; Carbonyl compounds; Organic oxides; Oxacyclic compounds; Hydrocarbon derivatives; Organic oxygen compounds; Chemical entities	153.091	712	11.871	857345591659974663	857336460170514692	857336460170514691	13413	
1	C15H24O4	[M + H]+	C15H25O4+	Polyketides	0.481	Macrolides	0.264	Macrolide lactones	0.657	Lipids and lipid-like molecules	0.560	Fatty Acyls	0.566	Fatty acid esters	0.562			Fatty acid esters	0.562	Organic compounds; Lipids and lipid-like molecules; Ketones; Organic acids and derivatives; Carboxylic acids and derivatives; Organooxygen compounds; Fatty acid esters; Carboxylic acid derivatives; Monocarboxylic acids and derivatives; Carboxylic acid esters; Carbonyl compounds; Fatty Acyls; Organic oxides; Hydrocarbon derivatives; Organic oxygen compounds; Chemical entities	269.175	713	11.890	857345596265320475	857336460225040648	857336460225040647	13419	
1	C10H20N4O2	[M + Na]+	C10H20N4NaO2+	Alkaloids	0.520	Small peptides	0.263	Imidazole alkaloids	0.198	Organoheterocyclic compounds	0.910	Azoles	0.717					Azoles	0.717	Organic compounds; Organoheterocyclic compounds; Organonitrogen compounds; Organooxygen compounds; Azoles; Amines; Organic oxides; Azacyclic compounds; Heteroaromatic compounds; Hydrocarbon derivatives; Organopnictogen compounds; Organic oxygen compounds; Organic nitrogen compounds; Chemical entities	251.146	717	11.951	857345626283954223	857336460283760908	857336460283760907	13485	
1	C17H26O5	[M + H]+	C17H27O5+	Polyketides	0.649	Fatty esters	0.142	Macrolide lactones	0.484	Lipids and lipid-like molecules	0.707	Fatty Acyls	0.738	Fatty acid esters	0.721			Fatty acid esters	0.721	Organic compounds; Lipids and lipid-like molecules; Ketones; Organic acids and derivatives; Carboxylic acids and derivatives; Organooxygen compounds; Fatty acid esters; Carboxylic acid derivatives; Carboxylic acid esters; Carbonyl compounds; Cyclic ketones; Fatty Acyls; Organic oxides; Hydrocarbon derivatives; Organic oxygen compounds; Chemical entities	311.185	721	12.025	857345715719098937	857336460342481168	857336460342481167	13542	
1	C9H18AsNO8P2	[M + K]+	C9H18AsKNO8P2+	Fatty acids	0.030	Small peptides	0.007	Aminoacids	0.009	Organometallic compounds	0.993	Organometalloid compounds	0.993	Organoarsenic compounds	0.998	Pentavalent organic arsenic compounds	0.883	Pentaorganoarsanes	0.883	Organic compounds; Organic acids and derivatives; Organooxygen compounds; Organoarsenic compounds; Organic phosphonic acids and derivatives; Organometallic compounds; Organometalloid compounds; Organic salts; Organic oxides; Arsine oxides; Organic metalloid salts; Organic metal salts; Pentavalent organic arsenic compounds; Hydrocarbon derivatives; Pentaorganoarsanes; Oxygen-containing organoarsenic compounds; Organopnictogen compounds; Organic oxygen compounds; Alkylarsine oxides; Chemical entities	443.936	722	12.025	857345674526839341	857336460401201428	857336460401201427	13543	
1	C5H9BN6O6S	[M + K]+	C5H9BKN6O6S+	Amino acids and Peptides	0.269	Small peptides	0.065	Aminoacids	0.064	Organic acids and derivatives	0.936	Organic sulfonic acids and derivatives	0.588	Organosulfonic acids and derivatives	0.571			Organosulfonic acids and derivatives	0.571	Organic compounds; Organoheterocyclic compounds; Organosulfur compounds; Organic acids and derivatives; Organosulfonic acids and derivatives; Organonitrogen compounds; Organooxygen compounds; Organometallic compounds; Sulfonyls; Organometalloid compounds; Organic salts; Organic oxides; Organic metalloid salts; Organic metal salts; Azacyclic compounds; Hydrocarbon derivatives; Organic sulfonic acids and derivatives; Organopnictogen compounds; Organic oxygen compounds; Organic nitrogen compounds; Chemical entities	330.008	722	12.027	857345862515554851	857336460472504600	857336460472504599	13554	
1	C7H10ClN4O7P	[M + H]+	C7H11ClN4O7P+	Carbohydrates	0.875	Nucleosides	0.873	Purine nucleotides	0.901	Organoheterocyclic compounds	0.990	Imidazopyrimidines	0.541	Purines and purine derivatives	0.531			Purines and purine derivatives	0.531	Organic compounds; Organoheterocyclic compounds; Imidazoles; Purines and purine derivatives; Organic acids and derivatives; Organohalogen compounds; Organonitrogen compounds; Organooxygen compounds; Organic phosphoric acids and derivatives; Phosphate esters; Azoles; Alkyl chlorides; Organic nitro compounds; Organic oxoazanium compounds; Organochlorides; Imidazopyrimidines; Substituted imidazoles; N-substituted imidazoles; Alkyl halides; Alkyl phosphates; Monoalkyl phosphates; Organic 1,3-dipolar compounds; Allyl-type 1,3-dipolar organic compounds; Propargyl-type 1,3-dipolar organic compounds; Organic oxides; C-nitro compounds; Azacyclic compounds; Oxacyclic compounds; Heteroaromatic compounds; Hydrocarbon derivatives; Organopnictogen compounds; Organic oxygen compounds; Nitroaromatic compounds; Organic nitrogen compounds; Chemical entities	329.005	722	12.028	857345911089805010	857336460539613468	857336460539613467	13557	
1	C11H13Cl3N2O3	[M + H]+	C11H14Cl3N2O3+	Alkaloids	0.695	Small peptides	0.144	Pyrrole alkaloids	0.138	Benzenoids	0.912	Benzene and substituted derivatives	0.862	Halobenzenes	0.751	Chlorobenzenes	0.724	Chlorobenzenes	0.724	Organic compounds; Halobenzenes; Organohalogen compounds; Organonitrogen compounds; Organooxygen compounds; Alkyl chlorides; Aryl chlorides; Chlorobenzenes; Organochlorides; Benzene and substituted derivatives; Benzenoids; Aryl halides; Alkyl halides; Organic oxides; Hydrocarbon derivatives; Organopnictogen compounds; Organic oxygen compounds; Organic nitrogen compounds; Chemical entities	327.008	722	12.028	857345924838736941	857336460606722336	857336460606722335	13556	
1	C9H9F3N2O4S2	[M + H]+	C9H10F3N2O4S2+	Alkaloids	0.219	Small peptides	0.045	Aminoacids	0.017	Benzenoids	0.976	Benzene and substituted derivatives	0.934	Sulfanilides	0.522			Sulfanilides	0.522	Organic compounds; Organosulfur compounds; Sulfanilides; Organic acids and derivatives; Organohalogen compounds; Organosulfonic acids and derivatives; Organonitrogen compounds; Organooxygen compounds; Alkyl fluorides; Sulfonyls; Organofluorides; Organosulfonamides; Benzene and substituted derivatives; Benzenoids; Alkyl halides; Aminosulfonyl compounds; Organic oxides; Hydrocarbon derivatives; Halomethanes; Trihalomethanes; Benzenesulfonyl compounds; Organic sulfonic acids and derivatives; Organopnictogen compounds; Organic oxygen compounds; Organic nitrogen compounds; Chemical entities	331.002	722	12.029	857345926872974428	857336460678025508	857336460678025507	13560	
1	C4H9O3P	[M + K]+	C4H9KO3P+	Fatty acids	0.264	Monoterpenoids	0.042	Glycerophosphates	0.005	Organic acids and derivatives	0.937	Organic phosphonic acids and derivatives	0.873	Organic phosphonic acids	0.886			Organic phosphonic acids	0.886	Organic compounds; Organic acids and derivatives; Organophosphorus compounds; Organic phosphonic acids and derivatives; Organic phosphonic acids; Organic oxides; Hydrocarbon derivatives; Organic oxygen compounds; Chemical entities	174.992	722	12.029	857345934624048300	857336460736745768	857336460736745767	13567	
1	C6H13Cl2O4P	[M + H]+	C6H14Cl2O4P+	Fatty acids	0.922	Glycerophospholipids	0.019	Halogenated fatty acids	0.109	Organic acids and derivatives	0.984	Organic phosphoric acids and derivatives	0.933	Phosphate esters	0.906	Alkyl phosphates	0.888	Trialkyl phosphates	0.915	Organic compounds; Organic acids and derivatives; Organohalogen compounds; Organooxygen compounds; Organic phosphoric acids and derivatives; Phosphate esters; Alkyl chlorides; Organochlorides; Alkyl halides; Alkyl phosphates; Trialkyl phosphates; Organic oxides; Hydrocarbon derivatives; Organic oxygen compounds; Chemical entities	251.000	722	12.030	857345925035869239	857336460799660332	857336460799660331	13564	
1	C8H6O8	[M + Na]+	C8H6NaO8+	Shikimates and Phenylpropanoids	0.658	Phenolic acids (C6-C1)	0.966	Simple phenolic acids	0.649	Organic acids and derivatives	0.998	Carboxylic acids and derivatives	0.995	Carboxylic acids	0.958			Carboxylic acids	0.958	Organic compounds; Organic acids and derivatives; Carboxylic acids and derivatives; Organooxygen compounds; Carboxylic acids; Carbonyl compounds; Organic oxides; Hydrocarbon derivatives; Organic oxygen compounds; Chemical entities	252.997	722	12.030	857345931599955063	857336460866769200	857336460866769199	13559	
1	C2H4O2	[M + K]+	C2H4KO2+	Fatty acids	0.960	Fatty acyls	0.873	Oxygenated hydrocarbons	0.274	Hydrocarbon derivatives	0.922							Hydrocarbon derivatives	0.922	Organic compounds; Hydrocarbon derivatives; Organic oxygen compounds; Chemical entities	98.984	722	12.031	857345925153309761	857336460980015416	857336460980015415	13561	
1	C7H7N5O9	[M + Na]+	C7H7N5NaO9+	Carbohydrates	0.948	Nucleosides	0.671	Pyrimidine nucleosides	0.091	Organic 1,3-dipolar compounds	0.964	Allyl-type 1,3-dipolar organic compounds	0.961	Organic nitro compounds	0.954	C-nitro compounds	0.922	Nitroaromatic compounds	0.873	Organic compounds; Organoheterocyclic compounds; Organic acids and derivatives; Carboxylic acids and derivatives; Organonitrogen compounds; Organooxygen compounds; Organic nitro compounds; Organic oxoazanium compounds; Organic zwitterions; Organic 1,3-dipolar compounds; Allyl-type 1,3-dipolar organic compounds; Propargyl-type 1,3-dipolar organic compounds; Organic oxides; C-nitro compounds; Oxacyclic compounds; Heteroaromatic compounds; Hydrocarbon derivatives; Organopnictogen compounds; Organic oxygen compounds; Nitroaromatic compounds; Organic nitrogen compounds; Chemical entities	328.011	722	12.032	857345941305574605	857336461105844544	857336461105844543	13535	
1	C11H17N3O8S	[M + Na]+	C11H17N3NaO8S+	Amino acids and Peptides	0.884	Small peptides	0.638	Dipeptides	0.097	Organic acids and derivatives	0.998	Carboxylic acids and derivatives	0.992	Amino acids, peptides, and analogues	0.983	Peptides	0.732	Gamma-glutamyl peptides	0.502	Organic compounds; Organosulfur compounds; Lipids and lipid-like molecules; Amino acids, peptides, and analogues; Alpha amino acids and derivatives; Alcohols and polyols; Fatty acids and conjugates; Organic acids and derivatives; Carboxylic acids and derivatives; Organonitrogen compounds; Organooxygen compounds; Fatty amides; Hydroxy fatty acids; Dicarboxylic acids and derivatives; Amino acids and derivatives; Peptides; Monoalkylamines; Carboxylic acid amides; Carboxylic acid derivatives; N-acyl amines; N-acyl-alpha amino acids and derivatives; Carboxylic acids; Secondary alcohols; Secondary carboxylic acid amides; Carbonyl compounds; N-acyl-alpha amino acids; Alpha amino acids; Amines; Primary amines; Gamma-glutamyl peptides; Sulfenyl compounds; Fatty Acyls; Organic oxides; Hydrocarbon derivatives; Amino acids; Cysteine and derivatives; Glutamine and derivatives; Organopnictogen compounds; Organic oxygen compounds; Organic nitrogen compounds; Chemical entities	374.063	722	12.033	857345970321769852	857336461164564804	857336461164564803	13573	
1	C13H23Cl3FNO2	[M + Na]+	C13H23Cl3FNNaO2+	Alkaloids	0.552	Ornithine alkaloids	0.123	Tropane alkaloids	0.057	Benzenoids	0.564	Benzene and substituted derivatives	0.813	Halobenzenes	0.810	Chlorobenzenes	0.719	Chlorobenzenes	0.719	Organic compounds; Halobenzenes; Organic acids and derivatives; Carboxylic acids and derivatives; Organohalogen compounds; Organonitrogen compounds; Organooxygen compounds; Carboxylic acid amides; Alkyl chlorides; Carboxylic acid derivatives; Chlorobenzenes; Organochlorides; Tertiary carboxylic acid amides; Carbonyl compounds; Benzene and substituted derivatives; Benzenoids; Alkyl halides; Organic oxides; Hydrocarbon derivatives; Organopnictogen compounds; Organic oxygen compounds; Organic nitrogen compounds; Chemical entities	372.066	722	12.034	857345934376584354	857336461231673672	857336461231673671	13578	
1	C8H14N4O8S2	[M + Na]+	C8H14N4NaO8S2+	Amino acids and Peptides	0.671	Histidine alkaloids	0.286	Imidazole alkaloids	0.291	Organic acids and derivatives	0.927	Organic sulfuric acids and derivatives	0.509					Organic sulfuric acids and derivatives	0.509	Organic compounds; Organoheterocyclic compounds; Organosulfur compounds; Organic acids and derivatives; Organosulfonic acids and derivatives; Organonitrogen compounds; Organooxygen compounds; Organic sulfuric acids and derivatives; Sulfonyls; Organic oxides; Azacyclic compounds; Hydrocarbon derivatives; Organic sulfonic acids and derivatives; Organopnictogen compounds; Organic oxygen compounds; Organic nitrogen compounds; Chemical entities	381.018	725	12.083	857346018694677904	857336461294588236	857336461294588235	13639	
1	C12H25NO	[M + H]+	C12H26NO+	Fatty acids	0.995	Fatty amides	0.995	Primary amides	0.930	Lipids and lipid-like molecules	0.666	Fatty Acyls	0.677	Fatty amides	0.752	N-acyl amines	0.572	N-acyl amines	0.572	Organic compounds; Lipids and lipid-like molecules; Organic acids and derivatives; Carboxylic acids and derivatives; Organonitrogen compounds; Organooxygen compounds; Fatty amides; Carboxylic acid amides; Carboxylic acid derivatives; N-acyl amines; Carbonyl compounds; Fatty Acyls; Organic oxides; Hydrocarbon derivatives; Organopnictogen compounds; Organic oxygen compounds; Organic nitrogen compounds; Chemical entities	200.201	726	12.104	857345929469248629	857336461353308496	857336461349114191	13674	
1	C16H31NO3	[M + H]+	C16H32NO3+	Fatty acids	0.961	Fatty Acids and Conjugates	0.597	Nitro fatty acids	0.240	Lipids and lipid-like molecules	0.857	Fatty Acyls	0.864	Fatty acids and conjugates	0.785			Fatty acids and conjugates	0.785	Organic compounds; Lipids and lipid-like molecules; Fatty acids and conjugates; Organic acids and derivatives; Carboxylic acids and derivatives; Organonitrogen compounds; Organooxygen compounds; Carboxylic acid amides; Carboxylic acid derivatives; Monocarboxylic acids and derivatives; Carboxylic acids; Secondary carboxylic acid amides; Carbonyl compounds; Fatty Acyls; Organic oxides; Hydrocarbon derivatives; Organopnictogen compounds; Organic oxygen compounds; Organic nitrogen compounds; Chemical entities	286.238	727	12.111	857345943998317817	857336461407834452	857336461407834451	13649	
1	C17H20N2O	[M + H]+	C17H21N2O+	Alkaloids	0.559	Tryptophan alkaloids	0.189	Open-chain polyketides	0.046	Benzenoids	0.976	Benzene and substituted derivatives	0.757					Benzene and substituted derivatives	0.757	Organic compounds; Organic acids and derivatives; Organonitrogen compounds; Organooxygen compounds; Carbonyl compounds; Benzene and substituted derivatives; Benzenoids; Organic oxides; Hydrocarbon derivatives; Organopnictogen compounds; Organic oxygen compounds; Organic nitrogen compounds; Chemical entities	269.165	733	12.224	857345941825668312	857336461462360408	857336461462360407	13778	
1	C16H31NO3	[M + H]+	C16H32NO3+	Fatty acids	0.972	Fatty Acids and Conjugates	0.675	Nitro fatty acids	0.152	Lipids and lipid-like molecules	0.917	Fatty Acyls	0.920	Fatty acids and conjugates	0.849	Medium-chain fatty acids	0.603	Medium-chain fatty acids	0.603	Organic compounds; Lipids and lipid-like molecules; Fatty acids and conjugates; Organic acids and derivatives; Carboxylic acids and derivatives; Organonitrogen compounds; Organooxygen compounds; Fatty amides; Carboxylic acid amides; Amino fatty acids; Carboxylic acid derivatives; Monocarboxylic acids and derivatives; Carboxylic acids; Secondary carboxylic acid amides; Carbonyl compounds; Medium-chain fatty acids; Fatty Acyls; Organic oxides; Hydrocarbon derivatives; Organopnictogen compounds; Organic oxygen compounds; Organic nitrogen compounds; Chemical entities	286.238	734	12.227	857345946036749584	857336461521080668	857336461521080667	13786	
1	C17H27NO6	[M + H]+	C17H28NO6+	Amino acids and Peptides	0.642	Macrolides	0.423	Pyrrolizidine alkaloids	0.069	Lipids and lipid-like molecules	0.584	Fatty Acyls	0.547	Fatty acid esters	0.518			Fatty acid esters	0.518	Organic compounds; Organoheterocyclic compounds; Lipids and lipid-like molecules; Alcohols and polyols; Organic acids and derivatives; Carboxylic acids and derivatives; Organonitrogen compounds; Organooxygen compounds; Fatty acid esters; Carboxylic acid amides; Carboxylic acid derivatives; Carboxylic acid esters; Secondary alcohols; Secondary carboxylic acid amides; Carbonyl compounds; Fatty Acyls; Organic oxides; Hydrocarbon derivatives; Organopnictogen compounds; Organic oxygen compounds; Organic nitrogen compounds; Chemical entities	342.191	738	12.295	857345925954421841	857336461575606624	857336461575606623	13877	
1	C12H23NO	[M + H]+	C12H24NO+	Alkaloids	0.903	Ornithine alkaloids	0.700	Pyrrolidine alkaloids	0.484	Organoheterocyclic compounds	0.999	Pyrrolidines	0.980	Pyrrolidones	0.988	Pyrrolidine-2-ones	0.989	Pyrrolidine-2-ones	0.989	Organic compounds; Organoheterocyclic compounds; Lactams; Pyrrolidines; Organic acids and derivatives; Carboxylic acids and derivatives; Organonitrogen compounds; Organooxygen compounds; Carboxylic acid amides; Carboxylic acid derivatives; Pyrrolidones; Tertiary carboxylic acid amides; Carbonyl compounds; Pyrrolidine-2-ones; N-alkylpyrrolidines; Organic oxides; Azacyclic compounds; Hydrocarbon derivatives; Organopnictogen compounds; Organic oxygen compounds; Organic nitrogen compounds; Chemical entities	198.185	740	12.339	857345927988659302	857336461634326884	857336461630132579	13937	
1	C17H31NO4	[M + H]+	C17H32NO4+	Fatty acids	0.540	Ornithine alkaloids	0.120	Pyrrolidine alkaloids	0.078	Lipids and lipid-like molecules	0.577	Fatty Acyls	0.612					Fatty Acyls	0.612	Organic compounds; Organoheterocyclic compounds; Lipids and lipid-like molecules; Organic acids and derivatives; Carboxylic acids and derivatives; Organonitrogen compounds; Organooxygen compounds; Carboxylic acid amides; Carboxylic acid derivatives; Monocarboxylic acids and derivatives; Carboxylic acid esters; Carbonyl compounds; Fatty Acyls; Organic oxides; Azacyclic compounds; Hydrocarbon derivatives; Organopnictogen compounds; Organic oxygen compounds; Organic nitrogen compounds; Chemical entities	314.233	741	12.342	857345968052651378	857336461693047144	857336461688852839	13942	
1	C12H20O2	[M + H]+	C12H21O2+	Fatty acids	0.840	Fatty esters	0.525	Wax monoesters	0.518	Lipids and lipid-like molecules	0.793	Fatty Acyls	0.647					Fatty Acyls	0.647	Organic compounds; Lipids and lipid-like molecules; Organic acids and derivatives; Carboxylic acids and derivatives; Organooxygen compounds; Carboxylic acid derivatives; Monocarboxylic acids and derivatives; Carboxylic acid esters; Carbonyl compounds; Fatty Acyls; Organic oxides; Hydrocarbon derivatives; Organic oxygen compounds; Chemical entities	197.154	741	12.350	857345928185791592	857336461911150956	857336461911150955	13949	
1	C16H24O4	[M + H]+	C16H25O4+	Polyketides	0.412	Sesquiterpenoids	0.221	Macrolide lactones	0.172	Lipids and lipid-like molecules	0.663	Fatty Acyls	0.561	Fatty acid esters	0.617			Fatty acid esters	0.617	Organic compounds; Lipids and lipid-like molecules; Ketones; Organic acids and derivatives; Carboxylic acids and derivatives; Organooxygen compounds; Fatty acid esters; Carboxylic acid derivatives; Monocarboxylic acids and derivatives; Carboxylic acid esters; Carbonyl compounds; Fatty Acyls; Organic oxides; Hydrocarbon derivatives; Organic oxygen compounds; Chemical entities	281.175	743	12.385	857345933969736856	857336461965676912	857336461965676911	13995	
1	C16H31NO3	[M + H]+	C16H32NO3+	Fatty acids	0.975	Fatty Acids and Conjugates	0.710	Nitro fatty acids	0.538	Lipids and lipid-like molecules	0.901	Fatty Acyls	0.911	Fatty acids and conjugates	0.827			Fatty acids and conjugates	0.827	Organic compounds; Lipids and lipid-like molecules; Fatty acids and conjugates; Organic acids and derivatives; Carboxylic acids and derivatives; Organonitrogen compounds; Organooxygen compounds; Carboxylic acid amides; Carboxylic acid derivatives; Monocarboxylic acids and derivatives; Carboxylic acids; Secondary carboxylic acid amides; Carbonyl compounds; Fatty Acyls; Organic oxides; Hydrocarbon derivatives; Organopnictogen compounds; Organic oxygen compounds; Organic nitrogen compounds; Chemical entities	286.238	745	12.409	857345928714273901	857336462024397172	857336462024397171	14057	
1	C18H38N2O3	[M + H]+	C18H39N2O3+	Fatty acids	0.906	Fatty amides	0.506	N-acyl amines	0.189	Organic acids and derivatives	0.997	Carboxylic acids and derivatives	0.986	Amino acids, peptides, and analogues	0.653	Amino acids and derivatives	0.648	Alpha amino acids and derivatives	0.536	Organic compounds; Lipids and lipid-like molecules; Amino acids, peptides, and analogues; Alpha amino acids and derivatives; Fatty acids and conjugates; Organic acids and derivatives; Carboxylic acids and derivatives; Organonitrogen compounds; Organooxygen compounds; Fatty amides; Amino acids and derivatives; Carboxylic acid amides; Carboxylic acid derivatives; N-acyl amines; Monocarboxylic acids and derivatives; Carboxylic acids; Secondary carboxylic acid amides; Carbonyl compounds; Fatty Acyls; Organic oxides; Hydrocarbon derivatives; Organopnictogen compounds; Organic oxygen compounds; Organic nitrogen compounds; Chemical entities	331.296	745	12.421	857345938675745975	857336462078923128	857336462078923127	14062	
1	C12H23NO	[M + H]+	C12H24NO+	Alkaloids	0.946	Ornithine alkaloids	0.739	Pyrrolidine alkaloids	0.452	Organoheterocyclic compounds	1.000	Pyrrolidines	0.992	Pyrrolidones	0.994	Pyrrolidine-2-ones	0.994	Pyrrolidine-2-ones	0.994	Organic compounds; Organoheterocyclic compounds; Lactams; Pyrrolidines; Organic acids and derivatives; Carboxylic acids and derivatives; Organonitrogen compounds; Organooxygen compounds; Carboxylic acid amides; Carboxylic acid derivatives; Pyrrolidones; Tertiary carboxylic acid amides; Carbonyl compounds; Pyrrolidine-2-ones; N-alkylpyrrolidines; Organic oxides; Azacyclic compounds; Hydrocarbon derivatives; Organopnictogen compounds; Organic oxygen compounds; Organic nitrogen compounds; Chemical entities	198.185	749	12.490	857345946460374306	857336462129254780	857336462129254779	14132	
1	C16H22N2O2	[M + H]+	C16H23N2O2+	Amino acids and Peptides	0.663	Linear polyketides	0.126	Open-chain polyketides	0.013	Organoheterocyclic compounds	0.876	Pyrrolidines	0.739	Pyrrolidones	0.791	Maleimides	0.706	Maleimides	0.706	Organic compounds; Organoheterocyclic compounds; Pyrrolines; Pyrrolidines; Organic acids and derivatives; Carboxylic acids and derivatives; Organonitrogen compounds; Organooxygen compounds; Carboxylic acid derivatives; Pyrrolidones; Carboxylic acid imides; N-substituted carboxylic acid imides; Carbonyl compounds; Benzene and substituted derivatives; Benzenoids; Dicarboximides; Maleimides; Organic oxides; Azacyclic compounds; Hydrocarbon derivatives; Organopnictogen compounds; Organic oxygen compounds; Organic nitrogen compounds; Chemical entities	275.175	750	12.502	857345942236710114	857336462179586432	857336462179586431	14149	
1	C13H25NO	[M + H]+	C13H26NO+	Fatty acids	0.943	Fatty amides	0.958	N-acyl amines	0.531	Lipids and lipid-like molecules	0.498	Fatty Acyls	0.464	Fatty amides	0.548			Fatty amides	0.548	Organic compounds; Organic acids and derivatives; Carboxylic acids and derivatives; Organonitrogen compounds; Organooxygen compounds; Fatty amides; Carboxylic acid amides; Carboxylic acid derivatives; Secondary carboxylic acid amides; Carbonyl compounds; Organic oxides; Hydrocarbon derivatives; Organopnictogen compounds; Organic oxygen compounds; Organic nitrogen compounds; Chemical entities	212.201	752	12.527	857345925262361674	857336462234112388	857336462234112387	14214	
1	C16H16OS	[M + H]+	C16H17OS+	Shikimates and Phenylpropanoids	0.572	Flavonoids	0.186	Chalcones	0.120	Organosulfur compounds	0.833	Thioethers	0.747	Aryl thioethers	0.659			Aryl thioethers	0.659	Organic compounds; Organoheterocyclic compounds; Organosulfur compounds; Organooxygen compounds; Thioethers; Benzenoids; Organic oxides; Hydrocarbon derivatives; Organic oxygen compounds; Aryl thioethers; Chemical entities	257.099	753	12.546	857345954681210180	857336462288638344	857336462288638343	14235	
1	C17H24O6	[M + H3N + H]+	C17H28NO6+	Terpenoids	0.727	Monoterpenoids	0.319	Macrolide lactones	0.459	Lipids and lipid-like molecules	0.898	Prenol lipids	0.633	Monoterpenoids	0.611	Monocyclic monoterpenoids	0.660	Monocyclic monoterpenoids	0.660	Organic compounds; Lipids and lipid-like molecules; Ketones; Alcohols and polyols; Prenol lipids; Organic acids and derivatives; Carboxylic acids and derivatives; Organooxygen compounds; Fatty acid esters; Dicarboxylic acids and derivatives; Carboxylic acid derivatives; Carboxylic acid esters; Menthane monoterpenoids; Monoterpenoids; Monocyclic monoterpenoids; Carbonyl compounds; Alpha-acyloxy ketones; Cyclic ketones; Alpha-acyloxy carbonyl compounds; Fatty Acyls; Organic oxides; Hydrocarbon derivatives; Cyclohexenones; Organic oxygen compounds; Chemical entities	342.191	754	12.567	857345944765875457	857336462397690256	857336462397690255	14271	
1	C16H24O4	[M + H]+	C16H25O4+	Terpenoids	0.862	Sesquiterpenoids	0.515	Menthane monoterpenoids	0.122	Organic oxygen compounds	1.000	Organooxygen compounds	1.000	Carbonyl compounds	0.984	Ketones	0.816	Cyclohexenones	0.502	Organic compounds; Lipids and lipid-like molecules; Ketones; Prenol lipids; Organic acids and derivatives; Carboxylic acids and derivatives; Organooxygen compounds; Carboxylic acid derivatives; Monocarboxylic acids and derivatives; Carboxylic acid esters; Carbonyl compounds; Cyclic ketones; Organic oxides; Hydrocarbon derivatives; Cyclohexenones; Organic oxygen compounds; Chemical entities	281.175	754	12.574	857345946561037604	857336462456410516	857336462456410515	14279	
1	C13H23NO	[M + H]+	C13H24NO+	Fatty acids	0.779	Fatty amides	0.539	Primary amides	0.194	Organic acids and derivatives	1.000	Carboxylic acids and derivatives	0.998	Carboxylic acid derivatives	0.997	Carboxylic acid amides	0.995	Secondary carboxylic acid amides	0.987	Organic compounds; Organic acids and derivatives; Carboxylic acids and derivatives; Organonitrogen compounds; Organooxygen compounds; Carboxylic acid amides; Carboxylic acid derivatives; Secondary carboxylic acid amides; Carbonyl compounds; Organic oxides; Hydrocarbon derivatives; Organopnictogen compounds; Organic oxygen compounds; Organic nitrogen compounds; Chemical entities	210.185	755	12.583	857345925690180686	857336462523519384	857336462523519383	14310	
1	C15H33N	[M + H]+	C15H34N+	Fatty acids	0.922	Fatty acyls	0.434	Sphingoid bases	0.565	Organic nitrogen compounds	1.000	Organonitrogen compounds	1.000	Amines	0.984	Primary amines	0.865	Monoalkylamines	0.848	Organic compounds; Organonitrogen compounds; Monoalkylamines; Amines; Primary amines; Hydrocarbon derivatives; Organopnictogen compounds; Organic nitrogen compounds; Chemical entities	228.269	756	12.598	857345923723052076	857336462578045340	857336462573851035	14316	
1	C12H23NO	[M + H]+	C12H24NO+	Alkaloids	0.933	Ornithine alkaloids	0.730	Pyrrolidine alkaloids	0.480	Organoheterocyclic compounds	0.999	Pyrrolidines	0.987	Pyrrolidones	0.991	Pyrrolidine-2-ones	0.991	Pyrrolidine-2-ones	0.991	Organic compounds; Organoheterocyclic compounds; Lactams; Pyrrolidines; Organic acids and derivatives; Carboxylic acids and derivatives; Organonitrogen compounds; Organooxygen compounds; Carboxylic acid amides; Carboxylic acid derivatives; Pyrrolidones; Tertiary carboxylic acid amides; Carbonyl compounds; Pyrrolidine-2-ones; N-alkylpyrrolidines; Organic oxides; Azacyclic compounds; Hydrocarbon derivatives; Organopnictogen compounds; Organic oxygen compounds; Organic nitrogen compounds; Chemical entities	198.185	761	12.689	857345939543966921	857336462640959904	857336462636765599	14414	
1	C12H10N2O2	[M + H]+	C12H11N2O2+	Alkaloids	0.399	Anthranilic acid alkaloids	0.064	Pyridine alkaloids	0.015	Benzenoids	1.000	Benzene and substituted derivatives	0.995	Nitrobenzenes	0.966			Nitrobenzenes	0.966	Organic compounds; Nitrobenzenes; Organonitrogen compounds; Aniline and substituted anilines; Organic nitro compounds; Organic oxoazanium compounds; Benzene and substituted derivatives; Benzenoids; Amines; Secondary amines; Organic 1,3-dipolar compounds; Allyl-type 1,3-dipolar organic compounds; Propargyl-type 1,3-dipolar organic compounds; Organic oxides; C-nitro compounds; Hydrocarbon derivatives; Organopnictogen compounds; Organic oxygen compounds; Nitroaromatic compounds; Organic nitrogen compounds; Chemical entities	215.082	762	12.697	857345943251731694	857336462695485860	857336462695485859	14431	
1	C14H26O2	[M + H]+	C14H27O2+	Fatty acids	0.904	Fatty Acids and Conjugates	0.407	Wax monoesters	0.360	Lipids and lipid-like molecules	0.777	Fatty Acyls	0.643					Fatty Acyls	0.643	Organic compounds; Lipids and lipid-like molecules; Organic acids and derivatives; Carboxylic acids and derivatives; Organooxygen compounds; Monocarboxylic acids and derivatives; Carbonyl compounds; Fatty Acyls; Organic oxides; Hydrocarbon derivatives; Organic oxygen compounds; Chemical entities	227.201	765	12.756	857345940449936587	857336462758400424	857336462754206119	14550	
1	C16H22N2O2	[M + H]+	C16H23N2O2+	Amino acids and Peptides	0.561	Linear polyketides	0.424	Open-chain polyketides	0.064	Benzenoids	0.989	Benzene and substituted derivatives	0.976	Anilides	0.677			Anilides	0.677	Organic compounds; Lipids and lipid-like molecules; Organic acids and derivatives; Carboxylic acids and derivatives; Organonitrogen compounds; Anilides; Organooxygen compounds; Carboxylic acid amides; Carboxylic acid derivatives; Secondary carboxylic acid amides; Carbonyl compounds; Benzene and substituted derivatives; Benzenoids; N-arylamides; Fatty Acyls; Organic oxides; Hydrocarbon derivatives; Organopnictogen compounds; Organic oxygen compounds; Organic nitrogen compounds; Chemical entities	275.175	766	12.759	857345958162482525	857336462880035248	857336462875840943	14557	
1	C10H15NO2	[M + H]+	C10H16NO2+	Amino acids and Peptides	0.291	Fatty amides	0.064	Primary amides	0.059	Organoheterocyclic compounds	0.989	Pyrrolidines	0.965	Pyrrolidones	0.971	Maleimides	0.983	Maleimides	0.983	Organic compounds; Organoheterocyclic compounds; Pyrrolines; Pyrrolidines; Organic acids and derivatives; Carboxylic acids and derivatives; Organonitrogen compounds; Organooxygen compounds; Carboxylic acid derivatives; Pyrrolidones; Carboxylic acid imides; N-substituted carboxylic acid imides; Carbonyl compounds; Dicarboximides; Maleimides; Organic oxides; Azacyclic compounds; Hydrocarbon derivatives; Organopnictogen compounds; Organic oxygen compounds; Organic nitrogen compounds; Chemical entities	182.118	766	12.761	857345949576742201	857336462934561204	857336462934561203	14559	
1	C16H35N	[M + H]+	C16H36N+	Alkaloids	0.841	Pseudoalkaloids (transamidation)	0.131	Polyamines	0.213	Organic nitrogen compounds	1.000	Organonitrogen compounds	1.000	Amines	0.997	Primary amines	0.977	Monoalkylamines	0.963	Organic compounds; Organonitrogen compounds; Monoalkylamines; Amines; Primary amines; Hydrocarbon derivatives; Organopnictogen compounds; Organic nitrogen compounds; Chemical entities	242.284	767	12.785	857345947185988920	857336462989087160	857336462989087159	14592	
1	C13H23NO	[M + H]+	C13H24NO+	Fatty acids	0.860	Fatty amides	0.671	Primary amides	0.293	Organic acids and derivatives	0.999	Carboxylic acids and derivatives	0.997	Carboxylic acid derivatives	0.994	Carboxylic acid amides	0.992	Secondary carboxylic acid amides	0.982	Organic compounds; Organic acids and derivatives; Carboxylic acids and derivatives; Organonitrogen compounds; Organooxygen compounds; Carboxylic acid amides; Carboxylic acid derivatives; Secondary carboxylic acid amides; Carbonyl compounds; Organic oxides; Hydrocarbon derivatives; Organopnictogen compounds; Organic oxygen compounds; Organic nitrogen compounds; Chemical entities	210.185	771	12.854	857345955629122894	857336463039418812	857336463039418811	14675	
1	C12H14N2O2	[M + H]+	C12H15N2O2+	Alkaloids	0.968	Tryptophan alkaloids	0.451	Simple indole alkaloids	0.052	Organoheterocyclic compounds	0.839	Indoles and derivatives	0.525					Indoles and derivatives	0.525	Organic compounds; Organoheterocyclic compounds; Nitrobenzenes; Indoles and derivatives; Organonitrogen compounds; Organic nitro compounds; Organic oxoazanium compounds; Benzenoids; Organic 1,3-dipolar compounds; Allyl-type 1,3-dipolar organic compounds; Propargyl-type 1,3-dipolar organic compounds; Organic oxides; C-nitro compounds; Azacyclic compounds; Hydrocarbon derivatives; Organopnictogen compounds; Organic oxygen compounds; Nitroaromatic compounds; Organic nitrogen compounds; Chemical entities	219.113	774	12.906	857345970825086342	857336463093944768	857336463093944767	14761	
1	C13H27NO2	[M + H]+	C13H28NO2+	Fatty acids	0.988	Fatty amides	0.987	N-acyl amines	0.674	Lipids and lipid-like molecules	0.666	Fatty Acyls	0.625	Fatty amides	0.692	N-acyl amines	0.751	N-acyl amines	0.751	Organic compounds; Lipids and lipid-like molecules; Organic acids and derivatives; Carboxylic acids and derivatives; Organonitrogen compounds; Organooxygen compounds; Fatty amides; Carboxylic acid amides; Carboxylic acid derivatives; N-acyl amines; Tertiary carboxylic acid amides; Carbonyl compounds; Fatty Acyls; Organic oxides; Hydrocarbon derivatives; Organopnictogen compounds; Organic oxygen compounds; Organic nitrogen compounds; Chemical entities	230.212	775	12.912	857345925560157260	857336463144276420	857336463144276419	14767	
1	C18H18O5	[M + H]+	C18H19O5+	Shikimates and Phenylpropanoids	0.918	Phenolic acids (C6-C1)	0.339	Simple phenolic acids	0.459	Benzenoids	1.000	Benzene and substituted derivatives	0.998	Benzoic acids and derivatives	0.991	Benzoic acid esters	0.987	Benzoic acid esters	0.987	Organic compounds; Benzoic acids and derivatives; Organic acids and derivatives; Carboxylic acids and derivatives; Benzoyl derivatives; Organooxygen compounds; Dicarboxylic acids and derivatives; Carboxylic acid derivatives; Carboxylic acid esters; Benzoic acid esters; Benzene and substituted derivatives; Benzenoids; Organic oxides; Hydrocarbon derivatives; Organic oxygen compounds; Chemical entities	315.123	776	12.934	857345947118880046	857336463194608072	857336463194608071	14787	
1	C9H17NS	[M + H]+	C9H18NS+	Fatty acids	0.789	Fatty amides	0.520	Primary amides	0.480	Organic nitrogen compounds	0.986	Organonitrogen compounds	0.986					Organonitrogen compounds	0.986	Organic compounds; Organosulfur compounds; Organonitrogen compounds; Hydrocarbon derivatives; Organopnictogen compounds; Organic nitrogen compounds; Chemical entities	172.115	776	12.937	857345945910920459	857336463244939724	857336463244939723	14782	
1	C9H8O2	[M + H]+	C9H9O2+	Shikimates and Phenylpropanoids	0.767	Phenolic acids (C6-C1)	0.205	Simple phenolic acids	0.316	Organic oxygen compounds	1.000	Organooxygen compounds	1.000	Carbonyl compounds	0.906	Aldehydes	0.839	Benzaldehydes	0.632	Organic compounds; Organoheterocyclic compounds; Aldehydes; Benzoyl derivatives; Organooxygen compounds; Benzaldehydes; Carbonyl compounds; Benzene and substituted derivatives; Benzenoids; Aryl-aldehydes; Organic oxides; Oxacyclic compounds; Hydrocarbon derivatives; Organic oxygen compounds; Chemical entities	149.060	777	12.945	857345956904191313	857336463299465680	857336463299465679	14825	
1	C13H19N3O	[M + H]+	C13H20N3O+	Alkaloids	0.183	Small peptides	0.171	Dipeptides	0.057	Benzenoids	0.695	Benzene and substituted derivatives	0.733	Anilides	0.547			Anilides	0.547	Organic compounds; Organoheterocyclic compounds; Organic acids and derivatives; Carboxylic acids and derivatives; Organonitrogen compounds; Anilides; Organooxygen compounds; Azoles; Carboxylic acid amides; Carboxylic acid derivatives; Secondary carboxylic acid amides; Carbonyl compounds; Benzene and substituted derivatives; Benzenoids; N-arylamides; Organic oxides; Azacyclic compounds; Heteroaromatic compounds; Hydrocarbon derivatives; Organopnictogen compounds; Organic oxygen compounds; Organic nitrogen compounds; Chemical entities	234.162	779	12.988	857345959932478824	857336463353991636	857336463353991635	14869	
1	C39H48O9	[M + H]+	C39H49O9+	Terpenoids	0.347	Sesquiterpenoids	0.172	Neolignans	0.063	Benzenoids	0.997	Benzene and substituted derivatives	0.954	Diphenylmethanes	0.723			Diphenylmethanes	0.723	Organic compounds; Lipids and lipid-like molecules; Alkyl aryl ethers; Glycerolipids; Ethers; Organic acids and derivatives; Carboxylic acids and derivatives; Organooxygen compounds; Diphenylmethanes; Dialkyl ethers; Carbonyl compounds; Benzene and substituted derivatives; Phenol ethers; Benzenoids; Phenylpropanes; Organic oxides; Hydrocarbon derivatives; Organic oxygen compounds; Phenoxy compounds; Chemical entities	661.337	780	12.995	857346852912412077	857336463408517592	857336463404323287	14903	
1	C30H36O6	[M + H]+	C30H37O6+	Shikimates and Phenylpropanoids	0.289	Aromatic polyketides	0.166	Simple aromatic polyketides	0.132	Benzenoids	1.000	Benzene and substituted derivatives	0.985	Diphenylmethanes	0.817			Diphenylmethanes	0.817	Organic compounds; Alkyl aryl ethers; Alcohols and polyols; Glycerolipids; Ethers; Organooxygen compounds; Diphenylmethanes; Dialkyl ethers; Benzene and substituted derivatives; Phenol ethers; Glycerol ethers; Benzenoids; Phenylpropanes; Hydrocarbon derivatives; Organic oxygen compounds; Phenoxy compounds; Chemical entities	493.259	780	13.004	857346799263050566	857336463458849244	857336463458849243	14902	
1	C16H20N2O	[M + H]+	C16H21N2O+	Alkaloids	0.304	Anthranilic acid alkaloids	0.174	Pyridine alkaloids	0.129	Benzenoids	0.996	Benzene and substituted derivatives	0.982					Benzene and substituted derivatives	0.982	Organic compounds; Organoheterocyclic compounds; Organic acids and derivatives; Organonitrogen compounds; Organooxygen compounds; Benzene and substituted derivatives; Benzenoids; Organic oxides; Azacyclic compounds; Heteroaromatic compounds; Hydrocarbon derivatives; Organopnictogen compounds; Organic oxygen compounds; Organic nitrogen compounds; Chemical entities	257.165	783	13.057	857346821035689927	857336463517569504	857336463513375199	14945	
1	C9H17NS	[M + H]+	C9H18NS+	Fatty acids	0.788	Fatty amides	0.508	Primary amides	0.464	Organic nitrogen compounds	0.985	Organonitrogen compounds	0.985					Organonitrogen compounds	0.985	Organic compounds; Organosulfur compounds; Organonitrogen compounds; Hydrocarbon derivatives; Organopnictogen compounds; Organic nitrogen compounds; Chemical entities	172.115	784	13.073	857346821106993105	857336463567901156	857336463567901155	14965	
1	C9H8O2	[M + H]+	C9H9O2+	Shikimates and Phenylpropanoids	0.821	Phenolic acids (C6-C1)	0.333	Simple phenolic acids	0.391	Organic oxygen compounds	1.000	Organooxygen compounds	1.000	Carbonyl compounds	0.966	Aldehydes	0.938	Benzaldehydes	0.863	Organic compounds; Aldehydes; Alkyl aryl ethers; Ethers; Benzoyl derivatives; Organooxygen compounds; Benzaldehydes; Carbonyl compounds; Benzene and substituted derivatives; Benzenoids; Aryl-aldehydes; Organic oxides; Hydrocarbon derivatives; Organic oxygen compounds; Chemical entities	149.060	786	13.105	857346822163958006	857336463618232808	857336463618232807	15010	
1	C18H18O5	[M + H]+	C18H19O5+	Shikimates and Phenylpropanoids	0.905	Phenolic acids (C6-C1)	0.320	Simple phenolic acids	0.481	Benzenoids	1.000	Benzene and substituted derivatives	0.999	Benzoic acids and derivatives	0.991	Benzoic acid esters	0.986	Benzoic acid esters	0.986	Organic compounds; Benzoic acids and derivatives; Organic acids and derivatives; Carboxylic acids and derivatives; Benzoyl derivatives; Organooxygen compounds; Dicarboxylic acids and derivatives; Carboxylic acid derivatives; Carboxylic acid esters; Benzoic acid esters; Benzene and substituted derivatives; Benzenoids; Organic oxides; Hydrocarbon derivatives; Organic oxygen compounds; Chemical entities	315.123	787	13.117	857346806405954247	857336463718896112	857336463718896111	15029	
1	C18H22N2	[M + H]+	C18H23N2+	Alkaloids	0.994	Tryptophan alkaloids	0.934	Corynanthe type	0.474	Benzenoids	0.950	Benzene and substituted derivatives	0.301	Aniline and substituted anilines	0.524			Aniline and substituted anilines	0.524	Organic compounds; Organoheterocyclic compounds; Pyridines and derivatives; Organonitrogen compounds; Aniline and substituted anilines; Benzenoids; Amines; Secondary amines; Azacyclic compounds; Heteroaromatic compounds; Hydrocarbon derivatives; Organopnictogen compounds; Organic nitrogen compounds; Chemical entities	267.186	790	13.164	857346851922554485	857336463769227764	857336463769227763	15095	
1	C2H4O2	[M + K]+	C2H4KO2+	Fatty acids	0.926	Fatty acyls	0.784	Fatty alcohols	0.358	Organic oxygen compounds	0.989	Organooxygen compounds	0.930	Carbonyl compounds	0.242	Aldehydes	0.127	Short-chain aldehydes	0.586	Organic compounds; Alcohols and polyols; Organooxygen compounds; Short-chain aldehydes; Hydrocarbon derivatives; Organic oxygen compounds; Chemical entities	98.984	790	13.173	857346833761218148	857336463823753720	857336463823753719	15109	
1	C15H22O2	[M + H]+	C15H23O2+	Polyketides	0.669	Cyclic polyketides	0.229	Simple phenolic acids	0.101	Benzenoids	0.974	Benzene and substituted derivatives	0.960	Phenylpropanes	0.877			Phenylpropanes	0.877	Organic compounds; Aldehydes; Phenols; Benzoyl derivatives; Organooxygen compounds; Benzaldehydes; Carbonyl compounds; Benzene and substituted derivatives; Benzenoids; Phenylpropanes; Aryl-aldehydes; Organic oxides; Hydroxybenzaldehydes; Hydrocarbon derivatives; Organic oxygen compounds; Chemical entities	235.166	791	13.186	857346833912213099	857336463878279676	857336463878279675	15127	
1	C9H17NS	[M + H]+	C9H18NS+	Fatty acids	0.764	Fatty amides	0.467	Primary amides	0.427	Organic nitrogen compounds	0.985	Organonitrogen compounds	0.985					Organonitrogen compounds	0.985	Organic compounds; Organosulfur compounds; Organonitrogen compounds; Hydrocarbon derivatives; Organopnictogen compounds; Organic nitrogen compounds; Chemical entities	172.115	795	13.255	857346851956108927	857336463941194240	857336463941194239	15207	
1	C18H18O5	[M + H3N + H]+	C18H22NO5+	Shikimates and Phenylpropanoids	0.906	Phenolic acids (C6-C1)	0.288	Simple phenolic acids	0.417	Benzenoids	0.999	Benzene and substituted derivatives	0.997	Benzoic acids and derivatives	0.988	Benzoic acid esters	0.986	Benzoic acid esters	0.986	Organic compounds; Benzoic acids and derivatives; Organic acids and derivatives; Carboxylic acids and derivatives; Benzoyl derivatives; Organooxygen compounds; Dicarboxylic acids and derivatives; Carboxylic acid derivatives; Carboxylic acid esters; Benzoic acid esters; Benzene and substituted derivatives; Benzenoids; Organic oxides; Hydrocarbon derivatives; Organic oxygen compounds; Chemical entities	332.149	797	13.287	857346852811748771	857336463995720196	857336463991525891	15250	
1	C20H25NO5	[M + H]+	C20H26NO5+	Amino acids and Peptides	0.828	Cyclic polyketides	0.109	3-Spirotetramic acids	0.169	Benzenoids	0.988	Benzene and substituted derivatives	0.969	Benzoic acids and derivatives	0.844	Benzamides	0.524	Benzamides	0.524	Organic compounds; Organoheterocyclic compounds; Benzoic acids and derivatives; Benzamides; Pyrrolidines; Organic acids and derivatives; Carboxylic acids and derivatives; Organonitrogen compounds; Benzoyl derivatives; Organooxygen compounds; Carboxylic acid amides; Carboxylic acid derivatives; Carboxylic acid esters; Secondary carboxylic acid amides; Carbonyl compounds; Benzene and substituted derivatives; Benzenoids; Organic oxides; Hydrocarbon derivatives; Organopnictogen compounds; Organic oxygen compounds; Organic nitrogen compounds; Chemical entities	360.181	797	13.288	857346851977080451	857336464050246152	857336464050246151	15248	
1	C18H18O5	[M + H]+	C18H19O5+	Shikimates and Phenylpropanoids	0.910	Phenolic acids (C6-C1)	0.350	Simple phenolic acids	0.504	Benzenoids	1.000	Benzene and substituted derivatives	0.999	Benzoic acids and derivatives	0.992	Benzoic acid esters	0.988	Benzoic acid esters	0.988	Organic compounds; Benzoic acids and derivatives; Organic acids and derivatives; Carboxylic acids and derivatives; Benzoyl derivatives; Organooxygen compounds; Dicarboxylic acids and derivatives; Carboxylic acid derivatives; Carboxylic acid esters; Benzoic acid esters; Benzene and substituted derivatives; Benzenoids; Organic oxides; Hydrocarbon derivatives; Organic oxygen compounds; Chemical entities	315.123	797	13.288	857346858104961260	857336464104772108	857336464100577803	15252	
1	C9H8O2	[M + H]+	C9H9O2+	Shikimates and Phenylpropanoids	0.864	Phenolic acids (C6-C1)	0.308	Simple phenolic acids	0.395	Organic oxygen compounds	1.000	Organooxygen compounds	1.000	Carbonyl compounds	0.927	Aldehydes	0.803	Benzaldehydes	0.585	Organic compounds; Aldehydes; Ethers; Benzoyl derivatives; Organooxygen compounds; Benzaldehydes; Carbonyl compounds; Benzene and substituted derivatives; Benzenoids; Aryl-aldehydes; Organic oxides; Oxacyclic compounds; Hydrocarbon derivatives; Organic oxygen compounds; Chemical entities	149.060	797	13.289	857346863821803890	857336464163492368	857336464163492367	15251	
1	C7H4O	[M + H]+	C7H5O+	Shikimates and Phenylpropanoids	0.755	Phenolic acids (C6-C1)	0.179	Simple phenolic acids	0.110	Organic oxygen compounds	1.000	Organooxygen compounds	0.998	Carbonyl compounds	0.986	Aldehydes	0.961	Benzaldehydes	0.834	Organic compounds; Aldehydes; Benzoyl derivatives; Organooxygen compounds; Benzaldehydes; Carbonyl compounds; Benzene and substituted derivatives; Benzenoids; Aryl-aldehydes; Organic oxides; Hydrocarbon derivatives; Organic oxygen compounds; Chemical entities	105.034	797	13.290	857346857614227008	857336464218018324	857336464218018323	15249	
1	C11H18N6O3S	[M + Na]+	C11H18N6NaO3S+	Amino acids and Peptides	0.337	Nucleosides	0.100	Cyclamides	0.437	Organoheterocyclic compounds	0.964	Azoles	0.731					Azoles	0.731	Organic compounds; Organoheterocyclic compounds; Organosulfur compounds; Organic acids and derivatives; Organonitrogen compounds; Organooxygen compounds; Azoles; Amines; Organic oxides; Azacyclic compounds; Heteroaromatic compounds; Hydrocarbon derivatives; Organopnictogen compounds; Organic oxygen compounds; Organic nitrogen compounds; Chemical entities	337.105	797	13.290	857346878153740672	857336464264155672	857336464264155671	15260	
1	C15H20N2O3	[M + H]+	C15H21N2O3+	Alkaloids	0.910	Tryptophan alkaloids	0.308	Pyrroloindole alkaloids	0.046	Organic 1,3-dipolar compounds	0.904	Allyl-type 1,3-dipolar organic compounds	0.888	Organic nitro compounds	0.870	C-nitro compounds	0.854	Nitroaromatic compounds	0.799	Organic compounds; Organoheterocyclic compounds; Organonitrogen compounds; Organooxygen compounds; Organic nitro compounds; Organic oxoazanium compounds; Benzenoids; Amines; Organic 1,3-dipolar compounds; Allyl-type 1,3-dipolar organic compounds; Propargyl-type 1,3-dipolar organic compounds; Organic oxides; C-nitro compounds; Azacyclic compounds; Hydrocarbon derivatives; Organopnictogen compounds; Organic oxygen compounds; Nitroaromatic compounds; Organic nitrogen compounds; Chemical entities	277.155	799	13.309	857346878376038960	857336464327070236	857336464327070235	15283	
1	C11H16O3	[M + H]+	C11H17O3+	Polyketides	0.902	Cyclic polyketides	0.751	2-pyrone derivatives	0.907	Organoheterocyclic compounds	0.886	Pyrans	0.504	Pyranones and derivatives	0.572			Pyranones and derivatives	0.572	Organic compounds; Organoheterocyclic compounds; Lactones; Pyrans; Organic acids and derivatives; Carboxylic acids and derivatives; Organooxygen compounds; Pyranones and derivatives; Carboxylic acid derivatives; Monocarboxylic acids and derivatives; Carboxylic acid esters; Carbonyl compounds; Organic oxides; Oxacyclic compounds; Hydrocarbon derivatives; Organic oxygen compounds; Chemical entities	197.117	801	13.344	857346878342484518	857336464385790496	857336464385790495	15331	
1	C15H24O3	[M + H]+	C15H25O3+	Polyketides	0.536	Fatty esters	0.365	Wax monoesters	0.174	Organic acids and derivatives	0.971	Carboxylic acids and derivatives	0.938	Carboxylic acid derivatives	0.933	Carboxylic acid esters	0.915	Carboxylic acid esters	0.915	Organic compounds; Ketones; Organic acids and derivatives; Carboxylic acids and derivatives; Organooxygen compounds; Carboxylic acid derivatives; Monocarboxylic acids and derivatives; Carboxylic acid esters; Carbonyl compounds; Organic oxides; Hydrocarbon derivatives; Organic oxygen compounds; Chemical entities	253.180	801	13.345	857346878342484506	857336464436122148	857336464431927843	15329	
1	C14H27NO	[M + H]+	C14H28NO+	Fatty acids	0.867	Fatty amides	0.904	N-acyl amines	0.254	Lipids and lipid-like molecules	0.552							Lipids and lipid-like molecules	0.552	Organic compounds; Lipids and lipid-like molecules; Organic acids and derivatives; Carboxylic acids and derivatives; Organonitrogen compounds; Organooxygen compounds; Carboxylic acid amides; Carboxylic acid derivatives; Secondary carboxylic acid amides; Carbonyl compounds; Organic oxides; Hydrocarbon derivatives; Organopnictogen compounds; Organic oxygen compounds; Organic nitrogen compounds; Chemical entities	226.217	806	13.430	857346879273620117	857336464536785452	857336464536785451	15430	
1	C8H14O2	[M + H]+	C8H15O2+	Fatty acids	0.965	Fatty esters	0.910	Wax monoesters	0.801	Lipids and lipid-like molecules	0.636	Fatty Acyls	0.639					Fatty Acyls	0.639	Organic compounds; Lipids and lipid-like molecules; Organic acids and derivatives; Carboxylic acids and derivatives; Organooxygen compounds; Carboxylic acid derivatives; Monocarboxylic acids and derivatives; Carboxylic acid esters; Carbonyl compounds; Fatty Acyls; Organic oxides; Hydrocarbon derivatives; Organic oxygen compounds; Chemical entities	143.107	811	13.509	857346878342484516	857336464595505712	857336464591311407	15455	
1	C14H27NO	[M + H]+	C14H28NO+	Fatty acids	0.984	Fatty amides	0.977	Primary amides	0.516	Lipids and lipid-like molecules	0.872	Fatty Acyls	0.827	Fatty amides	0.853	N-acyl amines	0.632	N-acyl amines	0.632	Organic compounds; Lipids and lipid-like molecules; Organic acids and derivatives; Carboxylic acids and derivatives; Organonitrogen compounds; Organooxygen compounds; Fatty amides; Carboxylic acid amides; Carboxylic acid derivatives; N-acyl amines; Secondary carboxylic acid amides; Carbonyl compounds; Fatty Acyls; Organic oxides; Hydrocarbon derivatives; Organopnictogen compounds; Organic oxygen compounds; Organic nitrogen compounds; Chemical entities	226.217	822	13.701	857346879491723930	857336464696169016	857336464691974711	15683	
1	C12H27O4P	[M + H]+	C12H28O4P+	Fatty acids	0.902	Fatty acyls	0.144	Dolichols	0.095	Organic acids and derivatives	0.996	Organic phosphoric acids and derivatives	0.987	Phosphate esters	0.985	Alkyl phosphates	0.967	Trialkyl phosphates	0.818	Organic compounds; Organic acids and derivatives; Organooxygen compounds; Organic phosphoric acids and derivatives; Phosphate esters; Alkyl phosphates; Trialkyl phosphates; Organic oxides; Hydrocarbon derivatives; Organic oxygen compounds; Chemical entities	267.172	824	13.730	857346886701732651	857336464796832320	857336464792638015	15721	
1	C2H4O2	[M + K]+	C2H4KO2+	Fatty acids	0.957	Fatty acyls	0.840	Oxygenated hydrocarbons	0.195	Hydrocarbon derivatives	0.929							Hydrocarbon derivatives	0.929	Organic compounds; Hydrocarbon derivatives; Organic oxygen compounds; Chemical entities	98.984	824	13.734	857346880435442392	857336464847163972	857336464847163971	15728	
1	C19H27NO3	[M + H]+	C19H28NO3+	Amino acids and Peptides	0.439	Pseudoalkaloids (transamidation)	0.074	Aminoacids	0.020	Benzenoids	0.824	Benzene and substituted derivatives	0.831					Benzene and substituted derivatives	0.831	Organic compounds; Organoheterocyclic compounds; Lipids and lipid-like molecules; Lactams; Organic acids and derivatives; Carboxylic acids and derivatives; Organonitrogen compounds; Organooxygen compounds; Carboxylic acid amides; Carboxylic acid derivatives; Monocarboxylic acids and derivatives; Carbonyl compounds; Benzene and substituted derivatives; Benzenoids; Organic oxides; Azacyclic compounds; Hydrocarbon derivatives; Organopnictogen compounds; Organic oxygen compounds; Organic nitrogen compounds; Chemical entities	318.206	828	13.804	857346891353215821	857336464897495624	857336464897495623	15817	
1	C9H10O	[M + H]+	C9H11O+	Shikimates and Phenylpropanoids	0.930	Phenylpropanoids (C6-C3)	0.972	Cinnamic acids and derivatives	0.969	Benzenoids	0.964	Benzene and substituted derivatives	0.572					Benzene and substituted derivatives	0.572	Organic compounds; Organooxygen compounds; Benzene and substituted derivatives; Benzenoids; Hydrocarbon derivatives; Organic oxygen compounds; Chemical entities	135.080	831	13.845	857346883753136890	857336464947827276	857336464947827275	15908	
1	C16H24O4	[M + H]+	C16H25O4+	Terpenoids	0.799	Monoterpenoids	0.420	Macrolide lactones	0.203	Lipids and lipid-like molecules	0.845	Prenol lipids	0.595	Monoterpenoids	0.517	Monocyclic monoterpenoids	0.501	Monocyclic monoterpenoids	0.501	Organic compounds; Lipids and lipid-like molecules; Ketones; Prenol lipids; Organic acids and derivatives; Carboxylic acids and derivatives; Organooxygen compounds; Fatty acid esters; Carboxylic acid derivatives; Monocarboxylic acids and derivatives; Carboxylic acid esters; Menthane monoterpenoids; Monoterpenoids; Monocyclic monoterpenoids; Carbonyl compounds; Cyclic ketones; Fatty Acyls; Organic oxides; Hydrocarbon derivatives; Cyclohexenones; Organic oxygen compounds; Chemical entities	281.175	831	13.848	857346893966267235	857336465002353232	857336465002353231	15880	
1	C30H36O6	[M + H]+	C30H37O6+	Shikimates and Phenylpropanoids	0.380	Aromatic polyketides	0.126	Simple aromatic polyketides	0.091	Benzenoids	1.000	Benzene and substituted derivatives	0.986	Diphenylmethanes	0.830			Diphenylmethanes	0.830	Organic compounds; Alkyl aryl ethers; Glycerolipids; Ethers; Organooxygen compounds; Diphenylmethanes; Dialkyl ethers; Benzene and substituted derivatives; Phenol ethers; Glycerol ethers; Benzenoids; Phenylpropanes; Hydrocarbon derivatives; Organic oxygen compounds; Phenoxy compounds; Chemical entities	493.259	832	13.862	857346902958855051	857336465052684884	857336465052684883	15921	
1	C15H17N3O5S	[M + H]+	C15H18N3O5S+	Amino acids and Peptides	0.441	β-lactams	0.051	Cyclamides	0.073	Benzenoids	0.941	Benzene and substituted derivatives	0.879	Benzenesulfonyl compounds	0.553			Benzenesulfonyl compounds	0.553	Organic compounds; Organoheterocyclic compounds; Organosulfur compounds; Alkyl aryl ethers; Ethers; Organic acids and derivatives; Carboxylic acids and derivatives; Organosulfonic acids and derivatives; Organonitrogen compounds; Organooxygen compounds; Carboxylic acid derivatives; Sulfonyls; Carbonyl compounds; Benzene and substituted derivatives; Phenol ethers; Benzenoids; Organic oxides; Azacyclic compounds; Hydrocarbon derivatives; Benzenesulfonyl compounds; Organic sulfonic acids and derivatives; Organopnictogen compounds; Organic oxygen compounds; Organic nitrogen compounds; Phenoxy compounds; Chemical entities	352.097	834	13.897	857346905609655189	857336465157542492	857336465157542491	15965	
1	C15H24O3	[M + H]+	C15H25O3+	Terpenoids	0.766	Sesquiterpenoids	0.759	Caryophyllane sesquiterpenoids	0.097	Lipids and lipid-like molecules	0.529							Lipids and lipid-like molecules	0.529	Organic compounds; Lipids and lipid-like molecules; Organic acids and derivatives; Carboxylic acids and derivatives; Organooxygen compounds; Carboxylic acid derivatives; Monocarboxylic acids and derivatives; Carboxylic acid esters; Carbonyl compounds; Organic oxides; Hydrocarbon derivatives; Organic oxygen compounds; Chemical entities	253.180	834	13.901	857346888526254912	857336465203679840	857336465203679839	15955	
1	C17H37N	[M + H]+	C17H38N+	Alkaloids	0.836	Pseudoalkaloids (transamidation)	0.119	Polyamines	0.216	Organic nitrogen compounds	1.000	Organonitrogen compounds	1.000	Amines	0.997	Primary amines	0.977	Monoalkylamines	0.962	Organic compounds; Organonitrogen compounds; Monoalkylamines; Amines; Primary amines; Hydrocarbon derivatives; Organopnictogen compounds; Organic nitrogen compounds; Chemical entities	256.300	838	13.960	857346897166521226	857336465258205796	857336465258205795	16061	
1	C14H22O	[M + H]+	C14H23O+	Terpenoids	0.933	Sesquiterpenoids	0.811	Bisabolane sesquiterpenoids	0.522	Benzenoids	0.636	Benzene and substituted derivatives	0.630	Phenylpropanes	0.580			Phenylpropanes	0.580	Organic compounds; Organooxygen compounds; Carbonyl compounds; Benzene and substituted derivatives; Benzenoids; Phenylpropanes; Organic oxides; Hydrocarbon derivatives; Organic oxygen compounds; Chemical entities	207.174	839	13.979	857346896902280065	857336465367257708	857336465367257707	16046	
1	C12H25NO	[M + H]+	C12H26NO+	Fatty acids	0.988	Fatty amides	0.984	Primary amides	0.882	Organic acids and derivatives	0.716	Carboxylic acids and derivatives	0.662	Carboxylic acid derivatives	0.597	Carboxylic acid amides	0.643	Carboxylic acid amides	0.643	Organic compounds; Organic acids and derivatives; Carboxylic acids and derivatives; Organonitrogen compounds; Organooxygen compounds; Carboxylic acid amides; Carboxylic acid derivatives; Carbonyl compounds; Organic oxides; Hydrocarbon derivatives; Organopnictogen compounds; Organic oxygen compounds; Organic nitrogen compounds; Chemical entities	200.201	840	13.993	857346883656667892	857336465316926056	857336465316926055	16070	
1	C16H34O3	[M + H3N + H]+	C16H38NO3+	Fatty acids	0.999	Fatty acyls	0.988	Fatty alcohols	0.997	Lipids and lipid-like molecules	0.676	Fatty Acyls	0.673	Fatty alcohols	0.695			Fatty alcohols	0.695	Organic compounds; Lipids and lipid-like molecules; Alcohols and polyols; Primary alcohols; Organooxygen compounds; Fatty alcohols; Fatty Acyls; Hydrocarbon derivatives; Organic oxygen compounds; Chemical entities	292.285	844	14.068	857346885632185112	857336465425977968	857336465425977967	16143	
1	C16H21NO3	[M + H]+	C16H22NO3+	Alkaloids	0.936	Tryptophan alkaloids	0.505	Simple indole alkaloids	0.114	Organic oxygen compounds	1.000	Organooxygen compounds	0.999	Ethers	0.576	Alkyl aryl ethers	0.595	Alkyl aryl ethers	0.595	Organic compounds; Organoheterocyclic compounds; Alkyl aryl ethers; Ethers; Organic acids and derivatives; Carboxylic acids and derivatives; Organonitrogen compounds; Organooxygen compounds; Monocarboxylic acids and derivatives; Carbonyl compounds; Benzenoids; Organic oxides; Azacyclic compounds; Oxacyclic compounds; Hydrocarbon derivatives; Organopnictogen compounds; Organic oxygen compounds; Organic nitrogen compounds; Chemical entities	276.160	848	14.130	857346912979047328	857336465476309620	857336465476309619	16264	
1	C18H26O3	[M + H]+	C18H27O3+	Terpenoids	0.787	Sesquiterpenoids	0.308	Bisabolane sesquiterpenoids	0.030	Organic oxygen compounds	1.000	Organooxygen compounds	1.000	Carbonyl compounds	0.982	Ketones	0.763	Aryl alkyl ketones	0.600	Organic compounds; Organoheterocyclic compounds; Ketones; Organic acids and derivatives; Carboxylic acids and derivatives; Organooxygen compounds; Carboxylic acid derivatives; Monocarboxylic acids and derivatives; Carboxylic acid esters; Carbonyl compounds; Benzene and substituted derivatives; Benzenoids; Aryl ketones; Aryl alkyl ketones; Organic oxides; Oxacyclic compounds; Hydrocarbon derivatives; Organic oxygen compounds; Chemical entities	291.196	848	14.130	857346923028599722	857336465530835576	857336465530835575	16266	
1	C18H39N	[M + H]+	C18H40N+	Alkaloids	0.820	Pseudoalkaloids (transamidation)	0.106	Polyamines	0.222	Organic nitrogen compounds	1.000	Organonitrogen compounds	1.000	Amines	0.997	Primary amines	0.971	Monoalkylamines	0.952	Organic compounds; Organonitrogen compounds; Monoalkylamines; Amines; Primary amines; Hydrocarbon derivatives; Organopnictogen compounds; Organic nitrogen compounds; Chemical entities	270.316	849	14.143	857346881450463974	857336465639887488	857336465639887487	16282	
1	C16H39N4O3	[M + H]+	C16H40N4O3+	Fatty acids	0.468	Small peptides	0.341	Tripeptides	0.136	Organic acids and derivatives	0.953	Carboxylic acids and derivatives	0.723	Amino acids, peptides, and analogues	0.627	Amino acids and derivatives	0.622	Alpha amino acids and derivatives	0.529	Organic compounds; Amino acids, peptides, and analogues; Alpha amino acids and derivatives; Organic acids and derivatives; Carboxylic acids and derivatives; Organonitrogen compounds; Organooxygen compounds; Amino acids and derivatives; Organic carbonic acids and derivatives; Ureas; Carbonyl compounds; Amines; Organic oxides; Hydrocarbon derivatives; Organopnictogen compounds; Organic oxygen compounds; Organic nitrogen compounds; Chemical entities	336.311	849	14.151	857346886563320611	857336465706996356	857336465706996355	16281	
1	C19H27NO3	[M + H]+	C19H28NO3+	Amino acids and Peptides	0.580	Fatty amides	0.166	Aminoacids	0.042	Organic acids and derivatives	0.998	Carboxylic acids and derivatives	0.992	Amino acids, peptides, and analogues	0.697	Amino acids and derivatives	0.697	Alpha amino acids and derivatives	0.578	Organic compounds; Organoheterocyclic compounds; Lipids and lipid-like molecules; Amino acids, peptides, and analogues; Alpha amino acids and derivatives; Organic acids and derivatives; Carboxylic acids and derivatives; Organonitrogen compounds; Organooxygen compounds; Amino acids and derivatives; Carboxylic acid amides; Carboxylic acid derivatives; Monocarboxylic acids and derivatives; Secondary carboxylic acid amides; Carbonyl compounds; Benzene and substituted derivatives; Benzenoids; Organic oxides; Hydrocarbon derivatives; Organopnictogen compounds; Organic oxygen compounds; Organic nitrogen compounds; Chemical entities	318.206	849	14.156	857346892456317783	857336465761522312	857336465761522311	16292	
1	C14H35N4O2	[M + H]+	C14H36N4O2+	Alkaloids	0.772	Ornithine alkaloids	0.089	Polyamines	0.250	Organic acids and derivatives	0.819	Organic carbonic acids and derivatives	0.752	Ureas	0.664			Ureas	0.664	Organic compounds; Organic acids and derivatives; Organonitrogen compounds; Organooxygen compounds; Organic carbonic acids and derivatives; Ureas; Carbonyl compounds; Organic oxides; Hydrocarbon derivatives; Organopnictogen compounds; Organic oxygen compounds; Organic nitrogen compounds; Chemical entities	292.285	853	14.212	857346887733531452	857336465816048268	857336465816048267	16348	
1	C14H30O3	[M + H3N + H]+	C14H34NO3+	Fatty acids	0.998	Fatty acyls	0.915	Fatty alcohols	0.918	Lipids and lipid-like molecules	0.527							Lipids and lipid-like molecules	0.527	Organic compounds; Lipids and lipid-like molecules; Alcohols and polyols; Ethers; Primary alcohols; Organooxygen compounds; Dialkyl ethers; Hydrocarbon derivatives; Organic oxygen compounds; Chemical entities	264.253	853	14.224	857346890531132234	857336465933488788	857336465933488787	16360	
1	C16H22N2O	[M + H]+	C16H23N2O+	Fatty acids	0.225	Fatty amides	0.062	Primary amides	0.016	Benzenoids	0.995	Benzene and substituted derivatives	0.957	Anilides	0.883			Anilides	0.883	Organic compounds; Lipids and lipid-like molecules; Organic acids and derivatives; Carboxylic acids and derivatives; Organonitrogen compounds; Anilides; Organooxygen compounds; Fatty amides; Carboxylic acid amides; Carboxylic acid derivatives; Secondary carboxylic acid amides; Carbonyl compounds; Benzene and substituted derivatives; Benzenoids; N-arylamides; Fatty Acyls; Organic oxides; Hydrocarbon derivatives; Organopnictogen compounds; Organic oxygen compounds; Organic nitrogen compounds; Chemical entities	259.181	854	14.227	857346895597851504	857336465996403352	857336465996403351	16367	
1	C18H15O4P	[M + H]+	C18H16O4P+	Shikimates and Phenylpropanoids	0.635	Flavonoids	0.019	Chalcones	0.009	Organic acids and derivatives	0.975	Organic phosphoric acids and derivatives	0.986	Phosphate esters	0.977	Aryl phosphates	0.968	Aryl phosphotriesters	0.986	Organic compounds; Organic acids and derivatives; Organooxygen compounds; Organic phosphoric acids and derivatives; Phosphate esters; Benzene and substituted derivatives; Benzenoids; Organic oxides; Hydrocarbon derivatives; Organic oxygen compounds; Aryl phosphates; Aryl phosphotriesters; Phenoxy compounds; Chemical entities	327.078	854	14.231	857346937842881460	857336465874768528	857336465874768527	16345	
1	C14H30O3	[M + H]+	C14H31O3+	Fatty acids	0.999	Fatty acyls	0.958	Fatty alcohols	0.966	Lipids and lipid-like molecules	0.549							Lipids and lipid-like molecules	0.549	Organic compounds; Lipids and lipid-like molecules; Alcohols and polyols; Ethers; Primary alcohols; Organooxygen compounds; Dialkyl ethers; Hydrocarbon derivatives; Organic oxygen compounds; Chemical entities	247.227	854	14.237	857346895463633773	857336466059317916	857336466055123611	16376	
1	C16H39N4O3	[M + H]+	C16H40N4O3+	Fatty acids	0.364	Small peptides	0.519	Tripeptides	0.255	Organic acids and derivatives	0.750	Carboxylic acids and derivatives	0.570	Amino acids, peptides, and analogues	0.693	Amino acids and derivatives	0.688	Alpha amino acids and derivatives	0.598	Organic compounds; Amino acids, peptides, and analogues; Alpha amino acids and derivatives; Organic acids and derivatives; Carboxylic acids and derivatives; Organonitrogen compounds; Organooxygen compounds; Amino acids and derivatives; Carbonyl compounds; Amines; Primary amines; Organic oxides; Hydrocarbon derivatives; Organopnictogen compounds; Organic oxygen compounds; Organic nitrogen compounds; Chemical entities	336.311	857	14.284	857347427729200063	857336466126426784	857336466126426783	16424	
1	C16H34O4	[M + H3N + H]+	C16H38NO4+	Fatty acids	0.985	Fatty acyls	0.736	Fatty alcohols	0.741	Organic oxygen compounds	1.000	Organooxygen compounds	1.000	Ethers	0.989	Dialkyl ethers	0.988	Polyethylene glycols	0.935	Organic compounds; Alcohols and polyols; Ethers; Primary alcohols; Organooxygen compounds; Dialkyl ethers; Polyethylene glycols; Hydrocarbon derivatives; Organic oxygen compounds; Chemical entities	308.280	857	14.287	857347916701161132	857336466180952740	857336466176758435	16421	
1	C16H34O4	[M + H]+	C16H35O4+	Fatty acids	0.961	Fatty acyls	0.926	Fatty alcohols	0.929	Organic oxygen compounds	0.999	Organooxygen compounds	0.997	Alcohols and polyols	0.884	Primary alcohols	0.814	Primary alcohols	0.814	Organic compounds; Alcohols and polyols; Primary alcohols; Organooxygen compounds; Hydrocarbon derivatives; Organic oxygen compounds; Chemical entities	291.253	857	14.291	857347992840366275	857336466235478696	857336466231284391	16427	
1	C9H19NOS2	[M + H]+	C9H20NOS2+	Fatty acids	0.687	Fatty amides	0.434	Primary amides	0.251	Organic acids and derivatives	0.728	Dithiocarbamic acids and derivatives	0.613	Dithiocarbamic acid esters	0.613			Dithiocarbamic acid esters	0.613	Organic compounds; Organosulfur compounds; Organic acids and derivatives; Organonitrogen compounds; Organooxygen compounds; Thiocarbamic acid derivatives; Carbonyl compounds; Sulfenyl compounds; Dithiocarbamic acids and derivatives; Dithiocarbamic acid esters; Organic oxides; Hydrocarbon derivatives; Organopnictogen compounds; Organic oxygen compounds; Organic nitrogen compounds; Chemical entities	222.098	858	14.306	857348027804093012	857336466344530608	857336466340336303	16462	
1	C13H9NS	[M + H]+	C13H10NS+	Alkaloids	0.264	Nicotinic acid alkaloids	0.055	Pyridine alkaloids	0.056	Organoheterocyclic compounds	0.999	Benzothiazoles	0.986					Benzothiazoles	0.986	Organic compounds; Organoheterocyclic compounds; Thiazoles; Organonitrogen compounds; Benzothiazoles; Azoles; Benzene and substituted derivatives; Benzenoids; Azacyclic compounds; Heteroaromatic compounds; Hydrocarbon derivatives; Organopnictogen compounds; Organic nitrogen compounds; Chemical entities	212.053	859	14.310	857348026772294215	857336466394862260	857336466394862259	16463	
1	C2H4O2	[M + K]+	C2H4KO2+	Fatty acids	0.957	Fatty acyls	0.844	Oxygenated hydrocarbons	0.208	Hydrocarbon derivatives	0.930							Hydrocarbon derivatives	0.930	Organic compounds; Hydrocarbon derivatives; Organic oxygen compounds; Chemical entities	98.984	860	14.333	857348024243128889	857336466508108476	857336466503914171	16511	
1	C12H27O4P	[M + H]+	C12H28O4P+	Fatty acids	0.967	Fatty acyls	0.133	Dolichols	0.048	Organic acids and derivatives	0.994	Organic phosphoric acids and derivatives	0.993	Phosphate esters	0.990	Alkyl phosphates	0.974	Trialkyl phosphates	0.929	Organic compounds; Organic acids and derivatives; Organooxygen compounds; Organic phosphoric acids and derivatives; Phosphate esters; Alkyl phosphates; Trialkyl phosphates; Organic oxides; Hydrocarbon derivatives; Organic oxygen compounds; Chemical entities	267.172	860	14.334	857348029989325419	857336466558440128	857336466558440127	16517	
1	C18H15O4P	[M + H]+	C18H16O4P+	Shikimates and Phenylpropanoids	0.644	Flavonoids	0.018	Chalcones	0.008	Organic acids and derivatives	0.976	Organic phosphoric acids and derivatives	0.988	Phosphate esters	0.980	Aryl phosphates	0.970	Aryl phosphotriesters	0.987	Organic compounds; Organic acids and derivatives; Organooxygen compounds; Organic phosphoric acids and derivatives; Phosphate esters; Benzene and substituted derivatives; Benzenoids; Organic oxides; Hydrocarbon derivatives; Organic oxygen compounds; Aryl phosphates; Aryl phosphotriesters; Phenoxy compounds; Chemical entities	327.078	860	14.336	857348066752400088	857336466453582520	857336466449388215	16423	
1	C18H38O5	[M + H]+	C18H39O5+	Fatty acids	0.969	Fatty acyls	0.744	Fatty alcohols	0.693	Organic oxygen compounds	1.000	Organooxygen compounds	1.000	Ethers	0.997	Dialkyl ethers	0.996	Polyethylene glycols	0.979	Organic compounds; Alcohols and polyols; Ethers; Primary alcohols; Organooxygen compounds; Dialkyl ethers; Polyethylene glycols; Hydrocarbon derivatives; Organic oxygen compounds; Chemical entities	335.279	861	14.342	857348030446504575	857336466608771780	857336466608771779	16530	
1	C18H38O5	[M + H3N + H]+	C18H42NO5+	Fatty acids	0.974	Fatty acyls	0.706	Fatty alcohols	0.659	Organic oxygen compounds	1.000	Organooxygen compounds	1.000	Ethers	0.997	Dialkyl ethers	0.996	Polyethylene glycols	0.972	Organic compounds; Alcohols and polyols; Ethers; Primary alcohols; Organooxygen compounds; Dialkyl ethers; Polyethylene glycols; Hydrocarbon derivatives; Organic oxygen compounds; Chemical entities	352.306	861	14.343	857348029716695649	857336466663297736	857336466663297735	16534	
1	C14H29NO	[M + H]+	C14H30NO+	Fatty acids	0.998	Fatty amides	0.996	Primary amides	0.999	Lipids and lipid-like molecules	0.642	Fatty Acyls	0.712	Fatty amides	0.635			Fatty amides	0.635	Organic compounds; Lipids and lipid-like molecules; Organic acids and derivatives; Carboxylic acids and derivatives; Organonitrogen compounds; Organooxygen compounds; Fatty amides; Carboxylic acid amides; Carboxylic acid derivatives; Primary carboxylic acid amides; Carbonyl compounds; Fatty Acyls; Organic oxides; Hydrocarbon derivatives; Organopnictogen compounds; Organic oxygen compounds; Organic nitrogen compounds; Chemical entities	228.232	861	14.354	857348029599255135	857336466717823692	857336466717823691	16558	
1	C24H43O3	[M + H]+	C24H44O3+	Terpenoids	0.410	Aromatic polyketides	0.270	Catechols with side chains	0.211	Organic oxygen compounds	1.000	Organooxygen compounds	1.000	Ethers	0.836	Alkyl aryl ethers	0.526	Alkyl aryl ethers	0.526	Organic compounds; Alkyl aryl ethers; Alcohols and polyols; Ethers; Primary alcohols; Organooxygen compounds; Hydrocarbon derivatives; Organic oxygen compounds; Chemical entities	380.337	861	14.355	857348031058872969	857336466772349648	857336466768155343	16565	
1	C20H42O6	[M + H]+	C20H43O6+	Fatty acids	0.986	Glycerolipids	0.837	Fatty alcohols	0.341	Organic oxygen compounds	1.000	Organooxygen compounds	1.000	Ethers	0.997	Dialkyl ethers	0.996	Polyethylene glycols	0.965	Organic compounds; Alcohols and polyols; Ethers; Primary alcohols; Organooxygen compounds; Dialkyl ethers; Polyethylene glycols; Hydrocarbon derivatives; Organic oxygen compounds; Chemical entities	379.305	862	14.373	857348030215817845	857336466822681300	857336466822681299	16597	
1	C22H38N2O3	[M + H3N + H]+	C22H42N3O3+	Fatty acids	0.813	Small peptides	0.558	N-acyl amines	0.072	Organic acids and derivatives	0.991	Carboxylic acids and derivatives	0.979	Amino acids, peptides, and analogues	0.709	Amino acids and derivatives	0.706	Amino acids and derivatives	0.706	Organic compounds; Lipids and lipid-like molecules; Amino acids, peptides, and analogues; Organic acids and derivatives; Carboxylic acids and derivatives; Organonitrogen compounds; Organooxygen compounds; Fatty amides; Amino acids and derivatives; Carboxylic acid amides; Carboxylic acid derivatives; N-acyl amines; Secondary carboxylic acid amides; Carbonyl compounds; Fatty Acyls; Organic oxides; Hydrocarbon derivatives; Organopnictogen compounds; Organic oxygen compounds; Organic nitrogen compounds; Chemical entities	396.332	862	14.374	857348043100719812	857336466873012952	857336466873012951	16598	
1	C18H45N7O4	[M + H]+	C18H46N7O4+	Fatty acids	0.627	Oligopeptides	0.074	Purine nucleosides	0.061	Organoheterocyclic compounds	0.258	Triazines	0.301	1,3,5-triazines	0.641			1,3,5-triazines	0.641	Organic compounds; Alcohols and polyols; Organonitrogen compounds; Primary alcohols; Organooxygen compounds; Amines; Primary amines; 1,3,5-triazines; Azacyclic compounds; Hydrocarbon derivatives; Organopnictogen compounds; Organic oxygen compounds; Organic nitrogen compounds; Chemical entities	424.363	863	14.378	857348033369934493	857336466923344604	857336466923344603	16603	
1	C22H46O7	[M + H]+	C22H47O7+	Fatty acids	0.982	Glycerolipids	0.728	Fatty alcohols	0.299	Organic oxygen compounds	1.000	Organooxygen compounds	1.000	Ethers	0.998	Dialkyl ethers	0.998	Polyethylene glycols	0.965	Organic compounds; Alcohols and polyols; Ethers; Primary alcohols; Organooxygen compounds; Dialkyl ethers; Polyethylene glycols; Hydrocarbon derivatives; Organic oxygen compounds; Chemical entities	423.332	863	14.380	857348035425143462	857336466973676256	857336466973676255	16614	
1	C27H51N2O4	[M + H]+	C27H52N2O4+	Fatty acids	0.955	Fatty amides	0.290	N-acyl amines	0.085	Organic acids and derivatives	1.000	Carboxylic acids and derivatives	0.999	Amino acids, peptides, and analogues	0.753	Amino acids and derivatives	0.754	Alpha amino acids and derivatives	0.567	Organic compounds; Lipids and lipid-like molecules; Amino acids, peptides, and analogues; Alpha amino acids and derivatives; Organic acids and derivatives; Carboxylic acids and derivatives; Organonitrogen compounds; Organooxygen compounds; Fatty amides; Amino acids and derivatives; Carboxylic acid amides; Carboxylic acid derivatives; N-acyl amines; Monocarboxylic acids and derivatives; Secondary carboxylic acid amides; Carbonyl compounds; N-arylamides; Fatty Acyls; Organic oxides; Hydrocarbon derivatives; Organopnictogen compounds; Organic oxygen compounds; Organic nitrogen compounds; Chemical entities	468.390	863	14.381	857348032191335059	857336467032396516	857336467028202211	16609	
1	C27H50N4O5	[M + H3N + H]+	C27H54N5O5+	Fatty acids	0.685	Fatty amides	0.288	N-acyl amines	0.099	Organic acids and derivatives	0.976	Carboxylic acids and derivatives	0.933	Amino acids, peptides, and analogues	0.509			Amino acids, peptides, and analogues	0.509	Organic compounds; Lipids and lipid-like molecules; Amino acids, peptides, and analogues; Ethers; Organic acids and derivatives; Carboxylic acids and derivatives; Organonitrogen compounds; Organooxygen compounds; Fatty amides; Carboxylic acid amides; Carboxylic acid derivatives; Dialkyl ethers; Secondary carboxylic acid amides; Carbonyl compounds; Fatty Acyls; Organic oxides; Hydrocarbon derivatives; Organopnictogen compounds; Organic oxygen compounds; Organic nitrogen compounds; Chemical entities	528.411	863	14.386	857348045298535118	857336467091116776	857336467086922471	16613	
1	C22H46O7	[M + H3N + H]+	C22H50NO7+	Fatty acids	0.971	Fatty acyls	0.656	Fatty alcohols	0.500	Organic oxygen compounds	1.000	Organooxygen compounds	1.000	Ethers	0.999	Dialkyl ethers	0.998	Polyethylene glycols	0.988	Organic compounds; Alcohols and polyols; Ethers; Primary alcohols; Organooxygen compounds; Dialkyl ethers; Polyethylene glycols; Hydrocarbon derivatives; Organic oxygen compounds; Chemical entities	440.358	863	14.387	857348035571944112	857336467175002860	857336467170808555	16617	
1	C28H51N3O2	[M + Na]+	C28H51N3NaO2+	Alkaloids	0.580	Nicotinic acid alkaloids	0.198	Pyridine alkaloids	0.197	Organic oxygen compounds	0.999	Organooxygen compounds	0.997	Ethers	0.857	Dialkyl ethers	0.860	Dialkyl ethers	0.860	Organic compounds; Ethers; Organic acids and derivatives; Organonitrogen compounds; Organooxygen compounds; Dialkyl ethers; Organic oxides; Azacyclic compounds; Hydrocarbon derivatives; Organopnictogen compounds; Organic oxygen compounds; Organic nitrogen compounds; Chemical entities	484.385	864	14.393	857348039728499386	857336467225334512	857336467225334511	16631	
1	C18H15O4P	[M + H]+	C18H16O4P+	Shikimates and Phenylpropanoids	0.613	Flavonoids	0.020	Chalcones	0.010	Organic acids and derivatives	0.976	Organic phosphoric acids and derivatives	0.987	Phosphate esters	0.978	Aryl phosphates	0.969	Aryl phosphotriesters	0.986	Organic compounds; Organic acids and derivatives; Organooxygen compounds; Organic phosphoric acids and derivatives; Phosphate esters; Benzene and substituted derivatives; Benzenoids; Organic oxides; Hydrocarbon derivatives; Organic oxygen compounds; Aryl phosphates; Aryl phosphotriesters; Phenoxy compounds; Chemical entities	327.078	868	14.459	857348244469257805	857336467279860468	857336467279860467	16707	
1	C15H30N2O	[M + H]+	C15H31N2O+	Alkaloids	0.250	Ornithine alkaloids	0.061	Polyamines	0.025	Organic acids and derivatives	0.991	Organic carbonic acids and derivatives	0.990	Ureas	0.993			Ureas	0.993	Organic compounds; Organic acids and derivatives; Organonitrogen compounds; Organooxygen compounds; Organic carbonic acids and derivatives; Ureas; Carbonyl compounds; Organic oxides; Hydrocarbon derivatives; Organopnictogen compounds; Organic oxygen compounds; Organic nitrogen compounds; Chemical entities	255.243	868	14.472	857348210457643960	857336467342775032	857336467342775031	16728	
1	C11H12O	[M + H]+	C11H13O+	Shikimates and Phenylpropanoids	0.709	Phenylpropanoids (C6-C3)	0.927	Cinnamic acids and derivatives	0.916	Benzenoids	0.974	Benzene and substituted derivatives	0.515					Benzene and substituted derivatives	0.515	Organic compounds; Ketones; Organooxygen compounds; Carbonyl compounds; Benzene and substituted derivatives; Benzenoids; Organic oxides; Hydrocarbon derivatives; Organic oxygen compounds; Chemical entities	161.096	871	14.524	857348229927604594	857336467401495292	857336467401495291	16778	
1	C16H24O2	[M + H]+	C16H25O2+	Terpenoids	0.800	Sesquiterpenoids	0.767	Bisabolane sesquiterpenoids	0.518	Benzenoids	0.983	Benzene and substituted derivatives	0.937	Benzoic acids and derivatives	0.639			Benzoic acids and derivatives	0.639	Organic compounds; Benzoic acids and derivatives; Organic acids and derivatives; Carboxylic acids and derivatives; Benzoyl derivatives; Organooxygen compounds; Carboxylic acid derivatives; Monocarboxylic acids and derivatives; Carboxylic acid esters; Benzene and substituted derivatives; Benzenoids; Phenylpropanes; Organic oxides; Hydrocarbon derivatives; Organic oxygen compounds; Chemical entities	249.185	871	14.524	857348259589728738	857336467468604160	857336467468604159	16776	
1	C13H17NO	[M + H]+	C13H18NO+	Alkaloids	0.990	Tryptophan alkaloids	0.416	Terpenoid alkaloids	0.020	Organoheterocyclic compounds	0.994	Quinolines and derivatives	0.551	Hydroquinolines	0.563			Hydroquinolines	0.563	Organic compounds; Organoheterocyclic compounds; Organonitrogen compounds; Organooxygen compounds; Quinolines and derivatives; Hydroquinolines; Benzenoids; Amines; Tertiary alkylarylamines; Azacyclic compounds; Hydrocarbon derivatives; Organopnictogen compounds; Organic oxygen compounds; Organic nitrogen compounds; Chemical entities	204.138	873	14.543	857348239704527612	857336467527324420	857336467527324419	16811	
1	C16H24O2	[M + H]+	C16H25O2+	Shikimates and Phenylpropanoids	0.328	Sesquiterpenoids	0.251	Cinnamic acids and derivatives	0.116	Benzenoids	0.999	Benzene and substituted derivatives	0.993	Benzoic acids and derivatives	0.523			Benzoic acids and derivatives	0.523	Organic compounds; Benzoic acids and derivatives; Organic acids and derivatives; Carboxylic acids and derivatives; Benzoyl derivatives; Organooxygen compounds; Monocarboxylic acids and derivatives; Carbonyl compounds; Benzene and substituted derivatives; Benzenoids; Phenylpropanes; Organic oxides; Hydrocarbon derivatives; Organic oxygen compounds; Chemical entities	249.185	878	14.635	857348234579087767	857336467590238984	857336467586044679	16990	
1	C14H30O3	[M + H]+	C14H31O3+	Fatty acids	0.988	Glycerolipids	0.745	Fatty alcohols	0.466	Organic oxygen compounds	1.000	Organooxygen compounds	1.000	Ethers	0.996	Dialkyl ethers	0.996	Polyethylene glycols	0.818	Organic compounds; Alcohols and polyols; Ethers; Primary alcohols; Organooxygen compounds; Dialkyl ethers; Polyethylene glycols; Hydrocarbon derivatives; Organic oxygen compounds; Chemical entities	247.227	878	14.638	857348232913949077	857336467644764940	857336467640570635	16936	
1	C14H37N7O2	[M + H]+	C14H38N7O2+	Alkaloids	0.417	Histidine alkaloids	0.234	Polyamines	0.280	Organoheterocyclic compounds	0.293	Azacyclic compounds	0.590					Azacyclic compounds	0.590	Organic compounds; Organonitrogen compounds; Organooxygen compounds; Amines; Organic oxides; Azacyclic compounds; Hydrocarbon derivatives; Organopnictogen compounds; Organic oxygen compounds; Organic nitrogen compounds; Chemical entities	336.311	881	14.679	857348230724522381	857336467749622548	857336467749622547	16848	
1	C16H34O4	[M + H3N + H]+	C16H38NO4+	Fatty acids	0.999	Glycerolipids	0.925	Fatty alcohols	0.943	Lipids and lipid-like molecules	0.627							Lipids and lipid-like molecules	0.627	Organic compounds; Lipids and lipid-like molecules; Alcohols and polyols; Ethers; Primary alcohols; Organooxygen compounds; Dialkyl ethers; Hydrocarbon derivatives; Organic oxygen compounds; Chemical entities	308.280	881	14.680	857348241235448787	857336467804148504	857336467799954199	17007	
1	C16H34O4	[M + H]+	C16H35O4+	Fatty acids	0.999	Fatty acyls	0.964	Fatty alcohols	0.986	Lipids and lipid-like molecules	0.693	Fatty Acyls	0.604	Fatty alcohols	0.522			Fatty alcohols	0.522	Organic compounds; Lipids and lipid-like molecules; Alcohols and polyols; Ethers; Primary alcohols; Organooxygen compounds; Dialkyl ethers; Fatty alcohols; Secondary alcohols; Fatty Acyls; Hydrocarbon derivatives; Organic oxygen compounds; Chemical entities	291.253	881	14.682	857348260483115506	857336467854480156	857336467854480155	17000	
1	C18H38O5	[M + H]+	C18H39O5+	Fatty acids	0.984	Glycerolipids	0.717	Fatty alcohols	0.435	Organic oxygen compounds	1.000	Organooxygen compounds	1.000	Ethers	0.996	Dialkyl ethers	0.997	Polyethylene glycols	0.948	Organic compounds; Alcohols and polyols; Ethers; Primary alcohols; Organooxygen compounds; Dialkyl ethers; Polyethylene glycols; Hydrocarbon derivatives; Organic oxygen compounds; Chemical entities	335.279	883	14.723	857348260533447161	857336467909006112	857336467909006111	17069	
1	C24H43O3	[M + H]+	C24H44O3+	Terpenoids	0.452	Glycerolipids	0.233	Catechols with side chains	0.146	Organic oxygen compounds	1.000	Organooxygen compounds	1.000	Ethers	0.937	Alkyl aryl ethers	0.556	Alkyl aryl ethers	0.556	Organic compounds; Alkyl aryl ethers; Alcohols and polyols; Ethers; Primary alcohols; Organooxygen compounds; Dialkyl ethers; Hydrocarbon derivatives; Organic oxygen compounds; Chemical entities	380.337	883	14.724	857348260546030093	857336467959337764	857336467959337763	17073	
1	C18H38O5	[M + H3N + H]+	C18H42NO5+	Fatty acids	0.991	Glycerolipids	0.772	Fatty alcohols	0.475	Organic oxygen compounds	1.000	Organooxygen compounds	1.000	Ethers	0.996	Dialkyl ethers	0.997	Polyethylene glycols	0.899	Organic compounds; Alcohols and polyols; Ethers; Primary alcohols; Organooxygen compounds; Dialkyl ethers; Polyethylene glycols; Hydrocarbon derivatives; Organic oxygen compounds; Chemical entities	352.306	884	14.728	857348260541835779	857336468009669416	857336468009669415	17080	
1	C18H45N7O4	[M + H]+	C18H46N7O4+	Fatty acids	0.473	Oligopeptides	0.310	Polyamines	0.084	Organic oxygen compounds	0.991	Organooxygen compounds	0.959	Alcohols and polyols	0.571	Primary alcohols	0.676	Primary alcohols	0.676	Organic compounds; Alcohols and polyols; Organonitrogen compounds; Primary alcohols; Organooxygen compounds; Monoalkylamines; Amines; Primary amines; Hydrocarbon derivatives; Organopnictogen compounds; Organic oxygen compounds; Organic nitrogen compounds; Chemical entities	424.363	884	14.738	857348260877380285	857336468064195372	857336468060001067	17101	
1	C14H30O3	[M + H]+	C14H31O3+	Fatty acids	0.996	Fatty acyls	0.962	Fatty alcohols	0.938	Organic oxygen compounds	0.999	Organooxygen compounds	0.999	Ethers	0.700	Dialkyl ethers	0.652	Dialkyl ethers	0.652	Organic compounds; Alcohols and polyols; Ethers; Primary alcohols; Organooxygen compounds; Dialkyl ethers; Hydrocarbon derivatives; Organic oxygen compounds; Chemical entities	247.227	891	14.845	857348305953569292	857336468114527024	857336468114527023	17228	
1	C16H34O4	[M + H3N + H]+	C16H38NO4+	Fatty acids	0.978	Fatty acyls	0.704	Fatty alcohols	0.716	Organic oxygen compounds	1.000	Organooxygen compounds	1.000	Ethers	0.992	Dialkyl ethers	0.991	Polyethylene glycols	0.954	Organic compounds; Alcohols and polyols; Ethers; Primary alcohols; Organooxygen compounds; Dialkyl ethers; Polyethylene glycols; Hydrocarbon derivatives; Organic oxygen compounds; Chemical entities	308.280	893	14.890	857348293609732594	857336468169052980	857336468164858675	17297	
1	C16H34O4	[M + Na]+	C16H34NaO4+	Fatty acids	0.997	Fatty acyls	0.983	Fatty alcohols	0.993	Lipids and lipid-like molecules	0.797	Fatty Acyls	0.841	Fatty alcohols	0.809	Long-chain fatty alcohols	0.709	Long-chain fatty alcohols	0.709	Organic compounds; Lipids and lipid-like molecules; Alcohols and polyols; Primary alcohols; Organooxygen compounds; Fatty alcohols; Secondary alcohols; Long-chain fatty alcohols; Fatty Acyls; Hydrocarbon derivatives; Organic oxygen compounds; Chemical entities	313.235	893	14.892	857348292036868570	857336468219384632	857336468219384631	17300	
1	C16H39N4O3	[M + H]+	C16H40N4O3+	Amino acids and Peptides	0.349	Small peptides	0.471	Imidazole alkaloids	0.140	Organic acids and derivatives	0.722	Carboxylic acids and derivatives	0.422	Amino acids, peptides, and analogues	0.505			Amino acids, peptides, and analogues	0.505	Organic compounds; Amino acids, peptides, and analogues; Organic acids and derivatives; Organonitrogen compounds; Organooxygen compounds; Organic carbonic acids and derivatives; Ureas; Carbonyl compounds; Amines; Primary amines; Organic oxides; Hydrocarbon derivatives; Organopnictogen compounds; Organic oxygen compounds; Organic nitrogen compounds; Chemical entities	336.311	894	14.892	857348292875729386	857336468273910588	857336468273910587	17287	
1	C16H34O4	[M + H]+	C16H35O4+	Fatty acids	1.000	Fatty acyls	0.987	Fatty alcohols	0.994	Lipids and lipid-like molecules	0.737	Fatty Acyls	0.742	Fatty alcohols	0.651			Fatty alcohols	0.651	Organic compounds; Lipids and lipid-like molecules; Alcohols and polyols; Primary alcohols; Organooxygen compounds; Fatty alcohols; Secondary alcohols; Fatty Acyls; Hydrocarbon derivatives; Organic oxygen compounds; Chemical entities	291.253	894	14.894	857348299175574011	857336468324242240	857336468324242239	17303	
1	C18H38O5	[M + H3N + H]+	C18H42NO5+	Fatty acids	0.960	Fatty acyls	0.610	Fatty alcohols	0.524	Organic oxygen compounds	1.000	Organooxygen compounds	1.000	Ethers	0.998	Dialkyl ethers	0.998	Polyethylene glycols	0.980	Organic compounds; Alcohols and polyols; Ethers; Primary alcohols; Organooxygen compounds; Dialkyl ethers; Polyethylene glycols; Hydrocarbon derivatives; Organic oxygen compounds; Chemical entities	352.306	896	14.928	857348305068571138	857336468374573892	857336468374573891	17356	
1	C16H41N7O3	[M + H]+	C16H42N7O3+	Fatty acids	0.325	Pseudoalkaloids (transamidation)	0.153	Purine nucleosides	0.056	Organoheterocyclic compounds	0.310	Azacyclic compounds	0.663					Azacyclic compounds	0.663	Organic compounds; Alcohols and polyols; Organonitrogen compounds; Primary alcohols; Organooxygen compounds; Monoalkylamines; Amines; Primary amines; Azacyclic compounds; Hydrocarbon derivatives; Organopnictogen compounds; Organic oxygen compounds; Organic nitrogen compounds; Chemical entities	380.337	896	14.929	857348292766677472	857336468429099848	857336468429099847	17360	
1	C18H38O5	[M + H]+	C18H39O5+	Fatty acids	0.979	Glycerolipids	0.591	Fatty alcohols	0.565	Organic oxygen compounds	1.000	Organooxygen compounds	1.000	Ethers	0.996	Dialkyl ethers	0.997	Polyethylene glycols	0.958	Organic compounds; Alcohols and polyols; Ethers; Primary alcohols; Organooxygen compounds; Dialkyl ethers; Polyethylene glycols; Hydrocarbon derivatives; Organic oxygen compounds; Chemical entities	335.279	896	14.929	857348437801516461	857336468479431500	857336468479431499	17354	
1	C18H45N7O4	[M + H]+	C18H46N7O4+	Fatty acids	0.440	Oligopeptides	0.323	Polyamines	0.068	Organic oxygen compounds	0.991	Organooxygen compounds	0.957	Alcohols and polyols	0.615	Primary alcohols	0.736	Primary alcohols	0.736	Organic compounds; Alcohols and polyols; Organonitrogen compounds; Primary alcohols; Organooxygen compounds; Monoalkylamines; Amines; Primary amines; Hydrocarbon derivatives; Organopnictogen compounds; Organic oxygen compounds; Organic nitrogen compounds; Chemical entities	424.363	897	14.954	857348438086729146	857336468529763152	857336468529763151	17401	
1	C20H42O6	[M + H3N + H]+	C20H46NO6+	Fatty acids	0.963	Glycerolipids	0.553	Fatty alcohols	0.311	Organic oxygen compounds	1.000	Organooxygen compounds	1.000	Ethers	0.998	Dialkyl ethers	0.998	Polyethylene glycols	0.983	Organic compounds; Alcohols and polyols; Ethers; Primary alcohols; Organooxygen compounds; Dialkyl ethers; Polyethylene glycols; Hydrocarbon derivatives; Organic oxygen compounds; Chemical entities	396.332	897	14.954	857348441312148987	857336468584289108	857336468584289107	17396	
1	C14H30O3	[M + Na]+	C14H30NaO3+	Fatty acids	0.998	Fatty acyls	0.998	Fatty alcohols	0.999	Lipids and lipid-like molecules	0.779	Fatty Acyls	0.884	Fatty alcohols	0.906	Long-chain fatty alcohols	0.820	Long-chain fatty alcohols	0.820	Organic compounds; Lipids and lipid-like molecules; Alcohols and polyols; Primary alcohols; Organooxygen compounds; Fatty alcohols; Secondary alcohols; Long-chain fatty alcohols; Fatty Acyls; Hydrocarbon derivatives; Organic oxygen compounds; Chemical entities	269.209	900	15.006	857348437960900023	857336468634620760	857336468634620759	17463	
1	C14H30O3	[M + H]+	C14H31O3+	Fatty acids	0.983	Fatty acyls	0.670	Fatty alcohols	0.551	Organic oxygen compounds	1.000	Organooxygen compounds	1.000	Ethers	0.998	Dialkyl ethers	0.997	Polyethylene glycols	0.905	Organic compounds; Alcohols and polyols; Ethers; Primary alcohols; Organooxygen compounds; Dialkyl ethers; Polyethylene glycols; Hydrocarbon derivatives; Organic oxygen compounds; Chemical entities	247.227	901	15.011	857348438405496259	857336468689146716	857336468689146715	17468	
1	C16H35NOS	[M + K]+	C16H35KNOS+	Fatty acids	0.808	Fatty acyls	0.240	N-acyl amines	0.084	Organosulfur compounds	0.973	Sulfinyl compounds	0.567					Sulfinyl compounds	0.567	Organic compounds; Organosulfur compounds; Organonitrogen compounds; Sulfinyl compounds; Organic oxides; Hydrocarbon derivatives; Organopnictogen compounds; Organic oxygen compounds; Organic nitrogen compounds; Chemical entities	328.207	902	15.032	857348445183491660	857336468747866976	857336468743672671	17493	
1	C2H4OS	[M + K]+	C2H4KOS+	Fatty acids	0.955	Fatty acyls	0.626	Oxygenated hydrocarbons	0.107	Organosulfur compounds	0.993							Organosulfur compounds	0.993	Organic compounds; Organosulfur compounds; Organic acids and derivatives; Hydrocarbon derivatives; Organic oxygen compounds; Chemical entities	114.961	902	15.033	857348446164958813	857336468806587236	857336468806587235	17494	
1	C12H27O3PS	[M + H]+	C12H28O3PS+	Fatty acids	0.755	Monoterpenoids	0.082	Menthane monoterpenoids	0.012	Organic acids and derivatives	0.869	Organic dithiophosphoric acids and derivatives	0.384	Dithiophosphate O-esters	0.409	Phosphorodithioic acid O,O-diesters	0.522	Phosphorodithioic acid O,O-diesters	0.522	Organic compounds; Organic acids and derivatives; Organooxygen compounds; Organic thiophosphoric acids and derivatives; Thiophosphoric acid esters; Hydrocarbon derivatives; Organic oxygen compounds; Phosphorodithioic acid O,O-diesters; Chemical entities	283.149	902	15.033	857348447083511399	857336468865307496	857336468861113191	17496	
1	C5H12O2Si	[M + K]+	C5H12KO2Si+	Fatty acids	0.860	Fatty acyls	0.450	Halogenated fatty acids	0.709	Organic oxygen compounds	0.979	Organooxygen compounds	0.814					Organooxygen compounds	0.814	Organic compounds; Organooxygen compounds; Organic oxides; Hydrocarbon derivatives; Organic oxygen compounds; Chemical entities	171.024	902	15.034	857348449642036902	857336468924027756	857336468924027755	17500	
1	C9H20O2Si	[M + K]+	C9H20KO2Si+	Fatty acids	0.749	Monoterpenoids	0.638	Halogenated fatty acids	0.403	Organic oxygen compounds	0.956	Organooxygen compounds	0.831					Organooxygen compounds	0.831	Organic compounds; Organooxygen compounds; Organic oxides; Hydrocarbon derivatives; Organic oxygen compounds; Chemical entities	227.087	902	15.034	857348447196757617	857336468974359408	857336468974359407	17505	
1	C16H34O4	[M + H]+	C16H35O4+	Fatty acids	0.999	Fatty acyls	0.954	Fatty alcohols	0.982	Lipids and lipid-like molecules	0.681	Fatty Acyls	0.587					Fatty Acyls	0.587	Organic compounds; Lipids and lipid-like molecules; Alcohols and polyols; Ethers; Primary alcohols; Organooxygen compounds; Dialkyl ethers; Fatty Acyls; Hydrocarbon derivatives; Organic oxygen compounds; Chemical entities	291.253	903	15.050	857348445342875222	857336469024691060	857336469024691059	17536	
1	C14H37N7O2	[M + H]+	C14H38N7O2+	Alkaloids	0.358	Histidine alkaloids	0.213	Polyamines	0.271	Organoheterocyclic compounds	0.236	Azacyclic compounds	0.516					Azacyclic compounds	0.516	Organic compounds; Organonitrogen compounds; Organooxygen compounds; Amines; Organic oxides; Azacyclic compounds; Hydrocarbon derivatives; Organopnictogen compounds; Organic oxygen compounds; Organic nitrogen compounds; Chemical entities	336.311	903	15.050	857348452901011334	857336469075022712	857336469075022711	17532	
1	C16H34O4	[M + H3N + H]+	C16H38NO4+	Fatty acids	0.997	Fatty acyls	0.812	Fatty alcohols	0.900	Organic oxygen compounds	1.000	Organooxygen compounds	1.000	Ethers	0.943	Dialkyl ethers	0.954	Polyethylene glycols	0.713	Organic compounds; Lipids and lipid-like molecules; Alcohols and polyols; Ethers; Primary alcohols; Organooxygen compounds; Dialkyl ethers; Polyethylene glycols; Hydrocarbon derivatives; Organic oxygen compounds; Chemical entities	308.280	903	15.050	857348447658131067	857336469129548668	857336469129548667	17531	
1	C16H41N7O3	[M + H]+	C16H42N7O3+	Fatty acids	0.354	Pseudoalkaloids (transamidation)	0.116	Purine nucleosides	0.069	Organoheterocyclic compounds	0.416	Azoles	0.489	Imidazoles	0.544			Imidazoles	0.544	Organic compounds; Imidazoles; Alcohols and polyols; Organonitrogen compounds; Primary alcohols; Organooxygen compounds; Monoalkylamines; Amines; Primary amines; Azacyclic compounds; Hydrocarbon derivatives; Organopnictogen compounds; Organic oxygen compounds; Organic nitrogen compounds; Chemical entities	380.337	905	15.081	857348453823758223	857336469179880320	857336469179880319	17578	
1	C18H38O5	[M + H]+	C18H39O5+	Fatty acids	0.982	Glycerolipids	0.621	Fatty alcohols	0.436	Organic oxygen compounds	1.000	Organooxygen compounds	1.000	Ethers	0.997	Dialkyl ethers	0.997	Polyethylene glycols	0.965	Organic compounds; Alcohols and polyols; Ethers; Primary alcohols; Organooxygen compounds; Dialkyl ethers; Polyethylene glycols; Hydrocarbon derivatives; Organic oxygen compounds; Chemical entities	335.279	905	15.082	857348456604581785	857336469230211972	857336469230211971	17583	
1	C17H24O4	[M + H]+	C17H25O4+	Shikimates and Phenylpropanoids	0.430	Phenolic acids (C6-C1)	0.338	Simple phenolic acids	0.275	Benzenoids	0.999	Benzene and substituted derivatives	0.996	Benzoic acids and derivatives	0.996	Benzoic acid esters	0.983	Benzoic acid esters	0.983	Organic compounds; Benzoic acids and derivatives; Organic acids and derivatives; Carboxylic acids and derivatives; Benzoyl derivatives; Organooxygen compounds; Dicarboxylic acids and derivatives; Carboxylic acid derivatives; Carboxylic acid esters; Benzoic acid esters; Benzene and substituted derivatives; Benzenoids; Organic oxides; Hydrocarbon derivatives; Organic oxygen compounds; Chemical entities	293.175	905	15.086	857348465752358980	857336469288932232	857336469284737927	17562	
1	C17H24O3	[M + H]+	C17H25O3+	Terpenoids	0.802	Sesquiterpenoids	0.355	Simple cyclic polyketides	0.181	Lipids and lipid-like molecules	0.556							Lipids and lipid-like molecules	0.556	Organic compounds; Lipids and lipid-like molecules; Ketones; Organic acids and derivatives; Carboxylic acids and derivatives; Organooxygen compounds; Carboxylic acid derivatives; Monocarboxylic acids and derivatives; Carboxylic acid esters; Carbonyl compounds; Cyclic ketones; Organic oxides; Hydrocarbon derivatives; Organic oxygen compounds; Chemical entities	277.180	906	15.106	857348467862093990	857336469339263884	857336469339263883	17673	
1	C15H31NO2	[M + H]+	C15H32NO2+	Fatty acids	0.933	Fatty amides	0.628	N-acyl amines	0.200	Organic acids and derivatives	0.994	Carboxylic acids and derivatives	0.987	Amino acids, peptides, and analogues	0.938	Amino acids and derivatives	0.937	Alpha amino acids	0.544	Organic compounds; Amino acids, peptides, and analogues; Alpha amino acids and derivatives; Organic acids and derivatives; Carboxylic acids and derivatives; Organonitrogen compounds; Organooxygen compounds; Amino acids and derivatives; Monocarboxylic acids and derivatives; Carboxylic acids; Carbonyl compounds; Alpha amino acids; Amines; Organic oxides; Hydrocarbon derivatives; Organopnictogen compounds; Organic oxygen compounds; Organic nitrogen compounds; Chemical entities	258.243	908	15.131	857348467434274976	857336469393789840	857336469389595535	17657	
1	C15H32O3	[M + H]+	C15H33O3+	Fatty acids	0.998	Fatty acyls	0.947	Fatty alcohols	0.954	Lipids and lipid-like molecules	0.546							Lipids and lipid-like molecules	0.546	Organic compounds; Lipids and lipid-like molecules; Alcohols and polyols; Ethers; Primary alcohols; Organooxygen compounds; Dialkyl ethers; Hydrocarbon derivatives; Organic oxygen compounds; Chemical entities	261.243	909	15.147	857348467849511074	857336469444121492	857336469439927187	17683	
1	C17H24O4	[M + H]+	C17H25O4+	Shikimates and Phenylpropanoids	0.423	Phenolic acids (C6-C1)	0.325	Simple phenolic acids	0.257	Benzenoids	0.999	Benzene and substituted derivatives	0.996	Benzoic acids and derivatives	0.996	Benzoic acid esters	0.987	Benzoic acid esters	0.987	Organic compounds; Benzoic acids and derivatives; Organic acids and derivatives; Carboxylic acids and derivatives; Benzoyl derivatives; Organooxygen compounds; Dicarboxylic acids and derivatives; Carboxylic acid derivatives; Carboxylic acid esters; Benzoic acid esters; Benzene and substituted derivatives; Benzenoids; Organic oxides; Hydrocarbon derivatives; Organic oxygen compounds; Chemical entities	293.175	912	15.204	857348471855071452	857336469494453144	857336469494453143	17760	
1	C27H29NO6	[M + H]+	C27H30NO6+	Alkaloids	0.556	Tyrosine alkaloids	0.498	Phenylethylamines	0.132	Organic acids and derivatives	0.964	Carboxylic acids and derivatives	0.942	Amino acids, peptides, and analogues	0.552	Amino acids and derivatives	0.552	Amino acids and derivatives	0.552	Organic compounds; Amino acids, peptides, and analogues; Alkyl aryl ethers; Benzoic acids and derivatives; Ethers; Organic acids and derivatives; Carboxylic acids and derivatives; Organonitrogen compounds; Organooxygen compounds; Amino acids and derivatives; Carboxylic acid derivatives; Monocarboxylic acids and derivatives; Carbonyl compounds; Benzene and substituted derivatives; Phenol ethers; Benzenoids; Aralkylamines; Organic oxides; Hydrocarbon derivatives; Diphenylethers; Organopnictogen compounds; Organic oxygen compounds; Organic nitrogen compounds; Phenoxy compounds; Chemical entities	464.207	916	15.263	857348495833908826	857336469548979100	857336469548979099	17810	
1	C21H18O2	[M + K]+	C21H18KO2+	Shikimates and Phenylpropanoids	0.989	Stilbenoids	0.289	Monomeric stilbenes	0.153	Benzenoids	1.000	Benzene and substituted derivatives	0.997	Diphenylmethanes	0.618			Diphenylmethanes	0.618	Organic compounds; Alkyl aryl ethers; Ethers; Organooxygen compounds; Diphenylmethanes; Benzene and substituted derivatives; Phenol ethers; Benzenoids; Hydrocarbon derivatives; Organic oxygen compounds; Phenoxy compounds; Chemical entities	341.094	916	15.275	857348714709469982	857336469607699360	857336469603505055	17819	
1	C13H14O2	[M + H]+	C13H15O2+	Shikimates and Phenylpropanoids	0.808	Coumarins	0.374	Isocoumarins	0.117	Organic oxygen compounds	1.000	Organooxygen compounds	1.000	Carbonyl compounds	0.801	Ketones	0.697	Aryl alkyl ketones	0.550	Organic compounds; Organoheterocyclic compounds; Ketones; Alkyl aryl ethers; Ethers; Organooxygen compounds; Carbonyl compounds; Benzenoids; Aryl ketones; Aryl alkyl ketones; Organic oxides; Oxacyclic compounds; Hydrocarbon derivatives; Organic oxygen compounds; Chemical entities	203.107	920	15.330	857348725706935104	857336469666419620	857336469666419619	17899	
1	C11H12O	[M + H]+	C11H13O+	Shikimates and Phenylpropanoids	0.470	Phenylpropanoids (C6-C3)	0.777	Cinnamic acids and derivatives	0.775	Benzenoids	0.909	Benzene and substituted derivatives	0.557					Benzene and substituted derivatives	0.557	Organic compounds; Organooxygen compounds; Benzene and substituted derivatives; Benzenoids; Hydrocarbon derivatives; Organic oxygen compounds; Chemical entities	161.096	920	15.331	857348702726342340	857336469729334184	857336469729334183	17902	
1	C15H19NO3	[M + H]+	C15H20NO3+	Alkaloids	0.920	Tryptophan alkaloids	0.391	Simple indole alkaloids	0.106	Organic oxygen compounds	1.000	Organooxygen compounds	0.999	Ethers	0.694	Alkyl aryl ethers	0.723	Alkyl aryl ethers	0.723	Organic compounds; Organoheterocyclic compounds; Alkyl aryl ethers; Ethers; Organic acids and derivatives; Carboxylic acids and derivatives; Organonitrogen compounds; Organooxygen compounds; Benzenoids; Organic oxides; Azacyclic compounds; Oxacyclic compounds; Hydrocarbon derivatives; Organopnictogen compounds; Organic oxygen compounds; Organic nitrogen compounds; Chemical entities	262.144	920	15.332	857348711995755212	857336469788054444	857336469788054443	17904	
1	C17H24O3	[M + H]+	C17H25O3+	Terpenoids	0.974	Sesquiterpenoids	0.745	Humulane sesquiterpenoids	0.225	Lipids and lipid-like molecules	0.729	Prenol lipids	0.697					Prenol lipids	0.697	Organic compounds; Lipids and lipid-like molecules; Ketones; Prenol lipids; Organic acids and derivatives; Carboxylic acids and derivatives; Organooxygen compounds; Carboxylic acid derivatives; Monocarboxylic acids and derivatives; Carboxylic acid esters; Carbonyl compounds; Cyclic ketones; Organic oxides; Hydrocarbon derivatives; Organic oxygen compounds; Chemical entities	277.180	920	15.333	857348735802625642	857336469850969008	857336469850969007	17901	
1	C16H26O2	[M + H]+	C16H27O2+	Terpenoids	0.957	Sesquiterpenoids	0.574	Norlabdane diterpenoids	0.551	Lipids and lipid-like molecules	0.731	Prenol lipids	0.769					Prenol lipids	0.769	Organic compounds; Lipids and lipid-like molecules; Prenol lipids; Organic acids and derivatives; Carboxylic acids and derivatives; Organooxygen compounds; Carboxylic acid derivatives; Monocarboxylic acids and derivatives; Carboxylic acid esters; Carbonyl compounds; Organic oxides; Hydrocarbon derivatives; Organic oxygen compounds; Chemical entities	251.201	923	15.391	857348705096124271	857336469909689268	857336469909689267	17985	
1	C20H43N	[M + H]+	C20H44N+	Fatty acids	0.824	Pseudoalkaloids (transamidation)	0.154	Acetate-derived alkaloids	0.271	Organic nitrogen compounds	1.000	Organonitrogen compounds	1.000	Amines	0.978	Primary amines	0.835	Monoalkylamines	0.795	Organic compounds; Organonitrogen compounds; Monoalkylamines; Amines; Primary amines; Hydrocarbon derivatives; Organopnictogen compounds; Organic nitrogen compounds; Chemical entities	298.347	925	15.412	857348712578763549	857336469960020920	857336469960020919	18013	
1	C17H24O4	[M + H]+	C17H25O4+	Shikimates and Phenylpropanoids	0.536	Phenolic acids (C6-C1)	0.515	Simple phenolic acids	0.392	Benzenoids	0.999	Benzene and substituted derivatives	0.998	Benzoic acids and derivatives	0.997	Benzoic acid esters	0.982	Benzoic acid esters	0.982	Organic compounds; Benzoic acids and derivatives; Organic acids and derivatives; Carboxylic acids and derivatives; Benzoyl derivatives; Organooxygen compounds; Dicarboxylic acids and derivatives; Carboxylic acid derivatives; Carboxylic acid esters; Benzoic acid esters; Benzene and substituted derivatives; Benzenoids; Organic oxides; Hydrocarbon derivatives; Organic oxygen compounds; Chemical entities	293.175	927	15.446	857348727141387100	857336470014546876	857336470014546875	18062	
1	C19H20O4	[M + H]+	C19H21O4+	Shikimates and Phenylpropanoids	0.523	Phenolic acids (C6-C1)	0.193	Simple phenolic acids	0.217	Benzenoids	1.000	Benzene and substituted derivatives	1.000	Benzoic acids and derivatives	0.995	Benzoic acid esters	0.987	Benzoic acid esters	0.987	Organic compounds; Benzoic acids and derivatives; Organic acids and derivatives; Carboxylic acids and derivatives; Benzoyl derivatives; Organooxygen compounds; Dicarboxylic acids and derivatives; Carboxylic acid derivatives; Benzyloxycarbonyls; Carboxylic acid esters; Benzoic acid esters; Benzene and substituted derivatives; Benzenoids; Organic oxides; Hydrocarbon derivatives; Organic oxygen compounds; Chemical entities	313.143	927	15.453	857348728479370086	857336470069072832	857336470064878527	18030	
1	C17H32O2	[M + H]+	C17H33O2+	Fatty acids	0.673	Diterpenoids	0.655	Labdane diterpenoids	0.503	Lipids and lipid-like molecules	0.951	Fatty Acyls	0.781	Fatty acids and conjugates	0.630	Long-chain fatty acids	0.537	Long-chain fatty acids	0.537	Organic compounds; Lipids and lipid-like molecules; Fatty acids and conjugates; Organic acids and derivatives; Carboxylic acids and derivatives; Organooxygen compounds; Monocarboxylic acids and derivatives; Carboxylic acids; Carbonyl compounds; Long-chain fatty acids; Fatty Acyls; Organic oxides; Hydrocarbon derivatives; Organic oxygen compounds; Chemical entities	269.248	929	15.486	857348732824669799	857336470119404484	857336470119404483	18098	
1	C21H45N	[M + H]+	C21H46N+	Alkaloids	0.744	Pseudoalkaloids (transamidation)	0.115	Polyamines	0.105	Organic nitrogen compounds	1.000	Organonitrogen compounds	1.000	Quaternary ammonium salts	0.861			Quaternary ammonium salts	0.861	Organic compounds; Organonitrogen compounds; Quaternary ammonium salts; Amines; Organic cations; Organic salts; Hydrocarbon derivatives; Organopnictogen compounds; Organic nitrogen compounds; Chemical entities	312.362	930	15.498	857348727095249755	857336470169736136	857336470169736135	18109	
1	C16H22ClN2O5	[M + K]+	C16H22ClKN2O5+	Amino acids and Peptides	0.233	Small peptides	0.079	Simple phenolic acids	0.026	Organic acids and derivatives	0.992	Carboxylic acids and derivatives	0.984	Amino acids, peptides, and analogues	0.670	Amino acids and derivatives	0.671	Amino acids and derivatives	0.671	Organic compounds; Amino acids, peptides, and analogues; Halobenzenes; Benzoic acids and derivatives; Organic acids and derivatives; Carboxylic acids and derivatives; Organohalogen compounds; Organonitrogen compounds; Benzoyl derivatives; Organooxygen compounds; Amino acids and derivatives; Aryl chlorides; Carboxylic acid derivatives; Chlorobenzenes; Carboxylic acid esters; Organochlorides; Carbonyl compounds; Benzene and substituted derivatives; Benzenoids; Aryl halides; Organic oxides; Hydrocarbon derivatives; Organopnictogen compounds; Organic oxygen compounds; Organic nitrogen compounds; Chemical entities	396.086	934	15.572	857348788818628251	857336470224262092	857336470224262091	18283	
1	C21H27NO4	[M + H]+	C21H28NO4+	Alkaloids	0.801	Tyrosine alkaloids	0.310	Tropane alkaloids	0.104	Organic acids and derivatives	0.990	Carboxylic acids and derivatives	0.988	Amino acids, peptides, and analogues	0.736	Amino acids and derivatives	0.737	Amino acids and derivatives	0.737	Organic compounds; Amino acids, peptides, and analogues; Benzoic acids and derivatives; Benzamides; Phenylmethylamines; Ethers; Organic acids and derivatives; Carboxylic acids and derivatives; Organonitrogen compounds; Benzoyl derivatives; Organooxygen compounds; Amino acids and derivatives; Carboxylic acid amides; Carboxylic acid derivatives; Monocarboxylic acids and derivatives; Carboxylic acid esters; Benzoic acid esters; Benzene and substituted derivatives; Benzenoids; Amines; Benzylamines; Aralkylamines; Organic oxides; Hydrocarbon derivatives; Organopnictogen compounds; Organic oxygen compounds; Organic nitrogen compounds; Chemical entities	358.201	935	15.589	857348750235225735	857336470278788048	857336470278788047	18293	
1	C7H6	[M + H]+	C7H7+	Fatty acids	0.666	Fatty acyls	0.769	Cinnamic acids and derivatives	0.264	Benzenoids	0.817	Benzene and substituted derivatives	0.518					Benzene and substituted derivatives	0.518	Organic compounds; Benzene and substituted derivatives; Benzenoids; Hydrocarbons; Acetylenes; Unsaturated hydrocarbons; Aromatic hydrocarbons; Chemical entities	91.054	936	15.595	857348742681284226	857336470329119700	857336470329119699	18299	
1	C14H21ClN4O2	[M + H]+	C14H22ClN4O2+	Amino acids and Peptides	0.538	Small peptides	0.340	Tripeptides	0.085	Organic acids and derivatives	0.890	Carboxylic acids and derivatives	0.753	Amino acids, peptides, and analogues	0.649	Amino acids and derivatives	0.647	Amino acids and derivatives	0.647	Organic compounds; Organoheterocyclic compounds; Amino acids, peptides, and analogues; Organic acids and derivatives; Carboxylic acids and derivatives; Organohalogen compounds; Organonitrogen compounds; Organooxygen compounds; Amino acids and derivatives; Aryl chlorides; Carboxylic acid derivatives; Organochlorides; Carbonyl compounds; Benzene and substituted derivatives; Benzenoids; Amines; Aryl halides; Organic oxides; Azacyclic compounds; Heteroaromatic compounds; Hydrocarbon derivatives; Organopnictogen compounds; Organic oxygen compounds; Organic nitrogen compounds; Chemical entities	313.143	936	15.597	857348758858714769	857336470559806424	857336470555612119	18301	
1	C2H4O2	[M + K]+	C2H4KO2+	Fatty acids	0.928	Fatty acyls	0.790	Fatty alcohols	0.374	Organic oxygen compounds	0.990	Organooxygen compounds	0.941	Carbonyl compounds	0.249	Aldehydes	0.131	Short-chain aldehydes	0.609	Organic compounds; Alcohols and polyols; Organooxygen compounds; Short-chain aldehydes; Hydrocarbon derivatives; Organic oxygen compounds; Chemical entities	98.984	941	15.686	857348973040848719	857336470618526684	857336470614332379	18367	
1	C18H24O2	[M + H]+	C18H25O2+	Terpenoids	0.972	Sesquiterpenoids	0.650	Serrulatane and Biflorane diterpenoids	0.095	Benzenoids	0.959							Benzenoids	0.959	Organic compounds; Organic acids and derivatives; Carboxylic acids and derivatives; Organooxygen compounds; Carboxylic acid derivatives; Carboxylic acid esters; Benzenoids; Organic oxides; Oxacyclic compounds; Hydrocarbon derivatives; Organic oxygen compounds; Chemical entities	273.185	943	15.722	857348982121519107	857336470677246944	857336470677246943	18470	
1	C18H32O7	[M + Na]+	C18H32NaO7+	Terpenoids	0.391	Monoterpenoids	0.516	Iridoids monoterpenoids	0.552	Lipids and lipid-like molecules	0.927	Fatty Acyls	0.902	Fatty acid esters	0.941			Fatty acid esters	0.941	Organic compounds; Lipids and lipid-like molecules; Alcohols and polyols; Organic acids and derivatives; Carboxylic acids and derivatives; Organooxygen compounds; Fatty acid esters; Carboxylic acid derivatives; Carboxylic acid esters; Secondary alcohols; Carbonyl compounds; Fatty Acyls; Organic oxides; Hydrocarbon derivatives; Organic oxygen compounds; Chemical entities	383.204	950	15.839	857348977860105113	857336470731772900	857336470727578595	18592	
1	C18H32O7	[M + H]+	C18H33O7+	Fatty acids	0.700	Fatty esters	0.327	Dicarboxylic acids	0.069	Organic acids and derivatives	1.000	Carboxylic acids and derivatives	1.000	Tricarboxylic acids and derivatives	0.568			Tricarboxylic acids and derivatives	0.568	Organic compounds; Lipids and lipid-like molecules; Organic acids and derivatives; Carboxylic acids and derivatives; Organooxygen compounds; Fatty acid esters; Carboxylic acid derivatives; Carboxylic acid esters; Carbonyl compounds; Tricarboxylic acids and derivatives; Fatty Acyls; Organic oxides; Hydrocarbon derivatives; Organic oxygen compounds; Chemical entities	361.222	951	15.842	857348977776218910	857336470782104552	857336470782104551	18603	
1	C20H39NO7	[M + H]+	C20H40NO7+	Fatty acids	0.712	Fatty amides	0.383	N-acyl amines	0.239	Organic acids and derivatives	0.994	Carboxylic acids and derivatives	0.984	Amino acids, peptides, and analogues	0.581	Amino acids and derivatives	0.577	Amino acids and derivatives	0.577	Organic compounds; Lipids and lipid-like molecules; Amino acids, peptides, and analogues; Alcohols and polyols; Organic acids and derivatives; Carboxylic acids and derivatives; Organonitrogen compounds; Organooxygen compounds; Fatty acid esters; Fatty amides; Amino acids and derivatives; Carboxylic acid amides; Carboxylic acid derivatives; N-acyl amines; Carboxylic acid esters; Secondary alcohols; Secondary carboxylic acid amides; Carbonyl compounds; Fatty Acyls; Organic oxides; Hydrocarbon derivatives; Organopnictogen compounds; Organic oxygen compounds; Organic nitrogen compounds; Chemical entities	406.280	951	15.843	857348977860105123	857336470832436204	857336470832436203	18606	
1	C13H27NO	[M + H]+	C13H28NO+	Fatty acids	0.987	Fatty amides	0.894	Primary amides	0.526	Organic nitrogen compounds	1.000	Organonitrogen compounds	1.000	Amines	0.623			Amines	0.623	Organic compounds; Organonitrogen compounds; Organooxygen compounds; Carbonyl compounds; Amines; Organic oxides; Hydrocarbon derivatives; Organopnictogen compounds; Organic oxygen compounds; Organic nitrogen compounds; Chemical entities	214.217	953	15.890	857348975939112814	857336470886962160	857336470882767855	18668	
1	C17H36O4	[M + H]+	C17H37O4+	Fatty acids	1.000	Glycerolipids	0.977	Fatty alcohols	0.943	Lipids and lipid-like molecules	0.745	Glycerolipids	0.697	Glycerol ethers	0.548			Glycerol ethers	0.548	Organic compounds; Lipids and lipid-like molecules; Alcohols and polyols; Glycerolipids; Ethers; Primary alcohols; Organooxygen compounds; Dialkyl ethers; Secondary alcohols; Glycerol ethers; Fatty Acyls; Hydrocarbon derivatives; Organic oxygen compounds; Chemical entities	305.269	960	15.996	857348977910436781	857336470937293812	857336470933099507	18791	
1	C20H39N5	[M + H]+	C20H40N5+	Alkaloids	0.933	Histidine alkaloids	0.349	Imidazole alkaloids	0.353	Organoheterocyclic compounds	0.997	Azoles	0.782					Azoles	0.782	Organic compounds; Organoheterocyclic compounds; Organonitrogen compounds; Azoles; Amines; Azacyclic compounds; Heteroaromatic compounds; Hydrocarbon derivatives; Organopnictogen compounds; Organic nitrogen compounds; Chemical entities	350.326	960	16.001	857348993156733375	857336470991819768	857336470991819767	18794	
1	C16H14O	[M + H]+	C16H15O+	Shikimates and Phenylpropanoids	0.654	Naphthalenes	0.242	Neolignans	0.267	Benzenoids	0.997	Naphthalenes	0.565					Naphthalenes	0.565	Organic compounds; Naphthalenes; Anisoles; Organooxygen compounds; Phenol ethers; Benzenoids; Hydrocarbon derivatives; Organic oxygen compounds; Chemical entities	223.112	960	16.001	857349000115083898	857336471042151420	857336471042151419	18811	
1	C15H32O3	[M + H]+	C15H33O3+	Fatty acids	0.998	Fatty acyls	0.958	Fatty alcohols	0.970	Lipids and lipid-like molecules	0.574							Lipids and lipid-like molecules	0.574	Organic compounds; Lipids and lipid-like molecules; Alcohols and polyols; Ethers; Primary alcohols; Organooxygen compounds; Dialkyl ethers; Hydrocarbon derivatives; Organic oxygen compounds; Chemical entities	261.243	971	16.182	857348986491984268	857336471092483072	857336471092483071	19072	
1	C17H36O4	[M + H]+	C17H37O4+	Fatty acids	1.000	Glycerolipids	0.938	Fatty alcohols	0.956	Lipids and lipid-like molecules	0.713	Fatty Acyls	0.542					Fatty Acyls	0.542	Organic compounds; Lipids and lipid-like molecules; Alcohols and polyols; Ethers; Primary alcohols; Organooxygen compounds; Dialkyl ethers; Fatty Acyls; Hydrocarbon derivatives; Organic oxygen compounds; Chemical entities	305.269	972	16.197	857348990413658531	857336471142814724	857336471142814723	19117	
1	C17H41N4O3	[M + H]+	C17H42N4O3+	Fatty acids	0.352	Small peptides	0.452	Imidazole alkaloids	0.190	Organic acids and derivatives	0.924	Carboxylic acids and derivatives	0.859	Amino acids, peptides, and analogues	0.766	Amino acids and derivatives	0.761	Alpha amino acids and derivatives	0.650	Organic compounds; Organoheterocyclic compounds; Amino acids, peptides, and analogues; Alpha amino acids and derivatives; Organic acids and derivatives; Carboxylic acids and derivatives; Organonitrogen compounds; Organooxygen compounds; Amino acids and derivatives; Azoles; Carboxylic acid derivatives; Carbonyl compounds; Amines; Primary amines; Organic oxides; Azacyclic compounds; Heteroaromatic compounds; Hydrocarbon derivatives; Organopnictogen compounds; Organic oxygen compounds; Organic nitrogen compounds; Chemical entities	350.327	972	16.198	857348991005055405	857336471197340680	857336471193146375	19118	
1	C23H40N2O6	[M + H]+	C23H41N2O6+	Amino acids and Peptides	0.795	Small peptides	0.300	Dipeptides	0.086	Organic acids and derivatives	0.998	Carboxylic acids and derivatives	0.994	Amino acids, peptides, and analogues	0.775	Amino acids and derivatives	0.766	Alpha amino acids and derivatives	0.661	Organic compounds; Lipids and lipid-like molecules; Amino acids, peptides, and analogues; Alpha amino acids and derivatives; Organic acids and derivatives; Carboxylic acids and derivatives; Organonitrogen compounds; Organooxygen compounds; Fatty amides; Amino acids and derivatives; Carboxylic acid amides; Carboxylic acid derivatives; N-acyl amines; Monocarboxylic acids and derivatives; Carboxylic acids; Secondary carboxylic acid amides; Carbonyl compounds; Fatty Acyls; Organic oxides; Hydrocarbon derivatives; Organopnictogen compounds; Organic oxygen compounds; Organic nitrogen compounds; Chemical entities	441.295	973	16.214	857348988056459673	857336471247672332	857336471247672331	19173	
1	C18H36O5	[M + H3N + H]+	C18H40NO5+	Fatty acids	0.968	Fatty Acids and Conjugates	0.368	Fatty alcohols	0.446	Lipids and lipid-like molecules	0.886	Fatty Acyls	0.867	Fatty acid esters	0.552			Fatty acid esters	0.552	Organic compounds; Lipids and lipid-like molecules; Alcohols and polyols; Ethers; Organic acids and derivatives; Carboxylic acids and derivatives; Organooxygen compounds; Fatty acid esters; Carboxylic acid derivatives; Monocarboxylic acids and derivatives; Dialkyl ethers; Carboxylic acid esters; Secondary alcohols; Carbonyl compounds; Fatty Acyls; Organic oxides; Hydrocarbon derivatives; Organic oxygen compounds; Chemical entities	350.290	977	16.291	857348988010322319	857336471423833112	857336471423833111	19285	
1	C18H36O5	[M + H]+	C18H37O5+	Fatty acids	0.996	Fatty Acids and Conjugates	0.745	Hydroxy fatty acids	0.564	Lipids and lipid-like molecules	0.956	Fatty Acyls	0.956	Fatty acids and conjugates	0.678	Long-chain fatty acids	0.654	Long-chain fatty acids	0.654	Organic compounds; Lipids and lipid-like molecules; Alcohols and polyols; Fatty acids and conjugates; Organic acids and derivatives; Carboxylic acids and derivatives; Organooxygen compounds; Monocarboxylic acids and derivatives; Carboxylic acids; Secondary alcohols; Carbonyl compounds; Long-chain fatty acids; Fatty Acyls; Organic oxides; Hydrocarbon derivatives; Organic oxygen compounds; Chemical entities	333.264	978	16.296	857348997111962062	857336471474164764	857336471474164763	19292	
1	C16H32O4	[M + H]+	C16H33O4+	Fatty acids	0.978	Fatty Acids and Conjugates	0.798	Fatty alcohols	0.256	Lipids and lipid-like molecules	0.816	Fatty Acyls	0.808					Fatty Acyls	0.808	Organic compounds; Lipids and lipid-like molecules; Ethers; Organic acids and derivatives; Carboxylic acids and derivatives; Organooxygen compounds; Monocarboxylic acids and derivatives; Dialkyl ethers; Carboxylic acids; Carbonyl compounds; Fatty Acyls; Organic oxides; Hydrocarbon derivatives; Organic oxygen compounds; Chemical entities	289.237	979	16.321	857348992129128885	857336471532885024	857336471532885023	19322	
1	C16H32O4	[M + Na]+	C16H32NaO4+	Fatty acids	0.946	Fatty acyls	0.329	Fatty alcohols	0.427	Lipids and lipid-like molecules	0.830	Fatty Acyls	0.806					Fatty Acyls	0.806	Organic compounds; Lipids and lipid-like molecules; Alcohols and polyols; Organic acids and derivatives; Carboxylic acids and derivatives; Organooxygen compounds; Carboxylic acid derivatives; Monocarboxylic acids and derivatives; Carboxylic acid esters; Secondary alcohols; Carbonyl compounds; Fatty Acyls; Organic oxides; Hydrocarbon derivatives; Organic oxygen compounds; Chemical entities	311.219	979	16.322	857349024622409426	857336471587410980	857336471587410979	19314	
1	C10H23N6	[M + H]+	C10H24N6+	Alkaloids	0.892	Guanidine alkaloids	0.139	Tricyclic guanidine alkaloids	0.055	Organoheterocyclic compounds	0.917	Triazines	0.635	Aminotriazines	0.577	N-aliphatic s-triazines	0.528	N-aliphatic s-triazines	0.528	Organic compounds; Organoheterocyclic compounds; Triazines; Organonitrogen compounds; Aminotriazines; Amines; N-aliphatic s-triazines; 1,3,5-triazines; Azacyclic compounds; Heteroaromatic compounds; Hydrocarbon derivatives; Organopnictogen compounds; Organic nitrogen compounds; Chemical entities	228.204	980	16.329	857349025087977419	857336471650325544	857336471650325543	19312	
1	C39H72O13	[M + H]+	C39H73O13+	Terpenoids	0.913	Steroids	0.638	Cardenolides	0.486	Lipids and lipid-like molecules	0.899	Steroids and steroid derivatives	0.875	Steroidal glycosides	0.831			Steroidal glycosides	0.831	Organic compounds; Organoheterocyclic compounds; Carbohydrates and carbohydrate conjugates; Lipids and lipid-like molecules; Alcohols and polyols; Ethers; Steroids and steroid derivatives; Organic acids and derivatives; Carboxylic acids and derivatives; Primary alcohols; Organooxygen compounds; Steroidal glycosides; Cyclic alcohols and derivatives; Hydroxysteroids; Monosaccharides; Acetals; Secondary alcohols; Carbonyl compounds; Oxanes; Glycosyl compounds; O-glycosyl compounds; Polyols; Organic oxides; Oxacyclic compounds; Hydrocarbon derivatives; Organic oxygen compounds; Chemical entities	749.504	980	16.331	857349119774392008	857336471704851500	857336471704851499	19333	
1	C14H26O2	[M + H]+	C14H27O2+	Fatty acids	0.975	Fatty Acids and Conjugates	0.938	Branched fatty acids	0.610	Lipids and lipid-like molecules	0.842	Fatty Acyls	0.798	Fatty acids and conjugates	0.792	Branched fatty acids	0.541	Branched fatty acids	0.541	Organic compounds; Lipids and lipid-like molecules; Fatty acids and conjugates; Organic acids and derivatives; Carboxylic acids and derivatives; Organooxygen compounds; Branched fatty acids; Monocarboxylic acids and derivatives; Carboxylic acids; Carbonyl compounds; Fatty Acyls; Organic oxides; Hydrocarbon derivatives; Organic oxygen compounds; Chemical entities	227.201	981	16.348	857349114682506950	857336471763571760	857336471763571759	19437	
1	C19H38O4	[M - H2O + H]+	C19H37O3+	Fatty acids	1.000	Glycerolipids	0.861	Monoacylglycerols	0.937	Lipids and lipid-like molecules	0.998	Fatty Acyls	0.994	Fatty alcohols	0.724	Long-chain fatty alcohols	0.638	Long-chain fatty alcohols	0.638	Organic compounds; Lipids and lipid-like molecules; Alcohols and polyols; Glycerolipids; Organic acids and derivatives; Carboxylic acids and derivatives; Primary alcohols; Organooxygen compounds; Fatty acid esters; Carboxylic acid derivatives; Monoacylglycerols; Monocarboxylic acids and derivatives; Carboxylic acid esters; Fatty alcohols; 1-monoacylglycerols; Secondary alcohols; Fatty alcohol esters; Carbonyl compounds; Polyols; 1,2-diols; Long-chain fatty alcohols; Monoradylglycerols; Fatty Acyls; Organic oxides; Hydrocarbon derivatives; Organic oxygen compounds; Chemical entities	313.274	981	16.353	857349024890844892	857336471813903412	857336471813903411	19366	
1	C22H24FN3O4	[M + H]+	C22H25FN3O4+	Alkaloids	0.810	Anthranilic acid alkaloids	0.347	Acridone alkaloids	0.192	Benzenoids	0.991	Phenol ethers	0.691					Phenol ethers	0.691	Organic compounds; Organoheterocyclic compounds; Halobenzenes; Lactams; Ethers; Organic acids and derivatives; Carboxylic acids and derivatives; Organohalogen compounds; Organonitrogen compounds; Organooxygen compounds; Carboxylic acid amides; Aryl fluorides; Carboxylic acid derivatives; Fluorobenzenes; Organofluorides; Benzene and substituted derivatives; Phenol ethers; Benzenoids; Aryl halides; Organic oxides; Azacyclic compounds; Heteroaromatic compounds; Hydrocarbon derivatives; Organopnictogen compounds; Organic oxygen compounds; Organic nitrogen compounds; Phenoxy compounds; Chemical entities	414.183	993	16.556	857349147251277522	857336471868429368	857336471868429367	19610	
1	C22H21ClO3	[M + H]+	C22H22ClO3+	Shikimates and Phenylpropanoids	0.550	Flavonoids	0.055	Chalcones	0.065	Benzenoids	1.000	Benzene and substituted derivatives	0.995	Diphenylmethanes	0.763			Diphenylmethanes	0.763	Organic compounds; Halobenzenes; Alkyl aryl ethers; Ethers; Organic acids and derivatives; Carboxylic acids and derivatives; Organohalogen compounds; Organooxygen compounds; Diphenylmethanes; Phenoxyacetic acid derivatives; Aryl chlorides; Carboxylic acid derivatives; Chlorobenzenes; Monocarboxylic acids and derivatives; Carboxylic acid esters; Organochlorides; Carbonyl compounds; Benzene and substituted derivatives; Phenol ethers; Benzenoids; Aryl halides; Organic oxides; Hydrocarbon derivatives; Organic oxygen compounds; Phenoxy compounds; Chemical entities	369.125	994	16.558	857349077533556412	857336471918761020	857336471918761019	19614	
1	C21H36O4	[M + H3N + H]+	C21H40NO4+	Terpenoids	0.761	Sesquiterpenoids	0.398	Bisabolane sesquiterpenoids	0.185	Benzenoids	0.644	Benzene and substituted derivatives	0.521					Benzene and substituted derivatives	0.521	Organic compounds; Lipids and lipid-like molecules; Alcohols and polyols; Organic acids and derivatives; Carboxylic acids and derivatives; Primary alcohols; Organooxygen compounds; Carboxylic acid derivatives; Carboxylic acid esters; Carbonyl compounds; Benzene and substituted derivatives; Benzenoids; Organic oxides; Hydrocarbon derivatives; Organic oxygen compounds; Chemical entities	370.295	997	16.615	857349497681183455	857336471969092672	857336471969092671	19701	
1	C23H40O5	[M + H]+	C23H41O5+	Terpenoids	0.768	Sesquiterpenoids	0.361	Bisabolane sesquiterpenoids	0.146	Lipids and lipid-like molecules	0.818	Fatty Acyls	0.679	Fatty acid esters	0.623			Fatty acid esters	0.623	Organic compounds; Lipids and lipid-like molecules; Alcohols and polyols; Ethers; Organic acids and derivatives; Carboxylic acids and derivatives; Primary alcohols; Organooxygen compounds; Fatty acid esters; Carboxylic acid derivatives; Carboxylic acid esters; Carbonyl compounds; Benzene and substituted derivatives; Benzenoids; Fatty Acyls; Organic oxides; Hydrocarbon derivatives; Organic oxygen compounds; Chemical entities	397.295	997	16.616	857349503960056557	857336472015230020	857336472015230019	19695	
1	C23H40O5	[M + H3N + H]+	C23H44NO5+	Terpenoids	0.582	Glycerolipids	0.272	Bisabolane sesquiterpenoids	0.157	Benzenoids	0.790	Benzene and substituted derivatives	0.648					Benzene and substituted derivatives	0.648	Organic compounds; Lipids and lipid-like molecules; Alcohols and polyols; Ethers; Organic acids and derivatives; Carboxylic acids and derivatives; Primary alcohols; Organooxygen compounds; Carboxylic acid derivatives; Dialkyl ethers; Carboxylic acid esters; Carbonyl compounds; Benzene and substituted derivatives; Benzenoids; Fatty Acyls; Organic oxides; Hydrocarbon derivatives; Organic oxygen compounds; Chemical entities	414.321	997	16.620	857349508145971970	857336472061367368	857336472061367367	19702	
1	C20H28O5	[M + H]+	C20H29O5+	Polyketides	0.417	Cyclic polyketides	0.209	Phthalide derivatives	0.037	Benzenoids	0.984	Benzene and substituted derivatives	0.876	Benzoic acids and derivatives	0.895	Benzoic acid esters	0.831	Benzoic acid esters	0.831	Organic compounds; Benzoic acids and derivatives; Organic acids and derivatives; Carboxylic acids and derivatives; Benzoyl derivatives; Organooxygen compounds; Dicarboxylic acids and derivatives; Carboxylic acid derivatives; Carboxylic acid esters; Benzoic acid esters; Benzene and substituted derivatives; Benzenoids; Organic oxides; Hydrocarbon derivatives; Organic oxygen compounds; Chemical entities	349.201	1008	16.807	857349508087251704	857336472111699020	857336472111699019	19916	
1	C22H21ClO3	[M + H]+	C22H22ClO3+	Shikimates and Phenylpropanoids	0.305	Sesquiterpenoids	0.116	Chalcones	0.124	Benzenoids	1.000	Benzene and substituted derivatives	0.997	Phenylpropanes	0.614			Phenylpropanes	0.614	Organic compounds; Alkyl aryl ethers; Ethers; Organohalogen compounds; Organooxygen compounds; Aryl chlorides; Toluenes; Monocarboxylic acids and derivatives; Organochlorides; Benzene and substituted derivatives; Phenol ethers; Benzenoids; Phenylpropanes; Aryl halides; Organic oxides; Hydrocarbon derivatives; Organic oxygen compounds; Phenoxy compounds; Chemical entities	369.125	1009	16.812	857349524780583980	857336472157836368	857336472157836367	19920	
1	CH4O2Si	[M + K]+	CH4KO2Si+	Fatty acids	0.584	Fatty acyls	0.106	Halogenated fatty acids	0.495	Hydrocarbon derivatives	1.000							Hydrocarbon derivatives	1.000	Organic compounds; Organic acids and derivatives; Organic oxides; Hydrocarbon derivatives; Organic oxygen compounds; Chemical entities	114.961	1016	16.931	857349502835983081	857336472212362324	857336472212362323	20080	
1	C21H35NS	[M + Na]+	C21H35NNaS+	Alkaloids	0.773	Pseudoalkaloids (transamidation)	0.483	Phenylalanine-derived alkaloids	0.268	Organic nitrogen compounds	0.990	Organonitrogen compounds	0.993	Amines	0.897	Tertiary amines	0.693	Trialkylamines	0.609	Organic compounds; Organosulfur compounds; Organonitrogen compounds; Thioethers; Trialkylamines; Amines; Tertiary amines; Sulfenyl compounds; Hydrocarbon derivatives; Organopnictogen compounds; Organic nitrogen compounds; Chemical entities	356.238	1016	16.935	857349510192792699	857336472266888280	857336472266888279	20086	
1	C16H32OS	[M + K]+	C16H32KOS+	Fatty acids	0.567	Fatty acyls	0.403	Monocyclic monoterpenoids	0.175	Organosulfur compounds	0.972	Sulfenyl compounds	0.512					Sulfenyl compounds	0.512	Organic compounds; Organosulfur compounds; Sulfenyl compounds; Organic oxides; Hydrocarbon derivatives; Organic oxygen compounds; Chemical entities	311.180	1016	16.937	857349521261561386	857336472317219932	857336472317219931	20092	
1	C17H16O	[M + H]+	C17H17O+	Shikimates and Phenylpropanoids	0.229	Naphthalenes	0.338	Naphthoquinones	0.165	Benzenoids	0.998	Phenanthrenes and derivatives	0.558					Phenanthrenes and derivatives	0.558	Organic compounds; Naphthalenes; Phenanthrenes and derivatives; Ketones; Alkyl aryl ethers; Anisoles; Ethers; Organooxygen compounds; Carbonyl compounds; Phenol ethers; Benzenoids; Organic oxides; Hydrocarbon derivatives; Organic oxygen compounds; Chemical entities	237.127	1017	16.956	857349522696013364	857336472367551584	857336472367551583	20119	
1	C21H41N5	[M + H]+	C21H42N5+	Alkaloids	0.962	Histidine alkaloids	0.228	Imidazole alkaloids	0.231	Organoheterocyclic compounds	0.996	Triazines	0.726	Aminotriazines	0.693	N-aliphatic s-triazines	0.611	N-aliphatic s-triazines	0.611	Organic compounds; Organoheterocyclic compounds; Triazines; Organonitrogen compounds; Aminotriazines; Amines; N-aliphatic s-triazines; 1,3,5-triazines; Azacyclic compounds; Heteroaromatic compounds; Hydrocarbon derivatives; Organopnictogen compounds; Organic nitrogen compounds; Chemical entities	364.342	1018	16.974	857349521244784162	857336472422077540	857336472417883235	20256	
1	C36H74O13	[M + H]+	C36H75O13+	Terpenoids	0.969	Triterpenoids	0.860	Oleanane triterpenoids	0.302	Lipids and lipid-like molecules	0.957	Prenol lipids	0.857	Terpene glycosides	0.488	Triterpene glycosides	0.511	Triterpene saponins	0.511	Organic compounds; Organoheterocyclic compounds; Carbohydrates and carbohydrate conjugates; Lipids and lipid-like molecules; Alcohols and polyols; Ethers; Prenol lipids; Organic acids and derivatives; Primary alcohols; Organooxygen compounds; Monosaccharides; Triterpenoids; Triterpene glycosides; Acetals; Secondary alcohols; Oxanes; Glycosyl compounds; O-glycosyl compounds; Polyols; Triterpene saponins; Oxacyclic compounds; Hydrocarbon derivatives; Organic oxygen compounds; Chemical entities	715.520	1019	16.978	857349761775539851	857336472468214888	857336472468214887	20148	
1	C17H36O3	[M + H]+	C17H37O3+	Fatty acids	1.000	Fatty acyls	0.996	Fatty alcohols	0.999	Lipids and lipid-like molecules	0.871	Fatty Acyls	0.900	Fatty alcohols	0.891	Long-chain fatty alcohols	0.757	Long-chain fatty alcohols	0.757	Organic compounds; Lipids and lipid-like molecules; Alcohols and polyols; Primary alcohols; Organooxygen compounds; Fatty alcohols; Secondary alcohols; Long-chain fatty alcohols; Fatty Acyls; Hydrocarbon derivatives; Organic oxygen compounds; Chemical entities	289.274	1024	17.064	857349779630691990	857336472518546540	857336472518546539	20281	
1	C18H38O4	[M + H]+	C18H39O4+	Fatty acids	1.000	Glycerolipids	0.992	Monoacylglycerols	0.926	Lipids and lipid-like molecules	0.939	Glycerolipids	0.900	Monoradylglycerols	0.715			Monoradylglycerols	0.715	Organic compounds; Lipids and lipid-like molecules; Alcohols and polyols; Glycerolipids; Organic acids and derivatives; Primary alcohols; Organooxygen compounds; Carboxylic acid derivatives; Carboxylic acid esters; Secondary alcohols; Monoradylglycerols; Fatty Acyls; Organic oxides; Hydrocarbon derivatives; Organic oxygen compounds; Chemical entities	319.284	1024	17.075	857349781530711707	857336472577266800	857336472573072495	20296	
1	C14H32Si	[M + H]+	C14H33Si+	Fatty acids	0.998	Fatty acyls	1.000	Hydrocarbons	0.986	Hydrocarbons	0.225	Saturated hydrocarbons	0.896	Alkanes	0.914	Branched alkanes	0.884	Branched alkanes	0.884	Organic compounds; Alkanes; Hydrocarbon derivatives; Saturated hydrocarbons; Branched alkanes; Chemical entities	229.236	1028	17.126	857349812593738373	857336472627598452	857336472627598451	20360	
1	C14H29NO	[M + H]+	C14H30NO+	Fatty acids	0.990	Spingolipids	0.952	Sphingoid bases	0.993	Organic nitrogen compounds	1.000	Organonitrogen compounds	1.000	Amines	0.993	Alkanolamines	0.884	1,2-aminoalcohols	0.871	Organic compounds; Alcohols and polyols; Organonitrogen compounds; Primary alcohols; Organooxygen compounds; Monoalkylamines; Secondary alcohols; 1,2-aminoalcohols; Amines; Primary amines; Alkanolamines; Hydrocarbon derivatives; Organopnictogen compounds; Organic oxygen compounds; Organic nitrogen compounds; Chemical entities	228.232	1028	17.127	857349811415138073	857336472682124408	857336472682124407	20352	
1	C16H24O7	[M + H]+	C16H25O7+	Fatty acids	0.590	Phenolic acids (C6-C1)	0.335	Shikimic acids and derivatives	0.130	Organic acids and derivatives	0.999	Carboxylic acids and derivatives	0.999	Tricarboxylic acids and derivatives	0.513			Tricarboxylic acids and derivatives	0.513	Organic compounds; Lipids and lipid-like molecules; Alcohols and polyols; Organic acids and derivatives; Carboxylic acids and derivatives; Organooxygen compounds; Fatty acid esters; Dicarboxylic acids and derivatives; Carboxylic acid derivatives; Carboxylic acid esters; Tertiary alcohols; Carbonyl compounds; Tricarboxylic acids and derivatives; Fatty Acyls; Organic oxides; Hydrocarbon derivatives; Organic oxygen compounds; Chemical entities	329.159	1029	17.156	857349834177627844	857336472736650364	857336472736650363	20412	
1	C22H41NO8	[M + H]+	C22H42NO8+	Fatty acids	0.807	Small peptides	0.160	N-acyl amines	0.099	Organic acids and derivatives	1.000	Carboxylic acids and derivatives	1.000	Amino acids, peptides, and analogues	0.976	Amino acids and derivatives	0.975	N-acyl-alpha amino acids and derivatives	0.711	Organic compounds; Lipids and lipid-like molecules; Amino acids, peptides, and analogues; Alpha amino acids and derivatives; Organic acids and derivatives; Carboxylic acids and derivatives; Organonitrogen compounds; Organooxygen compounds; Fatty acid esters; Dicarboxylic acids and derivatives; Amino acids and derivatives; Carboxylic acid amides; Carboxylic acid derivatives; N-acyl-alpha amino acids and derivatives; Carboxylic acid esters; Secondary carboxylic acid amides; Carbonyl compounds; Fatty Acyls; Organic oxides; Hydrocarbon derivatives; Organopnictogen compounds; Organic oxygen compounds; Organic nitrogen compounds; Chemical entities	448.291	1029	17.156	857349812723762151	857336472786982016	857336472786982015	20399	
1	C20H34O8	[M + Na]+	C20H34NaO8+	Fatty acids	0.581	Macrolides	0.280	Macrolide lactones	0.648	Organic acids and derivatives	0.999	Carboxylic acids and derivatives	0.999	Tricarboxylic acids and derivatives	0.619			Tricarboxylic acids and derivatives	0.619	Organic compounds; Lipids and lipid-like molecules; Organic acids and derivatives; Carboxylic acids and derivatives; Organooxygen compounds; Fatty acid esters; Carboxylic acid derivatives; Carboxylic acid esters; Carbonyl compounds; Tricarboxylic acids and derivatives; Fatty Acyls; Organic oxides; Hydrocarbon derivatives; Organic oxygen compounds; Chemical entities	425.215	1029	17.157	857349829509367165	857336472845702276	857336472845702275	20414	
1	C18H32O7	[M + H]+	C18H33O7+	Fatty acids	0.698	Fatty esters	0.324	Dicarboxylic acids	0.068	Organic acids and derivatives	1.000	Carboxylic acids and derivatives	1.000	Tricarboxylic acids and derivatives	0.569			Tricarboxylic acids and derivatives	0.569	Organic compounds; Lipids and lipid-like molecules; Organic acids and derivatives; Carboxylic acids and derivatives; Organooxygen compounds; Fatty acid esters; Carboxylic acid derivatives; Carboxylic acid esters; Carbonyl compounds; Tricarboxylic acids and derivatives; Fatty Acyls; Organic oxides; Hydrocarbon derivatives; Organic oxygen compounds; Chemical entities	361.222	1029	17.157	857349812719567834	857336472896033928	857336472896033927	20422	
1	C20H34O8	[M + H]+	C20H35O8+	Fatty acids	0.639	Fatty esters	0.179	Dicarboxylic acids	0.045	Organic acids and derivatives	1.000	Carboxylic acids and derivatives	1.000	Tricarboxylic acids and derivatives	0.649			Tricarboxylic acids and derivatives	0.649	Organic compounds; Lipids and lipid-like molecules; Organic acids and derivatives; Carboxylic acids and derivatives; Organooxygen compounds; Fatty acid esters; Carboxylic acid derivatives; Carboxylic acid esters; Carbonyl compounds; Tricarboxylic acids and derivatives; Fatty Acyls; Organic oxides; Hydrocarbon derivatives; Organic oxygen compounds; Chemical entities	403.233	1029	17.158	857349915165472160	857336472950559884	857336472950559883	20420	
1	C17H36O3	[M + H]+	C17H37O3+	Fatty acids	1.000	Fatty acyls	0.992	Fatty alcohols	0.998	Lipids and lipid-like molecules	0.905	Fatty Acyls	0.920	Fatty alcohols	0.853	Long-chain fatty alcohols	0.724	Long-chain fatty alcohols	0.724	Organic compounds; Lipids and lipid-like molecules; Alcohols and polyols; Primary alcohols; Organooxygen compounds; Fatty alcohols; Secondary alcohols; Long-chain fatty alcohols; Fatty Acyls; Hydrocarbon derivatives; Organic oxygen compounds; Chemical entities	289.274	1034	17.230	857349910644012401	857336473063806100	857336473063806099	20500	
1	C15H31NO	[M + H]+	C15H32NO+	Fatty acids	0.969	Fatty amides	0.959	Primary amides	0.493	Organic acids and derivatives	0.841	Carboxylic acids and derivatives	0.843	Carboxylic acid derivatives	0.798	Carboxylic acid amides	0.795	Tertiary carboxylic acid amides	0.505	Organic compounds; Organic acids and derivatives; Carboxylic acids and derivatives; Organonitrogen compounds; Organooxygen compounds; Carboxylic acid amides; Carboxylic acid derivatives; Tertiary carboxylic acid amides; Carbonyl compounds; Organic oxides; Hydrocarbon derivatives; Organopnictogen compounds; Organic oxygen compounds; Organic nitrogen compounds; Chemical entities	242.248	1035	17.255	857349910597875046	857336473118332056	857336473114137751	20545	
1	C15H32N4O2	[M + Na]+	C15H32N4NaO2+	Fatty acids	0.484	Histidine alkaloids	0.133	Imidazole alkaloids	0.134	Lipids and lipid-like molecules	0.770	Fatty Acyls	0.678	Fatty amides	0.600			Fatty amides	0.600	Organic compounds; Organoheterocyclic compounds; Lipids and lipid-like molecules; Organic acids and derivatives; Carboxylic acids and derivatives; Organonitrogen compounds; Organooxygen compounds; Fatty amides; Azoles; Carboxylic acid amides; Carboxylic acid derivatives; Secondary carboxylic acid amides; Carbonyl compounds; Fatty Acyls; Organic oxides; Azacyclic compounds; Hydrocarbon derivatives; Organopnictogen compounds; Organic oxygen compounds; Organic nitrogen compounds; Chemical entities	323.235	1049	17.476	857349917497505197	857336473214801056	857336473214801055	20856	
1	C17H32O3	[M + H]+	C17H33O3+	Fatty acids	0.998	Fatty Acids and Conjugates	0.451	Fatty alcohols	0.729	Lipids and lipid-like molecules	0.970	Fatty Acyls	0.971	Fatty acids and conjugates	0.691	Long-chain fatty acids	0.724	Long-chain fatty acids	0.724	Organic compounds; Lipids and lipid-like molecules; Alcohols and polyols; Fatty acids and conjugates; Organic acids and derivatives; Carboxylic acids and derivatives; Organooxygen compounds; Monocarboxylic acids and derivatives; Carboxylic acids; Fatty alcohols; Secondary alcohols; Carbonyl compounds; Long-chain fatty acids; Long-chain fatty alcohols; Fatty Acyls; Organic oxides; Hydrocarbon derivatives; Organic oxygen compounds; Chemical entities	285.242	1049	17.479	857349915018671513	857336473265132708	857336473265132707	20859	
1	C12H14O4	[M + H]+	C12H15O4+	Shikimates and Phenylpropanoids	0.569	Phenolic acids (C6-C1)	0.744	Simple phenolic acids	0.795	Benzenoids	0.999	Benzene and substituted derivatives	0.991	Benzoic acids and derivatives	0.995	Phthalic acid and derivatives	0.532	p-Phthalate esters	0.598	Organic compounds; Benzoic acids and derivatives; Organic acids and derivatives; Carboxylic acids and derivatives; Benzoyl derivatives; Organooxygen compounds; Dicarboxylic acids and derivatives; Carboxylic acid derivatives; Phthalic acid and derivatives; P-phthalic acid and derivatives; Carboxylic acid esters; Benzoic acid esters; Benzene and substituted derivatives; Benzenoids; Organic oxides; p-Phthalate esters; Hydrocarbon derivatives; Organic oxygen compounds; Chemical entities	223.097	1052	17.540	857349927299593722	857336473315464360	857336473315464359	20933	
1	C16H33NO	[M + H]+	C16H34NO+	Fatty acids	0.995	Fatty amides	0.988	Primary amides	0.317	Lipids and lipid-like molecules	0.763	Fatty Acyls	0.789	Fatty amides	0.816	N-acyl amines	0.806	N-acyl amines	0.806	Organic compounds; Lipids and lipid-like molecules; Organic acids and derivatives; Carboxylic acids and derivatives; Organonitrogen compounds; Organooxygen compounds; Fatty amides; Carboxylic acid amides; Carboxylic acid derivatives; N-acyl amines; Tertiary carboxylic acid amides; Carbonyl compounds; Fatty Acyls; Organic oxides; Hydrocarbon derivatives; Organopnictogen compounds; Organic oxygen compounds; Organic nitrogen compounds; Chemical entities	256.264	1056	17.603	857349928725657093	857336473361601708	857336473361601707	21087	
1	C17H36O3	[M + H]+	C17H37O3+	Fatty acids	1.000	Fatty acyls	0.990	Fatty alcohols	0.998	Lipids and lipid-like molecules	0.874	Fatty Acyls	0.889	Fatty alcohols	0.842	Long-chain fatty alcohols	0.771	Long-chain fatty alcohols	0.771	Organic compounds; Lipids and lipid-like molecules; Alcohols and polyols; Primary alcohols; Organooxygen compounds; Fatty alcohols; Secondary alcohols; Polyols; Long-chain fatty alcohols; Fatty Acyls; Hydrocarbon derivatives; Organic oxygen compounds; Chemical entities	289.274	1058	17.630	857349914511160720	857336473416127664	857336473411933359	21028	
1	C21H27N3O7S	[M + H]+	C21H28N3O7S+	Amino acids and Peptides	0.837	Small peptides	0.348	Dipeptides	0.142	Organic acids and derivatives	1.000	Carboxylic acids and derivatives	0.976	Amino acids, peptides, and analogues	0.760	Amino acids and derivatives	0.754	N-acyl-alpha amino acids and derivatives	0.515	Organic compounds; Organosulfur compounds; Amino acids, peptides, and analogues; Benzenesulfonamides; Alpha amino acids and derivatives; Organic acids and derivatives; Carboxylic acids and derivatives; Organosulfonic acids and derivatives; Organonitrogen compounds; Organooxygen compounds; Amino acids and derivatives; Carboxylic acid amides; Carboxylic acid derivatives; Sulfonyls; N-acyl-alpha amino acids and derivatives; Carboxylic acids; Secondary carboxylic acid amides; Carbonyl compounds; Benzene and substituted derivatives; Benzenoids; Aminosulfonyl compounds; Organic oxides; Hydrocarbon derivatives; Benzenesulfonyl compounds; Organic sulfonic acids and derivatives; Organopnictogen compounds; Organic oxygen compounds; Organic nitrogen compounds; Chemical entities	466.162	1065	17.749	857349969456543404	857336473462265012	857336473462265011	21192	
1	C2H4OS	[M + K]+	C2H4KOS+	Fatty acids	0.941	Fatty acyls	0.590	Oxygenated hydrocarbons	0.048	Organosulfur compounds	0.992							Organosulfur compounds	0.992	Organic compounds; Organosulfur compounds; Organic acids and derivatives; Organic oxides; Hydrocarbon derivatives; Organic oxygen compounds; Chemical entities	114.961	1068	17.797	857349924040619460	857336473508402360	857336473508402359	21258	
1	C17H34OS	[M + K]+	C17H34KOS+	Terpenoids	0.869	Monoterpenoids	0.382	Thia fatty acids	0.227	Organosulfur compounds	0.986	Thioethers	0.536					Thioethers	0.536	Organic compounds; Organosulfur compounds; Organooxygen compounds; Thioethers; Sulfenyl compounds; Organic oxides; Hydrocarbon derivatives; Organic oxygen compounds; Chemical entities	325.196	1068	17.801	857349943061788286	857336473554539708	857336473554539707	21265	
1	C16H22N2OS3	[M + H]+	C16H23N2OS3+	Amino acids and Peptides	0.149	Fatty amides	0.034	Tantazoles and mirabazoles	0.056	Benzenoids	0.525							Benzenoids	0.525	Organic compounds; Organoheterocyclic compounds; Organosulfur compounds; Organic acids and derivatives; Organonitrogen compounds; Organooxygen compounds; Carbonyl compounds; Benzenoids; Dithiocarbamic acids and derivatives; Dithiocarbamic acid esters; Organic oxides; Azacyclic compounds; Hydrocarbon derivatives; Organopnictogen compounds; Organic oxygen compounds; Organic nitrogen compounds; Cyclic dithiocarbamic acid esters; Chemical entities	355.097	1071	17.858	857349929967171089	857336473604871360	857336473604871359	21330	
1	C17H32O3	[M + H]+	C17H33O3+	Fatty acids	0.999	Fatty acyls	0.990	Fatty alcohols	0.998	Lipids and lipid-like molecules	0.927	Fatty Acyls	0.940	Fatty alcohols	0.913	Long-chain fatty alcohols	0.956	Long-chain fatty alcohols	0.956	Organic compounds; Lipids and lipid-like molecules; Alcohols and polyols; Primary alcohols; Organooxygen compounds; Fatty alcohols; Secondary alcohols; Polyols; Long-chain fatty alcohols; Fatty Acyls; Hydrocarbon derivatives; Organic oxygen compounds; Chemical entities	285.242	1071	17.858	857349925571540440	857336473651008708	857336473651008707	21327	
1	C18H35NO	[M + H]+	C18H36NO+	Fatty acids	0.777	Fatty amides	0.837	N-acyl amines	0.186	Organic nitrogen compounds	1.000	Organonitrogen compounds	1.000	Cyclohexylamines	0.529			Cyclohexylamines	0.529	Organic compounds; Organonitrogen compounds; Organooxygen compounds; Cyclohexylamines; Hydrocarbon derivatives; Organopnictogen compounds; Organic oxygen compounds; Organic nitrogen compounds; Chemical entities	282.279	1073	17.882	857349914976728471	857336473697146056	857336473697146055	21354	
1	C18H30O6	[M + H]+	C18H31O6+	Fatty acids	0.786	Fatty esters	0.450	Wax monoesters	0.081	Lipids and lipid-like molecules	0.848	Fatty Acyls	0.822	Fatty acid esters	0.840			Fatty acid esters	0.840	Organic compounds; Lipids and lipid-like molecules; Organic acids and derivatives; Carboxylic acids and derivatives; Organooxygen compounds; Fatty acid esters; Dicarboxylic acids and derivatives; Carboxylic acid derivatives; Carboxylic acid esters; Carbonyl compounds; Fatty Acyls; Organic oxides; Hydrocarbon derivatives; Organic oxygen compounds; Chemical entities	343.212	1075	17.911	857349936518674011	857336473793615056	857336473789420751	21390	
1	C24H31NO4	[M + H]+	C24H32NO4+	Polyketides	0.578	Polycyclic aromatic polyketides	0.117	Isoquinoline alkaloids	0.116	Organic acids and derivatives	0.931	Carboxylic acids and derivatives	0.842	Amino acids, peptides, and analogues	0.642	Amino acids and derivatives	0.641	Amino acids and derivatives	0.641	Organic compounds; Amino acids, peptides, and analogues; Ketones; Benzoic acids and derivatives; Organic acids and derivatives; Carboxylic acids and derivatives; Organonitrogen compounds; Benzoyl derivatives; Organooxygen compounds; Amino acids and derivatives; Carboxylic acid derivatives; Carboxylic acid esters; Benzoic acid esters; Carbonyl compounds; Benzene and substituted derivatives; Benzenoids; Amines; Tertiary amines; Tertiary alkylarylamines; Aryl ketones; Dialkylarylamines; Organic oxides; Hydrocarbon derivatives; Phenylketones; Organopnictogen compounds; Organic oxygen compounds; Organic nitrogen compounds; Chemical entities	398.233	1080	17.996	857349950091441810	857336473835558100	857336473835558099	21504	
1	C17H36O3	[M + H]+	C17H37O3+	Fatty acids	1.000	Fatty acyls	0.843	Fatty alcohols	0.965	Lipids and lipid-like molecules	0.882	Fatty Acyls	0.878	Fatty alcohols	0.611			Fatty alcohols	0.611	Organic compounds; Lipids and lipid-like molecules; Alcohols and polyols; Organic acids and derivatives; Carboxylic acids and derivatives; Primary alcohols; Organooxygen compounds; Carboxylic acid derivatives; Monocarboxylic acids and derivatives; Carboxylic acid esters; Fatty alcohols; Secondary alcohols; Fatty Acyls; Organic oxides; Hydrocarbon derivatives; Organic oxygen compounds; Chemical entities	289.274	1082	18.039	857349937051350629	857336473885889752	857336473885889751	21571	
1	C17H32O3	[M + H]+	C17H33O3+	Fatty acids	0.999	Fatty acyls	0.905	Fatty alcohols	0.979	Lipids and lipid-like molecules	0.969	Fatty Acyls	0.974	Fatty alcohols	0.838	Long-chain fatty alcohols	0.916	Long-chain fatty alcohols	0.916	Organic compounds; Lipids and lipid-like molecules; Alcohols and polyols; Primary alcohols; Organooxygen compounds; Monocarboxylic acids and derivatives; Fatty alcohols; Secondary alcohols; Carbonyl compounds; Polyols; Long-chain fatty alcohols; Fatty Acyls; Organic oxides; Hydrocarbon derivatives; Organic oxygen compounds; Chemical entities	285.243	1082	18.041	857349925672203743	857336473932027100	857336473932027099	21590	
1	C22H43N5	[M + H]+	C22H44N5+	Alkaloids	0.925	Histidine alkaloids	0.339	Imidazole alkaloids	0.342	Organoheterocyclic compounds	0.995	Azoles	0.780					Azoles	0.780	Organic compounds; Organoheterocyclic compounds; Organonitrogen compounds; Azoles; Amines; Azacyclic compounds; Heteroaromatic compounds; Hydrocarbon derivatives; Organopnictogen compounds; Organic nitrogen compounds; Chemical entities	378.358	1086	18.103	857349932374701602	857336473978164448	857336473978164447	21662	
1	C19H40O4	[M + Na]+	C19H40NaO4+	Fatty acids	1.000	Fatty acyls	0.998	Fatty alcohols	0.999	Lipids and lipid-like molecules	0.946	Fatty Acyls	0.907	Fatty alcohols	0.823	Long-chain fatty alcohols	0.792	Long-chain fatty alcohols	0.792	Organic compounds; Lipids and lipid-like molecules; Alcohols and polyols; Glycerolipids; Primary alcohols; Organooxygen compounds; Carboxylic acid derivatives; Carboxylic acid esters; Fatty alcohols; Secondary alcohols; Fatty alcohol esters; Polyols; Long-chain fatty alcohols; Monoradylglycerols; Fatty Acyls; Hydrocarbon derivatives; Organic oxygen compounds; Chemical entities	355.282	1087	18.111	857349930822809115	857336474024301796	857336474024301795	21669	
1	C19H40O4	[M + H]+	C19H41O4+	Fatty acids	1.000	Glycerolipids	0.992	Monoacylglycerols	0.937	Lipids and lipid-like molecules	0.844	Glycerolipids	0.896	Monoradylglycerols	0.654	Monoalkylglycerols	0.528	Monoalkylglycerols	0.528	Organic compounds; Lipids and lipid-like molecules; Alcohols and polyols; Glycerolipids; Ethers; Primary alcohols; Organooxygen compounds; Dialkyl ethers; Glycerol ethers; Monoalkylglycerols; Monoradylglycerols; Hydrocarbon derivatives; Organic oxygen compounds; Chemical entities	333.300	1087	18.119	857349929677764103	857336474070439144	857336474066244839	21678	
1	C13H28N2O	[M + H]+	C13H29N2O+	Fatty acids	0.381	Fatty amides	0.104	Polyamines	0.038	Organic acids and derivatives	0.887	Organic carbonic acids and derivatives	0.801	Ureas	0.735			Ureas	0.735	Organic compounds; Organic acids and derivatives; Organonitrogen compounds; Organooxygen compounds; Organic carbonic acids and derivatives; Ureas; Carbonyl compounds; Organic oxides; Hydrocarbon derivatives; Organopnictogen compounds; Organic oxygen compounds; Organic nitrogen compounds; Chemical entities	229.228	1093	18.220	857349917698831799	857336474116576492	857336474116576491	21798	
1	C8H12	[M + H]+	C8H13+	Terpenoids	0.628	Fatty acyls	0.596	Hydrocarbons	0.127	Hydrocarbons	0.986	Polycyclic hydrocarbons	0.518					Polycyclic hydrocarbons	0.518	Organic compounds; Hydrocarbons; Polycyclic hydrocarbons; Unsaturated hydrocarbons; Unsaturated aliphatic hydrocarbons; Chemical entities	109.101	1095	18.242	857349934861923909	857336474162713840	857336474162713839	21848	
1	C8H4O3	[M + H]+	C8H5O3+	Polyketides	0.804	Cyclic polyketides	0.857	Phthalide derivatives	0.748	Organoheterocyclic compounds	0.911	Benzofurans	0.895	Benzofuranones	0.943	Phthalic anhydrides	0.956	Phthalic anhydrides	0.956	Organic compounds; Organoheterocyclic compounds; Organic acids and derivatives; Carboxylic acids and derivatives; Benzofurans; Organooxygen compounds; Dicarboxylic acids and derivatives; Carboxylic acid derivatives; Phthalic anhydrides; Carboxylic acid anhydrides; Benzofuranones; Benzenoids; Isobenzofuranones; Organic oxides; Oxacyclic compounds; Hydrocarbon derivatives; Isocoumarans; Organic oxygen compounds; Chemical entities	149.023	1095	18.246	857349934283109940	857336474213045492	857336474213045491	21832	
1	C7H19N7O2	[M + K]+	C7H19KN7O2+	Alkaloids	0.335	Small peptides	0.246	Imidazole alkaloids	0.247	Organic nitrogen compounds	1.000	Organonitrogen compounds	1.000	Guanidines	0.704	Nitroguanidines	0.806	Nitroguanidines	0.806	Organic compounds; Organonitrogen compounds; Guanidines; Organic nitro compounds; Amines; Nitramines; Organic zwitterions; Organic 1,3-dipolar compounds; Allyl-type 1,3-dipolar organic compounds; Propargyl-type 1,3-dipolar organic compounds; Organic oxides; Hydrocarbon derivatives; Organopnictogen compounds; Organic oxygen compounds; Nitroguanidines; Organic nitrogen compounds; Chemical entities	272.122	1095	18.247	857349917753357753	857336474263377144	857336474263377143	21838	
1	C8H14O	[M + H]+	C8H15O+	Fatty acids	0.870	Fatty acyls	0.891	Fatty aldehydes	0.613	Organic oxygen compounds	0.989	Organooxygen compounds	0.987					Organooxygen compounds	0.987	Organic compounds; Organooxygen compounds; Hydrocarbon derivatives; Organic oxygen compounds; Chemical entities	127.112	1095	18.247	857349915635234218	857336474309514492	857336474309514491	21839	
1	C26H43NO5	[M + H]+	C26H44NO5+	Fatty acids	0.477	Fatty amides	0.267	N-acyl amines	0.063	Lipids and lipid-like molecules	0.734	Fatty Acyls	0.678	Fatty amides	0.667	N-acyl amines	0.625	N-acyl amines	0.625	Organic compounds; Lipids and lipid-like molecules; Ethers; Organic acids and derivatives; Carboxylic acids and derivatives; Organonitrogen compounds; Organooxygen compounds; Fatty amides; Carboxylic acid amides; Carboxylic acid derivatives; N-acyl amines; Tertiary carboxylic acid amides; Carbonyl compounds; Benzene and substituted derivatives; Benzenoids; Fatty Acyls; Organic oxides; Hydrocarbon derivatives; Organopnictogen compounds; Organic oxygen compounds; Organic nitrogen compounds; Chemical entities	450.321	1095	18.250	857349933184202282	857336474359846144	857336474359846143	21845	
1	C24H36O5	[M + Na]+	C24H36NaO5+	Polyketides	0.491	Cyclic polyketides	0.132	Simple phenolic acids	0.045	Benzenoids	0.983	Benzene and substituted derivatives	0.943	Benzoic acids and derivatives	0.967	Benzoic acid esters	0.899	Benzoic acid esters	0.899	Organic compounds; Benzoic acids and derivatives; Organic acids and derivatives; Carboxylic acids and derivatives; Benzoyl derivatives; Organooxygen compounds; Dicarboxylic acids and derivatives; Carboxylic acid derivatives; Carboxylic acid esters; Benzoic acid esters; Benzene and substituted derivatives; Benzenoids; Organic oxides; Hydrocarbon derivatives; Organic oxygen compounds; Chemical entities	427.246	1095	18.254	857349928285255172	857336474405983492	857336474405983491	21842	
1	C24H36O5	[M + H]+	C24H37O5+	Terpenoids	0.732	Sesquiterpenoids	0.582	Drimane sesquiterpenoids	0.025	Benzenoids	0.883	Benzene and substituted derivatives	0.796	Benzoic acids and derivatives	0.861	Benzoic acid esters	0.700	Benzoic acid esters	0.700	Organic compounds; Lipids and lipid-like molecules; Benzoic acids and derivatives; Organic acids and derivatives; Carboxylic acids and derivatives; Benzoyl derivatives; Organooxygen compounds; Fatty acid esters; Dicarboxylic acids and derivatives; Carboxylic acid derivatives; Carboxylic acid esters; Benzoic acid esters; Carbonyl compounds; Benzene and substituted derivatives; Benzenoids; Fatty Acyls; Organic oxides; Hydrocarbon derivatives; Organic oxygen compounds; Chemical entities	405.264	1095	18.254	857349935642064465	857336474452120840	857336474452120839	21853	
1	C24H36O5	[M + H3N + H]+	C24H40NO5+	Terpenoids	0.713	Sesquiterpenoids	0.413	Drimane sesquiterpenoids	0.018	Benzenoids	0.860	Benzene and substituted derivatives	0.730	Benzoic acids and derivatives	0.837	Benzoic acid esters	0.677	Benzoic acid esters	0.677	Organic compounds; Lipids and lipid-like molecules; Alcohols and polyols; Benzoic acids and derivatives; Organic acids and derivatives; Carboxylic acids and derivatives; Benzoyl derivatives; Organooxygen compounds; Dicarboxylic acids and derivatives; Carboxylic acid derivatives; Carboxylic acid esters; Benzoic acid esters; Carbonyl compounds; Benzene and substituted derivatives; Benzenoids; Organic oxides; Hydrocarbon derivatives; Organic oxygen compounds; Chemical entities	422.290	1095	18.257	857349925873530342	857336474498258188	857336474498258187	21864	
1	C22H32O5	[M + H]+	C22H33O5+	Polyketides	0.371	Cyclic polyketides	0.192	Bisabolane sesquiterpenoids	0.059	Benzenoids	0.988	Benzene and substituted derivatives	0.939	Benzoic acids and derivatives	0.969	Benzoic acid esters	0.929	Benzoic acid esters	0.929	Organic compounds; Benzoic acids and derivatives; Organic acids and derivatives; Carboxylic acids and derivatives; Benzoyl derivatives; Organooxygen compounds; Dicarboxylic acids and derivatives; Carboxylic acid derivatives; Carboxylic acid esters; Benzoic acid esters; Benzene and substituted derivatives; Benzenoids; Organic oxides; Hydrocarbon derivatives; Organic oxygen compounds; Chemical entities	377.232	1096	18.261	857349924254528974	857336474544395536	857336474540201231	21860	
1	C18H36O4	[M + H]+	C18H37O4+	Fatty acids	0.996	Fatty acyls	0.403	Fatty alcohols	0.811	Lipids and lipid-like molecules	0.954	Fatty Acyls	0.950	Fatty alcohols	0.494	Long-chain fatty alcohols	0.574	Long-chain fatty alcohols	0.574	Organic compounds; Lipids and lipid-like molecules; Alcohols and polyols; Organic acids and derivatives; Carboxylic acids and derivatives; Primary alcohols; Organooxygen compounds; Carboxylic acid derivatives; Monocarboxylic acids and derivatives; Secondary alcohols; Carbonyl compounds; Long-chain fatty alcohols; Fatty Acyls; Organic oxides; Hydrocarbon derivatives; Organic oxygen compounds; Chemical entities	317.269	1106	18.434	857349935461709383	857336474586338580	857336474586338579	22105	
1	C25H27ClO3	[M + H]+	C25H28ClO3+	Polyketides	0.519	Sesquiterpenoids	0.212	Chalcones	0.033	Benzenoids	0.998	Benzene and substituted derivatives	0.994	Diphenylmethanes	0.573			Diphenylmethanes	0.573	Organic compounds; Lipids and lipid-like molecules; Halobenzenes; Aromatic monoterpenoids; Alkyl aryl ethers; Ethers; Prenol lipids; Organic acids and derivatives; Carboxylic acids and derivatives; Organohalogen compounds; Benzoyl derivatives; Organooxygen compounds; Cumenes; Diphenylmethanes; Aryl chlorides; Toluenes; Chlorobenzenes; Monocarboxylic acids and derivatives; Organochlorides; Monoterpenoids; Monocyclic monoterpenoids; Carbonyl compounds; Benzene and substituted derivatives; Phenol ethers; Benzenoids; Phenylpropanes; Aryl halides; Organic oxides; Hydrocarbon derivatives; Organic oxygen compounds; Phenoxy compounds; Chemical entities	411.172	1111	18.512	857349971046184630	857336474632475928	857336474632475927	22211	
1	C19H34O3	[M + H]+	C19H35O3+	Fatty acids	0.995	Fatty acyls	0.423	Fatty alcohols	0.686	Lipids and lipid-like molecules	0.977	Fatty Acyls	0.971	Fatty acids and conjugates	0.468	Long-chain fatty acids	0.587	Long-chain fatty acids	0.587	Organic compounds; Lipids and lipid-like molecules; Alcohols and polyols; Organic acids and derivatives; Carboxylic acids and derivatives; Organooxygen compounds; Monocarboxylic acids and derivatives; Fatty alcohols; Secondary alcohols; Carbonyl compounds; Long-chain fatty acids; Long-chain fatty alcohols; Fatty Acyls; Organic oxides; Hydrocarbon derivatives; Organic oxygen compounds; Chemical entities	311.258	1117	18.622	857349926750139888	857336474678613276	857336474674418971	22362	
1	C16H35O3PS	[M + H]+	C16H36O3PS+	Fatty acids	0.294	Monoterpenoids	0.122	Menthane monoterpenoids	0.007	Organic acids and derivatives	0.951	Organic dithiophosphoric acids and derivatives	0.886	Dithiophosphate O-esters	0.882	Phosphorodithioic acid O,O-diesters	0.848	Phosphorodithioic acid O,O-diesters	0.848	Organic compounds; Organic acids and derivatives; Organooxygen compounds; Organic thiophosphoric acids and derivatives; Thiophosphoric acid esters; Organic dithiophosphoric acids and derivatives; Hydrocarbon derivatives; Dithiophosphate O-esters; Organic oxygen compounds; Phosphorodithioic acid O,O-diesters; Chemical entities	339.212	1119	18.655	857349941606364788	857336474720556320	857336474720556319	22389	
1	C2H4OS	[M + K]+	C2H4KOS+	Fatty acids	0.899	Fatty acyls	0.512	Oxygenated hydrocarbons	0.027	Organic acids and derivatives	0.746	Sulfinic acids and derivatives	0.680	Alkanesulfinic acids and derivatives	0.553			Alkanesulfinic acids and derivatives	0.553	Organic compounds; Organosulfur compounds; Organic acids and derivatives; Sulfinic acids and derivatives; Alkanesulfinic acids and derivatives; Organic oxides; Hydrocarbon derivatives; Organic oxygen compounds; Chemical entities	114.961	1119	18.656	857349944835978888	857336474766693668	857336474766693667	22390	
1	C20H43NOS	[M + K]+	C20H43KNOS+	Fatty acids	0.851	Spingolipids	0.059	Sphingoid bases	0.336	Organic nitrogen compounds	0.969	Organonitrogen compounds	0.932					Organonitrogen compounds	0.932	Organic compounds; Organosulfur compounds; Organic acids and derivatives; Organonitrogen compounds; Organic oxides; Hydrocarbon derivatives; Organic oxygen compounds; Organic nitrogen compounds; Chemical entities	384.270	1120	18.659	857349959461516957	857336474817025320	857336474817025319	22394	
1	C17H35NO	[M + H]+	C17H36NO+	Fatty acids	0.993	Fatty amides	0.978	N-acyl amines	0.506	Lipids and lipid-like molecules	0.689	Fatty Acyls	0.726	Fatty amides	0.751	N-acyl amines	0.652	N-acyl amines	0.652	Organic compounds; Lipids and lipid-like molecules; Organic acids and derivatives; Carboxylic acids and derivatives; Organonitrogen compounds; Organooxygen compounds; Fatty amides; Carboxylic acid amides; Carboxylic acid derivatives; N-acyl amines; Tertiary carboxylic acid amides; Carbonyl compounds; Fatty Acyls; Organic oxides; Hydrocarbon derivatives; Organopnictogen compounds; Organic oxygen compounds; Organic nitrogen compounds; Chemical entities	270.279	1121	18.691	857350284117423816	857336474909300016	857336474909300015	22441	
1	C24H36O5	[M + H3N + H]+	C24H40NO5+	Fatty acids	0.943	Glycerolipids	0.870	Diacylglycerols	0.087	Benzenoids	0.956	Benzene and substituted derivatives	0.825	Benzoic acids and derivatives	0.748	Benzoic acid esters	0.616	Benzoic acid esters	0.616	Organic compounds; Lipids and lipid-like molecules; Glycerolipids; Benzoic acids and derivatives; Organic acids and derivatives; Carboxylic acids and derivatives; Benzoyl derivatives; Organooxygen compounds; Fatty acid esters; Dicarboxylic acids and derivatives; Carboxylic acid derivatives; Carboxylic acid esters; Benzoic acid esters; Carbonyl compounds; Benzene and substituted derivatives; Benzenoids; Fatty Acyls; Organic oxides; Hydrocarbon derivatives; Organic oxygen compounds; Chemical entities	422.290	1126	18.759	857350559012108788	857336474955437364	857336474955437363	22539	
1	C24H36O5	[M + Na]+	C24H36NaO5+	Polyketides	0.826	Macrolides	0.178	Zearalenones	0.060	Benzenoids	0.988	Benzene and substituted derivatives	0.942	Benzoic acids and derivatives	0.910	Benzoic acid esters	0.627	Benzoic acid esters	0.627	Organic compounds; Lipids and lipid-like molecules; Phenols; Benzoic acids and derivatives; Organic acids and derivatives; Carboxylic acids and derivatives; Benzoyl derivatives; Organooxygen compounds; Dicarboxylic acids and derivatives; Carboxylic acid derivatives; Carboxylic acid esters; Benzoic acid esters; Carbonyl compounds; Benzene and substituted derivatives; Benzenoids; Fatty Acyls; Organic oxides; Hydrocarbon derivatives; Organic oxygen compounds; 1-hydroxy-4-unsubstituted benzenoids; Chemical entities	427.246	1126	18.760	857350567300053549	857336475001574712	857336474997380407	22530	
1	C26H43NO5	[M + H]+	C26H44NO5+	Fatty acids	0.802	Small peptides	0.128	N-acyl amines	0.038	Organic acids and derivatives	0.989	Carboxylic acids and derivatives	0.991	Amino acids, peptides, and analogues	0.758	Amino acids and derivatives	0.756	Amino acids and derivatives	0.756	Organic compounds; Lipids and lipid-like molecules; Amino acids, peptides, and analogues; Organic acids and derivatives; Carboxylic acids and derivatives; Organonitrogen compounds; Organooxygen compounds; Fatty acid esters; Fatty amides; Amino acids and derivatives; Carboxylic acid amides; Carboxylic acid derivatives; N-acyl amines; Carboxylic acid esters; Carbonyl compounds; Benzene and substituted derivatives; Benzenoids; Amines; Fatty Acyls; Organic oxides; Hydrocarbon derivatives; Organopnictogen compounds; Organic oxygen compounds; Organic nitrogen compounds; Chemical entities	450.322	1126	18.761	857350611885512277	857336475047712060	857336475043517755	22538	
1	C24H36O5	[M + H]+	C24H37O5+	Fatty acids	0.966	Glycerolipids	0.873	Diacylglycerols	0.247	Lipids and lipid-like molecules	0.965	Glycerolipids	0.956	Diradylglycerols	0.412	Diacylglycerols	0.531	Diacylglycerols	0.531	Organic compounds; Lipids and lipid-like molecules; Glycerolipids; Organic acids and derivatives; Carboxylic acids and derivatives; Organooxygen compounds; Fatty acid esters; Dicarboxylic acids and derivatives; Carboxylic acid derivatives; Diacylglycerols; Carboxylic acid esters; Carbonyl compounds; Benzene and substituted derivatives; Benzenoids; Fatty Acyls; Organic oxides; Hydrocarbon derivatives; Organic oxygen compounds; Chemical entities	405.264	1126	18.765	857350619061966447	857336475139986756	857336475135792451	22547	
1	C18H37NO	[M + H]+	C18H38NO+	Fatty acids	0.879	Fatty amides	0.306	Sphingoid bases	0.424	Organic nitrogen compounds	0.999	Organonitrogen compounds	0.999	Amines	0.695			Amines	0.695	Organic compounds; Organonitrogen compounds; Organooxygen compounds; Amines; Hydrocarbon derivatives; Organopnictogen compounds; Organic oxygen compounds; Organic nitrogen compounds; Chemical entities	284.295	1128	18.802	857350653694334636	857336475186124104	857336475181929799	22590	
1	C18H34O4	[M + H]+	C18H35O4+	Fatty acids	0.993	Fatty Acids and Conjugates	0.389	Dicarboxylic acids	0.645	Lipids and lipid-like molecules	0.993	Fatty Acyls	0.990	Fatty acid esters	0.950			Fatty acid esters	0.950	Organic compounds; Lipids and lipid-like molecules; Fatty acids and conjugates; Organic acids and derivatives; Carboxylic acids and derivatives; Organooxygen compounds; Fatty acid esters; Dicarboxylic acids and derivatives; Carboxylic acid derivatives; Carboxylic acids; Carboxylic acid esters; Carbonyl compounds; Fatty Acyls; Organic oxides; Hydrocarbon derivatives; Organic oxygen compounds; Chemical entities	315.253	1130	18.826	857350633737836181	857336475232261452	857336475232261451	22639	
1	C22H42O6	[M + H3N + H]+	C22H46NO6+	Fatty acids	0.980	Fatty esters	0.804	Wax diesters	0.564	Lipids and lipid-like molecules	0.843	Fatty Acyls	0.828	Fatty acid esters	0.764			Fatty acid esters	0.764	Organic compounds; Lipids and lipid-like molecules; Ethers; Organic acids and derivatives; Carboxylic acids and derivatives; Organooxygen compounds; Fatty acid esters; Carboxylic acid derivatives; Dialkyl ethers; Carboxylic acid esters; Carbonyl compounds; Fatty Acyls; Organic oxides; Hydrocarbon derivatives; Organic oxygen compounds; Chemical entities	420.332	1133	18.885	857350632752174723	857336475370673496	857336475366479191	22726	
1	C22H42O6	[M + H]+	C22H43O6+	Fatty acids	0.974	Fatty esters	0.890	Wax diesters	0.682	Lipids and lipid-like molecules	0.919	Fatty Acyls	0.922	Fatty acid esters	0.900			Fatty acid esters	0.900	Organic compounds; Lipids and lipid-like molecules; Ethers; Organic acids and derivatives; Carboxylic acids and derivatives; Organooxygen compounds; Fatty acid esters; Dicarboxylic acids and derivatives; Carboxylic acid derivatives; Dialkyl ethers; Carboxylic acid esters; Carbonyl compounds; Fatty Acyls; Organic oxides; Hydrocarbon derivatives; Organic oxygen compounds; Chemical entities	403.306	1133	18.886	857350620639024761	857336475412616540	857336475412616539	22720	
1	C10H18O2	[M + H]+	C10H19O2+	Fatty acids	0.999	Fatty Acids and Conjugates	0.954	Unsaturated fatty acids	0.930	Lipids and lipid-like molecules	0.791	Fatty Acyls	0.858	Fatty acids and conjugates	0.853	Straight chain fatty acids	0.691	Straight chain fatty acids	0.691	Organic compounds; Lipids and lipid-like molecules; Fatty acids and conjugates; Organic acids and derivatives; Carboxylic acids and derivatives; Organooxygen compounds; Straight chain fatty acids; Unsaturated fatty acids; Monocarboxylic acids and derivatives; Carboxylic acids; Carbonyl compounds; Fatty Acyls; Organic oxides; Hydrocarbon derivatives; Organic oxygen compounds; Chemical entities	171.138	1133	18.887	857350649198040735	857336475462948192	857336475458753887	22724	
1	C16H35O3PS	[M + H]+	C16H36O3PS+	Fatty acids	0.283	Monoterpenoids	0.049	Glycerophosphates	0.008	Organic acids and derivatives	0.961	Organic dithiophosphoric acids and derivatives	0.657	Dithiophosphate O-esters	0.645	Phosphorodithioic acid O,O-diesters	0.521	Phosphorodithioic acid O,O-diesters	0.521	Organic compounds; Organic acids and derivatives; Organooxygen compounds; Organic thiophosphoric acids and derivatives; Thiophosphoric acid esters; Organic dithiophosphoric acids and derivatives; Hydrocarbon derivatives; Dithiophosphate O-esters; Organic oxygen compounds; Phosphorodithioic acid O,O-diesters; Chemical entities	339.212	1134	18.895	857350610383951435	857336475534251364	857336475534251363	22737	
1	C19H36O2	[M + H]+	C19H37O2+	Fatty acids	0.998	Fatty esters	0.904	Wax monoesters	0.786	Lipids and lipid-like molecules	0.946	Fatty Acyls	0.939	Fatty acid esters	0.512			Fatty acid esters	0.512	Organic compounds; Lipids and lipid-like molecules; Organic acids and derivatives; Carboxylic acids and derivatives; Organooxygen compounds; Fatty acid esters; Carboxylic acid derivatives; Monocarboxylic acids and derivatives; Carboxylic acid esters; Carbonyl compounds; Fatty Acyls; Organic oxides; Hydrocarbon derivatives; Organic oxygen compounds; Chemical entities	297.279	1134	18.902	857350613391267435	857336475584583016	857336475584583015	22717	
1	C17H35NO	[M + H]+	C17H36NO+	Fatty acids	0.999	Fatty amides	0.995	Primary amides	0.796	Lipids and lipid-like molecules	0.837	Fatty Acyls	0.845	Fatty amides	0.852	N-acyl amines	0.797	N-acyl amines	0.797	Organic compounds; Lipids and lipid-like molecules; Organic acids and derivatives; Carboxylic acids and derivatives; Organonitrogen compounds; Organooxygen compounds; Fatty amides; Carboxylic acid amides; Carboxylic acid derivatives; N-acyl amines; Tertiary carboxylic acid amides; Carbonyl compounds; Fatty Acyls; Organic oxides; Hydrocarbon derivatives; Organopnictogen compounds; Organic oxygen compounds; Organic nitrogen compounds; Chemical entities	270.279	1139	18.987	857350667627812526	857336475630720364	857336475630720363	22859	
1	C26H45NO5	[M + H]+	C26H46NO5+	Fatty acids	0.923	Small peptides	0.024	Tripeptides	0.739	Lipids and lipid-like molecules	0.763	Fatty Acyls	0.903					Fatty Acyls	0.903	Organic compounds; Lipids and lipid-like molecules; Organic acids and derivatives; Carboxylic acids and derivatives; Organonitrogen compounds; Organooxygen compounds; Carboxylic acid derivatives; Carbonyl compounds; Amines; Fatty Acyls; Organic oxides; Hydrocarbon derivatives; Organopnictogen compounds; Organic oxygen compounds; Organic nitrogen compounds; Chemical entities	452.337	1145	19.088	857350653396539042	857336475681052016	857336475681052015	22978	
1	C24H38O5	[M + Na]+	C24H38NaO5+	Polyketides	0.541	Aromatic polyketides	0.546	Catechols with side chains	0.224	Benzenoids	0.913	Benzene and substituted derivatives	0.914	Benzoic acids and derivatives	0.871	Benzoic acid esters	0.728	Benzoic acid esters	0.728	Organic compounds; Phenols; Benzoic acids and derivatives; Organic acids and derivatives; Carboxylic acids and derivatives; Benzoyl derivatives; Organooxygen compounds; Carboxylic acid derivatives; Carboxylic acid esters; Benzoic acid esters; Benzene and substituted derivatives; Benzenoids; Organic oxides; Hydrocarbon derivatives; Organic oxygen compounds; Chemical entities	429.261	1145	19.089	857350687030662833	857336475722995060	857336475722995059	22982	
1	C24H38O5	[M - H2O + H]+	C24H37O4+	Terpenoids	0.348	Sesquiterpenoids	0.186	Simple phenolic acids	0.047	Benzenoids	0.997	Benzene and substituted derivatives	0.984	Benzoic acids and derivatives	0.992	Benzoic acid esters	0.973	Benzoic acid esters	0.973	Organic compounds; Benzoic acids and derivatives; Organic acids and derivatives; Carboxylic acids and derivatives; Benzoyl derivatives; Organooxygen compounds; Dicarboxylic acids and derivatives; Carboxylic acid derivatives; Carboxylic acid esters; Benzoic acid esters; Benzene and substituted derivatives; Benzenoids; Organic oxides; Hydrocarbon derivatives; Organic oxygen compounds; Chemical entities	389.269	1145	19.090	857350909496547738	857336475769132408	857336475769132407	22983	
1	C24H36O5	[M + H]+	C24H37O5+	Terpenoids	0.522	Sesquiterpenoids	0.285	Phthalide derivatives	0.025	Benzenoids	0.947	Benzene and substituted derivatives	0.817	Benzoic acids and derivatives	0.895	Benzoic acid esters	0.831	Benzoic acid esters	0.831	Organic compounds; Lipids and lipid-like molecules; Benzoic acids and derivatives; Organic acids and derivatives; Carboxylic acids and derivatives; Benzoyl derivatives; Organooxygen compounds; Dicarboxylic acids and derivatives; Carboxylic acid derivatives; Carboxylic acid esters; Benzoic acid esters; Carbonyl compounds; Benzene and substituted derivatives; Benzenoids; Fatty Acyls; Organic oxides; Hydrocarbon derivatives; Organic oxygen compounds; Chemical entities	405.264	1146	19.100	857350908443777424	857336475815269756	857336475815269755	22998	
1	C2H4O2	[M + K]+	C2H4KO2+	Fatty acids	0.938	Fatty acyls	0.773	Fatty alcohols	0.299	Organic oxygen compounds	0.991	Organooxygen compounds	0.937	Carbonyl compounds	0.278	Aldehydes	0.131	Short-chain aldehydes	0.561	Organic compounds; Organooxygen compounds; Short-chain aldehydes; Hydrocarbon derivatives; Organic oxygen compounds; Chemical entities	98.984	1146	19.108	857350913544051941	857336475915933060	857336475915933059	23021	
1	C17H36N4O2	[M + Na]+	C17H36N4NaO2+	Fatty acids	0.271	Small peptides	0.098	Imidazole alkaloids	0.041	Organoheterocyclic compounds	0.812	Azoles	0.845					Azoles	0.845	Organic compounds; Organoheterocyclic compounds; Organic acids and derivatives; Carboxylic acids and derivatives; Organonitrogen compounds; Organooxygen compounds; Azoles; Carboxylic acid amides; Carboxylic acid derivatives; Carbonyl compounds; Amines; Organic oxides; Azacyclic compounds; Heteroaromatic compounds; Hydrocarbon derivatives; Organopnictogen compounds; Organic oxygen compounds; Organic nitrogen compounds; Chemical entities	351.266	1147	19.111	857350918841459246	857336475966264712	857336475966264711	23020	
1	C28H49NO5	[M + H]+	C28H50NO5+	Alkaloids	0.207	Pseudoalkaloids (transamidation)	0.101	Sphingoid bases	0.005	Organic acids and derivatives	0.967	Carboxylic acids and derivatives	0.977	Amino acids, peptides, and analogues	0.712	Amino acids and derivatives	0.710	Amino acids and derivatives	0.710	Organic compounds; Amino acids, peptides, and analogues; Benzoic acids and derivatives; Ethers; Organic acids and derivatives; Carboxylic acids and derivatives; Organonitrogen compounds; Benzoyl derivatives; Organooxygen compounds; Amino acids and derivatives; Carboxylic acid amides; Carboxylic acid derivatives; Carboxylic acid esters; Benzoic acid esters; Carbonyl compounds; Benzene and substituted derivatives; Phenol ethers; Benzenoids; Amines; Organic oxides; Hydrocarbon derivatives; Organopnictogen compounds; Organic oxygen compounds; Organic nitrogen compounds; Phenoxy compounds; Chemical entities	480.369	1151	19.192	857350915184026146	857336476016596364	857336476016596363	23159	
1	C16H33NO	[M + H]+	C16H34NO+	Fatty acids	0.954	Spingolipids	0.647	Sphingoid bases	0.951	Organic nitrogen compounds	1.000	Organonitrogen compounds	1.000	Amines	0.998	Alkanolamines	0.949	1,2-aminoalcohols	0.949	Organic compounds; Alcohols and polyols; Organonitrogen compounds; Primary alcohols; Organooxygen compounds; 1,2-aminoalcohols; Dialkylamines; Amines; Secondary amines; Alkanolamines; Hydrocarbon derivatives; Organopnictogen compounds; Organic oxygen compounds; Organic nitrogen compounds; Chemical entities	256.264	1157	19.287	857350914529713460	857336476062733712	857336476062733711	23347	
1	C32H67N	[M + H]+	C32H68N+	Fatty acids	0.717	Ornithine alkaloids	0.267	Polyamines	0.465	Organic nitrogen compounds	1.000	Organonitrogen compounds	1.000	Aminoxides	0.205	Long-chain alkyl amine oxides	0.539	Long-chain alkyl amine oxides	0.539	Organic compounds; Organonitrogen compounds; Amines; Organic cations; Hydrocarbon derivatives; Long-chain alkyl amine oxides; Organic nitrogen compounds; Chemical entities	466.535	1158	19.303	857350930992357974	857336476117259668	857336476113065363	23386	
1	C26H43NO5	[M + H]+	C26H44NO5+	Fatty acids	0.998	Small peptides	0.035	Tripeptides	0.071	Lipids and lipid-like molecules	0.958	Fatty Acyls	0.989	Fatty amides	0.551	N-acyl amines	0.539	N-acyl amines	0.539	Organic compounds; Lipids and lipid-like molecules; Alcohols and polyols; Organic acids and derivatives; Carboxylic acids and derivatives; Organonitrogen compounds; Organooxygen compounds; Fatty amides; Carboxylic acid derivatives; N-acyl amines; Carboxylic acids; Secondary alcohols; Carbonyl compounds; Benzene and substituted derivatives; Amines; Fatty Acyls; Organic oxides; Hydrocarbon derivatives; Organopnictogen compounds; Organic oxygen compounds; Organic nitrogen compounds; Chemical entities	450.322	1164	19.404	857350934305858228	857336476163397016	857336476163397015	23478	
1	C19H36O3	[M + H]+	C19H37O3+	Fatty acids	0.998	Fatty acyls	0.686	Fatty alcohols	0.920	Lipids and lipid-like molecules	0.982	Fatty Acyls	0.976	Fatty alcohols	0.771	Long-chain fatty alcohols	0.770	Long-chain fatty alcohols	0.770	Organic compounds; Lipids and lipid-like molecules; Alcohols and polyols; Organic acids and derivatives; Carboxylic acids and derivatives; Primary alcohols; Organooxygen compounds; Fatty acid esters; Carboxylic acid derivatives; Monocarboxylic acids and derivatives; Carboxylic acid esters; Fatty alcohols; Secondary alcohols; Fatty alcohol esters; Carbonyl compounds; Long-chain fatty alcohols; Fatty Acyls; Organic oxides; Hydrocarbon derivatives; Organic oxygen compounds; Chemical entities	313.274	1166	19.433	857350933123064485	857336476209534364	857336476209534363	23487	
1	C18H38O3	[M + Na]+	C18H38NaO3+	Fatty acids	0.994	Fatty acyls	0.987	Fatty alcohols	0.995	Lipids and lipid-like molecules	0.905	Fatty Acyls	0.881	Fatty alcohols	0.881	Long-chain fatty alcohols	0.802	Long-chain fatty alcohols	0.802	Organic compounds; Lipids and lipid-like molecules; Alcohols and polyols; Primary alcohols; Organooxygen compounds; Fatty alcohols; Secondary alcohols; Long-chain fatty alcohols; Fatty Acyls; Hydrocarbon derivatives; Organic oxygen compounds; Chemical entities	325.271	1166	19.436	857350932414227103	857336476255671712	857336476255671711	23524	
1	C28H47NO5	[M + H]+	C28H48NO5+	Fatty acids	0.888	Fatty amides	0.140	Fatty acyl carnitines	0.023	Organic acids and derivatives	0.994	Carboxylic acids and derivatives	0.988	Amino acids, peptides, and analogues	0.598	Amino acids and derivatives	0.598	Alpha amino acids and derivatives	0.544	Organic compounds; Lipids and lipid-like molecules; Amino acids, peptides, and analogues; Alpha amino acids and derivatives; Organic acids and derivatives; Carboxylic acids and derivatives; Organonitrogen compounds; Organooxygen compounds; Fatty amides; Amino acids and derivatives; Carboxylic acid amides; Carboxylic acid derivatives; N-acyl amines; Carboxylic acid esters; Secondary carboxylic acid amides; Carbonyl compounds; Benzene and substituted derivatives; Benzenoids; Fatty Acyls; Organic oxides; Hydrocarbon derivatives; Organopnictogen compounds; Organic oxygen compounds; Organic nitrogen compounds; Chemical entities	478.353	1171	19.509	857350930090582603	857336476301809060	857336476301809059	23609	
1	C18H37NO	[M + H]+	C18H38NO+	Fatty acids	0.992	Fatty amides	0.986	Primary amides	0.574	Lipids and lipid-like molecules	0.551	Fatty Acyls	0.611	Fatty amides	0.672	N-acyl amines	0.512	N-acyl amines	0.512	Organic compounds; Lipids and lipid-like molecules; Organic acids and derivatives; Carboxylic acids and derivatives; Organonitrogen compounds; Organooxygen compounds; Fatty amides; Carboxylic acid amides; Carboxylic acid derivatives; N-acyl amines; Tertiary carboxylic acid amides; Carbonyl compounds; Fatty Acyls; Organic oxides; Hydrocarbon derivatives; Organopnictogen compounds; Organic oxygen compounds; Organic nitrogen compounds; Chemical entities	284.295	1171	19.514	857350927817269830	857336476347946408	857336476347946407	23595	
1	C19H36O3	[M + H]+	C19H37O3+	Fatty acids	0.999	Fatty esters	0.541	Fatty alcohols	0.824	Lipids and lipid-like molecules	0.981	Fatty Acyls	0.976	Fatty alcohols	0.564			Fatty alcohols	0.564	Organic compounds; Lipids and lipid-like molecules; Alcohols and polyols; Organic acids and derivatives; Carboxylic acids and derivatives; Primary alcohols; Organooxygen compounds; Fatty acid esters; Carboxylic acid derivatives; Monoacylglycerols; Monocarboxylic acids and derivatives; Carboxylic acid esters; Fatty alcohols; Secondary alcohols; Carbonyl compounds; Monoradylglycerols; Fatty Acyls; Organic oxides; Hydrocarbon derivatives; Organic oxygen compounds; Chemical entities	313.274	1172	19.536	857350931449537112	857336476394083756	857336476394083755	23634	
1	C25H42O5	[M + H]+	C25H43O5+	Terpenoids	0.417	Sesquiterpenoids	0.126	Prenyl quinone meroterpenoids	0.031	Benzenoids	0.604	Benzene and substituted derivatives	0.653	Phenoxy compounds	0.510			Phenoxy compounds	0.510	Organic compounds; Lipids and lipid-like molecules; Alkyl aryl ethers; Ethers; Organic acids and derivatives; Carboxylic acids and derivatives; Organooxygen compounds; Fatty acid esters; Dicarboxylic acids and derivatives; Carboxylic acid derivatives; Carboxylic acid esters; Carbonyl compounds; Benzene and substituted derivatives; Benzenoids; Fatty Acyls; Organic oxides; Hydrocarbon derivatives; Organic oxygen compounds; Phenoxy compounds; Chemical entities	423.311	1174	19.563	857350937246065381	857336476440221104	857336476440221103	23656	
1	C27H46O5	[M + H3N + H]+	C27H50NO5+	Fatty acids	0.471	Fatty esters	0.201	Wax monoesters	0.086	Organic oxygen compounds	1.000	Organooxygen compounds	1.000	Ethers	0.655	Alkyl aryl ethers	0.592	Alkyl aryl ethers	0.592	Organic compounds; Lipids and lipid-like molecules; Alkyl aryl ethers; Ethers; Organic acids and derivatives; Carboxylic acids and derivatives; Organooxygen compounds; Fatty acid esters; Dicarboxylic acids and derivatives; Carboxylic acid derivatives; Carboxylic acid esters; Carbonyl compounds; Benzene and substituted derivatives; Benzenoids; Fatty Acyls; Organic oxides; Hydrocarbon derivatives; Organic oxygen compounds; Chemical entities	468.369	1174	19.569	857350929172030026	857336476503135668	857336476498941363	23658	
1	C20H39NO	[M + H]+	C20H40NO+	Fatty acids	0.993	Fatty amides	0.982	N-acyl ethanolamines (endocannabinoids)	0.656	Lipids and lipid-like molecules	0.574	Fatty Acyls	0.576	Fatty amides	0.644			Fatty amides	0.644	Organic compounds; Lipids and lipid-like molecules; Organonitrogen compounds; Organooxygen compounds; Fatty amides; Carbonyl compounds; Fatty Acyls; Hydrocarbon derivatives; Organopnictogen compounds; Organic oxygen compounds; Organic nitrogen compounds; Chemical entities	310.310	1188	19.796	857350929130086984	857336476553467320	857336476549273015	23918	
1	C19H36O3	[M + H]+	C19H37O3+	Fatty acids	0.994	Fatty acyls	0.749	Fatty alcohols	0.925	Lipids and lipid-like molecules	0.983	Fatty Acyls	0.964	Fatty alcohols	0.825	Long-chain fatty alcohols	0.842	Long-chain fatty alcohols	0.842	Organic compounds; Lipids and lipid-like molecules; Alcohols and polyols; Organic acids and derivatives; Carboxylic acids and derivatives; Primary alcohols; Organooxygen compounds; Carboxylic acid derivatives; Monocarboxylic acids and derivatives; Carboxylic acid esters; Fatty alcohols; Secondary alcohols; Fatty alcohol esters; Carbonyl compounds; Long-chain fatty alcohols; Fatty Acyls; Organic oxides; Hydrocarbon derivatives; Organic oxygen compounds; Chemical entities	313.274	1188	19.806	857350933274059437	857336476603798972	857336476603798971	23938	
1	C19H36O3	[M + H3N + H]+	C19H40NO3+	Fatty acids	0.991	Fatty acyls	0.820	Fatty alcohols	0.955	Lipids and lipid-like molecules	0.964	Fatty Acyls	0.949	Fatty alcohols	0.839	Long-chain fatty alcohols	0.853	Long-chain fatty alcohols	0.853	Organic compounds; Lipids and lipid-like molecules; Alcohols and polyols; Organic acids and derivatives; Carboxylic acids and derivatives; Primary alcohols; Organooxygen compounds; Carboxylic acid derivatives; Monocarboxylic acids and derivatives; Carboxylic acid esters; Fatty alcohols; Secondary alcohols; Fatty alcohol esters; Carbonyl compounds; Long-chain fatty alcohols; Fatty Acyls; Organic oxides; Hydrocarbon derivatives; Organic oxygen compounds; Chemical entities	330.300	1190	19.833	857350937107653342	857336476733822404	857336476729628099	23947	
1	C21H39NO3	[M + H]+	C21H40NO3+	Fatty acids	0.989	Fatty amides	0.405	N-acyl amines	0.186	Organic acids and derivatives	0.999	Carboxylic acids and derivatives	0.997	Amino acids, peptides, and analogues	0.341	Amino acids and derivatives	0.338	N-acyl-alpha amino acids and derivatives	0.559	Organic compounds; Lipids and lipid-like molecules; Organic acids and derivatives; Carboxylic acids and derivatives; Organonitrogen compounds; Organooxygen compounds; Carboxylic acid amides; Carboxylic acid derivatives; Monocarboxylic acids and derivatives; N-acyl-alpha amino acids and derivatives; Secondary carboxylic acid amides; Carbonyl compounds; Fatty Acyls; Acetamides; Organic oxides; Hydrocarbon derivatives; Organopnictogen compounds; Organic oxygen compounds; Organic nitrogen compounds; Chemical entities	354.300	1190	19.833	857350963942820847	857336476788348360	857336476788348359	23941	
1	C24H47NO	[M + H]+	C24H48NO+	Fatty acids	1.000	Fatty amides	1.000	Primary amides	1.000	Lipids and lipid-like molecules	0.930	Fatty Acyls	0.940	Fatty amides	0.922			Fatty amides	0.922	Organic compounds; Lipids and lipid-like molecules; Organic acids and derivatives; Carboxylic acids and derivatives; Organonitrogen compounds; Organooxygen compounds; Fatty amides; Carboxylic acid amides; Carboxylic acid derivatives; Primary carboxylic acid amides; Carbonyl compounds; Fatty Acyls; Organic oxides; Hydrocarbon derivatives; Organopnictogen compounds; Organic oxygen compounds; Organic nitrogen compounds; Chemical entities	366.373	1191	19.855	857350946599365926	857336476847068620	857336476842874315	23963	
1	C25H40O3	[M + H]+	C25H41O3+	Polyketides	0.598	Aromatic polyketides	0.786	Catechols with side chains	0.791	Benzenoids	0.998	Benzene and substituted derivatives	0.964	Benzoic acids and derivatives	0.839	Hydroxybenzoic acid derivatives	0.738	Salicylic acids	0.519	Organic compounds; Phenols; Benzoic acids and derivatives; Organic acids and derivatives; Carboxylic acids and derivatives; Benzoyl derivatives; Organooxygen compounds; Salicylic acid and derivatives; Monocarboxylic acids and derivatives; Carboxylic acids; Hydroxybenzoic acid derivatives; Benzene and substituted derivatives; Benzenoids; Salicylic acids; Benzoic acids; Phenylpropanes; Organic oxides; Hydrocarbon derivatives; Organic oxygen compounds; Chemical entities	389.305	1192	19.861	857350988907319442	857336476901594576	857336476897400271	23968	
1	C19H34O2	[M + H]+	C19H35O2+	Fatty acids	0.880	Fatty Acids and Conjugates	0.804	Unsaturated fatty acids	0.570	Lipids and lipid-like molecules	0.976	Fatty Acyls	0.818	Fatty acids and conjugates	0.703	Long-chain fatty acids	0.652	Long-chain fatty acids	0.652	Organic compounds; Lipids and lipid-like molecules; Fatty acids and conjugates; Organic acids and derivatives; Carboxylic acids and derivatives; Organooxygen compounds; Straight chain fatty acids; Monocarboxylic acids and derivatives; Carboxylic acids; Carbonyl compounds; Long-chain fatty acids; Fatty Acyls; Organic oxides; Hydrocarbon derivatives; Organic oxygen compounds; Chemical entities	295.263	1194	19.893	857350992975794332	857336476951926228	857336476951926227	24098	
1	C9H17NS	[M + H]+	C9H18NS+	Fatty acids	0.702	Fatty amides	0.228	Primary amides	0.211	Organic nitrogen compounds	0.975	Organonitrogen compounds	0.976					Organonitrogen compounds	0.976	Organic compounds; Organosulfur compounds; Organonitrogen compounds; Hydrocarbon derivatives; Organopnictogen compounds; Organic nitrogen compounds; Chemical entities	172.115	1196	19.930	857351010466042023	857336477006452184	857336477006452183	24059	
1	C34H71N	[M + H]+	C34H72N+	Alkaloids	0.702	Ornithine alkaloids	0.086	Polyamines	0.097	Organic nitrogen compounds	1.000	Organonitrogen compounds	1.000	Aminoxides	0.257	Long-chain alkyl amine oxides	0.662	Long-chain alkyl amine oxides	0.662	Organic compounds; Organonitrogen compounds; Quaternary ammonium salts; Amines; Organic cations; Organic salts; Hydrocarbon derivatives; Long-chain alkyl amine oxides; Organic nitrogen compounds; Chemical entities	494.566	1196	19.933	857350997241401510	857336477056783836	857336477056783835	24057	
1	C28H47NO5	[M + H]+	C28H48NO5+	Fatty acids	0.970	Fatty amides	0.274	N-acyl amines	0.051	Organic acids and derivatives	0.992	Carboxylic acids and derivatives	0.987	Amino acids, peptides, and analogues	0.666	Amino acids and derivatives	0.665	Alpha amino acids and derivatives	0.567	Organic compounds; Lipids and lipid-like molecules; Amino acids, peptides, and analogues; Alpha amino acids and derivatives; Organic acids and derivatives; Carboxylic acids and derivatives; Organonitrogen compounds; Organooxygen compounds; Fatty acid esters; Fatty amides; Amino acids and derivatives; Carboxylic acid amides; Carboxylic acid derivatives; N-acyl amines; Carboxylic acid esters; Secondary carboxylic acid amides; Carbonyl compounds; Fatty Acyls; Organic oxides; Hydrocarbon derivatives; Organopnictogen compounds; Organic oxygen compounds; Organic nitrogen compounds; Chemical entities	478.353	1199	19.984	857351219505959101	857336477102921184	857336477102921183	24085	
1	C23H42O4	[M + H]+	C23H43O4+	Fatty acids	0.990	Fatty esters	0.956	Wax diesters	0.617	Lipids and lipid-like molecules	0.957	Fatty Acyls	0.980	Fatty acid esters	0.985			Fatty acid esters	0.985	Organic compounds; Lipids and lipid-like molecules; Organic acids and derivatives; Carboxylic acids and derivatives; Organooxygen compounds; Fatty acid esters; Dicarboxylic acids and derivatives; Carboxylic acid derivatives; Carboxylic acid esters; Carbonyl compounds; Fatty Acyls; Organic oxides; Hydrocarbon derivatives; Organic oxygen compounds; Chemical entities	383.316	1200	19.999	857351222152565088	857336477157447140	857336477153252835	24110	
1	C24H38O5	[M + H]+	C24H39O5+	Polyketides	0.477	Sesquiterpenoids	0.126	Dibenzylbutane lignans	0.017	Benzenoids	0.800	Benzene and substituted derivatives	0.692	Benzoic acids and derivatives	0.771	Benzoic acid esters	0.686	Benzoic acid esters	0.686	Organic compounds; Benzoic acids and derivatives; Organic acids and derivatives; Carboxylic acids and derivatives; Benzoyl derivatives; Organooxygen compounds; Dicarboxylic acids and derivatives; Carboxylic acid derivatives; Carboxylic acid esters; Benzoic acid esters; Carbonyl compounds; Benzene and substituted derivatives; Benzenoids; Organic oxides; Hydrocarbon derivatives; Organic oxygen compounds; Chemical entities	407.279	1204	20.067	857351231593943434	857336477203584488	857336477203584487	24170	
1	C15H32N2O	[M + H]+	C15H33N2O+	Fatty acids	0.878	Fatty amides	0.535	Primary amides	0.226	Organic acids and derivatives	0.934	Organic carbonic acids and derivatives	0.723	Ureas	0.633			Ureas	0.633	Organic compounds; Organic acids and derivatives; Organonitrogen compounds; Organooxygen compounds; Organic carbonic acids and derivatives; Ureas; Carbonyl compounds; Organic oxides; Hydrocarbon derivatives; Organopnictogen compounds; Organic oxygen compounds; Organic nitrogen compounds; Chemical entities	257.259	1208	20.134	857351224996303230	857336477249721836	857336477249721835	24222	
1	C2H4OS	[M + K]+	C2H4KOS+	Fatty acids	0.945	Fatty acyls	0.629	Oxygenated hydrocarbons	0.045	Organosulfur compounds	0.989							Organosulfur compounds	0.989	Organic compounds; Organosulfur compounds; Organic acids and derivatives; Organic oxides; Hydrocarbon derivatives; Organic oxygen compounds; Chemical entities	114.961	1213	20.210	857351231518445952	857336477300053488	857336477300053487	24318	
1	C18H39O3PS	[M + H]+	C18H40O3PS+	Fatty acids	0.468	Monoterpenoids	0.022	Glycerophosphates	0.026	Organic acids and derivatives	0.945	Organic dithiophosphoric acids and derivatives	0.724	Dithiophosphate O-esters	0.715	Phosphorodithioic acid O,O-diesters	0.708	Phosphorodithioic acid O,O-diesters	0.708	Organic compounds; Organic acids and derivatives; Organooxygen compounds; Organic thiophosphoric acids and derivatives; Thiophosphoric acid esters; Organic dithiophosphoric acids and derivatives; Hydrocarbon derivatives; Dithiophosphate O-esters; Organic oxygen compounds; Phosphorodithioic acid O,O-diesters; Chemical entities	367.243	1213	20.210	857351224492986740	857336477350385140	857336477346190835	24320	
1	C22H47NOS	[M + K]+	C22H47KNOS+	Fatty acids	0.994	Fatty amides	0.962	Primary amides	0.676	Organosulfur compounds	0.975	Sulfenyl compounds	0.737					Sulfenyl compounds	0.737	Organic compounds; Organosulfur compounds; Organic acids and derivatives; Organonitrogen compounds; Organooxygen compounds; Sulfenyl compounds; Organic oxides; Hydrocarbon derivatives; Organopnictogen compounds; Organic oxygen compounds; Organic nitrogen compounds; Chemical entities	412.301	1213	20.212	857351224249717098	857336477396522488	857336477396522487	24338	
1	C13H24O3	[M + H]+	C13H25O3+	Fatty acids	0.973	Fatty esters	0.627	Wax monoesters	0.419	Lipids and lipid-like molecules	0.774	Fatty Acyls	0.781	Fatty acid esters	0.560			Fatty acid esters	0.560	Organic compounds; Lipids and lipid-like molecules; Alcohols and polyols; Organic acids and derivatives; Carboxylic acids and derivatives; Organooxygen compounds; Fatty acid esters; Carboxylic acid derivatives; Monocarboxylic acids and derivatives; Carboxylic acid esters; Carbonyl compounds; Fatty Acyls; Organic oxides; Hydrocarbon derivatives; Organic oxygen compounds; Chemical entities	229.180	1213	20.220	857351432605965364	857336477442659836	857336477442659835	24398	
1	C28H47NO5	[M + H]+	C28H48NO5+	Fatty acids	0.953	Spingolipids	0.123	Fatty acyl carnitines	0.153	Organic acids and derivatives	0.981	Carboxylic acids and derivatives	0.980	Amino acids, peptides, and analogues	0.671	Amino acids and derivatives	0.670	Alpha amino acids and derivatives	0.559	Organic compounds; Lipids and lipid-like molecules; Amino acids, peptides, and analogues; Alpha amino acids and derivatives; Organic acids and derivatives; Carboxylic acids and derivatives; Organonitrogen compounds; Organooxygen compounds; Fatty amides; Dicarboxylic acids and derivatives; Amino acids and derivatives; Carboxylic acid amides; Carboxylic acid derivatives; Carboxylic acid esters; Carbonyl compounds; Benzene and substituted derivatives; Benzenoids; Amines; Fatty Acyls; Organic oxides; Hydrocarbon derivatives; Organopnictogen compounds; Organic oxygen compounds; Organic nitrogen compounds; Chemical entities	478.353	1214	20.226	857351465581584679	857336477492991488	857336477492991487	24356	
1	C21H44O4	[M + H]+	C21H45O4+	Fatty acids	1.000	Glycerolipids	0.951	Fatty alcohols	0.906	Lipids and lipid-like molecules	0.898	Fatty Acyls	0.894	Fatty acid esters	0.694			Fatty acid esters	0.694	Organic compounds; Lipids and lipid-like molecules; Alcohols and polyols; Glycerolipids; Organic acids and derivatives; Carboxylic acids and derivatives; Primary alcohols; Organooxygen compounds; Fatty acid esters; Carboxylic acid derivatives; Carboxylic acid esters; Fatty Acyls; Organic oxides; Hydrocarbon derivatives; Organic oxygen compounds; Chemical entities	361.331	1214	20.227	857351458879086096	857336477539128836	857336477534934531	24381	
1	C21H48FN5O	[M + H]+	C21H49FN5O+	Alkaloids	0.472	Histidine alkaloids	0.174	Imidazole alkaloids	0.172	Organoheterocyclic compounds	0.853	Azoles	0.867					Azoles	0.867	Organic compounds; Organoheterocyclic compounds; Organic acids and derivatives; Organohalogen compounds; Organonitrogen compounds; Organooxygen compounds; Azoles; Organofluorides; Carbonyl compounds; Organic oxides; Azacyclic compounds; Heteroaromatic compounds; Hydrocarbon derivatives; Organopnictogen compounds; Organic oxygen compounds; Organic nitrogen compounds; Chemical entities	406.389	1214	20.227	857351477258527231	857336477585266184	857336477585266183	24386	
1	C21H26O3	[M + H]+	C21H27O3+	Polyketides	0.834	Phloroglucinols	0.880	Acyl phloroglucinols	0.824	Benzenoids	1.000	Benzene and substituted derivatives	1.000	Benzophenones	0.998			Benzophenones	0.998	Organic compounds; Ketones; Benzophenones; Alkyl aryl ethers; Phenols; Ethers; Organic acids and derivatives; Benzoyl derivatives; Organooxygen compounds; Diphenylmethanes; Carbonyl compounds; Benzene and substituted derivatives; Phenol ethers; Benzenoids; Aryl ketones; Vinylogous acids; Organic oxides; Hydrocarbon derivatives; Phenylketones; Aryl-phenylketones; Organic oxygen compounds; 1-hydroxy-2-unsubstituted benzenoids; 1-hydroxy-4-unsubstituted benzenoids; Phenoxy compounds; Chemical entities	327.195	1225	20.424	857351474507063797	857336477639792140	857336477639792139	24591	
1	C36H75N	[M + H]+	C36H76N+	Alkaloids	0.705	Ornithine alkaloids	0.109	Polyamines	0.144	Organic nitrogen compounds	1.000	Organonitrogen compounds	1.000	Aminoxides	0.159	Long-chain alkyl amine oxides	0.527	Long-chain alkyl amine oxides	0.527	Organic compounds; Organonitrogen compounds; Quaternary ammonium salts; Amines; Organic cations; Organic salts; Hydrocarbon derivatives; Long-chain alkyl amine oxides; Organopnictogen compounds; Organic nitrogen compounds; Chemical entities	522.597	1229	20.476	857351573031266048	857336477690123792	857336477690123791	24641	
1	C22H34O4	[M + H]+	C22H35O4+	Polyketides	0.284	Sesquiterpenoids	0.074	Simple phenolic acids	0.025	Benzenoids	0.990	Benzene and substituted derivatives	0.970	Benzoic acids and derivatives	0.983	Benzoic acid esters	0.954	Benzoic acid esters	0.954	Organic compounds; Benzoic acids and derivatives; Organic acids and derivatives; Carboxylic acids and derivatives; Benzoyl derivatives; Organooxygen compounds; Dicarboxylic acids and derivatives; Carboxylic acid derivatives; Carboxylic acid esters; Benzoic acid esters; Benzene and substituted derivatives; Benzenoids; Organic oxides; Hydrocarbon derivatives; Organic oxygen compounds; Chemical entities	363.253	1229	20.492	857351578362226709	857336477761426964	857336477761426963	24647	
1	C24H37NO7	[M + H]+	C24H38NO7+	Alkaloids	0.527	Tyrosine alkaloids	0.280	Open-chain polyketides	0.035	Benzenoids	0.647	Benzene and substituted derivatives	0.513					Benzene and substituted derivatives	0.513	Organic compounds; Lipids and lipid-like molecules; Alcohols and polyols; Ethers; Organic acids and derivatives; Carboxylic acids and derivatives; Organonitrogen compounds; Organooxygen compounds; Carboxylic acid derivatives; Carbonyl compounds; Benzene and substituted derivatives; Benzenoids; Fatty Acyls; Organic oxides; Hydrocarbon derivatives; Organopnictogen compounds; Organic oxygen compounds; Organic nitrogen compounds; Chemical entities	452.264	1232	20.531	857351572649584363	857336477815952920	857336477815952919	24666	
1	C25H32N2O4	[M + H]+	C25H33N2O4+	Alkaloids	0.418	Pseudoalkaloids (transamidation)	0.138	Piperidine alkaloids	0.032	Organic acids and derivatives	0.963	Carboxylic acids and derivatives	0.954	Amino acids, peptides, and analogues	0.648	Amino acids and derivatives	0.649	Alpha amino acids and derivatives	0.590	Organic compounds; Organoheterocyclic compounds; Amino acids, peptides, and analogues; Alpha amino acids and derivatives; Benzoic acids and derivatives; Organic acids and derivatives; Carboxylic acids and derivatives; Organonitrogen compounds; Benzoyl derivatives; Organooxygen compounds; Amino acids and derivatives; Carboxylic acid amides; Carboxylic acid derivatives; Secondary carboxylic acid amides; Carbonyl compounds; Benzene and substituted derivatives; Benzenoids; Organic oxides; Hydrocarbon derivatives; Organopnictogen compounds; Organic oxygen compounds; Organic nitrogen compounds; Chemical entities	425.245	1246	20.760	857351572754441973	857336477862090268	857336477862090267	24830	
1	C21H28N2O2	[M + H]+	C21H29N2O2+	Alkaloids	0.894	Tryptophan alkaloids	0.577	Carboline alkaloids	0.120	Benzenoids	0.934							Benzenoids	0.934	Organic compounds; Organoheterocyclic compounds; Pyridines and derivatives; Organic acids and derivatives; Carboxylic acids and derivatives; Organonitrogen compounds; Organooxygen compounds; Carboxylic acid derivatives; Monocarboxylic acids and derivatives; Carboxylic acid esters; Benzenoids; Organic oxides; Azacyclic compounds; Heteroaromatic compounds; Hydrocarbon derivatives; Organopnictogen compounds; Organic oxygen compounds; Organic nitrogen compounds; Chemical entities	341.222	1251	20.854	857351592950019252	857336477912421920	857336477912421919	24898	
1	C18H36N2S4	[M + H]+	C18H37N2S4+	Fatty acids	0.157	Fatty amides	0.022	Primary amides	0.022	Organic acids and derivatives	0.505	Dithiocarbamic acids and derivatives	0.887	Dithiocarbamic acid esters	0.887			Dithiocarbamic acid esters	0.887	Organic compounds; Organosulfur compounds; Organic acids and derivatives; Organonitrogen compounds; Organic disulfides; Sulfenyl compounds; Dithiocarbamic acids and derivatives; Dithiocarbamic acid esters; Hydrocarbon derivatives; Organopnictogen compounds; Organic nitrogen compounds; Chemical entities	409.183	1251	20.854	857351583529609876	857336477966947876	857336477966947875	24899	
1	C19H39NO	[M + H]+	C19H40NO+	Fatty acids	0.998	Fatty amides	0.996	Primary amides	0.805	Lipids and lipid-like molecules	0.796	Fatty Acyls	0.788	Fatty amides	0.813	N-acyl amines	0.644	N-acyl amines	0.644	Organic compounds; Lipids and lipid-like molecules; Organic acids and derivatives; Carboxylic acids and derivatives; Organonitrogen compounds; Organooxygen compounds; Fatty amides; Carboxylic acid amides; Carboxylic acid derivatives; N-acyl amines; Carbonyl compounds; Fatty Acyls; Organic oxides; Hydrocarbon derivatives; Organopnictogen compounds; Organic oxygen compounds; Organic nitrogen compounds; Chemical entities	298.311	1253	20.886	857351579524048935	857336478013085224	857336478013085223	24916	
1	C8H4O3	[M + H]+	C8H5O3+	Polyketides	0.785	Cyclic polyketides	0.809	Phthalide derivatives	0.679	Organoheterocyclic compounds	0.944	Benzofurans	0.923	Benzofuranones	0.956	Phthalic anhydrides	0.967	Phthalic anhydrides	0.967	Organic compounds; Organoheterocyclic compounds; Organic acids and derivatives; Carboxylic acids and derivatives; Benzofurans; Organooxygen compounds; Dicarboxylic acids and derivatives; Carboxylic acid derivatives; Phthalic anhydrides; Carboxylic acid anhydrides; Benzofuranones; Benzenoids; Isobenzofuranones; Organic oxides; Oxacyclic compounds; Hydrocarbon derivatives; Isocoumarans; Organic oxygen compounds; Chemical entities	149.023	1253	20.890	857351583034681987	857336478067611180	857336478067611179	24930	
1	C22H34O4	[M + H]+	C22H35O4+	Shikimates and Phenylpropanoids	0.299	Phenolic acids (C6-C1)	0.242	Simple phenolic acids	0.218	Benzenoids	1.000	Benzene and substituted derivatives	0.998	Benzoic acids and derivatives	0.998	Benzoic acid esters	0.984	Benzoic acid esters	0.984	Organic compounds; Benzoic acids and derivatives; Organic acids and derivatives; Carboxylic acids and derivatives; Benzoyl derivatives; Organooxygen compounds; Dicarboxylic acids and derivatives; Carboxylic acid derivatives; Carboxylic acid esters; Benzoic acid esters; Benzene and substituted derivatives; Benzenoids; Organic oxides; Hydrocarbon derivatives; Organic oxygen compounds; Chemical entities	363.253	1254	20.899	857351598209676988	857336478159885876	857336478159885875	24926	
1	C38H79N	[M + H]+	C38H80N+	Fatty acids	0.692	Ornithine alkaloids	0.121	Polyamines	0.206	Organic nitrogen compounds	1.000	Organonitrogen compounds	1.000	Aminoxides	0.203	Long-chain alkyl amine oxides	0.573	Long-chain alkyl amine oxides	0.573	Organic compounds; Organonitrogen compounds; Quaternary ammonium salts; Amines; Organic cations; Organic salts; Hydrocarbon derivatives; Long-chain alkyl amine oxides; Organic nitrogen compounds; Chemical entities	550.629	1259	20.976	857351591221964933	857336478222800440	857336478218606135	24982	
1	C18H37NO	[M + H]+	C18H38NO+	Fatty acids	0.967	Spingolipids	0.810	Sphingoid bases	0.974	Organic nitrogen compounds	1.000	Organonitrogen compounds	1.000	Amines	0.997	Alkanolamines	0.956	1,2-aminoalcohols	0.946	Organic compounds; Alcohols and polyols; Organonitrogen compounds; Primary alcohols; Organooxygen compounds; Monoalkylamines; 1,2-aminoalcohols; Dialkylamines; Amines; Primary amines; Secondary amines; Alkanolamines; Hydrocarbon derivatives; Organopnictogen compounds; Organic oxygen compounds; Organic nitrogen compounds; Chemical entities	284.295	1271	21.192	857351588655050337	857336478268937788	857336478268937787	25178	
1	C20H41NO	[M + H]+	C20H42NO+	Fatty acids	1.000	Fatty amides	0.999	N-acyl amines	0.660	Lipids and lipid-like molecules	0.968	Fatty Acyls	0.974	Fatty amides	0.972	N-acyl amines	0.964	N-acyl amines	0.964	Organic compounds; Lipids and lipid-like molecules; Organic acids and derivatives; Carboxylic acids and derivatives; Organonitrogen compounds; Organooxygen compounds; Fatty amides; Carboxylic acid amides; Carboxylic acid derivatives; N-acyl amines; Tertiary carboxylic acid amides; Carbonyl compounds; Fatty Acyls; Organic oxides; Hydrocarbon derivatives; Organopnictogen compounds; Organic oxygen compounds; Organic nitrogen compounds; Chemical entities	312.326	1275	21.249	857351596829750678	857336478323463744	857336478323463743	25214	
1	C20H42O3	[M + H]+	C20H43O3+	Fatty acids	0.999	Glycerolipids	0.917	Monoacylglycerols	0.498	Lipids and lipid-like molecules	0.681	Glycerolipids	0.596					Glycerolipids	0.596	Organic compounds; Lipids and lipid-like molecules; Alcohols and polyols; Glycerolipids; Ethers; Primary alcohols; Organooxygen compounds; Dialkyl ethers; Carboxylic acid esters; Organic oxides; Hydrocarbon derivatives; Organic oxygen compounds; Chemical entities	331.321	1282	21.367	857351608573805085	857336478373795396	857336478369601091	25316	
1	C24H38O4	[M + H]+	C24H39O4+	Shikimates and Phenylpropanoids	0.264	Phenolic acids (C6-C1)	0.126	Simple phenolic acids	0.071	Benzenoids	0.999	Benzene and substituted derivatives	0.995	Benzoic acids and derivatives	0.997	Benzoic acid esters	0.988	Benzoic acid esters	0.988	Organic compounds; Benzoic acids and derivatives; Organic acids and derivatives; Carboxylic acids and derivatives; Benzoyl derivatives; Organooxygen compounds; Dicarboxylic acids and derivatives; Carboxylic acid derivatives; Carboxylic acid esters; Benzoic acid esters; Benzene and substituted derivatives; Benzenoids; Organic oxides; Hydrocarbon derivatives; Organic oxygen compounds; Chemical entities	391.284	1289	21.484	857351608418615827	857336478419932744	857336478415738439	25414	
1	C22H43NO	[M + H]+	C22H44NO+	Fatty acids	0.999	Fatty amides	0.998	Primary amides	0.988	Lipids and lipid-like molecules	0.888	Fatty Acyls	0.873	Fatty amides	0.893	N-acyl amines	0.598	N-acyl amines	0.598	Organic compounds; Lipids and lipid-like molecules; Organic acids and derivatives; Carboxylic acids and derivatives; Organonitrogen compounds; Organooxygen compounds; Fatty amides; Carboxylic acid amides; Carboxylic acid derivatives; N-acyl amines; Carbonyl compounds; Fatty Acyls; Organic oxides; Hydrocarbon derivatives; Organopnictogen compounds; Organic oxygen compounds; Organic nitrogen compounds; Chemical entities	338.342	1292	21.532	857351608661885496	857336478474458700	857336478474458699	25457	
1	C23H36O4	[M + H]+	C23H37O4+	Shikimates and Phenylpropanoids	0.208	Phenolic acids (C6-C1)	0.139	Simple phenolic acids	0.094	Benzenoids	0.999	Benzene and substituted derivatives	0.997	Benzoic acids and derivatives	0.998	Benzoic acid esters	0.991	Benzoic acid esters	0.991	Organic compounds; Benzoic acids and derivatives; Organic acids and derivatives; Carboxylic acids and derivatives; Benzoyl derivatives; Organooxygen compounds; Dicarboxylic acids and derivatives; Carboxylic acid derivatives; Carboxylic acid esters; Benzoic acid esters; Benzene and substituted derivatives; Benzenoids; Organic oxides; Hydrocarbon derivatives; Organic oxygen compounds; Chemical entities	377.269	1295	21.582	857351608577999395	857336478520596048	857336478520596047	25520	
1	C8H4O3	[M + H]+	C8H5O3+	Polyketides	0.801	Cyclic polyketides	0.880	Phthalide derivatives	0.782	Organoheterocyclic compounds	0.942	Benzofurans	0.908	Benzofuranones	0.950	Phthalic anhydrides	0.967	Phthalic anhydrides	0.967	Organic compounds; Organoheterocyclic compounds; Organic acids and derivatives; Carboxylic acids and derivatives; Benzofurans; Organooxygen compounds; Dicarboxylic acids and derivatives; Carboxylic acid derivatives; Phthalic anhydrides; Carboxylic acid anhydrides; Benzofuranones; Benzenoids; Isobenzofuranones; Organic oxides; Oxacyclic compounds; Hydrocarbon derivatives; Isocoumarans; Organic oxygen compounds; Chemical entities	149.023	1296	21.598	857351615838339733	857336478617065048	857336478617065047	25517	
1	C4H6N3OS	[M + K]+	C4H6KN3OS+	Alkaloids	0.832	Histidine alkaloids	0.615	Imidazole alkaloids	0.615	Organoheterocyclic compounds	0.983	Azoles	0.767					Azoles	0.767	Organic compounds; Organoheterocyclic compounds; Organonitrogen compounds; Organooxygen compounds; Azoles; Azacyclic compounds; Heteroaromatic compounds; Hydrocarbon derivatives; Organopnictogen compounds; Organic oxygen compounds; Organic nitrogen compounds; Chemical entities	182.985	1297	21.617	857351620699538103	857336478671591004	857336478667396699	25513	
1	C7H12ClFO	[M + K]+	C7H12ClFKO+	Fatty acids	0.965	Fatty Acids and Conjugates	0.624	Halogenated fatty acids	0.871	Organohalogen compounds	1.000	Alkyl halides	0.972	Alkyl chlorides	0.865			Alkyl chlorides	0.865	Organic compounds; Organohalogen compounds; Organooxygen compounds; Alkyl chlorides; Alkyl fluorides; Organochlorides; Organofluorides; Alkyl halides; Hydrocarbon derivatives; Organic oxygen compounds; Chemical entities	205.017	1298	21.628	857351617310540460	857336478948415080	857336478948415079	25538	
1	C22H42O4	[M + H]+	C22H43O4+	Fatty acids	0.992	Fatty esters	0.989	Wax diesters	0.987	Lipids and lipid-like molecules	0.980	Fatty Acyls	0.991	Fatty acid esters	0.985			Fatty acid esters	0.985	Organic compounds; Lipids and lipid-like molecules; Organic acids and derivatives; Carboxylic acids and derivatives; Organooxygen compounds; Fatty acid esters; Dicarboxylic acids and derivatives; Carboxylic acid derivatives; Carboxylic acid esters; Carbonyl compounds; Fatty Acyls; Organic oxides; Hydrocarbon derivatives; Organic oxygen compounds; Chemical entities	371.316	1299	21.650	857351622624723662	857336479032301168	857336479032301167	25611	
1	C24H38O4	[M + H]+	C24H39O4+	Shikimates and Phenylpropanoids	0.245	Phenolic acids (C6-C1)	0.096	Simple phenolic acids	0.058	Benzenoids	0.999	Benzene and substituted derivatives	0.994	Benzoic acids and derivatives	0.996	Benzoic acid esters	0.986	Benzoic acid esters	0.986	Organic compounds; Benzoic acids and derivatives; Organic acids and derivatives; Carboxylic acids and derivatives; Benzoyl derivatives; Organooxygen compounds; Dicarboxylic acids and derivatives; Carboxylic acid derivatives; Carboxylic acid esters; Benzoic acid esters; Benzene and substituted derivatives; Benzenoids; Organic oxides; Hydrocarbon derivatives; Organic oxygen compounds; Chemical entities	391.284	1300	21.663	857351632904962837	857336479078438516	857336479078438515	25626	
1	C24H49NO4	[M + H]+	C24H50NO4+	Fatty acids	0.997	Fatty amides	0.657	Fatty acyl carnitines	0.293	Lipids and lipid-like molecules	0.934	Fatty Acyls	0.936	Fatty amides	0.759	N-acyl amines	0.741	N-acyl amines	0.741	Organic compounds; Lipids and lipid-like molecules; Alcohols and polyols; Organic acids and derivatives; Carboxylic acids and derivatives; Organonitrogen compounds; Organooxygen compounds; Fatty amides; Carboxylic acid amides; Carboxylic acid derivatives; N-acyl amines; Monocarboxylic acids and derivatives; Carboxylic acid esters; Secondary carboxylic acid amides; Carbonyl compounds; Amines; Fatty Acyls; Organic oxides; Hydrocarbon derivatives; Organopnictogen compounds; Organic oxygen compounds; Organic nitrogen compounds; Chemical entities	416.373	1310	21.825	857351609035178561	857336479124575864	857336479124575863	25829	
1	C22H42O4	[M + H]+	C22H43O4+	Fatty acids	0.996	Fatty esters	0.991	Wax diesters	0.992	Lipids and lipid-like molecules	0.982	Fatty Acyls	0.992	Fatty acid esters	0.988			Fatty acid esters	0.988	Organic compounds; Lipids and lipid-like molecules; Organic acids and derivatives; Carboxylic acids and derivatives; Organooxygen compounds; Fatty acid esters; Dicarboxylic acids and derivatives; Carboxylic acid derivatives; Carboxylic acid esters; Carbonyl compounds; Fatty Acyls; Organic oxides; Hydrocarbon derivatives; Organic oxygen compounds; Chemical entities	371.316	1310	21.826	857351624486994658	857336479166518908	857336479166518907	25825	
1	C22H42O4	[M + H3N + H]+	C22H46NO4+	Fatty acids	0.994	Fatty esters	0.990	Wax diesters	0.990	Lipids and lipid-like molecules	0.979	Fatty Acyls	0.990	Fatty acid esters	0.986			Fatty acid esters	0.986	Organic compounds; Lipids and lipid-like molecules; Organic acids and derivatives; Carboxylic acids and derivatives; Organooxygen compounds; Fatty acid esters; Dicarboxylic acids and derivatives; Carboxylic acid derivatives; Carboxylic acid esters; Carbonyl compounds; Fatty Acyls; Organic oxides; Hydrocarbon derivatives; Organic oxygen compounds; Chemical entities	388.342	1310	21.828	857351626256990966	857336479208461952	857336479208461951	25826	
1	C21H25ClN4OS2	[M + Na]+	C21H25ClN4NaOS2+	Alkaloids	0.302	Tryptophan alkaloids	0.139	Acridone alkaloids	0.049	Benzenoids	0.981	Benzene and substituted derivatives	0.822	Halobenzenes	0.699	Chlorobenzenes	0.678	Chlorobenzenes	0.678	Organic compounds; Organoheterocyclic compounds; Organosulfur compounds; Halobenzenes; Organic acids and derivatives; Carboxylic acids and derivatives; Organohalogen compounds; Organonitrogen compounds; Organooxygen compounds; Azoles; Aryl chlorides; Chlorobenzenes; Organochlorides; Carbonyl compounds; Benzene and substituted derivatives; Benzenoids; Aryl halides; Organic oxides; Azacyclic compounds; Heteroaromatic compounds; Hydrocarbon derivatives; Organopnictogen compounds; Organic oxygen compounds; Organic nitrogen compounds; Chemical entities	471.105	1312	21.873	857351632686859018	857336479262987908	857336479262987907	25856	
1	C15H38O10Si5	[M + H]+	C15H39O10Si5+	Fatty acids	0.498	Monoterpenoids	0.248	Halogenated fatty acids	0.212	Organic salts	0.720	Organic metal salts	0.593	Organic metalloid salts	0.593			Organic metalloid salts	0.593	Organic compounds; Organic acids and derivatives; Organometallic compounds; Organometalloid compounds; Organic salts; Organic oxides; Organic metalloid salts; Organic metal salts; Hydrocarbon derivatives; Organic oxygen compounds; Chemical entities	519.139	1313	21.886	857351654304301856	857336479313319560	857336479309125255	25896	
1	C15H38O10Si5	[M + H3N + H]+	C15H42NO10Si5+	Fatty acids	0.496	Monoterpenoids	0.246	Halogenated fatty acids	0.204	Organic salts	0.702	Organic metal salts	0.570	Organic metalloid salts	0.570			Organic metalloid salts	0.570	Organic compounds; Organometallic compounds; Organometalloid compounds; Organic salts; Organic oxides; Organic metalloid salts; Organic metal salts; Hydrocarbon derivatives; Organic oxygen compounds; Chemical entities	536.166	1313	21.886	857351867450442601	857336479359456908	857336479359456907	25887	
1	C17H17F7N4O2Si	[M + H]+	C17H18F7N4O2Si+	Alkaloids	0.610	Pseudoalkaloids (transamidation)	0.020	Quinazoline alkaloids	0.006	Benzenoids	0.979	Benzene and substituted derivatives	0.920					Benzene and substituted derivatives	0.920	Organic compounds; Organoheterocyclic compounds; Organic acids and derivatives; Carboxylic acids and derivatives; Organohalogen compounds; Organonitrogen compounds; Organooxygen compounds; Azoles; Carboxylic acid amides; Alkyl fluorides; Carboxylic acid derivatives; Organofluorides; Benzene and substituted derivatives; Benzenoids; Alkyl halides; Organic oxides; Azacyclic compounds; Heteroaromatic compounds; Hydrocarbon derivatives; Organopnictogen compounds; Organic oxygen compounds; Organic nitrogen compounds; Chemical entities	471.105	1318	21.962	857351723283825460	857336479523034776	857336479523034775	25972	
1	C26H42O4	[M + H]+	C26H43O4+	Shikimates and Phenylpropanoids	0.153	Sesquiterpenoids	0.124	Simple phenolic acids	0.043	Benzenoids	0.998	Benzene and substituted derivatives	0.994	Benzoic acids and derivatives	0.997	Benzoic acid esters	0.989	Benzoic acid esters	0.989	Organic compounds; Benzoic acids and derivatives; Organic acids and derivatives; Carboxylic acids and derivatives; Benzoyl derivatives; Organooxygen compounds; Dicarboxylic acids and derivatives; Carboxylic acid derivatives; Carboxylic acid esters; Benzoic acid esters; Benzene and substituted derivatives; Benzenoids; Organic oxides; Hydrocarbon derivatives; Organic oxygen compounds; Chemical entities	419.315	1333	22.214	857351625304883948	857336479669835428	857336479665641123	26099	
1	C24H38O4	[M + H]+	C24H39O4+	Shikimates and Phenylpropanoids	0.250	Phenolic acids (C6-C1)	0.134	Simple phenolic acids	0.122	Benzenoids	1.000	Benzene and substituted derivatives	0.997	Benzoic acids and derivatives	0.998	Benzoic acid esters	0.990	Benzoic acid esters	0.990	Organic compounds; Benzoic acids and derivatives; Organic acids and derivatives; Carboxylic acids and derivatives; Benzoyl derivatives; Organooxygen compounds; Dicarboxylic acids and derivatives; Carboxylic acid derivatives; Carboxylic acid esters; Benzoic acid esters; Benzene and substituted derivatives; Benzenoids; Organic oxides; Hydrocarbon derivatives; Organic oxygen compounds; Chemical entities	391.284	1334	22.239	857351629700514560	857336479711778472	857336479711778471	26117	
1	C8H4O3	[M + H]+	C8H5O3+	Polyketides	0.785	Cyclic polyketides	0.808	Phthalide derivatives	0.678	Organoheterocyclic compounds	0.942	Benzofurans	0.921	Benzofuranones	0.956	Phthalic anhydrides	0.967	Phthalic anhydrides	0.967	Organic compounds; Organoheterocyclic compounds; Organic acids and derivatives; Carboxylic acids and derivatives; Benzofurans; Organooxygen compounds; Dicarboxylic acids and derivatives; Carboxylic acid derivatives; Phthalic anhydrides; Carboxylic acid anhydrides; Benzofuranones; Benzenoids; Isobenzofuranones; Organic oxides; Oxacyclic compounds; Hydrocarbon derivatives; Isocoumarans; Organic oxygen compounds; Chemical entities	149.023	1335	22.252	857351709077717802	857336479766304428	857336479766304427	26114	
1	C6H7N3O2S	[M + K]+	C6H7KN3O2S+	Alkaloids	0.852	Histidine alkaloids	0.401	Imidazole alkaloids	0.404	Organoheterocyclic compounds	0.980	Azoles	0.575					Azoles	0.575	Organic compounds; Organoheterocyclic compounds; Organonitrogen compounds; Organooxygen compounds; Azoles; Organic oxides; Azacyclic compounds; Heteroaromatic compounds; Hydrocarbon derivatives; Organopnictogen compounds; Organic oxygen compounds; Organic nitrogen compounds; Chemical entities	223.988	1343	22.379	857351851495310163	857336479854384820	857336479850190515	26215	
1	C20H22Cl2N6O2	[M + Na]+	C20H22Cl2N6NaO2+	Alkaloids	0.478	Proline alkaloids	0.212	Pyrrole alkaloids	0.207	Benzenoids	0.996	Benzene and substituted derivatives	0.930	Halobenzenes	0.904	Chlorobenzenes	0.924	Dichlorobenzenes	0.873	Organic compounds; Organoheterocyclic compounds; Halobenzenes; Organic acids and derivatives; Carboxylic acids and derivatives; Organohalogen compounds; Organonitrogen compounds; Organooxygen compounds; Azoles; Carboxylic acid amides; Aryl chlorides; Carboxylic acid derivatives; Chlorobenzenes; Organochlorides; Benzene and substituted derivatives; Benzenoids; Amines; Dichlorobenzenes; Aryl halides; Organic oxides; Azacyclic compounds; Heteroaromatic compounds; Hydrocarbon derivatives; Organopnictogen compounds; Organic oxygen compounds; Organic nitrogen compounds; Chemical entities	471.105	1355	22.576	857352001005470621	857336480047322820	857336480047322819	26341	
1	C9H21ClNOPSSi	[M + Na]+	C9H21ClNNaOPSSi+	Alkaloids	0.245	Ornithine alkaloids	0.028	Primary amides	0.010	Organosulfur compounds	0.856	Sulfenyl compounds	0.774					Sulfenyl compounds	0.774	Organic compounds; Organosulfur compounds; Organic acids and derivatives; Organohalogen compounds; Organonitrogen compounds; Alkyl chlorides; Organochlorides; Alkyl halides; Sulfenyl compounds; Organic oxides; Hydrocarbon derivatives; Organopnictogen compounds; Organic oxygen compounds; Organic nitrogen compounds; Chemical entities	308.044	1355	22.579	857351959494443910	857336480110237384	857336480110237383	26339	
1	C17H20N6O7S	[M + Na]+	C17H20N6NaO7S+	Amino acids and Peptides	0.940	β-lactams	0.798	Penicillins	0.066	Organic acids and derivatives	0.986	Carboxylic acids and derivatives	0.929	Amino acids, peptides, and analogues	0.801	Amino acids and derivatives	0.798	N-acyl-alpha amino acids and derivatives	0.795	Organic compounds; Organoheterocyclic compounds; Organosulfur compounds; Amino acids, peptides, and analogues; Alpha amino acids and derivatives; Azetidines; Tetrazoles; Lactams; Beta lactams; Benzoic acids and derivatives; Organic acids and derivatives; Carboxylic acids and derivatives; Organonitrogen compounds; Benzoyl derivatives; Organooxygen compounds; Amino acids and derivatives; Azoles; Carboxylic acid amides; Carboxylic acid derivatives; Monocarboxylic acids and derivatives; N-acyl-alpha amino acids and derivatives; Thioethers; Secondary carboxylic acid amides; Tertiary carboxylic acid amides; Carbonyl compounds; Benzene and substituted derivatives; Benzenoids; Sulfenyl compounds; Alkylarylthioethers; Organic oxides; Azacyclic compounds; Heteroaromatic compounds; Hydrocarbon derivatives; Organopnictogen compounds; Organic oxygen compounds; Aryl thioethers; Organic nitrogen compounds; Chemical entities	475.099	1355	22.582	857351983947236242	857336480168957644	857336480168957643	26351	
1	C26H42O4	[M + H]+	C26H43O4+	Shikimates and Phenylpropanoids	0.188	Phenolic acids (C6-C1)	0.109	Simple phenolic acids	0.059	Benzenoids	0.999	Benzene and substituted derivatives	0.997	Benzoic acids and derivatives	0.998	Benzoic acid esters	0.993	Benzoic acid esters	0.993	Organic compounds; Benzoic acids and derivatives; Organic acids and derivatives; Carboxylic acids and derivatives; Benzoyl derivatives; Organooxygen compounds; Dicarboxylic acids and derivatives; Carboxylic acid derivatives; Carboxylic acid esters; Benzoic acid esters; Benzene and substituted derivatives; Benzenoids; Organic oxides; Hydrocarbon derivatives; Organic oxygen compounds; Chemical entities	419.316	1365	22.755	857352011386373581	857336480269620948	857336480269620947	26479	
1	C28H49NO4	[M + H]+	C28H50NO4+	Alkaloids	0.708	Pseudoalkaloids (transamidation)	0.165	Anthranillic acid derivatives	0.011	Organic acids and derivatives	0.999	Carboxylic acids and derivatives	0.998	Amino acids, peptides, and analogues	0.748	Amino acids and derivatives	0.750	Amino acids and derivatives	0.750	Organic compounds; Amino acids, peptides, and analogues; Benzoic acids and derivatives; Organic acids and derivatives; Carboxylic acids and derivatives; Organonitrogen compounds; Benzoyl derivatives; Organooxygen compounds; Dicarboxylic acids and derivatives; Amino acids and derivatives; Carboxylic acid derivatives; Carboxylic acid esters; Benzoic acid esters; Benzene and substituted derivatives; Benzenoids; Amines; Organic oxides; Hydrocarbon derivatives; Organopnictogen compounds; Organic oxygen compounds; Organic nitrogen compounds; Chemical entities	464.373	1366	22.770	857352012451726864	857336480324146904	857336480319952599	26472	
1	C28H49NO4	[M + H]+	C28H50NO4+	Alkaloids	0.706	Pseudoalkaloids (transamidation)	0.168	Anthranillic acid derivatives	0.012	Organic acids and derivatives	0.999	Carboxylic acids and derivatives	0.999	Amino acids, peptides, and analogues	0.751	Amino acids and derivatives	0.754	Amino acids and derivatives	0.754	Organic compounds; Amino acids, peptides, and analogues; Benzoic acids and derivatives; Organic acids and derivatives; Carboxylic acids and derivatives; Organonitrogen compounds; Benzoyl derivatives; Organooxygen compounds; Dicarboxylic acids and derivatives; Amino acids and derivatives; Carboxylic acid derivatives; Carboxylic acid esters; Benzoic acid esters; Benzene and substituted derivatives; Benzenoids; Amines; Organic oxides; Hydrocarbon derivatives; Organopnictogen compounds; Organic oxygen compounds; Organic nitrogen compounds; Chemical entities	464.373	1372	22.868	857352012313314822	857336480441587424	857336480441587423	26564	
1	C26H42O4	[M + H]+	C26H43O4+	Shikimates and Phenylpropanoids	0.168	Sesquiterpenoids	0.099	Simple phenolic acids	0.053	Benzenoids	0.999	Benzene and substituted derivatives	0.994	Benzoic acids and derivatives	0.997	Benzoic acid esters	0.990	Benzoic acid esters	0.990	Organic compounds; Benzoic acids and derivatives; Organic acids and derivatives; Carboxylic acids and derivatives; Benzoyl derivatives; Organooxygen compounds; Dicarboxylic acids and derivatives; Carboxylic acid derivatives; Carboxylic acid esters; Benzoic acid esters; Benzene and substituted derivatives; Benzenoids; Organic oxides; Hydrocarbon derivatives; Organic oxygen compounds; Chemical entities	419.316	1372	22.874	857352010966943166	857336480500307684	857336480496113379	26568	
1	C25H40O4	[M + H]+	C25H41O4+	Polyketides	0.157	Sesquiterpenoids	0.098	Simple phenolic acids	0.042	Benzenoids	0.999	Benzene and substituted derivatives	0.996	Benzoic acids and derivatives	0.998	Benzoic acid esters	0.993	Benzoic acid esters	0.993	Organic compounds; Benzoic acids and derivatives; Organic acids and derivatives; Carboxylic acids and derivatives; Benzoyl derivatives; Organooxygen compounds; Dicarboxylic acids and derivatives; Carboxylic acid derivatives; Carboxylic acid esters; Benzoic acid esters; Benzene and substituted derivatives; Benzenoids; Organic oxides; Hydrocarbon derivatives; Organic oxygen compounds; Chemical entities	405.300	1374	22.904	857352011839358457	857336480554833640	857336480554833639	26594	
1	C24H47NO	[M + H]+	C24H48NO+	Fatty acids	0.998	Fatty amides	0.995	N-acyl ethanolamines (endocannabinoids)	0.512	Lipids and lipid-like molecules	0.864	Fatty Acyls	0.841	Fatty amides	0.846	N-acyl amines	0.715	N-acyl amines	0.715	Organic compounds; Lipids and lipid-like molecules; Organic acids and derivatives; Carboxylic acids and derivatives; Organonitrogen compounds; Organooxygen compounds; Fatty amides; Carboxylic acid amides; Carboxylic acid derivatives; N-acyl amines; Carbonyl compounds; Amines; Fatty Acyls; Organic oxides; Hydrocarbon derivatives; Organopnictogen compounds; Organic oxygen compounds; Organic nitrogen compounds; Chemical entities	366.373	1387	23.108	857352025001084859	857336480663885552	857336480663885551	26740	
1	C27H44O4	[M + H]+	C27H45O4+	Shikimates and Phenylpropanoids	0.141	Sesquiterpenoids	0.112	Simple phenolic acids	0.041	Benzenoids	0.998	Benzene and substituted derivatives	0.993	Benzoic acids and derivatives	0.996	Benzoic acid esters	0.987	Benzoic acid esters	0.987	Organic compounds; Benzoic acids and derivatives; Organic acids and derivatives; Carboxylic acids and derivatives; Benzoyl derivatives; Organooxygen compounds; Dicarboxylic acids and derivatives; Carboxylic acid derivatives; Carboxylic acid esters; Benzoic acid esters; Benzene and substituted derivatives; Benzenoids; Organic oxides; Hydrocarbon derivatives; Organic oxygen compounds; Chemical entities	433.331	1396	23.270	857352019154224678	857336480756160248	857336480756160247	26918	
1	C6H18O3Si3	[M + H]+	C6H19O3Si3+	Fatty acids	0.431	Monoterpenoids	0.161	Halogenated fatty acids	0.081	Organometallic compounds	0.737	Organometalloid compounds	0.737					Organometalloid compounds	0.737	Organic compounds; Organometallic compounds; Organometalloid compounds; Organic salts; Organic oxides; Hydrocarbon derivatives; Organic oxygen compounds; Chemical entities	223.064	1413	23.549	857352038661936030	857336480806491900	857336480806491899	27114	
1	C18H22N4O3S2	[M + K]+	C18H22KN4O3S2+	Amino acids and Peptides	0.986	Oligopeptides	0.452	Cyclamides	0.325	Benzenoids	0.917	Benzene and substituted derivatives	0.838					Benzene and substituted derivatives	0.838	Organic compounds; Organoheterocyclic compounds; Organosulfur compounds; Organic acids and derivatives; Carboxylic acids and derivatives; Organonitrogen compounds; Organooxygen compounds; Azoles; Carboxylic acid amides; Carboxylic acid derivatives; Secondary carboxylic acid amides; Carbonyl compounds; Benzene and substituted derivatives; Benzenoids; Sulfenyl compounds; Organic oxides; Azacyclic compounds; Heteroaromatic compounds; Hydrocarbon derivatives; Organopnictogen compounds; Organic oxygen compounds; Organic nitrogen compounds; Chemical entities	445.076	1413	23.557	857352060455539830	857336480856823552	857336480856823551	27101	
1	C11H19N7O7Si3	[M + H]+	C11H20N7O7Si3+	Carbohydrates	0.990	Nucleosides	0.983	Purine nucleosides	0.799	Organic oxygen compounds	1.000	Organooxygen compounds	0.988	Carbohydrates and carbohydrate conjugates	0.751	Glycosyl compounds	0.798	Glycosylamines	0.811	Organic compounds; Organoheterocyclic compounds; Carbohydrates and carbohydrate conjugates; Pyrimidines and pyrimidine derivatives; Imidazoles; Alcohols and polyols; Purines and purine derivatives; Organic acids and derivatives; Carboxylic acids and derivatives; Organonitrogen compounds; Nucleosides, nucleotides, and analogues; Pyrimidones; Organooxygen compounds; Azoles; Purinones; Diazines; Pentoses; Monosaccharides; Secondary alcohols; Imidazopyrimidines; Glycosyl compounds; Glycosylamines; Substituted imidazoles; N-substituted imidazoles; Amines; Primary amines; Vinylogous amides; Organic oxides; Azacyclic compounds; Oxacyclic compounds; Heteroaromatic compounds; Hydrocarbon derivatives; Organopnictogen compounds; Organic oxygen compounds; Organic nitrogen compounds; Chemical entities	446.074	1413	23.557	857352058782012522	857336480907155204	857336480907155203	27103	
1	C10H30O5Si5	[M + H]+	C10H31O5Si5+	Fatty acids	0.369	Monoterpenoids	0.122	Halogenated fatty acids	0.071	Organic salts	0.678	Organic metal salts	0.617	Organic metalloid salts	0.617			Organic metalloid salts	0.617	Organic compounds; Organometallic compounds; Organometalloid compounds; Organic salts; Organic oxides; Organic metalloid salts; Organic metal salts; Hydrocarbon derivatives; Organic oxygen compounds; Chemical entities	371.101	1414	23.562	857352055023916108	857336480953292552	857336480953292551	27132	
1	C14H30N4O6Si4	[M + H]+	C14H31N4O6Si4+	Carbohydrates	0.810	Small peptides	0.377	Halogenated fatty acids	0.164	Organic nitrogen compounds	0.993	Organonitrogen compounds	0.967	Amines	0.548			Amines	0.548	Organic compounds; Organic acids and derivatives; Organonitrogen compounds; Organooxygen compounds; Organometallic compounds; Organometalloid compounds; Carbonyl compounds; Amines; Organic salts; Organic oxides; Hydrocarbon derivatives; Organopnictogen compounds; Organic oxygen compounds; Organic nitrogen compounds; Chemical entities	463.131	1414	23.570	857352053618824250	857336481003624204	857336481003624203	27150	
1	C12H36O6Si6	[M + H]+	C12H37O6Si6+	Fatty acids	0.447	Monoterpenoids	0.098	Halogenated fatty acids	0.144	Organic salts	0.705	Organic metal salts	0.570	Organic metalloid salts	0.570			Organic metalloid salts	0.570	Organic compounds; Organometallic compounds; Organometalloid compounds; Organic salts; Organic oxides; Organic metalloid salts; Organic metal salts; Hydrocarbon derivatives; Organic oxygen compounds; Chemical entities	445.120	1415	23.578	857352091937985665	857336481053955856	857336481053955855	27178	
1	C2H4O2	[M + K]+	C2H4KO2+	Fatty acids	0.952	Fatty acyls	0.836	Oxygenated hydrocarbons	0.169	Hydrocarbon derivatives	0.932							Hydrocarbon derivatives	0.932	Organic compounds; Hydrocarbon derivatives; Organic oxygen compounds; Chemical entities	98.984	1422	23.698	857352044353606705	857336481200756508	857336481200756507	27259	
1	C28H59NO2	[M + K]+	C28H59KNO2+	Fatty acids	0.997	Spingolipids	0.839	Sphingoid bases	0.714	Lipids and lipid-like molecules	0.530							Lipids and lipid-like molecules	0.530	Organic compounds; Lipids and lipid-like molecules; Alcohols and polyols; Organonitrogen compounds; Organooxygen compounds; Amines; Hydrocarbon derivatives; Organopnictogen compounds; Organic oxygen compounds; Organic nitrogen compounds; Chemical entities	480.418	1422	23.699	857352304845051583	857336481246893856	857336481246893855	27263	
1	C31H46O	[M + H]+	C31H47O+	Terpenoids	0.977	Carotenoids (C40)	0.221	Totarane diterpenoids	0.431	Benzenoids	0.838	Phenols	0.536					Phenols	0.536	Organic compounds; Lipids and lipid-like molecules; Phenols; Prenol lipids; Organooxygen compounds; Benzenoids; Hydrocarbon derivatives; Organic oxygen compounds; Chemical entities	435.360	1422	23.700	857352306145285838	857336481288836900	857336481288836899	27268	
1	C28H46O4	[M + H]+	C28H47O4+	Shikimates and Phenylpropanoids	0.184	Phenolic acids (C6-C1)	0.083	Simple phenolic acids	0.042	Benzenoids	0.999	Benzene and substituted derivatives	0.997	Benzoic acids and derivatives	0.998	Benzoic acid esters	0.992	Benzoic acid esters	0.992	Organic compounds; Benzoic acids and derivatives; Organic acids and derivatives; Carboxylic acids and derivatives; Benzoyl derivatives; Organooxygen compounds; Dicarboxylic acids and derivatives; Carboxylic acid derivatives; Carboxylic acid esters; Benzoic acid esters; Benzene and substituted derivatives; Benzenoids; Organic oxides; Hydrocarbon derivatives; Organic oxygen compounds; Chemical entities	447.347	1437	23.954	857352305876850378	857336481330779944	857336481330779943	27438	
1	C26H50O4	[M + H3N + H]+	C26H54NO4+	Fatty acids	0.905	Fatty esters	0.829	Wax diesters	0.454	Lipids and lipid-like molecules	0.886	Fatty Acyls	0.900	Fatty alcohol esters	0.743			Fatty alcohol esters	0.743	Organic compounds; Lipids and lipid-like molecules; Organic acids and derivatives; Carboxylic acids and derivatives; Organooxygen compounds; Fatty acid esters; Dicarboxylic acids and derivatives; Carboxylic acid derivatives; Carboxylic acid esters; Fatty alcohol esters; Carbonyl compounds; Fatty Acyls; Organic oxides; Hydrocarbon derivatives; Organic oxygen compounds; Chemical entities	444.405	1456	24.274	857352305507751622	857336481376917292	857336481376917291	27614	
1	C26H50O4	[M + H]+	C26H51O4+	Fatty acids	0.974	Fatty esters	0.978	Wax diesters	0.959	Lipids and lipid-like molecules	0.962	Fatty Acyls	0.977	Fatty alcohol esters	0.649			Fatty alcohol esters	0.649	Organic compounds; Lipids and lipid-like molecules; Organic acids and derivatives; Carboxylic acids and derivatives; Organooxygen compounds; Fatty acid esters; Dicarboxylic acids and derivatives; Carboxylic acid derivatives; Carboxylic acid esters; Fatty alcohol esters; Carbonyl compounds; Fatty Acyls; Organic oxides; Hydrocarbon derivatives; Organic oxygen compounds; Chemical entities	427.378	1457	24.281	857352321148311631	857336481464997684	857336481464997683	27624	
1	C26H48O4	[M + H]+	C26H49O4+	Fatty acids	0.951	Fatty esters	0.900	Wax monoesters	0.304	Lipids and lipid-like molecules	0.861	Fatty Acyls	0.918	Fatty acid esters	0.947			Fatty acid esters	0.947	Organic compounds; Lipids and lipid-like molecules; Organic acids and derivatives; Carboxylic acids and derivatives; Organooxygen compounds; Fatty acid esters; Dicarboxylic acids and derivatives; Carboxylic acid derivatives; Carboxylic acid esters; Carbonyl compounds; Fatty Acyls; Organic oxides; Hydrocarbon derivatives; Organic oxygen compounds; Chemical entities	425.362	1463	24.384	857352316761069531	857336481511135032	857336481511135031	27672	
1	C26H55N5O	[M + K]+	C26H55KN5O+	Alkaloids	0.744	Proline alkaloids	0.153	Pyrrole alkaloids	0.156	Benzenoids	0.627							Benzenoids	0.627	Organic compounds; Organoheterocyclic compounds; Organic acids and derivatives; Organonitrogen compounds; Organooxygen compounds; Azoles; Benzenoids; Amines; Organic oxides; Azacyclic compounds; Heteroaromatic compounds; Hydrocarbon derivatives; Organopnictogen compounds; Organic oxygen compounds; Organic nitrogen compounds; Chemical entities	492.405	1472	24.527	857352318132607024	857336481557272380	857336481557272379	27739	
1	C28H46O4	[M + H]+	C28H47O4+	Shikimates and Phenylpropanoids	0.164	Phenolic acids (C6-C1)	0.078	Simple phenolic acids	0.044	Benzenoids	1.000	Benzene and substituted derivatives	0.998	Benzoic acids and derivatives	0.999	Benzoic acid esters	0.993	Benzoic acid esters	0.993	Organic compounds; Benzoic acids and derivatives; Organic acids and derivatives; Carboxylic acids and derivatives; Benzoyl derivatives; Organooxygen compounds; Dicarboxylic acids and derivatives; Carboxylic acid derivatives; Carboxylic acid esters; Benzoic acid esters; Benzene and substituted derivatives; Benzenoids; Organic oxides; Hydrocarbon derivatives; Organic oxygen compounds; Chemical entities	447.347	1472	24.527	857352319512533051	857336481599215424	857336481599215423	27736	
1	C26H48O4	[M + H]+	C26H49O4+	Fatty acids	0.936	Fatty esters	0.904	Wax diesters	0.313	Lipids and lipid-like molecules	0.850	Fatty Acyls	0.911	Fatty acid esters	0.956			Fatty acid esters	0.956	Organic compounds; Lipids and lipid-like molecules; Organic acids and derivatives; Carboxylic acids and derivatives; Organooxygen compounds; Fatty acid esters; Dicarboxylic acids and derivatives; Carboxylic acid derivatives; Carboxylic acid esters; Carbonyl compounds; Fatty Acyls; Organic oxides; Hydrocarbon derivatives; Organic oxygen compounds; Chemical entities	425.362	1473	24.552	857352320523360325	857336481649547076	857336481649547075	27757	
1	C30H58O5S	[M + H]+	C30H59O5S+	Fatty acids	0.974	Fatty esters	0.885	Wax monoesters	0.343	Organic acids and derivatives	1.000	Carboxylic acids and derivatives	1.000	Dicarboxylic acids and derivatives	0.930			Dicarboxylic acids and derivatives	0.930	Organic compounds; Organosulfur compounds; Organic acids and derivatives; Carboxylic acids and derivatives; Organooxygen compounds; Dicarboxylic acids and derivatives; Carboxylic acid derivatives; Thioethers; Carboxylic acid esters; Carbonyl compounds; Sulfenyl compounds; Dialkylthioethers; Organic oxides; Hydrocarbon derivatives; Organic oxygen compounds; Chemical entities	531.408	1496	24.935	857352323581007964	857336481737627468	857336481737627467	27957	
1	C16H48O8Si8	[M + H]+	C16H49O8Si8+	Fatty acids	0.528	Monoterpenoids	0.288	Halogenated fatty acids	0.179	Organic salts	0.716	Organic metal salts	0.624	Organic metalloid salts	0.624			Organic metalloid salts	0.624	Organic compounds; Organooxygen compounds; Organometallic compounds; Organometalloid compounds; Organic salts; Organic oxides; Organic metalloid salts; Organic metal salts; Hydrocarbon derivatives; Organic oxygen compounds; Chemical entities	593.158	1603	26.719	857352461770743479	857336481783764816	857336481783764815	28910	
1	C22H36N4O6Si5	[M + H3N + H]+	C22H40N5O6Si5+	Carbohydrates	0.379	Nucleosides	0.244	Pyridine alkaloids	0.183	Organometallic compounds	0.817	Organometalloid compounds	0.817	Organoarsenic compounds	0.348	Pentavalent organic arsenic compounds	0.602	Pentaorganoarsanes	0.602	Organic compounds; Organoheterocyclic compounds; Organic acids and derivatives; Organonitrogen compounds; Organooxygen compounds; Organometallic compounds; Organometalloid compounds; Carbonyl compounds; Amines; Organic salts; Organic oxides; Organic metalloid salts; Organic metal salts; Pentavalent organic arsenic compounds; Hydrocarbon derivatives; Tetraalkylammonium salts; Pentaorganoarsanes; Organopnictogen compounds; Organic oxygen compounds; Organic nitrogen compounds; Chemical entities	610.184	1603	26.719	857352504791719628	857336481834096468	857336481834096467	28913	
1	C3H10F4N4OSi	[M + H]+	C3H11F4N4OSi+	Alkaloids	0.718	Histidine alkaloids	0.140	Imidazole alkaloids	0.135	Organoheterocyclic compounds	0.316	Azacyclic compounds	0.595					Azacyclic compounds	0.595	Organic compounds; Organohalogen compounds; Organonitrogen compounds; Organooxygen compounds; Alkyl fluorides; Organofluorides; Alkyl halides; Azacyclic compounds; Hydrocarbon derivatives; Organopnictogen compounds; Organic oxygen compounds; Organic nitrogen compounds; Chemical entities	223.064	1670	27.834	857352485695053505	857336481930565468	857336481930565467	29534	
1	C12H36O6Si6	[M + H]+	C12H37O6Si6+	Fatty acids	0.322	Monoterpenoids	0.179	Halogenated fatty acids	0.070	Organometallic compounds	0.830	Organometalloid compounds	0.830	Organoarsenic compounds	0.175	Oxygen-containing organoarsenic compounds	0.252	Alkylarsine oxides	0.551	Organic compounds; Organometallic compounds; Organometalloid compounds; Organic salts; Organic oxides; Organic metalloid salts; Organic metal salts; Hydrocarbon derivatives; Organic oxygen compounds; Alkylarsine oxides; Chemical entities	445.120	1674	27.908	857352407404175019	857336482027034468	857336482027034467	29589	
1	C42H82O4S	[M + H]+	C42H83O4S+	Fatty acids	0.995	Fatty esters	0.975	Wax monoesters	0.602	Organic acids and derivatives	1.000	Carboxylic acids and derivatives	1.000	Dicarboxylic acids and derivatives	0.915			Dicarboxylic acids and derivatives	0.915	Organic compounds; Organosulfur compounds; Organic acids and derivatives; Carboxylic acids and derivatives; Organooxygen compounds; Dicarboxylic acids and derivatives; Carboxylic acid derivatives; Thioethers; Carboxylic acid esters; Carbonyl compounds; Sulfenyl compounds; Dialkylthioethers; Organic oxides; Hydrocarbon derivatives; Organic oxygen compounds; Chemical entities	683.601	1736	28.940	857352521082396625	857336482068977512	857336482064783207	30201	
1	C42H79FO5	[M + H3N + H]+	C42H83FNO5+	Fatty acids	1.000	Glycerolipids	1.000	Triacylglycerols	0.999	Lipids and lipid-like molecules	0.987	Glycerolipids	0.995	Triradylcglycerols	0.986	Triacylglycerols	0.965	Triacylglycerols	0.965	Organic compounds; Lipids and lipid-like molecules; Glycerolipids; Organic acids and derivatives; Carboxylic acids and derivatives; Organooxygen compounds; Fatty acid esters; Carboxylic acid derivatives; Triacylglycerols; Carboxylic acid esters; Carbonyl compounds; Tricarboxylic acids and derivatives; Triradylcglycerols; Fatty Acyls; Organic oxides; Hydrocarbon derivatives; Organic oxygen compounds; Chemical entities	700.627	1736	28.940	857352522084835289	857336482106726252	857336482106726251	30202	
1	C42H79FO5	[M + H3N + H]+	C42H83FNO5+	Fatty acids	1.000	Glycerolipids	1.000	Triacylglycerols	0.999	Lipids and lipid-like molecules	0.987	Glycerolipids	0.993	Triradylcglycerols	0.983	Triacylglycerols	0.960	Triacylglycerols	0.960	Organic compounds; Lipids and lipid-like molecules; Glycerolipids; Organic acids and derivatives; Carboxylic acids and derivatives; Organooxygen compounds; Fatty acid esters; Carboxylic acid derivatives; Triacylglycerols; Carboxylic acid esters; Carbonyl compounds; Tricarboxylic acids and derivatives; Triradylcglycerols; Fatty Acyls; Organic oxides; Hydrocarbon derivatives; Organic oxygen compounds; Chemical entities	700.627	1762	29.372	857352522542014431	857336482148669296	857336482144474991	30463	
1	C27H38O3	[M + H]+	C27H39O3+	Terpenoids	0.966	Meroterpenoids	0.763	Prenyl quinone meroterpenoids	0.757	Lipids and lipid-like molecules	0.714	Prenol lipids	0.486	Quinone and hydroquinone lipids	0.355	Vitamin E compounds	0.537	Vitamin E compounds	0.537	Organic compounds; Lipids and lipid-like molecules; Benzopyrans; Alkyl aryl ethers; Ethers; Organic acids and derivatives; Carboxylic acids and derivatives; Organooxygen compounds; Carboxylic acid derivatives; Monocarboxylic acids and derivatives; Carboxylic acid esters; Vitamin E compounds; Diterpenoids; Carbonyl compounds; Benzene and substituted derivatives; Phenol esters; Benzenoids; 1-benzopyrans; Organic oxides; Hydrocarbon derivatives; Organic oxygen compounds; Phenoxy compounds; Chemical entities	411.290	1764	29.406	857352526769873068	857336482190612340	857336482190612339	30460	
1	C42H82O4S	[M + H]+	C42H83O4S+	Fatty acids	0.995	Fatty esters	0.976	Wax monoesters	0.606	Organic acids and derivatives	1.000	Carboxylic acids and derivatives	1.000	Dicarboxylic acids and derivatives	0.913			Dicarboxylic acids and derivatives	0.913	Organic compounds; Organosulfur compounds; Organic acids and derivatives; Carboxylic acids and derivatives; Organooxygen compounds; Dicarboxylic acids and derivatives; Carboxylic acid derivatives; Thioethers; Carboxylic acid esters; Carbonyl compounds; Sulfenyl compounds; Dialkylthioethers; Organic oxides; Hydrocarbon derivatives; Organic oxygen compounds; Chemical entities	683.601	1764	29.406	857352528942522677	857336482232555384	857336482228361079	30462	
1	C42H82O4S	[M + H]+	C42H83O4S+	Fatty acids	0.996	Fatty esters	0.979	Wax monoesters	0.592	Organic acids and derivatives	1.000	Carboxylic acids and derivatives	1.000	Dicarboxylic acids and derivatives	0.925			Dicarboxylic acids and derivatives	0.925	Organic compounds; Organosulfur compounds; Organic acids and derivatives; Carboxylic acids and derivatives; Organooxygen compounds; Dicarboxylic acids and derivatives; Carboxylic acid derivatives; Thioethers; Carboxylic acid esters; Carbonyl compounds; Sulfenyl compounds; Dialkylthioethers; Organic oxides; Hydrocarbon derivatives; Organic oxygen compounds; Chemical entities	683.601	1776	29.592	857352528804110631	857336482232555388	857336482232555387	30552	
1	C42H79FO5	[M + H3N + H]+	C42H83FNO5+	Fatty acids	1.000	Glycerolipids	1.000	Triacylglycerols	0.999	Lipids and lipid-like molecules	0.987	Glycerolipids	0.996	Triradylcglycerols	0.989	Triacylglycerols	0.973	Triacylglycerols	0.973	Organic compounds; Lipids and lipid-like molecules; Glycerolipids; Organic acids and derivatives; Carboxylic acids and derivatives; Organooxygen compounds; Fatty acid esters; Carboxylic acid derivatives; Triacylglycerols; Carboxylic acid esters; Carbonyl compounds; Tricarboxylic acids and derivatives; Triradylcglycerols; Fatty Acyls; Organic oxides; Hydrocarbon derivatives; Organic oxygen compounds; Chemical entities	700.627	1776	29.592	857352528825082159	857336482236749696	857336482236749695	30553	
