formulaRank	molecularFormula	adduct	precursorFormula	NPC#pathway	NPC#pathway Probability	NPC#superclass	NPC#superclass Probability	NPC#class	NPC#class Probability	ClassyFire#superclass	ClassyFire#superclass probability	ClassyFire#class	ClassyFire#class Probability	ClassyFire#subclass	ClassyFire#subclass Probability	ClassyFire#level 5	ClassyFire#level 5 Probability	ClassyFire#most specific class	ClassyFire#most specific class Probability	ClassyFire#all classifications	ionMass	retentionTimeInSeconds	retentionTimeInMinutes	formulaId	alignedFeatureId	compoundId	mappingFeatureId	overallFeatureQuality
10	C2H8N2O5S2	[M + Na]+	C2H8N2NaO5S2+	Fatty acids	0.415	Pseudoalkaloids (transamidation)	0.035	Polyamines	0.065	Organic acids and derivatives	0.997	Organic sulfonic acids and derivatives	0.978	Organosulfonic acids and derivatives	0.978	Organosulfonamides	0.863	Organosulfonamides	0.863	Organic compounds; Organosulfur compounds; Organic acids and derivatives; Organosulfonic acids and derivatives; Organonitrogen compounds; Sulfonyls; Organosulfonamides; Aminosulfonyl compounds; Organic oxides; Hydrocarbon derivatives; Organic sulfonic acids and derivatives; Organic sulfonamides; Organopnictogen compounds; Organic oxygen compounds; Organic nitrogen compounds; Chemical entities	226.975	43	0.723	857316937149976276	857316056718928335	857316056693762510	95	
1	C3H8N2O3S2	[M + K]+	C3H8KN2O3S2+	Amino acids and Peptides	0.968	Small peptides	0.863	Aminoacids	0.855	Organic acids and derivatives	0.917	Carboxylic acids and derivatives	0.646	Carboxylic acids	0.513			Carboxylic acids	0.513	Organic compounds; Organosulfur compounds; Organic acids and derivatives; Carboxylic acids and derivatives; Organonitrogen compounds; Organooxygen compounds; Monocarboxylic acids and derivatives; Carboxylic acids; Carbonyl compounds; Organic oxides; Hydrocarbon derivatives; Organopnictogen compounds; Organic oxygen compounds; Organic nitrogen compounds; Chemical entities	222.961	47	0.782	857316993336873134	857316057075444183	857316057071249878	179	
5	C4H6F2N2	[M + Na]+	C4H6F2N2Na+	Fatty acids	0.539	Fatty acyls	0.298	Halogenated fatty acids	0.372	Organohalogen compounds	0.956	Aryl halides	0.283	Aryl fluorides	0.502			Aryl fluorides	0.502	Organic compounds; Organohalogen compounds; Organonitrogen compounds; Aryl fluorides; Organofluorides; Hydrocarbon derivatives; Organic nitrogen compounds; Chemical entities	143.040	47	0.782	857316990233088143	857316057285159387	857316057280965082	303	
1	C3H5FO3	[M + Na]+	C3H5FNaO3+	Fatty acids	0.988	Fatty Acids and Conjugates	0.991	Halogenated fatty acids	0.997	Lipids and lipid-like molecules	0.541	Fatty Acyls	0.532	Fatty acids and conjugates	0.562	Halogenated fatty acids	0.652	Halogenated fatty acids	0.652	Organic compounds; Lipids and lipid-like molecules; Fatty acids and conjugates; Organic acids and derivatives; Carboxylic acids and derivatives; Organohalogen compounds; Organooxygen compounds; Halogenated fatty acids; Alkyl fluorides; Monocarboxylic acids and derivatives; Carboxylic acids; Organofluorides; Alpha-halocarboxylic acids and derivatives; Carbonyl compounds; Alkyl halides; Alpha-halocarboxylic acids; Fatty Acyls; Organic oxides; Hydrocarbon derivatives; Organic oxygen compounds; Chemical entities	131.011	47	0.784	857316943244300045	857316057561983455	857316057553594846	193	
1	C5H5F2NO2	[M + Na]+	C5H5F2NNaO2+	Amino acids and Peptides	0.641	Small peptides	0.643	Halogenated fatty acids	0.664	Benzenoids	0.233	Benzene and substituted derivatives	0.415	Halobenzenes	0.690	Fluorobenzenes	0.689	Fluorobenzenes	0.689	Organic compounds; Halobenzenes; Organohalogen compounds; Organonitrogen compounds; Aryl fluorides; Fluorobenzenes; Organofluorides; Aryl halides; Organic oxides; Hydrocarbon derivatives; Organopnictogen compounds; Organic oxygen compounds; Organic nitrogen compounds; Chemical entities	172.019	47	0.786	857316976941338666	857316057830418915	857316057822030306	158	
1	H4N2O2S	[M + H]+	H5N2O2S+	Alkaloids	0.328	Small peptides	0.053	Polyamines	0.047	Organic nitrogen compounds	0.993	Organonitrogen compounds	0.756					Organonitrogen compounds	0.756	Organic compounds; Organosulfur compounds; Organic acids and derivatives; Organonitrogen compounds; Organic oxides; Hydrocarbon derivatives; Organic oxygen compounds; Organic nitrogen compounds; Chemical entities	97.008	47	0.787	857316931802238583	857316058325346795	857316058316958186	154	
3	CH2N2O2S	[M + CH2O2 + H]+	C2H5N2O4S+	Alkaloids	0.263	Histidine alkaloids	0.405	Imidazole alkaloids	0.403	Organic acids and derivatives	0.609	Carboxylic acids and derivatives	0.559					Carboxylic acids and derivatives	0.559	Organic compounds; Organic acids and derivatives; Carboxylic acids and derivatives; Organonitrogen compounds; Organooxygen compounds; Carbonyl compounds; Organic oxides; Hydrocarbon derivatives; Organic oxygen compounds; Organic nitrogen compounds; Chemical entities	152.997	47	0.787	857316956343111547	857316058463758831	857316058459564526	204	
2	C7H4FNO2	[M + Na]+	C7H4FNNaO2+	Alkaloids	0.647	Anthranilic acid alkaloids	0.142	Simple coumarins	0.033	Organoheterocyclic compounds	0.876	Benzisoxazoles	0.605	Benzisoxazolones	0.531			Benzisoxazolones	0.531	Organic compounds; Organoheterocyclic compounds; Isoxazoles; Organohalogen compounds; Organonitrogen compounds; Organooxygen compounds; Aryl fluorides; Organofluorides; Benzisoxazoles; Benzisoxazolones; Benzenoids; Aryl halides; Organic oxides; Azacyclic compounds; Oxacyclic compounds; Heteroaromatic compounds; Hydrocarbon derivatives; Organopnictogen compounds; Organic oxygen compounds; Organic nitrogen compounds; Chemical entities	176.013	47	0.790	857316958113107855	857316058719611383	857316058711222774	166	
2	C4H8N2O4S2	[M + K]+	C4H8KN2O4S2+	Amino acids and Peptides	0.996	Small peptides	0.928	Aminoacids	0.921	Organic acids and derivatives	0.984	Carboxylic acids and derivatives	0.925	Amino acids, peptides, and analogues	0.855	Amino acids and derivatives	0.852	Alpha amino acids and derivatives	0.850	Organic compounds; Organoheterocyclic compounds; Organosulfur compounds; Amino acids, peptides, and analogues; Alpha amino acids and derivatives; Organic acids and derivatives; Carboxylic acids and derivatives; Organonitrogen compounds; Organooxygen compounds; Amino acids and derivatives; Monocarboxylic acids and derivatives; Carboxylic acids; Carbonyl compounds; Organic oxides; Hydrocarbon derivatives; Organopnictogen compounds; Organic oxygen compounds; Organic nitrogen compounds; Chemical entities	250.956	47	0.790	857316970792488961	857316058862217723	857316058853829114	161	
1	C4H3F2NO2	[M + Na]+	C4H3F2NNaO2+	Amino acids and Peptides	0.822	Small peptides	0.748	Aminoacids	0.848	Organohalogen compounds	0.999	Aryl halides	0.287	Aryl fluorides	0.586			Aryl fluorides	0.586	Organic compounds; Organic acids and derivatives; Carboxylic acids and derivatives; Organohalogen compounds; Organonitrogen compounds; Organooxygen compounds; Carboxylic acid amides; Aryl fluorides; Monocarboxylic acids and derivatives; Carboxylic acids; Organofluorides; Carbonyl compounds; Vinyl halides; Vinylogous halides; Organic oxides; Hydrocarbon derivatives; Organopnictogen compounds; Organic oxygen compounds; Organic nitrogen compounds; Chemical entities	158.003	47	0.791	857316970188509164	857316059168401923	857316059164207618	189	
1	C2H5N3OS	[M + H]+	C2H6N3OS+	Alkaloids	0.490	Histidine alkaloids	0.471	Imidazole alkaloids	0.469	Organic nitrogen compounds	1.000	Organonitrogen compounds	1.000	N-arylamides	0.380	N-acetylarylamines	0.618	N-acetylarylamines	0.618	Organic compounds; Organoheterocyclic compounds; Thiadiazoles; Organic acids and derivatives; Carboxylic acids and derivatives; Organonitrogen compounds; Organooxygen compounds; Azoles; Carboxylic acid amides; Carboxylic acid derivatives; Carbonyl compounds; Acetamides; Organic oxides; Azacyclic compounds; Heteroaromatic compounds; Hydrocarbon derivatives; N-acetylarylamines; Organopnictogen compounds; Organic oxygen compounds; Organic nitrogen compounds; Chemical entities	120.024	48	0.792	857316936755711662	857316059311008263	857316059306813958	174	
2	CH4N2O3S	[M - H2O + H]+	CH3N2O2S+	Amino acids and Peptides	0.876	Small peptides	0.816	Aminoacids	0.864	Organic acids and derivatives	0.991	Carboxylic acids and derivatives	0.981	Carboxylic acids	0.937			Carboxylic acids	0.937	Organic compounds; Organosulfur compounds; Organic acids and derivatives; Carboxylic acids and derivatives; Organonitrogen compounds; Organooxygen compounds; Monocarboxylic acids and derivatives; Carboxylic acids; Carbonyl compounds; Organic oxides; Hydrocarbon derivatives; Organopnictogen compounds; Organic oxygen compounds; Organic nitrogen compounds; Chemical entities	106.992	48	0.793	857316938500542166	857316059449420299	857316059445225994	185	
3	CH4N2O3S	[M + H]+	CH5N2O3S+	Amino acids and Peptides	0.428	Small peptides	0.287	Aminoacids	0.256	Organic acids and derivatives	0.914	Carboxylic acids and derivatives	0.769	Carboxylic acids	0.623			Carboxylic acids	0.623	Organic compounds; Organosulfur compounds; Organic acids and derivatives; Carboxylic acids and derivatives; Organonitrogen compounds; Organooxygen compounds; Monocarboxylic acids and derivatives; Carboxylic acids; Carbonyl compounds; Organic oxides; Hydrocarbon derivatives; Organic oxygen compounds; Organic nitrogen compounds; Chemical entities	125.003	48	0.794	857316976500936727	857316059583638031	857316059579443726	254	
1	C2H2F2O3	[M + Na]+	C2H2F2NaO3+	Fatty acids	0.924	Fatty Acids and Conjugates	0.962	Halogenated fatty acids	0.986	Organic acids and derivatives	0.906	Carboxylic acids and derivatives	0.867	Alpha-halocarboxylic acids and derivatives	0.537	Alpha-halocarboxylic acids	0.577	Alpha-halocarboxylic acids	0.577	Organic compounds; Organic acids and derivatives; Carboxylic acids and derivatives; Organohalogen compounds; Organooxygen compounds; Alkyl fluorides; Monocarboxylic acids and derivatives; Carboxylic acids; Organofluorides; Alpha-halocarboxylic acids and derivatives; Carbonyl compounds; Alkyl halides; Alpha-halocarboxylic acids; Organic oxides; Hydrocarbon derivatives; Organic oxygen compounds; Chemical entities	134.987	48	0.794	857316946947870507	857316059709467155	857316059701078546	256	
1	C3H3F2NO	[M + Na]+	C3H3F2NNaO+	Fatty acids	0.646	Fatty Acids and Conjugates	0.170	Halogenated fatty acids	0.831	Organohalogen compounds	0.997	Alkyl halides	0.795	Alkyl fluorides	0.772			Alkyl fluorides	0.772	Organic compounds; Organohalogen compounds; Organonitrogen compounds; Organooxygen compounds; Alkyl fluorides; Organofluorides; Alkyl halides; Organic oxides; Hydrocarbon derivatives; Organopnictogen compounds; Organic oxygen compounds; Organic nitrogen compounds; Chemical entities	130.008	48	0.801	857316986219139177	857316060678351407	857316060665768494	196	
1	C2H3NO4S	[M + Na]+	C2H3NNaO4S+	Amino acids and Peptides	0.321	Small peptides	0.179	Aminoacids	0.209	Organic acids and derivatives	0.984	Organic sulfonic acids and derivatives	0.533	Organosulfonic acids and derivatives	0.522			Organosulfonic acids and derivatives	0.522	Organic compounds; Organosulfur compounds; Organic acids and derivatives; Carboxylic acids and derivatives; Organosulfonic acids and derivatives; Organonitrogen compounds; Organooxygen compounds; Carbonyl compounds; Organic oxides; Hydrocarbon derivatives; Organic sulfonic acids and derivatives; Organopnictogen compounds; Organic oxygen compounds; Organic nitrogen compounds; Chemical entities	159.969	48	0.803	857316952534683496	857316061231999547	857316061223610938	277	
1	C6H3O3	[M + K]+	C6H3KO3+	Shikimates and Phenylpropanoids	0.739	Phenolic acids (C6-C1)	0.900	Simple phenolic acids	0.905	Organic acids and derivatives	0.775	Carboxylic acids and derivatives	0.635					Carboxylic acids and derivatives	0.635	Organic compounds; Organoheterocyclic compounds; Organic acids and derivatives; Carboxylic acids and derivatives; Organooxygen compounds; Organic oxides; Oxacyclic compounds; Hydrocarbon derivatives; Organic oxygen compounds; Chemical entities	161.970	48	0.804	857316945123348257	857316061617875527	857316061613681222	281	
3	C2H3N2O2	[M + Na]+	C2H3N2NaO2+	Alkaloids	0.775	Nicotinic acid alkaloids	0.364	Pyridine alkaloids	0.366	Organoheterocyclic compounds	0.714	Azacyclic compounds	0.708					Azacyclic compounds	0.708	Organic compounds; Organoheterocyclic compounds; Organic acids and derivatives; Organonitrogen compounds; Organooxygen compounds; Organic oxides; Azacyclic compounds; Hydrocarbon derivatives; Organopnictogen compounds; Organic oxygen compounds; Organic nitrogen compounds; Chemical entities	110.009	49	0.819	857316960612913068	857316063069104771	857316063064910466	391	
3	C6H4Cl3N3O2	[M + H]+	C6H5Cl3N3O2+	Alkaloids	0.715	Pseudoalkaloids (transamidation)	0.490	Purine alkaloids	0.744	Organohalogen compounds	0.999	Aryl halides	0.923	Aryl chlorides	0.940			Aryl chlorides	0.940	Organic compounds; Organoheterocyclic compounds; Pyrimidines and pyrimidine derivatives; Organic acids and derivatives; Organohalogen compounds; Organonitrogen compounds; Organooxygen compounds; Aryl chlorides; Diazines; Organochlorides; Aryl halides; Vinylogous amides; Organic oxides; Azacyclic compounds; Heteroaromatic compounds; Hydrocarbon derivatives; Organopnictogen compounds; Organic oxygen compounds; Organic nitrogen compounds; Chemical entities	255.944	50	0.827	857317001230553302	857316063517895315	857316063513701010	427	
2	C7H10O3	[M + K]+	C7H10KO3+	Fatty acids	0.922	Fatty esters	0.406	Lactones	0.317	Organic oxygen compounds	1.000	Organooxygen compounds	0.999	Carbonyl compounds	0.729			Carbonyl compounds	0.729	Organic compounds; Organooxygen compounds; Carbonyl compounds; Organic oxides; Hydrocarbon derivatives; Organic oxygen compounds; Chemical entities	181.026	52	0.869	857316999875793099	857316063907965599	857316063903771294	571	
1	C6H12N2	[M + H]+	C6H13N2+	Alkaloids	0.931	Lysine alkaloids	0.105	Polyamines	0.171	Organoheterocyclic compounds	0.982	Diazinanes	0.905	Piperazines	0.911	N-alkylpiperazines	0.853	N-alkylpiperazines	0.853	Organic compounds; Organoheterocyclic compounds; Piperazines; Organonitrogen compounds; Dialkylamines; Trialkylamines; Diazinanes; Amines; Secondary amines; Tertiary amines; N-alkylpiperazines; Azacyclic compounds; Hydrocarbon derivatives; Organopnictogen compounds; Organic nitrogen compounds; Chemical entities	113.107	52	0.874	857316994276397240	857316064000240291	857316063996045986	589	
2	C9H6O2S	[M + H]+	C9H7O2S+	Shikimates and Phenylpropanoids	0.655	Tropolones	0.671	Oxygenated hydrocarbons	0.408	Benzenoids	0.513							Benzenoids	0.513	Organic compounds; Organoheterocyclic compounds; Organosulfur compounds; Organooxygen compounds; Benzenoids; Organic oxides; Hydrocarbon derivatives; Organic oxygen compounds; Chemical entities	179.017	53	0.891	857317006095945969	857316064092514983	857316064088320678	687	
1	C6H15NO3	[M + H]+	C6H16NO3+	Fatty acids	0.435	Aminosugars and aminoglycosides	0.104	Sphingoid bases	0.279	Organic nitrogen compounds	1.000	Organonitrogen compounds	1.000	Amines	0.999	Alkanolamines	0.990	1,2-aminoalcohols	0.989	Organic compounds; Alcohols and polyols; Organonitrogen compounds; Primary alcohols; Organooxygen compounds; 1,2-aminoalcohols; Trialkylamines; Amines; Tertiary amines; Alkanolamines; Hydrocarbon derivatives; Organopnictogen compounds; Organic oxygen compounds; Organic nitrogen compounds; Chemical entities	150.113	54	0.894	857316987703922824	857316064239315627	857316064235121322	698	
2	C6H12O7S3	[M - H4O2 + H]+	C6H9O5S3+	Fatty acids	0.714	Fatty Acids and Conjugates	0.421	Thia fatty acids	0.103	Organic acids and derivatives	0.966	Organic sulfonic acids and derivatives	0.741	Sulfonic acid esters	0.568			Sulfonic acid esters	0.568	Organic compounds; Organosulfur compounds; Organic acids and derivatives; Organosulfonic acids and derivatives; Organooxygen compounds; Sulfonyls; Organosulfonic acid esters; Carbonyl compounds; Organic oxides; Hydrocarbon derivatives; Organic sulfonic acids and derivatives; Sulfonic acid esters; Organic oxygen compounds; Chemical entities	256.962	54	0.897	857317028522889472	857316064381921967	857316064377727662	1491	
1	C6H15NO3	[M + Na]+	C6H15NNaO3+	Fatty acids	0.695	Small peptides	0.571	Aminoacids	0.728	Organic nitrogen compounds	0.999	Organonitrogen compounds	0.998	Amines	0.754	Alkanolamines	0.553	Alkanolamines	0.553	Organic compounds; Alcohols and polyols; Organic acids and derivatives; Carboxylic acids and derivatives; Organonitrogen compounds; Organooxygen compounds; Carbonyl compounds; Amines; Alkanolamines; Organic oxides; Hydrocarbon derivatives; Organopnictogen compounds; Organic oxygen compounds; Organic nitrogen compounds; Chemical entities	172.094	54	0.898	857317018783715581	857316064470002355	857316064465808050	682	
1	C5H13NO2	[M + H]+	C5H14NO2+	Fatty acids	0.424	Fatty amides	0.084	Sphingoid bases	0.119	Organic nitrogen compounds	1.000	Organonitrogen compounds	1.000	Amines	0.989	Alkanolamines	0.864	1,2-aminoalcohols	0.614	Organic compounds; Alcohols and polyols; Organonitrogen compounds; Primary alcohols; Organooxygen compounds; 1,2-aminoalcohols; Trialkylamines; Amines; Tertiary amines; Alkanolamines; Hydrocarbon derivatives; Organopnictogen compounds; Organic oxygen compounds; Organic nitrogen compounds; Chemical entities	120.102	54	0.903	857316991034200222	857316064566471351	857316064566471350	715	
1	C6H15NO4	[M + H]+	C6H16NO4+	Fatty acids	0.510	Fatty amides	0.054	Sphingoid bases	0.109	Organic nitrogen compounds	1.000	Organonitrogen compounds	1.000	Amines	0.997	Alkanolamines	0.973	1,2-aminoalcohols	0.963	Organic compounds; Alcohols and polyols; Organonitrogen compounds; Primary alcohols; Organooxygen compounds; 1,2-aminoalcohols; Dialkylamines; Amines; Secondary amines; Alkanolamines; Hydrocarbon derivatives; Organopnictogen compounds; Organic oxygen compounds; Organic nitrogen compounds; Chemical entities	166.107	54	0.907	857316998139351236	857316064650357435	857316064650357434	750	
1	C6H12N2O	[M + H]+	C6H13N2O+	Alkaloids	0.720	Ornithine alkaloids	0.084	Acetate-derived alkaloids	0.080	Organoheterocyclic compounds	0.880	Azacyclic compounds	0.900					Azacyclic compounds	0.900	Organic compounds; Organoheterocyclic compounds; Organonitrogen compounds; Organooxygen compounds; Amines; Azacyclic compounds; Hydrocarbon derivatives; Organopnictogen compounds; Organic oxygen compounds; Organic nitrogen compounds; Chemical entities	129.102	54	0.908	857317014102872315	857316064742632127	857316064738437822	722	
1	CH6N2O4S2	[M + H]+	CH7N2O4S2+	Fatty acids	0.240	Fatty acyls	0.029	Polyamines	0.070	Organic acids and derivatives	0.976	Organic sulfonic acids and derivatives	0.885	Organosulfonic acids and derivatives	0.883			Organosulfonic acids and derivatives	0.883	Organic compounds; Organosulfur compounds; Organic acids and derivatives; Organosulfonic acids and derivatives; Sulfonyls; Organic oxides; Hydrocarbon derivatives; Organic sulfonic acids and derivatives; Organic oxygen compounds; Organic nitrogen compounds; Chemical entities	174.985	55	0.909	857317059451687631	857316064839101123	857316064834906818	718	
1	C2H4N2O4S2	[M + H]+	C2H5N2O4S2+	Amino acids and Peptides	0.356	Histidine alkaloids	0.373	Imidazole alkaloids	0.380	Organic acids and derivatives	0.961	Carboxylic acids and derivatives	0.815	Carboxylic acids	0.720			Carboxylic acids	0.720	Organic compounds; Organosulfur compounds; Organic acids and derivatives; Carboxylic acids and derivatives; Organonitrogen compounds; Organooxygen compounds; Monocarboxylic acids and derivatives; Carboxylic acids; Carbonyl compounds; Organic oxides; Hydrocarbon derivatives; Organic oxygen compounds; Organic nitrogen compounds; Chemical entities	184.969	55	0.912	857317058654769775	857316064927181511	857316064922987206	719	
3	CH4N2O3S2	[M + C2H3N + H]+	C3H8N3O3S2+	Alkaloids	0.356	Pseudoalkaloids (transamidation)	0.019	Polyamines	0.065	Organosulfur compounds	0.975	Sulfonyls	0.945	Sulfonyl azides	0.652			Sulfonyl azides	0.652	Organic compounds; Organosulfur compounds; Organic azides; Organic acids and derivatives; Organosulfonic acids and derivatives; Organonitrogen compounds; Sulfonyls; Sulfonyl azides; Organic oxides; Hydrocarbon derivatives; Organic sulfonic acids and derivatives; Organic oxygen compounds; Organic nitrogen compounds; Chemical entities	198.001	55	0.916	857317062043767579	857316065027844811	857316065023650506	770	
1	C5H11NO2	[M + H]+	C5H12NO2+	Amino acids and Peptides	0.996	Small peptides	0.998	Aminoacids	0.997	Organic acids and derivatives	0.999	Carboxylic acids and derivatives	0.998	Amino acids, peptides, and analogues	0.979	Amino acids and derivatives	0.979	Alpha amino acids	0.717	Organic compounds; Amino acids, peptides, and analogues; Alpha amino acids and derivatives; Organic acids and derivatives; Carboxylic acids and derivatives; Organonitrogen compounds; Organooxygen compounds; Amino acids and derivatives; Quaternary ammonium salts; Monocarboxylic acids and derivatives; Carboxylic acids; Carbonyl compounds; Alpha amino acids; Amines; Organic salts; Organic oxides; Hydrocarbon derivatives; Amino acids; Tetraalkylammonium salts; Organopnictogen compounds; Organic oxygen compounds; Organic nitrogen compounds; Chemical entities	118.086	56	0.925	857317055190274405	857316065191422675	857316065187228370	846	
1	C5H2Cl3NO2	[M + H]+	C5H3Cl3NO2+	Alkaloids	0.868	Proline alkaloids	0.299	Pyrrole alkaloids	0.304	Organoheterocyclic compounds	0.985	Pyridines and derivatives	0.837	Pyridinecarboxylic acids and derivatives	0.583	Pyridinecarboxylic acids	0.562	Pyridinecarboxylic acids	0.562	Organic compounds; Organoheterocyclic compounds; Pyridines and derivatives; Organic acids and derivatives; Carboxylic acids and derivatives; Organohalogen compounds; Organonitrogen compounds; Organooxygen compounds; Aryl chlorides; Carboxylic acids; Pyridinecarboxylic acids and derivatives; Organochlorides; Pyridinecarboxylic acids; Aryl halides; Vinyl halides; Vinylogous halides; Organic oxides; Halopyridines; Polyhalopyridines; Azacyclic compounds; Heteroaromatic compounds; Hydrocarbon derivatives; 2-halopyridines; Organic oxygen compounds; Organic nitrogen compounds; Chemical entities	213.923	56	0.928	857317065701200709	857316065359194843	857316065359194842	776	
2	C8H9NO5S2	[M + K]+	C8H9KNO5S2+	Amino acids and Peptides	0.845	Small peptides	0.356	Aminoacids	0.293	Organic acids and derivatives	0.962	Carboxylic acids and derivatives	0.867	Carboxylic acids	0.809			Carboxylic acids	0.809	Organic compounds; Organosulfur compounds; Organic acids and derivatives; Carboxylic acids and derivatives; Organonitrogen compounds; Organooxygen compounds; Monocarboxylic acids and derivatives; Carboxylic acids; Carbonyl compounds; Organic oxides; Hydrocarbon derivatives; Organopnictogen compounds; Organic oxygen compounds; Organic nitrogen compounds; Chemical entities	301.958	56	0.929	857317102552355965	857316065510189795	857316065505995490	802	
1	C3H5N5O	[M + H]+	C3H6N5O+	Alkaloids	0.860	Histidine alkaloids	0.530	Imidazole alkaloids	0.532	Organoheterocyclic compounds	1.000	Triazines	0.985	Aminotriazines	0.764			Aminotriazines	0.764	Organic compounds; Organoheterocyclic compounds; Triazines; Organonitrogen compounds; Organooxygen compounds; Aminotriazines; Triazinones; Amines; Primary amines; 1,3,5-triazines; Azacyclic compounds; Heteroaromatic compounds; Hydrocarbon derivatives; Organopnictogen compounds; Organic oxygen compounds; Organic nitrogen compounds; Chemical entities	128.057	56	0.930	857317065600537406	857316065585687271	857316065585687270	812	
5	C2H2N2O3S2	[M + C2H3N + H]+	C4H6N3O3S2+	Alkaloids	0.196	Histidine alkaloids	0.459	Imidazole alkaloids	0.457	Organoheterocyclic compounds	0.594							Organoheterocyclic compounds	0.594	Organic compounds; Organoheterocyclic compounds; Organonitrogen compounds; Organooxygen compounds; Organic oxides; Hydrocarbon derivatives; Organic oxygen compounds; Organic nitrogen compounds; Chemical entities	207.985	56	0.932	857317080771335251	857316065669573355	857316065669573354	738	
3	C7H8O3Si4	[M - H2O + H]+	C7H7O2Si4+	Shikimates and Phenylpropanoids	0.452	Phenolic acids (C6-C1)	0.131	Simple phenolic acids	0.180	Benzenoids	0.950	Benzene and substituted derivatives	0.897					Benzene and substituted derivatives	0.897	Organic compounds; Organooxygen compounds; Organometallic compounds; Organometalloid compounds; Benzene and substituted derivatives; Benzenoids; Organic metalloid salts; Organic metal salts; Hydrocarbon derivatives; Organic oxygen compounds; Chemical entities	234.952	56	0.937	857317081190765666	857316065766042351	857316065761848046	1006	
5	C3H5N2O3P	[M + K]+	C3H5KN2O3P+	Alkaloids	0.235	Pseudoalkaloids (transamidation)	0.070	Pyridine alkaloids	0.023	Organic acids and derivatives	0.872	Organic phosphonic acids and derivatives	0.557					Organic phosphonic acids and derivatives	0.557	Organic compounds; Organic acids and derivatives; Organonitrogen compounds; Organooxygen compounds; Organophosphorus compounds; Organic phosphonic acids and derivatives; Organic oxides; Hydrocarbon derivatives; Organopnictogen compounds; Organic oxygen compounds; Organic nitrogen compounds; Chemical entities	186.966	56	0.938	857317075301962825	857316065283697367	857316065283697366	727	
3	C5H5BrN4O2	[M + Na]+	C5H5BrN4NaO2+	Alkaloids	0.286	Histidine alkaloids	0.390	Imidazole alkaloids	0.384	Organoheterocyclic compounds	0.939	Azoles	0.757					Azoles	0.757	Organic compounds; Organoheterocyclic compounds; Organohalogen compounds; Organonitrogen compounds; Organooxygen compounds; Azoles; Organobromides; Organic oxides; Azacyclic compounds; Heteroaromatic compounds; Hydrocarbon derivatives; Organic oxygen compounds; Organic nitrogen compounds; Chemical entities	254.949	57	0.944	857317082906236015	857316065917037303	857316065912842998	857	
2	C10H14N2	[M + H]+	C10H15N2+	Alkaloids	1.000	Nicotinic acid alkaloids	0.999	Pyridine alkaloids	0.999	Organoheterocyclic compounds	1.000	Pyridines and derivatives	0.998	Pyrrolidinylpyridines	0.807			Pyrrolidinylpyridines	0.807	Organic compounds; Organoheterocyclic compounds; Pyridines and derivatives; Pyrrolidines; Organonitrogen compounds; Alkaloids and derivatives; Pyrrolidinylpyridines; Trialkylamines; Amines; Tertiary amines; N-alkylpyrrolidines; Aralkylamines; Azacyclic compounds; Heteroaromatic compounds; Hydrocarbon derivatives; Organopnictogen compounds; Organic nitrogen compounds; Chemical entities	163.123	57	0.945	857317119929357478	857316066000923387	857316065996729082	859	
1	C3H8O4S4	[M + H]+	C3H9O4S4+	Fatty acids	0.892	Fatty acyls	0.480	Thia fatty acids	0.091	Organic acids and derivatives	0.918	Sulfinic acids and derivatives	0.398	Alkanesulfinic acids and derivatives	0.494	Alkanesulfinic acids	0.506	Alkanesulfinic acids	0.506	Organic compounds; Organosulfur compounds; Organic acids and derivatives; Sulfenyl compounds; Alkanesulfinic acids; Organic oxides; Hydrocarbon derivatives; Organic oxygen compounds; Chemical entities	236.939	57	0.953	857317109061915784	857316066084809471	857316066080615166	987	
1	C6H13NO	[M + H]+	C6H14NO+	Alkaloids	0.243	Pseudoalkaloids (transamidation)	0.486	Acetate-derived alkaloids	0.274	Organic oxygen compounds	0.995	Organooxygen compounds	0.985	Alcohols and polyols	0.637			Alcohols and polyols	0.637	Organic compounds; Alcohols and polyols; Organonitrogen compounds; Organooxygen compounds; Monoalkylamines; Amines; Primary amines; Hydrocarbon derivatives; Organopnictogen compounds; Organic oxygen compounds; Organic nitrogen compounds; Chemical entities	116.107	58	0.960	857317122534020267	857316066286136071	857316066281941766	1001	
1	C9H21NO2	[M - H2O + H]+	C9H20NO+	Fatty acids	0.847	Fatty amides	0.153	Sphingoid bases	0.540	Organic nitrogen compounds	1.000	Organonitrogen compounds	1.000	Amines	0.983	Alkanolamines	0.650	Alkanolamines	0.650	Organic compounds; Alcohols and polyols; Organonitrogen compounds; Organooxygen compounds; Monoalkylamines; Dialkylamines; Amines; Primary amines; Alkanolamines; Hydrocarbon derivatives; Organopnictogen compounds; Organic oxygen compounds; Organic nitrogen compounds; Chemical entities	158.154	58	0.960	857317124178187439	857316066370022155	857316066365827850	1067	
1	C12H23N	[M + H]+	C12H24N+	Alkaloids	0.646	Pseudoalkaloids (transamidation)	0.202	Acetate-derived alkaloids	0.191	Organic nitrogen compounds	1.000	Organonitrogen compounds	1.000	Cyclohexylamines	0.892			Cyclohexylamines	0.892	Organic compounds; Organonitrogen compounds; Dialkylamines; Amines; Secondary amines; Cyclohexylamines; Hydrocarbon derivatives; Organopnictogen compounds; Organic nitrogen compounds; Chemical entities	182.190	58	0.961	857317144830940342	857316066466491151	857316066466491150	1109	
1	C6H15N	[M + H]+	C6H16N+	Fatty acids	0.683	Fatty acyls	0.418	Polyamines	0.119	Organic nitrogen compounds	1.000	Organonitrogen compounds	1.000	Amines	0.992	Tertiary amines	0.888	Trialkylamines	0.888	Organic compounds; Organonitrogen compounds; Trialkylamines; Amines; Tertiary amines; Organic cations; Hydrocarbon derivatives; Organopnictogen compounds; Organic nitrogen compounds; Chemical entities	102.128	58	0.961	857317130519975092	857316066554571539	857316066550377234	993	
1	C8H19N	[M + H]+	C8H20N+	Fatty acids	0.691	Fatty acyls	0.837	Acetate-derived alkaloids	0.537	Organic nitrogen compounds	0.999	Organonitrogen compounds	0.997	Amines	0.853	Secondary amines	0.517	Dialkylamines	0.607	Organic compounds; Organonitrogen compounds; Dialkylamines; Amines; Secondary amines; Hydrocarbon derivatives; Organopnictogen compounds; Organic nitrogen compounds; Chemical entities	130.159	58	0.961	857317134563284149	857316066638457623	857316066638457622	1145	
2	C9H20O5	[M + Na]+	C9H20NaO5+	Fatty acids	0.993	Fatty acyls	0.952	Fatty alcohols	0.981	Organic oxygen compounds	1.000	Organooxygen compounds	0.999	Carbohydrates and carbohydrate conjugates	0.243	Sugar alcohols	0.661	Sugar alcohols	0.661	Organic compounds; Alcohols and polyols; Primary alcohols; Organooxygen compounds; Secondary alcohols; Sugar alcohols; Polyols; Hydrocarbon derivatives; Organic oxygen compounds; Chemical entities	231.120	58	0.970	857317341044677134	857316066718149403	857316066713955098	1221	
1	C12H23NO	[M + H]+	C12H24NO+	Fatty acids	0.477	Fatty amides	0.450	N-acyl amines	0.194	Organic nitrogen compounds	1.000	Organonitrogen compounds	1.000	Cyclohexylamines	0.610			Cyclohexylamines	0.610	Organic compounds; Alcohols and polyols; Organonitrogen compounds; Organooxygen compounds; Dialkylamines; Amines; Secondary amines; Cyclohexylamines; Hydrocarbon derivatives; Organopnictogen compounds; Organic oxygen compounds; Organic nitrogen compounds; Chemical entities	198.185	58	0.972	857317335273314281	857316066818812703	857316066814618398	1110	
2	C6H15NO	[M - H2O + H]+	C6H14N+	Fatty acids	0.376	Pseudoalkaloids (transamidation)	0.281	Sphingoid bases	0.505	Organic nitrogen compounds	1.000	Organonitrogen compounds	1.000	Amines	0.980	Alkanolamines	0.714	Alkanolamines	0.714	Organic compounds; Alcohols and polyols; Organonitrogen compounds; Primary alcohols; Organooxygen compounds; Monoalkylamines; Amines; Primary amines; Alkanolamines; Hydrocarbon derivatives; Organopnictogen compounds; Organic oxygen compounds; Organic nitrogen compounds; Chemical entities	100.112	59	0.977	857317334958741271	857316066990779175	857316066986584870	986	
1	C8H8N2	[M + H]+	C8H9N2+	Alkaloids	0.981	Nicotinic acid alkaloids	0.509	Pyridine alkaloids	0.509	Organoheterocyclic compounds	0.986	Benzimidazoles	0.834					Benzimidazoles	0.834	Organic compounds; Organoheterocyclic compounds; Imidazoles; Organonitrogen compounds; Benzimidazoles; Azoles; Benzenoids; Azacyclic compounds; Heteroaromatic compounds; Hydrocarbon derivatives; Organopnictogen compounds; Organic nitrogen compounds; Chemical entities	133.076	59	0.980	857317356093844425	857316067070470955	857316067070470954	1789	
1	C5H10O2Si2	[M + H]+	C5H11O2Si2+	Fatty acids	0.619	Fatty acyls	0.536	Halogenated fatty acids	0.199	Organometallic compounds	0.694	Organometalloid compounds	0.694					Organometalloid compounds	0.694	Organic compounds; Organometallic compounds; Organometalloid compounds; Organic oxides; Hydrocarbon derivatives; Organic oxygen compounds; Chemical entities	159.031	59	0.984	857317360749521967	857316067225660211	857316067225660210	1343	
1	C8H10N2O	[M + H]+	C8H11N2O+	Amino acids and Peptides	0.551	Small peptides	0.687	Aminoacids	0.553	Benzenoids	0.987	Benzene and substituted derivatives	0.935	Benzoic acids and derivatives	0.847	Aminobenzoic acids and derivatives	0.536	Aminobenzoic acids and derivatives	0.536	Organic compounds; Benzoic acids and derivatives; Benzamides; Organic acids and derivatives; Carboxylic acids and derivatives; Organonitrogen compounds; Aminobenzoic acids and derivatives; Benzoyl derivatives; Organooxygen compounds; Carboxylic acid amides; Toluenes; Carboxylic acid derivatives; Benzene and substituted derivatives; Benzenoids; Amines; Primary amines; Organic oxides; Hydrocarbon derivatives; Organopnictogen compounds; Organic oxygen compounds; Organic nitrogen compounds; Chemical entities	151.087	59	0.988	857317348237910986	857316067313740599	857316067309546294	1319	
1	C6H13NO4	[M + H]+	C6H14NO4+	Amino acids and Peptides	0.828	Small peptides	0.575	Aminoacids	0.707	Organic nitrogen compounds	1.000	Organonitrogen compounds	0.999	Amines	0.941	Alkanolamines	0.789	1,2-aminoalcohols	0.725	Organic compounds; Alcohols and polyols; Organonitrogen compounds; Primary alcohols; Organooxygen compounds; Secondary alcohols; 1,2-aminoalcohols; Polyols; Amines; Alkanolamines; Hydrocarbon derivatives; Organopnictogen compounds; Organic oxygen compounds; Organic nitrogen compounds; Chemical entities	164.092	59	0.988	857317354034441134	857316067393432379	857316067393432378	1253	
2	C3H10N2O	[M + K]+	C3H10KN2O+	Alkaloids	0.324	Ornithine alkaloids	0.400	Polyamines	0.631	Organic nitrogen compounds	1.000	Organonitrogen compounds	0.996					Organonitrogen compounds	0.996	Organic compounds; Organonitrogen compounds; Hydrocarbon derivatives; Organopnictogen compounds; Organic oxygen compounds; Organic nitrogen compounds; Chemical entities	129.041	59	0.989	857317357033368601	857316067481512767	857316067477318462	1396	
1	C5H9BrO5	[M + Na]+	C5H9BrNaO5+	Fatty acids	0.997	Fatty Acids and Conjugates	0.998	Halogenated fatty acids	0.935	Lipids and lipid-like molecules	0.803	Fatty Acyls	0.797	Fatty acids and conjugates	0.801	Halogenated fatty acids	0.806	Halogenated fatty acids	0.806	Organic compounds; Lipids and lipid-like molecules; Fatty acids and conjugates; Organic acids and derivatives; Carboxylic acids and derivatives; Organohalogen compounds; Organooxygen compounds; Dicarboxylic acids and derivatives; Halogenated fatty acids; Alkyl bromides; Carboxylic acids; Organobromides; Alpha-halocarboxylic acids and derivatives; Carbonyl compounds; Alkyl halides; Alpha-halocarboxylic acids; Fatty Acyls; Organic oxides; Hydrocarbon derivatives; Organic oxygen compounds; Chemical entities	250.954	60	0.996	857317365979821607	857316067645090631	857316067645090630	1400	
1	C13H25N5O3	[M + H]+	C13H26N5O3+	Carbohydrates	0.527	Small peptides	0.360	Aminoacids	0.109	Organoheterocyclic compounds	0.678	Azoles	0.726	Imidazoles	0.604	Substituted imidazoles	0.677	N-substituted imidazoles	0.684	Organic compounds; Organoheterocyclic compounds; Imidazoles; Organonitrogen compounds; Organooxygen compounds; Azoles; Substituted imidazoles; N-substituted imidazoles; Amines; Primary amines; Organic oxides; Azacyclic compounds; Heteroaromatic compounds; Hydrocarbon derivatives; Organopnictogen compounds; Organic oxygen compounds; Organic nitrogen compounds; Chemical entities	300.202	60	1.000	857317351467526504	857316067720588107	857316067720588106	1923	
1	C4H7NO4S2	[M + Na]+	C4H7NNaO4S2+	Amino acids and Peptides	0.841	Small peptides	0.375	Aminoacids	0.427	Organosulfur compounds	0.963	Sulfonyls	0.683					Sulfonyls	0.683	Organic compounds; Organosulfur compounds; Organic acids and derivatives; Carboxylic acids and derivatives; Organonitrogen compounds; Organooxygen compounds; Monocarboxylic acids and derivatives; Sulfonyls; Carboxylic acids; Carbonyl compounds; Organic oxides; Hydrocarbon derivatives; Organopnictogen compounds; Organic oxygen compounds; Organic nitrogen compounds; Chemical entities	219.973	60	1.003	857317372510353425	857316068089686879	857316068085492574	1489	
1	C5H10F2N2	[M + H]+	C5H11F2N2+	Alkaloids	0.884	Nicotinic acid alkaloids	0.905	Pyridine alkaloids	0.906	Organic nitrogen compounds	0.999	Organonitrogen compounds	0.998	Amines	0.752	Aralkylamines	0.653	Aralkylamines	0.653	Organic compounds; Organohalogen compounds; Organonitrogen compounds; Alkyl fluorides; Organofluorides; Amines; Primary amines; Alkyl halides; Aralkylamines; Heteroaromatic compounds; Hydrocarbon derivatives; Organopnictogen compounds; Organic nitrogen compounds; Chemical entities	137.090	60	1.004	857317365921101347	857316068160990051	857316068156795746	1470	
1	C5H8O2	[M + H]+	C5H9O2+	Fatty acids	0.999	Fatty Acids and Conjugates	0.912	Unsaturated fatty acids	0.641	Lipids and lipid-like molecules	0.660	Fatty Acyls	0.704	Fatty acids and conjugates	0.635			Fatty acids and conjugates	0.635	Organic compounds; Lipids and lipid-like molecules; Fatty acids and conjugates; Organic acids and derivatives; Carboxylic acids and derivatives; Organooxygen compounds; Monocarboxylic acids and derivatives; Carboxylic acids; Carbonyl compounds; Fatty Acyls; Organic oxides; Hydrocarbon derivatives; Organic oxygen compounds; Chemical entities	101.060	61	1.009	857317365799466519	857316068320373611	857316068320373610	1675	
5	C11H25N11	[M + H]+	C11H26N11+	Alkaloids	0.958	Ornithine alkaloids	0.295	Polyamines	0.432	Organoheterocyclic compounds	0.839	Triazines	0.396	Aminotriazines	0.410	N-aliphatic s-triazines	0.616	N-aliphatic s-triazines	0.616	Organic compounds; Organoheterocyclic compounds; Organonitrogen compounds; Azoles; Amines; N-aliphatic s-triazines; 1,3,5-triazines; Azacyclic compounds; Heteroaromatic compounds; Hydrocarbon derivatives; Organopnictogen compounds; Organic nitrogen compounds; Chemical entities	312.238	61	1.014	857317361949092926	857316068391676783	857316068391676782	1684	
2	C13H25N5O2	[M + H]+	C13H26N5O2+	Alkaloids	0.492	Small peptides	0.076	Imidazole alkaloids	0.045	Organic nitrogen compounds	1.000	Organonitrogen compounds	1.000	Amines	0.855	Tertiary amines	0.605	Trialkylamines	0.503	Organic compounds; Organoheterocyclic compounds; Ethers; Organonitrogen compounds; Organooxygen compounds; Dialkyl ethers; Trialkylamines; Amines; Tertiary amines; Organic oxides; Azacyclic compounds; Hydrocarbon derivatives; Organopnictogen compounds; Organic oxygen compounds; Organic nitrogen compounds; Chemical entities	284.207	61	1.020	857317369654031943	857316068471368563	857316068471368562	1678	
1	C8H10N4O2	[M + H]+	C8H11N4O2+	Alkaloids	1.000	Pseudoalkaloids (transamidation)	1.000	Purine alkaloids	1.000	Organoheterocyclic compounds	1.000	Imidazopyrimidines	1.000	Purines and purine derivatives	1.000	Xanthines	0.999	Xanthines	0.999	Organic compounds; Organoheterocyclic compounds; Pyrimidines and pyrimidine derivatives; Imidazoles; Lactams; Purines and purine derivatives; Xanthines; Organic acids and derivatives; Organonitrogen compounds; Alkaloids and derivatives; Pyrimidones; Organooxygen compounds; Organic carbonic acids and derivatives; Azoles; Ureas; Purinones; Diazines; 6-oxopurines; Imidazopyrimidines; Substituted imidazoles; N-substituted imidazoles; Vinylogous amides; Organic oxides; Azacyclic compounds; Heteroaromatic compounds; Hydrocarbon derivatives; Organopnictogen compounds; Organic oxygen compounds; Organic nitrogen compounds; Chemical entities	195.088	62	1.027	857317371071706913	857316068815301507	857316068815301506	1525	
1	H6O7Si2	[M + H]+	H7O7Si2+	Fatty acids	0.425	Fatty Acids and Conjugates	0.305	Halogenated fatty acids	0.170	Organoheterocyclic compounds	0.012	Organoboroxines	0.565					Organoboroxines	0.565	Organic compounds; Organic acids and derivatives; Organoarsenic compounds; Organometallic compounds; Organometalloid compounds; Polyols; Organoboroxines; Organic salts; Organic oxides; Arsine oxides; Organic metalloid salts; Organic metal salts; Pentavalent organic arsenic compounds; Hydrocarbon derivatives; Pentaorganoarsanes; Oxygen-containing organoarsenic compounds; Organic oxygen compounds; Alkylarsine oxides; Chemical entities	174.973	62	1.027	857317369599505970	857316068920159111	857316068915964806	1682	
1	C7H6O2	[M + H]+	C7H7O2+	Shikimates and Phenylpropanoids	0.958	Phenolic acids (C6-C1)	0.995	Simple phenolic acids	0.994	Benzenoids	0.965	Benzene and substituted derivatives	0.880	Benzoic acids and derivatives	0.885	Benzoic acids	0.874	Benzoic acids	0.874	Organic compounds; Benzoic acids and derivatives; Organic acids and derivatives; Carboxylic acids and derivatives; Benzoyl derivatives; Organooxygen compounds; Monocarboxylic acids and derivatives; Carboxylic acids; Benzene and substituted derivatives; Benzenoids; Benzoic acids; Organic oxides; Hydrocarbon derivatives; Organic oxygen compounds; Chemical entities	123.044	62	1.027	857317369779861083	857316069016628107	857316069012433802	1649	
1	C8H14O4	[M + H]+	C8H15O4+	Fatty acids	0.986	Fatty Acids and Conjugates	0.743	Dicarboxylic acids	0.522	Lipids and lipid-like molecules	0.727	Fatty Acyls	0.646					Fatty Acyls	0.646	Organic compounds; Lipids and lipid-like molecules; Alcohols and polyols; Organic acids and derivatives; Carboxylic acids and derivatives; Organooxygen compounds; Carboxylic acid derivatives; Carboxylic acid esters; Carbonyl compounds; Fatty Acyls; Organic oxides; Hydrocarbon derivatives; Organic oxygen compounds; Chemical entities	175.097	62	1.033	857317370388035212	857316069117291407	857316069117291406	1696	
1	C9H20O5	[M + H]+	C9H21O5+	Fatty acids	0.960	Fatty acyls	0.700	Fatty alcohols	0.677	Organic oxygen compounds	1.000	Organooxygen compounds	1.000	Ethers	0.989	Dialkyl ethers	0.987	Dialkyl ethers	0.987	Organic compounds; Alcohols and polyols; Ethers; Primary alcohols; Organooxygen compounds; Dialkyl ethers; Hydrocarbon derivatives; Organic oxygen compounds; Chemical entities	209.138	63	1.044	857317394165545018	857316069335395223	857316069331200918	1807	
10	C8H8FNO4S2	[M + Na]+	C8H8FNNaO4S2+	Amino acids and Peptides	0.488	Fatty Acids and Conjugates	0.140	Halogenated fatty acids	0.194	Organohalogen compounds	0.999	Aryl halides	0.845	Aryl fluorides	0.922			Aryl fluorides	0.922	Organic compounds; Organosulfur compounds; Organic acids and derivatives; Carboxylic acids and derivatives; Organohalogen compounds; Organooxygen compounds; Sulfones; Aryl fluorides; Monocarboxylic acids and derivatives; Sulfonyls; Carboxylic acids; Organofluorides; Aryl halides; Organic oxides; Hydrocarbon derivatives; Organic oxygen compounds; Organic nitrogen compounds; Chemical entities	287.979	63	1.050	857317626823592568	857316069553499039	857316069549304734	1606	
1	C6H15N3O3	[M + Na]+	C6H15N3NaO3+	Amino acids and Peptides	0.729	Small peptides	0.921	Aminoacids	0.780	Organic nitrogen compounds	1.000	Organonitrogen compounds	0.999	Guanidines	0.958	Nitroguanidines	0.672	Nitroguanidines	0.672	Organic compounds; Lipids and lipid-like molecules; Organonitrogen compounds; Organooxygen compounds; Guanidines; Nitramines; Carboximidamides; Organic 1,3-dipolar compounds; Allyl-type 1,3-dipolar organic compounds; Fatty Acyls; Organic oxides; Hydrocarbon derivatives; Organopnictogen compounds; Organic oxygen compounds; Nitroguanidines; Organic nitrogen compounds; Chemical entities	200.100	63	1.051	857317507818600618	857316069662550947	857316069662550946	1818	
1	C4H6N2O3S	[M + K]+	C4H6KN2O3S+	Amino acids and Peptides	0.960	Small peptides	0.949	Aminoacids	0.915	Organic acids and derivatives	0.998	Carboxylic acids and derivatives	0.992	Amino acids, peptides, and analogues	0.633	Amino acids and derivatives	0.632	Alpha amino acids and derivatives	0.581	Organic compounds; Lipids and lipid-like molecules; Amino acids, peptides, and analogues; Alpha amino acids and derivatives; Fatty acids and conjugates; Organic acids and derivatives; Carboxylic acids and derivatives; Organonitrogen compounds; Organooxygen compounds; Amino acids and derivatives; Monocarboxylic acids and derivatives; Carboxylic acids; Carbonyl compounds; Fatty Acyls; Organic oxides; Hydrocarbon derivatives; Organopnictogen compounds; Organic oxygen compounds; Organic nitrogen compounds; Chemical entities	200.972	63	1.054	857317403929884754	857316069868071851	857316069863877546	1665	
1	C8H8O3	[M + H]+	C8H9O3+	Shikimates and Phenylpropanoids	0.950	Phenolic acids (C6-C1)	0.830	Simple phenolic acids	0.600	Organic oxygen compounds	1.000	Organooxygen compounds	1.000	Carbonyl compounds	0.914	Aldehydes	0.965	Hydroxybenzaldehydes	0.828	Organic compounds; Aldehydes; Alkyl aryl ethers; Phenols; Anisoles; Ethers; Benzoyl derivatives; Organooxygen compounds; Benzaldehydes; Carbonyl compounds; Benzene and substituted derivatives; Phenol ethers; Benzenoids; Aryl-aldehydes; Organic oxides; Hydroxybenzaldehydes; Methoxybenzenes; Hydrocarbon derivatives; Organic oxygen compounds; 1-hydroxy-2-unsubstituted benzenoids; Phenoxy compounds; Chemical entities	153.055	63	1.055	857317412343658590	857316069977123759	857316069977123758	1902	
1	C8H16O6	[M + H]+	C8H17O6+	Fatty acids	0.558	Fatty Acids and Conjugates	0.557	Dicarboxylic acids	0.279	Organic oxygen compounds	1.000	Organooxygen compounds	1.000	Alcohols and polyols	0.821	Secondary alcohols	0.537	Secondary alcohols	0.537	Organic compounds; Alcohols and polyols; Ethers; Primary alcohols; Organooxygen compounds; Dialkyl ethers; Secondary alcohols; Hydrocarbon derivatives; Organic oxygen compounds; Chemical entities	209.102	63	1.056	857317416667986024	857316070115535795	857316070111341490	1822	
1	C6H6O3	[M + H]+	C6H7O3+	Polyketides	0.767	Cyclic polyketides	0.927	4-pyrone derivatives	0.899	Organoheterocyclic compounds	0.986	Furans	0.743					Furans	0.743	Organic compounds; Organoheterocyclic compounds; Furans; Organooxygen compounds; Organic oxides; Oxacyclic compounds; Heteroaromatic compounds; Hydrocarbon derivatives; Organic oxygen compounds; Chemical entities	127.039	64	1.071	857317391648962608	857316070304279479	857316070300085174	2084	
3	C3H9NO3S2	[M + K]+	C3H9KNO3S2+	Fatty acids	0.550	Small peptides	0.207	Aminoacids	0.260	Organic acids and derivatives	0.922	Organic sulfonic acids and derivatives	0.563	Organosulfonic acids and derivatives	0.564			Organosulfonic acids and derivatives	0.564	Organic compounds; Organosulfur compounds; Organic acids and derivatives; Organosulfonic acids and derivatives; Sulfonyls; Organic oxides; Hydrocarbon derivatives; Organic sulfonic acids and derivatives; Organic sulfonamides; Organic oxygen compounds; Organic nitrogen compounds; Chemical entities	209.965	65	1.086	857317435206809729	857316070560132031	857316070555937726	1850	
2	C3H9NO6S3	[M + Na]+	C3H9NNaO6S3+	Fatty acids	0.785	Fatty acyls	0.198	Fatty alcohols	0.065	Organic acids and derivatives	0.993	Organic sulfonic acids and derivatives	0.927	Organosulfonic acids and derivatives	0.927	Organosulfonamides	0.517	Organosulfonamides	0.517	Organic compounds; Organosulfur compounds; Organic acids and derivatives; Organosulfonic acids and derivatives; Sulfonyls; Organosulfonamides; Alkanesulfonic acids and derivatives; Aminosulfonyl compounds; Organic oxides; Hydrocarbon derivatives; Organic sulfonic acids and derivatives; Organic sulfonamides; Organic oxygen compounds; Organic nitrogen compounds; Chemical entities	273.950	66	1.096	857317437400430730	857316070706932675	857316070702738370	2111	
1	C7H5NS	[M + H]+	C7H6NS+	Alkaloids	0.417	Nicotinic acid alkaloids	0.388	Pyridine alkaloids	0.389	Benzenoids	0.724							Benzenoids	0.724	Organic compounds; Organoheterocyclic compounds; Thiazoles; Organonitrogen compounds; Nitriles; Benzenoids; Heteroaromatic compounds; Hydrocarbon derivatives; Organic cyanides; Organic nitrogen compounds; Chemical entities	136.022	66	1.100	857317431796840564	857316070807595975	857316070803401670	2213	
2	C13H25N5O2	[M + H]+	C13H26N5O2+	Alkaloids	0.304	Small peptides	0.218	Imidazole alkaloids	0.071	Organoheterocyclic compounds	0.828	Triazines	0.218	1,3,5-triazines	0.510			1,3,5-triazines	0.510	Organic compounds; Organoheterocyclic compounds; Organonitrogen compounds; Organooxygen compounds; Azoles; Amines; 1,3,5-triazines; Azacyclic compounds; Heteroaromatic compounds; Hydrocarbon derivatives; Organopnictogen compounds; Organic oxygen compounds; Organic nitrogen compounds; Chemical entities	284.207	68	1.135	857317439887653013	857316071101197267	857316071101197266	2268	
1	C8H4O4	[M + H]+	C8H5O4+	Polyketides	0.847	Cyclic polyketides	0.843	Phthalide derivatives	0.793	Organoheterocyclic compounds	0.962	Benzofurans	0.884	Benzofuranones	0.933	Phthalic anhydrides	0.976	Phthalic anhydrides	0.976	Organic compounds; Organoheterocyclic compounds; Organic acids and derivatives; Carboxylic acids and derivatives; Benzofurans; Organooxygen compounds; Carboxylic acid derivatives; Phthalic anhydrides; Carboxylic acid anhydrides; Benzofuranones; Benzenoids; Isobenzofuranones; Organic oxides; Oxacyclic compounds; Hydrocarbon derivatives; Isocoumarans; Organic oxygen compounds; Chemical entities	165.018	68	1.137	857317506602252448	857316071193471959	857316071189277654	2248	
1	C5H9NO2Se	[M + H]+	C5H10NO2Se+	Amino acids and Peptides	0.626	Small peptides	0.594	Aminoacids	0.422	Organic acids and derivatives	0.651	Carboxylic acids and derivatives	0.569	Amino acids, peptides, and analogues	0.519	Amino acids and derivatives	0.520	Amino acids and derivatives	0.520	Organic compounds; Amino acids, peptides, and analogues; Organic acids and derivatives; Carboxylic acids and derivatives; Organonitrogen compounds; Organooxygen compounds; Amino acids and derivatives; Organometallic compounds; Organometalloid compounds; Carbonyl compounds; Selenoethers; Organoselenium compounds; Organic oxides; Hydrocarbon derivatives; Organic oxygen compounds; Organic nitrogen compounds; Chemical entities	189.993	68	1.141	857317595924150539	857316071390604255	857316071386409950	2328	
2	C7H5N3O4S	[M + K]+	C7H5KN3O4S+	Alkaloids	0.817	Nicotinic acid alkaloids	0.411	Pyridine alkaloids	0.409	Benzenoids	0.725	Benzene and substituted derivatives	0.553	Nitrobenzenes	0.642			Nitrobenzenes	0.642	Organic compounds; Organoheterocyclic compounds; Nitrobenzenes; Organic acids and derivatives; Carboxylic acids and derivatives; Organonitrogen compounds; Organooxygen compounds; Organic nitro compounds; Organic oxoazanium compounds; Benzene and substituted derivatives; Benzenoids; Organic 1,3-dipolar compounds; Allyl-type 1,3-dipolar organic compounds; Propargyl-type 1,3-dipolar organic compounds; Organic oxides; C-nitro compounds; Azacyclic compounds; Heteroaromatic compounds; Hydrocarbon derivatives; Organopnictogen compounds; Organic oxygen compounds; Nitroaromatic compounds; Organic nitrogen compounds; Chemical entities	265.966	69	1.149	857317612026086622	857316071470296035	857316071470296034	2281	
3	C2H6N2O4S2	[M + K]+	C2H6KN2O4S2+	Alkaloids	0.226	Small peptides	0.021	Polyamines	0.026	Organic acids and derivatives	0.989	Organic sulfonic acids and derivatives	0.961	Organosulfonic acids and derivatives	0.960			Organosulfonic acids and derivatives	0.960	Organic compounds; Organosulfur compounds; Organic acids and derivatives; Organosulfonic acids and derivatives; Organonitrogen compounds; Sulfonyls; Organic oxides; Hydrocarbon derivatives; Organic sulfonic acids and derivatives; Organic oxygen compounds; Organic nitrogen compounds; Chemical entities	224.939	70	1.164	857317612571346156	857316071575153639	857316071575153638	2317	
1	C2H8N2O5S2	[M + K]+	C2H8KN2O5S2+	Fatty acids	0.318	Fatty acyls	0.027	Polyamines	0.039	Organic acids and derivatives	0.998	Organic sulfonic acids and derivatives	0.959	Organosulfonic acids and derivatives	0.958	Alkanesulfonic acids and derivatives	0.821	Alkanesulfonic acids	0.598	Organic compounds; Organosulfur compounds; Organic acids and derivatives; Organosulfonic acids and derivatives; Sulfonyls; Alkanesulfonic acids and derivatives; Alkanesulfonic acids; Organic oxides; Hydrocarbon derivatives; Organic sulfonic acids and derivatives; Organic oxygen compounds; Organic nitrogen compounds; Chemical entities	242.950	71	1.177	857317624718051032	857316071671622635	857316071671622634	2347	
1	C5H11NO	[M + H]+	C5H12NO+	Amino acids and Peptides	0.458	Fatty amides	0.222	Aminoacids	0.214	Organic oxygen compounds	0.998	Organooxygen compounds	0.993	Ethers	0.744	Dialkyl ethers	0.710	Dialkyl ethers	0.710	Organic compounds; Organoheterocyclic compounds; Ethers; Organonitrogen compounds; Organooxygen compounds; Dialkyl ethers; Amines; Hydrocarbon derivatives; Organopnictogen compounds; Organic oxygen compounds; Organic nitrogen compounds; Chemical entities	102.091	71	1.183	857317597438294314	857316071759703023	857316071759703022	2379	
1	C9H4O5	[M + H]+	C9H5O5+	Polyketides	0.841	Cyclic polyketides	0.730	Phthalide derivatives	0.559	Organoheterocyclic compounds	0.966	Benzofurans	0.913	Benzofuranones	0.952	Phthalic anhydrides	0.991	Phthalic anhydrides	0.991	Organic compounds; Organoheterocyclic compounds; Organic acids and derivatives; Carboxylic acids and derivatives; Benzofurans; Organooxygen compounds; Carboxylic acid derivatives; Phthalic anhydrides; Carboxylic acid anhydrides; Benzofuranones; Benzenoids; Isobenzofuranones; Organic oxides; Oxacyclic compounds; Hydrocarbon derivatives; Isocoumarans; Organic oxygen compounds; Chemical entities	193.013	71	1.184	857317610679715013	857316071843589107	857316071843589106	2348	
10	C7H7N3OS5	[M + Na]+	C7H7N3NaOS5+	Amino acids and Peptides	0.797	Oligopeptides	0.379	Tantazoles and mirabazoles	0.424	Organoheterocyclic compounds	0.987	Azoles	0.866					Azoles	0.866	Organic compounds; Organoheterocyclic compounds; Organosulfur compounds; Organic acids and derivatives; Organonitrogen compounds; Organooxygen compounds; Azoles; Sulfenyl compounds; Organic oxides; Azacyclic compounds; Heteroaromatic compounds; Hydrocarbon derivatives; Organopnictogen compounds; Organic oxygen compounds; Organic nitrogen compounds; Chemical entities	331.907	72	1.204	857317617981998338	857316072019749883	857316072015555578	2460	
1	C2H7NO3S2	[M + K]+	C2H7KNO3S2+	Fatty acids	0.535	Fatty acyls	0.070	Polyamines	0.023	Organic acids and derivatives	0.966	Organic sulfonic acids and derivatives	0.856	Organosulfonic acids and derivatives	0.857	Organosulfonamides	0.809	Organosulfonamides	0.809	Organic compounds; Organosulfur compounds; Organic acids and derivatives; Organosulfonic acids and derivatives; Sulfonyls; Organosulfonamides; Aminosulfonyl compounds; Organic oxides; Hydrocarbon derivatives; Organic sulfonic acids and derivatives; Organic sulfonamides; Organic oxygen compounds; Organic nitrogen compounds; Chemical entities	195.949	72	1.208	857317619273843975	857316072099441663	857316072099441662	2381	
1	C5H11NO3	[M + H]+	C5H12NO3+	Amino acids and Peptides	0.999	Small peptides	0.999	Aminoacids	0.999	Organic acids and derivatives	0.991	Carboxylic acids and derivatives	0.988	Amino acids, peptides, and analogues	0.946	Amino acids and derivatives	0.946	Alpha amino acids	0.817	Organic compounds; Amino acids, peptides, and analogues; Alpha amino acids and derivatives; Alcohols and polyols; Organic acids and derivatives; Carboxylic acids and derivatives; Organonitrogen compounds; Organooxygen compounds; Amino acids and derivatives; Monoalkylamines; Monocarboxylic acids and derivatives; Carboxylic acids; Carbonyl compounds; Alpha amino acids; Amines; Primary amines; Organic oxides; Hydrocarbon derivatives; Amino acids; Organopnictogen compounds; Organic oxygen compounds; Organic nitrogen compounds; Chemical entities	134.081	81	1.357	857317621144503825	857316072367877131	857316072367877130	2456	
1	C9H19NO	[M + H]+	C9H20NO+	Alkaloids	0.666	Pseudoalkaloids (transamidation)	0.485	Acetate-derived alkaloids	0.132	Organic nitrogen compounds	1.000	Organonitrogen compounds	1.000	Amines	0.979			Amines	0.979	Organic compounds; Organonitrogen compounds; Organooxygen compounds; Amines; Organic cations; Organic oxides; Hydrocarbon derivatives; Organopnictogen compounds; Organic oxygen compounds; Organic nitrogen compounds; Chemical entities	158.154	95	1.586	857317623887578837	857316072460151823	857316072460151822	2665	
1	C10H30O5Si5	[M + H]+	C10H31O5Si5+	Fatty acids	0.623	Monoterpenoids	0.196	Halogenated fatty acids	0.326	Organic salts	0.715	Organic metal salts	0.667	Organic metalloid salts	0.667			Organic metalloid salts	0.667	Organic compounds; Organic acids and derivatives; Organooxygen compounds; Organometallic compounds; Organometalloid compounds; Organic salts; Organic oxides; Organic metalloid salts; Organic metal salts; Hydrocarbon derivatives; Organic oxygen compounds; Chemical entities	371.101	111	1.853	857317662772976544	857316072560815123	857316072556620818	2806	
2	C6H8O2	[M + H3N + H]+	C6H12NO2+	Fatty acids	0.975	Fatty Acids and Conjugates	0.954	Unsaturated fatty acids	0.888	Organic acids and derivatives	0.971	Carboxylic acids and derivatives	0.975	Carboxylic acids	0.917			Carboxylic acids	0.917	Organic compounds; Organic acids and derivatives; Carboxylic acids and derivatives; Organooxygen compounds; Monocarboxylic acids and derivatives; Carboxylic acids; Carbonyl compounds; Organic oxides; Hydrocarbon derivatives; Organic oxygen compounds; Chemical entities	130.086	111	1.853	857317629226929026	857316072653089815	857316072653089814	2797	
1	C10H16	[M + H]+	C10H17+	Terpenoids	0.987	Monoterpenoids	0.936	Pinane monoterpenoids	0.621	Lipids and lipid-like molecules	0.847	Prenol lipids	0.810	Monoterpenoids	0.723			Monoterpenoids	0.723	Organic compounds; Lipids and lipid-like molecules; Prenol lipids; Monoterpenoids; Hydrocarbons; Olefins; Cyclic olefins; Polycyclic hydrocarbons; Unsaturated hydrocarbons; Unsaturated aliphatic hydrocarbons; Branched unsaturated hydrocarbons; Chemical entities	137.133	116	1.932	857317630351002821	857316072757947419	857316072757947418	2845	
2	C5H9NO4Se	[M - H2O + H]+	C5H8NO3Se+	Fatty acids	0.830	Fatty Acids and Conjugates	0.700	Dicarboxylic acids	0.622	Organic acids and derivatives	0.934	Carboxylic acids and derivatives	0.909	Dicarboxylic acids and derivatives	0.546			Dicarboxylic acids and derivatives	0.546	Organic compounds; Fatty acids and conjugates; Organic acids and derivatives; Carboxylic acids and derivatives; Organooxygen compounds; Dicarboxylic acids and derivatives; Organometallic compounds; Carboxylic acids; Organometalloid compounds; Carbonyl compounds; Selenoethers; Organoselenium compounds; Organic oxides; Hydrocarbon derivatives; Organic oxygen compounds; Chemical entities	203.972	116	1.938	857317644750052218	857316072858610719	857316072854416414	2839	
3	C10H30O5Si5	[M + H]+	C10H31O5Si5+	Fatty acids	0.514	Monoterpenoids	0.186	Halogenated fatty acids	0.165	Organometallic compounds	0.869	Organometalloid compounds	0.869	Organoarsenic compounds	0.134	Oxygen-containing organoarsenic compounds	0.178	Alkylarsine oxides	0.511	Organic compounds; Organometallic compounds; Organometalloid compounds; Organic salts; Organic oxides; Organic metalloid salts; Organic metal salts; Hydrocarbon derivatives; Organic oxygen compounds; Alkylarsine oxides; Chemical entities	371.101	119	1.988	857317696751033264	857316073038965799	857316073038965798	2893	
1	C6H3NO2S	[M + Na]+	C6H3NNaO2S+	Alkaloids	0.430	Nicotinic acid alkaloids	0.688	Pyridine alkaloids	0.688	Organoheterocyclic compounds	0.613	Heteroaromatic compounds	0.518					Heteroaromatic compounds	0.518	Organic compounds; Organoheterocyclic compounds; Organonitrogen compounds; Organic oxides; Heteroaromatic compounds; Hydrocarbon derivatives; Organic oxygen compounds; Organic nitrogen compounds; Chemical entities	175.977	120	2.000	857317785720609730	857316073131240491	857316073127046186	2889	
1	C6H12O	[M + H]+	C6H13O+	Fatty acids	0.941	Fatty acyls	0.840	Oxygenated hydrocarbons	0.534	Organic oxygen compounds	0.996	Organooxygen compounds	0.995					Organooxygen compounds	0.995	Organic compounds; Organooxygen compounds; Hydrocarbon derivatives; Organic oxygen compounds; Chemical entities	101.096	121	2.010	857317795443008888	857316073244486703	857316073240292398	2900	
1	C10H16	[M + H]+	C10H17+	Terpenoids	0.980	Monoterpenoids	0.772	Pinane monoterpenoids	0.293	Lipids and lipid-like molecules	0.775	Prenol lipids	0.724	Monoterpenoids	0.525			Monoterpenoids	0.525	Organic compounds; Lipids and lipid-like molecules; Prenol lipids; Monoterpenoids; Hydrocarbons; Olefins; Cyclic olefins; Polycyclic hydrocarbons; Unsaturated hydrocarbons; Unsaturated aliphatic hydrocarbons; Branched unsaturated hydrocarbons; Chemical entities	137.133	126	2.102	857317796491585029	857316073349344307	857316073349344306	2944	
1	C6H11BrO3	[M + Na]+	C6H11BrNaO3+	Fatty acids	0.339	Fatty acyls	0.153	Fatty alcohols	0.173	Organohalogen compounds	0.995	Aryl halides	0.446	Aryl bromides	0.645			Aryl bromides	0.645	Organic compounds; Alcohols and polyols; Organohalogen compounds; Primary alcohols; Organooxygen compounds; Aryl bromides; Organobromides; Hydrocarbon derivatives; Organic oxygen compounds; Chemical entities	232.980	129	2.143	857317808931892432	857316073437424695	857316073437424694	2946	
2	C10H30O5Si5	[M + H]+	C10H31O5Si5+	Fatty acids	0.483	Monoterpenoids	0.126	Halogenated fatty acids	0.266	Organic salts	0.710	Organic metal salts	0.634	Organic metalloid salts	0.634			Organic metalloid salts	0.634	Organic compounds; Organic acids and derivatives; Organooxygen compounds; Organometallic compounds; Organometalloid compounds; Organic salts; Organic oxides; Organic metalloid salts; Organic metal salts; Hydrocarbon derivatives; Organic oxygen compounds; Chemical entities	371.101	130	2.172	857317835569921381	857316073538087995	857316073538087994	2974	
3	C10H30O5Si5	[M + H]+	C10H31O5Si5+	Fatty acids	0.530	Monoterpenoids	0.109	Halogenated fatty acids	0.310	Organic salts	0.676	Organic metal salts	0.564	Organic metalloid salts	0.564			Organic metalloid salts	0.564	Organic compounds; Organic acids and derivatives; Organometallic compounds; Organometalloid compounds; Organic salts; Organic oxides; Organic metalloid salts; Organic metal salts; Hydrocarbon derivatives; Organic oxygen compounds; Chemical entities	371.101	138	2.295	857317838065532276	857316073739414595	857316073735220290	3042	
2	C10H18O	[M - H2O + H]+	C10H17+	Terpenoids	0.874	Monoterpenoids	0.802	Menthane monoterpenoids	0.397	Organic oxygen compounds	0.997	Organooxygen compounds	0.996	Alcohols and polyols	0.757	Primary alcohols	0.558	Primary alcohols	0.558	Organic compounds; Alcohols and polyols; Primary alcohols; Organooxygen compounds; Hydrocarbon derivatives; Organic oxygen compounds; Chemical entities	137.133	141	2.347	857317800715249882	857316073835883591	857316073831689286	3067	
1	C10H30O5Si5	[M + H]+	C10H31O5Si5+	Fatty acids	0.532	Fatty Acids and Conjugates	0.139	Halogenated fatty acids	0.371	Organic salts	0.719	Organic metal salts	0.641	Organic metalloid salts	0.641			Organic metalloid salts	0.641	Organic compounds; Organic acids and derivatives; Organooxygen compounds; Organometallic compounds; Organometalloid compounds; Organic salts; Organic oxides; Organic metalloid salts; Organic metal salts; Hydrocarbon derivatives; Organic oxygen compounds; Chemical entities	371.101	148	2.475	857317829945359695	857316073949129803	857316073944935498	3134	
1	C10H16	[M + H]+	C10H17+	Terpenoids	0.955	Monoterpenoids	0.836	Pinane monoterpenoids	0.414	Lipids and lipid-like molecules	0.721	Prenol lipids	0.654	Monoterpenoids	0.556			Monoterpenoids	0.556	Organic compounds; Lipids and lipid-like molecules; Prenol lipids; Monoterpenoids; Hydrocarbons; Olefins; Cyclic olefins; Polycyclic hydrocarbons; Unsaturated hydrocarbons; Unsaturated aliphatic hydrocarbons; Branched unsaturated hydrocarbons; Chemical entities	137.133	154	2.572	857317804628536460	857316074045598799	857316074041404494	3183	
1	C6H13N	[M + H]+	C6H14N+	Alkaloids	0.962	Pseudoalkaloids (transamidation)	0.834	Acetate-derived alkaloids	0.968	Organic nitrogen compounds	1.000	Organonitrogen compounds	1.000	Amines	0.815			Amines	0.815	Organic compounds; Organonitrogen compounds; Amines; Hydrocarbon derivatives; Organopnictogen compounds; Organic nitrogen compounds; Chemical entities	100.112	166	2.769	857317799586982104	857316074142067795	857316074137873490	3288	
3	C9H18N6O	[M + Na]+	C9H18N6NaO+	Alkaloids	0.796	Ornithine alkaloids	0.070	Polyamines	0.050	Organic nitrogen compounds	1.000	Organonitrogen compounds	1.000	Amines	0.875	Tertiary amines	0.551	Dialkylarylamines	0.523	Organic compounds; Organoheterocyclic compounds; Triazines; Organonitrogen compounds; Aminotriazines; Amines; Tertiary amines; N-aliphatic s-triazines; Dialkylarylamines; 1,3,5-triazines; Azacyclic compounds; Heteroaromatic compounds; Hydrocarbon derivatives; Organopnictogen compounds; Organic oxygen compounds; Alkoxy-S-triazines; Organic nitrogen compounds; 1,3,5-triazine-2,4-diamines; Chemical entities	249.145	177	2.949	857317802099370205	857316074246925399	857316074242731094	3365	
1	C10H20N2O4	[M + H]+	C10H21N2O4+	Amino acids and Peptides	0.984	Small peptides	0.987	Dipeptides	0.815	Organic acids and derivatives	1.000	Carboxylic acids and derivatives	1.000	Amino acids, peptides, and analogues	0.995	Amino acids and derivatives	0.995	Alpha amino acid esters	0.784	Organic compounds; Lipids and lipid-like molecules; Amino acids, peptides, and analogues; Alpha amino acids and derivatives; Organic acids and derivatives; Carboxylic acids and derivatives; Organonitrogen compounds; Organooxygen compounds; Fatty acid esters; Amino acids and derivatives; Alpha amino acid esters; Carboxylic acid amides; Carboxylic acid derivatives; N-acyl amines; Monocarboxylic acids and derivatives; N-acyl-alpha amino acids and derivatives; Carboxylic acid esters; Secondary carboxylic acid amides; Carbonyl compounds; Methyl esters; Fatty Acyls; Organic oxides; Hydrocarbon derivatives; Valine and derivatives; Organopnictogen compounds; Organic oxygen compounds; Organic nitrogen compounds; Chemical entities	233.150	196	3.275	857317805446425797	857316074330811483	857316074326617178	3472	
2	C8H6O5	[M - H2O + H]+	C8H5O4+	Shikimates and Phenylpropanoids	0.842	Phenolic acids (C6-C1)	0.927	Simple phenolic acids	0.942	Benzenoids	0.904	Benzene and substituted derivatives	0.472	Benzoic acids and derivatives	0.648	Benzoic acids	0.640	Benzoic acids	0.640	Organic compounds; Phenols; Benzoic acids and derivatives; Organic acids and derivatives; Carboxylic acids and derivatives; Benzoyl derivatives; Organooxygen compounds; Carboxylic acids; Benzenoids; Benzoic acids; Organic oxides; Oxacyclic compounds; Hydrocarbon derivatives; Organic oxygen compounds; Chemical entities	165.018	217	3.612	857317809372294372	857316074498583651	857316074498583650	3628	
1	C12H27NO7	[M + H]+	C12H28NO7+	Fatty acids	0.273	Small peptides	0.033	Aminoacids	0.053	Organic oxygen compounds	0.999	Organooxygen compounds	0.998	Ethers	0.989	Dialkyl ethers	0.991	Polyethylene glycols	0.725	Organic compounds; Alcohols and polyols; Ethers; Organonitrogen compounds; Primary alcohols; Organooxygen compounds; Monoalkylamines; Dialkyl ethers; Amines; Primary amines; Polyethylene glycols; Hydrocarbon derivatives; Organopnictogen compounds; Organic oxygen compounds; Organic nitrogen compounds; Chemical entities	298.186	219	3.643	857317812270558500	857316074758630511	857316074758630510	3645	
5	C11H27N5O2	[M + Na]+	C11H27N5NaO2+	Alkaloids	0.639	Ornithine alkaloids	0.244	Polyamines	0.286	Organic acids and derivatives	0.685	Organic carbonic acids and derivatives	0.671	Ureas	0.740			Ureas	0.740	Organic compounds; Organic acids and derivatives; Organonitrogen compounds; Organooxygen compounds; Organic carbonic acids and derivatives; Ureas; Carbonyl compounds; Organic oxides; Hydrocarbon derivatives; Organopnictogen compounds; Organic oxygen compounds; Organic nitrogen compounds; Chemical entities	284.207	226	3.767	857317825675557673	857316075106757759	857316075106757758	3690	
1	C15H29N5O	[M + H]+	C15H30N5O+	Alkaloids	0.337	Ornithine alkaloids	0.063	Polyamines	0.063	Organoheterocyclic compounds	0.863	Azoles	0.801					Azoles	0.801	Organic compounds; Organoheterocyclic compounds; Organonitrogen compounds; Organooxygen compounds; Azoles; Carbonyl compounds; Organic oxides; Azacyclic compounds; Heteroaromatic compounds; Hydrocarbon derivatives; Organopnictogen compounds; Organic oxygen compounds; Organic nitrogen compounds; Chemical entities	296.243	227	3.789	857317829878250810	857316075282918535	857316075278724230	3834	
1	C10H22O6	[M + H]+	C10H23O6+	Fatty acids	0.811	Fatty acyls	0.556	Fatty alcohols	0.438	Organic oxygen compounds	1.000	Organooxygen compounds	1.000	Ethers	0.992	Dialkyl ethers	0.993	Polyethylene glycols	0.983	Organic compounds; Alcohols and polyols; Ethers; Primary alcohols; Organooxygen compounds; Dialkyl ethers; Polyethylene glycols; Hydrocarbon derivatives; Organic oxygen compounds; Chemical entities	239.149	228	3.795	857317847569836601	857316075446496399	857316075446496398	3713	
1	C12H27NO7	[M + H]+	C12H28NO7+	Fatty acids	0.271	Small peptides	0.132	Aminoacids	0.179	Organic oxygen compounds	0.999	Organooxygen compounds	0.999	Ethers	0.989	Dialkyl ethers	0.989	Dialkyl ethers	0.989	Organic compounds; Alcohols and polyols; Ethers; Organonitrogen compounds; Primary alcohols; Organooxygen compounds; Monoalkylamines; Dialkyl ethers; Amines; Primary amines; Hydrocarbon derivatives; Organopnictogen compounds; Organic oxygen compounds; Organic nitrogen compounds; Chemical entities	298.186	231	3.848	857317937168558793	857316075618462871	857316075618462870	3781	
1	C6H10O	[M + H]+	C6H11O+	Fatty acids	0.970	Fatty acyls	0.930	Oxygenated hydrocarbons	0.685	Organic oxygen compounds	0.993	Organooxygen compounds	0.992	Carbonyl compounds	0.707			Carbonyl compounds	0.707	Organic compounds; Organooxygen compounds; Carbonyl compounds; Organic oxides; Hydrocarbon derivatives; Organic oxygen compounds; Chemical entities	99.080	232	3.859	857317885503122056	857316075706543259	857316075702348954	3815	
1	C6H15N	[M + H]+	C6H16N+	Fatty acids	0.647	Fatty acyls	0.549	Polyamines	0.526	Organic nitrogen compounds	1.000	Organonitrogen compounds	0.999	Amines	0.930	Secondary amines	0.406	Dialkylamines	0.509	Organic compounds; Organonitrogen compounds; Dialkylamines; Amines; Organic cations; Hydrocarbon derivatives; Organopnictogen compounds; Organic nitrogen compounds; Chemical entities	102.128	232	3.874	857317840233987461	857316075798817951	857316075794623646	3854	
1	C12H23NO	[M + H]+	C12H24NO+	Alkaloids	0.689	Polyols	0.301	Amino cyclitols	0.224	Organic oxygen compounds	0.996	Organooxygen compounds	0.991	Alcohols and polyols	0.505	Secondary alcohols	0.448	Cyclohexanols	0.898	Organic compounds; Alcohols and polyols; Organonitrogen compounds; Organooxygen compounds; Cyclic alcohols and derivatives; Dialkylamines; Amines; Secondary amines; Cyclohexanols; Cyclohexylamines; Hydrocarbon derivatives; Organopnictogen compounds; Organic oxygen compounds; Organic nitrogen compounds; Chemical entities	198.185	234	3.895	857317906222983869	857316075874315427	857316075870121122	3843	
1	C15H29N5O5	[M + H]+	C15H30N5O5+	Carbohydrates	0.653	Aminosugars and aminoglycosides	0.362	Aminoglycosides	0.373	Organic nitrogen compounds	1.000	Organonitrogen compounds	0.999	Amines	0.898	Primary amines	0.688	Monoalkylamines	0.617	Organic compounds; Organonitrogen compounds; Organooxygen compounds; Monoalkylamines; Carbonyl compounds; Amines; Primary amines; Organic oxides; Hydrocarbon derivatives; Organopnictogen compounds; Organic oxygen compounds; Organic nitrogen compounds; Chemical entities	360.223	237	3.952	857317868075788897	857316076025310379	857316076025310378	3831	
1	C8H8N2	[M + H]+	C8H9N2+	Alkaloids	0.983	Nicotinic acid alkaloids	0.651	Pyridine alkaloids	0.651	Organoheterocyclic compounds	0.984	Benzimidazoles	0.788					Benzimidazoles	0.788	Organic compounds; Organoheterocyclic compounds; Imidazoles; Organonitrogen compounds; Benzimidazoles; Azoles; Benzenoids; Azacyclic compounds; Heteroaromatic compounds; Hydrocarbon derivatives; Organopnictogen compounds; Organic nitrogen compounds; Chemical entities	133.076	238	3.974	857317840087186816	857316076109196463	857316076109196462	3929	
1	C6H15N3O3	[M + Na]+	C6H15N3NaO3+	Amino acids and Peptides	0.620	Small peptides	0.874	Aminoacids	0.665	Lipids and lipid-like molecules	0.507							Lipids and lipid-like molecules	0.507	Organic compounds; Lipids and lipid-like molecules; Organic acids and derivatives; Carboxylic acids and derivatives; Organonitrogen compounds; Organooxygen compounds; Monocarboxylic acids and derivatives; Carbonyl compounds; Organic oxides; Hydrocarbon derivatives; Organopnictogen compounds; Organic oxygen compounds; Organic nitrogen compounds; Chemical entities	200.100	240	4.007	857317891068963478	857316076377631931	857316076377631930	3954	
1	C15H29N5O5	[M + H]+	C15H30N5O5+	Carbohydrates	0.599	Small peptides	0.337	Purine nucleosides	0.251	Organic acids and derivatives	0.776	Carboxylic acids and derivatives	0.654	Amino acids, peptides, and analogues	0.513	Amino acids and derivatives	0.513	Amino acids and derivatives	0.513	Organic compounds; Amino acids, peptides, and analogues; Organic acids and derivatives; Carboxylic acids and derivatives; Organonitrogen compounds; Organooxygen compounds; Amino acids and derivatives; Monoalkylamines; Carbonyl compounds; Substituted imidazoles; N-substituted imidazoles; Amines; Primary amines; Organic oxides; Hydrocarbon derivatives; Organopnictogen compounds; Organic oxygen compounds; Organic nitrogen compounds; Chemical entities	360.223	241	4.021	857317868033845847	857316076276968631	857316076276968630	4007	
1	C12H23NO	[M + H]+	C12H24NO+	Fatty acids	0.707	Fatty amides	0.693	Primary amides	0.266	Organic acids and derivatives	0.982	Carboxylic acids and derivatives	0.973	Carboxylic acid derivatives	0.967	Carboxylic acid amides	0.953	Secondary carboxylic acid amides	0.851	Organic compounds; Organic acids and derivatives; Carboxylic acids and derivatives; Organonitrogen compounds; Organooxygen compounds; Carboxylic acid amides; Carboxylic acid derivatives; Secondary carboxylic acid amides; Carbonyl compounds; Organic oxides; Hydrocarbon derivatives; Organopnictogen compounds; Organic oxygen compounds; Organic nitrogen compounds; Chemical entities	198.185	241	4.024	857317897431722657	857316076201471155	857316076197276850	3963	
1	C9H18N2	[M + H]+	C9H19N2+	Alkaloids	0.573	Pseudoalkaloids (transamidation)	0.302	Acetate-derived alkaloids	0.560	Organic nitrogen compounds	1.000	Organonitrogen compounds	1.000	Cyclohexylamines	0.891			Cyclohexylamines	0.891	Organic compounds; Organonitrogen compounds; Dialkylamines; Amines; Secondary amines; Cyclohexylamines; Hydrocarbon derivatives; Organopnictogen compounds; Organic nitrogen compounds; Chemical entities	155.154	252	4.202	857317866138020436	857316076469906623	857316076469906622	4141	
1	C12H23NO	[M + H]+	C12H24NO+	Fatty acids	0.406	Fatty amides	0.470	Primary amides	0.199	Organic nitrogen compounds	1.000	Organonitrogen compounds	1.000	Cyclohexylamines	0.769			Cyclohexylamines	0.769	Organic compounds; Organic acids and derivatives; Carboxylic acids and derivatives; Organonitrogen compounds; Organooxygen compounds; Carboxylic acid amides; Carboxylic acid derivatives; Carbonyl compounds; Dialkylamines; Amines; Secondary amines; Cyclohexylamines; Organic oxides; Hydrocarbon derivatives; Organopnictogen compounds; Organic oxygen compounds; Organic nitrogen compounds; Chemical entities	198.185	255	4.254	857317866666502741	857316076557987011	857316076557987010	4179	
3	C13H31N5O3	[M + Na]+	C13H31N5NaO3+	Alkaloids	0.270	Ornithine alkaloids	0.113	Polyamines	0.148	Organic acids and derivatives	0.595	Organic carbonic acids and derivatives	0.688	Ureas	0.752			Ureas	0.752	Organic compounds; Ethers; Organic acids and derivatives; Organonitrogen compounds; Primary alcohols; Organooxygen compounds; Organic carbonic acids and derivatives; Ureas; Dialkyl ethers; Carbonyl compounds; Amines; Organic oxides; Hydrocarbon derivatives; Organopnictogen compounds; Organic oxygen compounds; Organic nitrogen compounds; Chemical entities	328.233	256	4.274	857317881178794606	857316076654456007	857316076650261702	4178	
1	C12H26O7	[M + H]+	C12H27O7+	Fatty acids	0.838	Fatty acyls	0.599	Fatty alcohols	0.457	Organic oxygen compounds	1.000	Organooxygen compounds	1.000	Ethers	0.992	Dialkyl ethers	0.993	Polyethylene glycols	0.983	Organic compounds; Alcohols and polyols; Ethers; Primary alcohols; Organooxygen compounds; Dialkyl ethers; Polyethylene glycols; Hydrocarbon derivatives; Organic oxygen compounds; Chemical entities	283.175	258	4.303	857317902397778595	857316076826422479	857316076826422478	4220	
8	C16H11NO3	[M + Na]+	C16H11NNaO3+	Polyketides	0.562	Chromanes	0.673	Chromones	0.769	Organoheterocyclic compounds	1.000	Benzopyrans	0.598	1-benzopyrans	0.658	Chromones	0.705	Chromones	0.705	Organic compounds; Organoheterocyclic compounds; Pyridines and derivatives; Ketones; Benzopyrans; Chromones; Organic acids and derivatives; Organonitrogen compounds; Organooxygen compounds; Pyranones and derivatives; Pyridinecarboxylic acids and derivatives; Carbonyl compounds; Benzenoids; 1-benzopyrans; Aryl ketones; Organic oxides; Azacyclic compounds; Oxacyclic compounds; Heteroaromatic compounds; Hydrocarbon derivatives; Organopnictogen compounds; Organic oxygen compounds; Organic nitrogen compounds; Chemical entities	288.065	259	4.309	857317885708642963	857316076746730699	857316076746730698	4203	
1	C8H19N	[M + H]+	C8H20N+	Fatty acids	0.829	Fatty acyls	0.488	Polyamines	0.453	Organic nitrogen compounds	1.000	Organonitrogen compounds	1.000	Amines	0.948	Secondary amines	0.738	Dialkylamines	0.811	Organic compounds; Organonitrogen compounds; Dialkylamines; Amines; Secondary amines; Hydrocarbon derivatives; Organopnictogen compounds; Organic nitrogen compounds; Chemical entities	130.159	260	4.337	857317865928305235	857316076922891475	857316076922891474	4259	
2	C17H35N5O6	[M - H2O + H]+	C17H34N5O5+	Carbohydrates	0.361	Aminosugars and aminoglycosides	0.261	Aminoglycosides	0.097	Lipids and lipid-like molecules	0.549	Fatty Acyls	0.497	Fatty amides	0.516	N-acyl amines	0.557	N-acyl amines	0.557	Organic compounds; Lipids and lipid-like molecules; Alcohols and polyols; Organic acids and derivatives; Carboxylic acids and derivatives; Organonitrogen compounds; Primary alcohols; Organooxygen compounds; Fatty amides; Hydroxamic acids; Monoalkylamines; Carboxylic acid amides; Carboxylic acid derivatives; N-acyl amines; Carbonyl compounds; 1,2-aminoalcohols; Amines; Primary amines; Alkanolamines; Organic oxides; Hydrocarbon derivatives; Organopnictogen compounds; Organic oxygen compounds; Organic nitrogen compounds; Chemical entities	388.254	261	4.347	857317885364710010	857316077027749079	857316077027749078	4274	
1	C12H24O8	[M + H]+	C12H25O8+	Fatty acids	0.770	Fatty Acids and Conjugates	0.736	Dicarboxylic acids	0.088	Organic acids and derivatives	0.646	Carboxylic acids and derivatives	0.639	Carboxylic acids	0.580			Carboxylic acids	0.580	Organic compounds; Alcohols and polyols; Ethers; Organic acids and derivatives; Carboxylic acids and derivatives; Organooxygen compounds; Dialkyl ethers; Carboxylic acids; Carbonyl compounds; Organic oxides; Hydrocarbon derivatives; Organic oxygen compounds; Chemical entities	297.154	263	4.380	857317914687089343	857316077115829467	857316077115829466	4310	
1	C14H31NO8	[M + H]+	C14H32NO8+	Fatty acids	0.395	Glycerolipids	0.108	Monoacylglycerols	0.044	Organic oxygen compounds	0.999	Organooxygen compounds	0.998	Ethers	0.986	Dialkyl ethers	0.984	Dialkyl ethers	0.984	Organic compounds; Alcohols and polyols; Ethers; Organonitrogen compounds; Primary alcohols; Organooxygen compounds; Monoalkylamines; Dialkyl ethers; Amines; Primary amines; Hydrocarbon derivatives; Organopnictogen compounds; Organic oxygen compounds; Organic nitrogen compounds; Chemical entities	342.212	263	4.386	857317906122320557	857316077203909855	857316077203909854	4309	
1	C12H23NO	[M + H]+	C12H24NO+	Fatty acids	0.415	Fatty amides	0.429	Primary amides	0.197	Organic nitrogen compounds	1.000	Organonitrogen compounds	1.000	Cyclohexylamines	0.672			Cyclohexylamines	0.672	Organic compounds; Alcohols and polyols; Organonitrogen compounds; Organooxygen compounds; Carboxylic acid amides; Carboxylic acid derivatives; Dialkylamines; Amines; Secondary amines; Cyclohexylamines; Hydrocarbon derivatives; Organopnictogen compounds; Organic oxygen compounds; Organic nitrogen compounds; Chemical entities	198.185	265	4.411	857317881640168055	857316077300378851	857316077300378850	4351	
3	C9H18N6O	[M + Na]+	C9H18N6NaO+	Alkaloids	0.799	Ornithine alkaloids	0.058	Polyamines	0.037	Organoheterocyclic compounds	0.968	Triazines	0.921	1,3,5-triazines	0.953	Alkoxy-S-triazines	0.790	Alkoxy-S-triazines	0.790	Organic compounds; Organoheterocyclic compounds; Triazines; Ethers; Organonitrogen compounds; Organooxygen compounds; Aminotriazines; Amines; Tertiary amines; N-aliphatic s-triazines; 1,3,5-triazines; Azacyclic compounds; Heteroaromatic compounds; Hydrocarbon derivatives; Organopnictogen compounds; Organic oxygen compounds; Alkoxy-S-triazines; Organic nitrogen compounds; 1,3,5-triazine-2,4-diamines; Chemical entities	249.144	265	4.419	857318273597877035	857316077388459239	857316077388459238	4363	
1	C8H19N	[M + H]+	C8H20N+	Fatty acids	0.822	Fatty acyls	0.466	Polyamines	0.477	Organic nitrogen compounds	1.000	Organonitrogen compounds	1.000	Amines	0.955	Secondary amines	0.757	Dialkylamines	0.825	Organic compounds; Organonitrogen compounds; Dialkylamines; Amines; Secondary amines; Hydrocarbon derivatives; Organopnictogen compounds; Organic nitrogen compounds; Chemical entities	130.159	266	4.426	857318272511552296	857316077472345323	857316077472345322	4376	
3	C20H35N3O4	[M + Na]+	C20H35N3NaO4+	Alkaloids	0.359	Ornithine alkaloids	0.115	Aminoacids	0.039	Organic acids and derivatives	0.962	Carboxylic acids and derivatives	0.940	Amino acids, peptides, and analogues	0.594	Amino acids and derivatives	0.593	Amino acids and derivatives	0.593	Organic compounds; Organoheterocyclic compounds; Amino acids, peptides, and analogues; Organic acids and derivatives; Carboxylic acids and derivatives; Organonitrogen compounds; Organooxygen compounds; Amino acids and derivatives; Carboxylic acid amides; Carboxylic acid derivatives; Dialkyl ethers; Carbonyl compounds; Trialkylamines; Amines; Tertiary amines; Organic oxides; Azacyclic compounds; Hydrocarbon derivatives; Organopnictogen compounds; Organic oxygen compounds; Organic nitrogen compounds; Chemical entities	404.249	275	4.578	857318283374801036	857316077556231407	857316077552037102	4485	
1	C12H17NO2	[M + H]+	C12H18NO2+	Amino acids and Peptides	0.619	Small peptides	0.700	Aminoacids	0.581	Organic acids and derivatives	0.998	Carboxylic acids and derivatives	0.996	Amino acids, peptides, and analogues	0.920	Amino acids and derivatives	0.920	Alpha amino acids and derivatives	0.610	Organic compounds; Amino acids, peptides, and analogues; Alpha amino acids and derivatives; Organic acids and derivatives; Carboxylic acids and derivatives; Organonitrogen compounds; Organooxygen compounds; Amino acids and derivatives; Carboxylic acid derivatives; Monocarboxylic acids and derivatives; Carboxylic acid esters; Carbonyl compounds; Benzene and substituted derivatives; Benzenoids; Amines; Aralkylamines; Organic oxides; Hydrocarbon derivatives; Organopnictogen compounds; Organic oxygen compounds; Organic nitrogen compounds; Chemical entities	208.133	276	4.606	857318281957126203	857316077640117491	857316077640117490	4549	
1	C5H10F2N2	[M + H]+	C5H11F2N2+	Alkaloids	0.875	Nicotinic acid alkaloids	0.967	Pyridine alkaloids	0.967	Organoheterocyclic compounds	0.407	Heteroaromatic compounds	0.563					Heteroaromatic compounds	0.563	Organic compounds; Organohalogen compounds; Organonitrogen compounds; Alkyl fluorides; Organofluorides; Alkyl halides; Heteroaromatic compounds; Hydrocarbon derivatives; Organopnictogen compounds; Organic nitrogen compounds; Chemical entities	137.090	288	4.795	857318295529894575	857316078046964999	857316078046964998	4752	
1	C8H13ClF2N2O	[M + H]+	C8H14ClF2N2O+	Alkaloids	0.374	Histidine alkaloids	0.128	Imidazole alkaloids	0.124	Organohalogen compounds	1.000	Aryl halides	0.835	Aryl chlorides	0.896			Aryl chlorides	0.896	Organic compounds; Organoheterocyclic compounds; Pyrazoles; Organohalogen compounds; Organonitrogen compounds; Organooxygen compounds; Azoles; Alkyl fluorides; Aryl chlorides; Organochlorides; Organofluorides; Aryl halides; Alkyl halides; Azacyclic compounds; Heteroaromatic compounds; Hydrocarbon derivatives; Organopnictogen compounds; Organic oxygen compounds; Organic nitrogen compounds; Chemical entities	227.074	292	4.866	857318316153288277	857316078210542863	857316078210542862	4838	
2	C8H18O5	[M + H]+	C8H19O5+	Fatty acids	0.976	Fatty acyls	0.924	Fatty alcohols	0.966	Organic oxygen compounds	1.000	Organooxygen compounds	0.999	Alcohols and polyols	0.928	Secondary alcohols	0.671	Secondary alcohols	0.671	Organic compounds; Alcohols and polyols; Primary alcohols; Organooxygen compounds; Secondary alcohols; Polyols; Hydrocarbon derivatives; Organic oxygen compounds; Chemical entities	195.123	292	4.866	857318311157872039	857316078386703639	857316078386703638	4843	
1	C11H24O6	[M + H]+	C11H25O6+	Fatty acids	0.962	Fatty acyls	0.550	Fatty alcohols	0.138	Organic oxygen compounds	1.000	Organooxygen compounds	1.000	Ethers	0.999	Dialkyl ethers	0.999	Dialkyl ethers	0.999	Organic compounds; Ethers; Organooxygen compounds; Dialkyl ethers; Hydrocarbon derivatives; Organic oxygen compounds; Chemical entities	253.165	292	4.873	857318333064725929	857316078491561247	857316078487366942	4852	
1	C13H25N5O3	[M + H]+	C13H26N5O3+	Carbohydrates	0.501	Nucleosides	0.538	Purine nucleosides	0.622	Organoheterocyclic compounds	0.831	Imidazopyrimidines	0.592	Purines and purine derivatives	0.598	6-aminopurines	0.573	6-aminopurines	0.573	Organic compounds; Organoheterocyclic compounds; Imidazoles; Alcohols and polyols; Purines and purine derivatives; Organic acids and derivatives; Carboxylic acids and derivatives; Organonitrogen compounds; Organooxygen compounds; Azoles; Imidazopyrimidines; Carbonyl compounds; Substituted imidazoles; N-substituted imidazoles; Amines; Primary amines; 6-aminopurines; Imidolactams; Organic oxides; Azacyclic compounds; Heteroaromatic compounds; Hydrocarbon derivatives; Organopnictogen compounds; Organic oxygen compounds; Organic nitrogen compounds; Chemical entities	300.202	293	4.885	857318334562092467	857316078541892899	857316078541892898	4878	
1	C7H10O4	[M + H]+	C7H11O4+	Fatty acids	0.979	Fatty Acids and Conjugates	0.801	Dicarboxylic acids	0.671	Organic acids and derivatives	0.843	Carboxylic acids and derivatives	0.837	Carboxylic acids	0.568			Carboxylic acids	0.568	Organic compounds; Organic acids and derivatives; Carboxylic acids and derivatives; Organooxygen compounds; Carboxylic acids; Carbonyl compounds; Organic oxides; Hydrocarbon derivatives; Organic oxygen compounds; Chemical entities	159.065	294	4.899	857318329541508230	857316078596418855	857316078596418854	4904	
1	C8H16O6	[M + H]+	C8H17O6+	Carbohydrates	0.828	Polyols	0.854	Cyclitols	0.767	Organic oxygen compounds	1.000	Organooxygen compounds	1.000	Carbohydrates and carbohydrate conjugates	0.628	Monosaccharides	0.539	Monosaccharides	0.539	Organic compounds; Carbohydrates and carbohydrate conjugates; Alcohols and polyols; Ethers; Primary alcohols; Organooxygen compounds; Monosaccharides; Secondary alcohols; Polyols; Hydrocarbon derivatives; Organic oxygen compounds; Chemical entities	209.102	294	4.903	857318410323806590	857316078650944811	857316078646750506	4905	
1	C13H25N5O4	[M + H]+	C13H26N5O4+	Carbohydrates	0.499	Nucleosides	0.533	Purine nucleosides	0.561	Organic acids and derivatives	0.627	Carboxylic acids and derivatives	0.611	Amino acids, peptides, and analogues	0.537	Amino acids and derivatives	0.537	Amino acids and derivatives	0.537	Organic compounds; Organoheterocyclic compounds; Amino acids, peptides, and analogues; Pyrimidines and pyrimidine derivatives; Imidazoles; Purines and purine derivatives; Organic acids and derivatives; Carboxylic acids and derivatives; Organonitrogen compounds; Organooxygen compounds; Amino acids and derivatives; Azoles; Monocarboxylic acids and derivatives; Aminopyrimidines and derivatives; Diazines; Imidazopyrimidines; Carbonyl compounds; Substituted imidazoles; N-substituted imidazoles; Amines; Primary amines; 6-aminopurines; Imidolactams; Organic oxides; Azacyclic compounds; Heteroaromatic compounds; Hydrocarbon derivatives; Organopnictogen compounds; Organic oxygen compounds; Organic nitrogen compounds; Chemical entities	316.197	297	4.945	857318415583465998	857316078701276463	857316078701276462	4961	
1	C10H22O6	[M + H]+	C10H23O6+	Fatty acids	0.809	Fatty acyls	0.549	Fatty alcohols	0.444	Organic oxygen compounds	1.000	Organooxygen compounds	1.000	Ethers	0.992	Dialkyl ethers	0.992	Polyethylene glycols	0.984	Organic compounds; Alcohols and polyols; Ethers; Primary alcohols; Organooxygen compounds; Dialkyl ethers; Polyethylene glycols; Hydrocarbon derivatives; Organic oxygen compounds; Chemical entities	239.149	300	4.992	857318408016939178	857316078751608115	857316078751608114	5093	
2	C13H25N5O2	[M + H]+	C13H26N5O2+	Alkaloids	0.507	Small peptides	0.103	Imidazole alkaloids	0.068	Organic acids and derivatives	0.487	Organic carbonic acids and derivatives	0.621	Ureas	0.657			Ureas	0.657	Organic compounds; Organoheterocyclic compounds; Organonitrogen compounds; Organooxygen compounds; Organic carbonic acids and derivatives; Ureas; Amines; Organic oxides; Azacyclic compounds; Hydrocarbon derivatives; Organopnictogen compounds; Organic oxygen compounds; Organic nitrogen compounds; Chemical entities	284.207	300	4.998	857318410822928777	857316078806134071	857316078806134070	5065	
2	C10H22O6	[M + H3N + H]+	C10H26NO6+	Fatty acids	0.918	Fatty acyls	0.726	Fatty alcohols	0.557	Organic oxygen compounds	0.999	Organooxygen compounds	0.999	Ethers	0.965	Dialkyl ethers	0.966	Polyethylene glycols	0.925	Organic compounds; Alcohols and polyols; Ethers; Primary alcohols; Organooxygen compounds; Dialkyl ethers; Polyethylene glycols; Hydrocarbon derivatives; Organic oxygen compounds; Chemical entities	256.176	301	5.009	857318408780302515	857316078856465723	857316078852271418	5096	
1	C6H12N4O4	[M + Na]+	C6H12N4NaO4+	Amino acids and Peptides	0.984	Small peptides	0.992	Aminoacids	0.986	Organic acids and derivatives	0.989	Carboxylic acids and derivatives	0.976	Amino acids, peptides, and analogues	0.707	Amino acids and derivatives	0.703	Alpha amino acids and derivatives	0.682	Organic compounds; Amino acids, peptides, and analogues; Alpha amino acids and derivatives; Organic acids and derivatives; Carboxylic acids and derivatives; Organonitrogen compounds; Organooxygen compounds; Amino acids and derivatives; Monocarboxylic acids and derivatives; Carboxylic acids; Carbonyl compounds; Organic oxides; Hydrocarbon derivatives; Organopnictogen compounds; Organic oxygen compounds; Organic nitrogen compounds; Chemical entities	227.074	301	5.011	857318425653990671	857316078923574591	857316078919380286	5051	
1	C15H29N5O4	[M + H]+	C15H30N5O4+	Alkaloids	0.184	Small peptides	0.414	Purine nucleosides	0.224	Organic acids and derivatives	0.736	Carboxylic acids and derivatives	0.711	Amino acids, peptides, and analogues	0.639	Amino acids and derivatives	0.641	Amino acids and derivatives	0.641	Organic compounds; Organoheterocyclic compounds; Amino acids, peptides, and analogues; Imidazoles; Organic acids and derivatives; Carboxylic acids and derivatives; Organonitrogen compounds; Organooxygen compounds; Amino acids and derivatives; Azoles; Carbonyl compounds; Substituted imidazoles; N-substituted imidazoles; Amines; Primary amines; Organic oxides; Azacyclic compounds; Hydrocarbon derivatives; Organopnictogen compounds; Organic oxygen compounds; Organic nitrogen compounds; Chemical entities	344.228	301	5.012	857318415558300163	857316078978100547	857316078978100546	5155	
1	C10H20O7	[M + H]+	C10H21O7+	Fatty acids	0.838	Fatty Acids and Conjugates	0.662	Hydroxy fatty acids	0.273	Organic oxygen compounds	1.000	Organooxygen compounds	1.000	Carbohydrates and carbohydrate conjugates	0.688	Monosaccharides	0.583	Monosaccharides	0.583	Organic compounds; Carbohydrates and carbohydrate conjugates; Lipids and lipid-like molecules; Alcohols and polyols; Ethers; Carboxylic acids and derivatives; Primary alcohols; Organooxygen compounds; Dialkyl ethers; Monosaccharides; Secondary alcohols; Carbonyl compounds; Polyols; Fatty Acyls; Organic oxides; Hydrocarbon derivatives; Organic oxygen compounds; Chemical entities	253.128	301	5.021	857318434717881650	857316079032626503	857316079032626502	5069	
1	C12H23NO	[M + H]+	C12H24NO+	Fatty acids	0.315	Fatty amides	0.293	Amino cyclitols	0.200	Organic oxygen compounds	0.998	Organooxygen compounds	0.996	Alcohols and polyols	0.773	Secondary alcohols	0.705	Cyclohexanols	0.554	Organic compounds; Alcohols and polyols; Organonitrogen compounds; Organooxygen compounds; Cyclic alcohols and derivatives; Secondary alcohols; Dialkylamines; Amines; Secondary amines; Cyclohexanols; Cyclohexylamines; Hydrocarbon derivatives; Organopnictogen compounds; Organic oxygen compounds; Organic nitrogen compounds; Chemical entities	198.185	302	5.026	857318429693105455	857316079087152459	857316079087152458	5003	
2	C8H6O4	[M - H2O + H]+	C8H5O3+	Shikimates and Phenylpropanoids	0.992	Phenolic acids (C6-C1)	0.998	Simple phenolic acids	0.996	Benzenoids	0.994	Benzene and substituted derivatives	0.950	Benzoic acids and derivatives	0.936	Hydroxybenzoic acid derivatives	0.565	Hydroxybenzoic acid derivatives	0.565	Organic compounds; Phenols; Benzoic acids and derivatives; Organic acids and derivatives; Carboxylic acids and derivatives; Benzoyl derivatives; Organooxygen compounds; Carboxylic acids; Hydroxybenzoic acid derivatives; Benzene and substituted derivatives; Benzenoids; Benzoic acids; Organic oxides; Hydrocarbon derivatives; Organic oxygen compounds; Chemical entities	149.023	302	5.034	857318435439301949	857316079145872719	857316079141678414	5079	
1	C12H27NO7	[M + H]+	C12H28NO7+	Fatty acids	0.340	Small peptides	0.083	Aminoacids	0.124	Organic oxygen compounds	1.000	Organooxygen compounds	0.999	Ethers	0.992	Dialkyl ethers	0.992	Dialkyl ethers	0.992	Organic compounds; Ethers; Organonitrogen compounds; Organooxygen compounds; Monoalkylamines; Dialkyl ethers; Amines; Primary amines; Hydrocarbon derivatives; Organopnictogen compounds; Organic oxygen compounds; Organic nitrogen compounds; Chemical entities	298.186	303	5.043	857318442888385876	857316079250730327	857316079250730326	5153	
1	C9H12O3	[M + H]+	C9H13O3+	Polyketides	0.826	Cyclic polyketides	0.786	2-pyrone derivatives	0.451	Organic oxygen compounds	1.000	Organooxygen compounds	1.000	Carbonyl compounds	0.964	Ketones	0.533	Ketones	0.533	Organic compounds; Organoheterocyclic compounds; Lactones; Ketones; Organic acids and derivatives; Carboxylic acids and derivatives; Organooxygen compounds; Carboxylic acid derivatives; Monocarboxylic acids and derivatives; Carbonyl compounds; Organic oxides; Oxacyclic compounds; Hydrocarbon derivatives; Organic oxygen compounds; Chemical entities	169.086	303	5.051	857318461276214780	857316079305256283	857316079301061978	5117	
1	C11H25NO6	[M + H]+	C11H26NO6+	Fatty acids	0.964	Glycerolipids	0.280	Monoacylglycerols	0.240	Lipids and lipid-like molecules	0.366	Glycerolipids	0.387	Glycerol ethers	0.500			Glycerol ethers	0.500	Organic compounds; Alcohols and polyols; Ethers; Organonitrogen compounds; Primary alcohols; Organooxygen compounds; Monoalkylamines; Dialkyl ethers; Secondary alcohols; Polyols; Glycerol ethers; Amines; Primary amines; Hydrocarbon derivatives; Organopnictogen compounds; Organic oxygen compounds; Organic nitrogen compounds; Chemical entities	268.176	306	5.102	857318451214079455	857316079355587935	857316079351393630	5255	
1	C15H29N5O5	[M + H]+	C15H30N5O5+	Amino acids and Peptides	0.558	Small peptides	0.567	Aminoacids	0.291	Organic oxygen compounds	0.999	Organooxygen compounds	0.996	Ethers	0.635	Dialkyl ethers	0.664	Dialkyl ethers	0.664	Organic compounds; Organoheterocyclic compounds; Ethers; Organonitrogen compounds; Organooxygen compounds; Dialkyl ethers; Amines; Primary amines; Azacyclic compounds; Hydrocarbon derivatives; Organopnictogen compounds; Organic oxygen compounds; Organic nitrogen compounds; Chemical entities	360.223	307	5.112	857318456284993010	857316079397530979	857316079397530978	5257	
1	C6H10N2O2	[M + K]+	C6H10KN2O2+	Alkaloids	0.336	Small peptides	0.401	Aminoacids	0.350	Benzenoids	0.727	Benzene and substituted derivatives	0.792	Nitrobenzenes	0.612			Nitrobenzenes	0.612	Organic compounds; Nitrobenzenes; Organonitrogen compounds; Organic oxoazanium compounds; Benzene and substituted derivatives; Benzenoids; Organic 1,3-dipolar compounds; Allyl-type 1,3-dipolar organic compounds; Organic oxides; Hydrocarbon derivatives; Organopnictogen compounds; Organic oxygen compounds; Organic nitrogen compounds; Chemical entities	181.036	308	5.129	857318470126196230	857316079443668327	857316079443668326	5250	
2	C13H31N5O3	[M + Na]+	C13H31N5NaO3+	Carbohydrates	0.868	Nucleosides	0.746	Purine nucleosides	0.429	Organoheterocyclic compounds	0.988	Imidazopyrimidines	0.485	Purines and purine derivatives	0.500	6-aminopurines	0.611	6-aminopurines	0.611	Organic compounds; Organoheterocyclic compounds; Imidazoles; Triazines; Alcohols and polyols; Ethers; Organonitrogen compounds; Primary alcohols; Organooxygen compounds; Monoalkylamines; Dialkyl ethers; Aminotriazines; Substituted imidazoles; N-substituted imidazoles; Amines; Primary amines; Tertiary amines; 6-aminopurines; 1,3,5-triazines; Azacyclic compounds; Heteroaromatic compounds; Hydrocarbon derivatives; Organopnictogen compounds; Organic oxygen compounds; Organic nitrogen compounds; Chemical entities	328.233	310	5.169	857318549822169696	857316079493999979	857316079489805674	5384	
1	C12H26O7	[M + H]+	C12H27O7+	Fatty acids	0.894	Fatty acyls	0.693	Fatty alcohols	0.622	Organic oxygen compounds	1.000	Organooxygen compounds	1.000	Ethers	0.991	Dialkyl ethers	0.989	Polyethylene glycols	0.971	Organic compounds; Alcohols and polyols; Ethers; Primary alcohols; Organooxygen compounds; Dialkyl ethers; Polyethylene glycols; Hydrocarbon derivatives; Organic oxygen compounds; Chemical entities	283.175	311	5.178	857318520789197387	857316079544331631	857316079544331630	5380	
2	C12H26O7	[M + H3N + H]+	C12H30NO7+	Fatty acids	0.849	Fatty acyls	0.590	Fatty alcohols	0.473	Organic oxygen compounds	1.000	Organooxygen compounds	1.000	Ethers	0.992	Dialkyl ethers	0.992	Polyethylene glycols	0.984	Organic compounds; Alcohols and polyols; Ethers; Primary alcohols; Organooxygen compounds; Dialkyl ethers; Polyethylene glycols; Hydrocarbon derivatives; Organic oxygen compounds; Chemical entities	300.202	312	5.194	857318533418246742	857316079590468979	857316079586274674	5382	
2	C7H14ClF	[M + H]+	C7H15ClF+	Fatty acids	0.631	Monoterpenoids	0.435	Halogenated fatty acids	0.161	Organohalogen compounds	0.993	Alkyl halides	0.960	Alkyl chlorides	0.941			Alkyl chlorides	0.941	Organic compounds; Organohalogen compounds; Alkyl chlorides; Organochlorides; Alkyl halides; Hydrocarbon derivatives; Chemical entities	153.085	312	5.208	857318604578808654	857316079691132283	857316079691132282	5399	
1	C7H12O	[M + H]+	C7H13O+	Fatty acids	0.969	Fatty acyls	0.918	Fatty aldehydes	0.883	Organic oxygen compounds	0.996	Organooxygen compounds	0.994	Carbonyl compounds	0.718			Carbonyl compounds	0.718	Organic compounds; Organooxygen compounds; Carbonyl compounds; Organic oxides; Hydrocarbon derivatives; Organic oxygen compounds; Chemical entities	113.096	313	5.211	857318602129335026	857316079636606327	857316079636606326	5401	
1	C14H31NO8	[M + H]+	C14H32NO8+	Fatty acids	0.356	Glycerolipids	0.047	Polyamines	0.031	Organic oxygen compounds	0.999	Organooxygen compounds	0.998	Ethers	0.993	Dialkyl ethers	0.994	Polyethylene glycols	0.549	Organic compounds; Alcohols and polyols; Ethers; Organonitrogen compounds; Primary alcohols; Organooxygen compounds; Monoalkylamines; Dialkyl ethers; Amines; Primary amines; Polyethylene glycols; Hydrocarbon derivatives; Organopnictogen compounds; Organic oxygen compounds; Organic nitrogen compounds; Chemical entities	342.212	314	5.240	857318607388992766	857316079741463935	857316079741463934	5441	
1	C12H24O8	[M + H]+	C12H25O8+	Fatty acids	0.778	Fatty Acids and Conjugates	0.748	Dicarboxylic acids	0.085	Organic acids and derivatives	0.870	Carboxylic acids and derivatives	0.840	Carboxylic acids	0.730			Carboxylic acids	0.730	Organic compounds; Ethers; Organic acids and derivatives; Carboxylic acids and derivatives; Organooxygen compounds; Monocarboxylic acids and derivatives; Dialkyl ethers; Carboxylic acids; Carbonyl compounds; Organic oxides; Hydrocarbon derivatives; Organic oxygen compounds; Chemical entities	297.154	315	5.245	857318603043693334	857316079787601283	857316079787601282	5473	
1	C9H12O2	[M + H]+	C9H13O2+	Terpenoids	0.546	Monoterpenoids	0.302	2-pyrone derivatives	0.173	Organoheterocyclic compounds	0.629	Oxacyclic compounds	0.653					Oxacyclic compounds	0.653	Organic compounds; Organoheterocyclic compounds; Organooxygen compounds; Carbonyl compounds; Organic oxides; Oxacyclic compounds; Hydrocarbon derivatives; Organic oxygen compounds; Chemical entities	153.091	317	5.282	857318606256530675	857316079846321543	857316079846321542	5603	
1	C17H33N5O6	[M + H]+	C17H34N5O6+	Amino acids and Peptides	0.395	Small peptides	0.259	Aminoacids	0.106	Organic acids and derivatives	0.712	Carboxylic acids and derivatives	0.609					Carboxylic acids and derivatives	0.609	Organic compounds; Ethers; Organic acids and derivatives; Carboxylic acids and derivatives; Organonitrogen compounds; Organooxygen compounds; Carbonyl compounds; Amines; Organic oxides; Hydrocarbon derivatives; Organopnictogen compounds; Organic oxygen compounds; Organic nitrogen compounds; Chemical entities	404.249	318	5.296	857318609079297299	857316079900847499	857316079896653194	5565	
1	C14H30O8	[M + H]+	C14H31O8+	Fatty acids	0.799	Fatty acyls	0.638	Fatty alcohols	0.485	Organic oxygen compounds	1.000	Organooxygen compounds	1.000	Ethers	0.992	Dialkyl ethers	0.992	Polyethylene glycols	0.991	Organic compounds; Alcohols and polyols; Ethers; Primary alcohols; Organooxygen compounds; Dialkyl ethers; Polyethylene glycols; Hydrocarbon derivatives; Organic oxygen compounds; Chemical entities	327.201	320	5.331	857318611822372125	857316080014093715	857316080009899410	5666	
2	C14H30O8	[M + H3N + H]+	C14H34NO8+	Fatty acids	0.825	Fatty acyls	0.576	Fatty alcohols	0.448	Organic oxygen compounds	1.000	Organooxygen compounds	1.000	Ethers	0.993	Dialkyl ethers	0.993	Polyethylene glycols	0.990	Organic compounds; Alcohols and polyols; Ethers; Primary alcohols; Organooxygen compounds; Dialkyl ethers; Polyethylene glycols; Hydrocarbon derivatives; Organic oxygen compounds; Chemical entities	344.228	320	5.333	857318704508103911	857316080064425367	857316080060231062	5667	
1	C7H10O2	[M + H]+	C7H11O2+	Fatty acids	0.980	Fatty Acids and Conjugates	0.872	Unsaturated fatty acids	0.892	Lipids and lipid-like molecules	0.519	Fatty Acyls	0.477	Fatty acids and conjugates	0.464	Unsaturated fatty acids	0.521	Unsaturated fatty acids	0.521	Organic compounds; Lipids and lipid-like molecules; Organic acids and derivatives; Carboxylic acids and derivatives; Organooxygen compounds; Unsaturated fatty acids; Monocarboxylic acids and derivatives; Carboxylic acids; Carbonyl compounds; Organic oxides; Hydrocarbon derivatives; Organic oxygen compounds; Chemical entities	127.075	322	5.365	857318626070422953	857316080114757019	857316080114757018	5602	
2	C13H13N3	[M + H]+	C13H14N3+	Alkaloids	0.812	Ornithine alkaloids	0.059	Polyamines	0.056	Benzenoids	0.997	Benzene and substituted derivatives	0.985					Benzene and substituted derivatives	0.985	Organic compounds; Organonitrogen compounds; Guanidines; Benzene and substituted derivatives; Benzenoids; Carboximidamides; Organic 1,3-dipolar compounds; Propargyl-type 1,3-dipolar organic compounds; Hydrocarbon derivatives; Organopnictogen compounds; Organic nitrogen compounds; Chemical entities	212.118	323	5.384	857318763895254312	857316080165088671	857316080165088670	5569	
2	C13H23N5O	[M + H]+	C13H24N5O+	Alkaloids	0.912	Ornithine alkaloids	0.049	Purine alkaloids	0.070	Organoheterocyclic compounds	0.978	Azoles	0.515					Azoles	0.515	Organic compounds; Organoheterocyclic compounds; Ethers; Organonitrogen compounds; Organooxygen compounds; Azoles; Dialkyl ethers; Trialkylamines; Amines; Secondary amines; Tertiary amines; Azacyclic compounds; Heteroaromatic compounds; Hydrocarbon derivatives; Organopnictogen compounds; Organic oxygen compounds; Organic nitrogen compounds; Chemical entities	266.196	325	5.420	857318762498551070	857316080215420323	857316080215420322	5792	
1	C17H33N5O4	[M + H]+	C17H34N5O4+	Alkaloids	0.403	Nucleosides	0.133	Purine nucleosides	0.065	Organoheterocyclic compounds	0.916	Triazines	0.615	Aminotriazines	0.600			Aminotriazines	0.600	Organic compounds; Organoheterocyclic compounds; Triazines; Alcohols and polyols; Ethers; Organonitrogen compounds; Primary alcohols; Organooxygen compounds; Dialkyl ethers; Aminotriazines; Amines; Primary amines; Tertiary amines; 1,3,5-triazines; Azacyclic compounds; Heteroaromatic compounds; Hydrocarbon derivatives; Organopnictogen compounds; Organic oxygen compounds; Organic nitrogen compounds; Chemical entities	372.259	325	5.421	857318859311554270	857316080265751975	857316080265751974	5729	
5	C13H26O7	[M + H3N + H]+	C13H30NO7+	Terpenoids	0.445	Monoterpenoids	0.384	Fatty acyl glycosides of mono- and disaccharides	0.151	Organic oxygen compounds	1.000	Organooxygen compounds	1.000	Carbohydrates and carbohydrate conjugates	0.557			Carbohydrates and carbohydrate conjugates	0.557	Organic compounds; Organoheterocyclic compounds; Carbohydrates and carbohydrate conjugates; Lipids and lipid-like molecules; Alcohols and polyols; Ethers; Organooxygen compounds; Dialkyl ethers; Acetals; Secondary alcohols; Oxacyclic compounds; Hydrocarbon derivatives; Organic oxygen compounds; Chemical entities	312.202	326	5.428	857318860074917612	857316080320277931	857316080316083626	5794	
1	C19H37N5O7	[M + H]+	C19H38N5O7+	Amino acids and Peptides	0.420	Oligopeptides	0.224	Aminoacids	0.072	Organic acids and derivatives	0.843	Carboxylic acids and derivatives	0.760	Carboxylic acid derivatives	0.633	Carboxylic acid amides	0.613	Carboxylic acid amides	0.613	Organic compounds; Ethers; Organic acids and derivatives; Carboxylic acids and derivatives; Organonitrogen compounds; Organooxygen compounds; Carboxylic acid amides; Carboxylic acid derivatives; Dialkyl ethers; Carbonyl compounds; Amines; Organic oxides; Hydrocarbon derivatives; Organopnictogen compounds; Organic oxygen compounds; Organic nitrogen compounds; Chemical entities	448.275	326	5.437	857318864613154599	857316080370609583	857316080370609582	5859	
2	C15H33NO7	[M + CH2O2 + H]+	C16H36NO9+	Fatty acids	0.909	Glycerolipids	0.313	Monoacylglycerols	0.174	Lipids and lipid-like molecules	0.254	Glycerolipids	0.526	Monoradylglycerols	0.351	Monoalkylglycerols	0.529	Monoalkylglycerols	0.529	Organic compounds; Alcohols and polyols; Glycerolipids; Ethers; Organonitrogen compounds; Primary alcohols; Organooxygen compounds; Monoalkylamines; Dialkyl ethers; Glycerol ethers; Amines; Primary amines; Monoalkylglycerols; Hydrocarbon derivatives; Organopnictogen compounds; Organic oxygen compounds; Organic nitrogen compounds; Chemical entities	386.238	327	5.443	857318861425483523	857316080420941235	857316080420941234	5763	
1	C11H22O7	[M + H]+	C11H23O7+	Fatty acids	0.893	Fatty acyl glycosides	0.907	Fatty acyl glycosides of mono- and disaccharides	0.538	Lipids and lipid-like molecules	0.669	Fatty Acyls	0.532	Fatty acyl glycosides	0.544	Alkyl glycosides	0.592	Alkyl glycosides	0.592	Organic compounds; Organoheterocyclic compounds; Carbohydrates and carbohydrate conjugates; Lipids and lipid-like molecules; Alcohols and polyols; Ethers; Organooxygen compounds; Monosaccharides; Acetals; Secondary alcohols; Fatty acyl glycosides; Oxanes; Glycosyl compounds; Alkyl glycosides; O-glycosyl compounds; Polyols; Fatty acyl glycosides of mono- and disaccharides; Fatty Acyls; Oxacyclic compounds; Hydrocarbon derivatives; Organic oxygen compounds; Chemical entities	267.144	328	5.459	857318896833798182	857316080475467191	857316080471272886	5823	
3	C19H43N3O4	[M + K]+	C19H43KN3O4+	Fatty acids	0.634	Ornithine alkaloids	0.452	Polyamines	0.500	Organic oxygen compounds	0.984	Organooxygen compounds	0.961	Ethers	0.467	Dialkyl ethers	0.503	Dialkyl ethers	0.503	Organic compounds; Alcohols and polyols; Organonitrogen compounds; Primary alcohols; Organooxygen compounds; Dialkyl ethers; Dialkylamines; Amines; Hydrocarbon derivatives; Organopnictogen compounds; Organic oxygen compounds; Organic nitrogen compounds; Chemical entities	416.285	329	5.490	857318858485276374	857316080525798843	857316080525798842	5953	
1	C16H34O9	[M + H]+	C16H35O9+	Fatty acids	0.809	Fatty acyls	0.560	Fatty alcohols	0.450	Organic oxygen compounds	1.000	Organooxygen compounds	1.000	Ethers	0.994	Dialkyl ethers	0.994	Polyethylene glycols	0.994	Organic compounds; Alcohols and polyols; Ethers; Primary alcohols; Organooxygen compounds; Dialkyl ethers; Polyethylene glycols; Hydrocarbon derivatives; Organic oxygen compounds; Chemical entities	371.228	330	5.501	857318860733423352	857316080576130495	857316080576130494	5950	
3	C16H34O9	[M + H3N + H]+	C16H38NO9+	Fatty acids	0.811	Fatty acyls	0.548	Fatty alcohols	0.449	Organic oxygen compounds	1.000	Organooxygen compounds	1.000	Ethers	0.994	Dialkyl ethers	0.994	Polyethylene glycols	0.994	Organic compounds; Alcohols and polyols; Ethers; Primary alcohols; Organooxygen compounds; Dialkyl ethers; Polyethylene glycols; Hydrocarbon derivatives; Organic oxygen compounds; Chemical entities	388.254	332	5.527	857318858300726977	857316080630656451	857316080626462146	5951	
1	C19H35N5O6	[M + H]+	C19H36N5O6+	Amino acids and Peptides	0.486	Small peptides	0.278	Aminoacids	0.071	Organic oxygen compounds	1.000	Organooxygen compounds	0.995	Alcohols and polyols	0.452	Primary alcohols	0.540	Primary alcohols	0.540	Organic compounds; Organic acids and derivatives; Organonitrogen compounds; Primary alcohols; Organooxygen compounds; Amines; Organic oxides; Hydrocarbon derivatives; Organopnictogen compounds; Organic oxygen compounds; Organic nitrogen compounds; Chemical entities	430.265	334	5.565	857318868648075090	857316080685182407	857316080685182406	6056	
1	C10H14O2	[M + H]+	C10H15O2+	Terpenoids	0.668	Monoterpenoids	0.538	Irregular monoterpenoids	0.130	Organic oxygen compounds	0.999	Organooxygen compounds	0.999	Carbonyl compounds	0.842			Carbonyl compounds	0.842	Organic compounds; Organooxygen compounds; Carbonyl compounds; Organic oxides; Hydrocarbon derivatives; Organic oxygen compounds; Chemical entities	167.107	335	5.581	857318890194214907	857316080743902667	857316080743902666	5987	
1	C9H14O3	[M + H]+	C9H15O3+	Fatty acids	0.813	Fatty esters	0.517	Macrolide lactones	0.375	Organic acids and derivatives	0.956	Carboxylic acids and derivatives	0.909	Carboxylic acid derivatives	0.800	Carboxylic acid esters	0.756	Carboxylic acid esters	0.756	Organic compounds; Ketones; Organic acids and derivatives; Carboxylic acids and derivatives; Organooxygen compounds; Carboxylic acid derivatives; Monocarboxylic acids and derivatives; Carboxylic acid esters; Carbonyl compounds; Cyclic ketones; Organic oxides; Hydrocarbon derivatives; Organic oxygen compounds; Chemical entities	171.102	335	5.585	857318880106913685	857316080806817231	857316080802622926	6017	
1	C19H34N4O6	[M + H3N + H]+	C19H38N5O6+	Amino acids and Peptides	0.358	Oligopeptides	0.331	Cyclic peptides	0.099	Organic oxygen compounds	1.000	Organooxygen compounds	0.998	Ethers	0.835	Dialkyl ethers	0.883	Dialkyl ethers	0.883	Organic compounds; Ethers; Organic acids and derivatives; Organonitrogen compounds; Primary alcohols; Organooxygen compounds; Dialkyl ethers; Amines; Organic oxides; Hydrocarbon derivatives; Organopnictogen compounds; Organic oxygen compounds; Organic nitrogen compounds; Chemical entities	432.280	340	5.660	857318857583500981	857316080907480535	857316080907480534	6262	
1	C15H33NO8	[M + H]+	C15H34NO8+	Fatty acids	0.570	Polyols	0.224	Amino cyclitols	0.079	Organic oxygen compounds	0.999	Organooxygen compounds	0.997	Ethers	0.994	Dialkyl ethers	0.988	Dialkyl ethers	0.988	Organic compounds; Alcohols and polyols; Ethers; Organonitrogen compounds; Primary alcohols; Organooxygen compounds; Monoalkylamines; Dialkyl ethers; Amines; Primary amines; Hydrocarbon derivatives; Organopnictogen compounds; Organic oxygen compounds; Organic nitrogen compounds; Chemical entities	356.228	340	5.665	857318863174508317	857316080962006491	857316080957812186	6250	
2	C21H47N3O5	[M + K]+	C21H47KN3O5+	Fatty acids	0.632	Ornithine alkaloids	0.196	Polyamines	0.200	Organic oxygen compounds	0.990	Organooxygen compounds	0.971	Ethers	0.875	Dialkyl ethers	0.915	Dialkyl ethers	0.915	Organic compounds; Ethers; Organonitrogen compounds; Organooxygen compounds; Dialkyl ethers; Amines; Hydrocarbon derivatives; Organic oxygen compounds; Organic nitrogen compounds; Chemical entities	460.312	340	5.667	857318886146711492	857316081020726751	857316081016532446	6266	
1	C18H38O10	[M + H]+	C18H39O10+	Fatty acids	0.836	Fatty acyls	0.521	Fatty alcohols	0.436	Organic oxygen compounds	1.000	Organooxygen compounds	1.000	Ethers	0.994	Dialkyl ethers	0.994	Polyethylene glycols	0.995	Organic compounds; Alcohols and polyols; Ethers; Primary alcohols; Organooxygen compounds; Dialkyl ethers; Polyethylene glycols; Hydrocarbon derivatives; Organic oxygen compounds; Chemical entities	415.254	341	5.680	857318858430750410	857316081071058403	857316081071058402	6260	
1	C14H30O7	[M + H]+	C14H31O7+	Fatty acids	0.997	Glycerolipids	0.874	Fatty alcohols	0.653	Lipids and lipid-like molecules	0.695	Glycerolipids	0.472	Glycerol ethers	0.637			Glycerol ethers	0.637	Organic compounds; Lipids and lipid-like molecules; Alcohols and polyols; Ethers; Primary alcohols; Organooxygen compounds; Dialkyl ethers; Secondary alcohols; Polyols; Glycerol ethers; Hydrocarbon derivatives; Organic oxygen compounds; Chemical entities	311.206	350	5.829	857318882552192933	857316081138167271	857316081133972966	6396	
1	C14H15N	[M + H]+	C14H16N+	Alkaloids	0.906	Tyrosine alkaloids	0.241	Phenylethylamines	0.227	Benzenoids	0.999	Benzene and substituted derivatives	0.991	Phenylmethylamines	0.920			Phenylmethylamines	0.920	Organic compounds; Phenylmethylamines; Organonitrogen compounds; Dialkylamines; Benzene and substituted derivatives; Benzenoids; Amines; Secondary amines; Benzylamines; Aralkylamines; Hydrocarbon derivatives; Organopnictogen compounds; Organic nitrogen compounds; Chemical entities	198.128	354	5.898	857318862759272211	857316081201081835	857316081196887530	6524	
1	C23H45N5O7	[M + H]+	C23H46N5O7+	Amino acids and Peptides	0.725	Oligopeptides	0.814	Cyclic peptides	0.623	Organic acids and derivatives	0.986	Carboxylic acids and derivatives	0.959	Carboxylic acid derivatives	0.942	Carboxylic acid amides	0.928	Secondary carboxylic acid amides	0.679	Organic compounds; Ethers; Organic acids and derivatives; Carboxylic acids and derivatives; Organonitrogen compounds; Organooxygen compounds; Hydroxamic acids; Carboxylic acid amides; Carboxylic acid derivatives; Dialkyl ethers; Primary carboxylic acid amides; Secondary carboxylic acid amides; Carbonyl compounds; Amines; Organic oxides; Hydrocarbon derivatives; Organopnictogen compounds; Organic oxygen compounds; Organic nitrogen compounds; Chemical entities	504.338	355	5.919	857318898192752688	857316081255607791	857316081255607790	6653	
5	C17H31N5O3	[M + CH2O2 + H]+	C18H34N5O5+	Carbohydrates	0.472	Small peptides	0.321	Purine nucleosides	0.284	Organic acids and derivatives	0.669	Carboxylic acids and derivatives	0.531	Amino acids, peptides, and analogues	0.535	Amino acids and derivatives	0.531	Amino acids and derivatives	0.531	Organic compounds; Organoheterocyclic compounds; Amino acids, peptides, and analogues; Imidazoles; Alcohols and polyols; Organic acids and derivatives; Carboxylic acids and derivatives; Organonitrogen compounds; Organooxygen compounds; Amino acids and derivatives; Azoles; Monoalkylamines; Carbonyl compounds; Substituted imidazoles; N-substituted imidazoles; Amines; Primary amines; Organic oxides; Azacyclic compounds; Heteroaromatic compounds; Hydrocarbon derivatives; Organopnictogen compounds; Organic oxygen compounds; Organic nitrogen compounds; Chemical entities	400.254	357	5.955	857318887195287519	857316081322716659	857316081318522354	6703	
2	C5H11N3	[M + Na]+	C5H11N3Na+	Alkaloids	0.798	Nicotinic acid alkaloids	0.317	Pyridine alkaloids	0.318	Organoheterocyclic compounds	0.636	Azacyclic compounds	0.641					Azacyclic compounds	0.641	Organic compounds; Organoheterocyclic compounds; Organonitrogen compounds; Azacyclic compounds; Hydrocarbon derivatives; Organopnictogen compounds; Organic nitrogen compounds; Chemical entities	136.084	359	5.980	857318893730013198	857316081373048311	857316081373048310	6753	
1	C7H12O2	[M + H]+	C7H13O2+	Fatty acids	0.997	Fatty esters	0.907	Lactones	0.782	Lipids and lipid-like molecules	0.508	Fatty Acyls	0.553					Fatty Acyls	0.553	Organic compounds; Lipids and lipid-like molecules; Organic acids and derivatives; Carboxylic acids and derivatives; Organooxygen compounds; Carboxylic acid derivatives; Monocarboxylic acids and derivatives; Carboxylic acid esters; Carbonyl compounds; Fatty Acyls; Organic oxides; Hydrocarbon derivatives; Organic oxygen compounds; Chemical entities	129.091	361	6.009	857318880840916899	857316081423379963	857316081423379962	6725	
1	C13H25N	[M + H]+	C13H26N+	Alkaloids	0.797	Pseudoalkaloids (transamidation)	0.351	Acetate-derived alkaloids	0.485	Organic nitrogen compounds	1.000	Organonitrogen compounds	1.000	Cyclohexylamines	0.955			Cyclohexylamines	0.955	Organic compounds; Organonitrogen compounds; Dialkylamines; Amines; Secondary amines; Cyclohexylamines; Hydrocarbon derivatives; Organopnictogen compounds; Organic nitrogen compounds; Chemical entities	196.206	362	6.025	857318863040290588	857316081473711615	857316081473711614	6824	
1	C14H30O7	[M + H]+	C14H31O7+	Fatty acids	0.996	Glycerolipids	0.689	Fatty alcohols	0.769	Lipids and lipid-like molecules	0.574							Lipids and lipid-like molecules	0.574	Organic compounds; Lipids and lipid-like molecules; Alcohols and polyols; Ethers; Primary alcohols; Organooxygen compounds; Dialkyl ethers; Secondary alcohols; Polyols; Hydrocarbon derivatives; Organic oxygen compounds; Chemical entities	311.206	365	6.077	857318867968597831	857316081524043267	857316081519848962	7024	
1	C27H53N5O9	[M + H]+	C27H54N5O9+	Amino acids and Peptides	0.856	Oligopeptides	0.934	Cyclic peptides	0.778	Organic acids and derivatives	0.983	Carboxylic acids and derivatives	0.951	Amino acids, peptides, and analogues	0.577	Amino acids and derivatives	0.541	Amino acids and derivatives	0.541	Organic compounds; Amino acids, peptides, and analogues; Ethers; Organic acids and derivatives; Carboxylic acids and derivatives; Organonitrogen compounds; Organooxygen compounds; Amino acids and derivatives; Hydroxamic acids; Monoalkylamines; Carboxylic acid amides; Carboxylic acid derivatives; Dialkyl ethers; Primary carboxylic acid amides; Secondary carboxylic acid amides; Carbonyl compounds; Amines; Primary amines; Organic oxides; Hydrocarbon derivatives; Organopnictogen compounds; Organic oxygen compounds; Organic nitrogen compounds; Chemical entities	592.390	366	6.105	857318904022835268	857316081578569223	857316081578569222	6911	
1	C20H37N5O6	[M + H]+	C20H38N5O6+	Amino acids and Peptides	0.860	Oligopeptides	0.732	Cyclic peptides	0.483	Organic acids and derivatives	0.832	Carboxylic acids and derivatives	0.696	Carboxylic acid derivatives	0.666	Carboxylic acid amides	0.736	Secondary carboxylic acid amides	0.524	Organic compounds; Organoheterocyclic compounds; Alcohols and polyols; Organic acids and derivatives; Carboxylic acids and derivatives; Organonitrogen compounds; Primary alcohols; Organooxygen compounds; Hydroxamic acids; Carboxylic acid amides; Carboxylic acid derivatives; Secondary carboxylic acid amides; Carbonyl compounds; Amines; Organic oxides; Azacyclic compounds; Hydrocarbon derivatives; Organopnictogen compounds; Organic oxygen compounds; Organic nitrogen compounds; Chemical entities	444.280	367	6.121	857318866513174332	857316081687621135	857316081683426830	7097	
1	C13H25N	[M + H]+	C13H26N+	Alkaloids	0.741	Pseudoalkaloids (transamidation)	0.259	Acetate-derived alkaloids	0.325	Organic nitrogen compounds	1.000	Organonitrogen compounds	1.000	Cyclohexylamines	0.949			Cyclohexylamines	0.949	Organic compounds; Organonitrogen compounds; Dialkylamines; Amines; Secondary amines; Cyclohexylamines; Hydrocarbon derivatives; Organopnictogen compounds; Organic nitrogen compounds; Chemical entities	196.206	368	6.140	857318855385685657	857316081742147091	857316081737952786	7085	
1	C16H34O8	[M + H]+	C16H35O8+	Fatty acids	0.990	Glycerolipids	0.921	Monoacylglycerols	0.514	Lipids and lipid-like molecules	0.332	Glycerolipids	0.570	Glycerol ethers	0.687			Glycerol ethers	0.687	Organic compounds; Alcohols and polyols; Glycerolipids; Ethers; Primary alcohols; Organooxygen compounds; Dialkyl ethers; Secondary alcohols; Glycerol ethers; Hydrocarbon derivatives; Organic oxygen compounds; Chemical entities	355.233	371	6.175	857318884099891119	857316081809255959	857316081809255958	7041	
1	C16H35NO7	[M + H]+	C16H36NO7+	Fatty acids	0.440	Ornithine alkaloids	0.045	Polyamines	0.030	Organic oxygen compounds	0.997	Organooxygen compounds	0.995	Ethers	0.985	Dialkyl ethers	0.989	Polyethylene glycols	0.822	Organic compounds; Alcohols and polyols; Ethers; Organonitrogen compounds; Primary alcohols; Organooxygen compounds; Monoalkylamines; Dialkyl ethers; Amines; Primary amines; Polyethylene glycols; Hydrocarbon derivatives; Organopnictogen compounds; Organic oxygen compounds; Organic nitrogen compounds; Chemical entities	354.249	373	6.210	857318872271953767	857316081884753435	857316081884753434	7332	
1	C7H10	[M + H]+	C7H11+	Fatty acids	0.709	Fatty acyls	0.680	Hydrocarbons	0.144	Hydrocarbons	0.988	Unsaturated hydrocarbons	0.935	Olefins	0.578			Olefins	0.578	Organic compounds; Hydrocarbons; Olefins; Unsaturated hydrocarbons; Unsaturated aliphatic hydrocarbons; Chemical entities	95.086	374	6.228	857318858380418761	857316081951862303	857316081951862302	7325	
1	C8H13ClF2N2O	[M + H]+	C8H14ClF2N2O+	Alkaloids	0.536	Histidine alkaloids	0.118	Imidazole alkaloids	0.114	Organohalogen compounds	1.000	Aryl halides	0.660	Aryl chlorides	0.675			Aryl chlorides	0.675	Organic compounds; Organoheterocyclic compounds; Pyrazoles; Ethers; Organohalogen compounds; Organonitrogen compounds; Organooxygen compounds; Azoles; Alkyl fluorides; Aryl chlorides; Organochlorides; Organofluorides; Aryl halides; Alkyl halides; Azacyclic compounds; Heteroaromatic compounds; Hydrocarbon derivatives; Organopnictogen compounds; Organic oxygen compounds; Organic nitrogen compounds; Chemical entities	227.074	374	6.233	857318885010055097	857316082014776867	857316082014776866	7222	
2	C36H53N5O5	[M + H]+	C36H54N5O5+	Amino acids and Peptides	0.904	Oligopeptides	0.833	Linear peptides	0.419	Organic acids and derivatives	0.993	Carboxylic acids and derivatives	0.984	Amino acids, peptides, and analogues	0.956	Amino acids and derivatives	0.948	Alpha amino acid amides	0.662	Organic compounds; Lipids and lipid-like molecules; Amino acids, peptides, and analogues; Alpha amino acids and derivatives; Alcohols and polyols; Phenethylamines; Amphetamines and derivatives; Organic acids and derivatives; Carboxylic acids and derivatives; Organonitrogen compounds; Organooxygen compounds; Fatty amides; Amino acids and derivatives; Carboxylic acid amides; Carboxylic acid derivatives; N-acyl amines; Secondary carboxylic acid amides; Tertiary carboxylic acid amides; Carbonyl compounds; Benzene and substituted derivatives; Alpha amino acid amides; Benzenoids; Amines; Fatty Acyls; Organic oxides; Azacyclic compounds; Hydrocarbon derivatives; Organopnictogen compounds; Organic oxygen compounds; Organic nitrogen compounds; Chemical entities	636.416	377	6.291	857318878177533836	857316082069302823	857316082065108518	7441	
1	C17H21NO4	[M + H]+	C17H22NO4+	Alkaloids	1.000	Ornithine alkaloids	0.998	Tropane alkaloids	1.000	Organic acids and derivatives	1.000	Carboxylic acids and derivatives	1.000	Amino acids, peptides, and analogues	0.995	Amino acids and derivatives	0.995	Amino acids and derivatives	0.995	Organic compounds; Organoheterocyclic compounds; Amino acids, peptides, and analogues; Benzoic acids and derivatives; Piperidines; Pyrrolidines; Organic acids and derivatives; Carboxylic acids and derivatives; Organonitrogen compounds; Alkaloids and derivatives; Benzoyl derivatives; Organooxygen compounds; Dicarboxylic acids and derivatives; Amino acids and derivatives; Tropane alkaloids; Carboxylic acid derivatives; Carboxylic acid esters; Benzoic acid esters; Carbonyl compounds; Piperidinecarboxylic acids and derivatives; Trialkylamines; Benzene and substituted derivatives; Piperidinecarboxylic acids; Benzenoids; Amines; Tertiary amines; Methyl esters; N-alkylpyrrolidines; Organic oxides; Azacyclic compounds; Hydrocarbon derivatives; Organopnictogen compounds; Organic oxygen compounds; Organic nitrogen compounds; Chemical entities	304.154	381	6.357	857318896531808284	857316082123828779	857316082119634474	7590	
1	C9H6O3	[M + H]+	C9H7O3+	Shikimates and Phenylpropanoids	0.673	Coumarins	0.630	Simple coumarins	0.409	Benzenoids	0.974							Benzenoids	0.974	Organic compounds; Organoheterocyclic compounds; Organic acids and derivatives; Organooxygen compounds; Benzenoids; Organic oxides; Oxacyclic compounds; Hydrocarbon derivatives; Organic oxygen compounds; Chemical entities	163.039	382	6.368	857318886570336205	857316082182549039	857316082182549038	7592	
1	C16H24O4	[M + H]+	C16H25O4+	Polyketides	0.292	Sesquiterpenoids	0.303	Bisabolane sesquiterpenoids	0.214	Benzenoids	0.765	Phenol ethers	0.675	Anisoles	0.529			Anisoles	0.529	Organic compounds; Lipids and lipid-like molecules; Alkyl aryl ethers; Anisoles; Ethers; Organic acids and derivatives; Carboxylic acids and derivatives; Organooxygen compounds; Carboxylic acid derivatives; Monocarboxylic acids and derivatives; Carboxylic acid esters; Carbonyl compounds; Benzene and substituted derivatives; Phenol ethers; Benzenoids; Fatty Acyls; Organic oxides; Hydrocarbon derivatives; Organic oxygen compounds; Phenoxy compounds; Chemical entities	281.175	383	6.380	857318865644953394	857316082241269299	857316082241269298	7605	
1	C10H16O2	[M + H]+	C10H17O2+	Fatty acids	0.988	Fatty acyls	0.913	Fatty aldehydes	0.550	Organic oxygen compounds	1.000	Organooxygen compounds	0.999	Carbonyl compounds	0.967	Ketones	0.875	Ketones	0.875	Organic compounds; Ketones; Organooxygen compounds; Carbonyl compounds; Organic oxides; Hydrocarbon derivatives; Organic oxygen compounds; Chemical entities	169.122	383	6.388	857318872997568369	857316082299989559	857316082299989558	7622	
1	C17H21NO	[M + H]+	C17H22NO+	Alkaloids	0.972	Tryptophan alkaloids	0.892	Carbazole alkaloids	0.347	Organoheterocyclic compounds	0.995	Indoles and derivatives	0.664	Indoles	0.524			Indoles	0.524	Organic compounds; Organoheterocyclic compounds; Pyrroles; Ketones; Indoles and derivatives; Organonitrogen compounds; Organooxygen compounds; Carbonyl compounds; Benzenoids; Indoles; Organic oxides; Azacyclic compounds; Heteroaromatic compounds; Hydrocarbon derivatives; Organopnictogen compounds; Organic oxygen compounds; Organic nitrogen compounds; Chemical entities	256.170	387	6.453	857318889061752816	857316082358709819	857316082358709818	7613	
6	C14H28N3O3P	[M + H]+	C14H29N3O3P+	Alkaloids	0.645	Pseudoalkaloids (transamidation)	0.166	Imidazole alkaloids	0.086	Organic oxygen compounds	0.999	Organooxygen compounds	0.984	Ethers	0.839	Dialkyl ethers	0.831	Dialkyl ethers	0.831	Organic compounds; Organoheterocyclic compounds; Ethers; Organonitrogen compounds; Organooxygen compounds; Dialkyl ethers; Amines; Azacyclic compounds; Hydrocarbon derivatives; Organopnictogen compounds; Organic oxygen compounds; Organic nitrogen compounds; Chemical entities	318.196	388	6.465	857318871470841698	857316082417430079	857316082417430078	7727	
4	C30H59N9O7	[M + Na]+	C30H59N9NaO7+	Amino acids and Peptides	0.993	Oligopeptides	0.994	Cyclic peptides	0.790	Organic acids and derivatives	0.997	Carboxylic acids and derivatives	0.991	Amino acids, peptides, and analogues	0.969	Peptides	0.838	Oligopeptides	0.652	Organic compounds; Organoheterocyclic compounds; Lipids and lipid-like molecules; Amino acids, peptides, and analogues; Alpha amino acids and derivatives; Phenylpropanoids and polyketides; Organic acids and derivatives; Carboxylic acids and derivatives; Organonitrogen compounds; Organooxygen compounds; Fatty amides; Amino acids and derivatives; Peptides; Monoalkylamines; Carboxylic acid amides; Carboxylic acid derivatives; N-acyl amines; N-acyl-alpha amino acids and derivatives; Secondary carboxylic acid amides; Tertiary carboxylic acid amides; Carbonyl compounds; Benzene and substituted derivatives; Alpha amino acid amides; Benzenoids; Amines; Primary amines; Fatty Acyls; Organic oxides; Azacyclic compounds; Hydrocarbon derivatives; Organopnictogen compounds; Organic oxygen compounds; Organic nitrogen compounds; Oligopeptides; Chemical entities	680.442	388	6.470	857318876545949572	857316082471956035	857316082467761730	7735	
1	C18H38O9	[M + H]+	C18H39O9+	Fatty acids	0.980	Glycerolipids	0.824	Fatty alcohols	0.573	Organic oxygen compounds	1.000	Organooxygen compounds	1.000	Ethers	0.997	Dialkyl ethers	0.993	Polyethylene glycols	0.709	Organic compounds; Alcohols and polyols; Ethers; Primary alcohols; Organooxygen compounds; Dialkyl ethers; Secondary alcohols; Polyethylene glycols; Hydrocarbon derivatives; Organic oxygen compounds; Chemical entities	399.259	389	6.476	857318875937775479	857316082526481991	857316082526481990	7665	
1	C7H7N3	[M + H]+	C7H8N3+	Alkaloids	0.859	Nicotinic acid alkaloids	0.324	Pyridine alkaloids	0.324	Organoheterocyclic compounds	0.999	Benzotriazoles	0.988					Benzotriazoles	0.988	Organic compounds; Organoheterocyclic compounds; Triazoles; Organonitrogen compounds; Benzotriazoles; Azoles; Benzenoids; Azacyclic compounds; Heteroaromatic compounds; Hydrocarbon derivatives; Organopnictogen compounds; Organic nitrogen compounds; Chemical entities	134.071	390	6.505	857318890588479493	857316082656505423	857316082656505422	7792	
1	C11H10O3	[M + H]+	C11H11O3+	Shikimates and Phenylpropanoids	0.915	Phenylpropanoids (C6-C3)	0.797	Cinnamic acids and derivatives	0.842	Benzenoids	0.967	Benzene and substituted derivatives	0.855					Benzene and substituted derivatives	0.855	Organic compounds; Organic acids and derivatives; Carboxylic acids and derivatives; Organooxygen compounds; Monocarboxylic acids and derivatives; Carbonyl compounds; Benzene and substituted derivatives; Benzenoids; Organic oxides; Hydrocarbon derivatives; Organic oxygen compounds; Chemical entities	191.070	391	6.510	857318898264055866	857316082593590859	857316082589396554	7716	
1	C18H39NO8	[M + H]+	C18H40NO8+	Fatty acids	0.779	Fatty amides	0.079	Sphingoid bases	0.082	Organic oxygen compounds	0.992	Organooxygen compounds	0.980	Ethers	0.971	Dialkyl ethers	0.970	Polyethylene glycols	0.658	Organic compounds; Alcohols and polyols; Ethers; Organonitrogen compounds; Primary alcohols; Organooxygen compounds; Monoalkylamines; Dialkyl ethers; Amines; Primary amines; Polyethylene glycols; Hydrocarbon derivatives; Organopnictogen compounds; Organic oxygen compounds; Organic nitrogen compounds; Chemical entities	398.275	391	6.519	857318895701336081	857316082711031379	857316082711031378	7830	
11	C18H32O2	[M + H]+	C18H33O2+	Fatty acids	0.990	Fatty Acids and Conjugates	0.556	Fatty alcohols	0.434	Lipids and lipid-like molecules	0.894	Fatty Acyls	0.901	Fatty acids and conjugates	0.638	Long-chain fatty acids	0.738	Long-chain fatty acids	0.738	Organic compounds; Lipids and lipid-like molecules; Alcohols and polyols; Fatty acids and conjugates; Carboxylic acids and derivatives; Organooxygen compounds; Unsaturated fatty acids; Monocarboxylic acids and derivatives; Carboxylic acids; Carbonyl compounds; Long-chain fatty acids; Fatty Acyls; Organic oxides; Hydrocarbon derivatives; Organic oxygen compounds; Chemical entities	281.175	392	6.529	857318935014547544	857316082765557335	857316082765557334	7834	
2	C10H10O3	[M - H2O + H]+	C10H9O2+	Shikimates and Phenylpropanoids	0.254	Fatty Acids and Conjugates	0.082	Oxo fatty acids	0.060	Organic oxygen compounds	1.000	Organooxygen compounds	1.000	Carbonyl compounds	1.000	Ketones	0.987	Alkyl-phenylketones	0.966	Organic compounds; Lipids and lipid-like molecules; Ketones; 1,3-dicarbonyl compounds; Organic acids and derivatives; Carboxylic acids and derivatives; Benzoyl derivatives; Organooxygen compounds; Butyrophenones; Keto acids and derivatives; Gamma-keto acids and derivatives; Monocarboxylic acids and derivatives; Carboxylic acids; Carbonyl compounds; Benzene and substituted derivatives; Benzenoids; Aryl ketones; Aryl alkyl ketones; Fatty Acyls; Organic oxides; Hydrocarbon derivatives; Phenylketones; Alkyl-phenylketones; Organic oxygen compounds; Chemical entities	161.060	393	6.549	857320067875096633	857316082820083291	857316082820083290	7873	
1	C11H10O3	[M + H]+	C11H11O3+	Shikimates and Phenylpropanoids	0.921	Phenylpropanoids (C6-C3)	0.880	Cinnamic acids and derivatives	0.896	Benzenoids	0.960	Benzene and substituted derivatives	0.755					Benzene and substituted derivatives	0.755	Organic compounds; Organic acids and derivatives; Carboxylic acids and derivatives; Organooxygen compounds; Carbonyl compounds; Benzene and substituted derivatives; Benzenoids; Organic oxides; Hydrocarbon derivatives; Organic oxygen compounds; Chemical entities	191.071	395	6.587	857320075114465595	857316082874609247	857316082874609246	7946	
1	C10H14O3	[M + H]+	C10H15O3+	Fatty acids	0.943	Fatty Acids and Conjugates	0.349	Oxo fatty acids	0.281	Lipids and lipid-like molecules	0.489	Fatty Acyls	0.553					Fatty Acyls	0.553	Organic compounds; Ketones; Organic acids and derivatives; Carboxylic acids and derivatives; Organooxygen compounds; Monocarboxylic acids and derivatives; Carboxylic acids; Carbonyl compounds; Fatty Acyls; Organic oxides; Hydrocarbon derivatives; Organic oxygen compounds; Chemical entities	183.102	396	6.597	857320094852867882	857316082929135203	857316082924940898	7886	
1	C8H12O2	[M + H]+	C8H13O2+	Fatty acids	0.977	Fatty acyls	0.622	Oxygenated hydrocarbons	0.383	Organic oxygen compounds	1.000	Organooxygen compounds	0.999	Carbonyl compounds	0.975	1,3-dicarbonyl compounds	0.514	1,3-dicarbonyl compounds	0.514	Organic compounds; Ketones; 1,3-dicarbonyl compounds; Organooxygen compounds; Carbonyl compounds; Organic oxides; Hydrocarbon derivatives; Organic oxygen compounds; Chemical entities	141.091	396	6.606	857320076670552390	857316082983661159	857316082979466854	7966	
4	C10H10BrFO2	[M + C2H3N + H]+	C12H14BrFNO2+	Fatty acids	0.095	Fatty Acids and Conjugates	0.099	Halogenated fatty acids	0.064	Benzenoids	0.999	Benzene and substituted derivatives	0.996	Halobenzenes	0.996	Bromobenzenes	0.985	Bromobenzenes	0.985	Organic compounds; Halobenzenes; Carboxylic acids and derivatives; Organohalogen compounds; Organooxygen compounds; Aryl bromides; Aryl fluorides; Bromobenzenes; Fluorobenzenes; Monocarboxylic acids and derivatives; Carboxylic acids; Organobromides; Organofluorides; Carbonyl compounds; Benzene and substituted derivatives; Benzenoids; Aryl halides; Organic oxides; Hydrocarbon derivatives; Organic oxygen compounds; Chemical entities	302.020	396	6.606	857320129887889997	857316083038187115	857316083038187114	8001	
4	C4H12O2Si2	[M + C2H3N + H]+	C6H16NO2Si2+	Fatty acids	0.491	Fatty acyls	0.298	Halogenated fatty acids	0.097	Organometallic compounds	0.628	Organometalloid compounds	0.628					Organometalloid compounds	0.628	Organic compounds; Organometallic compounds; Organometalloid compounds; Organic oxides; Hydrocarbon derivatives; Organic oxygen compounds; Chemical entities	190.071	396	6.607	857320125643253925	857316083096907375	857316083092713070	8003	
1	C4H12O2Si2	[M + H]+	C4H13O2Si2+	Fatty acids	0.468	Fatty acyls	0.229	Halogenated fatty acids	0.092	Organometallic compounds	0.615	Organometalloid compounds	0.615					Organometalloid compounds	0.615	Organic compounds; Organometallic compounds; Organometalloid compounds; Organic oxides; Hydrocarbon derivatives; Organic oxygen compounds; Chemical entities	149.045	396	6.608	857320101161101445	857316083164016243	857316083159821938	8000	
3	C6H14OS2	[M + H]+	C6H15OS2+	Fatty acids	0.973	Fatty acyls	0.897	Fatty alcohols	0.336	Organosulfur compounds	1.000	Sulfoxides	0.727					Sulfoxides	0.727	Organic compounds; Organosulfur compounds; Sulfoxides; Sulfinyl compounds; Sulfenyl compounds; Organic oxides; Hydrocarbon derivatives; Organic oxygen compounds; Chemical entities	167.056	397	6.609	857320118672320649	857316083231125111	857316083231125110	8002	
1	C5H12O3Si2	[M + H]+	C5H13O3Si2+	Fatty acids	0.582	Fatty acyls	0.244	Halogenated fatty acids	0.207	Organometallic compounds	0.644	Organometalloid compounds	0.644					Organometalloid compounds	0.644	Organic compounds; Organometallic compounds; Organometalloid compounds; Organic oxides; Hydrocarbon derivatives; Organic oxygen compounds; Chemical entities	177.040	397	6.610	857320124712118423	857316083289845371	857316083289845370	7989	
2	C14H25N7O3	[M + H]+	C14H26N7O3+	Alkaloids	0.421	Nucleosides	0.227	Purine nucleosides	0.084	Organic nitrogen compounds	1.000	Organonitrogen compounds	1.000	Amines	0.986	Tertiary amines	0.764	Dialkylarylamines	0.767	Organic compounds; Organoheterocyclic compounds; Triazines; Alcohols and polyols; Ethers; Organonitrogen compounds; Primary alcohols; Organooxygen compounds; Dialkyl ethers; Aminotriazines; Amines; Primary amines; Tertiary amines; Tertiary alkylarylamines; Dialkylarylamines; 1,3,5-triazines; Azacyclic compounds; Heteroaromatic compounds; Hydrocarbon derivatives; Organopnictogen compounds; Organic oxygen compounds; Organic nitrogen compounds; Chemical entities	340.209	397	6.622	857320168563567238	857316083344371327	857316083340177022	8049	
1	C11H20N2O2	[M + H]+	C11H21N2O2+	Alkaloids	0.164	Small peptides	0.065	Aminoacids	0.020	Organoheterocyclic compounds	0.999	Oxazinanes	1.000	Morpholines	1.000	Morpholine carboxylic acids and derivatives	0.995	Morpholine carboxylic acids and derivatives	0.995	Organic compounds; Organoheterocyclic compounds; Oxazinanes; Ethers; Organic acids and derivatives; Organonitrogen compounds; Organooxygen compounds; Organic carbonic acids and derivatives; Morpholines; Ureas; Dialkyl ethers; Carbonyl compounds; Morpholine carboxylic acids and derivatives; Organic oxides; Azacyclic compounds; Oxacyclic compounds; Hydrocarbon derivatives; Organopnictogen compounds; Organic oxygen compounds; Organic nitrogen compounds; Chemical entities	213.160	398	6.627	857320137215339099	857316083407285891	857316083407285890	8012	
1	C11H20N2O2	[M + H]+	C11H21N2O2+	Alkaloids	0.164	Small peptides	0.065	Aminoacids	0.020	Organoheterocyclic compounds	0.999	Oxazinanes	1.000	Morpholines	1.000	Morpholine carboxylic acids and derivatives	0.995	Morpholine carboxylic acids and derivatives	0.995	Organic compounds; Organoheterocyclic compounds; Oxazinanes; Ethers; Organic acids and derivatives; Organonitrogen compounds; Organooxygen compounds; Organic carbonic acids and derivatives; Morpholines; Ureas; Dialkyl ethers; Carbonyl compounds; Morpholine carboxylic acids and derivatives; Organic oxides; Azacyclic compounds; Oxacyclic compounds; Hydrocarbon derivatives; Organopnictogen compounds; Organic oxygen compounds; Organic nitrogen compounds; Chemical entities	213.160	403	6.721	857320140906326635	857316083478589063	857316083474394758	8226	
1	C20H42O10	[M + H]+	C20H43O10+	Fatty acids	0.907	Fatty acyls	0.550	Fatty alcohols	0.407	Organic oxygen compounds	1.000	Organooxygen compounds	1.000	Ethers	0.997	Dialkyl ethers	0.997	Polyethylene glycols	0.966	Organic compounds; Alcohols and polyols; Ethers; Primary alcohols; Organooxygen compounds; Dialkyl ethers; Polyethylene glycols; Hydrocarbon derivatives; Organic oxygen compounds; Chemical entities	443.285	403	6.721	857320151337560699	857316083533115019	857316083533115018	8020	
1	C23H45N5O6	[M + H]+	C23H46N5O6+	Amino acids and Peptides	0.358	Oligopeptides	0.284	Aminoglycosides	0.077	Organic oxygen compounds	1.000	Organooxygen compounds	0.999	Ethers	0.907	Dialkyl ethers	0.917	Dialkyl ethers	0.917	Organic compounds; Organoheterocyclic compounds; Alcohols and polyols; Ethers; Organonitrogen compounds; Primary alcohols; Organooxygen compounds; Dialkyl ethers; Hydrocarbon derivatives; Organopnictogen compounds; Organic oxygen compounds; Organic nitrogen compounds; Chemical entities	488.343	403	6.722	857320191665793679	857316083600223887	857316083596029582	8087	
1	C20H42O10	[M + H3N + H]+	C20H46NO10+	Fatty acids	0.942	Fatty acyls	0.547	Fatty alcohols	0.510	Organic oxygen compounds	1.000	Organooxygen compounds	1.000	Ethers	0.996	Dialkyl ethers	0.995	Polyethylene glycols	0.965	Organic compounds; Alcohols and polyols; Ethers; Primary alcohols; Organooxygen compounds; Dialkyl ethers; Polyethylene glycols; Hydrocarbon derivatives; Organic oxygen compounds; Chemical entities	460.312	404	6.727	857320146509916785	857316083654749843	857316083654749842	8067	
4	C21H42O5S	[M + H]+	C21H43O5S+	Terpenoids	0.147	Fatty Acids and Conjugates	0.160	Thia fatty acids	0.030	Benzenoids	0.790	Benzene and substituted derivatives	0.839					Benzene and substituted derivatives	0.839	Organic compounds; Organosulfur compounds; Ethers; Organic acids and derivatives; Carboxylic acids and derivatives; Primary alcohols; Organooxygen compounds; Dialkyl ethers; Thioethers; Carboxylic acids; Benzene and substituted derivatives; Benzenoids; Sulfenyl compounds; Dialkylthioethers; Organic oxides; Hydrocarbon derivatives; Organic oxygen compounds; Chemical entities	407.280	407	6.778	857320138884672100	857316083709275799	857316083709275798	8280	
8	C16H32N3O4P	[M + H]+	C16H33N3O4P+	Alkaloids	0.674	Pseudoalkaloids (transamidation)	0.397	Purine alkaloids	0.076	Organoheterocyclic compounds	0.764	Diazines	0.547	Pyrimidines and pyrimidine derivatives	0.549	Aminopyrimidines and derivatives	0.608	Aminopyrimidines and derivatives	0.608	Organic compounds; Organoheterocyclic compounds; Pyrimidines and pyrimidine derivatives; Imidazoles; Ethers; Organonitrogen compounds; Organooxygen compounds; Organophosphorus compounds; Organic phosphonic acids and derivatives; Dialkyl ethers; Aminopyrimidines and derivatives; Diazines; N-substituted imidazoles; Amines; Primary amines; Imidolactams; Organic oxides; Azacyclic compounds; Heteroaromatic compounds; Hydrocarbon derivatives; Organopnictogen compounds; Organic oxygen compounds; Organic nitrogen compounds; Chemical entities	362.222	407	6.778	857320418967712221	857316083763801755	857316083759607450	8296	
5	C18H35NO6	[M + Na]+	C18H35NNaO6+	Alkaloids	0.524	Fatty amides	0.132	N-acyl amines	0.048	Organic oxygen compounds	0.999	Organooxygen compounds	0.999	Ethers	0.954	Dialkyl ethers	0.957	Dialkyl ethers	0.957	Organic compounds; Ethers; Organonitrogen compounds; Organooxygen compounds; Dialkyl ethers; Amines; Hydrocarbon derivatives; Organopnictogen compounds; Organic oxygen compounds; Organic nitrogen compounds; Chemical entities	384.235	415	6.913	857320421505266148	857316083814133407	857316083814133406	8516	
5	C17H40N4O8	[M + H]+	C17H41N4O8+	Fatty acids	0.636	Fatty amides	0.388	N-acyl amines	0.201	Organic oxygen compounds	0.999	Organooxygen compounds	0.996	Ethers	0.895	Dialkyl ethers	0.884	Dialkyl ethers	0.884	Organic compounds; Alcohols and polyols; Ethers; Organonitrogen compounds; Primary alcohols; Organooxygen compounds; Monoalkylamines; Dialkyl ethers; Amines; Primary amines; Hydrocarbon derivatives; Organopnictogen compounds; Organic oxygen compounds; Organic nitrogen compounds; Chemical entities	429.294	415	6.915	857320413791941060	857316083872853667	857316083868659362	8406	
2	C8H12O	[M + H3N + H]+	C8H16NO+	Fatty acids	0.949	Fatty acyls	0.889	Fatty aldehydes	0.695	Organic oxygen compounds	0.989	Organooxygen compounds	0.982	Carbonyl compounds	0.695			Carbonyl compounds	0.695	Organic compounds; Organooxygen compounds; Carbonyl compounds; Organic oxides; Hydrocarbon derivatives; Organic oxygen compounds; Chemical entities	142.123	416	6.929	857320412365877693	857316083931573927	857316083927379622	8543	
3	C26H56NO6P	[M + Na]+	C26H56NNaO6P+	Fatty acids	0.860	Glycerophospholipids	0.133	Monoacylglycerols	0.041	Lipids and lipid-like molecules	0.133	Glycerolipids	0.637	Triradylcglycerols	0.159	Trialkylglycerols	0.531	Trialkylglycerols	0.531	Organic compounds; Glycerolipids; Ethers; Organonitrogen compounds; Organooxygen compounds; Monoalkylamines; Dialkyl ethers; Glycerol ethers; Amines; Primary amines; Hydrocarbon derivatives; Organic oxygen compounds; Organic nitrogen compounds; Trialkylglycerols; Chemical entities	532.369	416	6.940	857320441671480693	857316083986099883	857316083986099882	8570	
1	C22H46O11	[M + H]+	C22H47O11+	Fatty acids	0.928	Fatty acyls	0.573	Fatty alcohols	0.493	Organic oxygen compounds	1.000	Organooxygen compounds	1.000	Ethers	0.996	Dialkyl ethers	0.996	Polyethylene glycols	0.981	Organic compounds; Alcohols and polyols; Ethers; Primary alcohols; Organooxygen compounds; Dialkyl ethers; Polyethylene glycols; Hydrocarbon derivatives; Organic oxygen compounds; Chemical entities	487.311	416	6.942	857320424546136765	857316084040625839	857316084036431534	8573	
2	C26H46O6S	[M + H3N + H]+	C26H50NO6S+	Terpenoids	0.356	Diterpenoids	0.086	Simple aromatic polyketides	0.025	Organic oxygen compounds	1.000	Organooxygen compounds	1.000	Ethers	0.994	Dialkyl ethers	0.995	Dialkyl ethers	0.995	Organic compounds; Organosulfur compounds; Ethers; Organooxygen compounds; Dialkyl ethers; Thioethers; Dialkylthioethers; Hydrocarbon derivatives; Organic oxygen compounds; Chemical entities	504.338	417	6.952	857320422977466860	857316084086763187	857316084086763186	8593	
9	C20H22N6OS	[M + Na]+	C20H22N6NaOS+	Alkaloids	0.408	Nicotinic acid alkaloids	0.021	Pyridine alkaloids	0.020	Organoheterocyclic compounds	1.000	Pyridines and derivatives	0.943	Pyridyltriazoles	0.859	Pyridyl-1,2,4-triazoles	0.878	Pyridyl-1,2,4-triazoles	0.878	Organic compounds; Organoheterocyclic compounds; Organosulfur compounds; Pyridines and derivatives; Triazoles; Organic acids and derivatives; Carboxylic acids and derivatives; Organonitrogen compounds; Organooxygen compounds; Azoles; Carboxylic acid amides; Carboxylic acid derivatives; Thioethers; Secondary carboxylic acid amides; Carbonyl compounds; Benzene and substituted derivatives; Benzenoids; Sulfenyl compounds; N-arylamides; Pyridyltriazoles; Pyridyl-1,2,4-triazoles; Alkylarylthioethers; Organic oxides; Azacyclic compounds; Heteroaromatic compounds; Hydrocarbon derivatives; Organopnictogen compounds; Organic oxygen compounds; Aryl thioethers; Organic nitrogen compounds; Chemical entities	417.146	418	6.964	857320444297115122	857316084137094839	857316084132900534	8615	
9	C17H33N3O10	[M + Na]+	C17H33N3NaO10+	Carbohydrates	0.998	Aminosugars and aminoglycosides	0.977	Aminoglycosides	0.909	Organic oxygen compounds	1.000	Organooxygen compounds	0.999	Carbohydrates and carbohydrate conjugates	0.910	Aminosaccharides	0.808	4,6-disubstituted 2-deoxystreptamines	0.537	Organic compounds; Organoheterocyclic compounds; Carbohydrates and carbohydrate conjugates; Alcohols and polyols; Ethers; Organic acids and derivatives; Carboxylic acids and derivatives; Organonitrogen compounds; Aminoglycosides; Primary alcohols; Organooxygen compounds; Monoalkylamines; Cyclic alcohols and derivatives; Monosaccharides; Acetals; Secondary alcohols; Aminocyclitol glycosides; Carbonyl compounds; Oxanes; Glycosyl compounds; O-glycosyl compounds; Amines; Primary amines; Cyclitols and derivatives; Aminocyclitols and derivatives; Cyclohexanols; Cyclohexylamines; Aminosaccharides; 4,6-disubstituted 2-deoxystreptamines; 2-deoxystreptamine aminoglycosides; Organic oxides; Oxacyclic compounds; Hydrocarbon derivatives; Organopnictogen compounds; Organic oxygen compounds; Organic nitrogen compounds; Chemical entities	462.204	419	6.982	857320415717126612	857316084183232187	857316084183232186	8646	
1	C8H14O	[M + H]+	C8H15O+	Fatty acids	0.763	Fatty acyls	0.854	Fatty aldehydes	0.680	Organic oxygen compounds	0.994	Organooxygen compounds	0.991	Carbonyl compounds	0.725			Carbonyl compounds	0.725	Organic compounds; Organooxygen compounds; Carbonyl compounds; Organic oxides; Hydrocarbon derivatives; Organic oxygen compounds; Chemical entities	127.112	420	7.000	857320413825495498	857316084233563839	857316084229369534	8601	
3	C16H37N3O7	[M + Na]+	C16H37N3NaO7+	Fatty acids	0.447	Ornithine alkaloids	0.107	Polyamines	0.106	Organic oxygen compounds	0.998	Organooxygen compounds	0.988	Ethers	0.926	Dialkyl ethers	0.944	Polyethylene glycols	0.522	Organic compounds; Alcohols and polyols; Ethers; Organonitrogen compounds; Primary alcohols; Organooxygen compounds; Monoalkylamines; Dialkyl ethers; Amines; Primary amines; Polyethylene glycols; Hydrocarbon derivatives; Organopnictogen compounds; Organic oxygen compounds; Organic nitrogen compounds; Chemical entities	406.249	423	7.045	857320423317205495	857316084279701187	857316084279701186	8748	
1	C8H19N	[M + H]+	C8H20N+	Alkaloids	0.696	Fatty acyls	0.793	Acetate-derived alkaloids	0.640	Organic nitrogen compounds	1.000	Organonitrogen compounds	0.999	Amines	0.946			Amines	0.946	Organic compounds; Organonitrogen compounds; Amines; Hydrocarbon derivatives; Organopnictogen compounds; Organic nitrogen compounds; Chemical entities	130.159	425	7.080	857320412328128955	857316084325838535	857316084325838534	8802	
1	C12H27NO2	[M + H]+	C12H28NO2+	Fatty acids	0.688	Spingolipids	0.316	Sphingoid bases	0.800	Organic nitrogen compounds	1.000	Organonitrogen compounds	1.000	Amines	1.000	Alkanolamines	0.981	1,2-aminoalcohols	0.978	Organic compounds; Alcohols and polyols; Organonitrogen compounds; Primary alcohols; Organooxygen compounds; 1,2-aminoalcohols; Trialkylamines; Amines; Tertiary amines; Alkanolamines; Hydrocarbon derivatives; Organopnictogen compounds; Organic oxygen compounds; Organic nitrogen compounds; Chemical entities	218.212	427	7.113	857320430862759233	857316084376170187	857316084376170186	8871	
1	C10H23NO	[M + H]+	C10H24NO+	Fatty acids	0.942	Spingolipids	0.471	Sphingoid bases	0.917	Organic nitrogen compounds	1.000	Organonitrogen compounds	1.000	Amines	0.999	Alkanolamines	0.961	1,2-aminoalcohols	0.949	Organic compounds; Alcohols and polyols; Organonitrogen compounds; Primary alcohols; Organooxygen compounds; 1,2-aminoalcohols; Dialkylamines; Amines; Secondary amines; Alkanolamines; Hydrocarbon derivatives; Organopnictogen compounds; Organic oxygen compounds; Organic nitrogen compounds; Chemical entities	174.185	427	7.117	857320434390168924	857316084430696143	857316084430696142	8880	
1	C24H50O12	[M + H]+	C24H51O12+	Fatty acids	0.901	Fatty acyls	0.653	Fatty alcohols	0.517	Organic oxygen compounds	1.000	Organooxygen compounds	1.000	Ethers	0.996	Dialkyl ethers	0.996	Polyethylene glycols	0.990	Organic compounds; Alcohols and polyols; Ethers; Primary alcohols; Organooxygen compounds; Dialkyl ethers; Polyethylene glycols; Hydrocarbon derivatives; Organic oxygen compounds; Chemical entities	531.338	428	7.129	857320448650802711	857316084485222099	857316084481027794	8901	
3	C28H60NO7P	[M + Na]+	C28H60NNaO7P+	Fatty acids	0.964	Glycerophospholipids	0.856	Glycerophosphoethanolamines	0.171	Lipids and lipid-like molecules	0.313	Glycerolipids	0.914	Glycerol ethers	0.899			Glycerol ethers	0.899	Organic compounds; Glycerolipids; Ethers; Organonitrogen compounds; Organooxygen compounds; Monoalkylamines; Dialkyl ethers; Glycerol ethers; Amines; Primary amines; Hydrocarbon derivatives; Organopnictogen compounds; Organic oxygen compounds; Organic nitrogen compounds; Chemical entities	576.395	428	7.130	857320600853716112	857316084548136663	857316084548136662	8904	
1	C30H46N2O6	[M + H3N + H]+	C30H50N3O6+	Alkaloids	0.629	Pseudoalkaloids (transamidation)	0.188	Lipopeptides	0.064	Lipids and lipid-like molecules	0.647	Fatty Acyls	0.574					Fatty Acyls	0.574	Organic compounds; Lipids and lipid-like molecules; Ethers; Organic acids and derivatives; Carboxylic acids and derivatives; Organonitrogen compounds; Organooxygen compounds; Carboxylic acid derivatives; Monocarboxylic acids and derivatives; Dialkyl ethers; Carboxylic acid esters; Carbonyl compounds; Fatty Acyls; Organic oxides; Hydrocarbon derivatives; Organopnictogen compounds; Organic oxygen compounds; Organic nitrogen compounds; Chemical entities	548.364	428	7.140	857320441595983209	857316084602662619	857316084602662618	8913	
2	C22H37NO7	[M + H]+	C22H38NO7+	Alkaloids	0.732	Pseudoalkaloids (transamidation)	0.224	Open-chain polyketides	0.068	Organic oxygen compounds	0.999	Organooxygen compounds	0.999	Ethers	0.944	Dialkyl ethers	0.933	Dialkyl ethers	0.933	Organic compounds; Alcohols and polyols; Ethers; Organonitrogen compounds; Primary alcohols; Organooxygen compounds; Dialkyl ethers; Amines; Hydrocarbon derivatives; Organopnictogen compounds; Organic oxygen compounds; Organic nitrogen compounds; Chemical entities	428.262	430	7.166	857320439746295136	857316084648799967	857316084648799966	8963	
1	C12H26O5	[M + H]+	C12H27O5+	Fatty acids	0.973	Fatty acyls	0.575	Fatty alcohols	0.164	Organic oxygen compounds	1.000	Organooxygen compounds	1.000	Ethers	0.997	Dialkyl ethers	0.997	Polyethylene glycols	0.792	Organic compounds; Alcohols and polyols; Ethers; Primary alcohols; Organooxygen compounds; Dialkyl ethers; Polyethylene glycols; Hydrocarbon derivatives; Organic oxygen compounds; Chemical entities	251.185	431	7.184	857320434000098639	857316084707520227	857316084703325922	9002	
1	C10H8O2	[M + H]+	C10H9O2+	Shikimates and Phenylpropanoids	0.722	Coumarins	0.160	Cinnamic acids and derivatives	0.118	Benzenoids	0.967							Benzenoids	0.967	Organic compounds; Organoheterocyclic compounds; Organooxygen compounds; Carbonyl compounds; Benzenoids; Organic oxides; Oxacyclic compounds; Hydrocarbon derivatives; Organic oxygen compounds; Chemical entities	161.060	436	7.269	857320448487224845	857316084799794923	857316084799794922	9151	
1	C22H35N5O5	[M + H]+	C22H36N5O5+	Amino acids and Peptides	0.720	Oligopeptides	0.633	Cyclic peptides	0.174	Organic oxygen compounds	0.999	Organooxygen compounds	0.995	Ethers	0.703	Dialkyl ethers	0.678	Dialkyl ethers	0.678	Organic compounds; Organoheterocyclic compounds; Ethers; Organonitrogen compounds; Organooxygen compounds; Dialkyl ethers; Amines; Azacyclic compounds; Hydrocarbon derivatives; Organopnictogen compounds; Organic oxygen compounds; Organic nitrogen compounds; Chemical entities	450.275	437	7.278	857320452501174126	857316084850126575	857316084845932270	9174	
1	C12H26O5	[M + H]+	C12H27O5+	Fatty acids	0.972	Fatty acyls	0.582	Fatty alcohols	0.178	Organic oxygen compounds	1.000	Organooxygen compounds	1.000	Ethers	0.996	Dialkyl ethers	0.996	Polyethylene glycols	0.754	Organic compounds; Alcohols and polyols; Ethers; Primary alcohols; Organooxygen compounds; Dialkyl ethers; Polyethylene glycols; Hydrocarbon derivatives; Organic oxygen compounds; Chemical entities	251.185	437	7.286	857320449095398945	857316084913041139	857316084908846834	9249	
1	C26H54O13	[M + H]+	C26H55O13+	Fatty acids	0.842	Fatty acyls	0.663	Fatty alcohols	0.495	Organic oxygen compounds	1.000	Organooxygen compounds	1.000	Ethers	0.996	Dialkyl ethers	0.995	Polyethylene glycols	0.994	Organic compounds; Alcohols and polyols; Ethers; Primary alcohols; Organooxygen compounds; Dialkyl ethers; Polyethylene glycols; Hydrocarbon derivatives; Organic oxygen compounds; Chemical entities	575.364	438	7.304	857320542473198724	857316084963372791	857316084963372790	9211	
2	C28H55N9O5	[M + Na]+	C28H55N9NaO5+	Carbohydrates	0.434	Nucleosides	0.152	Aminoglycosides	0.097	Organic nitrogen compounds	0.998	Organonitrogen compounds	0.996	Amines	0.815	Tertiary amines	0.349	Dialkylarylamines	0.520	Organic compounds; Organoheterocyclic compounds; Triazines; Ethers; Organonitrogen compounds; Organooxygen compounds; Dialkyl ethers; Aminotriazines; Amines; Dialkylarylamines; Organic oxides; 1,3,5-triazines; Azacyclic compounds; Hydrocarbon derivatives; Organopnictogen compounds; Organic oxygen compounds; Organic nitrogen compounds; Chemical entities	620.421	438	7.308	857320759993998489	857316085026287355	857316085022093050	9215	
3	C34H46N4O4	[M + H3N + H]+	C34H50N5O4+	Alkaloids	0.789	Pseudoalkaloids (transamidation)	0.696	Steroidal alkaloids	0.085	Organoheterocyclic compounds	0.968	Diazines	0.689	Pyrimidines and pyrimidine derivatives	0.703	Aminopyrimidines and derivatives	0.517	Aminopyrimidines and derivatives	0.517	Organic compounds; Organoheterocyclic compounds; Lipids and lipid-like molecules; Pyrimidines and pyrimidine derivatives; Ethers; Organic acids and derivatives; Organonitrogen compounds; Organooxygen compounds; Aminopyrimidines and derivatives; Diazines; Carbonyl compounds; Amines; Organic oxides; Azacyclic compounds; Heteroaromatic compounds; Hydrocarbon derivatives; Organopnictogen compounds; Organic oxygen compounds; Organic nitrogen compounds; Chemical entities	592.390	439	7.317	857320895369354404	857316085080813311	857316085080813310	9242	
1	C12H12O3	[M + H]+	C12H13O3+	Shikimates and Phenylpropanoids	0.944	Styrylpyrones	0.482	Kavalactones and derivatives	0.484	Benzenoids	0.990	Benzene and substituted derivatives	0.812					Benzene and substituted derivatives	0.812	Organic compounds; Organic acids and derivatives; Carboxylic acids and derivatives; Organooxygen compounds; Monocarboxylic acids and derivatives; Carboxylic acids; Carbonyl compounds; Benzene and substituted derivatives; Benzenoids; Organic oxides; Hydrocarbon derivatives; Organic oxygen compounds; Chemical entities	205.086	441	7.353	857321042081914028	857316085135339267	857316085131144962	9287	
2	C23H41N3O5S	[M + H]+	C23H42N3O5S+	Amino acids and Peptides	0.640	Oligopeptides	0.425	Imidazole alkaloids	0.272	Organoheterocyclic compounds	0.778	Biotin and derivatives	0.557					Biotin and derivatives	0.557	Organic compounds; Organoheterocyclic compounds; Organosulfur compounds; Biotin and derivatives; Ethers; Organic acids and derivatives; Carboxylic acids and derivatives; Organonitrogen compounds; Organooxygen compounds; Carboxylic acid amides; Carboxylic acid derivatives; Dialkyl ethers; Thioethers; Carbonyl compounds; Dialkylthioethers; Organic oxides; Azacyclic compounds; Hydrocarbon derivatives; Organopnictogen compounds; Organic oxygen compounds; Organic nitrogen compounds; Chemical entities	472.288	443	7.388	857321494844448761	857316085185670919	857316085185670918	9350	
1	C12H25N	[M + H]+	C12H26N+	Alkaloids	0.979	Lysine alkaloids	0.831	Piperidine alkaloids	0.854	Organic nitrogen compounds	1.000	Organonitrogen compounds	1.000	Amines	0.970	Secondary amines	0.646	Dialkylamines	0.673	Organic compounds; Organonitrogen compounds; Dialkylamines; Amines; Primary amines; Secondary amines; Hydrocarbon derivatives; Organopnictogen compounds; Organic nitrogen compounds; Chemical entities	184.206	444	7.399	857321492990566391	857316085240196875	857316085240196874	9373	
1	C12H27NO3	[M + H]+	C12H28NO3+	Fatty acids	0.944	Spingolipids	0.293	Sphingoid bases	0.858	Organic nitrogen compounds	1.000	Organonitrogen compounds	1.000	Amines	0.997	Alkanolamines	0.983	1,2-aminoalcohols	0.981	Organic compounds; Alcohols and polyols; Organonitrogen compounds; Primary alcohols; Organooxygen compounds; 1,2-aminoalcohols; Amines; Tertiary amines; Alkanolamines; Hydrocarbon derivatives; Organopnictogen compounds; Organic oxygen compounds; Organic nitrogen compounds; Chemical entities	234.206	446	7.434	857321503413411970	857316085303111439	857316085303111438	9442	
2	C15H29NO4	[M + Na]+	C15H29NNaO4+	Fatty acids	0.780	Ornithine alkaloids	0.296	Pyrrolizidine alkaloids	0.142	Lipids and lipid-like molecules	0.854	Fatty Acyls	0.817					Fatty Acyls	0.817	Organic compounds; Lipids and lipid-like molecules; Alcohols and polyols; Organic acids and derivatives; Carboxylic acids and derivatives; Organonitrogen compounds; Organooxygen compounds; Carboxylic acid amides; Carboxylic acid derivatives; Monocarboxylic acids and derivatives; Carboxylic acid esters; Carbonyl compounds; Fatty Acyls; Organic oxides; Hydrocarbon derivatives; Organopnictogen compounds; Organic oxygen compounds; Organic nitrogen compounds; Chemical entities	310.199	447	7.457	857321569519845211	857316085370220307	857316085370220306	9475	
1	C28H58O14	[M + H]+	C28H59O14+	Fatty acids	0.853	Fatty acyls	0.702	Fatty alcohols	0.515	Organic oxygen compounds	1.000	Organooxygen compounds	1.000	Ethers	0.995	Dialkyl ethers	0.995	Polyethylene glycols	0.996	Organic compounds; Alcohols and polyols; Ethers; Primary alcohols; Organooxygen compounds; Dialkyl ethers; Polyethylene glycols; Hydrocarbon derivatives; Organic oxygen compounds; Chemical entities	619.389	448	7.463	857321618475761519	857316085437329175	857316085433134870	9481	
1	C37H61NO9	[M + H]+	C37H62NO9+	Polyketides	0.610	Pseudoalkaloids (transamidation)	0.659	Steroidal alkaloids	0.358	Organic oxygen compounds	0.999	Organooxygen compounds	0.999	Alcohols and polyols	0.742	Secondary alcohols	0.620	Secondary alcohols	0.620	Organic compounds; Organoheterocyclic compounds; Alcohols and polyols; Ethers; Organonitrogen compounds; Organooxygen compounds; Dialkyl ethers; Secondary alcohols; Trialkylamines; Amines; Tertiary amines; Oxacyclic compounds; Hydrocarbon derivatives; Organopnictogen compounds; Organic oxygen compounds; Organic nitrogen compounds; Chemical entities	664.448	448	7.473	857321598234050405	857316085517020955	857316085517020954	9492	
1	C35H54O9	[M + H3N + H]+	C35H58NO9+	Polyketides	0.420	Aromatic polyketides	0.232	Catechols with side chains	0.036	Organic oxygen compounds	1.000	Organooxygen compounds	1.000	Ethers	0.998	Dialkyl ethers	0.995	Dialkyl ethers	0.995	Organic compounds; Organoheterocyclic compounds; Ethers; Organooxygen compounds; Dialkyl ethers; Oxacyclic compounds; Hydrocarbon derivatives; Organic oxygen compounds; Chemical entities	636.416	449	7.475	857321848155848574	857316085588324127	857316085588324126	9493	
1	C9H20O3	[M + H]+	C9H21O3+	Fatty acids	0.874	Fatty acyls	0.664	Fatty alcohols	0.768	Benzenoids	0.437	Benzene and substituted derivatives	0.514					Benzene and substituted derivatives	0.514	Organic compounds; Alcohols and polyols; Primary alcohols; Organooxygen compounds; Benzene and substituted derivatives; Hydrocarbon derivatives; Organic oxygen compounds; Chemical entities	177.149	450	7.493	857321864731739690	857316085651238691	857316085651238690	9526	
1	C12H25NO3	[M + H]+	C12H26NO3+	Fatty acids	0.848	Fatty amides	0.799	N-acyl amines	0.345	Lipids and lipid-like molecules	0.566							Lipids and lipid-like molecules	0.566	Organic compounds; Lipids and lipid-like molecules; Alcohols and polyols; Organonitrogen compounds; Organooxygen compounds; Amines; Hydrocarbon derivatives; Organopnictogen compounds; Organic oxygen compounds; Organic nitrogen compounds; Chemical entities	232.191	454	7.566	857321862311626260	857316085709958951	857316085705764646	9622	
1	C12H27N	[M + H]+	C12H28N+	Fatty acids	0.671	Ornithine alkaloids	0.413	Polyamines	0.779	Organic nitrogen compounds	1.000	Organonitrogen compounds	1.000	Amines	0.982	Secondary amines	0.853	Dialkylamines	0.888	Organic compounds; Organonitrogen compounds; Dialkylamines; Amines; Secondary amines; Hydrocarbon derivatives; Organopnictogen compounds; Organic nitrogen compounds; Chemical entities	186.222	454	7.571	857321859602105875	857316085764484907	857316085764484906	9632	
1	C8H12	[M + H]+	C8H13+	Terpenoids	0.591	Fatty acyls	0.533	Pinane monoterpenoids	0.096	Hydrocarbons	0.983	Polycyclic hydrocarbons	0.590					Polycyclic hydrocarbons	0.590	Organic compounds; Hydrocarbons; Olefins; Polycyclic hydrocarbons; Unsaturated hydrocarbons; Unsaturated aliphatic hydrocarbons; Chemical entities	109.101	455	7.579	857321863267927579	857316085823205167	857316085823205166	9646	
1	C15H29N5O2	[M + H]+	C15H30N5O2+	Alkaloids	0.506	Small peptides	0.357	Imidazole alkaloids	0.153	Organoheterocyclic compounds	0.635	Azacyclic compounds	0.652					Azacyclic compounds	0.652	Organic compounds; Organoheterocyclic compounds; Organonitrogen compounds; Organooxygen compounds; Carbonyl compounds; Amines; Organic oxides; Azacyclic compounds; Hydrocarbon derivatives; Organopnictogen compounds; Organic oxygen compounds; Organic nitrogen compounds; Chemical entities	312.238	456	7.599	857321864677213727	857316085886119731	857316085886119730	9683	
1	C12H26O5	[M + H]+	C12H27O5+	Fatty acids	0.954	Fatty acyls	0.665	Fatty alcohols	0.394	Organic oxygen compounds	1.000	Organooxygen compounds	1.000	Ethers	0.997	Dialkyl ethers	0.996	Polyethylene glycols	0.759	Organic compounds; Alcohols and polyols; Ethers; Primary alcohols; Organooxygen compounds; Dialkyl ethers; Polyethylene glycols; Hydrocarbon derivatives; Organic oxygen compounds; Chemical entities	251.185	456	7.602	857321877117520800	857316086003560251	857316085999365946	9689	
1	C13H31N5O	[M + Na]+	C13H31N5NaO+	Alkaloids	0.721	Histidine alkaloids	0.093	Imidazole alkaloids	0.093	Organoheterocyclic compounds	0.952	Triazines	0.730	1,3,5-triazines	0.922	Alkoxy-S-triazines	0.533	Alkoxy-S-triazines	0.533	Organic compounds; Organoheterocyclic compounds; Triazines; Ethers; Organonitrogen compounds; Organooxygen compounds; Dialkyl ethers; Aminotriazines; Amines; N-aliphatic s-triazines; 1,3,5-triazines; Azacyclic compounds; Heteroaromatic compounds; Hydrocarbon derivatives; Organopnictogen compounds; Organic oxygen compounds; Alkoxy-S-triazines; Organic nitrogen compounds; 1,3,5-triazine-2,4-diamines; Chemical entities	296.243	456	7.603	857321983875150525	857316086053891903	857316086053891902	9690	
1	C12H26O5	[M + H3N + H]+	C12H30NO5+	Fatty acids	0.922	Fatty acyls	0.727	Fatty alcohols	0.488	Organic oxygen compounds	1.000	Organooxygen compounds	1.000	Ethers	0.997	Dialkyl ethers	0.996	Polyethylene glycols	0.926	Organic compounds; Alcohols and polyols; Ethers; Primary alcohols; Organooxygen compounds; Dialkyl ethers; Polyethylene glycols; Hydrocarbon derivatives; Organic oxygen compounds; Chemical entities	268.212	456	7.605	857321924576080550	857316086108417859	857316086108417858	9686	
7	C16H30ClN3O2	[M + H]+	C16H31ClN3O2+	Alkaloids	0.267	Ornithine alkaloids	0.132	Tropane alkaloids	0.082	Organohalogen compounds	0.997	Aryl halides	0.852	Aryl chlorides	0.900			Aryl chlorides	0.900	Organic compounds; Organoheterocyclic compounds; Organic acids and derivatives; Carboxylic acids and derivatives; Organohalogen compounds; Organonitrogen compounds; Organooxygen compounds; Azoles; Carboxylic acid amides; Aryl chlorides; Carboxylic acid derivatives; Organochlorides; Amines; Aryl halides; Organic oxides; Azacyclic compounds; Heteroaromatic compounds; Hydrocarbon derivatives; Organopnictogen compounds; Organic oxygen compounds; Organic nitrogen compounds; Chemical entities	332.212	457	7.610	857321982444892857	857316086167138119	857316086162943814	9720	
1	C30H62O15	[M + H]+	C30H63O15+	Fatty acids	0.896	Fatty acyls	0.856	Fatty alcohols	0.647	Organic oxygen compounds	1.000	Organooxygen compounds	0.999	Ethers	0.991	Dialkyl ethers	0.990	Polyethylene glycols	0.989	Organic compounds; Alcohols and polyols; Ethers; Primary alcohols; Organooxygen compounds; Dialkyl ethers; Polyethylene glycols; Hydrocarbon derivatives; Organic oxygen compounds; Chemical entities	663.416	457	7.622	857322008420218386	857316086221664075	857316086221664074	9737	
5	C20H19FN6O2	[M + Na]+	C20H19FN6NaO2+	Alkaloids	0.607	Pseudoalkaloids (transamidation)	0.021	Carboline alkaloids	0.020	Benzenoids	0.637	Benzene and substituted derivatives	0.379	Halobenzenes	0.475	Fluorobenzenes	0.563	Fluorobenzenes	0.563	Organic compounds; Organoheterocyclic compounds; Pyridines and derivatives; Organic acids and derivatives; Carboxylic acids and derivatives; Organohalogen compounds; Organonitrogen compounds; Organooxygen compounds; Azoles; Carboxylic acid amides; Aryl fluorides; Carboxylic acid derivatives; Fluorobenzenes; Organofluorides; Secondary carboxylic acid amides; Benzenoids; Amines; Aryl halides; Organic oxides; Azacyclic compounds; Heteroaromatic compounds; Hydrocarbon derivatives; Organopnictogen compounds; Organic oxygen compounds; Organic nitrogen compounds; Chemical entities	417.146	460	7.673	857322056952511276	857316086334910291	857316086334910290	9758	
3	C27H23N7O	[M + H]+	C27H24N7O+	Alkaloids	0.647	Tryptophan alkaloids	0.074	Carboline alkaloids	0.012	Benzenoids	0.978	Benzene and substituted derivatives	0.865	Benzoic acids and derivatives	0.668	Benzamides	0.674	Benzamides	0.674	Organic compounds; Organoheterocyclic compounds; Pyrimidines and pyrimidine derivatives; Pyridines and derivatives; Benzoic acids and derivatives; Benzamides; Organic acids and derivatives; Carboxylic acids and derivatives; Organonitrogen compounds; Benzoyl derivatives; Organooxygen compounds; Azoles; Carboxylic acid amides; Carboxylic acid derivatives; Aminopyrimidines and derivatives; Diazines; Secondary carboxylic acid amides; Benzene and substituted derivatives; Benzenoids; Amines; Imidolactams; Organic oxides; Azacyclic compounds; Heteroaromatic compounds; Hydrocarbon derivatives; Organopnictogen compounds; Organic oxygen compounds; Organic nitrogen compounds; Chemical entities	462.204	461	7.689	857322056025570080	857316086397824855	857316086397824854	9769	
1	C41H69NO11	[M + H]+	C41H70NO11+	Polyketides	0.889	Macrolides	0.834	Open-chain polyketides	0.330	Organoheterocyclic compounds	0.832	Oxanes	0.548					Oxanes	0.548	Organic compounds; Organoheterocyclic compounds; Alcohols and polyols; Ethers; Organic acids and derivatives; Carboxylic acids and derivatives; Organonitrogen compounds; Organooxygen compounds; Carboxylic acid derivatives; Monocarboxylic acids and derivatives; Dialkyl ethers; Carboxylic acid esters; Secondary alcohols; Carbonyl compounds; Oxanes; Amines; Organic oxides; Oxacyclic compounds; Hydrocarbon derivatives; Organopnictogen compounds; Organic oxygen compounds; Organic nitrogen compounds; Chemical entities	752.499	467	7.783	857322097066835673	857316086452350811	857316086452350810	9975	
1	C8H7N	[M + Na]+	C8H7NNa+	Alkaloids	0.993	Tryptophan alkaloids	0.881	Simple indole alkaloids	0.624	Benzenoids	0.981							Benzenoids	0.981	Organic compounds; Organonitrogen compounds; Nitriles; Benzenoids; Hydrocarbon derivatives; Organic cyanides; Organopnictogen compounds; Organic nitrogen compounds; Chemical entities	140.047	468	7.798	857322102435544807	857316086511071071	857316086511071070	10015	
2	C9H16O3	[M - H2O + H]+	C9H15O2+	Fatty acids	0.985	Fatty esters	0.838	Wax monoesters	0.517	Lipids and lipid-like molecules	0.626	Fatty Acyls	0.705					Fatty Acyls	0.705	Organic compounds; Lipids and lipid-like molecules; Organic acids and derivatives; Carboxylic acids and derivatives; Organooxygen compounds; Carboxylic acid derivatives; Monocarboxylic acids and derivatives; Carboxylic acid esters; Carbonyl compounds; Fatty Acyls; Organic oxides; Hydrocarbon derivatives; Organic oxygen compounds; Chemical entities	155.107	489	8.145	857322069678029755	857316086611734375	857316086607540070	10551	
3	C10H20O3	[M + C2H3N + H]+	C12H24NO3+	Fatty acids	0.999	Fatty Acids and Conjugates	0.984	Hydroxy fatty acids	0.989	Organic acids and derivatives	0.964	Hydroxy acids and derivatives	0.573	Medium-chain hydroxy acids and derivatives	0.600			Medium-chain hydroxy acids and derivatives	0.600	Organic compounds; Lipids and lipid-like molecules; Alcohols and polyols; Fatty acids and conjugates; Organic acids and derivatives; Carboxylic acids and derivatives; Medium-chain hydroxy acids and derivatives; Organooxygen compounds; Hydroxy fatty acids; Hydroxy acids and derivatives; Monocarboxylic acids and derivatives; Carboxylic acids; Carbonyl compounds; Medium-chain fatty acids; Fatty Acyls; Organic oxides; Hydrocarbon derivatives; Organic oxygen compounds; Chemical entities	230.175	495	8.258	857322070571416525	857316086662066027	857316086662066026	10714	
4	C10H18O2	[M + C2H3N + H]+	C12H22NO2+	Fatty acids	0.995	Fatty esters	0.876	Lactones	0.501	Lipids and lipid-like molecules	0.583	Fatty Acyls	0.585					Fatty Acyls	0.585	Organic compounds; Lipids and lipid-like molecules; Organic acids and derivatives; Carboxylic acids and derivatives; Organooxygen compounds; Carboxylic acid derivatives; Monocarboxylic acids and derivatives; Carboxylic acid esters; Carbonyl compounds; Fatty Acyls; Organic oxides; Hydrocarbon derivatives; Organic oxygen compounds; Chemical entities	212.165	498	8.308	857322130407358196	857316086716591983	857316086716591982	10719	
1	C12H24S	[M + H]+	C12H25S+	Fatty acids	0.753	Fatty acyls	0.545	Thia fatty acids	0.213	Organoheterocyclic compounds	0.545							Organoheterocyclic compounds	0.545	Organic compounds; Organoheterocyclic compounds; Organosulfur compounds; Thioethers; Dialkylthioethers; Hydrocarbon derivatives; Chemical entities	201.168	503	8.376	857322100384530147	857316086775312243	857316086775312242	10785	
1	C11H18O2	[M + H]+	C11H19O2+	Fatty acids	0.944	Fatty Acids and Conjugates	0.399	Unsaturated fatty acids	0.107	Lipids and lipid-like molecules	0.571	Fatty Acyls	0.611					Fatty Acyls	0.611	Organic compounds; Lipids and lipid-like molecules; Ketones; Organic acids and derivatives; Carboxylic acids and derivatives; Organooxygen compounds; Monocarboxylic acids and derivatives; Carbonyl compounds; Fatty Acyls; Organic oxides; Hydrocarbon derivatives; Organic oxygen compounds; Chemical entities	183.138	503	8.378	857322549363802103	857316086834032503	857316086829838198	10833	
1	C11H21NO2	[M + H]+	C11H22NO2+	Amino acids and Peptides	0.789	Small peptides	0.845	Aminoacids	0.795	Organic acids and derivatives	0.998	Carboxylic acids and derivatives	0.997	Amino acids, peptides, and analogues	0.957	Amino acids and derivatives	0.957	Amino acids	0.919	Organic compounds; Lipids and lipid-like molecules; Amino acids, peptides, and analogues; Fatty acids and conjugates; Organic acids and derivatives; Carboxylic acids and derivatives; Organonitrogen compounds; Organooxygen compounds; Amino acids and derivatives; Monoalkylamines; Amino fatty acids; Monocarboxylic acids and derivatives; Carboxylic acids; Carbonyl compounds; Amines; Primary amines; Fatty Acyls; Organic oxides; Hydrocarbon derivatives; Amino acids; Organopnictogen compounds; Organic oxygen compounds; Organic nitrogen compounds; Chemical entities	200.165	503	8.378	857322572935794617	857316086888558459	857316086888558458	10839	
1	C8H10O2	[M + H]+	C8H11O2+	Fatty acids	0.808	Monoterpenoids	0.240	Unsaturated fatty acids	0.320	Organic acids and derivatives	0.627	Carboxylic acids and derivatives	0.632	Monocarboxylic acids and derivatives	0.622			Monocarboxylic acids and derivatives	0.622	Organic compounds; Organic acids and derivatives; Carboxylic acids and derivatives; Organooxygen compounds; Monocarboxylic acids and derivatives; Carbonyl compounds; Organic oxides; Hydrocarbon derivatives; Organic oxygen compounds; Chemical entities	139.075	507	8.442	857322571912384411	857316086934695807	857316086934695806	10880	
1	C12H6O3	[M + H]+	C12H7O3+	Polyketides	0.594	Naphthalenes	0.177	Anthraquinones and anthrones	0.047	Benzenoids	0.999	Naphthalenes	0.884	Naphthalenecarboxylic acids and derivatives	0.487	1,8-naphthalic anhydrides	0.811	1,8-naphthalic anhydrides	0.811	Organic compounds; Organoheterocyclic compounds; Naphthalenes; Organic acids and derivatives; Carboxylic acids and derivatives; Benzofurans; Organooxygen compounds; Carboxylic acid derivatives; Phthalic anhydrides; Carboxylic acid anhydrides; Benzofuranones; Benzenoids; 1,8-naphthalic anhydrides; Isobenzofuranones; 2-benzopyrans; Organic oxides; Oxacyclic compounds; Hydrocarbon derivatives; Isocoumarans; Organic oxygen compounds; Chemical entities	199.039	511	8.511	857322580267438087	857316086980833155	857316086976638850	11015	
1	C13H16N2S	[M + H]+	C13H17N2S+	Alkaloids	0.487	Nicotinic acid alkaloids	0.014	Pyridine alkaloids	0.014	Organoheterocyclic compounds	0.992	Benzothiazoles	0.983					Benzothiazoles	0.983	Organic compounds; Organoheterocyclic compounds; Thiazoles; Organonitrogen compounds; Benzothiazoles; Azoles; Aminothiazoles; Benzenoids; Amines; 2-amino-1,3-thiazoles; Azacyclic compounds; Heteroaromatic compounds; Hydrocarbon derivatives; Organopnictogen compounds; Organic nitrogen compounds; Chemical entities	233.111	511	8.513	857322579214667762	857316087022776199	857316087022776198	11016	
1	C17H26N2O	[M + H]+	C17H27N2O+	Alkaloids	0.993	Nicotinic acid alkaloids	0.918	Pyridine alkaloids	0.919	Alkaloids and derivatives	0.503							Alkaloids and derivatives	0.503	Organic compounds; Organoheterocyclic compounds; Pyridines and derivatives; Organonitrogen compounds; Alkaloids and derivatives; Organooxygen compounds; Carboxylic acid amides; Carboxylic acid derivatives; Carbonyl compounds; Organic oxides; Azacyclic compounds; Heteroaromatic compounds; Hydrocarbon derivatives; Organopnictogen compounds; Organic oxygen compounds; Organic nitrogen compounds; Chemical entities	275.212	514	8.560	857322572826742703	857316087064719243	857316087064719242	11083	
1	C11H14O3	[M + H]+	C11H15O3+	Polyketides	0.689	Cyclic polyketides	0.809	2-pyrone derivatives	0.518	Organic acids and derivatives	0.976	Carboxylic acids and derivatives	0.952	Carboxylic acid derivatives	0.731	Carboxylic acid anhydrides	0.733	Carboxylic acid anhydrides	0.733	Organic compounds; Organoheterocyclic compounds; Organic acids and derivatives; Carboxylic acids and derivatives; Organooxygen compounds; Carboxylic acid derivatives; Carboxylic acid esters; Carboxylic acid anhydrides; Carbonyl compounds; Organic oxides; Oxacyclic compounds; Hydrocarbon derivatives; Organic oxygen compounds; Chemical entities	195.102	515	8.579	857322584935698464	857316087110856591	857316087110856590	11111	
1	C8H20N4O2	[M + Na]+	C8H20N4NaO2+	Amino acids and Peptides	0.611	Small peptides	0.811	Dipeptides	0.260	Organic acids and derivatives	0.552	Carboxylic acids and derivatives	0.551					Carboxylic acids and derivatives	0.551	Organic compounds; Organic acids and derivatives; Carboxylic acids and derivatives; Organonitrogen compounds; Organooxygen compounds; Carbonyl compounds; Organic oxides; Hydrocarbon derivatives; Organopnictogen compounds; Organic oxygen compounds; Organic nitrogen compounds; Chemical entities	227.147	520	8.661	857322571954327461	857316087156993939	857316087156993938	11212	
1	C12H25NO3	[M + H]+	C12H26NO3+	Fatty acids	0.992	Fatty amides	0.994	N-acyl ethanolamines (endocannabinoids)	0.988	Lipids and lipid-like molecules	0.985	Fatty Acyls	0.990	Fatty amides	0.987	N-acyl amines	0.992	N-acyl amines	0.992	Organic compounds; Lipids and lipid-like molecules; Alcohols and polyols; Organic acids and derivatives; Carboxylic acids and derivatives; Organonitrogen compounds; Primary alcohols; Organooxygen compounds; Fatty amides; Carboxylic acid amides; Carboxylic acid derivatives; N-acyl amines; Tertiary carboxylic acid amides; Carbonyl compounds; Amines; Alkanolamines; Fatty Acyls; Organic oxides; Hydrocarbon derivatives; Organopnictogen compounds; Organic oxygen compounds; Organic nitrogen compounds; Chemical entities	232.191	521	8.679	857322580414238737	857316087203131287	857316087198936982	11247	
1	C9H16O	[M + H]+	C9H17O+	Fatty acids	0.993	Fatty acyls	0.991	Fatty alcohols	0.759	Organic oxygen compounds	0.995	Organooxygen compounds	0.991	Carbonyl compounds	0.822	Ketones	0.586	Ketones	0.586	Organic compounds; Ketones; Organooxygen compounds; Carbonyl compounds; Organic oxides; Hydrocarbon derivatives; Organic oxygen compounds; Chemical entities	141.127	521	8.681	857322576400289776	857316087245074331	857316087245074330	11220	
1	C12H27N	[M + H]+	C12H28N+	Alkaloids	0.952	Ornithine alkaloids	0.393	Polyamines	0.722	Organic nitrogen compounds	1.000	Organonitrogen compounds	1.000	Amines	0.989	Secondary amines	0.613	Dialkylamines	0.635	Organic compounds; Organonitrogen compounds; Monoalkylamines; Dialkylamines; Amines; Primary amines; Secondary amines; Hydrocarbon derivatives; Organopnictogen compounds; Organic nitrogen compounds; Chemical entities	186.222	523	8.723	857322580988858389	857316087291211679	857316087291211678	11296	
1	C16H34O6	[M + H]+	C16H35O6+	Fatty acids	0.971	Fatty acyls	0.795	Fatty alcohols	0.555	Organic oxygen compounds	1.000	Organooxygen compounds	1.000	Ethers	0.998	Dialkyl ethers	0.997	Polyethylene glycols	0.566	Organic compounds; Alcohols and polyols; Ethers; Primary alcohols; Organooxygen compounds; Dialkyl ethers; Polyethylene glycols; Hydrocarbon derivatives; Organic oxygen compounds; Chemical entities	323.243	524	8.736	857322580074500093	857316087387680675	857316087387680674	11308	
5	C17H39N5O2	[M + Na]+	C17H39N5NaO2+	Alkaloids	0.841	Pseudoalkaloids (transamidation)	0.103	Imidazole alkaloids	0.101	Organoheterocyclic compounds	0.935	Triazines	0.670	Aminotriazines	0.639	N-aliphatic s-triazines	0.675	N-aliphatic s-triazines	0.675	Organic compounds; Organoheterocyclic compounds; Triazines; Ethers; Organonitrogen compounds; Organooxygen compounds; Dialkyl ethers; Aminotriazines; Amines; Tertiary amines; N-aliphatic s-triazines; 1,3,5-triazines; Azacyclic compounds; Heteroaromatic compounds; Hydrocarbon derivatives; Organopnictogen compounds; Organic oxygen compounds; Organic nitrogen compounds; Chemical entities	368.301	524	8.738	857322586001051694	857316087429623719	857316087429623718	11309	
1	C14H20O4	[M + H]+	C14H21O4+	Terpenoids	0.890	Sesquiterpenoids	0.769	Bisabolane sesquiterpenoids	0.143	Lipids and lipid-like molecules	0.639							Lipids and lipid-like molecules	0.639	Organic compounds; Lipids and lipid-like molecules; Ketones; Organic acids and derivatives; Carboxylic acids and derivatives; Organooxygen compounds; Carboxylic acid derivatives; Monocarboxylic acids and derivatives; Carboxylic acid esters; Carbonyl compounds; Organic oxides; Hydrocarbon derivatives; Organic oxygen compounds; Chemical entities	253.144	525	8.745	857322593257197621	857316087513509807	857316087513509806	11329	
1	C21H28O6	[M + H3N + H]+	C21H32NO6+	Polyketides	0.257	Aromatic polyketides	0.396	Simple aromatic polyketides	0.517	Benzenoids	0.999	Benzene and substituted derivatives	0.993	Diphenylmethanes	0.731			Diphenylmethanes	0.731	Organic compounds; Lipids and lipid-like molecules; Alkyl aryl ethers; Alcohols and polyols; Glycerolipids; Ethers; Primary alcohols; Organooxygen compounds; Diphenylmethanes; Dialkyl ethers; Secondary alcohols; Benzene and substituted derivatives; Polyols; Phenol ethers; Glycerol ethers; Benzenoids; 1,2-diols; Phenylpropanes; Monoalkylglycerols; Monoradylglycerols; Hydrocarbon derivatives; 1-O-alkylglycerols; Organic oxygen compounds; Phenoxy compounds; Chemical entities	394.222	530	8.826	857322599359911330	857316087551258547	857316087551258546	11401	
1	C12H16O3	[M + H]+	C12H17O3+	Shikimates and Phenylpropanoids	0.552	Sesquiterpenoids	0.200	Simple phenolic acids	0.045	Benzenoids	0.999	Benzene and substituted derivatives	0.982	Phenoxyacetic acid derivatives	0.610			Phenoxyacetic acid derivatives	0.610	Organic compounds; Alkyl aryl ethers; Ethers; Organic acids and derivatives; Carboxylic acids and derivatives; Organooxygen compounds; Phenoxyacetic acid derivatives; Carboxylic acid derivatives; Monocarboxylic acids and derivatives; Carboxylic acid esters; Carbonyl compounds; Benzene and substituted derivatives; Phenol ethers; Benzenoids; Organic oxides; Hydrocarbon derivatives; Organic oxygen compounds; Phenoxy compounds; Chemical entities	209.117	530	8.826	857322612962040984	857316087597395895	857316087597395894	11398	
1	C21H28O6	[M + H]+	C21H29O6+	Polyketides	0.300	Aromatic polyketides	0.423	Simple aromatic polyketides	0.527	Benzenoids	1.000	Benzene and substituted derivatives	0.993	Diphenylmethanes	0.752			Diphenylmethanes	0.752	Organic compounds; Alkyl aryl ethers; Alcohols and polyols; Glycerolipids; Ethers; Primary alcohols; Organooxygen compounds; Diphenylmethanes; Dialkyl ethers; Secondary alcohols; Benzene and substituted derivatives; Polyols; Phenol ethers; Glycerol ethers; Benzenoids; 1,2-diols; Phenylpropanes; Monoalkylglycerols; Monoradylglycerols; Hydrocarbon derivatives; 1-O-alkylglycerols; Organic oxygen compounds; Phenoxy compounds; Chemical entities	377.196	530	8.827	857322614010616994	857316087639338939	857316087639338938	11403	
1	C12H27N	[M + H]+	C12H28N+	Alkaloids	0.954	Ornithine alkaloids	0.243	Polyamines	0.476	Organic nitrogen compounds	1.000	Organonitrogen compounds	1.000	Amines	0.996	Primary amines	0.957	Monoalkylamines	0.937	Organic compounds; Organonitrogen compounds; Monoalkylamines; Amines; Primary amines; Hydrocarbon derivatives; Organopnictogen compounds; Organic nitrogen compounds; Chemical entities	186.222	533	8.879	857322609833089787	857316087685476287	857316087685476286	11453	
5	C17H39N5O2	[M + Na]+	C17H39N5NaO2+	Alkaloids	0.842	Pseudoalkaloids (transamidation)	0.179	Purine nucleosides	0.011	Organoheterocyclic compounds	0.988	Triazines	0.886	Aminotriazines	0.829	1,3,5-triazine-2,4-diamines	0.585	1,3,5-triazine-2,4-diamines	0.585	Organic compounds; Organoheterocyclic compounds; Triazines; Ethers; Organonitrogen compounds; Organooxygen compounds; Dialkyl ethers; Aminotriazines; Amines; Tertiary amines; N-aliphatic s-triazines; 1,3,5-triazines; Azacyclic compounds; Heteroaromatic compounds; Hydrocarbon derivatives; Organopnictogen compounds; Organic oxygen compounds; Organic nitrogen compounds; 1,3,5-triazine-2,4-diamines; Chemical entities	368.301	537	8.952	857322653067975895	857316087731613635	857316087731613634	11536	
1	C16H34O6	[M + H]+	C16H35O6+	Fatty acids	0.984	Glycerolipids	0.866	Monoacylglycerols	0.458	Lipids and lipid-like molecules	0.299	Glycerolipids	0.499	Glycerol ethers	0.587			Glycerol ethers	0.587	Organic compounds; Alcohols and polyols; Ethers; Primary alcohols; Organooxygen compounds; Dialkyl ethers; Secondary alcohols; Glycerol ethers; Hydrocarbon derivatives; Organic oxygen compounds; Chemical entities	323.243	537	8.953	857322687016672477	857316087773556679	857316087773556678	11537	
1	C10H10O2	[M + H]+	C10H11O2+	Shikimates and Phenylpropanoids	0.818	Phenylpropanoids (C6-C3)	0.304	Cinnamic acids and derivatives	0.373	Organic oxygen compounds	1.000	Organooxygen compounds	1.000	Carbonyl compounds	0.975	Ketones	0.962	Alkyl-phenylketones	0.901	Organic compounds; Ketones; Benzoyl derivatives; Organooxygen compounds; Butyrophenones; Carbonyl compounds; Benzene and substituted derivatives; Benzenoids; Aryl ketones; Aryl alkyl ketones; Organic oxides; Hydrocarbon derivatives; Phenylketones; Alkyl-phenylketones; Organic oxygen compounds; Chemical entities	163.075	538	8.964	857322889123407141	857316087870025679	857316087865831374	11511	
8	C20H32O4	[M + Na]+	C20H32NaO4+	Fatty acids	0.416	Diterpenoids	0.643	Fatty alcohols	0.187	Lipids and lipid-like molecules	0.937	Prenol lipids	0.584	Diterpenoids	0.602			Diterpenoids	0.602	Organic compounds; Lipids and lipid-like molecules; Alcohols and polyols; Prenol lipids; Organic acids and derivatives; Carboxylic acids and derivatives; Primary alcohols; Organooxygen compounds; Monocarboxylic acids and derivatives; Carboxylic acids; Diterpenoids; Secondary alcohols; Carbonyl compounds; Fatty Acyls; Organic oxides; Hydrocarbon derivatives; Organic oxygen compounds; Chemical entities	359.225	538	8.974	857322957847080114	857316087916163027	857316087916163026	11527	
1	C14H28N2O2	[M + H]+	C14H29N2O2+	Fatty acids	0.995	Fatty amides	0.965	Primary amides	0.950	Lipids and lipid-like molecules	0.930	Fatty Acyls	0.929	Fatty acids and conjugates	0.736	Straight chain fatty acids	0.615	Straight chain fatty acids	0.615	Organic compounds; Lipids and lipid-like molecules; Fatty acids and conjugates; Organic acids and derivatives; Carboxylic acids and derivatives; Organonitrogen compounds; Organooxygen compounds; Fatty amides; Straight chain fatty acids; Carboxylic acid amides; Carboxylic acid derivatives; Monocarboxylic acids and derivatives; Carboxylic acids; Primary carboxylic acid amides; Carbonyl compounds; Fatty Acyls; Organic oxides; Hydrocarbon derivatives; Organopnictogen compounds; Organic oxygen compounds; Organic nitrogen compounds; Chemical entities	257.222	543	9.044	857322899231679809	857316087962300375	857316087958106070	11620	
1	C13H25NO3	[M + H]+	C13H26NO3+	Fatty acids	0.990	Fatty amides	0.863	N-acyl amines	0.373	Organic acids and derivatives	0.998	Carboxylic acids and derivatives	0.994	Amino acids, peptides, and analogues	0.610	Amino acids and derivatives	0.606	N-acyl-alpha amino acids and derivatives	0.568	Organic compounds; Lipids and lipid-like molecules; Amino acids, peptides, and analogues; Fatty acids and conjugates; Organic acids and derivatives; Carboxylic acids and derivatives; Organonitrogen compounds; Organooxygen compounds; Fatty amides; Amino acids and derivatives; Carboxylic acid amides; Carboxylic acid derivatives; N-acyl amines; Monocarboxylic acids and derivatives; N-acyl-alpha amino acids and derivatives; Carboxylic acids; Secondary carboxylic acid amides; Carbonyl compounds; Fatty Acyls; Organic oxides; Hydrocarbon derivatives; Organopnictogen compounds; Organic oxygen compounds; Organic nitrogen compounds; Chemical entities	244.191	544	9.068	857322895356142908	857316088012632027	857316088012632026	11647	
3	C11H22OSi	[M + Na]+	C11H22NaOSi+	Terpenoids	0.756	Monoterpenoids	0.804	Pinane monoterpenoids	0.157	Hydrocarbon derivatives	0.996							Hydrocarbon derivatives	0.996	Organic compounds; Hydrocarbon derivatives; Chemical entities	221.133	545	9.087	857322892831171892	857316088067157983	857316088067157982	11667	
1	C14H31NO2	[M + H]+	C14H32NO2+	Fatty acids	0.816	Spingolipids	0.557	Sphingoid bases	0.899	Organic nitrogen compounds	1.000	Organonitrogen compounds	1.000	Amines	0.999	Alkanolamines	0.966	1,2-aminoalcohols	0.962	Organic compounds; Alcohols and polyols; Organonitrogen compounds; Primary alcohols; Organooxygen compounds; 1,2-aminoalcohols; Trialkylamines; Amines; Tertiary amines; Alkanolamines; Hydrocarbon derivatives; Organopnictogen compounds; Organic oxygen compounds; Organic nitrogen compounds; Chemical entities	246.243	548	9.129	857322939358588071	857316088121683939	857316088121683938	11696	
1	C12H27NO	[M + H]+	C12H28NO+	Fatty acids	0.984	Spingolipids	0.768	Sphingoid bases	0.978	Organic nitrogen compounds	1.000	Organonitrogen compounds	1.000	Amines	0.998	Alkanolamines	0.953	1,2-aminoalcohols	0.936	Organic compounds; Alcohols and polyols; Organonitrogen compounds; Primary alcohols; Organooxygen compounds; 1,2-aminoalcohols; Dialkylamines; Amines; Secondary amines; Alkanolamines; Hydrocarbon derivatives; Organopnictogen compounds; Organic oxygen compounds; Organic nitrogen compounds; Chemical entities	202.217	550	9.171	857322921893504409	857316088180404199	857316088180404198	11733	
2	C9H18O3	[M - H2O + H]+	C9H17O2+	Fatty acids	0.997	Fatty Acids and Conjugates	0.982	Hydroxy fatty acids	0.993	Organic acids and derivatives	0.926	Hydroxy acids and derivatives	0.750	Medium-chain hydroxy acids and derivatives	0.534			Medium-chain hydroxy acids and derivatives	0.534	Organic compounds; Lipids and lipid-like molecules; Alcohols and polyols; Fatty acids and conjugates; Organic acids and derivatives; Carboxylic acids and derivatives; Primary alcohols; Medium-chain hydroxy acids and derivatives; Organooxygen compounds; Hydroxy fatty acids; Hydroxy acids and derivatives; Monocarboxylic acids and derivatives; Carboxylic acids; Carbonyl compounds; Medium-chain fatty acids; Fatty Acyls; Organic oxides; Hydrocarbon derivatives; Organic oxygen compounds; Chemical entities	157.122	552	9.206	857322932266019212	857316088243318763	857316088239124458	11771	
5	C10H19O4P	[M - H2O + H]+	C10H18O3P+	Fatty acids	0.533	Monoterpenoids	0.141	Menthane monoterpenoids	0.013	Organophosphorus compounds	0.707	Trialkylphosphites	0.566					Trialkylphosphites	0.566	Organic compounds; Organoheterocyclic compounds; Organooxygen compounds; Organophosphorus compounds; Organic phosphites; Organic oxides; Oxacyclic compounds; Hydrocarbon derivatives; Trialkylphosphites; Organic oxygen compounds; Chemical entities	217.097	553	9.222	857322988490666670	857316088297844719	857316088293650414	11796	
2	C14H20O	[M + CH2O2 + H]+	C15H23O3+	Terpenoids	0.965	Sesquiterpenoids	0.818	Bisabolane sesquiterpenoids	0.406	Lipids and lipid-like molecules	0.712	Prenol lipids	0.729	Monoterpenoids	0.598			Monoterpenoids	0.598	Organic compounds; Lipids and lipid-like molecules; Ketones; Prenol lipids; Organooxygen compounds; Monoterpenoids; Carbonyl compounds; Benzenoids; Organic oxides; Hydrocarbon derivatives; Organic oxygen compounds; Chemical entities	251.164	554	9.232	857322994232668900	857316088348176371	857316088343982066	11822	
1	C15H22O3	[M - H2O + H]+	C15H21O2+	Terpenoids	0.971	Sesquiterpenoids	0.968	Caryophyllane sesquiterpenoids	0.212	Lipids and lipid-like molecules	0.698	Prenol lipids	0.738	Sesquiterpenoids	0.583			Sesquiterpenoids	0.583	Organic compounds; Lipids and lipid-like molecules; Alcohols and polyols; Prenol lipids; Organic acids and derivatives; Carboxylic acids and derivatives; Organooxygen compounds; Monocarboxylic acids and derivatives; Sesquiterpenoids; Carbonyl compounds; Organic oxides; Hydrocarbon derivatives; Organic oxygen compounds; Chemical entities	233.154	554	9.233	857322988171899552	857316088394313719	857316088394313718	11812	
1	C14H31NO3	[M + H]+	C14H32NO3+	Fatty acids	0.962	Spingolipids	0.394	Sphingoid bases	0.863	Organic nitrogen compounds	1.000	Organonitrogen compounds	1.000	Amines	0.994	Alkanolamines	0.959	1,2-aminoalcohols	0.953	Organic compounds; Alcohols and polyols; Organonitrogen compounds; Primary alcohols; Organooxygen compounds; 1,2-aminoalcohols; Amines; Alkanolamines; Hydrocarbon derivatives; Organopnictogen compounds; Organic oxygen compounds; Organic nitrogen compounds; Chemical entities	262.238	562	9.359	857322989455356609	857316088545308675	857316088545308674	11942	
1	C20H37NO4	[M + H]+	C20H38NO4+	Fatty acids	0.575	Lysine alkaloids	0.896	Piperidine alkaloids	0.893	Organic acids and derivatives	0.996	Carboxylic acids and derivatives	0.997	Amino acids, peptides, and analogues	0.617	Amino acids and derivatives	0.616	Amino acids and derivatives	0.616	Organic compounds; Organoheterocyclic compounds; Lipids and lipid-like molecules; Amino acids, peptides, and analogues; Piperidines; Organic acids and derivatives; Carboxylic acids and derivatives; Organonitrogen compounds; Organooxygen compounds; Fatty acid esters; Dicarboxylic acids and derivatives; Amino acids and derivatives; Carboxylic acid derivatives; Carboxylic acid esters; Carbonyl compounds; Amines; Fatty Acyls; Organic oxides; Azacyclic compounds; Hydrocarbon derivatives; Organopnictogen compounds; Organic oxygen compounds; Organic nitrogen compounds; Chemical entities	356.280	565	9.419	857322991523148505	857316088595640327	857316088595640326	12012	
3	C8H19O3P	[M + H]+	C8H20O3P+	Fatty acids	0.620	Fatty acyls	0.114	Fatty alcohols	0.009	Organic acids and derivatives	0.984	Organic phosphonic acids and derivatives	0.988	Phosphonic acid diesters	0.930	Dialkyl alkylphosphonates	0.846	Dialkyl alkylphosphonates	0.846	Organic compounds; Organic acids and derivatives; Organooxygen compounds; Organophosphorus compounds; Organic phosphonic acids and derivatives; Phosphonic acid esters; Phosphonic acid diesters; Organic oxides; Hydrocarbon derivatives; Dialkyl alkylphosphonates; Organopnictogen compounds; Organic oxygen compounds; Chemical entities	195.115	566	9.440	857322990013199047	857316088645971979	857316088641777674	12039	
1	C14H31N	[M + H]+	C14H32N+	Fatty acids	0.973	Fatty acyls	0.638	Sphingoid bases	0.795	Organic nitrogen compounds	1.000	Organonitrogen compounds	1.000	Amines	0.975	Primary amines	0.835	Monoalkylamines	0.828	Organic compounds; Organonitrogen compounds; Monoalkylamines; Amines; Primary amines; Hydrocarbon derivatives; Organopnictogen compounds; Organic nitrogen compounds; Chemical entities	214.253	568	9.469	857322984736764575	857316088700497935	857316088696303630	12067	
1	C14H29NO3	[M + H]+	C14H30NO3+	Fatty acids	0.404	Fatty amides	0.226	Pyrrolidine alkaloids	0.097	Organic acids and derivatives	0.661	Carboxylic acids and derivatives	0.690	Amino acids, peptides, and analogues	0.565	Amino acids and derivatives	0.565	Amino acids and derivatives	0.565	Organic compounds; Amino acids, peptides, and analogues; Organic acids and derivatives; Carboxylic acids and derivatives; Organonitrogen compounds; Organooxygen compounds; Amino acids and derivatives; Carbonyl compounds; Trialkylamines; Amines; Tertiary amines; Organic oxides; Hydrocarbon derivatives; Organopnictogen compounds; Organic oxygen compounds; Organic nitrogen compounds; Chemical entities	260.222	571	9.512	857323067360359424	857316088755023891	857316088750829586	12087	
1	C9H14	[M + H]+	C9H15+	Terpenoids	0.964	Monoterpenoids	0.889	Pinane monoterpenoids	0.349	Lipids and lipid-like molecules	0.620	Prenol lipids	0.587	Monoterpenoids	0.520			Monoterpenoids	0.520	Organic compounds; Lipids and lipid-like molecules; Prenol lipids; Monoterpenoids; Hydrocarbons; Olefins; Cyclic olefins; Polycyclic hydrocarbons; Unsaturated hydrocarbons; Unsaturated aliphatic hydrocarbons; Branched unsaturated hydrocarbons; Chemical entities	123.117	573	9.544	857323029393519348	857316088805355543	857316088801161238	12180	
1	C12H27N	[M + H]+	C12H28N+	Alkaloids	0.942	Ornithine alkaloids	0.500	Polyamines	0.843	Organic nitrogen compounds	1.000	Organonitrogen compounds	1.000	Amines	0.986	Secondary amines	0.718	Dialkylamines	0.750	Organic compounds; Organonitrogen compounds; Dialkylamines; Amines; Primary amines; Secondary amines; Hydrocarbon derivatives; Organopnictogen compounds; Organic nitrogen compounds; Chemical entities	186.222	576	9.597	857323157416261109	857316088855687195	857316088855687194	12217	
1	C10H17NO3	[M + H]+	C10H18NO3+	Fatty acids	0.742	Fatty amides	0.590	Aminoacids	0.227	Organic acids and derivatives	0.990	Carboxylic acids and derivatives	0.979	Carboxylic acid derivatives	0.818	Carboxylic acid amides	0.638	Carboxylic acid amides	0.638	Organic compounds; Organic acids and derivatives; Carboxylic acids and derivatives; Organonitrogen compounds; Organooxygen compounds; Carboxylic acid amides; Carboxylic acid derivatives; Monocarboxylic acids and derivatives; Carboxylic acids; Carbonyl compounds; Organic oxides; Hydrocarbon derivatives; Organopnictogen compounds; Organic oxygen compounds; Organic nitrogen compounds; Chemical entities	200.128	577	9.613	857323178563942929	857316088910213151	857316088910213150	12250	
1	C10H8N4O4	[M + H]+	C10H9N4O4+	Alkaloids	0.965	Tryptophan alkaloids	0.124	Carboline alkaloids	0.034	Benzenoids	0.990	Benzene and substituted derivatives	0.659	Nitrobenzenes	0.701			Nitrobenzenes	0.701	Organic compounds; Organoheterocyclic compounds; Nitrobenzenes; Organonitrogen compounds; Organic nitro compounds; Organic oxoazanium compounds; Benzene and substituted derivatives; Benzenoids; Organic 1,3-dipolar compounds; Allyl-type 1,3-dipolar organic compounds; Propargyl-type 1,3-dipolar organic compounds; Organic oxides; C-nitro compounds; Azacyclic compounds; Heteroaromatic compounds; Hydrocarbon derivatives; Organopnictogen compounds; Organic oxygen compounds; Nitroaromatic compounds; Organic nitrogen compounds; Chemical entities	249.062	593	9.881	857323226362247400	857316088964739107	857316088960544802	12500	
2	C10H20O3	[M - H2O + H]+	C10H19O2+	Fatty acids	0.995	Fatty Acids and Conjugates	0.956	Hydroxy fatty acids	0.996	Organic acids and derivatives	0.854	Hydroxy acids and derivatives	0.779	Medium-chain hydroxy acids and derivatives	0.663			Medium-chain hydroxy acids and derivatives	0.663	Organic compounds; Lipids and lipid-like molecules; Alcohols and polyols; Fatty acids and conjugates; Organic acids and derivatives; Carboxylic acids and derivatives; Primary alcohols; Medium-chain hydroxy acids and derivatives; Organooxygen compounds; Hydroxy fatty acids; Hydroxy acids and derivatives; Monocarboxylic acids and derivatives; Carboxylic acids; Secondary alcohols; Carbonyl compounds; Medium-chain fatty acids; Fatty Acyls; Organic oxides; Hydrocarbon derivatives; Organic oxygen compounds; Chemical entities	171.138	600	9.997	857323182527560231	857316089015070759	857316089015070758	12586	
1	C12H9NO	[M + H]+	C12H10NO+	Alkaloids	0.979	Tryptophan alkaloids	0.750	Simple indole alkaloids	0.704	Organoheterocyclic compounds	0.996	Indoles and derivatives	0.803	Indoles	0.839			Indoles	0.839	Organic compounds; Organoheterocyclic compounds; Pyrroles; Aldehydes; Indoles and derivatives; Organonitrogen compounds; Organooxygen compounds; Carbonyl compounds; Substituted pyrroles; Benzenoids; Indoles; Aryl-aldehydes; Organic oxides; Azacyclic compounds; Heteroaromatic compounds; Hydrocarbon derivatives; Organopnictogen compounds; Organic oxygen compounds; Organic nitrogen compounds; Chemical entities	184.076	602	10.029	857323181386709531	857316089069596715	857316089069596714	12638	
1	C11H24N2O2	[M + H]+	C11H25N2O2+	Fatty acids	0.393	Fatty amides	0.157	Primary amides	0.044	Organic acids and derivatives	0.972	Organic carbonic acids and derivatives	0.909	Ureas	0.822			Ureas	0.822	Organic compounds; Organic acids and derivatives; Organonitrogen compounds; Organooxygen compounds; Organic carbonic acids and derivatives; Ureas; Carbonyl compounds; Organic oxides; Hydrocarbon derivatives; Organopnictogen compounds; Organic oxygen compounds; Organic nitrogen compounds; Chemical entities	217.191	602	10.040	857323174411581965	857316089124122671	857316089124122670	12647	
8	C18H16N2O3S	[M + Na]+	C18H16N2NaO3S+	Shikimates and Phenylpropanoids	0.168	Coumarins	0.131	Simple coumarins	0.436	Benzenoids	0.983	Benzene and substituted derivatives	0.617					Benzene and substituted derivatives	0.617	Organic compounds; Organoheterocyclic compounds; Thiazoles; Organic acids and derivatives; Carboxylic acids and derivatives; Organonitrogen compounds; Organooxygen compounds; Azoles; Carboxylic acid amides; Carboxylic acid derivatives; Monocarboxylic acids and derivatives; Secondary carboxylic acid amides; Carbonyl compounds; Benzene and substituted derivatives; Benzenoids; Organic oxides; Azacyclic compounds; Heteroaromatic compounds; Hydrocarbon derivatives; Organopnictogen compounds; Organic oxygen compounds; Organic nitrogen compounds; Chemical entities	363.076	604	10.073	857323190685481524	857316089178648627	857316089174454322	12656	
1	C14H8O3	[M + H]+	C14H9O3+	Polyketides	0.754	Polycyclic aromatic polyketides	0.573	Anthraquinones and anthrones	0.754	Benzenoids	0.998	Phenanthrenes and derivatives	0.578					Phenanthrenes and derivatives	0.578	Organic compounds; Naphthalenes; Phenanthrenes and derivatives; Ketones; Organic acids and derivatives; Carboxylic acids and derivatives; Organooxygen compounds; Carboxylic acids; Carbonyl compounds; Benzenoids; Aryl ketones; Organic oxides; Hydrocarbon derivatives; Organic oxygen compounds; Chemical entities	225.055	604	10.074	857323191562091072	857316089233174583	857316089233174582	12699	
2	C14H15FN2O2S	[M + Na]+	C14H15FN2NaO2S+	Alkaloids	0.578	Anthranilic acid alkaloids	0.261	Quinazoline alkaloids	0.045	Organohalogen compounds	0.999	Aryl halides	0.954	Aryl fluorides	0.954			Aryl fluorides	0.954	Organic compounds; Organoheterocyclic compounds; Organic acids and derivatives; Carboxylic acids and derivatives; Organohalogen compounds; Organonitrogen compounds; Organooxygen compounds; Aryl fluorides; Carboxylic acid derivatives; Organofluorides; Benzenoids; Aryl halides; Organic oxides; Azacyclic compounds; Heteroaromatic compounds; Hydrocarbon derivatives; Organopnictogen compounds; Organic oxygen compounds; Organic nitrogen compounds; Chemical entities	317.071	606	10.093	857323229478615285	857316089325449279	857316089325449278	12679	
1	C10H20Cl4O8P2	[M + H]+	C10H21Cl4O8P2+	Fatty acids	0.921	Glycerophospholipids	0.031	Halogenated fatty acids	0.054	Organic acids and derivatives	0.990	Organic phosphoric acids and derivatives	0.905	Phosphate esters	0.869	Alkyl phosphates	0.883	Trialkyl phosphates	0.877	Organic compounds; Organic acids and derivatives; Organohalogen compounds; Organooxygen compounds; Organic phosphoric acids and derivatives; Phosphate esters; Alkyl chlorides; Organochlorides; Alkyl halides; Alkyl phosphates; Trialkyl phosphates; Organic oxides; Hydrocarbon derivatives; Organic oxygen compounds; Chemical entities	470.946	606	10.098	857323224772604595	857316089371586627	857316089371586626	12685	
1	C10H18O	[M + H]+	C10H19O+	Fatty acids	0.936	Fatty acyls	0.950	Fatty aldehydes	0.626	Organic oxygen compounds	0.996	Organooxygen compounds	0.994					Organooxygen compounds	0.994	Organic compounds; Organooxygen compounds; Hydrocarbon derivatives; Organic oxygen compounds; Chemical entities	155.143	606	10.105	857323659419941289	857316089526775887	857316089526775886	12734	
1	C17H29N	[M + H]+	C17H30N+	Alkaloids	0.872	Nicotinic acid alkaloids	0.794	Pyridine alkaloids	0.793	Benzenoids	0.554							Benzenoids	0.554	Organic compounds; Organonitrogen compounds; Benzenoids; Amines; Hydrocarbon derivatives; Organopnictogen compounds; Organic nitrogen compounds; Chemical entities	248.237	607	10.116	857323661391264446	857316089585496147	857316089581301842	12752	
1	C11H14N2OS2	[M + H]+	C11H15N2OS2+	Alkaloids	0.552	Nicotinic acid alkaloids	0.148	Pyridine alkaloids	0.147	Organoheterocyclic compounds	0.993	Thiophenes	0.693					Thiophenes	0.693	Organic compounds; Organoheterocyclic compounds; Organosulfur compounds; Thiophenes; Organic acids and derivatives; Carboxylic acids and derivatives; Organonitrogen compounds; Organooxygen compounds; Carboxylic acid derivatives; Carbonyl compounds; Organic oxides; Azacyclic compounds; Heteroaromatic compounds; Hydrocarbon derivatives; Organopnictogen compounds; Organic oxygen compounds; Organic nitrogen compounds; Chemical entities	255.062	610	10.175	857323688884929322	857316089635827799	857316089631633494	12809	
1	C13H25NO2	[M + H]+	C13H26NO2+	Fatty acids	0.455	Small peptides	0.267	Aminoacids	0.182	Organic acids and derivatives	0.947	Carboxylic acids and derivatives	0.947	Amino acids, peptides, and analogues	0.687	Amino acids and derivatives	0.688	Amino acids and derivatives	0.688	Organic compounds; Lipids and lipid-like molecules; Amino acids, peptides, and analogues; Organic acids and derivatives; Carboxylic acids and derivatives; Organonitrogen compounds; Organooxygen compounds; Amino acids and derivatives; Carboxylic acid derivatives; Monocarboxylic acids and derivatives; Carboxylic acid esters; Carbonyl compounds; Amines; Organic oxides; Hydrocarbon derivatives; Organopnictogen compounds; Organic oxygen compounds; Organic nitrogen compounds; Chemical entities	228.196	610	10.175	857323683059038931	857316089686159451	857316089686159450	12761	
1	C14H28S	[M + H]+	C14H29S+	Terpenoids	0.743	Monoterpenoids	0.561	Monocyclic monoterpenoids	0.121	Organoheterocyclic compounds	0.776							Organoheterocyclic compounds	0.776	Organic compounds; Organoheterocyclic compounds; Organosulfur compounds; Thioethers; Dialkylthioethers; Hydrocarbon derivatives; Chemical entities	229.199	611	10.177	857323729431275580	857316089732296799	857316089732296798	12788	
3	C15H30N6	[M + Na]+	C15H30N6Na+	Alkaloids	0.940	Ornithine alkaloids	0.257	Polyamines	0.541	Organoheterocyclic compounds	0.476	Triazines	0.501	1,3,5-triazines	0.565			1,3,5-triazines	0.565	Organic compounds; Triazines; Organonitrogen compounds; Amines; 1,3,5-triazines; Azacyclic compounds; Hydrocarbon derivatives; Organopnictogen compounds; Organic nitrogen compounds; Chemical entities	317.243	611	10.180	857323741179521224	857316089774239843	857316089774239842	12796	
1	C13H18O3	[M + H]+	C13H19O3+	Polyketides	0.378	Sesquiterpenoids	0.126	Bisabolane sesquiterpenoids	0.039	Benzenoids	0.910	Benzene and substituted derivatives	0.831	Benzoyl derivatives	0.665			Benzoyl derivatives	0.665	Organic compounds; Ketones; Organic acids and derivatives; Carboxylic acids and derivatives; Benzoyl derivatives; Organooxygen compounds; Carboxylic acid derivatives; Monocarboxylic acids and derivatives; Carboxylic acid esters; Carbonyl compounds; Benzene and substituted derivatives; Benzenoids; Organic oxides; Hydrocarbon derivatives; Organic oxygen compounds; Chemical entities	223.133	611	10.182	857323740546181308	857316089820377191	857316089816182886	12811	
1	C15H32N2O2	[M + H]+	C15H33N2O2+	Fatty acids	0.965	Fatty amides	0.895	Primary amides	0.055	Lipids and lipid-like molecules	0.808	Fatty Acyls	0.763	Fatty amides	0.736	N-acyl amines	0.584	N-acyl amines	0.584	Organic compounds; Lipids and lipid-like molecules; Organic acids and derivatives; Carboxylic acids and derivatives; Organonitrogen compounds; Organooxygen compounds; Fatty amides; Carboxylic acid amides; Carboxylic acid derivatives; N-acyl amines; Secondary carboxylic acid amides; Carbonyl compounds; Amines; Fatty Acyls; Organic oxides; Hydrocarbon derivatives; Tetraalkylammonium salts; Organopnictogen compounds; Organic oxygen compounds; Organic nitrogen compounds; Chemical entities	273.254	614	10.232	857323753561106682	857316089858125931	857316089858125930	12869	
1	C14H25NO2	[M + H]+	C14H26NO2+	Alkaloids	0.630	Lysine alkaloids	0.571	Piperidine alkaloids	0.166	Organic acids and derivatives	0.996	Carboxylic acids and derivatives	0.994	Amino acids, peptides, and analogues	0.818	Amino acids and derivatives	0.819	Amino acids and derivatives	0.819	Organic compounds; Organoheterocyclic compounds; Amino acids, peptides, and analogues; Piperidines; Organic acids and derivatives; Carboxylic acids and derivatives; Organonitrogen compounds; Organooxygen compounds; Amino acids and derivatives; Carboxylic acid derivatives; Monocarboxylic acids and derivatives; Carboxylic acid esters; Carbonyl compounds; Amines; Organic oxides; Azacyclic compounds; Hydrocarbon derivatives; Organopnictogen compounds; Organic oxygen compounds; Organic nitrogen compounds; Chemical entities	240.196	616	10.272	857323741833832656	857316089904263279	857316089904263278	12929	
1	C12H25NO3	[M + H]+	C12H26NO3+	Fatty acids	0.893	Fatty amides	0.448	N-acyl amines	0.190	Organic acids and derivatives	0.772	Carboxylic acids and derivatives	0.753	Amino acids, peptides, and analogues	0.593	Amino acids and derivatives	0.593	Amino acids and derivatives	0.593	Organic compounds; Amino acids, peptides, and analogues; Alcohols and polyols; Organic acids and derivatives; Carboxylic acids and derivatives; Organonitrogen compounds; Primary alcohols; Organooxygen compounds; Amino acids and derivatives; Carbonyl compounds; 1,2-aminoalcohols; Amines; Alkanolamines; Organic oxides; Hydrocarbon derivatives; Organopnictogen compounds; Organic oxygen compounds; Organic nitrogen compounds; Chemical entities	232.191	620	10.334	857323729796180032	857316089950400627	857316089950400626	13083	
11	C18H15OP	[M + H]+	C18H16OP+	Shikimates and Phenylpropanoids	0.088	Flavonoids	0.009	Chalcones	0.006	Benzenoids	0.998	Benzene and substituted derivatives	0.988	Phenylphosphines and derivatives	0.917			Phenylphosphines and derivatives	0.917	Organic compounds; Organophosphorus compounds; Phenylphosphines and derivatives; Benzene and substituted derivatives; Benzenoids; Organic oxides; Hydrocarbon derivatives; Organopnictogen compounds; Organic oxygen compounds; Chemical entities	279.094	620	10.335	857323777095347473	857316089992343671	857316089992343670	12974	
2	C18H36O4	[M + C2H3N + H]+	C20H40NO4+	Fatty acids	0.997	Fatty acyls	0.738	Fatty alcohols	0.930	Lipids and lipid-like molecules	0.985	Fatty Acyls	0.979	Fatty alcohols	0.733	Long-chain fatty alcohols	0.725	Long-chain fatty alcohols	0.725	Organic compounds; Lipids and lipid-like molecules; Alcohols and polyols; Organic acids and derivatives; Carboxylic acids and derivatives; Primary alcohols; Organooxygen compounds; Fatty acid esters; Carboxylic acid derivatives; Monocarboxylic acids and derivatives; Carboxylic acid esters; Fatty alcohols; Secondary alcohols; Fatty alcohol esters; Carbonyl compounds; Polyols; 1,2-diols; Long-chain fatty alcohols; Fatty Acyls; Organic oxides; Hydrocarbon derivatives; Organic oxygen compounds; Chemical entities	358.295	622	10.364	857323758585883495	857316090038481019	857316090038481018	13100	
1	C10H16O	[M + H]+	C10H17O+	Terpenoids	0.971	Monoterpenoids	0.464	Pinane monoterpenoids	0.076	Lipids and lipid-like molecules	0.565	Prenol lipids	0.594					Prenol lipids	0.594	Organic compounds; Lipids and lipid-like molecules; Ketones; Prenol lipids; Organooxygen compounds; Carbonyl compounds; Organic oxides; Hydrocarbon derivatives; Organic oxygen compounds; Chemical entities	153.127	634	10.572	857323732010772551	857316090084618367	857316090080424062	13339	
7	C8H14O5S	[M + H]+	C8H15O5S+	Fatty acids	0.298	Macrolides	0.226	Simple phenolic acids	0.118	Benzenoids	0.512	Benzene and substituted derivatives	0.650					Benzene and substituted derivatives	0.650	Organic compounds; Organosulfur compounds; Organic acids and derivatives; Carboxylic acids and derivatives; Organosulfonic acids and derivatives; Organooxygen compounds; Sulfonyls; Organosulfonic acid esters; Carboxylic acids; Carbonyl compounds; Benzene and substituted derivatives; Benzenoids; Organic oxides; Hydrocarbon derivatives; Organic sulfonic acids and derivatives; Organic oxygen compounds; Chemical entities	223.064	635	10.589	857323762847296472	857316090130755715	857316090130755714	13332	
1	C11H23NO2	[M + H]+	C11H24NO2+	Fatty acids	0.901	Fatty amides	0.815	N-acyl amines	0.400	Organic acids and derivatives	0.995	Carboxylic acids and derivatives	0.990	Amino acids, peptides, and analogues	0.737	Amino acids and derivatives	0.735	Alpha amino acids and derivatives	0.595	Organic compounds; Lipids and lipid-like molecules; Amino acids, peptides, and analogues; Alpha amino acids and derivatives; Organic acids and derivatives; Carboxylic acids and derivatives; Organonitrogen compounds; Organooxygen compounds; Amino acids and derivatives; Carboxylic acid amides; Carboxylic acid derivatives; Monocarboxylic acids and derivatives; Carboxylic acids; Carbonyl compounds; Amines; Fatty Acyls; Organic oxides; Hydrocarbon derivatives; Organopnictogen compounds; Organic oxygen compounds; Organic nitrogen compounds; Chemical entities	202.180	635	10.589	857323731838806084	857316090172698759	857316090172698758	13423	
1	C13H22O2	[M + H]+	C13H23O2+	Fatty acids	0.741	Fatty Acids and Conjugates	0.403	Unsaturated fatty acids	0.426	Lipids and lipid-like molecules	0.639							Lipids and lipid-like molecules	0.639	Organic compounds; Lipids and lipid-like molecules; Organic acids and derivatives; Carboxylic acids and derivatives; Organooxygen compounds; Monocarboxylic acids and derivatives; Carboxylic acids; Carbonyl compounds; Organic oxides; Hydrocarbon derivatives; Organic oxygen compounds; Chemical entities	211.169	636	10.599	857323745428351191	857316090218836107	857316090218836106	13450	
1	C7H10	[M + H]+	C7H11+	Fatty acids	0.841	Fatty acyls	0.844	Hydrocarbons	0.237	Hydrocarbons	0.991	Unsaturated hydrocarbons	0.963	Olefins	0.604			Olefins	0.604	Organic compounds; Hydrocarbons; Olefins; Unsaturated hydrocarbons; Unsaturated aliphatic hydrocarbons; Chemical entities	95.086	636	10.607	857323731960440902	857316090264973455	857316090260779150	13462	
1	C11H22N3O2	[M + H]+	C11H23N3O2+	Alkaloids	0.708	Small peptides	0.191	Polyamines	0.058	Organoheterocyclic compounds	0.472	Azacyclic compounds	0.528					Azacyclic compounds	0.528	Organic compounds; Organonitrogen compounds; Organic oxides; Azacyclic compounds; Hydrocarbon derivatives; Organopnictogen compounds; Organic oxygen compounds; Organic nitrogen compounds; Chemical entities	229.180	636	10.608	857323766160796905	857316090311110803	857316090311110802	13487	
1	C13H18	[M + H]+	C13H19+	Terpenoids	0.995	Sesquiterpenoids	0.968	Caryophyllane sesquiterpenoids	0.346	Lipids and lipid-like molecules	0.789	Prenol lipids	0.772	Sesquiterpenoids	0.643			Sesquiterpenoids	0.643	Organic compounds; Lipids and lipid-like molecules; Prenol lipids; Sesquiterpenoids; Hydrocarbons; Olefins; Cyclic olefins; Polycyclic hydrocarbons; Unsaturated hydrocarbons; Unsaturated aliphatic hydrocarbons; Branched unsaturated hydrocarbons; Chemical entities	175.148	637	10.609	857323746468538589	857316090357248151	857316090357248150	13473	
1	C13H20O	[M + H]+	C13H21O+	Terpenoids	0.965	Sesquiterpenoids	0.720	Pinane monoterpenoids	0.071	Lipids and lipid-like molecules	0.643	Prenol lipids	0.631					Prenol lipids	0.631	Organic compounds; Lipids and lipid-like molecules; Ketones; Prenol lipids; Organooxygen compounds; Carbonyl compounds; Organic oxides; Hydrocarbon derivatives; Organic oxygen compounds; Chemical entities	193.159	637	10.610	857323751916939500	857316090457911451	857316090457911450	13468	
1	C13H28OSi	[M + H]+	C13H29OSi+	Terpenoids	0.646	Monoterpenoids	0.567	Halogenated fatty acids	0.527	Organic oxygen compounds	0.965	Organooxygen compounds	0.894					Organooxygen compounds	0.894	Organic compounds; Organooxygen compounds; Organic oxides; Hydrocarbon derivatives; Organic oxygen compounds; Chemical entities	229.199	637	10.611	857323746636310757	857316090512437407	857316090512437406	13460	
1	C13H25NO2	[M + H]+	C13H26NO2+	Fatty acids	0.712	Fatty Acids and Conjugates	0.333	Aminoacids	0.317	Organic acids and derivatives	0.877	Carboxylic acids and derivatives	0.888	Amino acids, peptides, and analogues	0.564	Amino acids and derivatives	0.564	Amino acids and derivatives	0.564	Organic compounds; Lipids and lipid-like molecules; Amino acids, peptides, and analogues; Organic acids and derivatives; Carboxylic acids and derivatives; Organonitrogen compounds; Organooxygen compounds; Amino acids and derivatives; Monocarboxylic acids and derivatives; Carboxylic acids; Carbonyl compounds; Amines; Fatty Acyls; Organic oxides; Hydrocarbon derivatives; Organopnictogen compounds; Organic oxygen compounds; Organic nitrogen compounds; Chemical entities	228.196	637	10.612	857323736603535546	857316090617295011	857316090617295010	13474	
2	C6H14Si	[M + C2H3N + H]+	C8H18NSi+	Fatty acids	0.870	Fatty acyls	0.843	Halogenated fatty acids	0.281	Hydrocarbon derivatives	0.999							Hydrocarbon derivatives	0.999	Organic compounds; Hydrocarbon derivatives; Chemical entities	156.120	641	10.680	857323748003653866	857316090684403879	857316090684403878	13535	
8	C6H18O3Si3	[M + H]+	C6H19O3Si3+	Fatty acids	0.561	Monoterpenoids	0.295	Halogenated fatty acids	0.238	Organometallic compounds	0.783	Organometalloid compounds	0.783					Organometalloid compounds	0.783	Organic compounds; Organometallic compounds; Organometalloid compounds; Organic oxides; Hydrocarbon derivatives; Organic oxygen compounds; Chemical entities	223.064	643	10.708	857323799249664360	857316090743124139	857316090743124138	13573	
1	C6H13NSi	[M + H]+	C6H14NSi+	Alkaloids	0.794	Fatty acyls	0.102	Phenylethylamines	0.043	Organic nitrogen compounds	0.972	Organonitrogen compounds	0.973	Amines	0.725			Amines	0.725	Organic compounds; Organonitrogen compounds; Amines; Hydrocarbon derivatives; Organopnictogen compounds; Organic nitrogen compounds; Chemical entities	128.089	645	10.754	857323820774832513	857316090793455791	857316090793455790	13660	
1	C7H13FO	[M + H]+	C7H14FO+	Fatty acids	0.539	Fatty Acids and Conjugates	0.084	Halogenated fatty acids	0.484	Benzenoids	0.869	Benzene and substituted derivatives	0.883	Halobenzenes	0.712	Fluorobenzenes	0.742	Fluorobenzenes	0.742	Organic compounds; Halobenzenes; Organohalogen compounds; Organooxygen compounds; Alkyl fluorides; Aryl fluorides; Fluorobenzenes; Organofluorides; Benzene and substituted derivatives; Benzenoids; Alkyl halides; Organic oxides; Hydrocarbon derivatives; Organic oxygen compounds; Chemical entities	133.104	647	10.791	857323768174062852	857316090843787443	857316090843787442	13693	
1	C16H24O4	[M + H]+	C16H25O4+	Terpenoids	0.890	Sesquiterpenoids	0.675	Macrolide lactones	0.089	Organic oxygen compounds	1.000	Organooxygen compounds	1.000	Carbonyl compounds	0.981	Ketones	0.802	Cyclohexenones	0.513	Organic compounds; Lipids and lipid-like molecules; Ketones; Prenol lipids; Organic acids and derivatives; Carboxylic acids and derivatives; Organooxygen compounds; Carboxylic acid derivatives; Monocarboxylic acids and derivatives; Carboxylic acid esters; Carbonyl compounds; Cyclic ketones; Organic oxides; Hydrocarbon derivatives; Cyclohexenones; Organic oxygen compounds; Chemical entities	281.175	649	10.825	857323803272001911	857316090889924791	857316090889924790	13727	
1	C4H9NSi	[M + H]+	C4H10NSi+	Fatty acids	0.820	Fatty acyls	0.651	Halogenated fatty acids	0.239	Organic nitrogen compounds	0.622	Organonitrogen compounds	0.621					Organonitrogen compounds	0.621	Organic compounds; Organonitrogen compounds; Hydrocarbon derivatives; Organic nitrogen compounds; Chemical entities	100.058	650	10.828	857323842543270276	857316090940256443	857316090940256442	13728	
1	C14H31NO	[M + H]+	C14H32NO+	Fatty acids	0.982	Spingolipids	0.768	Sphingoid bases	0.973	Organic nitrogen compounds	1.000	Organonitrogen compounds	1.000	Amines	0.997	Alkanolamines	0.928	1,2-aminoalcohols	0.897	Organic compounds; Alcohols and polyols; Organonitrogen compounds; Primary alcohols; Organooxygen compounds; 1,2-aminoalcohols; Dialkylamines; Amines; Secondary amines; Alkanolamines; Hydrocarbon derivatives; Organopnictogen compounds; Organic oxygen compounds; Organic nitrogen compounds; Chemical entities	230.248	650	10.832	857323936021723530	857316090982199487	857316090982199486	13621	
1	C12H27N	[M + H]+	C12H28N+	Alkaloids	0.970	Ornithine alkaloids	0.507	Polyamines	0.825	Organic nitrogen compounds	1.000	Organonitrogen compounds	1.000	Amines	0.991	Secondary amines	0.610	Dialkylamines	0.626	Organic compounds; Organonitrogen compounds; Monoalkylamines; Dialkylamines; Amines; Primary amines; Secondary amines; Hydrocarbon derivatives; Organic nitrogen compounds; Chemical entities	186.222	653	10.880	857323880858237321	857316091028336835	857316091028336834	13792	
1	C12H25NO2	[M + H]+	C12H26NO2+	Fatty acids	0.917	Fatty esters	0.254	Wax monoesters	0.161	Organic acids and derivatives	0.999	Carboxylic acids and derivatives	0.997	Carboxylic acid derivatives	0.991	Carboxylic acid amides	0.901	Secondary carboxylic acid amides	0.741	Organic compounds; Organic acids and derivatives; Carboxylic acids and derivatives; Organonitrogen compounds; Organooxygen compounds; Carboxylic acid amides; Carboxylic acid derivatives; Monocarboxylic acids and derivatives; Carboxylic acid esters; Secondary carboxylic acid amides; Carbonyl compounds; Acetamides; Organic oxides; Hydrocarbon derivatives; Organopnictogen compounds; Organic oxygen compounds; Organic nitrogen compounds; Chemical entities	216.196	653	10.881	857323862441048455	857316091082862791	857316091082862790	13848	
1	C20H43NO4	[M + H]+	C20H44NO4+	Fatty acids	0.846	Spingolipids	0.100	Sphingoid bases	0.446	Organic nitrogen compounds	1.000	Organonitrogen compounds	1.000	Amines	0.999	Alkanolamines	0.896	1,2-aminoalcohols	0.880	Organic compounds; Alcohols and polyols; Ethers; Organonitrogen compounds; Primary alcohols; Organooxygen compounds; Dialkyl ethers; 1,2-aminoalcohols; Trialkylamines; Amines; Tertiary amines; Alkanolamines; Hydrocarbon derivatives; Organopnictogen compounds; Organic oxygen compounds; Organic nitrogen compounds; Chemical entities	362.326	656	10.936	857324067857090503	857316091124805835	857316091124805834	13857	
1	C16H35NO3	[M + H]+	C16H36NO3+	Fatty acids	0.965	Spingolipids	0.655	Sphingoid bases	0.958	Organic nitrogen compounds	1.000	Organonitrogen compounds	1.000	Amines	0.999	Alkanolamines	0.991	1,2-aminoalcohols	0.991	Organic compounds; Alcohols and polyols; Organonitrogen compounds; Primary alcohols; Organooxygen compounds; 1,2-aminoalcohols; Trialkylamines; Amines; Tertiary amines; Alkanolamines; Hydrocarbon derivatives; Organopnictogen compounds; Organic oxygen compounds; Organic nitrogen compounds; Chemical entities	290.269	657	10.950	857324099796715480	857316091170943183	857316091170943182	13882	
1	C14H29NO3	[M + H]+	C14H30NO3+	Fatty acids	0.992	Fatty amides	0.993	N-acyl ethanolamines (endocannabinoids)	0.973	Lipids and lipid-like molecules	0.961	Fatty Acyls	0.969	Fatty amides	0.966	N-acyl amines	0.979	N-acyl amines	0.979	Organic compounds; Lipids and lipid-like molecules; Alcohols and polyols; Organic acids and derivatives; Carboxylic acids and derivatives; Organonitrogen compounds; Primary alcohols; Organooxygen compounds; Fatty amides; Carboxylic acid amides; Carboxylic acid derivatives; N-acyl amines; Tertiary carboxylic acid amides; Carbonyl compounds; Amines; Alkanolamines; Fatty Acyls; Organic oxides; Hydrocarbon derivatives; Organopnictogen compounds; Organic oxygen compounds; Organic nitrogen compounds; Chemical entities	260.222	658	10.974	857324096386746323	857316091217080531	857316091212886226	13913	
1	C14H25NO2	[M + H]+	C14H26NO2+	Fatty acids	0.627	Fatty amides	0.225	Pyrrolidine alkaloids	0.173	Organic acids and derivatives	0.974	Carboxylic acids and derivatives	0.956	Carboxylic acid derivatives	0.807	Carboxylic acid esters	0.535	Carboxylic acid esters	0.535	Organic compounds; Organic acids and derivatives; Carboxylic acids and derivatives; Organonitrogen compounds; Organooxygen compounds; Carboxylic acid amides; Carboxylic acid derivatives; Monocarboxylic acids and derivatives; Carboxylic acid esters; Carbonyl compounds; Organic oxides; Hydrocarbon derivatives; Organopnictogen compounds; Organic oxygen compounds; Organic nitrogen compounds; Chemical entities	240.196	659	10.985	857324112761310022	857316091263217879	857316091263217878	13916	
6	C12H27OP	[M + H]+	C12H28OP+	Fatty acids	0.474	Fatty acyls	0.095	Hydrocarbons	0.003	Organophosphorus compounds	0.995	Organic phosphines and derivatives	0.731	Organophosphine oxides	0.936			Organophosphine oxides	0.936	Organic compounds; Organophosphorus compounds; Organic phosphines and derivatives; Organophosphine oxides; Organic oxides; Hydrocarbon derivatives; Organopnictogen compounds; Organic oxygen compounds; Chemical entities	219.187	665	11.081	857324117148552018	857316091305160923	857316091305160922	14025	
1	C13H29N	[M + H]+	C13H30N+	Alkaloids	0.920	Ornithine alkaloids	0.144	Polyamines	0.305	Organic nitrogen compounds	1.000	Organonitrogen compounds	1.000	Amines	0.996	Primary amines	0.972	Monoalkylamines	0.955	Organic compounds; Organonitrogen compounds; Monoalkylamines; Amines; Primary amines; Hydrocarbon derivatives; Organopnictogen compounds; Organic nitrogen compounds; Chemical entities	200.237	666	11.103	857324123892993244	857316091351298271	857316091351298270	14072	
1	C16H33NO3	[M + H]+	C16H34NO3+	Fatty acids	0.997	Fatty amides	0.983	N-acyl amines	0.676	Organic acids and derivatives	0.990	Carboxylic acids and derivatives	0.986	Amino acids, peptides, and analogues	0.698	Amino acids and derivatives	0.697	Alpha amino acids and derivatives	0.650	Organic compounds; Lipids and lipid-like molecules; Amino acids, peptides, and analogues; Alpha amino acids and derivatives; Alcohols and polyols; Organic acids and derivatives; Carboxylic acids and derivatives; Organonitrogen compounds; Organooxygen compounds; Fatty amides; Amino acids and derivatives; Carboxylic acid amides; Carboxylic acid derivatives; N-acyl amines; Monocarboxylic acids and derivatives; Carboxylic acids; Carbonyl compounds; Fatty Acyls; Organic oxides; Hydrocarbon derivatives; Organopnictogen compounds; Organic oxygen compounds; Organic nitrogen compounds; Chemical entities	288.253	666	11.108	857324170458159554	857316091443572967	857316091443572966	14130	
1	C11H10N4O4	[M + H]+	C11H11N4O4+	Alkaloids	0.899	Histidine alkaloids	0.120	Imidazole alkaloids	0.120	Benzenoids	0.994	Benzene and substituted derivatives	0.892	Nitrobenzenes	0.928			Nitrobenzenes	0.928	Organic compounds; Organoheterocyclic compounds; Nitrobenzenes; Imidazoles; Organonitrogen compounds; Azoles; Organic nitro compounds; Organic oxoazanium compounds; Benzene and substituted derivatives; Substituted imidazoles; Benzenoids; Organic zwitterions; Organic 1,3-dipolar compounds; Allyl-type 1,3-dipolar organic compounds; Propargyl-type 1,3-dipolar organic compounds; Organic salts; Organic oxides; C-nitro compounds; Azacyclic compounds; Heteroaromatic compounds; Hydrocarbon derivatives; Organopnictogen compounds; Organic oxygen compounds; Nitroaromatic compounds; Organic nitrogen compounds; Chemical entities	263.077	668	11.127	857324199751189630	857316091489710315	857316091489710314	14125	
1	C14H10O	[M + H]+	C14H11O+	Polyketides	0.589	Polycyclic aromatic polyketides	0.540	Anthraquinones and anthrones	0.784	Organic oxygen compounds	0.998	Organooxygen compounds	0.996	Carbonyl compounds	0.963	Ketones	0.664	Aryl ketones	0.620	Organic compounds; Ketones; Organooxygen compounds; Carbonyl compounds; Benzenoids; Aryl-aldehydes; Aryl ketones; Organic oxides; Hydrocarbon derivatives; Organic oxygen compounds; Chemical entities	195.081	676	11.268	857324197658228480	857316091540041967	857316091540041966	14268	
19	C20H13N5	[M + Na]+	C20H13N5Na+	Alkaloids	0.953	Tryptophan alkaloids	0.151	Carboline alkaloids	0.036	Benzenoids	0.936	Benzene and substituted derivatives	0.521					Benzene and substituted derivatives	0.521	Organic compounds; Organoheterocyclic compounds; Pyridines and derivatives; Organonitrogen compounds; Azoles; Diazines; Benzene and substituted derivatives; Benzenoids; Azacyclic compounds; Heteroaromatic compounds; Hydrocarbon derivatives; Organopnictogen compounds; Organic nitrogen compounds; Chemical entities	346.107	676	11.272	857324219384734415	857316091586179315	857316091586179314	14274	
1	C9H10O	[M + H]+	C9H11O+	Shikimates and Phenylpropanoids	0.906	Phenylpropanoids (C6-C3)	0.969	Cinnamic acids and derivatives	0.962	Benzenoids	0.948	Phenols	0.552	1-hydroxy-2-unsubstituted benzenoids	0.503			1-hydroxy-2-unsubstituted benzenoids	0.503	Organic compounds; Phenols; Organooxygen compounds; Benzene and substituted derivatives; Benzenoids; Hydrocarbon derivatives; Organic oxygen compounds; 1-hydroxy-2-unsubstituted benzenoids; Chemical entities	135.081	677	11.288	857324226313724710	857316091682648315	857316091678454010	14287	
1	C11H20O	[M + H]+	C11H21O+	Fatty acids	0.979	Fatty acyls	0.975	Fatty alcohols	0.749	Lipids and lipid-like molecules	0.467	Fatty Acyls	0.378	Fatty alcohols	0.505			Fatty alcohols	0.505	Organic compounds; Ketones; Organooxygen compounds; Fatty alcohols; Carbonyl compounds; Organic oxides; Hydrocarbon derivatives; Organic oxygen compounds; Chemical entities	169.159	678	11.298	857324219502174929	857316091749757183	857316091749757182	14308	
1	C7H8	[M + H]+	C7H9+	Terpenoids	0.820	Monoterpenoids	0.385	Monocyclic monoterpenoids	0.128	Benzenoids	0.547							Benzenoids	0.547	Organic compounds; Benzenoids; Hydrocarbons; Olefins; Cyclic olefins; Unsaturated hydrocarbons; Unsaturated aliphatic hydrocarbons; Aromatic hydrocarbons; Branched unsaturated hydrocarbons; Chemical entities	93.070	678	11.299	857324223268659990	857316091795894531	857316091795894530	14318	
1	C14H31N	[M + H]+	C14H32N+	Alkaloids	0.880	Pseudoalkaloids (transamidation)	0.115	Polyamines	0.230	Organic nitrogen compounds	1.000	Organonitrogen compounds	1.000	Amines	0.996	Primary amines	0.978	Monoalkylamines	0.964	Organic compounds; Organonitrogen compounds; Monoalkylamines; Amines; Primary amines; Hydrocarbon derivatives; Organopnictogen compounds; Organic nitrogen compounds; Chemical entities	214.253	678	11.299	857324221037290244	857316091846226183	857316091842031878	14303	
3	C12H13FN2O3	[M + K]+	C12H13FKN2O3+	Alkaloids	0.853	Anthranilic acid alkaloids	0.422	Benzodiazepine alkaloids	0.319	Organohalogen compounds	1.000	Aryl halides	0.982	Aryl fluorides	0.988			Aryl fluorides	0.988	Organic compounds; Organoheterocyclic compounds; Organic acids and derivatives; Carboxylic acids and derivatives; Organohalogen compounds; Organonitrogen compounds; Organooxygen compounds; Carboxylic acid amides; Aryl fluorides; Carboxylic acid derivatives; Organofluorides; Benzenoids; Aryl halides; Organic oxides; Azacyclic compounds; Heteroaromatic compounds; Hydrocarbon derivatives; Organopnictogen compounds; Organic oxygen compounds; Organic nitrogen compounds; Chemical entities	291.055	679	11.319	857324249478865822	857316091892363531	857316091888169226	14294	
1	C19H36O3S	[M + H]+	C19H37O3S+	Fatty acids	0.656	Fatty acyls	0.113	Fatty alcohols	0.218	Organosulfur compounds	0.995	Sulfonyls	0.890	Sulfones	0.906			Sulfones	0.906	Organic compounds; Organosulfur compounds; Alcohols and polyols; Organooxygen compounds; Sulfones; Sulfonyls; Organic oxides; Hydrocarbon derivatives; Organic oxygen compounds; Chemical entities	345.246	681	11.345	857324307284763691	857316091942695183	857316091942695182	14363	
2	C20H32O6	[M + H3N + H]+	C20H36NO6+	Terpenoids	0.447	Sesquiterpenoids	0.268	Open-chain polyketides	0.249	Lipids and lipid-like molecules	0.852	Fatty Acyls	0.759	Fatty acid esters	0.590			Fatty acid esters	0.590	Organic compounds; Lipids and lipid-like molecules; Alcohols and polyols; Organic acids and derivatives; Carboxylic acids and derivatives; Organooxygen compounds; Fatty acid esters; Carboxylic acid derivatives; Carboxylic acid esters; Secondary alcohols; Carbonyl compounds; Fatty Acyls; Organic oxides; Hydrocarbon derivatives; Organic oxygen compounds; Chemical entities	386.254	682	11.373	857324233288852312	857316091984638227	857316091984638226	14399	
3	C23H35N5O2	[M + H]+	C23H36N5O2+	Alkaloids	0.681	Pseudoalkaloids (transamidation)	0.149	Purine alkaloids	0.065	Benzenoids	0.902	Phenol ethers	0.560					Phenol ethers	0.560	Organic compounds; Organoheterocyclic compounds; Pyrimidines and pyrimidine derivatives; Alkyl aryl ethers; Ethers; Organonitrogen compounds; Organooxygen compounds; Aminopyrimidines and derivatives; Diazines; Trialkylamines; Benzene and substituted derivatives; Phenol ethers; Benzenoids; Amines; Tertiary amines; Tertiary alkylarylamines; Imidolactams; Dialkylarylamines; Azacyclic compounds; Heteroaromatic compounds; Hydrocarbon derivatives; Organopnictogen compounds; Organic oxygen compounds; Organic nitrogen compounds; Chemical entities	414.285	682	11.374	857324228503151430	857316092026581271	857316092022386966	14401	
1	C15H14OS	[M + H]+	C15H15OS+	Shikimates and Phenylpropanoids	0.359	Flavonoids	0.106	Chalcones	0.118	Organosulfur compounds	0.924	Thioethers	0.842	Aryl thioethers	0.823	Diarylthioethers	0.790	Diarylthioethers	0.790	Organic compounds; Organosulfur compounds; Alcohols and polyols; Organooxygen compounds; Thioethers; Benzene and substituted derivatives; Benzenoids; Diarylthioethers; Hydrocarbon derivatives; Organic oxygen compounds; Aryl thioethers; Chemical entities	243.084	683	11.387	857324248203797394	857316092068524315	857316092068524314	14419	
2	C16H10N2O2	[M + H]+	C16H11N2O2+	Alkaloids	0.846	Tryptophan alkaloids	0.348	Naphthoquinones	0.053	Organoheterocyclic compounds	0.932	Indoles and derivatives	0.764					Indoles and derivatives	0.764	Organic compounds; Organoheterocyclic compounds; Ketones; Indoles and derivatives; Organic acids and derivatives; Organonitrogen compounds; Organooxygen compounds; Enamines; Carbonyl compounds; Benzenoids; Amines; Aryl ketones; Vinylogous amides; Organic oxides; Azacyclic compounds; Hydrocarbon derivatives; Organopnictogen compounds; Organic oxygen compounds; Organic nitrogen compounds; Chemical entities	263.082	688	11.473	857324352834905183	857316092110467359	857316092110467358	14572	
1	C14H31NO	[M + H]+	C14H32NO+	Fatty acids	0.735	Spingolipids	0.101	Sphingoid bases	0.324	Organic nitrogen compounds	1.000	Organonitrogen compounds	1.000	Aminoxides	0.996	Long-chain alkyl amine oxides	0.993	Long-chain alkyl amine oxides	0.993	Organic compounds; Organonitrogen compounds; Amine oxides and derivatives; Amines; Trisubstituted amine oxides and derivatives; Organic cations; Organic salts; Organic oxides; Aminoxides; Hydrocarbon derivatives; Long-chain alkyl amine oxides; Trialkyl amine oxides; Organopnictogen compounds; Organic oxygen compounds; Organic nitrogen compounds; Chemical entities	230.248	690	11.493	857324226099815204	857316092156604707	857316092156604706	14591	
2	C12H18	[M + CH2O2 + H]+	C13H21O2+	Terpenoids	0.996	Sesquiterpenoids	0.924	Caryophyllane sesquiterpenoids	0.325	Lipids and lipid-like molecules	0.799	Prenol lipids	0.767					Prenol lipids	0.767	Organic compounds; Lipids and lipid-like molecules; Prenol lipids; Hydrocarbons; Olefins; Cyclic olefins; Polycyclic hydrocarbons; Unsaturated hydrocarbons; Unsaturated aliphatic hydrocarbons; Branched unsaturated hydrocarbons; Chemical entities	209.154	695	11.585	857324235197260642	857316092202742055	857316092202742054	14709	
1	C19H34O3S	[M + H]+	C19H35O3S+	Fatty acids	0.652	Fatty acyls	0.116	Fatty alcohols	0.157	Organosulfur compounds	0.995	Sulfonyls	0.687	Sulfones	0.691			Sulfones	0.691	Organic compounds; Organosulfur compounds; Organooxygen compounds; Sulfoxides; Sulfones; Sulfonyls; Organic oxides; Hydrocarbon derivatives; Organic oxygen compounds; Chemical entities	343.230	697	11.612	857324313714631739	857316092248879403	857316092248879402	14717	
1	C7H8	[M + H]+	C7H9+	Terpenoids	0.774	Monoterpenoids	0.310	Monocyclic monoterpenoids	0.098	Benzenoids	0.638							Benzenoids	0.638	Organic compounds; Benzenoids; Hydrocarbons; Olefins; Cyclic olefins; Unsaturated hydrocarbons; Aromatic hydrocarbons; Branched unsaturated hydrocarbons; Chemical entities	93.070	698	11.639	857324296530568200	857316092290822447	857316092290822446	14775	
2	C11H22O3	[M - H2O + H]+	C11H21O2+	Fatty acids	0.997	Fatty Acids and Conjugates	0.923	Hydroxy fatty acids	0.992	Organic acids and derivatives	0.748	Hydroxy acids and derivatives	0.538	Medium-chain hydroxy acids and derivatives	0.500			Medium-chain hydroxy acids and derivatives	0.500	Organic compounds; Lipids and lipid-like molecules; Alcohols and polyols; Fatty acids and conjugates; Organic acids and derivatives; Carboxylic acids and derivatives; Primary alcohols; Medium-chain hydroxy acids and derivatives; Organooxygen compounds; Hydroxy fatty acids; Hydroxy acids and derivatives; Monocarboxylic acids and derivatives; Carboxylic acids; Secondary alcohols; Carbonyl compounds; Fatty Acyls; Organic oxides; Hydrocarbon derivatives; Organic oxygen compounds; Chemical entities	185.154	702	11.700	857324229056799568	857316092332765491	857316092332765490	14861	
1	C16H33NO2	[M + H]+	C16H34NO2+	Fatty acids	0.520	Small peptides	0.454	Aminoacids	0.525	Organic acids and derivatives	1.000	Carboxylic acids and derivatives	0.999	Amino acids, peptides, and analogues	0.994	Amino acids and derivatives	0.994	Alpha amino acid esters	0.593	Organic compounds; Amino acids, peptides, and analogues; Alpha amino acids and derivatives; Organic acids and derivatives; Carboxylic acids and derivatives; Organonitrogen compounds; Organooxygen compounds; Amino acids and derivatives; Alpha amino acid esters; Carboxylic acid derivatives; Monocarboxylic acids and derivatives; Carboxylic acids; Carbonyl compounds; Trialkylamines; Alpha amino acids; Amines; Organic oxides; Hydrocarbon derivatives; Organopnictogen compounds; Organic oxygen compounds; Organic nitrogen compounds; Chemical entities	272.259	709	11.816	857324250590356402	857316092383097143	857316092378902838	15066	
1	C15H20N2O3	[M + H]+	C15H21N2O3+	Alkaloids	0.472	Linear polyketides	0.073	Open-chain polyketides	0.058	Benzenoids	0.941	Benzene and substituted derivatives	0.865	Phenylpropanes	0.704			Phenylpropanes	0.704	Organic compounds; Organoheterocyclic compounds; Organonitrogen compounds; Organooxygen compounds; Carbonyl compounds; Benzene and substituted derivatives; Benzenoids; Phenylpropanes; Organic oxides; Azacyclic compounds; Hydrocarbon derivatives; Organopnictogen compounds; Organic oxygen compounds; Organic nitrogen compounds; Chemical entities	277.155	711	11.852	857324298183123980	857316092420845883	857316092420845882	15098	
1	C15H22OS	[M + H]+	C15H23OS+	Terpenoids	0.746	Sesquiterpenoids	0.466	Bisabolane sesquiterpenoids	0.184	Benzenoids	0.943	Benzene and substituted derivatives	0.876	Phenylpropanes	0.516			Phenylpropanes	0.516	Organic compounds; Organosulfur compounds; Organooxygen compounds; Thioethers; Benzene and substituted derivatives; Benzenoids; Phenylpropanes; Sulfenyl compounds; Dialkylthioethers; Hydrocarbon derivatives; Organic oxygen compounds; Chemical entities	251.147	717	11.950	857324249705358248	857316092479566143	857316092475371838	15209	
1	C16H28O2	[M + H]+	C16H29O2+	Fatty acids	0.995	Fatty Acids and Conjugates	0.517	Unsaturated fatty acids	0.441	Lipids and lipid-like molecules	0.879	Fatty Acyls	0.919	Fatty acids and conjugates	0.426	Unsaturated fatty acids	0.514	Unsaturated fatty acids	0.514	Organic compounds; Lipids and lipid-like molecules; Organic acids and derivatives; Carboxylic acids and derivatives; Organooxygen compounds; Unsaturated fatty acids; Monocarboxylic acids and derivatives; Carboxylic acid esters; Carbonyl compounds; Fatty Acyls; Organic oxides; Hydrocarbon derivatives; Organic oxygen compounds; Chemical entities	253.216	726	12.103	857324245141955444	857316092571840839	857316092571840838	15364	
1	C17H26O5	[M + H]+	C17H27O5+	Polyketides	0.496	Macrolides	0.351	Macrolide lactones	0.748	Lipids and lipid-like molecules	0.649	Fatty Acyls	0.664	Fatty acid esters	0.648			Fatty acid esters	0.648	Organic compounds; Lipids and lipid-like molecules; Organic acids and derivatives; Carboxylic acids and derivatives; Organooxygen compounds; Fatty acid esters; Dicarboxylic acids and derivatives; Carboxylic acid derivatives; Carboxylic acid esters; Carbonyl compounds; Fatty Acyls; Organic oxides; Hydrocarbon derivatives; Organic oxygen compounds; Chemical entities	311.185	736	12.262	857324260623131573	857316092655726927	857316092655726926	15630	
3	C15H14N2O2	[M + Na]+	C15H14N2NaO2+	Alkaloids	0.915	Tryptophan alkaloids	0.335	Carboline alkaloids	0.190	Benzenoids	0.972							Benzenoids	0.972	Organic compounds; Organoheterocyclic compounds; Organic acids and derivatives; Carboxylic acids and derivatives; Organonitrogen compounds; Organooxygen compounds; Carbonyl compounds; Benzenoids; Organic oxides; Azacyclic compounds; Heteroaromatic compounds; Hydrocarbon derivatives; Organopnictogen compounds; Organic oxygen compounds; Organic nitrogen compounds; Chemical entities	277.093	736	12.264	857324323747406930	857316092701864275	857316092697669970	15612	
1	C13H10O	[M + H]+	C13H11O+	Shikimates and Phenylpropanoids	0.948	Flavonoids	0.931	Chalcones	0.958	Benzenoids	0.999	Benzene and substituted derivatives	0.993	Benzophenones	0.891			Benzophenones	0.891	Organic compounds; Ketones; Benzophenones; Benzoyl derivatives; Organooxygen compounds; Diphenylmethanes; Carbonyl compounds; Benzene and substituted derivatives; Benzenoids; Aryl ketones; Organic oxides; Hydrocarbon derivatives; Phenylketones; Aryl-phenylketones; Organic oxygen compounds; Chemical entities	183.081	739	12.319	857324261747205055	857316092748001623	857316092743807318	15670	
1	C12H22O	[M + H]+	C12H23O+	Fatty acids	0.971	Fatty acyls	0.969	Fatty alcohols	0.703	Organic oxygen compounds	0.987	Organooxygen compounds	0.964	Carbonyl compounds	0.688	Ketones	0.512	Ketones	0.512	Organic compounds; Ketones; Organooxygen compounds; Carbonyl compounds; Organic oxides; Hydrocarbon derivatives; Organic oxygen compounds; Chemical entities	183.174	741	12.355	857324229451064147	857316092789944667	857316092789944666	15705	
5	C31H44N4O	[M + H]+	C31H45N4O+	Alkaloids	0.927	Tryptophan alkaloids	0.277	Steroidal alkaloids	0.148	Organic acids and derivatives	0.903	Carboxylic acids and derivatives	0.722	Amino acids, peptides, and analogues	0.511	Amino acids and derivatives	0.511	Amino acids and derivatives	0.511	Organic compounds; Organoheterocyclic compounds; Lipids and lipid-like molecules; Amino acids, peptides, and analogues; Organic acids and derivatives; Carboxylic acids and derivatives; Organonitrogen compounds; Organooxygen compounds; Amino acids and derivatives; Carboxylic acid amides; Carboxylic acid derivatives; Carbonyl compounds; Trialkylamines; Amines; Tertiary amines; Aralkylamines; Organic oxides; Azacyclic compounds; Heteroaromatic compounds; Hydrocarbon derivatives; Organopnictogen compounds; Organic oxygen compounds; Organic nitrogen compounds; Chemical entities	489.357	746	12.427	857324226800263998	857316092836082015	857316092836082014	15833	
1	C13H10N2S	[M + H]+	C13H11N2S+	Alkaloids	0.560	Anthranilic acid alkaloids	0.024	Pyridine alkaloids	0.022	Organoheterocyclic compounds	0.992	Benzothiazoles	0.871					Benzothiazoles	0.871	Organic compounds; Organoheterocyclic compounds; Organosulfur compounds; Thiazoles; Organonitrogen compounds; Benzothiazoles; Azoles; Benzene and substituted derivatives; Benzenoids; Azacyclic compounds; Heteroaromatic compounds; Hydrocarbon derivatives; Organopnictogen compounds; Organic nitrogen compounds; Chemical entities	227.064	748	12.464	857324245808849786	857316092878025059	857316092878025058	15868	
1	C13H20O2	[M + H]+	C13H21O2+	Terpenoids	0.760	Sesquiterpenoids	0.248	Simple cyclic polyketides	0.326	Organic oxygen compounds	1.000	Organooxygen compounds	0.999	Carbonyl compounds	0.913	Ketones	0.866	Cyclic ketones	0.728	Organic compounds; Ketones; Organooxygen compounds; Carbonyl compounds; Cyclic ketones; Organic oxides; Hydrocarbon derivatives; Organic oxygen compounds; Chemical entities	209.154	750	12.499	857324294219506686	857316092919968103	857316092919968102	15881	
2	C10H18O6	[M + Na]+	C10H18NaO6+	Polyketides	0.603	Cyclic polyketides	0.418	Iridoids monoterpenoids	0.307	Lipids and lipid-like molecules	0.509							Lipids and lipid-like molecules	0.509	Organic compounds; Lipids and lipid-like molecules; Alcohols and polyols; Ethers; Organic acids and derivatives; Organooxygen compounds; Carbonyl compounds; Organic oxides; Hydrocarbon derivatives; Organic oxygen compounds; Chemical entities	257.100	752	12.540	857324360833442922	857316092966105451	857316092966105450	15973	
1	C15H33N	[M + H]+	C15H34N+	Fatty acids	0.829	Pseudoalkaloids (transamidation)	0.206	Acetate-derived alkaloids	0.381	Organic nitrogen compounds	1.000	Organonitrogen compounds	1.000	Amines	0.990	Primary amines	0.950	Monoalkylamines	0.930	Organic compounds; Organonitrogen compounds; Monoalkylamines; Amines; Primary amines; Hydrocarbon derivatives; Organopnictogen compounds; Organic nitrogen compounds; Chemical entities	228.269	757	12.609	857324292017497085	857316093008048495	857316093008048494	15937	
1	C15H29NO2	[M + H]+	C15H30NO2+	Fatty acids	0.809	Fatty amides	0.335	N-acyl ethanolamines (endocannabinoids)	0.125	Organic acids and derivatives	0.861	Carboxylic acids and derivatives	0.826	Carboxylic acid derivatives	0.531			Carboxylic acid derivatives	0.531	Organic compounds; Organic acids and derivatives; Carboxylic acids and derivatives; Organonitrogen compounds; Organooxygen compounds; Carboxylic acid derivatives; Monocarboxylic acids and derivatives; Carbonyl compounds; Organic oxides; Hydrocarbon derivatives; Organopnictogen compounds; Organic oxygen compounds; Organic nitrogen compounds; Chemical entities	256.227	760	12.660	857324238015832944	857316093054185843	857316093054185842	16086	
1	C14H29NO3	[M + H]+	C14H30NO3+	Fatty acids	0.379	Small peptides	0.349	Aminoacids	0.433	Organic acids and derivatives	0.989	Carboxylic acids and derivatives	0.985	Amino acids, peptides, and analogues	0.921	Amino acids and derivatives	0.921	Alpha amino acids	0.606	Organic compounds; Amino acids, peptides, and analogues; Alpha amino acids and derivatives; Ethers; Organic acids and derivatives; Carboxylic acids and derivatives; Organonitrogen compounds; Primary alcohols; Organooxygen compounds; Amino acids and derivatives; Monocarboxylic acids and derivatives; Dialkyl ethers; Carboxylic acids; Carbonyl compounds; Trialkylamines; Alpha amino acids; Amines; Tertiary amines; Organic oxides; Hydrocarbon derivatives; Amino acids; Organopnictogen compounds; Organic oxygen compounds; Organic nitrogen compounds; Chemical entities	260.222	760	12.666	857324246664487820	857316093096128887	857316093096128886	16094	
1	C13H25NO5	[M + H]+	C13H26NO5+	Amino acids and Peptides	0.686	Linear polyketides	0.188	Open-chain polyketides	0.081	Organic acids and derivatives	1.000	Carboxylic acids and derivatives	0.998	Amino acids, peptides, and analogues	0.589	Amino acids and derivatives	0.591	Alpha amino acids and derivatives	0.540	Organic compounds; Lipids and lipid-like molecules; Amino acids, peptides, and analogues; Alpha amino acids and derivatives; Organic acids and derivatives; Carboxylic acids and derivatives; Organonitrogen compounds; Organooxygen compounds; Fatty amides; Branched fatty acids; Dicarboxylic acids and derivatives; Amino acids and derivatives; Carboxylic acid amides; Carboxylic acid derivatives; Carboxylic acids; Carboxylic acid esters; Secondary carboxylic acid amides; Carbonyl compounds; Methyl esters; Fatty Acyls; Organic oxides; Hydrocarbon derivatives; Organopnictogen compounds; Organic oxygen compounds; Organic nitrogen compounds; Chemical entities	276.179	765	12.752	857324285948339176	857316093180014975	857316093180014974	16328	
1	C10H15NO2	[M + H]+	C10H16NO2+	Amino acids and Peptides	0.193	Fatty amides	0.041	Primary amides	0.026	Organoheterocyclic compounds	0.994	Pyrrolidines	0.964	Pyrrolidones	0.969	Maleimides	0.990	Maleimides	0.990	Organic compounds; Organoheterocyclic compounds; Pyrrolines; Pyrrolidines; Organic acids and derivatives; Carboxylic acids and derivatives; Organonitrogen compounds; Organooxygen compounds; Carboxylic acid derivatives; Pyrrolidones; Carboxylic acid imides; N-substituted carboxylic acid imides; Carbonyl compounds; Dicarboximides; Maleimides; Organic oxides; Azacyclic compounds; Hydrocarbon derivatives; Organopnictogen compounds; Organic oxygen compounds; Organic nitrogen compounds; Chemical entities	182.118	765	12.754	857324272132301790	857316093221958019	857316093221958018	16324	
1	C16H35N	[M + H]+	C16H36N+	Alkaloids	0.840	Pseudoalkaloids (transamidation)	0.133	Polyamines	0.211	Organic nitrogen compounds	1.000	Organonitrogen compounds	1.000	Amines	0.997	Primary amines	0.978	Monoalkylamines	0.963	Organic compounds; Organonitrogen compounds; Monoalkylamines; Amines; Primary amines; Hydrocarbon derivatives; Organopnictogen compounds; Organic nitrogen compounds; Chemical entities	242.284	768	12.798	857324226607326009	857316093263901063	857316093263901062	16398	
4	C24H39NO6	[M + Na]+	C24H39NNaO6+	Amino acids and Peptides	0.662	Macrolides	0.597	Open-chain polyketides	0.471	Lipids and lipid-like molecules	0.754	Fatty Acyls	0.576					Fatty Acyls	0.576	Organic compounds; Organoheterocyclic compounds; Lipids and lipid-like molecules; Alcohols and polyols; Organic acids and derivatives; Carboxylic acids and derivatives; Organonitrogen compounds; Organooxygen compounds; Carboxylic acid derivatives; Carboxylic acid esters; Secondary alcohols; Carbonyl compounds; Amines; Fatty Acyls; Organic oxides; Oxacyclic compounds; Hydrocarbon derivatives; Organopnictogen compounds; Organic oxygen compounds; Organic nitrogen compounds; Chemical entities	460.269	772	12.867	857324316285740105	857316093310038411	857316093310038410	16484	
1	C24H30O6	[M + H3N + H]+	C24H34NO6+	Shikimates and Phenylpropanoids	0.356	Lignans	0.458	Dibenzylbutane lignans	0.046	Benzenoids	0.828							Benzenoids	0.828	Organic compounds; Organoheterocyclic compounds; Alcohols and polyols; Ethers; Organic acids and derivatives; Organooxygen compounds; Dialkyl ethers; Benzenoids; Organic oxides; Oxacyclic compounds; Hydrocarbon derivatives; Organic oxygen compounds; Chemical entities	432.238	772	12.867	857324299911177238	857316093356175759	857316093356175758	16485	
2	C24H30O6	[M + H]+	C24H31O6+	Shikimates and Phenylpropanoids	0.894	Lignans	0.965	Neolignans	0.647	Lignans, neolignans and related compounds	0.508							Lignans, neolignans and related compounds	0.508	Organic compounds; Alkyl aryl ethers; Anisoles; Ethers; Organooxygen compounds; Dialkyl ethers; Lignans, neolignans and related compounds; Benzene and substituted derivatives; Phenol ethers; Benzenoids; Phenylpropanes; Oxacyclic compounds; Hydrocarbon derivatives; Organic oxygen compounds; Phenoxy compounds; Chemical entities	415.211	772	12.870	857324286887863284	857316093402313107	857316093398118802	16486	
1	C12H14N2O2	[M + H]+	C12H15N2O2+	Alkaloids	0.976	Tryptophan alkaloids	0.339	Terpenoid alkaloids	0.015	Organic 1,3-dipolar compounds	0.988	Allyl-type 1,3-dipolar organic compounds	0.980	Organic nitro compounds	0.975	C-nitro compounds	0.972	Nitroaromatic compounds	0.945	Organic compounds; Organoheterocyclic compounds; Organonitrogen compounds; Organic nitro compounds; Organic oxoazanium compounds; Benzenoids; Organic 1,3-dipolar compounds; Allyl-type 1,3-dipolar organic compounds; Propargyl-type 1,3-dipolar organic compounds; Organic oxides; C-nitro compounds; Azacyclic compounds; Hydrocarbon derivatives; Organopnictogen compounds; Organic oxygen compounds; Nitroaromatic compounds; Organic nitrogen compounds; Chemical entities	219.113	774	12.904	857324263945020361	857316093448450455	857316093448450454	16545	
1	C13H27NO2	[M + H]+	C13H28NO2+	Fatty acids	0.938	Fatty amides	0.923	N-acyl amines	0.219	Organic acids and derivatives	0.962	Carboxylic acids and derivatives	0.938	Amino acids, peptides, and analogues	0.502	Amino acids and derivatives	0.501	Amino acids and derivatives	0.501	Organic compounds; Amino acids, peptides, and analogues; Organic acids and derivatives; Carboxylic acids and derivatives; Organonitrogen compounds; Organooxygen compounds; Amino acids and derivatives; Carboxylic acid amides; Carboxylic acid derivatives; Carbonyl compounds; Organic oxides; Hydrocarbon derivatives; Organopnictogen compounds; Organic oxygen compounds; Organic nitrogen compounds; Chemical entities	230.212	775	12.923	857324230252176213	857316093494587803	857316093494587802	16623	
1	C22H25ClN2O6	[M + H]+	C22H26ClN2O6+	Alkaloids	0.145	Coumarins	0.065	Simple coumarins	0.050	Benzenoids	0.987	Benzene and substituted derivatives	0.948	Nitrobenzenes	0.568			Nitrobenzenes	0.568	Organic compounds; Organoheterocyclic compounds; Halobenzenes; Nitrobenzenes; Organic acids and derivatives; Carboxylic acids and derivatives; Organohalogen compounds; Organonitrogen compounds; Organooxygen compounds; Aryl chlorides; Carboxylic acid derivatives; Chlorobenzenes; Monocarboxylic acids and derivatives; Organic nitro compounds; Carboxylic acid esters; Organic oxoazanium compounds; Organochlorides; Carbonyl compounds; Benzene and substituted derivatives; Benzenoids; Aryl halides; Allyl-type 1,3-dipolar organic compounds; Organic oxides; C-nitro compounds; Azacyclic compounds; Heteroaromatic compounds; Hydrocarbon derivatives; Organopnictogen compounds; Organic oxygen compounds; Nitroaromatic compounds; Organic nitrogen compounds; Phenoxy compounds; Chemical entities	449.149	782	13.032	857324265085871059	857316093544919455	857316093544919454	16742	
2	C13H24O2	[M + H3N + H]+	C13H28NO2+	Fatty acids	0.988	Fatty Acids and Conjugates	0.847	Unsaturated fatty acids	0.424	Lipids and lipid-like molecules	0.817	Fatty Acyls	0.819	Fatty acids and conjugates	0.646			Fatty acids and conjugates	0.646	Organic compounds; Lipids and lipid-like molecules; Fatty acids and conjugates; Organic acids and derivatives; Carboxylic acids and derivatives; Organooxygen compounds; Monocarboxylic acids and derivatives; Carboxylic acids; Carbonyl compounds; Fatty Acyls; Organic oxides; Hydrocarbon derivatives; Organic oxygen compounds; Chemical entities	230.212	784	13.068	857324324896646235	857316093595251107	857316093595251106	16787	
2	C23H28N4O2	[M + Na]+	C23H28N4NaO2+	Alkaloids	0.589	Pseudoalkaloids (transamidation)	0.175	Benzodiazepine alkaloids	0.028	Benzenoids	0.995	Benzene and substituted derivatives	0.948	Benzoyl derivatives	0.524			Benzoyl derivatives	0.524	Organic compounds; Organoheterocyclic compounds; Organic acids and derivatives; Carboxylic acids and derivatives; Organonitrogen compounds; Benzoyl derivatives; Organooxygen compounds; Azoles; Carboxylic acid amides; Carboxylic acid derivatives; Secondary carboxylic acid amides; Benzene and substituted derivatives; Benzenoids; Organic oxides; Azacyclic compounds; Heteroaromatic compounds; Hydrocarbon derivatives; Xylenes; Organopnictogen compounds; Organic oxygen compounds; Organic nitrogen compounds; Chemical entities	415.211	803	13.386	857325352551459075	857316093645582759	857316093645582758	17206	
2	C27H33N5O2	[M + H]+	C27H34N5O2+	Alkaloids	0.639	Pseudoalkaloids (transamidation)	0.272	Other indole diketopiperazine alkaloids	0.059	Benzenoids	0.988	Benzene and substituted derivatives	0.808					Benzene and substituted derivatives	0.808	Organic compounds; Organoheterocyclic compounds; Organic acids and derivatives; Carboxylic acids and derivatives; Organonitrogen compounds; Organooxygen compounds; Azoles; Carboxylic acid amides; Carboxylic acid derivatives; Benzene and substituted derivatives; Benzenoids; Amines; Organic oxides; Azacyclic compounds; Heteroaromatic compounds; Hydrocarbon derivatives; Organopnictogen compounds; Organic oxygen compounds; Organic nitrogen compounds; Chemical entities	460.269	807	13.444	857325361028147474	857316093750440367	857316093746246062	17281	
8	C33H48N4O2	[M + H]+	C33H49N4O2+	Alkaloids	0.878	Pseudoalkaloids (transamidation)	0.502	Steroidal alkaloids	0.220	Organic nitrogen compounds	1.000	Organonitrogen compounds	1.000	Amines	0.854	Aralkylamines	0.594	Aralkylamines	0.594	Organic compounds; Organoheterocyclic compounds; Carboxylic acids and derivatives; Organonitrogen compounds; Organooxygen compounds; Carbonyl compounds; Trialkylamines; Benzene and substituted derivatives; Benzenoids; Amines; Tertiary amines; Aralkylamines; Organic oxides; Azacyclic compounds; Heteroaromatic compounds; Hydrocarbon derivatives; Organopnictogen compounds; Organic oxygen compounds; Organic nitrogen compounds; Chemical entities	533.383	812	13.525	857325449783827770	857316093842715063	857316093838520758	17359	
1	C15H32O4	[M + H]+	C15H33O4+	Fatty acids	0.995	Fatty acyls	0.928	Fatty alcohols	0.969	Lipids and lipid-like molecules	0.717	Fatty Acyls	0.714	Fatty alcohols	0.533			Fatty alcohols	0.533	Organic compounds; Lipids and lipid-like molecules; Alcohols and polyols; Primary alcohols; Organooxygen compounds; Fatty alcohols; Fatty Acyls; Hydrocarbon derivatives; Organic oxygen compounds; Chemical entities	277.237	812	13.530	857325447883808044	857316093888852411	857316093884658106	17387	
3	C10H18N2P2	[M + H]+	C10H19N2P2+	Alkaloids	0.699	Monoterpenoids	0.235	Pyridine alkaloids	0.204	Organoheterocyclic compounds	0.781	Azacyclic compounds	0.608					Azacyclic compounds	0.608	Organic compounds; Organoheterocyclic compounds; Organonitrogen compounds; Organophosphorus compounds; Azacyclic compounds; Phosphacyclic compounds; Hydrocarbon derivatives; Organopnictogen compounds; Organic nitrogen compounds; Chemical entities	229.097	814	13.564	857325459401366849	857316093934989759	857316093934989758	17438	
1	C18H32O2	[M + H]+	C18H33O2+	Fatty acids	0.981	Fatty Acids and Conjugates	0.869	Unsaturated fatty acids	0.778	Lipids and lipid-like molecules	0.934	Fatty Acyls	0.837	Fatty acids and conjugates	0.772	Long-chain fatty acids	0.806	Long-chain fatty acids	0.806	Organic compounds; Lipids and lipid-like molecules; Fatty acids and conjugates; Organic acids and derivatives; Carboxylic acids and derivatives; Organooxygen compounds; Straight chain fatty acids; Unsaturated fatty acids; Monocarboxylic acids and derivatives; Carboxylic acids; Carbonyl compounds; Long-chain fatty acids; Fatty Acyls; Organic oxides; Hydrocarbon derivatives; Organic oxygen compounds; Chemical entities	281.239	821	13.679	857325464384200030	857316093993710019	857316093989515714	17554	
1	C6H18O3Si3	[M + H]+	C6H19O3Si3+	Fatty acids	0.430	Monoterpenoids	0.254	Halogenated fatty acids	0.080	Organometallic compounds	0.801	Organometalloid compounds	0.801					Organometalloid compounds	0.801	Organic compounds; Organometallic compounds; Organometalloid compounds; Organic oxides; Hydrocarbon derivatives; Organic oxygen compounds; Chemical entities	223.064	822	13.694	857325462198967625	857316094044041671	857316094044041670	17582	
1	C8H26O5Si4	[M - H2O + H]+	C8H25O4Si4+	Fatty acids	0.968	Fatty acyls	0.832	Fatty alcohols	0.857	Organometallic compounds	0.646	Organometalloid compounds	0.646					Organometalloid compounds	0.646	Organic compounds; Organooxygen compounds; Organometallic compounds; Organometalloid compounds; Hydrocarbon derivatives; Organic oxygen compounds; Chemical entities	297.082	822	13.694	857325441198087466	857316094094373323	857316094094373322	17586	
4	C18H14N2O4S2	[M + Na]+	C18H14N2NaO4S2+	Alkaloids	0.535	Coumarins	0.046	Simple coumarins	0.108	Organoheterocyclic compounds	0.996	Benzothiazoles	0.617					Benzothiazoles	0.617	Organic compounds; Organoheterocyclic compounds; Thiazoles; Thiophenes; Alkyl aryl ethers; Anisoles; Ethers; Organic acids and derivatives; Carboxylic acids and derivatives; Organonitrogen compounds; Benzothiazoles; Organooxygen compounds; Azoles; Benzene and substituted derivatives; Phenol ethers; Benzenoids; Organic oxides; Azacyclic compounds; Heteroaromatic compounds; Hydrocarbon derivatives; Organopnictogen compounds; Organic oxygen compounds; Organic nitrogen compounds; Chemical entities	409.031	822	13.694	857325535590899061	857316094140510671	857316094140510670	17581	
7	C33H48N4O2	[M + H]+	C33H49N4O2+	Alkaloids	0.865	Pseudoalkaloids (transamidation)	0.469	Steroidal alkaloids	0.208	Organic nitrogen compounds	1.000	Organonitrogen compounds	1.000	Amines	0.848	Aralkylamines	0.592	Aralkylamines	0.592	Organic compounds; Organoheterocyclic compounds; Carboxylic acids and derivatives; Organonitrogen compounds; Organooxygen compounds; Azoles; Carbonyl compounds; Trialkylamines; Benzene and substituted derivatives; Benzenoids; Amines; Tertiary amines; Aralkylamines; Organic oxides; Azacyclic compounds; Heteroaromatic compounds; Hydrocarbon derivatives; Organopnictogen compounds; Organic oxygen compounds; Organic nitrogen compounds; Chemical entities	533.383	822	13.706	857325464249982298	857316094186648019	857316094186648018	17630	
1	C13H24O	[M + H]+	C13H25O+	Fatty acids	0.997	Fatty acyls	0.994	Fatty alcohols	0.900	Lipids and lipid-like molecules	0.488	Fatty Acyls	0.497	Fatty alcohols	0.507			Fatty alcohols	0.507	Organic compounds; Ketones; Organooxygen compounds; Fatty alcohols; Carbonyl compounds; Organic oxides; Hydrocarbon derivatives; Organic oxygen compounds; Chemical entities	197.190	823	13.709	857325451264417085	857316094232785367	857316094232785366	17632	
3	C16H26O9	[M + H3N + H]+	C16H30NO9+	Terpenoids	0.694	Monoterpenoids	0.436	Iridoids monoterpenoids	0.380	Organic oxygen compounds	1.000	Organooxygen compounds	1.000	Carbohydrates and carbohydrate conjugates	0.547	Monosaccharides	0.576	Monosaccharides	0.576	Organic compounds; Organoheterocyclic compounds; Carbohydrates and carbohydrate conjugates; Lipids and lipid-like molecules; Alcohols and polyols; Ethers; Prenol lipids; Organic acids and derivatives; Carboxylic acids and derivatives; Primary alcohols; Organooxygen compounds; Carboxylic acid derivatives; Carboxylic acids; Carboxylic acid esters; Monosaccharides; Secondary alcohols; Carbonyl compounds; Polyols; Organic oxides; Oxacyclic compounds; Hydrocarbon derivatives; Organic oxygen compounds; Chemical entities	380.192	825	13.753	857325498710383978	857316094270534107	857316094270534106	17676	
1	C19H27NO3	[M + H]+	C19H28NO3+	Amino acids and Peptides	0.417	Pseudoalkaloids (transamidation)	0.137	Cytochalasan alkaloids	0.016	Benzenoids	0.965	Benzene and substituted derivatives	0.947					Benzene and substituted derivatives	0.947	Organic compounds; Organoheterocyclic compounds; Lipids and lipid-like molecules; Organic acids and derivatives; Carboxylic acids and derivatives; Organonitrogen compounds; Organooxygen compounds; Carboxylic acid amides; Carboxylic acid derivatives; Monocarboxylic acids and derivatives; Carbonyl compounds; Benzene and substituted derivatives; Benzenoids; Organic oxides; Azacyclic compounds; Hydrocarbon derivatives; Organopnictogen compounds; Organic oxygen compounds; Organic nitrogen compounds; Chemical entities	318.206	829	13.819	857325942203516432	857316094312477151	857316094312477150	17751	
1	C16H24O4	[M + H]+	C16H25O4+	Terpenoids	0.640	Sesquiterpenoids	0.373	Macrolide lactones	0.222	Lipids and lipid-like molecules	0.629							Lipids and lipid-like molecules	0.629	Organic compounds; Lipids and lipid-like molecules; Ketones; Organic acids and derivatives; Carboxylic acids and derivatives; Organooxygen compounds; Carboxylic acid derivatives; Carboxylic acid esters; Carbonyl compounds; Organic oxides; Hydrocarbon derivatives; Organic oxygen compounds; Chemical entities	281.175	831	13.847	857326001510983207	857316094400557543	857316094400557542	17786	
1	C6H13N	[M + H]+	C6H14N+	Alkaloids	0.953	Ornithine alkaloids	0.633	Acetate-derived alkaloids	0.564	Organic nitrogen compounds	1.000	Organonitrogen compounds	1.000	Amines	0.967	Tertiary amines	0.648	Trialkylamines	0.667	Organic compounds; Organoheterocyclic compounds; Organonitrogen compounds; Trialkylamines; Amines; Tertiary amines; Azacyclic compounds; Hydrocarbon derivatives; Organopnictogen compounds; Organic nitrogen compounds; Chemical entities	100.112	832	13.867	857325995362133531	857316094358614499	857316094358614498	17774	
1	C17H10O	[M + H]+	C17H11O+	Polyketides	0.616	Polycyclic aromatic polyketides	0.541	Anthraquinones and anthrones	0.757	Benzenoids	0.996	Anthracenes	0.509					Anthracenes	0.509	Organic compounds; Anthracenes; Phenanthrenes and derivatives; Ketones; Organooxygen compounds; Carbonyl compounds; Benzenoids; Aryl ketones; Organic oxides; Hydrocarbon derivatives; Organic oxygen compounds; Chemical entities	231.081	833	13.880	857326002354039630	857316094442500587	857316094442500586	17832	
1	C17H37N	[M + H]+	C17H38N+	Alkaloids	0.836	Pseudoalkaloids (transamidation)	0.120	Polyamines	0.215	Organic nitrogen compounds	1.000	Organonitrogen compounds	1.000	Amines	0.997	Primary amines	0.977	Monoalkylamines	0.962	Organic compounds; Organonitrogen compounds; Monoalkylamines; Amines; Primary amines; Hydrocarbon derivatives; Organopnictogen compounds; Organic nitrogen compounds; Chemical entities	256.300	839	13.985	857326002949630827	857316094530580979	857316094530580978	17969	
2	C27H33N5O2	[M + H]+	C27H34N5O2+	Alkaloids	0.709	Pseudoalkaloids (transamidation)	0.479	Pyrroloindole alkaloids	0.061	Benzenoids	0.976	Benzene and substituted derivatives	0.716					Benzene and substituted derivatives	0.716	Organic compounds; Organoheterocyclic compounds; Organonitrogen compounds; Organooxygen compounds; Benzene and substituted derivatives; Benzenoids; Amines; Organic oxides; Azacyclic compounds; Heteroaromatic compounds; Hydrocarbon derivatives; Organopnictogen compounds; Organic oxygen compounds; Organic nitrogen compounds; Chemical entities	460.269	843	14.052	857326004384083151	857316094568329719	857316094568329718	18059	
2	C23H28N4O2	[M + Na]+	C23H28N4NaO2+	Alkaloids	0.671	Pseudoalkaloids (transamidation)	0.616	Purine alkaloids	0.025	Organoheterocyclic compounds	0.959	Imidazopyrimidines	0.298	Purines and purine derivatives	0.321	Purinones	0.509	6-oxopurines	0.609	Organic compounds; Organoheterocyclic compounds; Pyrimidines and pyrimidine derivatives; Imidazoles; Lactams; Organic acids and derivatives; Carboxylic acids and derivatives; Organonitrogen compounds; Pyrimidones; Organooxygen compounds; Azoles; Carboxylic acid amides; Purinones; Carboxylic acid derivatives; Diazines; 6-oxopurines; Carbonyl compounds; Benzene and substituted derivatives; Substituted imidazoles; N-substituted imidazoles; Benzenoids; Vinylogous amides; Organic oxides; Azacyclic compounds; Heteroaromatic compounds; Hydrocarbon derivatives; Xylenes; Organopnictogen compounds; Organic oxygen compounds; Organic nitrogen compounds; Chemical entities	415.211	844	14.061	857326013259230542	857316094606078459	857316094606078458	18064	
1	C19H27NO3	[M + H]+	C19H28NO3+	Amino acids and Peptides	0.455	Small peptides	0.061	Dipeptides	0.027	Benzenoids	0.972	Benzene and substituted derivatives	0.955					Benzene and substituted derivatives	0.955	Organic compounds; Lipids and lipid-like molecules; Organic acids and derivatives; Carboxylic acids and derivatives; Organonitrogen compounds; Organooxygen compounds; Carboxylic acid amides; Carboxylic acid derivatives; Monocarboxylic acids and derivatives; Carboxylic acids; Secondary carboxylic acid amides; Carbonyl compounds; Benzene and substituted derivatives; Benzenoids; Organic oxides; Hydrocarbon derivatives; Organopnictogen compounds; Organic oxygen compounds; Organic nitrogen compounds; Chemical entities	318.206	849	14.150	857326015889059187	857316094698353155	857316094698353154	18198	
1	C23H47NO4	[M + H]+	C23H48NO4+	Fatty acids	0.999	Fatty amides	0.948	N-acyl amines	0.376	Lipids and lipid-like molecules	0.922	Fatty Acyls	0.913	Fatty amides	0.787	N-acyl amines	0.757	N-acyl amines	0.757	Organic compounds; Lipids and lipid-like molecules; Organic acids and derivatives; Carboxylic acids and derivatives; Organonitrogen compounds; Organooxygen compounds; Fatty amides; Carboxylic acid amides; Carboxylic acid derivatives; N-acyl amines; Monocarboxylic acids and derivatives; Carboxylic acids; Carbonyl compounds; Fatty Acyls; Organic oxides; Hydrocarbon derivatives; Organopnictogen compounds; Organic oxygen compounds; Organic nitrogen compounds; Chemical entities	402.358	850	14.158	857326007739526392	857316094744490503	857316094740296198	18056	
1	C18H39N	[M + H]+	C18H40N+	Alkaloids	0.806	Pseudoalkaloids (transamidation)	0.121	Polyamines	0.210	Organic nitrogen compounds	1.000	Organonitrogen compounds	1.000	Amines	0.996	Primary amines	0.969	Monoalkylamines	0.951	Organic compounds; Organonitrogen compounds; Monoalkylamines; Amines; Primary amines; Hydrocarbon derivatives; Organopnictogen compounds; Organic nitrogen compounds; Chemical entities	270.316	850	14.167	857326011053026608	857316094782239243	857316094782239242	18220	
1	C18H39NO	[M + H]+	C18H40NO+	Fatty acids	0.947	Spingolipids	0.625	Sphingoid bases	0.901	Organic nitrogen compounds	1.000	Organonitrogen compounds	1.000	Aminoxides	0.509	Long-chain alkyl amine oxides	0.560	Long-chain alkyl amine oxides	0.560	Organic compounds; Alcohols and polyols; Organonitrogen compounds; Primary alcohols; Organooxygen compounds; Amine oxides and derivatives; 1,2-aminoalcohols; Amines; Alkanolamines; Trisubstituted amine oxides and derivatives; Aminoxides; Hydrocarbon derivatives; Long-chain alkyl amine oxides; Trialkyl amine oxides; Organopnictogen compounds; Organic oxygen compounds; Organic nitrogen compounds; Chemical entities	286.311	856	14.267	857326012193877314	857316094836765199	857316094836765198	18323	
1	C19H41N	[M]+	C19H42N+	Alkaloids	0.734	Pseudoalkaloids (transamidation)	0.090	Polyamines	0.186	Organic nitrogen compounds	1.000	Organonitrogen compounds	1.000	Quaternary ammonium salts	0.806			Quaternary ammonium salts	0.806	Organic compounds; Organonitrogen compounds; Quaternary ammonium salts; Amines; Organic cations; Hydrocarbon derivatives; Organopnictogen compounds; Organic nitrogen compounds; Chemical entities	284.331	856	14.268	857326006233771249	857316094962594323	857316094962594322	18190	
1	C16H34O4	[M + H3N + H]+	C16H38NO4+	Fatty acids	0.986	Fatty acyls	0.755	Fatty alcohols	0.762	Organic oxygen compounds	1.000	Organooxygen compounds	1.000	Ethers	0.986	Dialkyl ethers	0.985	Polyethylene glycols	0.924	Organic compounds; Alcohols and polyols; Ethers; Primary alcohols; Organooxygen compounds; Dialkyl ethers; Polyethylene glycols; Hydrocarbon derivatives; Organic oxygen compounds; Chemical entities	308.280	857	14.292	857326028367113733	857316095059063319	857316095059063318	18343	
1	C16H34O4	[M + H]+	C16H35O4+	Fatty acids	0.992	Fatty acyls	0.972	Fatty alcohols	0.982	Lipids and lipid-like molecules	0.533	Fatty Acyls	0.558	Fatty alcohols	0.536			Fatty alcohols	0.536	Organic compounds; Lipids and lipid-like molecules; Alcohols and polyols; Primary alcohols; Organooxygen compounds; Fatty alcohols; Fatty Acyls; Hydrocarbon derivatives; Organic oxygen compounds; Chemical entities	291.253	858	14.294	857326022058880467	857316095109394971	857316095109394970	18347	
1	C13H9NS	[M + H]+	C13H10NS+	Alkaloids	0.250	Flavonoids	0.060	Pyridine alkaloids	0.030	Organoheterocyclic compounds	0.998	Benzothiazoles	0.988					Benzothiazoles	0.988	Organic compounds; Organoheterocyclic compounds; Thiazoles; Organonitrogen compounds; Benzothiazoles; Azoles; Benzene and substituted derivatives; Benzenoids; Azacyclic compounds; Heteroaromatic compounds; Hydrocarbon derivatives; Organopnictogen compounds; Organic nitrogen compounds; Chemical entities	212.053	858	14.306	857326010411298070	857316095247807015	857316095247807014	18368	
1	C18H38O5	[M + H]+	C18H39O5+	Fatty acids	0.966	Fatty acyls	0.761	Fatty alcohols	0.707	Organic oxygen compounds	1.000	Organooxygen compounds	1.000	Ethers	0.997	Dialkyl ethers	0.996	Polyethylene glycols	0.981	Organic compounds; Alcohols and polyols; Ethers; Primary alcohols; Organooxygen compounds; Dialkyl ethers; Polyethylene glycols; Hydrocarbon derivatives; Organic oxygen compounds; Chemical entities	335.279	861	14.348	857326029164031502	857316095298138667	857316095298138666	18447	
1	C18H38O5	[M + H3N + H]+	C18H42NO5+	Fatty acids	0.971	Fatty acyls	0.683	Fatty alcohols	0.629	Organic oxygen compounds	1.000	Organooxygen compounds	1.000	Ethers	0.997	Dialkyl ethers	0.996	Polyethylene glycols	0.975	Organic compounds; Alcohols and polyols; Ethers; Primary alcohols; Organooxygen compounds; Dialkyl ethers; Polyethylene glycols; Hydrocarbon derivatives; Organic oxygen compounds; Chemical entities	352.306	861	14.350	857326016803417486	857316095340081711	857316095340081710	18450	
1	C23H45NO2	[M + H]+	C23H46NO2+	Fatty acids	1.000	Fatty amides	0.989	N-acyl ethanolamines (endocannabinoids)	0.967	Lipids and lipid-like molecules	0.822	Fatty Acyls	0.841	Fatty amides	0.787	N-acyl amines	0.758	N-acyl amines	0.758	Organic compounds; Lipids and lipid-like molecules; Alcohols and polyols; Organic acids and derivatives; Carboxylic acids and derivatives; Organonitrogen compounds; Primary alcohols; Organooxygen compounds; Fatty amides; Carboxylic acid amides; Carboxylic acid derivatives; N-acyl amines; N-acylethanolamines; Secondary carboxylic acid amides; Carbonyl compounds; 1,2-aminoalcohols; Alkanolamines; Fatty Acyls; Organic oxides; Hydrocarbon derivatives; Organopnictogen compounds; Organic oxygen compounds; Organic nitrogen compounds; Chemical entities	368.352	861	14.351	857326019890425267	857316095390413363	857316095390413362	18388	
2	C18H36O3Si	[M + H]+	C18H37O3Si+	Fatty acids	0.900	Fatty Acids and Conjugates	0.476	Fatty alcohols	0.326	Lipids and lipid-like molecules	0.611	Fatty Acyls	0.728					Fatty Acyls	0.728	Organic compounds; Lipids and lipid-like molecules; Organic acids and derivatives; Carboxylic acids and derivatives; Organohalogen compounds; Organooxygen compounds; Carbonyl compounds; Fatty Acyls; Organic oxides; Hydrocarbon derivatives; Organic oxygen compounds; Chemical entities	329.251	872	14.527	857326041386233389	857316095482688059	857316095482688058	18722	
5	C19H23N9O	[M + H]+	C19H24N9O+	Alkaloids	0.694	Pseudoalkaloids (transamidation)	0.138	Purine alkaloids	0.120	Organoheterocyclic compounds	0.996	Azoles	0.913	Triazoles	0.587			Triazoles	0.587	Organic compounds; Organoheterocyclic compounds; Triazoles; Organic acids and derivatives; Carboxylic acids and derivatives; Organonitrogen compounds; Organooxygen compounds; Azoles; Carboxylic acid amides; Carboxylic acid derivatives; Amines; Tertiary amines; Organic oxides; Azacyclic compounds; Heteroaromatic compounds; Hydrocarbon derivatives; Organopnictogen compounds; Organic oxygen compounds; Organic nitrogen compounds; Chemical entities	394.208	874	14.573	857326031064051238	857316095528825407	857316095528825406	18753	
1	C16H34O4	[M + H3N + H]+	C16H38NO4+	Fatty acids	0.980	Fatty acyls	0.715	Fatty alcohols	0.716	Organic oxygen compounds	1.000	Organooxygen compounds	1.000	Ethers	0.991	Dialkyl ethers	0.990	Polyethylene glycols	0.951	Organic compounds; Alcohols and polyols; Ethers; Primary alcohols; Organooxygen compounds; Dialkyl ethers; Polyethylene glycols; Hydrocarbon derivatives; Organic oxygen compounds; Chemical entities	308.280	881	14.684	857326012562976068	857316095612711495	857316095612711494	18901	
1	C16H34O4	[M + H]+	C16H35O4+	Fatty acids	0.999	Fatty acyls	0.955	Fatty alcohols	0.982	Lipids and lipid-like molecules	0.628	Fatty Acyls	0.544	Fatty alcohols	0.535			Fatty alcohols	0.535	Organic compounds; Lipids and lipid-like molecules; Alcohols and polyols; Ethers; Primary alcohols; Organooxygen compounds; Dialkyl ethers; Fatty alcohols; Fatty Acyls; Hydrocarbon derivatives; Organic oxygen compounds; Chemical entities	291.253	881	14.684	857326016526593415	857316095658848843	857316095654654538	18900	
1	C18H38O5	[M + H]+	C18H39O5+	Fatty acids	0.990	Glycerolipids	0.737	Fatty alcohols	0.540	Organic oxygen compounds	1.000	Organooxygen compounds	1.000	Ethers	0.995	Dialkyl ethers	0.996	Polyethylene glycols	0.908	Organic compounds; Alcohols and polyols; Ethers; Primary alcohols; Organooxygen compounds; Dialkyl ethers; Polyethylene glycols; Hydrocarbon derivatives; Organic oxygen compounds; Chemical entities	335.279	884	14.726	857326028308393467	857316095696597583	857316095696597582	18944	
2	C16H41N7O3	[M + H]+	C16H42N7O3+	Fatty acids	0.339	Pseudoalkaloids (transamidation)	0.144	Purine alkaloids	0.049	Organoheterocyclic compounds	0.250	Azacyclic compounds	0.549					Azacyclic compounds	0.549	Organic compounds; Alcohols and polyols; Organonitrogen compounds; Primary alcohols; Organooxygen compounds; Monoalkylamines; Amines; Primary amines; Azacyclic compounds; Hydrocarbon derivatives; Organopnictogen compounds; Organic oxygen compounds; Organic nitrogen compounds; Chemical entities	380.337	884	14.728	857326017948462489	857316095734346323	857316095734346322	18945	
1	C14H26O	[M + H]+	C14H27O+	Fatty acids	0.976	Fatty acyls	0.978	Fatty alcohols	0.932	Lipids and lipid-like molecules	0.455	Fatty Acyls	0.425	Fatty alcohols	0.695			Fatty alcohols	0.695	Organic compounds; Ketones; Alcohols and polyols; Organooxygen compounds; Fatty alcohols; Carbonyl compounds; Organic oxides; Hydrocarbon derivatives; Organic oxygen compounds; Chemical entities	211.206	890	14.829	857326021412957643	857316095784677975	857316095780483670	19062	
1	C22H42O8	[M + H3N + H]+	C22H46NO8+	Fatty acids	0.986	Fatty esters	0.976	Wax diesters	0.882	Lipids and lipid-like molecules	0.963	Fatty Acyls	0.968	Fatty acid esters	0.964			Fatty acid esters	0.964	Organic compounds; Lipids and lipid-like molecules; Ethers; Organic acids and derivatives; Carboxylic acids and derivatives; Organooxygen compounds; Fatty acid esters; Dicarboxylic acids and derivatives; Carboxylic acid derivatives; Dialkyl ethers; Carboxylic acid esters; Carbonyl compounds; Fatty Acyls; Organic oxides; Hydrocarbon derivatives; Organic oxygen compounds; Chemical entities	452.322	890	14.833	857326023392669147	857316095826621019	857316095826621018	19073	
2	C25H45N5O4	[M + H]+	C25H46N5O4+	Amino acids and Peptides	0.817	Oligopeptides	0.555	Tripeptides	0.537	Organic acids and derivatives	0.944	Carboxylic acids and derivatives	0.874	Amino acids, peptides, and analogues	0.832	Amino acids and derivatives	0.817	Alpha amino acid amides	0.584	Organic compounds; Organoheterocyclic compounds; Lipids and lipid-like molecules; Amino acids, peptides, and analogues; Alpha amino acids and derivatives; Organic acids and derivatives; Carboxylic acids and derivatives; Organonitrogen compounds; Organooxygen compounds; Fatty amides; Amino acids and derivatives; Carboxylic acid amides; Ureas; Carboxylic acid derivatives; N-acyl amines; Secondary carboxylic acid amides; Tertiary carboxylic acid amides; Carbonyl compounds; Alpha amino acid amides; Amines; Fatty Acyls; Organic oxides; Azacyclic compounds; Hydrocarbon derivatives; Organopnictogen compounds; Organic oxygen compounds; Organic nitrogen compounds; Chemical entities	480.353	890	14.833	857326019009621411	857316095876952671	857316095872758366	19075	
1	C23H48N2O	[M + H]+	C23H49N2O+	Fatty acids	0.996	Fatty amides	0.998	N-acyl amines	0.921	Organic acids and derivatives	1.000	Carboxylic acids and derivatives	0.999	Amino acids, peptides, and analogues	0.971	Amino acids and derivatives	0.971	Amino acids and derivatives	0.971	Organic compounds; Lipids and lipid-like molecules; Amino acids, peptides, and analogues; Organic acids and derivatives; Carboxylic acids and derivatives; Organonitrogen compounds; Organooxygen compounds; Fatty amides; Amino acids and derivatives; Carboxylic acid amides; Carboxylic acid derivatives; N-acyl amines; Secondary carboxylic acid amides; Carbonyl compounds; Trialkylamines; Amines; Tertiary amines; Fatty Acyls; Organic oxides; Hydrocarbon derivatives; Organopnictogen compounds; Organic oxygen compounds; Organic nitrogen compounds; Chemical entities	369.384	892	14.861	857326013582191959	857316095927284323	857316095927284322	19114	
1	C16H34O4	[M + H3N + H]+	C16H38NO4+	Fatty acids	0.977	Fatty acyls	0.797	Fatty alcohols	0.796	Organic oxygen compounds	1.000	Organooxygen compounds	1.000	Ethers	0.987	Dialkyl ethers	0.985	Polyethylene glycols	0.951	Organic compounds; Alcohols and polyols; Ethers; Primary alcohols; Organooxygen compounds; Dialkyl ethers; Polyethylene glycols; Hydrocarbon derivatives; Organic oxygen compounds; Chemical entities	308.280	894	14.895	857326024789372393	857316095977615975	857316095973421670	19174	
1	C16H34O4	[M + H]+	C16H35O4+	Fatty acids	0.999	Fatty acyls	0.922	Fatty alcohols	0.968	Lipids and lipid-like molecules	0.601							Lipids and lipid-like molecules	0.601	Organic compounds; Lipids and lipid-like molecules; Alcohols and polyols; Ethers; Primary alcohols; Organooxygen compounds; Dialkyl ethers; Hydrocarbon derivatives; Organic oxygen compounds; Chemical entities	291.253	894	14.896	857326019122867628	857316096027947627	857316096023753322	19173	
1	C23H48N2O2	[M + H]+	C23H49N2O2+	Fatty acids	1.000	Fatty amides	0.997	N-acyl ethanolamines (endocannabinoids)	0.912	Lipids and lipid-like molecules	0.972	Fatty Acyls	0.963	Fatty amides	0.948	N-acyl amines	0.921	N-acyl amines	0.921	Organic compounds; Lipids and lipid-like molecules; Alcohols and polyols; Organic acids and derivatives; Carboxylic acids and derivatives; Organonitrogen compounds; Primary alcohols; Organooxygen compounds; Fatty amides; Carboxylic acid amides; Carboxylic acid derivatives; N-acyl amines; Secondary carboxylic acid amides; Carbonyl compounds; 1,2-aminoalcohols; Amines; Alkanolamines; Fatty Acyls; Organic oxides; Hydrocarbon derivatives; Organopnictogen compounds; Organic oxygen compounds; Organic nitrogen compounds; Chemical entities	385.379	894	14.896	857326023564635621	857316096128610931	857316096128610930	19175	
7	C21H25N9O	[M + H]+	C21H26N9O+	Alkaloids	0.569	Pseudoalkaloids (transamidation)	0.193	Purine alkaloids	0.233	Organoheterocyclic compounds	0.994	Diazines	0.521					Diazines	0.521	Organic compounds; Organoheterocyclic compounds; Organic acids and derivatives; Carboxylic acids and derivatives; Organonitrogen compounds; Organooxygen compounds; Azoles; Carboxylic acid amides; Carboxylic acid derivatives; Diazines; Carbonyl compounds; Amines; Organic oxides; Azacyclic compounds; Heteroaromatic compounds; Hydrocarbon derivatives; Organopnictogen compounds; Organic oxygen compounds; Organic nitrogen compounds; Chemical entities	420.224	894	14.908	857326045869944380	857316096178942583	857316096178942582	19191	
1	C18H38O5	[M + H3N + H]+	C18H42NO5+	Fatty acids	0.958	Fatty acyls	0.686	Fatty alcohols	0.584	Organic oxygen compounds	1.000	Organooxygen compounds	1.000	Ethers	0.998	Dialkyl ethers	0.998	Polyethylene glycols	0.984	Organic compounds; Alcohols and polyols; Ethers; Primary alcohols; Organooxygen compounds; Dialkyl ethers; Polyethylene glycols; Hydrocarbon derivatives; Organic oxygen compounds; Chemical entities	352.306	896	14.930	857326011522788657	857316096225079931	857316096220885626	19226	
2	C16H41N7O3	[M + H]+	C16H42N7O3+	Fatty acids	0.229	Pseudoalkaloids (transamidation)	0.193	Polyamines	0.071	Organoheterocyclic compounds	0.380	Azoles	0.538	Imidazoles	0.542	Substituted imidazoles	0.496	N-substituted imidazoles	0.539	Organic compounds; Imidazoles; Alcohols and polyols; Organonitrogen compounds; Primary alcohols; Organooxygen compounds; Azoles; Monoalkylamines; N-substituted imidazoles; Amines; Primary amines; Azacyclic compounds; Hydrocarbon derivatives; Organopnictogen compounds; Organic oxygen compounds; Organic nitrogen compounds; Chemical entities	380.337	896	14.932	857326014211337562	857316096275411583	857316096275411582	19230	
1	C18H38O5	[M + H]+	C18H39O5+	Fatty acids	0.951	Fatty acyls	0.685	Fatty alcohols	0.593	Organic oxygen compounds	1.000	Organooxygen compounds	1.000	Ethers	0.998	Dialkyl ethers	0.998	Polyethylene glycols	0.985	Organic compounds; Alcohols and polyols; Ethers; Primary alcohols; Organooxygen compounds; Dialkyl ethers; Polyethylene glycols; Hydrocarbon derivatives; Organic oxygen compounds; Chemical entities	335.279	896	14.932	857326016358821245	857316096321548931	857316096321548930	19232	
1	C16H34O4	[M + H]+	C16H35O4+	Fatty acids	0.998	Fatty acyls	0.911	Fatty alcohols	0.956	Organic oxygen compounds	1.000	Organooxygen compounds	1.000	Ethers	0.884	Dialkyl ethers	0.903	Polyethylene glycols	0.592	Organic compounds; Lipids and lipid-like molecules; Alcohols and polyols; Ethers; Primary alcohols; Organooxygen compounds; Dialkyl ethers; Polyethylene glycols; Hydrocarbon derivatives; Organic oxygen compounds; Chemical entities	291.253	903	15.051	857326010780396833	857316096371880583	857316096371880582	19432	
1	C16H34O4	[M + H3N + H]+	C16H38NO4+	Fatty acids	0.977	Fatty acyls	0.805	Fatty alcohols	0.796	Organic oxygen compounds	1.000	Organooxygen compounds	1.000	Ethers	0.988	Dialkyl ethers	0.985	Polyethylene glycols	0.953	Organic compounds; Alcohols and polyols; Ethers; Primary alcohols; Organooxygen compounds; Dialkyl ethers; Polyethylene glycols; Hydrocarbon derivatives; Organic oxygen compounds; Chemical entities	308.280	903	15.052	857326027511475698	857316096468349583	857316096468349582	19434	
1	C16H41N7O3	[M + H]+	C16H42N7O3+	Fatty acids	0.339	Pseudoalkaloids (transamidation)	0.116	Polyamines	0.046	Organoheterocyclic compounds	0.304	Azacyclic compounds	0.637					Azacyclic compounds	0.637	Organic compounds; Alcohols and polyols; Organonitrogen compounds; Primary alcohols; Organooxygen compounds; Monoalkylamines; Amines; Primary amines; Azacyclic compounds; Hydrocarbon derivatives; Organopnictogen compounds; Organic oxygen compounds; Organic nitrogen compounds; Chemical entities	380.337	905	15.087	857326021249379777	857316096518681235	857316096518681234	19493	
1	C15H31NO2	[M + H]+	C15H32NO2+	Fatty acids	0.970	Fatty amides	0.882	N-acyl amines	0.316	Organic acids and derivatives	0.990	Carboxylic acids and derivatives	0.980	Amino acids, peptides, and analogues	0.836	Amino acids and derivatives	0.834	Alpha amino acids and derivatives	0.826	Organic compounds; Amino acids, peptides, and analogues; Alpha amino acids and derivatives; Organic acids and derivatives; Carboxylic acids and derivatives; Organonitrogen compounds; Organooxygen compounds; Amino acids and derivatives; Carboxylic acid derivatives; Monocarboxylic acids and derivatives; Carboxylic acids; Carbonyl compounds; Amines; Organic oxides; Hydrocarbon derivatives; Organopnictogen compounds; Organic oxygen compounds; Organic nitrogen compounds; Chemical entities	258.243	908	15.133	857326708855189100	857316096569012887	857316096564818582	19581	
4	C20H25N9O	[M + H]+	C20H26N9O+	Alkaloids	0.597	Pseudoalkaloids (transamidation)	0.033	Tropane alkaloids	0.035	Organoheterocyclic compounds	0.996	Azoles	0.989	Tetrazoles	0.859			Tetrazoles	0.859	Organic compounds; Organoheterocyclic compounds; Tetrazoles; Organic acids and derivatives; Carboxylic acids and derivatives; Organonitrogen compounds; Organooxygen compounds; Azoles; Carboxylic acid amides; Carboxylic acid derivatives; Carbonyl compounds; Amines; Organic oxides; Azacyclic compounds; Heteroaromatic compounds; Hydrocarbon derivatives; Organopnictogen compounds; Organic oxygen compounds; Organic nitrogen compounds; Chemical entities	408.224	919	15.323	857326743269458705	857316096652898975	857316096652898974	19815	
5	C24H38N4O3	[M + Na]+	C24H38N4NaO3+	Amino acids and Peptides	0.375	Monoterpenoids	0.071	Erythromycins	0.050	Organic acids and derivatives	0.997	Carboxylic acids and derivatives	0.986	Amino acids, peptides, and analogues	0.624	Amino acids and derivatives	0.622	N-acyl-alpha amino acids and derivatives	0.542	Organic compounds; Organoheterocyclic compounds; Lipids and lipid-like molecules; Amino acids, peptides, and analogues; Aromatic monoterpenoids; Prenol lipids; Organic acids and derivatives; Carboxylic acids and derivatives; Organonitrogen compounds; Organooxygen compounds; Fatty amides; Amino acids and derivatives; Azoles; Carboxylic acid amides; Carboxylic acid derivatives; N-acyl-alpha amino acids and derivatives; Monoterpenoids; Secondary carboxylic acid amides; Carbonyl compounds; Benzene and substituted derivatives; Benzenoids; Organic oxides; Azacyclic compounds; Heteroaromatic compounds; Hydrocarbon derivatives; Organopnictogen compounds; Organic oxygen compounds; Organic nitrogen compounds; Chemical entities	453.282	921	15.351	857326741524627499	857316096694842019	857316096690647714	19849	
1	C25H51NO4	[M + H]+	C25H52NO4+	Fatty acids	0.999	Fatty amides	0.850	Fatty acyl carnitines	0.228	Lipids and lipid-like molecules	0.936	Fatty Acyls	0.933	Fatty amides	0.730	N-acyl amines	0.686	N-acyl amines	0.686	Organic compounds; Lipids and lipid-like molecules; Organic acids and derivatives; Carboxylic acids and derivatives; Organonitrogen compounds; Organooxygen compounds; Fatty amides; Carboxylic acid amides; Carboxylic acid derivatives; N-acyl amines; Monocarboxylic acids and derivatives; Carboxylic acids; Carbonyl compounds; Fatty Acyls; Organic oxides; Hydrocarbon derivatives; Organopnictogen compounds; Organic oxygen compounds; Organic nitrogen compounds; Chemical entities	430.389	923	15.388	857326729340171272	857316096732590759	857316096732590758	19925	
1	C24H45NO5	[M + H]+	C24H46NO5+	Alkaloids	0.624	Tyrosine alkaloids	0.316	Phenylethylamines	0.338	Lipids and lipid-like molecules	0.773	Fatty Acyls	0.740	Fatty amides	0.765	N-acyl amines	0.647	N-acyl amines	0.647	Organic compounds; Lipids and lipid-like molecules; Alkyl aryl ethers; Alcohols and polyols; Anisoles; Ethers; Organic acids and derivatives; Carboxylic acids and derivatives; Organonitrogen compounds; Organooxygen compounds; Fatty amides; Carboxylic acid amides; Carboxylic acid derivatives; N-acyl amines; Secondary carboxylic acid amides; Carbonyl compounds; Benzene and substituted derivatives; Phenol ethers; Benzenoids; Fatty Acyls; Organic oxides; Methoxybenzenes; Hydrocarbon derivatives; Organopnictogen compounds; Organic oxygen compounds; Organic nitrogen compounds; Phenoxy compounds; Chemical entities	428.337	924	15.403	857326734100707835	857316096774533803	857316096774533802	19963	
1	C20H43N	[M + H]+	C20H44N+	Alkaloids	0.736	Pseudoalkaloids (transamidation)	0.129	Polyamines	0.189	Organic nitrogen compounds	1.000	Organonitrogen compounds	1.000	Amines	0.993	Primary amines	0.937	Monoalkylamines	0.909	Organic compounds; Organonitrogen compounds; Monoalkylamines; Amines; Primary amines; Hydrocarbon derivatives; Organopnictogen compounds; Organic nitrogen compounds; Chemical entities	298.347	926	15.440	857326730430690316	857316096816476847	857316096816476846	20028	
1	C18H32O2	[M + H]+	C18H33O2+	Fatty acids	1.000	Fatty Acids and Conjugates	0.959	Unsaturated fatty acids	0.942	Lipids and lipid-like molecules	0.981	Fatty Acyls	0.970	Fatty acids and conjugates	0.945	Long-chain fatty acids	0.942	Long-chain fatty acids	0.942	Organic compounds; Lipids and lipid-like molecules; Fatty acids and conjugates; Organic acids and derivatives; Carboxylic acids and derivatives; Organooxygen compounds; Straight chain fatty acids; Unsaturated fatty acids; Monocarboxylic acids and derivatives; Carboxylic acids; Carbonyl compounds; Long-chain fatty acids; Fatty Acyls; Organic oxides; Hydrocarbon derivatives; Organic oxygen compounds; Chemical entities	281.248	927	15.445	857326748646556440	857316096862614195	857316096862614194	20021	
1	C26H45NO6	[M + H]+	C26H46NO6+	Fatty acids	0.997	Spingolipids	0.137	Neutral glycosphingolipids	0.046	Lipids and lipid-like molecules	0.952	Fatty Acyls	0.975	Fatty acid esters	0.817			Fatty acid esters	0.817	Organic compounds; Lipids and lipid-like molecules; Alcohols and polyols; Organic acids and derivatives; Carboxylic acids and derivatives; Organonitrogen compounds; Primary alcohols; Organooxygen compounds; Fatty acid esters; Dicarboxylic acids and derivatives; Carboxylic acid derivatives; Carboxylic acid esters; Secondary alcohols; Carbonyl compounds; Fatty Acyls; Organic oxides; Hydrocarbon derivatives; Organopnictogen compounds; Organic oxygen compounds; Organic nitrogen compounds; Chemical entities	468.332	930	15.498	857326757148410939	857316096904557239	857316096904557238	20085	
2	C15H24O2	[M - H2O + H]+	C15H23O+	Polyketides	0.496	Cyclic polyketides	0.295	Bisabolane sesquiterpenoids	0.058	Benzenoids	0.913	Benzene and substituted derivatives	0.928	Phenylpropanes	0.848			Phenylpropanes	0.848	Organic compounds; Ketones; Alcohols and polyols; Primary alcohols; Organooxygen compounds; Carbonyl compounds; Benzene and substituted derivatives; Benzenoids; Phenylpropanes; Organic oxides; Hydrocarbon derivatives; Organic oxygen compounds; Chemical entities	219.174	931	15.519	857326760768095304	857316096946500283	857316096946500282	20120	
1	C21H45N	[M + H]+	C21H46N+	Alkaloids	0.742	Pseudoalkaloids (transamidation)	0.123	Polyamines	0.130	Organic nitrogen compounds	1.000	Organonitrogen compounds	1.000	Quaternary ammonium salts	0.837			Quaternary ammonium salts	0.837	Organic compounds; Organonitrogen compounds; Quaternary ammonium salts; Amines; Organic cations; Organic salts; Hydrocarbon derivatives; Organopnictogen compounds; Organic nitrogen compounds; Chemical entities	312.363	932	15.528	857326767835497601	857316096996831935	857316096996831934	20142	
1	C19H34O6	[M - H2O + H]+	C19H33O5+	Fatty acids	0.989	Glycerolipids	0.831	Macrolide lactones	0.127	Lipids and lipid-like molecules	0.983	Glycerolipids	0.929	Triradylcglycerols	0.429	Triacylglycerols	0.607	Triacylglycerols	0.607	Organic compounds; Lipids and lipid-like molecules; Glycerolipids; Organic acids and derivatives; Carboxylic acids and derivatives; Organooxygen compounds; Fatty acid esters; Dicarboxylic acids and derivatives; Carboxylic acid derivatives; Triacylglycerols; Carboxylic acid esters; Carbonyl compounds; Fatty Acyls; Organic oxides; Hydrocarbon derivatives; Organic oxygen compounds; Chemical entities	341.232	941	15.685	857326766078084208	857316097080718023	857316097080718022	20337	
1	C17H25NO3	[M + H]+	C17H26NO3+	Fatty acids	0.130	Linear polyketides	0.138	Open-chain polyketides	0.092	Benzenoids	0.986	Benzene and substituted derivatives	0.987	Benzoic acids and derivatives	0.548	Benzoic acid esters	0.645	Benzoic acid esters	0.645	Organic compounds; Lipids and lipid-like molecules; Benzoic acids and derivatives; Organic acids and derivatives; Carboxylic acids and derivatives; Organonitrogen compounds; Anilides; Benzoyl derivatives; Organooxygen compounds; Carboxylic acid amides; Carboxylic acid derivatives; Monocarboxylic acids and derivatives; Carboxylic acid esters; Benzoic acid esters; Secondary carboxylic acid amides; Carbonyl compounds; Benzene and substituted derivatives; Benzenoids; N-arylamides; Fatty Acyls; Organic oxides; Hydrocarbon derivatives; Organopnictogen compounds; Organic oxygen compounds; Organic nitrogen compounds; Chemical entities	292.191	946	15.766	857326763565696090	857316097122661067	857316097122661066	20495	
2	C18H32O7	[M + H3N + H]+	C18H36NO7+	Fatty acids	0.812	Fatty esters	0.430	Dicarboxylic acids	0.108	Organic acids and derivatives	1.000	Carboxylic acids and derivatives	1.000	Tricarboxylic acids and derivatives	0.549			Tricarboxylic acids and derivatives	0.549	Organic compounds; Lipids and lipid-like molecules; Organic acids and derivatives; Carboxylic acids and derivatives; Organooxygen compounds; Fatty acid esters; Dicarboxylic acids and derivatives; Carboxylic acid derivatives; Carboxylic acid esters; Carbonyl compounds; Tricarboxylic acids and derivatives; Fatty Acyls; Organic oxides; Hydrocarbon derivatives; Organic oxygen compounds; Chemical entities	378.249	950	15.840	857326770582766723	857316097164604111	857316097160409806	20615	
1	C18H32O7	[M + H]+	C18H33O7+	Fatty acids	0.698	Fatty esters	0.325	Dicarboxylic acids	0.069	Organic acids and derivatives	1.000	Carboxylic acids and derivatives	1.000	Tricarboxylic acids and derivatives	0.569			Tricarboxylic acids and derivatives	0.569	Organic compounds; Lipids and lipid-like molecules; Organic acids and derivatives; Carboxylic acids and derivatives; Organooxygen compounds; Fatty acid esters; Carboxylic acid derivatives; Carboxylic acid esters; Carbonyl compounds; Tricarboxylic acids and derivatives; Fatty Acyls; Organic oxides; Hydrocarbon derivatives; Organic oxygen compounds; Chemical entities	361.222	950	15.841	857326771450987660	857316097202352851	857316097198158546	20616	
1	C20H39NO7	[M + H]+	C20H40NO7+	Fatty acids	0.753	Fatty amides	0.383	N-acyl amines	0.190	Organic acids and derivatives	0.999	Carboxylic acids and derivatives	0.997	Amino acids, peptides, and analogues	0.882	Amino acids and derivatives	0.880	N-acyl-alpha amino acids and derivatives	0.727	Organic compounds; Lipids and lipid-like molecules; Amino acids, peptides, and analogues; Alpha amino acids and derivatives; Alcohols and polyols; Organic acids and derivatives; Carboxylic acids and derivatives; Organonitrogen compounds; Organooxygen compounds; Fatty acid esters; Fatty amides; Dicarboxylic acids and derivatives; Amino acids and derivatives; Carboxylic acid amides; Carboxylic acid derivatives; N-acyl amines; N-acyl-alpha amino acids and derivatives; Carboxylic acid esters; Secondary carboxylic acid amides; Carbonyl compounds; Fatty Acyls; Organic oxides; Hydrocarbon derivatives; Organopnictogen compounds; Organic oxygen compounds; Organic nitrogen compounds; Chemical entities	406.280	950	15.842	857326777511756950	857316097244295895	857316097240101590	20620	
1	C10H32O6Si5	[M - H2O + H]+	C10H31O5Si5+	Fatty acids	0.843	Fatty acyls	0.435	Halogenated fatty acids	0.064	Organometallic compounds	0.870	Organometalloid compounds	0.870	Organoarsenic compounds	0.697	Pentavalent organic arsenic compounds	0.764	Pentaorganoarsanes	0.764	Organic compounds; Organoarsenic compounds; Organometallic compounds; Organometalloid compounds; Organic salts; Organic oxides; Arsine oxides; Organic metalloid salts; Organic metal salts; Pentavalent organic arsenic compounds; Hydrocarbon derivatives; Pentaorganoarsanes; Oxygen-containing organoarsenic compounds; Organic oxygen compounds; Alkylarsine oxides; Chemical entities	371.101	956	15.935	857326815084332842	857316097286238939	857316097286238938	20767	
1	C6H18O3Si3	[M + H]+	C6H19O3Si3+	Fatty acids	0.344	Monoterpenoids	0.278	Halogenated fatty acids	0.048	Organometallic compounds	0.803	Organometalloid compounds	0.803					Organometalloid compounds	0.803	Organic compounds; Organometallic compounds; Organometalloid compounds; Organic oxides; Hydrocarbon derivatives; Organic oxygen compounds; Chemical entities	223.064	956	15.940	857326810915194652	857316097328181983	857316097328181982	20773	
2	C8H24O4Si4	[M + H]+	C8H25O4Si4+	Fatty acids	0.822	Fatty Acids and Conjugates	0.387	Halogenated fatty acids	0.670	Organometallic compounds	0.726	Organometalloid compounds	0.726					Organometalloid compounds	0.726	Organic compounds; Organooxygen compounds; Organometallic compounds; Organometalloid compounds; Organic oxides; Hydrocarbon derivatives; Organic oxygen compounds; Chemical entities	297.082	956	15.940	857326798588134612	857316097374319331	857316097370125026	20781	
4	C18H20N4O2S2	[M + H]+	C18H21N4O2S2+	Amino acids and Peptides	0.412	Oligopeptides	0.157	Cyclamides	0.139	Organoheterocyclic compounds	0.973	Imidazopyrimidines	0.466	Purines and purine derivatives	0.515	Purinones	0.537	6-oxopurines	0.592	Organic compounds; Organoheterocyclic compounds; Organosulfur compounds; Imidazoles; Purines and purine derivatives; Organic acids and derivatives; Carboxylic acids and derivatives; Organonitrogen compounds; Organooxygen compounds; Azoles; Purinones; Thioethers; 6-oxopurines; Benzene and substituted derivatives; Substituted imidazoles; N-substituted imidazoles; Benzenoids; Sulfenyl compounds; Alkylarylthioethers; Organic oxides; Azacyclic compounds; Heteroaromatic compounds; Hydrocarbon derivatives; Organopnictogen compounds; Organic oxygen compounds; Aryl thioethers; Organic nitrogen compounds; Chemical entities	389.112	957	15.943	857326820054583098	857316097416262375	857316097416262374	20783	
2	C18H20N4O2S2	[M + H3N + H]+	C18H24N5O2S2+	Amino acids and Peptides	0.502	Oligopeptides	0.340	Cyclamides	0.100	Benzenoids	0.810	Benzene and substituted derivatives	0.663					Benzene and substituted derivatives	0.663	Organic compounds; Organoheterocyclic compounds; Organosulfur compounds; Organic acids and derivatives; Carboxylic acids and derivatives; Organonitrogen compounds; Organooxygen compounds; Azoles; Carboxylic acid amides; Carboxylic acid derivatives; Benzene and substituted derivatives; Benzenoids; Organic oxides; Azacyclic compounds; Heteroaromatic compounds; Hydrocarbon derivatives; Organopnictogen compounds; Organic oxygen compounds; Organic nitrogen compounds; Chemical entities	406.138	957	15.951	857326804292388071	857316097458205419	857316097458205418	20800	
2	C23H29N3OS	[M + K]+	C23H29KN3OS+	Alkaloids	0.317	Linear polyketides	0.265	Open-chain polyketides	0.194	Benzenoids	0.901	Benzene and substituted derivatives	0.885					Benzene and substituted derivatives	0.885	Organic compounds; Organoheterocyclic compounds; Organosulfur compounds; Organic acids and derivatives; Organonitrogen compounds; Organooxygen compounds; Benzene and substituted derivatives; Benzenoids; Organic oxides; Azacyclic compounds; Heteroaromatic compounds; Hydrocarbon derivatives; Organopnictogen compounds; Organic oxygen compounds; Organic nitrogen compounds; Chemical entities	434.170	957	15.958	857326793844376778	857316097508537071	857316097504342766	20807	
1	C17H36O4	[M + H]+	C17H37O4+	Fatty acids	0.999	Glycerolipids	0.908	Monoacylglycerols	0.576	Lipids and lipid-like molecules	0.524							Lipids and lipid-like molecules	0.524	Organic compounds; Lipids and lipid-like molecules; Alcohols and polyols; Ethers; Primary alcohols; Organooxygen compounds; Dialkyl ethers; Hydrocarbon derivatives; Organic oxygen compounds; Chemical entities	305.269	960	15.999	857326800987276508	857316097550480115	857316097550480114	20877	
1	C20H39N5	[M + H]+	C20H40N5+	Alkaloids	0.901	Histidine alkaloids	0.247	Imidazole alkaloids	0.251	Organoheterocyclic compounds	0.994	Azoles	0.682					Azoles	0.682	Organic compounds; Organoheterocyclic compounds; Organonitrogen compounds; Azoles; Amines; Azacyclic compounds; Heteroaromatic compounds; Hydrocarbon derivatives; Organopnictogen compounds; Organic nitrogen compounds; Chemical entities	350.326	960	16.006	857326810470598397	857316097588228855	857316097588228854	20890	
1	C15H32O3	[M + H]+	C15H33O3+	Fatty acids	0.998	Fatty acyls	0.969	Fatty alcohols	0.982	Lipids and lipid-like molecules	0.556	Fatty Acyls	0.370	Fatty alcohols	0.526			Fatty alcohols	0.526	Organic compounds; Lipids and lipid-like molecules; Alcohols and polyols; Ethers; Primary alcohols; Organooxygen compounds; Dialkyl ethers; Fatty alcohols; Hydrocarbon derivatives; Organic oxygen compounds; Chemical entities	261.243	971	16.184	857326815956748084	857316097625977595	857316097625977594	21202	
1	C17H36O4	[M + H]+	C17H37O4+	Fatty acids	0.999	Glycerolipids	0.964	Fatty alcohols	0.940	Lipids and lipid-like molecules	0.678							Lipids and lipid-like molecules	0.678	Organic compounds; Lipids and lipid-like molecules; Alcohols and polyols; Ethers; Primary alcohols; Organooxygen compounds; Dialkyl ethers; Secondary alcohols; Hydrocarbon derivatives; Organic oxygen compounds; Chemical entities	305.269	972	16.201	857326917479876420	857316097663726335	857316097663726334	21236	
1	C20H39NO	[M + H]+	C20H40NO+	Fatty acids	1.000	Fatty amides	1.000	Primary amides	1.000	Lipids and lipid-like molecules	0.901	Fatty Acyls	0.911	Fatty amides	0.897			Fatty amides	0.897	Organic compounds; Lipids and lipid-like molecules; Organic acids and derivatives; Carboxylic acids and derivatives; Organonitrogen compounds; Organooxygen compounds; Fatty amides; Carboxylic acid amides; Carboxylic acid derivatives; Primary carboxylic acid amides; Carbonyl compounds; Fatty Acyls; Organic oxides; Hydrocarbon derivatives; Organopnictogen compounds; Organic oxygen compounds; Organic nitrogen compounds; Chemical entities	310.310	980	16.331	857327268320823200	857316097747612423	857316097747612422	21379	
2	C18H36O3	[M - H2O + H]+	C18H35O2+	Fatty acids	1.000	Fatty Acids and Conjugates	0.852	Hydroxy fatty acids	0.984	Lipids and lipid-like molecules	0.997	Fatty Acyls	0.996	Fatty acids and conjugates	0.944	Long-chain fatty acids	0.843	Long-chain fatty acids	0.843	Organic compounds; Lipids and lipid-like molecules; Alcohols and polyols; Fatty acids and conjugates; Organic acids and derivatives; Carboxylic acids and derivatives; Primary alcohols; Organooxygen compounds; Hydroxy fatty acids; Monocarboxylic acids and derivatives; Carboxylic acids; Secondary alcohols; Carbonyl compounds; Long-chain fatty acids; Fatty Acyls; Organic oxides; Hydrocarbon derivatives; Organic oxygen compounds; Chemical entities	283.263	983	16.378	857327266865399706	857316097797944075	857316097797944074	21507	
8	C40H56O5	[M + H3N + H]+	C40H60NO5+	Terpenoids	0.943	Carotenoids (C40)	0.218	Carotenoids (C40, β-β)	0.052	Benzenoids	0.950	Benzene and substituted derivatives	0.770	Phenylpropanes	0.532			Phenylpropanes	0.532	Organic compounds; Lipids and lipid-like molecules; Alkyl aryl ethers; Ethers; Organic acids and derivatives; Carboxylic acids and derivatives; Organooxygen compounds; Carboxylic acid derivatives; Carboxylic acid esters; Carbonyl compounds; Benzene and substituted derivatives; Phenol ethers; Benzenoids; Phenylpropanes; Organic oxides; Hydrocarbon derivatives; Organic oxygen compounds; Phenoxy compounds; Chemical entities	634.452	988	16.465	857327282241719357	857316097848275727	857316097848275726	21649	
1	C31H59NO9	[M + H]+	C31H60NO9+	Polyketides	0.468	Linear polyketides	0.445	Open-chain polyketides	0.399	Lipids and lipid-like molecules	0.682	Fatty Acyls	0.520					Fatty Acyls	0.520	Organic compounds; Lipids and lipid-like molecules; Alcohols and polyols; Ethers; Organic acids and derivatives; Carboxylic acids and derivatives; Organonitrogen compounds; Organooxygen compounds; Monoalkylamines; Carboxylic acid amides; Carboxylic acid derivatives; Monocarboxylic acids and derivatives; Dialkyl ethers; Carboxylic acid esters; Secondary alcohols; Carbonyl compounds; Primary amines; Fatty Acyls; Organic oxides; Hydrocarbon derivatives; Organopnictogen compounds; Organic oxygen compounds; Organic nitrogen compounds; Chemical entities	590.426	990	16.506	857327289023908956	857316097902801683	857316097898607378	21711	
2	C16H32O3	[M - H2O + H]+	C16H31O2+	Fatty acids	1.000	Fatty Acids and Conjugates	0.935	Hydroxy fatty acids	0.996	Lipids and lipid-like molecules	0.995	Fatty Acyls	0.995	Fatty acids and conjugates	0.945	Long-chain fatty acids	0.750	Long-chain fatty acids	0.750	Organic compounds; Lipids and lipid-like molecules; Alcohols and polyols; Fatty acids and conjugates; Organic acids and derivatives; Carboxylic acids and derivatives; Primary alcohols; Organooxygen compounds; Hydroxy fatty acids; Monocarboxylic acids and derivatives; Carboxylic acids; Secondary alcohols; Carbonyl compounds; Long-chain fatty acids; Fatty Acyls; Organic oxides; Hydrocarbon derivatives; Organic oxygen compounds; Chemical entities	255.232	991	16.521	857327300155591794	857316097953133335	857316097948939030	21748	
3	C25H23N3O3	[M + H]+	C25H24N3O3+	Alkaloids	0.955	Anthranilic acid alkaloids	0.582	Benzodiazepine alkaloids	0.144	Organoheterocyclic compounds	0.998	Indoles and derivatives	0.846	Indoles	0.796			Indoles	0.796	Organic compounds; Organoheterocyclic compounds; Pyrroles; Lactams; Indoles and derivatives; Organic acids and derivatives; Carboxylic acids and derivatives; Organonitrogen compounds; Organooxygen compounds; Carboxylic acid amides; Carboxylic acid derivatives; Secondary carboxylic acid amides; Carbonyl compounds; Benzene and substituted derivatives; Benzenoids; Indoles; Organic oxides; Azacyclic compounds; Heteroaromatic compounds; Hydrocarbon derivatives; Organopnictogen compounds; Organic oxygen compounds; Organic nitrogen compounds; Chemical entities	414.183	993	16.555	857327291020397673	857316098062185247	857316098062185246	21786	
1	C22H21ClO3	[M + H]+	C22H22ClO3+	Shikimates and Phenylpropanoids	0.618	Flavonoids	0.068	Chalcones	0.099	Benzenoids	0.999	Phenol ethers	0.732					Phenol ethers	0.732	Organic compounds; Halobenzenes; Alkyl aryl ethers; Ethers; Organic acids and derivatives; Carboxylic acids and derivatives; Organohalogen compounds; Organooxygen compounds; Aryl chlorides; Carboxylic acid derivatives; Chlorobenzenes; Monocarboxylic acids and derivatives; Carboxylic acid esters; Organochlorides; Carbonyl compounds; Benzene and substituted derivatives; Phenol ethers; Benzenoids; Aryl halides; Organic oxides; Hydrocarbon derivatives; Organic oxygen compounds; Phenoxy compounds; Chemical entities	369.125	993	16.555	857327310062537987	857316098112516899	857316098112516898	21790	
1	C20H37NO2	[M + H]+	C20H38NO2+	Fatty acids	1.000	Fatty amides	1.000	N-acyl ethanolamines (endocannabinoids)	1.000	Lipids and lipid-like molecules	0.960	Fatty Acyls	0.970	Fatty amides	0.952	N-acyl amines	0.927	N-acyl amines	0.927	Organic compounds; Lipids and lipid-like molecules; Alcohols and polyols; Organic acids and derivatives; Carboxylic acids and derivatives; Organonitrogen compounds; Primary alcohols; Organooxygen compounds; Fatty amides; Carboxylic acid amides; Carboxylic acid derivatives; N-acyl amines; N-acylethanolamines; Secondary carboxylic acid amides; Carbonyl compounds; 1,2-aminoalcohols; Amines; Alkanolamines; Fatty Acyls; Organic oxides; Hydrocarbon derivatives; Organopnictogen compounds; Organic oxygen compounds; Organic nitrogen compounds; Chemical entities	324.290	1007	16.782	857327314588192885	857316098167042855	857316098167042854	22112	
2	C25H29NO2	[M + K]+	C25H29KNO2+	Shikimates and Phenylpropanoids	0.707	Flavonoids	0.464	Chalcones	0.176	Organic acids and derivatives	0.375	Carboxylic acids and derivatives	0.513	Amino acids, peptides, and analogues	0.530	Amino acids and derivatives	0.531	Amino acids and derivatives	0.531	Organic compounds; Amino acids, peptides, and analogues; Alkyl aryl ethers; Stilbenes; Ethers; Phenylpropanoids and polyketides; Carboxylic acids and derivatives; Organonitrogen compounds; Organooxygen compounds; Amino acids and derivatives; Diphenylmethanes; Trialkylamines; Benzene and substituted derivatives; Phenol ethers; Benzenoids; Amines; Tertiary amines; Organic oxides; Hydrocarbon derivatives; Organopnictogen compounds; Organic oxygen compounds; Organic nitrogen compounds; Phenoxy compounds; Chemical entities	414.183	1008	16.801	857327304781909110	857316098204791595	857316098204791594	22145	
1	C20H28O5	[M + H]+	C20H29O5+	Polyketides	0.379	Cyclic polyketides	0.080	Simple phenolic acids	0.050	Benzenoids	0.996	Benzene and substituted derivatives	0.980	Benzoic acids and derivatives	0.969	Benzoic acid esters	0.935	Benzoic acid esters	0.935	Organic compounds; Benzoic acids and derivatives; Organic acids and derivatives; Carboxylic acids and derivatives; Benzoyl derivatives; Organooxygen compounds; Dicarboxylic acids and derivatives; Carboxylic acid derivatives; Carboxylic acid esters; Benzoic acid esters; Benzene and substituted derivatives; Benzenoids; Organic oxides; Hydrocarbon derivatives; Organic oxygen compounds; Chemical entities	349.201	1008	16.804	857327284351454280	857316098246734639	857316098242540334	22151	
11	C21H21O4P	[M + H]+	C21H22O4P+	Shikimates and Phenylpropanoids	0.580	Lignans	0.013	Chalcones	0.006	Organic acids and derivatives	0.980	Organic phosphoric acids and derivatives	0.985	Phosphate esters	0.982	Aryl phosphates	0.974	Aryl phosphotriesters	0.970	Organic compounds; Organic acids and derivatives; Organooxygen compounds; Organic phosphoric acids and derivatives; Phosphate esters; Benzene and substituted derivatives; Benzenoids; Organic oxides; Hydrocarbon derivatives; Organic oxygen compounds; Aryl phosphates; Aryl phosphotriesters; Phenoxy compounds; Chemical entities	369.125	1008	16.805	857327388961593392	857316098284483379	857316098284483378	22142	
4	C21H33N5O	[M + Na]+	C21H33N5NaO+	Alkaloids	0.739	Proline alkaloids	0.172	Pyrrole alkaloids	0.173	Benzenoids	0.824	Benzene and substituted derivatives	0.725					Benzene and substituted derivatives	0.725	Organic compounds; Organoheterocyclic compounds; Organonitrogen compounds; Organooxygen compounds; Azoles; Benzene and substituted derivatives; Benzenoids; Amines; Azacyclic compounds; Heteroaromatic compounds; Hydrocarbon derivatives; Organopnictogen compounds; Organic oxygen compounds; Organic nitrogen compounds; Chemical entities	394.259	1008	16.805	857327286964505685	857316098326426423	857316098326426422	22150	
1	C16H30O4	[M + H]+	C16H31O4+	Fatty acids	0.984	Fatty esters	0.998	Wax monoesters	0.977	Lipids and lipid-like molecules	0.761	Fatty Acyls	0.764	Fatty alcohol esters	0.620			Fatty alcohol esters	0.620	Organic compounds; Lipids and lipid-like molecules; Organic acids and derivatives; Carboxylic acids and derivatives; Organooxygen compounds; Fatty acid esters; Dicarboxylic acids and derivatives; Carboxylic acid derivatives; Carboxylic acid esters; Fatty alcohol esters; Carbonyl compounds; Fatty Acyls; Organic oxides; Hydrocarbon derivatives; Organic oxygen compounds; Chemical entities	287.222	1012	16.869	857327358179596316	857316098364175163	857316098364175162	22264	
1	C8H14	[M + H]+	C8H15+	Fatty acids	0.896	Fatty acyls	0.915	Hydrocarbons	0.449	Hydrocarbons	0.987	Unsaturated hydrocarbons	0.924	Unsaturated aliphatic hydrocarbons	0.921			Unsaturated aliphatic hydrocarbons	0.921	Organic compounds; Hydrocarbons; Unsaturated hydrocarbons; Unsaturated aliphatic hydrocarbons; Chemical entities	111.117	1013	16.877	857327392447060017	857316098414506815	857316098414506814	22291	
6	C23H18FN5O3	[M + H]+	C23H19FN5O3+	Alkaloids	0.492	Anthranilic acid alkaloids	0.104	Pyrroloquinoline alkaloids	0.027	Benzenoids	0.972	Benzene and substituted derivatives	0.828	Halobenzenes	0.662	Fluorobenzenes	0.741	Fluorobenzenes	0.741	Organic compounds; Organoheterocyclic compounds; Halobenzenes; Triazoles; Ethers; Organohalogen compounds; Organonitrogen compounds; Organooxygen compounds; Azoles; Aryl fluorides; Fluorobenzenes; Organofluorides; Benzene and substituted derivatives; Benzenoids; Aryl halides; Organic oxides; Azacyclic compounds; Oxacyclic compounds; Heteroaromatic compounds; Hydrocarbon derivatives; Organopnictogen compounds; Organic oxygen compounds; Organic nitrogen compounds; Chemical entities	432.144	1013	16.879	857327335933007895	857316098456449859	857316098456449858	22290	
1	C12H22O2	[M + H]+	C12H23O2+	Fatty acids	0.986	Fatty esters	0.993	Wax monoesters	0.978	Lipids and lipid-like molecules	0.856	Fatty Acyls	0.763	Fatty alcohol esters	0.885			Fatty alcohol esters	0.885	Organic compounds; Lipids and lipid-like molecules; Organic acids and derivatives; Carboxylic acids and derivatives; Organooxygen compounds; Carboxylic acid derivatives; Monocarboxylic acids and derivatives; Carboxylic acid esters; Fatty alcohol esters; Carbonyl compounds; Fatty Acyls; Organic oxides; Hydrocarbon derivatives; Organic oxygen compounds; Chemical entities	199.169	1013	16.879	857327326428715024	857316098498392903	857316098498392902	22286	
2	C19H34O3	[M + Na]+	C19H34NaO3+	Terpenoids	0.666	Sesquiterpenoids	0.354	Bisabolane sesquiterpenoids	0.358	Benzenoids	0.948	Benzene and substituted derivatives	0.857	Benzoic acids and derivatives	0.535			Benzoic acids and derivatives	0.535	Organic compounds; Lipids and lipid-like molecules; Alcohols and polyols; Benzoic acids and derivatives; Organic acids and derivatives; Carboxylic acids and derivatives; Primary alcohols; Benzoyl derivatives; Organooxygen compounds; Monocarboxylic acids and derivatives; Carbonyl compounds; Benzene and substituted derivatives; Benzenoids; Fatty Acyls; Organic oxides; Hydrocarbon derivatives; Organic oxygen compounds; Chemical entities	333.242	1015	16.919	857328077410459765	857316098540335947	857316098540335946	22356	
1	C23H45N5O	[M + H]+	C23H46N5O+	Alkaloids	0.404	Histidine alkaloids	0.102	Imidazole alkaloids	0.102	Organoheterocyclic compounds	0.982	Azoles	0.907					Azoles	0.907	Organic compounds; Organoheterocyclic compounds; Organic acids and derivatives; Organonitrogen compounds; Organooxygen compounds; Azoles; Amines; Organic oxides; Azacyclic compounds; Heteroaromatic compounds; Hydrocarbon derivatives; Organopnictogen compounds; Organic oxygen compounds; Organic nitrogen compounds; Chemical entities	408.368	1017	16.955	857328067746783026	857316098590667599	857316098586473294	22442	
1	C17H16O	[M + H]+	C17H17O+	Shikimates and Phenylpropanoids	0.306	Naphthalenes	0.410	Naphthoquinones	0.185	Benzenoids	0.998	Naphthalenes	0.638					Naphthalenes	0.638	Organic compounds; Naphthalenes; Alkyl aryl ethers; Anisoles; Ethers; Organooxygen compounds; Phenol ethers; Benzenoids; Hydrocarbon derivatives; Organic oxygen compounds; Chemical entities	237.128	1017	16.957	857328084020682888	857316098640999251	857316098636804946	22416	
1	C16H30O	[M + H]+	C16H31O+	Fatty acids	0.988	Fatty acyls	0.982	Fatty alcohols	0.970	Lipids and lipid-like molecules	0.581	Fatty Acyls	0.576	Fatty alcohols	0.750	Long-chain fatty alcohols	0.732	Long-chain fatty alcohols	0.732	Organic compounds; Lipids and lipid-like molecules; Ketones; Alcohols and polyols; Organooxygen compounds; Fatty alcohols; Carbonyl compounds; Long-chain fatty alcohols; Fatty Acyls; Organic oxides; Hydrocarbon derivatives; Organic oxygen compounds; Chemical entities	239.237	1018	16.972	857328063703473277	857316098691330903	857316098691330902	22480	
1	C20H37NO2	[M + H]+	C20H38NO2+	Fatty acids	1.000	Fatty amides	1.000	N-acyl ethanolamines (endocannabinoids)	1.000	Lipids and lipid-like molecules	0.971	Fatty Acyls	0.979	Fatty amides	0.965	N-acyl amines	0.944	N-acyl amines	0.944	Organic compounds; Lipids and lipid-like molecules; Alcohols and polyols; Organic acids and derivatives; Carboxylic acids and derivatives; Organonitrogen compounds; Primary alcohols; Organooxygen compounds; Fatty amides; Carboxylic acid amides; Carboxylic acid derivatives; N-acyl amines; N-acylethanolamines; Secondary carboxylic acid amides; Carbonyl compounds; 1,2-aminoalcohols; Amines; Alkanolamines; Fatty Acyls; Organic oxides; Hydrocarbon derivatives; Organopnictogen compounds; Organic oxygen compounds; Organic nitrogen compounds; Chemical entities	324.290	1023	17.048	857328068224933976	857316098745856859	857316098741662554	22579	
1	C21H41N5	[M + H]+	C21H42N5+	Alkaloids	0.939	Histidine alkaloids	0.322	Imidazole alkaloids	0.324	Organoheterocyclic compounds	0.997	Azoles	0.817					Azoles	0.817	Organic compounds; Organoheterocyclic compounds; Organonitrogen compounds; Azoles; Amines; Azacyclic compounds; Heteroaromatic compounds; Hydrocarbon derivatives; Organopnictogen compounds; Organic nitrogen compounds; Chemical entities	364.342	1025	17.077	857328079981568126	857316098800382815	857316098800382814	22640	
1	C22H43N5	[M + H]+	C22H44N5+	Alkaloids	0.951	Histidine alkaloids	0.202	Imidazole alkaloids	0.202	Organoheterocyclic compounds	0.996	Azoles	0.779					Azoles	0.779	Organic compounds; Organoheterocyclic compounds; Organonitrogen compounds; Azoles; Amines; Azacyclic compounds; Heteroaromatic compounds; Hydrocarbon derivatives; Organopnictogen compounds; Organic nitrogen compounds; Chemical entities	378.358	1025	17.082	857328089364226195	857316098854908771	857316098850714466	22645	
1	C19H40O4	[M + H]+	C19H41O4+	Fatty acids	1.000	Glycerolipids	0.975	Monoacylglycerols	0.903	Lipids and lipid-like molecules	0.795	Glycerolipids	0.729	Monoradylglycerols	0.538			Monoradylglycerols	0.538	Organic compounds; Lipids and lipid-like molecules; Alcohols and polyols; Glycerolipids; Ethers; Primary alcohols; Organooxygen compounds; Dialkyl ethers; Carboxylic acid esters; Monoradylglycerols; Hydrocarbon derivatives; Organic oxygen compounds; Chemical entities	333.300	1026	17.093	857328146914271589	857316098901046119	857316098901046118	22742	
1	C16H30O4	[M + H]+	C16H31O4+	Fatty acids	0.992	Fatty esters	0.964	Wax monoesters	0.761	Lipids and lipid-like molecules	0.990	Fatty Acyls	0.993	Fatty acid esters	0.987			Fatty acid esters	0.987	Organic compounds; Lipids and lipid-like molecules; Organic acids and derivatives; Carboxylic acids and derivatives; Organooxygen compounds; Fatty acid esters; Dicarboxylic acids and derivatives; Carboxylic acid derivatives; Carboxylic acid esters; Carbonyl compounds; Methyl esters; Fatty Acyls; Organic oxides; Hydrocarbon derivatives; Organic oxygen compounds; Chemical entities	287.222	1027	17.109	857328109027123546	857316099010098031	857316099010098030	22674	
1	C17H36O3	[M + H]+	C17H37O3+	Fatty acids	0.999	Fatty acyls	0.658	Fatty alcohols	0.869	Lipids and lipid-like molecules	0.772	Fatty Acyls	0.701					Fatty Acyls	0.701	Organic compounds; Lipids and lipid-like molecules; Alcohols and polyols; Ethers; Primary alcohols; Organooxygen compounds; Dialkyl ethers; Fatty Acyls; Hydrocarbon derivatives; Organic oxygen compounds; Chemical entities	289.274	1027	17.114	857328304917900699	857316098955572075	857316098955572074	22620	
1	C20H34O8	[M + H3N + H]+	C20H38NO8+	Fatty acids	0.948	Fatty esters	0.417	Dicarboxylic acids	0.137	Organic acids and derivatives	0.999	Carboxylic acids and derivatives	0.998	Tricarboxylic acids and derivatives	0.521			Tricarboxylic acids and derivatives	0.521	Organic compounds; Lipids and lipid-like molecules; Organic acids and derivatives; Carboxylic acids and derivatives; Organooxygen compounds; Fatty acid esters; Carboxylic acid derivatives; Carboxylic acid esters; Carbonyl compounds; Tricarboxylic acids and derivatives; Fatty Acyls; Organic oxides; Hydrocarbon derivatives; Organic oxygen compounds; Chemical entities	420.259	1029	17.154	857328388913032745	857316099056235379	857316099056235378	22761	
1	C16H24O7	[M + H]+	C16H25O7+	Fatty acids	0.613	Phenolic acids (C6-C1)	0.341	Dicarboxylic acids	0.139	Organic acids and derivatives	1.000	Carboxylic acids and derivatives	0.999	Tricarboxylic acids and derivatives	0.529			Tricarboxylic acids and derivatives	0.529	Organic compounds; Lipids and lipid-like molecules; Alcohols and polyols; Organic acids and derivatives; Carboxylic acids and derivatives; Organooxygen compounds; Fatty acid esters; Dicarboxylic acids and derivatives; Carboxylic acid derivatives; Carboxylic acid esters; Tertiary alcohols; Carbonyl compounds; Tricarboxylic acids and derivatives; Fatty Acyls; Organic oxides; Hydrocarbon derivatives; Organic oxygen compounds; Chemical entities	329.159	1029	17.155	857328395871383173	857316099114955639	857316099114955638	22772	
1	C18H32O7	[M + H]+	C18H33O7+	Fatty acids	0.698	Fatty esters	0.325	Dicarboxylic acids	0.069	Organic acids and derivatives	1.000	Carboxylic acids and derivatives	1.000	Tricarboxylic acids and derivatives	0.570			Tricarboxylic acids and derivatives	0.570	Organic compounds; Lipids and lipid-like molecules; Organic acids and derivatives; Carboxylic acids and derivatives; Organooxygen compounds; Fatty acid esters; Carboxylic acid derivatives; Carboxylic acid esters; Carbonyl compounds; Tricarboxylic acids and derivatives; Fatty Acyls; Organic oxides; Hydrocarbon derivatives; Organic oxygen compounds; Chemical entities	361.222	1029	17.155	857328435872462376	857316099169481595	857316099169481594	22777	
1	C20H34O8	[M + H]+	C20H35O8+	Fatty acids	0.656	Fatty esters	0.221	Wax monoesters	0.043	Organic acids and derivatives	1.000	Carboxylic acids and derivatives	1.000	Tricarboxylic acids and derivatives	0.650			Tricarboxylic acids and derivatives	0.650	Organic compounds; Lipids and lipid-like molecules; Organic acids and derivatives; Carboxylic acids and derivatives; Organooxygen compounds; Fatty acid esters; Carboxylic acid derivatives; Carboxylic acid esters; Carbonyl compounds; Tricarboxylic acids and derivatives; Fatty Acyls; Organic oxides; Hydrocarbon derivatives; Organic oxygen compounds; Chemical entities	403.232	1029	17.155	857328445922014799	857316099232396159	857316099232396158	22781	
1	C21H32N2O5	[M + K]+	C21H32KN2O5+	Alkaloids	0.337	Nicotinic acid alkaloids	0.424	Pyridine alkaloids	0.423	Organic acids and derivatives	0.995	Carboxylic acids and derivatives	0.984	Amino acids, peptides, and analogues	0.658	Amino acids and derivatives	0.660	Amino acids and derivatives	0.660	Organic compounds; Organoheterocyclic compounds; Lipids and lipid-like molecules; Amino acids, peptides, and analogues; Organic acids and derivatives; Carboxylic acids and derivatives; Organonitrogen compounds; Organooxygen compounds; Fatty acid esters; Dicarboxylic acids and derivatives; Amino acids and derivatives; Carboxylic acid amides; Carboxylic acid derivatives; Carboxylic acid esters; Carbonyl compounds; Fatty Acyls; Organic oxides; Azacyclic compounds; Hydrocarbon derivatives; Organopnictogen compounds; Organic oxygen compounds; Organic nitrogen compounds; Chemical entities	431.192	1029	17.157	857328457703814745	857316099291116419	857316099291116418	22778	
3	C21H44O4	[M + H3N + H]+	C21H48NO4+	Fatty acids	0.995	Fatty acyls	0.896	Fatty alcohols	0.718	Organic oxygen compounds	0.999	Organooxygen compounds	0.999	Ethers	0.590	Dialkyl ethers	0.522	Dialkyl ethers	0.522	Organic compounds; Alcohols and polyols; Ethers; Primary alcohols; Organooxygen compounds; Dialkyl ethers; Hydrocarbon derivatives; Organic oxygen compounds; Chemical entities	378.358	1034	17.233	857328439248877111	857316099349836679	857316099349836678	22864	
1	C17H36O3	[M + H]+	C17H37O3+	Fatty acids	0.999	Fatty acyls	0.746	Fatty alcohols	0.907	Lipids and lipid-like molecules	0.755	Fatty Acyls	0.747					Fatty Acyls	0.747	Organic compounds; Lipids and lipid-like molecules; Alcohols and polyols; Ethers; Organic acids and derivatives; Primary alcohols; Organooxygen compounds; Carboxylic acid derivatives; Dialkyl ethers; Carboxylic acid esters; Fatty Acyls; Organic oxides; Hydrocarbon derivatives; Organic oxygen compounds; Chemical entities	289.274	1035	17.255	857328440331007557	857316099404362635	857316099400168330	22820	
1	C15H31NO	[M + H]+	C15H32NO+	Fatty acids	0.916	Fatty amides	0.741	Primary amides	0.236	Organic acids and derivatives	0.741	Carboxylic acids and derivatives	0.738	Carboxylic acid derivatives	0.656	Carboxylic acid amides	0.594	Carboxylic acid amides	0.594	Organic compounds; Organic acids and derivatives; Carboxylic acids and derivatives; Organonitrogen compounds; Organooxygen compounds; Carboxylic acid amides; Carboxylic acid derivatives; Carbonyl compounds; Organic oxides; Hydrocarbon derivatives; Organopnictogen compounds; Organic oxygen compounds; Organic nitrogen compounds; Chemical entities	242.248	1036	17.266	857328426888263206	857316099454694287	857316099454694286	22896	
1	C16H30O4	[M + H]+	C16H31O4+	Fatty acids	0.995	Fatty esters	0.984	Wax monoesters	0.817	Lipids and lipid-like molecules	0.992	Fatty Acyls	0.995	Fatty acid esters	0.991			Fatty acid esters	0.991	Organic compounds; Lipids and lipid-like molecules; Organic acids and derivatives; Carboxylic acids and derivatives; Organooxygen compounds; Fatty acid esters; Dicarboxylic acids and derivatives; Carboxylic acid derivatives; Carboxylic acid esters; Carbonyl compounds; Fatty Acyls; Organic oxides; Hydrocarbon derivatives; Organic oxygen compounds; Chemical entities	287.222	1038	17.300	857328416624801307	857316099521803155	857316099517608850	22939	
1	C16H30O4	[M + H]+	C16H31O4+	Fatty acids	0.996	Fatty esters	0.988	Wax monoesters	0.811	Lipids and lipid-like molecules	0.995	Fatty Acyls	0.997	Fatty acid esters	0.995			Fatty acid esters	0.995	Organic compounds; Lipids and lipid-like molecules; Organic acids and derivatives; Carboxylic acids and derivatives; Organooxygen compounds; Fatty acid esters; Dicarboxylic acids and derivatives; Carboxylic acid derivatives; Carboxylic acid esters; Carbonyl compounds; Fatty Acyls; Organic oxides; Hydrocarbon derivatives; Organic oxygen compounds; Chemical entities	287.222	1049	17.477	857328513450310718	857316099618272155	857316099618272154	23257	
2	C25H35N5O	[M + H]+	C25H36N5O+	Alkaloids	0.825	Pseudoalkaloids (transamidation)	0.408	Purine alkaloids	0.305	Organoheterocyclic compounds	0.994	Diazines	0.718	Pyrimidines and pyrimidine derivatives	0.663	Aminopyrimidines and derivatives	0.690	Aminopyrimidines and derivatives	0.690	Organic compounds; Organoheterocyclic compounds; Pyrimidines and pyrimidine derivatives; Organonitrogen compounds; Organooxygen compounds; Azoles; Aminopyrimidines and derivatives; Diazines; Benzenoids; Amines; Primary amines; Imidolactams; Azacyclic compounds; Heteroaromatic compounds; Hydrocarbon derivatives; Organopnictogen compounds; Organic oxygen compounds; Organic nitrogen compounds; Chemical entities	422.290	1051	17.522	857328642341274043	857316099672798111	857316099668603806	23445	
1	C17H36O3	[M + H]+	C17H37O3+	Fatty acids	0.999	Fatty acyls	0.735	Fatty alcohols	0.899	Lipids and lipid-like molecules	0.748	Fatty Acyls	0.722					Fatty Acyls	0.722	Organic compounds; Lipids and lipid-like molecules; Alcohols and polyols; Ethers; Organic acids and derivatives; Primary alcohols; Organooxygen compounds; Carboxylic acid derivatives; Dialkyl ethers; Carboxylic acid esters; Fatty Acyls; Organic oxides; Hydrocarbon derivatives; Organic oxygen compounds; Chemical entities	289.274	1058	17.639	857328640994902221	857316099777655719	857316099777655718	23492	
1	C24H46O5	[M + H3N + H]+	C24H50NO5+	Fatty acids	0.987	Fatty esters	0.918	Fatty alcohols	0.489	Lipids and lipid-like molecules	0.979	Fatty Acyls	0.981	Fatty alcohol esters	0.656			Fatty alcohol esters	0.656	Organic compounds; Lipids and lipid-like molecules; Alcohols and polyols; Organic acids and derivatives; Carboxylic acids and derivatives; Primary alcohols; Organooxygen compounds; Fatty acid esters; Dicarboxylic acids and derivatives; Carboxylic acid derivatives; Carboxylic acid esters; Secondary alcohols; Fatty alcohol esters; Carbonyl compounds; Fatty Acyls; Organic oxides; Hydrocarbon derivatives; Organic oxygen compounds; Chemical entities	432.368	1059	17.657	857328652252414412	857316099832181675	857316099832181674	23569	
1	C22H42O5	[M + H]+	C22H43O5+	Fatty acids	0.985	Fatty esters	0.966	Wax diesters	0.959	Lipids and lipid-like molecules	0.971	Fatty Acyls	0.984	Fatty alcohol esters	0.625			Fatty alcohol esters	0.625	Organic compounds; Lipids and lipid-like molecules; Organic acids and derivatives; Carboxylic acids and derivatives; Organooxygen compounds; Fatty acid esters; Dicarboxylic acids and derivatives; Carboxylic acid derivatives; Carboxylic acid esters; Fatty alcohol esters; Carbonyl compounds; Fatty Acyls; Organic oxides; Hydrocarbon derivatives; Organic oxygen compounds; Chemical entities	387.310	1059	17.657	857328652290163149	857316099878319023	857316099878319022	23573	
1	C22H40O	[M + H3N + H]+	C22H44NO+	Fatty acids	0.998	Fatty acyls	0.992	Fatty aldehydes	0.485	Lipids and lipid-like molecules	0.520	Fatty Acyls	0.578	Fatty aldehydes	0.797			Fatty aldehydes	0.797	Organic compounds; Lipids and lipid-like molecules; Ketones; Aldehydes; Fatty aldehydes; Organooxygen compounds; Carbonyl compounds; Fatty Acyls; Organic oxides; Hydrocarbon derivatives; Organic oxygen compounds; Chemical entities	338.342	1062	17.693	857328649295430090	857316099932844979	857316099932844978	23594	
2	C22H37N3O4	[M + H]+	C22H38N3O4+	Amino acids and Peptides	0.944	Small peptides	0.370	Dipeptides	0.029	Organic acids and derivatives	0.986	Carboxylic acids and derivatives	0.963	Amino acids, peptides, and analogues	0.571	Amino acids and derivatives	0.558	Amino acids and derivatives	0.558	Organic compounds; Organoheterocyclic compounds; Lipids and lipid-like molecules; Amino acids, peptides, and analogues; Organic acids and derivatives; Carboxylic acids and derivatives; Organonitrogen compounds; Organooxygen compounds; Amino acids and derivatives; Carboxylic acid amides; Carboxylic acid derivatives; Secondary carboxylic acid amides; Carbonyl compounds; Benzene and substituted derivatives; Fatty Acyls; Organic oxides; Azacyclic compounds; Hydrocarbon derivatives; Organopnictogen compounds; Organic oxygen compounds; Organic nitrogen compounds; Chemical entities	408.282	1065	17.752	857328696082891237	857316099983176631	857316099983176630	23694	
1	C24H38O5	[M + H]+	C24H39O5+	Polyketides	0.319	Sesquiterpenoids	0.087	Simple phenolic acids	0.064	Benzenoids	0.998	Benzene and substituted derivatives	0.990	Benzoic acids and derivatives	0.995	Benzoic acid esters	0.983	Benzoic acid esters	0.983	Organic compounds; Benzoic acids and derivatives; Organic acids and derivatives; Carboxylic acids and derivatives; Benzoyl derivatives; Organooxygen compounds; Dicarboxylic acids and derivatives; Carboxylic acid derivatives; Carboxylic acid esters; Benzoic acid esters; Benzene and substituted derivatives; Benzenoids; Organic oxides; Hydrocarbon derivatives; Organic oxygen compounds; Chemical entities	407.279	1065	17.753	857328666907312599	857316100033508283	857316100033508282	23706	
1	C10H30O5Si5	[M + H]+	C10H31O5Si5+	Fatty acids	0.375	Monoterpenoids	0.119	Halogenated fatty acids	0.070	Organic salts	0.702	Organic metal salts	0.633	Organic metalloid salts	0.633			Organic metalloid salts	0.633	Organic compounds; Organometallic compounds; Organometalloid compounds; Organic salts; Organic oxides; Organic metalloid salts; Organic metal salts; Hydrocarbon derivatives; Organic oxygen compounds; Chemical entities	371.101	1077	17.947	857328720367912448	857316100088034239	857316100088034238	23964	
1	C12H38O7Si6	[M - H2O + H]+	C12H37O6Si6+	Fatty acids	0.860	Fatty acyls	0.503	Halogenated fatty acids	0.042	Organometallic compounds	0.875	Organometalloid compounds	0.875	Organoarsenic compounds	0.793	Pentavalent organic arsenic compounds	0.834	Pentaorganoarsanes	0.834	Organic compounds; Organoarsenic compounds; Organometallic compounds; Organometalloid compounds; Organic salts; Organic oxides; Arsine oxides; Organic metalloid salts; Organic metal salts; Pentavalent organic arsenic compounds; Hydrocarbon derivatives; Pentaorganoarsanes; Oxygen-containing organoarsenic compounds; Organic oxygen compounds; Alkylarsine oxides; Chemical entities	445.120	1077	17.948	857328798277109261	857316100150948803	857316100150948802	24018	
1	C8H24O4Si4	[M + H]+	C8H25O4Si4+	Fatty acids	0.704	Fatty acyls	0.188	Halogenated fatty acids	0.328	Organometallic compounds	0.838	Organometalloid compounds	0.838					Organometalloid compounds	0.838	Organic compounds; Organometallic compounds; Organometalloid compounds; Organic oxides; Hydrocarbon derivatives; Organic oxygen compounds; Chemical entities	297.082	1077	17.949	857328911884029685	857316100218057671	857316100213863366	24026	
10	C23H33N5O2S3	[M + H]+	C23H34N5O2S3+	Amino acids and Peptides	0.503	Oligopeptides	0.859	Cyclamides	0.417	Organosulfur compounds	0.809	Thioethers	0.743	Aryl thioethers	0.622	Alkylarylthioethers	0.610	Alkylarylthioethers	0.610	Organic compounds; Organoheterocyclic compounds; Organosulfur compounds; Thiazoles; Organic acids and derivatives; Carboxylic acids and derivatives; Organonitrogen compounds; Organooxygen compounds; Azoles; Carboxylic acid amides; Carboxylic acid derivatives; Thioethers; Secondary carboxylic acid amides; Carbonyl compounds; Amines; Sulfenyl compounds; Alkylarylthioethers; Organic oxides; Azacyclic compounds; Heteroaromatic compounds; Hydrocarbon derivatives; Organopnictogen compounds; Organic oxygen compounds; Aryl thioethers; Organic nitrogen compounds; Chemical entities	508.188	1077	17.949	857328893634612155	857316100280972235	857316100280972234	24023	
3	C21H26N4O2S3	[M + H]+	C21H27N4O2S3+	Amino acids and Peptides	0.921	Oligopeptides	0.922	Cyclamides	0.410	Organosulfur compounds	0.817	Thioethers	0.546	Aryl thioethers	0.538			Aryl thioethers	0.538	Organic compounds; Organoheterocyclic compounds; Organosulfur compounds; Thiazoles; Organic acids and derivatives; Carboxylic acids and derivatives; Organonitrogen compounds; Organooxygen compounds; Azoles; Carboxylic acid amides; Carboxylic acid derivatives; Thioethers; Secondary carboxylic acid amides; Benzene and substituted derivatives; Benzenoids; Sulfenyl compounds; Organic oxides; Azacyclic compounds; Heteroaromatic compounds; Hydrocarbon derivatives; Organopnictogen compounds; Organic oxygen compounds; Aryl thioethers; Organic nitrogen compounds; Chemical entities	463.131	1077	17.950	857328898156071882	857316100356469711	857316100352275406	24019	
1	C6H18O3Si3	[M + H]+	C6H19O3Si3+	Fatty acids	0.400	Monoterpenoids	0.201	Halogenated fatty acids	0.066	Organometallic compounds	0.764	Organometalloid compounds	0.764					Organometalloid compounds	0.764	Organic compounds; Organometallic compounds; Organometalloid compounds; Organic salts; Organic oxides; Hydrocarbon derivatives; Organic oxygen compounds; Chemical entities	223.064	1077	17.953	857328884012878030	857316100452938711	857316100452938710	24048	
4	C6H15NO2Si2	[M + H]+	C6H16NO2Si2+	Alkaloids	0.650	Monoterpenoids	0.088	Halogenated fatty acids	0.024	Organometallic compounds	0.661	Organometalloid compounds	0.661					Organometalloid compounds	0.661	Organic compounds; Organonitrogen compounds; Organometallic compounds; Organometalloid compounds; Organic salts; Organic oxides; Hydrocarbon derivatives; Organic oxygen compounds; Organic nitrogen compounds; Chemical entities	190.071	1077	17.953	857328903436700852	857316100503270363	857316100503270362	24030	
1	C19H40O4	[M + H]+	C19H41O4+	Fatty acids	1.000	Glycerolipids	0.983	Monoacylglycerols	0.851	Lipids and lipid-like molecules	0.741	Glycerolipids	0.815	Glycerol ethers	0.588			Glycerol ethers	0.588	Organic compounds; Lipids and lipid-like molecules; Alcohols and polyols; Glycerolipids; Ethers; Primary alcohols; Organooxygen compounds; Dialkyl ethers; Glycerol ethers; Hydrocarbon derivatives; Organic oxygen compounds; Chemical entities	333.300	1088	18.126	857328903910657211	857316100595545059	857316100595545058	24311	
1	C20H42OSi	[M + H]+	C20H43OSi+	Fatty acids	0.855	Fatty acyls	0.730	Fatty alcohols	0.540	Lipids and lipid-like molecules	0.533							Lipids and lipid-like molecules	0.533	Organic compounds; Lipids and lipid-like molecules; Organooxygen compounds; Hydrocarbon derivatives; Organic oxygen compounds; Chemical entities	327.308	1089	18.154	857328899259173842	857316100650071015	857316100650071014	24382	
2	C22H25N5O3	[M + K]+	C22H25KN5O3+	Alkaloids	0.414	Small peptides	0.055	Benzodiazepine alkaloids	0.027	Benzenoids	0.982	Benzene and substituted derivatives	0.675					Benzene and substituted derivatives	0.675	Organic compounds; Organoheterocyclic compounds; Ethers; Organic acids and derivatives; Carboxylic acids and derivatives; Organonitrogen compounds; Organooxygen compounds; Azoles; Carboxylic acid amides; Carboxylic acid derivatives; Secondary carboxylic acid amides; Carbonyl compounds; Benzene and substituted derivatives; Benzenoids; Organic oxides; Azacyclic compounds; Heteroaromatic compounds; Hydrocarbon derivatives; Organopnictogen compounds; Organic oxygen compounds; Organic nitrogen compounds; Chemical entities	446.162	1090	18.169	857329012274708519	857316100700402667	857316100696208362	24431	
1	C24H38O5	[M + H]+	C24H39O5+	Polyketides	0.215	Sesquiterpenoids	0.132	Simple phenolic acids	0.051	Benzenoids	0.996	Benzene and substituted derivatives	0.984	Benzoic acids and derivatives	0.993	Benzoic acid esters	0.977	Benzoic acid esters	0.977	Organic compounds; Benzoic acids and derivatives; Organic acids and derivatives; Carboxylic acids and derivatives; Benzoyl derivatives; Organooxygen compounds; Dicarboxylic acids and derivatives; Carboxylic acid derivatives; Carboxylic acid esters; Benzoic acid esters; Benzene and substituted derivatives; Benzenoids; Organic oxides; Hydrocarbon derivatives; Organic oxygen compounds; Chemical entities	407.279	1093	18.219	857328897933773758	857316100746540015	857316100742345710	24494	
1	C26H45NO5	[M + H]+	C26H46NO5+	Fatty acids	0.305	Small peptides	0.018	Tripeptides	0.008	Organic acids and derivatives	0.933	Carboxylic acids and derivatives	0.931	Amino acids, peptides, and analogues	0.577	Amino acids and derivatives	0.572	Amino acids and derivatives	0.572	Organic compounds; Lipids and lipid-like molecules; Amino acids, peptides, and analogues; Organic acids and derivatives; Carboxylic acids and derivatives; Organonitrogen compounds; Organooxygen compounds; Amino acids and derivatives; Carboxylic acid derivatives; Carboxylic acid esters; Carbonyl compounds; Benzene and substituted derivatives; Benzenoids; Amines; Fatty Acyls; Organic oxides; Hydrocarbon derivatives; Organopnictogen compounds; Organic oxygen compounds; Organic nitrogen compounds; Chemical entities	452.337	1093	18.222	857328903159876775	857316100792677363	857316100792677362	24490	
2	C8H6O4	[M - H2O + H]+	C8H5O3+	Shikimates and Phenylpropanoids	0.992	Phenolic acids (C6-C1)	0.998	Simple phenolic acids	0.996	Benzenoids	0.993	Benzene and substituted derivatives	0.940	Benzoic acids and derivatives	0.935	Hydroxybenzoic acid derivatives	0.605	Hydroxybenzoic acid derivatives	0.605	Organic compounds; Phenols; Benzoic acids and derivatives; Organic acids and derivatives; Carboxylic acids and derivatives; Benzoyl derivatives; Organooxygen compounds; Carboxylic acids; Hydroxybenzoic acid derivatives; Benzene and substituted derivatives; Benzenoids; Benzoic acids; Organic oxides; Hydrocarbon derivatives; Organic oxygen compounds; Chemical entities	149.023	1094	18.239	857328908071406793	857316100843009015	857316100838814710	24525	
3	C24H45NO5	[M + Na]+	C24H45NNaO5+	Fatty acids	0.967	Fatty amides	0.547	N-acyl amines	0.251	Organic acids and derivatives	0.993	Carboxylic acids and derivatives	0.985	Amino acids, peptides, and analogues	0.577	Amino acids and derivatives	0.573	Alpha amino acids and derivatives	0.534	Organic compounds; Lipids and lipid-like molecules; Amino acids, peptides, and analogues; Alpha amino acids and derivatives; Organic acids and derivatives; Carboxylic acids and derivatives; Organonitrogen compounds; Organooxygen compounds; Fatty amides; Amino acids and derivatives; Carboxylic acid amides; Carboxylic acid derivatives; N-acyl amines; Monocarboxylic acids and derivatives; Carboxylic acid esters; Tertiary carboxylic acid amides; Carbonyl compounds; Fatty Acyls; Organic oxides; Hydrocarbon derivatives; Organopnictogen compounds; Organic oxygen compounds; Organic nitrogen compounds; Chemical entities	450.321	1095	18.254	857328913884712715	857316100889146363	857316100889146362	24544	
1	C24H36O5	[M + H]+	C24H37O5+	Terpenoids	0.702	Sesquiterpenoids	0.327	Open-chain polyketides	0.017	Benzenoids	0.873	Benzene and substituted derivatives	0.766	Benzoic acids and derivatives	0.742	Benzoic acid esters	0.580	Benzoic acid esters	0.580	Organic compounds; Lipids and lipid-like molecules; Benzoic acids and derivatives; Organic acids and derivatives; Carboxylic acids and derivatives; Benzoyl derivatives; Organooxygen compounds; Dicarboxylic acids and derivatives; Carboxylic acid derivatives; Carboxylic acid esters; Benzoic acid esters; Carbonyl compounds; Benzene and substituted derivatives; Benzenoids; Fatty Acyls; Organic oxides; Hydrocarbon derivatives; Organic oxygen compounds; Chemical entities	405.263	1095	18.254	857328918636859165	857316100939478015	857316100939478014	24542	
1	C24H36O5	[M + H3N + H]+	C24H40NO5+	Polyketides	0.434	Sesquiterpenoids	0.177	Cholane steroids	0.012	Benzenoids	0.941	Benzene and substituted derivatives	0.767	Benzoic acids and derivatives	0.830	Benzoic acid esters	0.699	Benzoic acid esters	0.699	Organic compounds; Lipids and lipid-like molecules; Benzoic acids and derivatives; Organic acids and derivatives; Carboxylic acids and derivatives; Benzoyl derivatives; Organooxygen compounds; Dicarboxylic acids and derivatives; Carboxylic acid derivatives; Carboxylic acid esters; Benzoic acid esters; Carbonyl compounds; Benzene and substituted derivatives; Benzenoids; Fatty Acyls; Organic oxides; Hydrocarbon derivatives; Organic oxygen compounds; Chemical entities	422.290	1096	18.259	857328915017174803	857316100985615363	857316100985615362	24554	
1	C21H30ClN3O3	[M + K]+	C21H30ClKN3O3+	Amino acids and Peptides	0.370	Oligopeptides	0.260	Carboline alkaloids	0.057	Organic acids and derivatives	0.944	Carboxylic acids and derivatives	0.926	Amino acids, peptides, and analogues	0.755	Amino acids and derivatives	0.753	Amino acids and derivatives	0.753	Organic compounds; Organoheterocyclic compounds; Amino acids, peptides, and analogues; Organic acids and derivatives; Carboxylic acids and derivatives; Organohalogen compounds; Organonitrogen compounds; Organooxygen compounds; Amino acids and derivatives; Azoles; Carboxylic acid amides; Aryl chlorides; Carboxylic acid derivatives; Organochlorides; Secondary carboxylic acid amides; Carbonyl compounds; Benzene and substituted derivatives; Benzenoids; Amines; Aryl halides; Organic oxides; Azacyclic compounds; Heteroaromatic compounds; Hydrocarbon derivatives; Organopnictogen compounds; Organic oxygen compounds; Organic nitrogen compounds; Chemical entities	446.162	1098	18.294	857328913867935487	857316101031752711	857316101031752710	24627	
1	C22H45NO2	[M + H]+	C22H46NO2+	Fatty acids	1.000	Fatty amides	0.999	N-acyl ethanolamines (endocannabinoids)	0.958	Lipids and lipid-like molecules	0.829	Fatty Acyls	0.865	Fatty amides	0.791			Fatty amides	0.791	Organic compounds; Lipids and lipid-like molecules; Alcohols and polyols; Organic acids and derivatives; Carboxylic acids and derivatives; Organonitrogen compounds; Primary alcohols; Organooxygen compounds; Fatty amides; Carboxylic acid amides; Carboxylic acid derivatives; Carbonyl compounds; Fatty Acyls; Organic oxides; Hydrocarbon derivatives; Organopnictogen compounds; Organic oxygen compounds; Organic nitrogen compounds; Chemical entities	356.352	1100	18.332	857328905311554757	857316101073695755	857316101073695754	24643	
2	C22H49N5O	[M + Na]+	C22H49N5NaO+	Alkaloids	0.244	Histidine alkaloids	0.128	Imidazole alkaloids	0.129	Organoheterocyclic compounds	0.660	Azoles	0.633					Azoles	0.633	Organic compounds; Organoheterocyclic compounds; Organic acids and derivatives; Carboxylic acids and derivatives; Organonitrogen compounds; Organooxygen compounds; Azoles; Carboxylic acid derivatives; Carbonyl compounds; Amines; Organic oxides; Azacyclic compounds; Heteroaromatic compounds; Hydrocarbon derivatives; Organopnictogen compounds; Organic oxygen compounds; Organic nitrogen compounds; Chemical entities	422.384	1105	18.410	857328924768931744	857316101115638799	857316101115638798	24750	
1	C19H39NO2S	[M + H]+	C19H40NO2S+	Fatty acids	0.924	Fatty amides	0.612	Primary amides	0.205	Organic acids and derivatives	0.902	Carboxylic acids and derivatives	0.749					Carboxylic acids and derivatives	0.749	Organic compounds; Organosulfur compounds; Organic acids and derivatives; Carboxylic acids and derivatives; Organonitrogen compounds; Organooxygen compounds; Carbonyl compounds; Sulfenyl compounds; Organic oxides; Hydrocarbon derivatives; Organopnictogen compounds; Organic oxygen compounds; Organic nitrogen compounds; Chemical entities	346.277	1108	18.459	857329011171606555	857316101153387539	857316101153387538	24823	
1	C22H45NO2	[M + H]+	C22H46NO2+	Fatty acids	1.000	Fatty amides	0.999	N-acyl ethanolamines (endocannabinoids)	0.924	Lipids and lipid-like molecules	0.780	Fatty Acyls	0.815	Fatty amides	0.752	N-acyl amines	0.541	N-acyl amines	0.541	Organic compounds; Lipids and lipid-like molecules; Alcohols and polyols; Organic acids and derivatives; Carboxylic acids and derivatives; Organonitrogen compounds; Primary alcohols; Organooxygen compounds; Fatty amides; Carboxylic acid amides; Carboxylic acid derivatives; N-acyl amines; Secondary carboxylic acid amides; Carbonyl compounds; Fatty Acyls; Organic oxides; Hydrocarbon derivatives; Organopnictogen compounds; Organic oxygen compounds; Organic nitrogen compounds; Chemical entities	356.352	1108	18.462	857329100187320546	857316101195330583	857316101195330582	24829	
2	C16H33NO	[M + C2H3N + H]+	C18H37N2O+	Fatty acids	0.998	Fatty amides	0.998	Primary amides	0.998	Lipids and lipid-like molecules	0.792	Fatty Acyls	0.802	Fatty amides	0.821			Fatty amides	0.821	Organic compounds; Lipids and lipid-like molecules; Organic acids and derivatives; Carboxylic acids and derivatives; Organonitrogen compounds; Organooxygen compounds; Fatty amides; Carboxylic acid amides; Carboxylic acid derivatives; Primary carboxylic acid amides; Carbonyl compounds; Fatty Acyls; Organic oxides; Hydrocarbon derivatives; Organopnictogen compounds; Organic oxygen compounds; Organic nitrogen compounds; Chemical entities	297.290	1109	18.482	857329129086075111	857316101233079323	857316101233079322	24856	
1	C26H45NO5	[M + H]+	C26H46NO5+	Alkaloids	0.142	Anthranilic acid alkaloids	0.026	Anthranillic acid derivatives	0.009	Organic acids and derivatives	0.986	Carboxylic acids and derivatives	0.985	Amino acids, peptides, and analogues	0.749	Amino acids and derivatives	0.747	Amino acids and derivatives	0.747	Organic compounds; Amino acids, peptides, and analogues; Benzoic acids and derivatives; Organic acids and derivatives; Carboxylic acids and derivatives; Organonitrogen compounds; Benzoyl derivatives; Organooxygen compounds; Dicarboxylic acids and derivatives; Amino acids and derivatives; Carboxylic acid derivatives; Carboxylic acid esters; Benzoic acid esters; Carbonyl compounds; Benzene and substituted derivatives; Benzenoids; Amines; Organic oxides; Hydrocarbon derivatives; Organopnictogen compounds; Organic oxygen compounds; Organic nitrogen compounds; Chemical entities	452.337	1111	18.512	857329364399114447	857316101270828063	857316101270828062	24876	
2	C16H32O3	[M - H2O + H]+	C16H31O2+	Fatty acids	1.000	Fatty Acids and Conjugates	0.927	Hydroxy fatty acids	0.996	Lipids and lipid-like molecules	0.995	Fatty Acyls	0.995	Fatty acids and conjugates	0.934	Long-chain fatty acids	0.722	Long-chain fatty acids	0.722	Organic compounds; Lipids and lipid-like molecules; Alcohols and polyols; Fatty acids and conjugates; Organic acids and derivatives; Carboxylic acids and derivatives; Primary alcohols; Organooxygen compounds; Hydroxy fatty acids; Monocarboxylic acids and derivatives; Carboxylic acids; Secondary alcohols; Carbonyl compounds; Long-chain fatty acids; Fatty Acyls; Organic oxides; Hydrocarbon derivatives; Organic oxygen compounds; Chemical entities	255.232	1111	18.513	857329364973734106	857316101308576803	857316101308576802	24888	
3	C26H22N2O3	[M + H]+	C26H23N2O3+	Alkaloids	0.510	Tryptophan alkaloids	0.121	Carbazole alkaloids	0.072	Benzenoids	0.999	Benzene and substituted derivatives	0.983	Cumenes	0.661			Cumenes	0.661	Organic compounds; Organoheterocyclic compounds; Ethers; Organic acids and derivatives; Carboxylic acids and derivatives; Organonitrogen compounds; Organooxygen compounds; Cumenes; Carboxylic acid amides; Carboxylic acid derivatives; Benzene and substituted derivatives; Phenol ethers; Benzenoids; Phenylpropanes; Organic oxides; Azacyclic compounds; Hydrocarbon derivatives; Organopnictogen compounds; Organic oxygen compounds; Organic nitrogen compounds; Phenoxy compounds; Chemical entities	411.172	1111	18.520	857329421747837032	857316101346325543	857316101346325542	24906	
1	C28H35NO2	[M + K]+	C28H35KNO2+	Alkaloids	0.320	Flavonoids	0.097	Chalcones	0.059	Benzenoids	0.989	Benzene and substituted derivatives	0.875	Diphenylmethanes	0.785			Diphenylmethanes	0.785	Organic compounds; Phenols; Organonitrogen compounds; Organooxygen compounds; Diphenylmethanes; Trialkylamines; Benzene and substituted derivatives; Benzenoids; Amines; Tertiary amines; Aralkylamines; Hydrocarbon derivatives; Organopnictogen compounds; Organic oxygen compounds; 1-hydroxy-2-unsubstituted benzenoids; Organic nitrogen compounds; Chemical entities	456.230	1111	18.522	857329406782560034	857316101384074283	857316101384074282	24912	
1	C24H38O5	[M + H]+	C24H39O5+	Polyketides	0.274	Sesquiterpenoids	0.088	Simple phenolic acids	0.053	Benzenoids	0.997	Benzene and substituted derivatives	0.989	Benzoic acids and derivatives	0.993	Benzoic acid esters	0.976	Benzoic acid esters	0.976	Organic compounds; Benzoic acids and derivatives; Organic acids and derivatives; Carboxylic acids and derivatives; Benzoyl derivatives; Organooxygen compounds; Dicarboxylic acids and derivatives; Carboxylic acid derivatives; Carboxylic acid esters; Benzoic acid esters; Benzene and substituted derivatives; Benzenoids; Organic oxides; Hydrocarbon derivatives; Organic oxygen compounds; Chemical entities	407.279	1117	18.623	857329392291236562	857316101463766067	857316101463766066	25055	
2	C21H40N2O3	[M + K]+	C21H40KN2O3+	Amino acids and Peptides	0.714	Small peptides	0.769	Dipeptides	0.283	Organic acids and derivatives	0.992	Carboxylic acids and derivatives	0.985	Amino acids, peptides, and analogues	0.939	Amino acids and derivatives	0.936	N-acyl-alpha amino acids and derivatives	0.638	Organic compounds; Lipids and lipid-like molecules; Amino acids, peptides, and analogues; Alpha amino acids and derivatives; Organic acids and derivatives; Carboxylic acids and derivatives; Organonitrogen compounds; Organooxygen compounds; Amino acids and derivatives; Carboxylic acid amides; Carboxylic acid derivatives; Monocarboxylic acids and derivatives; N-acyl-alpha amino acids and derivatives; Secondary carboxylic acid amides; Carbonyl compounds; Amines; Fatty Acyls; Organic oxides; Hydrocarbon derivatives; Organopnictogen compounds; Organic oxygen compounds; Organic nitrogen compounds; Chemical entities	407.269	1117	18.624	857329394631658214	857316101501514807	857316101501514806	25052	
1	C24H38O5	[M - H2O + H]+	C24H37O4+	Terpenoids	0.521	Sesquiterpenoids	0.188	Simple phenolic acids	0.022	Benzenoids	0.990	Benzene and substituted derivatives	0.959	Benzoic acids and derivatives	0.982	Benzoic acid esters	0.947	Benzoic acid esters	0.947	Organic compounds; Benzoic acids and derivatives; Organic acids and derivatives; Carboxylic acids and derivatives; Benzoyl derivatives; Organooxygen compounds; Dicarboxylic acids and derivatives; Carboxylic acid derivatives; Carboxylic acid esters; Benzoic acid esters; Benzene and substituted derivatives; Benzenoids; Organic oxides; Hydrocarbon derivatives; Organic oxygen compounds; Chemical entities	389.269	1118	18.628	857329395063671536	857316101539263547	857316101539263546	25064	
1	C26H45NO5	[M + H]+	C26H46NO5+	Alkaloids	0.142	Small peptides	0.042	Aminoacids	0.014	Organic acids and derivatives	0.993	Carboxylic acids and derivatives	0.991	Amino acids, peptides, and analogues	0.768	Amino acids and derivatives	0.766	Alpha amino acids and derivatives	0.515	Organic compounds; Amino acids, peptides, and analogues; Alpha amino acids and derivatives; Benzoic acids and derivatives; Organic acids and derivatives; Carboxylic acids and derivatives; Organonitrogen compounds; Benzoyl derivatives; Organooxygen compounds; Amino acids and derivatives; Carboxylic acid amides; Carboxylic acid derivatives; Carboxylic acid esters; Benzoic acid esters; Carbonyl compounds; Benzene and substituted derivatives; Benzenoids; Amines; Organic oxides; Hydrocarbon derivatives; Organopnictogen compounds; Organic oxygen compounds; Organic nitrogen compounds; Chemical entities	452.337	1118	18.631	857329406476375304	857316101581206591	857316101581206590	25065	
1	C20H43NOS	[M + K]+	C20H43KNOS+	Fatty acids	0.917	Fatty acyls	0.133	Sphingoid bases	0.366	Organic nitrogen compounds	0.888	Organonitrogen compounds	0.840					Organonitrogen compounds	0.840	Organic compounds; Organosulfur compounds; Organic acids and derivatives; Organonitrogen compounds; Organic oxides; Hydrocarbon derivatives; Organic oxygen compounds; Organic nitrogen compounds; Chemical entities	384.270	1119	18.656	857329406421849341	857316101623149635	857316101623149634	25083	
1	C16H35O3PS	[M + H]+	C16H36O3PS+	Fatty acids	0.249	Monoterpenoids	0.077	Glycerophosphates	0.007	Organic acids and derivatives	0.962	Organic dithiophosphoric acids and derivatives	0.870	Dithiophosphate O-esters	0.863	Phosphorodithioic acid O,O-diesters	0.762	Phosphorodithioic acid O,O-diesters	0.762	Organic compounds; Organic acids and derivatives; Organooxygen compounds; Organic thiophosphoric acids and derivatives; Thiophosphoric acid esters; Organic dithiophosphoric acids and derivatives; Hydrocarbon derivatives; Dithiophosphate O-esters; Organic oxygen compounds; Phosphorodithioic acid O,O-diesters; Chemical entities	339.212	1119	18.658	857329424356694128	857316101660898375	857316101656704070	25093	
2	C19H36O4	[M - H2O + H]+	C19H35O3+	Fatty acids	1.000	Fatty acyls	0.977	Fatty alcohols	0.995	Lipids and lipid-like molecules	0.993	Fatty Acyls	0.982	Fatty alcohols	0.912	Long-chain fatty alcohols	0.942	Long-chain fatty alcohols	0.942	Organic compounds; Lipids and lipid-like molecules; Alcohols and polyols; Organic acids and derivatives; Carboxylic acids and derivatives; Primary alcohols; Organooxygen compounds; Fatty acid esters; Carboxylic acid derivatives; Monoacylglycerols; Monocarboxylic acids and derivatives; Carboxylic acid esters; Fatty alcohols; Secondary alcohols; Fatty alcohol esters; Carbonyl compounds; Polyols; 1,2-diols; Long-chain fatty alcohols; Monoradylglycerols; Fatty Acyls; Organic oxides; Hydrocarbon derivatives; Organic oxygen compounds; Chemical entities	311.258	1120	18.662	857329457323925908	857316101698647115	857316101694452810	25105	
1	C24H46O7	[M + H3N + H]+	C24H50NO7+	Fatty acids	0.945	Fatty esters	0.703	Wax diesters	0.508	Lipids and lipid-like molecules	0.865	Fatty Acyls	0.873	Fatty acid esters	0.868			Fatty acid esters	0.868	Organic compounds; Lipids and lipid-like molecules; Ethers; Organic acids and derivatives; Carboxylic acids and derivatives; Organooxygen compounds; Fatty acid esters; Dicarboxylic acids and derivatives; Carboxylic acid derivatives; Dialkyl ethers; Carboxylic acid esters; Carbonyl compounds; Fatty Acyls; Organic oxides; Hydrocarbon derivatives; Organic oxygen compounds; Chemical entities	464.358	1120	18.669	857329443772128993	857316101774144595	857316101774144594	25104	
1	C17H35NO	[M + H]+	C17H36NO+	Fatty acids	0.915	Fatty amides	0.710	Primary amides	0.160	Organic oxygen compounds	0.994	Organooxygen compounds	0.860	Carbonyl compounds	0.649			Carbonyl compounds	0.649	Organic compounds; Organonitrogen compounds; Organooxygen compounds; Carbonyl compounds; Organic oxides; Hydrocarbon derivatives; Organopnictogen compounds; Organic oxygen compounds; Organic nitrogen compounds; Chemical entities	270.279	1122	18.694	857329432057436602	857316101816087639	857316101816087638	25150	
2	C27H39N5O	[M + H]+	C27H40N5O+	Alkaloids	0.516	Pseudoalkaloids (transamidation)	0.052	Pyrrole alkaloids	0.038	Organic nitrogen compounds	1.000	Organonitrogen compounds	1.000	Amines	0.747	Tertiary amines	0.503	Tertiary alkylarylamines	0.520	Organic compounds; Organoheterocyclic compounds; Organic acids and derivatives; Carboxylic acids and derivatives; Organonitrogen compounds; Organooxygen compounds; Azoles; Carboxylic acid amides; Carboxylic acid derivatives; Secondary carboxylic acid amides; Carbonyl compounds; Benzene and substituted derivatives; Benzenoids; Amines; Tertiary amines; Tertiary alkylarylamines; Organic oxides; Azacyclic compounds; Heteroaromatic compounds; Hydrocarbon derivatives; Organopnictogen compounds; Organic oxygen compounds; Organic nitrogen compounds; Chemical entities	450.321	1126	18.765	857329428995594421	857316101899973727	857316101899973726	25232	
1	C24H36O5	[M + H3N + H]+	C24H40NO5+	Polyketides	0.667	Linear polyketides	0.102	Prostaglandins	0.050	Benzenoids	0.636							Benzenoids	0.636	Organic compounds; Organoheterocyclic compounds; Lipids and lipid-like molecules; Alcohols and polyols; Ethers; Organic acids and derivatives; Carboxylic acids and derivatives; Organooxygen compounds; Carboxylic acid derivatives; Carboxylic acid esters; Secondary alcohols; Carbonyl compounds; Benzenoids; Fatty Acyls; Organic oxides; Oxacyclic compounds; Hydrocarbon derivatives; Organic oxygen compounds; Chemical entities	422.290	1126	18.766	857329443977650307	857316101941916771	857316101941916770	25239	
1	C24H36O4	[M + H]+	C24H37O4+	Terpenoids	0.318	Sesquiterpenoids	0.175	Simple phenolic acids	0.030	Benzenoids	0.996	Benzene and substituted derivatives	0.982	Benzoic acids and derivatives	0.991	Benzoic acid esters	0.973	Benzoic acid esters	0.973	Organic compounds; Benzoic acids and derivatives; Organic acids and derivatives; Carboxylic acids and derivatives; Benzoyl derivatives; Organooxygen compounds; Dicarboxylic acids and derivatives; Carboxylic acid derivatives; Carboxylic acid esters; Benzoic acid esters; Benzene and substituted derivatives; Benzenoids; Organic oxides; Hydrocarbon derivatives; Organic oxygen compounds; Chemical entities	389.269	1126	18.767	857329445756035463	857316101858030683	857316101858030682	25225	
1	C18H34O	[M + H]+	C18H35O+	Fatty acids	0.999	Fatty acyls	0.997	Fatty alcohols	0.984	Lipids and lipid-like molecules	0.708	Fatty Acyls	0.792	Fatty alcohols	0.813	Long-chain fatty alcohols	0.792	Long-chain fatty alcohols	0.792	Organic compounds; Lipids and lipid-like molecules; Alcohols and polyols; Primary alcohols; Organooxygen compounds; Fatty alcohols; Carbonyl compounds; Long-chain fatty alcohols; Fatty Acyls; Hydrocarbon derivatives; Organic oxygen compounds; Chemical entities	267.268	1129	18.809	857329460687757730	857316102025802859	857316102025802858	25281	
2	C19H38O3	[M - H2O + H]+	C19H37O2+	Fatty acids	1.000	Fatty acyls	0.610	Fatty alcohols	0.899	Lipids and lipid-like molecules	0.993	Fatty Acyls	0.992	Fatty alcohols	0.774	Long-chain fatty alcohols	0.709	Long-chain fatty alcohols	0.709	Organic compounds; Lipids and lipid-like molecules; Alcohols and polyols; Organic acids and derivatives; Carboxylic acids and derivatives; Primary alcohols; Organooxygen compounds; Fatty acid esters; Carboxylic acid derivatives; Monocarboxylic acids and derivatives; Carboxylic acid esters; Fatty alcohols; Secondary alcohols; Carbonyl compounds; Long-chain fatty alcohols; Fatty Acyls; Organic oxides; Hydrocarbon derivatives; Organic oxygen compounds; Chemical entities	297.279	1135	18.917	857329444032176270	857316102071940207	857316102071940206	25429	
2	C25H49N5O	[M + H]+	C25H50N5O+	Alkaloids	0.563	Histidine alkaloids	0.151	Imidazole alkaloids	0.151	Organoheterocyclic compounds	0.987	Azoles	0.871					Azoles	0.871	Organic compounds; Organoheterocyclic compounds; Organic acids and derivatives; Organonitrogen compounds; Organooxygen compounds; Azoles; Amines; Organic oxides; Azacyclic compounds; Heteroaromatic compounds; Hydrocarbon derivatives; Organopnictogen compounds; Organic oxygen compounds; Organic nitrogen compounds; Chemical entities	436.400	1138	18.966	857329432250375020	857316102118077555	857316102118077554	25503	
1	C17H35NO	[M + H]+	C17H36NO+	Fatty acids	0.999	Fatty amides	0.998	Primary amides	0.984	Lipids and lipid-like molecules	0.842	Fatty Acyls	0.851	Fatty amides	0.872	N-acyl amines	0.607	N-acyl amines	0.607	Organic compounds; Lipids and lipid-like molecules; Organic acids and derivatives; Carboxylic acids and derivatives; Organonitrogen compounds; Organooxygen compounds; Fatty amides; Carboxylic acid amides; Carboxylic acid derivatives; N-acyl amines; Primary carboxylic acid amides; Carbonyl compounds; Fatty Acyls; Organic oxides; Hydrocarbon derivatives; Organopnictogen compounds; Organic oxygen compounds; Organic nitrogen compounds; Chemical entities	270.279	1140	18.994	857329486851826092	857316102164214903	857316102164214902	25544	
1	C6H13N	[M + H]+	C6H14N+	Alkaloids	0.946	Ornithine alkaloids	0.352	Acetate-derived alkaloids	0.702	Organoheterocyclic compounds	0.687	Pyrrolidines	0.596	N-alkylpyrrolidines	0.506			N-alkylpyrrolidines	0.506	Organic compounds; Organoheterocyclic compounds; Pyrrolidines; Organonitrogen compounds; Trialkylamines; Amines; Tertiary amines; N-alkylpyrrolidines; Azacyclic compounds; Hydrocarbon derivatives; Organopnictogen compounds; Organic nitrogen compounds; Chemical entities	100.112	1143	19.054	857329451934245266	857316102218740859	857316102214546554	25627	
2	C24H42O5	[M + C2H3N + H]+	C26H46NO5+	Polyketides	0.306	Sesquiterpenoids	0.089	Simple phenolic acids	0.028	Benzenoids	0.986	Benzene and substituted derivatives	0.963	Benzoic acids and derivatives	0.978	Benzoic acid esters	0.948	Benzoic acid esters	0.948	Organic compounds; Benzoic acids and derivatives; Organic acids and derivatives; Carboxylic acids and derivatives; Benzoyl derivatives; Organooxygen compounds; Dicarboxylic acids and derivatives; Carboxylic acid derivatives; Carboxylic acid esters; Benzoic acid esters; Benzene and substituted derivatives; Benzenoids; Organic oxides; Hydrocarbon derivatives; Organic oxygen compounds; Chemical entities	452.337	1145	19.089	857329962716586423	857316102264878207	857316102264878206	25698	
1	C24H38O5	[M - H2O + H]+	C24H37O4+	Terpenoids	0.353	Sesquiterpenoids	0.180	Simple phenolic acids	0.044	Benzenoids	0.996	Benzene and substituted derivatives	0.982	Benzoic acids and derivatives	0.991	Benzoic acid esters	0.967	Benzoic acid esters	0.967	Organic compounds; Benzoic acids and derivatives; Organic acids and derivatives; Carboxylic acids and derivatives; Benzoyl derivatives; Organooxygen compounds; Dicarboxylic acids and derivatives; Carboxylic acid derivatives; Carboxylic acid esters; Benzoic acid esters; Benzene and substituted derivatives; Benzenoids; Organic oxides; Hydrocarbon derivatives; Organic oxygen compounds; Chemical entities	389.269	1146	19.092	857329968181764574	857316102311015555	857316102306821250	25703	
1	C8H4O3	[M + H]+	C8H5O3+	Polyketides	0.817	Cyclic polyketides	0.863	Phthalide derivatives	0.732	Organoheterocyclic compounds	0.956	Benzofurans	0.923	Benzofuranones	0.963	Phthalic anhydrides	0.974	Phthalic anhydrides	0.974	Organic compounds; Organoheterocyclic compounds; Organic acids and derivatives; Carboxylic acids and derivatives; Benzofurans; Organooxygen compounds; Dicarboxylic acids and derivatives; Carboxylic acid derivatives; Phthalic anhydrides; Carboxylic acid anhydrides; Benzofuranones; Benzenoids; Isobenzofuranones; Organic oxides; Oxacyclic compounds; Hydrocarbon derivatives; Isocoumarans; Organic oxygen compounds; Chemical entities	149.023	1146	19.103	857329972598367196	857316102348764295	857316102348764294	25723	
1	C24H36O5	[M + H]+	C24H37O5+	Terpenoids	0.506	Sesquiterpenoids	0.286	Phthalide derivatives	0.027	Benzenoids	0.927	Benzene and substituted derivatives	0.798	Benzoic acids and derivatives	0.885	Benzoic acid esters	0.803	Benzoic acid esters	0.803	Organic compounds; Lipids and lipid-like molecules; Benzoic acids and derivatives; Organic acids and derivatives; Carboxylic acids and derivatives; Benzoyl derivatives; Organooxygen compounds; Fatty acid esters; Dicarboxylic acids and derivatives; Carboxylic acid derivatives; Carboxylic acid esters; Benzoic acid esters; Carbonyl compounds; Benzene and substituted derivatives; Benzenoids; Fatty Acyls; Organic oxides; Hydrocarbon derivatives; Organic oxygen compounds; Chemical entities	405.263	1146	19.103	857329978822714371	857316102386513035	857316102386513034	25756	
1	C26H43NO5	[M + H]+	C26H44NO5+	Fatty acids	0.284	Fatty amides	0.036	N-acyl amines	0.016	Organic acids and derivatives	0.985	Carboxylic acids and derivatives	0.982	Amino acids, peptides, and analogues	0.629	Amino acids and derivatives	0.628	Alpha amino acids and derivatives	0.558	Organic compounds; Organoheterocyclic compounds; Lipids and lipid-like molecules; Amino acids, peptides, and analogues; Alpha amino acids and derivatives; Ethers; Organic acids and derivatives; Carboxylic acids and derivatives; Organonitrogen compounds; Benzodioxoles; Organooxygen compounds; Fatty acid esters; Amino acids and derivatives; Carboxylic acid amides; Carboxylic acid derivatives; Monocarboxylic acids and derivatives; Carboxylic acid esters; Acetals; Tertiary carboxylic acid amides; Carbonyl compounds; Benzene and substituted derivatives; Benzenoids; Fatty Acyls; Organic oxides; Oxacyclic compounds; Hydrocarbon derivatives; Organopnictogen compounds; Organic oxygen compounds; Organic nitrogen compounds; Chemical entities	450.321	1147	19.112	857329984631825476	857316102424261775	857316102424261774	25574	
1	C19H38O4	[M + H]+	C19H39O4+	Fatty acids	1.000	Glycerolipids	0.992	Monoacylglycerols	0.987	Lipids and lipid-like molecules	0.993	Glycerolipids	0.976	Monoradylglycerols	0.947	Monoacylglycerols	0.939	1-monoacylglycerols	0.729	Organic compounds; Lipids and lipid-like molecules; Alcohols and polyols; Glycerolipids; Organic acids and derivatives; Carboxylic acids and derivatives; Primary alcohols; Organooxygen compounds; Fatty acid esters; Carboxylic acid derivatives; Monoacylglycerols; Monocarboxylic acids and derivatives; Carboxylic acid esters; 1-monoacylglycerols; 2-monoacylglycerols; Secondary alcohols; Carbonyl compounds; Polyols; 1,2-diols; Monoradylglycerols; Fatty Acyls; Organic oxides; Hydrocarbon derivatives; Organic oxygen compounds; Chemical entities	331.284	1148	19.139	857329981704201229	857316102466204819	857316102466204818	25802	
4	C12H16N3O2	[M + H]+	C12H17N3O2+	Alkaloids	0.478	Small peptides	0.087	Dipeptides	0.034	Organoheterocyclic compounds	0.740	Azoles	0.635					Azoles	0.635	Organic compounds; Organoheterocyclic compounds; Organic acids and derivatives; Carboxylic acids and derivatives; Organonitrogen compounds; Organooxygen compounds; Azoles; Carbonyl compounds; Organic oxides; Azacyclic compounds; Heteroaromatic compounds; Hydrocarbon derivatives; Organopnictogen compounds; Organic oxygen compounds; Organic nitrogen compounds; Chemical entities	235.132	1148	19.140	857330005662065745	857316102592033943	857316102592033942	25806	
1	C28H49NO5	[M + H]+	C28H50NO5+	Fatty acids	0.187	Fatty amides	0.029	N-acyl amines	0.013	Organic acids and derivatives	0.968	Carboxylic acids and derivatives	0.972	Amino acids, peptides, and analogues	0.714	Amino acids and derivatives	0.712	Amino acids and derivatives	0.712	Organic compounds; Lipids and lipid-like molecules; Amino acids, peptides, and analogues; Ethers; Organic acids and derivatives; Carboxylic acids and derivatives; Organonitrogen compounds; Organooxygen compounds; Amino acids and derivatives; Carboxylic acid amides; Carboxylic acid derivatives; Carboxylic acid esters; Carbonyl compounds; Benzene and substituted derivatives; Benzenoids; Amines; Organic oxides; Hydrocarbon derivatives; Organopnictogen compounds; Organic oxygen compounds; Organic nitrogen compounds; Phenoxy compounds; Chemical entities	480.368	1155	19.244	857330128316101220	857316102688502943	857316102688502942	25919	
1	C16H33NO	[M + H]+	C16H34NO+	Fatty acids	0.944	Spingolipids	0.522	Sphingoid bases	0.901	Organic nitrogen compounds	1.000	Organonitrogen compounds	1.000	Amines	0.996	Alkanolamines	0.911	1,2-aminoalcohols	0.903	Organic compounds; Alcohols and polyols; Organonitrogen compounds; Primary alcohols; Organooxygen compounds; 1,2-aminoalcohols; Dialkylamines; Amines; Secondary amines; Alkanolamines; Hydrocarbon derivatives; Organopnictogen compounds; Organic oxygen compounds; Organic nitrogen compounds; Chemical entities	256.264	1157	19.289	857330124151157204	857316102726251683	857316102726251682	26018	
3	C25H47NO5	[M + Na]+	C25H47NNaO5+	Fatty acids	0.996	Fatty amides	0.699	Fatty acyl carnitines	0.208	Organic acids and derivatives	0.996	Carboxylic acids and derivatives	0.990	Amino acids, peptides, and analogues	0.545	Amino acids and derivatives	0.543	Amino acids and derivatives	0.543	Organic compounds; Lipids and lipid-like molecules; Amino acids, peptides, and analogues; Organic acids and derivatives; Carboxylic acids and derivatives; Organonitrogen compounds; Organooxygen compounds; Fatty amides; Amino acids and derivatives; Carboxylic acid amides; Carboxylic acid derivatives; N-acyl amines; Carboxylic acid esters; Secondary carboxylic acid amides; Carbonyl compounds; Fatty Acyls; Organic oxides; Hydrocarbon derivatives; Organopnictogen compounds; Organic oxygen compounds; Organic nitrogen compounds; Chemical entities	464.337	1157	19.290	857330116437831961	857316102768194727	857316102768194726	26012	
1	C17H32N2O7	[M + H]+	C17H33N2O7+	Carbohydrates	0.549	Aminosugars and aminoglycosides	0.416	Tripeptides	0.081	Organic oxygen compounds	1.000	Organooxygen compounds	0.998	Alcohols and polyols	0.657	Secondary alcohols	0.641	Secondary alcohols	0.641	Organic compounds; Alcohols and polyols; Organic acids and derivatives; Carboxylic acids and derivatives; Organonitrogen compounds; Organooxygen compounds; Carboxylic acid derivatives; Secondary alcohols; Carbonyl compounds; Organic oxides; Hydrocarbon derivatives; Organopnictogen compounds; Organic oxygen compounds; Organic nitrogen compounds; Chemical entities	377.229	1157	19.291	857330138415986151	857316102805943467	857316102805943466	26013	
3	C20H26N6O2	[M + H]+	C20H27N6O2+	Alkaloids	0.642	Pseudoalkaloids (transamidation)	0.789	Purine alkaloids	0.862	Organoheterocyclic compounds	0.995	Imidazopyrimidines	0.823	Purines and purine derivatives	0.873	Xanthines	0.937	Xanthines	0.937	Organic compounds; Organoheterocyclic compounds; Pyrimidines and pyrimidine derivatives; Imidazoles; Lactams; Purines and purine derivatives; Xanthines; Organic acids and derivatives; Carboxylic acids and derivatives; Organonitrogen compounds; Alkaloids and derivatives; Pyrimidones; Organooxygen compounds; Organic carbonic acids and derivatives; Azoles; Ureas; Purinones; Carboxylic acid derivatives; Diazines; 6-oxopurines; Imidazopyrimidines; Carbonyl compounds; Benzene and substituted derivatives; Substituted imidazoles; N-substituted imidazoles; Benzenoids; Amines; Tertiary amines; Benzylamines; Vinylogous amides; Organic oxides; Azacyclic compounds; Heteroaromatic compounds; Hydrocarbon derivatives; Organopnictogen compounds; Organic oxygen compounds; Organic nitrogen compounds; Chemical entities	383.222	1158	19.300	857330132418130544	857316102843692207	857316102843692206	26024	
3	C24H45NO5	[M + Na]+	C24H45NNaO5+	Fatty acids	0.999	Fatty amides	0.933	N-acyl amines	0.391	Organic acids and derivatives	0.999	Carboxylic acids and derivatives	0.998	Amino acids, peptides, and analogues	0.832	Amino acids and derivatives	0.828	N-acyl-alpha amino acids and derivatives	0.739	Organic compounds; Lipids and lipid-like molecules; Amino acids, peptides, and analogues; Alpha amino acids and derivatives; Alcohols and polyols; Organic acids and derivatives; Carboxylic acids and derivatives; Organonitrogen compounds; Organooxygen compounds; Fatty acid esters; Fatty amides; Amino acids and derivatives; Carboxylic acid amides; Carboxylic acid derivatives; N-acyl amines; Monocarboxylic acids and derivatives; N-acyl-alpha amino acids and derivatives; Carboxylic acid esters; Secondary alcohols; Secondary carboxylic acid amides; Carbonyl compounds; Fatty Acyls; Organic oxides; Hydrocarbon derivatives; Organopnictogen compounds; Organic oxygen compounds; Organic nitrogen compounds; Chemical entities	450.321	1165	19.419	857330148863997444	857316103007270079	857316103007270078	26187	
1	C18H38O3	[M + H]+	C18H39O3+	Fatty acids	0.996	Glycerolipids	0.771	Fatty alcohols	0.388	Lipids and lipid-like molecules	0.520							Lipids and lipid-like molecules	0.520	Organic compounds; Lipids and lipid-like molecules; Alcohols and polyols; Ethers; Primary alcohols; Organooxygen compounds; Dialkyl ethers; Hydrocarbon derivatives; Organic oxygen compounds; Chemical entities	303.289	1167	19.450	857330157248411148	857316103086961863	857316103086961862	26237	
1	C17H35NO	[M + H]+	C17H36NO+	Fatty acids	0.999	Fatty amides	0.996	Primary amides	0.624	Lipids and lipid-like molecules	0.914	Fatty Acyls	0.920	Fatty amides	0.927	N-acyl amines	0.900	N-acyl amines	0.900	Organic compounds; Lipids and lipid-like molecules; Organic acids and derivatives; Carboxylic acids and derivatives; Organonitrogen compounds; Organooxygen compounds; Fatty amides; Carboxylic acid amides; Carboxylic acid derivatives; N-acyl amines; Tertiary carboxylic acid amides; Carbonyl compounds; Fatty Acyls; Organic oxides; Hydrocarbon derivatives; Organopnictogen compounds; Organic oxygen compounds; Organic nitrogen compounds; Chemical entities	270.279	1170	19.507	857330453139781215	857316103128904907	857316103128904906	26338	
4	C26H49NO5	[M + Na]+	C26H49NNaO5+	Fatty acids	0.983	Fatty amides	0.596	Fatty acyl carnitines	0.130	Organic acids and derivatives	0.994	Carboxylic acids and derivatives	0.988	Amino acids, peptides, and analogues	0.682	Amino acids and derivatives	0.680	Alpha amino acids and derivatives	0.640	Organic compounds; Lipids and lipid-like molecules; Amino acids, peptides, and analogues; Alpha amino acids and derivatives; Organic acids and derivatives; Carboxylic acids and derivatives; Organonitrogen compounds; Organooxygen compounds; Fatty acid esters; Fatty amides; Dicarboxylic acids and derivatives; Amino acids and derivatives; Carboxylic acid amides; Carboxylic acid derivatives; N-acyl amines; Carboxylic acid esters; Secondary carboxylic acid amides; Carbonyl compounds; Fatty Acyls; Organic oxides; Hydrocarbon derivatives; Organopnictogen compounds; Organic oxygen compounds; Organic nitrogen compounds; Chemical entities	478.353	1172	19.539	857330164408088126	857316103179236559	857316103179236558	26362	
1	C27H46O5	[M + H3N + H]+	C27H50NO5+	Polyketides	0.436	Aromatic polyketides	0.313	Catechols with side chains	0.141	Benzenoids	0.961	Benzene and substituted derivatives	0.940	Benzoic acids and derivatives	0.551			Benzoic acids and derivatives	0.551	Organic compounds; Alkyl aryl ethers; Phenols; Benzoic acids and derivatives; Ethers; Organic acids and derivatives; Carboxylic acids and derivatives; Benzoyl derivatives; Organooxygen compounds; Carboxylic acid derivatives; Carboxylic acid esters; Carbonyl compounds; Benzene and substituted derivatives; Phenol ethers; Benzenoids; Fatty Acyls; Organic oxides; Hydrocarbon derivatives; Organic oxygen compounds; Phenoxy compounds; Chemical entities	468.368	1174	19.572	857330253939701322	857316103258928343	857316103254734038	26430	
3	C23H44O5	[M + Na]+	C23H44NaO5+	Polyketides	0.664	Linear polyketides	0.148	Azaphilones	0.098	Lipids and lipid-like molecules	0.532	Fatty Acyls	0.579					Fatty Acyls	0.579	Organic compounds; Lipids and lipid-like molecules; Organic acids and derivatives; Carboxylic acids and derivatives; Organooxygen compounds; Carboxylic acid derivatives; Carboxylic acid esters; Carbonyl compounds; Fatty Acyls; Organic oxides; Hydrocarbon derivatives; Organic oxygen compounds; Chemical entities	423.311	1175	19.578	857330343936882253	857316103296677083	857316103296677082	26441	
1	C28H49NO5	[M + H]+	C28H50NO5+	Alkaloids	0.205	Pseudoalkaloids (transamidation)	0.108	Sphingoid bases	0.012	Organic acids and derivatives	0.943	Carboxylic acids and derivatives	0.947	Amino acids, peptides, and analogues	0.518	Amino acids and derivatives	0.517	Amino acids and derivatives	0.517	Organic compounds; Amino acids, peptides, and analogues; Alkyl aryl ethers; Benzoic acids and derivatives; Ethers; Organic acids and derivatives; Carboxylic acids and derivatives; Organonitrogen compounds; Benzoyl derivatives; Organooxygen compounds; Amino acids and derivatives; Carboxylic acid amides; Carboxylic acid derivatives; Carboxylic acid esters; Carbonyl compounds; Benzene and substituted derivatives; Benzenoids; Amines; Organic oxides; Hydrocarbon derivatives; Organopnictogen compounds; Organic oxygen compounds; Organic nitrogen compounds; Phenoxy compounds; Chemical entities	480.368	1176	19.599	857330426325595733	857316103384757475	857316103384757474	26456	
1	C29H50O2	[M + H]+	C29H51O2+	Terpenoids	0.979	Triterpenoids	0.851	Dammarane and Protostane triterpenoids	0.086	Lipids and lipid-like molecules	0.978	Prenol lipids	0.844	Triterpenoids	0.603			Triterpenoids	0.603	Organic compounds; Lipids and lipid-like molecules; Steroids and steroid derivatives; Prenol lipids; Organooxygen compounds; Triterpenoids; Hydrocarbon derivatives; Organic oxygen compounds; Chemical entities	431.384	1178	19.630	857330550141451437	857316103426700519	857316103422506214	26479	
1	C13H20O2	[M + H3N + H]+	C13H24NO2+	Fatty acids	0.756	Sesquiterpenoids	0.278	Unsaturated fatty acids	0.438	Organic acids and derivatives	0.901	Carboxylic acids and derivatives	0.883	Monocarboxylic acids and derivatives	0.806			Monocarboxylic acids and derivatives	0.806	Organic compounds; Organic acids and derivatives; Carboxylic acids and derivatives; Organooxygen compounds; Monocarboxylic acids and derivatives; Carbonyl compounds; Organic oxides; Hydrocarbon derivatives; Organic oxygen compounds; Chemical entities	226.180	1178	19.635	857330552553176245	857316103464449259	857316103464449258	26481	
1	C10H30O5Si5	[M + H]+	C10H31O5Si5+	Fatty acids	0.397	Monoterpenoids	0.117	Halogenated fatty acids	0.076	Organic salts	0.677	Organic metal salts	0.614	Organic metalloid salts	0.614			Organic metalloid salts	0.614	Organic compounds; Organometallic compounds; Organometalloid compounds; Organic salts; Organic oxides; Organic metalloid salts; Organic metal salts; Hydrocarbon derivatives; Organic oxygen compounds; Chemical entities	371.101	1186	19.767	857330614385607641	857316103686747391	857316103686747390	26716	
2	C26H49NO5	[M + Na]+	C26H49NNaO5+	Fatty acids	0.970	Fatty amides	0.643	N-acyl amines	0.189	Organic acids and derivatives	0.998	Carboxylic acids and derivatives	0.996	Amino acids, peptides, and analogues	0.785	Amino acids and derivatives	0.781	N-acyl-alpha amino acids and derivatives	0.506	Organic compounds; Lipids and lipid-like molecules; Amino acids, peptides, and analogues; Alpha amino acids and derivatives; Organic acids and derivatives; Carboxylic acids and derivatives; Organonitrogen compounds; Organooxygen compounds; Fatty acid esters; Fatty amides; Amino acids and derivatives; Carboxylic acid amides; Carboxylic acid derivatives; N-acyl amines; N-acyl-alpha amino acids and derivatives; Carboxylic acid esters; Secondary carboxylic acid amides; Carbonyl compounds; Fatty Acyls; Organic oxides; Hydrocarbon derivatives; Organic oxygen compounds; Organic nitrogen compounds; Chemical entities	478.353	1187	19.776	857330598183011086	857316103825159435	857316103825159434	26686	
2	C19H36O3	[M + C2H3N + H]+	C21H40NO3+	Fatty acids	0.966	Fatty acyls	0.433	Fatty alcohols	0.773	Lipids and lipid-like molecules	0.972	Fatty Acyls	0.938	Fatty alcohol esters	0.502			Fatty alcohol esters	0.502	Organic compounds; Lipids and lipid-like molecules; Alcohols and polyols; Organic acids and derivatives; Carboxylic acids and derivatives; Organooxygen compounds; Fatty acid esters; Carboxylic acid derivatives; Monocarboxylic acids and derivatives; Carboxylic acid esters; Fatty alcohols; Secondary alcohols; Fatty alcohol esters; Carbonyl compounds; Fatty Acyls; Organic oxides; Hydrocarbon derivatives; Organic oxygen compounds; Chemical entities	354.300	1190	19.837	857330629657068534	857316103867102479	857316103867102478	26884	
1	C25H40O3	[M + H]+	C25H41O3+	Polyketides	0.515	Aromatic polyketides	0.617	Catechols with side chains	0.570	Benzenoids	0.998	Benzene and substituted derivatives	0.973	Benzoic acids and derivatives	0.702	Benzoic acids	0.599	Benzoic acids	0.599	Organic compounds; Phenols; Benzoic acids and derivatives; Organic acids and derivatives; Carboxylic acids and derivatives; Benzoyl derivatives; Organooxygen compounds; Monocarboxylic acids and derivatives; Carboxylic acids; Benzene and substituted derivatives; Benzenoids; Benzoic acids; Phenylpropanes; Organic oxides; Hydrocarbon derivatives; Organic oxygen compounds; Chemical entities	389.305	1192	19.868	857330618340836329	857316103909045523	857316103909045522	26920	
4	C12H23NO	[M + CH2O2 + H]+	C13H26NO3+	Fatty acids	0.999	Fatty amides	0.998	Primary amides	1.000	Lipids and lipid-like molecules	0.741	Fatty Acyls	0.759	Fatty amides	0.704			Fatty amides	0.704	Organic compounds; Lipids and lipid-like molecules; Organic acids and derivatives; Carboxylic acids and derivatives; Organonitrogen compounds; Organooxygen compounds; Fatty amides; Carboxylic acid amides; Carboxylic acid derivatives; Primary carboxylic acid amides; Carbonyl compounds; Fatty Acyls; Organic oxides; Hydrocarbon derivatives; Organopnictogen compounds; Organic oxygen compounds; Organic nitrogen compounds; Chemical entities	244.191	1195	19.909	857330666894100136	857316103950988567	857316103950988566	26960	
1	C12H20O	[M + H3N + H]+	C12H24NO+	Fatty acids	0.989	Fatty acyls	0.964	Fatty aldehydes	0.536	Organic oxygen compounds	0.997	Organooxygen compounds	0.994	Carbonyl compounds	0.917	Ketones	0.802	Ketones	0.802	Organic compounds; Ketones; Organooxygen compounds; Carbonyl compounds; Organic oxides; Hydrocarbon derivatives; Organic oxygen compounds; Chemical entities	198.185	1195	19.910	857330669058361191	857316103988737307	857316103988737306	26956	
1	C13H22O3	[M - H2O + H]+	C13H21O2+	Fatty acids	0.975	Octadecanoids	0.661	Oxo fatty acids	0.702	Lipids and lipid-like molecules	0.712	Fatty Acyls	0.670					Fatty Acyls	0.670	Organic compounds; Lipids and lipid-like molecules; Ketones; Organic acids and derivatives; Carboxylic acids and derivatives; Organooxygen compounds; Monocarboxylic acids and derivatives; Carboxylic acids; Carbonyl compounds; Fatty Acyls; Organic oxides; Hydrocarbon derivatives; Organic oxygen compounds; Chemical entities	209.154	1195	19.910	857330684833139847	857316104030680351	857316104030680350	26968	
1	C29H50O2	[M + H]+	C29H51O2+	Terpenoids	0.994	Triterpenoids	0.954	Oleanane triterpenoids	0.132	Lipids and lipid-like molecules	0.958	Prenol lipids	0.868	Triterpenoids	0.719			Triterpenoids	0.719	Organic compounds; Lipids and lipid-like molecules; Prenol lipids; Organic acids and derivatives; Carboxylic acids and derivatives; Organooxygen compounds; Monocarboxylic acids and derivatives; Triterpenoids; Carbonyl compounds; Organic oxides; Hydrocarbon derivatives; Organic oxygen compounds; Chemical entities	431.384	1195	19.910	857330697843870936	857316104072623395	857316104068429090	26961	
1	C13H20O2	[M + H3N + H]+	C13H24NO2+	Fatty acids	0.857	Fatty Acids and Conjugates	0.475	Unsaturated fatty acids	0.625	Lipids and lipid-like molecules	0.566							Lipids and lipid-like molecules	0.566	Organic compounds; Lipids and lipid-like molecules; Organic acids and derivatives; Carboxylic acids and derivatives; Organooxygen compounds; Monocarboxylic acids and derivatives; Carboxylic acids; Carbonyl compounds; Organic oxides; Hydrocarbon derivatives; Organic oxygen compounds; Chemical entities	226.180	1195	19.913	857330690990378171	857316104114566439	857316104114566438	26965	
1	C13H25NO2	[M + H]+	C13H26NO2+	Fatty acids	0.583	Small peptides	0.217	Aminoacids	0.151	Organic acids and derivatives	0.950	Carboxylic acids and derivatives	0.944	Amino acids, peptides, and analogues	0.569	Amino acids and derivatives	0.570	Amino acids and derivatives	0.570	Organic compounds; Lipids and lipid-like molecules; Amino acids, peptides, and analogues; Organic acids and derivatives; Carboxylic acids and derivatives; Organonitrogen compounds; Organooxygen compounds; Amino acids and derivatives; Carboxylic acid derivatives; Monocarboxylic acids and derivatives; Carboxylic acid esters; Carbonyl compounds; Amines; Organic oxides; Hydrocarbon derivatives; Organopnictogen compounds; Organic oxygen compounds; Organic nitrogen compounds; Chemical entities	228.196	1195	19.915	857330701522275584	857316104156509483	857316104152315178	26970	
1	C22H43NO2	[M + H]+	C22H44NO2+	Fatty acids	1.000	Fatty amides	1.000	N-acyl ethanolamines (endocannabinoids)	1.000	Lipids and lipid-like molecules	0.933	Fatty Acyls	0.962	Fatty amides	0.939	N-acyl amines	0.903	N-acyl amines	0.903	Organic compounds; Lipids and lipid-like molecules; Alcohols and polyols; Organic acids and derivatives; Carboxylic acids and derivatives; Organonitrogen compounds; Primary alcohols; Organooxygen compounds; Fatty amides; Carboxylic acid amides; Carboxylic acid derivatives; N-acyl amines; N-acylethanolamines; Secondary carboxylic acid amides; Carbonyl compounds; 1,2-aminoalcohols; Amines; Alkanolamines; Fatty Acyls; Organic oxides; Hydrocarbon derivatives; Organopnictogen compounds; Organic oxygen compounds; Organic nitrogen compounds; Chemical entities	354.337	1197	19.955	857330690818411703	857316104194258223	857316104194258222	27038	
1	C23H42O4	[M + H]+	C23H43O4+	Fatty acids	0.978	Fatty esters	0.889	Wax diesters	0.381	Lipids and lipid-like molecules	0.950	Fatty Acyls	0.973	Fatty acid esters	0.980			Fatty acid esters	0.980	Organic compounds; Lipids and lipid-like molecules; Organic acids and derivatives; Carboxylic acids and derivatives; Organooxygen compounds; Fatty acid esters; Dicarboxylic acids and derivatives; Carboxylic acid derivatives; Carboxylic acid esters; Carbonyl compounds; Fatty Acyls; Organic oxides; Hydrocarbon derivatives; Organic oxygen compounds; Chemical entities	383.316	1200	19.998	857330699106356457	857316104236201267	857316104236201266	27073	
1	C24H38O5	[M + H]+	C24H39O5+	Polyketides	0.486	Aromatic polyketides	0.191	Simple phenolic acids	0.038	Benzenoids	0.998	Benzene and substituted derivatives	0.990	Benzoic acids and derivatives	0.982	Benzoic acid esters	0.956	Benzoic acid esters	0.956	Organic compounds; Benzoic acids and derivatives; Organic acids and derivatives; Carboxylic acids and derivatives; Benzoyl derivatives; Organooxygen compounds; Dicarboxylic acids and derivatives; Carboxylic acid derivatives; Carboxylic acid esters; Benzoic acid esters; Benzene and substituted derivatives; Benzenoids; Organic oxides; Hydrocarbon derivatives; Organic oxygen compounds; Chemical entities	407.279	1203	20.056	857330692299001027	857316104282338615	857316104278144310	27164	
3	C26H49NO5	[M + Na]+	C26H49NNaO5+	Fatty acids	0.962	Fatty amides	0.588	N-acyl amines	0.168	Organic acids and derivatives	0.995	Carboxylic acids and derivatives	0.992	Amino acids, peptides, and analogues	0.747	Amino acids and derivatives	0.742	N-acyl-alpha amino acids and derivatives	0.527	Organic compounds; Lipids and lipid-like molecules; Amino acids, peptides, and analogues; Alpha amino acids and derivatives; Ethers; Organic acids and derivatives; Carboxylic acids and derivatives; Organonitrogen compounds; Organooxygen compounds; Fatty acid esters; Fatty amides; Amino acids and derivatives; Carboxylic acid amides; Carboxylic acid derivatives; N-acyl amines; Monocarboxylic acids and derivatives; N-acyl-alpha amino acids and derivatives; Carboxylic acid esters; Secondary carboxylic acid amides; Carbonyl compounds; Fatty Acyls; Organic oxides; Hydrocarbon derivatives; Organopnictogen compounds; Organic oxygen compounds; Organic nitrogen compounds; Chemical entities	478.353	1213	20.208	857330696354893008	857316104374613311	857316104370419006	27446	
2	C36H68O10	[M + Na]+	C36H68NaO10+	Fatty acids	1.000	Glycerolipids	1.000	Triacylglycerols	1.000	Lipids and lipid-like molecules	0.989	Glycerolipids	1.000	Triradylcglycerols	1.000	Triacylglycerols	1.000	Triacylglycerols	1.000	Organic compounds; Lipids and lipid-like molecules; Glycerolipids; Organic acids and derivatives; Carboxylic acids and derivatives; Organooxygen compounds; Fatty acid esters; Carboxylic acid derivatives; Triacylglycerols; Carboxylic acid esters; Carbonyl compounds; Tricarboxylic acids and derivatives; Triradylcglycerols; Fatty Acyls; Organic oxides; Hydrocarbon derivatives; Organic oxygen compounds; Chemical entities	683.472	1213	20.213	857330708791004419	857316104416556355	857316104416556354	27322	
2	C24H47N5	[M + H]+	C24H48N5+	Alkaloids	0.941	Histidine alkaloids	0.287	Imidazole alkaloids	0.288	Organoheterocyclic compounds	0.966	Azoles	0.569					Azoles	0.569	Organic compounds; Organoheterocyclic compounds; Organonitrogen compounds; Azoles; Azacyclic compounds; Heteroaromatic compounds; Hydrocarbon derivatives; Organopnictogen compounds; Organic nitrogen compounds; Chemical entities	406.389	1213	20.220	857330701388057853	857316104466888007	857316104462693702	27433	
1	C21H44O4	[M + H]+	C21H45O4+	Fatty acids	1.000	Glycerolipids	0.999	Monoacylglycerols	0.991	Lipids and lipid-like molecules	0.963	Glycerolipids	0.986	Monoradylglycerols	0.897	Monoalkylglycerols	0.739	1-O-alkylglycerols	0.665	Organic compounds; Lipids and lipid-like molecules; Alcohols and polyols; Glycerolipids; Ethers; Primary alcohols; Organooxygen compounds; Dialkyl ethers; Carboxylic acid esters; Secondary alcohols; Glycerol ethers; 1,2-diols; Monoalkylglycerols; Monoradylglycerols; Fatty Acyls; Hydrocarbon derivatives; 1-O-alkylglycerols; Organic oxygen compounds; Chemical entities	361.331	1213	20.220	857330699299294451	857316104504636747	857316104504636746	27439	
1	C36H62O10	[M + H]+	C36H63O10+	Fatty acids	1.000	Glycerolipids	1.000	Triacylglycerols	1.000	Lipids and lipid-like molecules	0.986	Glycerolipids	1.000	Triradylcglycerols	0.999	Triacylglycerols	1.000	Triacylglycerols	1.000	Organic compounds; Lipids and lipid-like molecules; Glycerolipids; Organic acids and derivatives; Carboxylic acids and derivatives; Organooxygen compounds; Fatty acid esters; Carboxylic acid derivatives; Triacylglycerols; Carboxylic acid esters; Carbonyl compounds; Tricarboxylic acids and derivatives; Triradylcglycerols; Fatty Acyls; Organic oxides; Hydrocarbon derivatives; Organic oxygen compounds; Chemical entities	655.441	1220	20.328	857330777988632911	857316104592717139	857316104592717138	27527	
2	C18H36O3	[M - H2O + H]+	C18H35O2+	Fatty acids	0.999	Fatty Acids and Conjugates	0.689	Hydroxy fatty acids	0.869	Lipids and lipid-like molecules	0.994	Fatty Acyls	0.993	Fatty acids and conjugates	0.944	Long-chain fatty acids	0.871	Long-chain fatty acids	0.871	Organic compounds; Lipids and lipid-like molecules; Alcohols and polyols; Fatty acids and conjugates; Organic acids and derivatives; Carboxylic acids and derivatives; Organooxygen compounds; Hydroxy fatty acids; Monocarboxylic acids and derivatives; Carboxylic acids; Secondary alcohols; Carbonyl compounds; Long-chain fatty acids; Fatty Acyls; Organic oxides; Hydrocarbon derivatives; Organic oxygen compounds; Chemical entities	283.263	1224	20.395	857330758980047178	857316104680797531	857316104680797530	27683	
1	C21H26O3	[M + H]+	C21H27O3+	Polyketides	0.820	Phloroglucinols	0.858	Acyl phloroglucinols	0.794	Benzenoids	1.000	Benzene and substituted derivatives	1.000	Benzophenones	0.998			Benzophenones	0.998	Organic compounds; Ketones; Benzophenones; Alkyl aryl ethers; Phenols; Ethers; Organic acids and derivatives; Benzoyl derivatives; Organooxygen compounds; Diphenylmethanes; Carbonyl compounds; Benzene and substituted derivatives; Phenol ethers; Benzenoids; Aryl ketones; Vinylogous acids; Organic oxides; Hydrocarbon derivatives; Phenylketones; Aryl-phenylketones; Organic oxygen compounds; 1-hydroxy-2-unsubstituted benzenoids; 1-hydroxy-4-unsubstituted benzenoids; Phenoxy compounds; Chemical entities	327.195	1225	20.422	857330798666551643	857316104718546271	857316104718546270	27731	
2	C36H68O10	[M + Na]+	C36H68NaO10+	Fatty acids	1.000	Glycerolipids	1.000	Triacylglycerols	1.000	Lipids and lipid-like molecules	0.986	Glycerolipids	1.000	Triradylcglycerols	0.998	Triacylglycerols	0.999	Triacylglycerols	0.999	Organic compounds; Lipids and lipid-like molecules; Glycerolipids; Organic acids and derivatives; Carboxylic acids and derivatives; Organooxygen compounds; Fatty acid esters; Carboxylic acid derivatives; Triacylglycerols; Carboxylic acid esters; Carbonyl compounds; Tricarboxylic acids and derivatives; Triradylcglycerols; Fatty Acyls; Organic oxides; Hydrocarbon derivatives; Organic oxygen compounds; Chemical entities	683.472	1226	20.436	857331053176918809	857316104764683619	857316104764683618	27707	
1	C18H40Si	[M + H]+	C18H41Si+	Fatty acids	0.992	Fatty acyls	0.999	Hydrocarbons	0.986	Hydrocarbons	0.474	Saturated hydrocarbons	0.927	Alkanes	0.922	Branched alkanes	0.893	Branched alkanes	0.893	Organic compounds; Alkanes; Hydrocarbon derivatives; Saturated hydrocarbons; Branched alkanes; Chemical entities	285.298	1228	20.469	857331044960277020	857316104810820967	857316104806626662	27862	
1	C36H62O10	[M + H]+	C36H63O10+	Fatty acids	1.000	Glycerolipids	1.000	Triacylglycerols	1.000	Lipids and lipid-like molecules	0.985	Glycerolipids	1.000	Triradylcglycerols	0.999	Triacylglycerols	1.000	Triacylglycerols	1.000	Organic compounds; Lipids and lipid-like molecules; Glycerolipids; Organic acids and derivatives; Carboxylic acids and derivatives; Organooxygen compounds; Fatty acid esters; Carboxylic acid derivatives; Triacylglycerols; Carboxylic acid esters; Carbonyl compounds; Tricarboxylic acids and derivatives; Triradylcglycerols; Fatty Acyls; Organic oxides; Hydrocarbon derivatives; Organic oxygen compounds; Chemical entities	655.441	1229	20.485	857331090237793920	857316104856958315	857316104856958314	27797	
2	C36H68O10	[M + Na]+	C36H68NaO10+	Fatty acids	1.000	Glycerolipids	1.000	Triacylglycerols	1.000	Lipids and lipid-like molecules	0.990	Glycerolipids	1.000	Triradylcglycerols	0.999	Triacylglycerols	1.000	Triacylglycerols	1.000	Organic compounds; Lipids and lipid-like molecules; Glycerolipids; Organic acids and derivatives; Carboxylic acids and derivatives; Organooxygen compounds; Fatty acid esters; Carboxylic acid derivatives; Triacylglycerols; Carboxylic acid esters; Carbonyl compounds; Tricarboxylic acids and derivatives; Triradylcglycerols; Fatty Acyls; Organic oxides; Hydrocarbon derivatives; Organic oxygen compounds; Chemical entities	683.472	1234	20.564	857331090309097101	857316104949233011	857316104949233010	27935	
1	C20H39NO	[M + H]+	C20H40NO+	Fatty acids	1.000	Fatty amides	1.000	Primary amides	1.000	Lipids and lipid-like molecules	0.890	Fatty Acyls	0.902	Fatty amides	0.886			Fatty amides	0.886	Organic compounds; Lipids and lipid-like molecules; Organic acids and derivatives; Carboxylic acids and derivatives; Organonitrogen compounds; Organooxygen compounds; Fatty amides; Carboxylic acid amides; Carboxylic acid derivatives; Primary carboxylic acid amides; Carbonyl compounds; Fatty Acyls; Organic oxides; Hydrocarbon derivatives; Organopnictogen compounds; Organic oxygen compounds; Organic nitrogen compounds; Chemical entities	310.310	1235	20.580	857331090250376842	857316104995370359	857316104991176054	27963	
1	C20H41NO	[M + H]+	C20H42NO+	Fatty acids	1.000	Fatty amides	0.999	Primary amides	0.967	Lipids and lipid-like molecules	0.954	Fatty Acyls	0.959	Fatty amides	0.962	N-acyl amines	0.852	N-acyl amines	0.852	Organic compounds; Lipids and lipid-like molecules; Organic acids and derivatives; Carboxylic acids and derivatives; Organonitrogen compounds; Organooxygen compounds; Fatty amides; Carboxylic acid amides; Carboxylic acid derivatives; N-acyl amines; Tertiary carboxylic acid amides; Carbonyl compounds; Fatty Acyls; Organic oxides; Hydrocarbon derivatives; Organopnictogen compounds; Organic oxygen compounds; Organic nitrogen compounds; Chemical entities	312.326	1239	20.649	857331099205216578	857316105079256447	857316105079256446	28051	
3	C28H58N3O4P	[M + H]+	C28H59N3O4P+	Amino acids and Peptides	0.263	Fatty amides	0.124	Open-chain polyketides	0.042	Benzenoids	0.713	Benzene and substituted derivatives	0.821					Benzene and substituted derivatives	0.821	Organic compounds; Lipids and lipid-like molecules; Organic acids and derivatives; Carboxylic acids and derivatives; Organonitrogen compounds; Organooxygen compounds; Carboxylic acid amides; Carboxylic acid derivatives; Secondary carboxylic acid amides; Carbonyl compounds; Benzene and substituted derivatives; Benzenoids; Organic oxides; Hydrocarbon derivatives; Organopnictogen compounds; Organic oxygen compounds; Organic nitrogen compounds; Chemical entities	532.421	1241	20.689	857331105798662483	857316105125393795	857316105125393794	28117	
2	C36H68O10	[M + Na]+	C36H68NaO10+	Fatty acids	1.000	Glycerolipids	1.000	Triacylglycerols	0.999	Lipids and lipid-like molecules	0.991	Glycerolipids	1.000	Triradylcglycerols	0.995	Triacylglycerols	0.998	Triacylglycerols	0.998	Organic compounds; Lipids and lipid-like molecules; Glycerolipids; Organic acids and derivatives; Carboxylic acids and derivatives; Organooxygen compounds; Fatty acid esters; Carboxylic acid derivatives; Triacylglycerols; Carboxylic acid esters; Carbonyl compounds; Tricarboxylic acids and derivatives; Triradylcglycerols; Fatty Acyls; Organic oxides; Hydrocarbon derivatives; Organic oxygen compounds; Chemical entities	683.472	1244	20.729	857331123884501558	857316105171531143	857316105171531142	28166	
1	C36H62O10	[M + H]+	C36H63O10+	Fatty acids	1.000	Glycerolipids	1.000	Triacylglycerols	1.000	Lipids and lipid-like molecules	0.989	Glycerolipids	1.000	Triradylcglycerols	0.999	Triacylglycerols	1.000	Triacylglycerols	1.000	Organic compounds; Lipids and lipid-like molecules; Glycerolipids; Organic acids and derivatives; Carboxylic acids and derivatives; Organooxygen compounds; Fatty acid esters; Carboxylic acid derivatives; Triacylglycerols; Carboxylic acid esters; Carbonyl compounds; Tricarboxylic acids and derivatives; Triradylcglycerols; Fatty Acyls; Organic oxides; Hydrocarbon derivatives; Organic oxygen compounds; Chemical entities	655.441	1245	20.747	857331126405278370	857316105263805839	857316105263805838	28164	
1	C22H40O	[M + H3N + H]+	C22H44NO+	Fatty acids	0.998	Fatty acyls	0.992	Fatty aldehydes	0.491	Lipids and lipid-like molecules	0.517	Fatty Acyls	0.574	Fatty aldehydes	0.799			Fatty aldehydes	0.799	Organic compounds; Lipids and lipid-like molecules; Ketones; Aldehydes; Fatty aldehydes; Organooxygen compounds; Carbonyl compounds; Fatty Acyls; Organic oxides; Hydrocarbon derivatives; Organic oxygen compounds; Chemical entities	338.342	1246	20.766	857331101692438852	857316105309943187	857316105305748882	28269	
2	C22H39O4P	[M + H]+	C22H40O4P+	Terpenoids	0.399	Meroterpenoids	0.134	Glycerophosphates	0.070	Organic acids and derivatives	0.977	Organic phosphoric acids and derivatives	0.874	Phosphate esters	0.882	Aryl phosphates	0.739	Aryl phosphodiesters	0.650	Organic compounds; Organic acids and derivatives; Organooxygen compounds; Organic phosphoric acids and derivatives; Phosphate esters; Benzene and substituted derivatives; Benzenoids; Organic oxides; Hydrocarbon derivatives; Organic oxygen compounds; Aryl phosphates; Aryl phosphodiesters; Phenoxy compounds; Chemical entities	399.266	1247	20.777	857331104355821895	857316105368663447	857316105364469142	28237	
1	C26H47NO2	[M + K]+	C26H47KNO2+	Fatty acids	0.874	Fatty amides	0.741	N-acyl amines	0.406	Lipids and lipid-like molecules	0.908	Fatty Acyls	0.925	Fatty amides	0.950	N-acyl amines	0.884	N-acyl amines	0.884	Organic compounds; Lipids and lipid-like molecules; Phenols; Catechols; Catecholamines and derivatives; Organic acids and derivatives; Carboxylic acids and derivatives; Organonitrogen compounds; Organooxygen compounds; Fatty amides; Carboxylic acid amides; Carboxylic acid derivatives; N-acyl amines; Benzenediols; Secondary carboxylic acid amides; Carbonyl compounds; Benzene and substituted derivatives; Benzenoids; Fatty Acyls; Organic oxides; Hydrocarbon derivatives; N-acyldopamines; Organopnictogen compounds; Organic oxygen compounds; 1-hydroxy-2-unsubstituted benzenoids; 1-hydroxy-4-unsubstituted benzenoids; Organic nitrogen compounds; Chemical entities	444.324	1247	20.777	857331140355536424	857316105406412187	857316105406412186	28234	
1	C44H86N2O2	[M + H]+	C44H87N2O2+	Fatty acids	1.000	Fatty amides	1.000	Primary amides	0.884	Lipids and lipid-like molecules	0.966	Fatty Acyls	0.959	Fatty amides	0.972	N-acyl amines	0.860	N-acyl amines	0.860	Organic compounds; Lipids and lipid-like molecules; Organic acids and derivatives; Carboxylic acids and derivatives; Organonitrogen compounds; Organooxygen compounds; Fatty amides; Carboxylic acid amides; Carboxylic acid derivatives; N-acyl amines; Secondary carboxylic acid amides; Carbonyl compounds; Fatty Acyls; Organic oxides; Hydrocarbon derivatives; Organopnictogen compounds; Organic oxygen compounds; Organic nitrogen compounds; Chemical entities	675.675	1248	20.802	857331202255075839	857316105557407143	857316105557407142	28271	
2	C36H68O10	[M + Na]+	C36H68NaO10+	Fatty acids	1.000	Glycerolipids	1.000	Triacylglycerols	1.000	Lipids and lipid-like molecules	0.990	Glycerolipids	1.000	Triradylcglycerols	0.999	Triacylglycerols	1.000	Triacylglycerols	1.000	Organic compounds; Lipids and lipid-like molecules; Glycerolipids; Organic acids and derivatives; Carboxylic acids and derivatives; Organooxygen compounds; Fatty acid esters; Carboxylic acid derivatives; Triacylglycerols; Carboxylic acid esters; Carbonyl compounds; Tricarboxylic acids and derivatives; Triradylcglycerols; Fatty Acyls; Organic oxides; Hydrocarbon derivatives; Organic oxygen compounds; Chemical entities	683.472	1252	20.858	857331167417186796	857316105666459055	857316105666459054	28402	
1	C30H54O8	[M + H]+	C30H55O8+	Polyketides	0.896	Linear polyketides	0.799	Open-chain polyketides	0.326	Lipids and lipid-like molecules	0.873	Fatty Acyls	0.911	Fatty acid esters	0.790			Fatty acid esters	0.790	Organic compounds; Lipids and lipid-like molecules; Alcohols and polyols; Organic acids and derivatives; Carboxylic acids and derivatives; Organooxygen compounds; Fatty acid esters; Dicarboxylic acids and derivatives; Carboxylic acid derivatives; Carboxylic acid esters; Carbonyl compounds; Fatty Acyls; Organic oxides; Hydrocarbon derivatives; Organic oxygen compounds; Chemical entities	543.390	1252	20.871	857331214154316306	857316105704207795	857316105704207794	28377	
1	C30H54O8	[M + H3N + H]+	C30H58NO8+	Polyketides	0.960	Linear polyketides	0.762	Open-chain polyketides	0.402	Lipids and lipid-like molecules	0.740	Fatty Acyls	0.802	Fatty acid esters	0.691			Fatty acid esters	0.691	Organic compounds; Lipids and lipid-like molecules; Organic acids and derivatives; Carboxylic acids and derivatives; Organooxygen compounds; Fatty acid esters; Dicarboxylic acids and derivatives; Carboxylic acid derivatives; Carboxylic acid esters; Carbonyl compounds; Fatty Acyls; Organic oxides; Oxacyclic compounds; Hydrocarbon derivatives; Organic oxygen compounds; Chemical entities	560.416	1252	20.872	857331198350178805	857316105741956535	857316105741956534	28385	
1	C32H61NO8	[M + H]+	C32H62NO8+	Amino acids and Peptides	0.780	Macrolides	0.624	Lactam bearing macrolide lactones	0.703	Organic acids and derivatives	1.000	Peptidomimetics	0.539	Depsipeptides	0.507			Depsipeptides	0.507	Organic compounds; Organoheterocyclic compounds; Lipids and lipid-like molecules; Lactones; Macrolactams; Alcohols and polyols; Macrolides and analogues; Organic acids and derivatives; Carboxylic acids and derivatives; Organonitrogen compounds; Organooxygen compounds; Carboxylic acid amides; Carboxylic acid derivatives; Carboxylic acid esters; Secondary alcohols; Secondary carboxylic acid amides; Peptidomimetics; Carbonyl compounds; Macrolide lactams; Depsipeptides; Fatty Acyls; Organic oxides; Oxacyclic compounds; Hydrocarbon derivatives; Organopnictogen compounds; Organic oxygen compounds; Organic nitrogen compounds; Chemical entities	588.447	1252	20.874	857331212635978245	857316105783899579	857316105783899578	28380	
1	C19H39NO	[M + H]+	C19H40NO+	Fatty acids	0.999	Fatty amides	0.997	Primary amides	0.916	Lipids and lipid-like molecules	0.926	Fatty Acyls	0.923	Fatty amides	0.925	N-acyl amines	0.799	N-acyl amines	0.799	Organic compounds; Lipids and lipid-like molecules; Organic acids and derivatives; Carboxylic acids and derivatives; Organonitrogen compounds; Organooxygen compounds; Fatty amides; Carboxylic acid amides; Carboxylic acid derivatives; N-acyl amines; Secondary carboxylic acid amides; Carbonyl compounds; Fatty Acyls; Organic oxides; Hydrocarbon derivatives; Organopnictogen compounds; Organic oxygen compounds; Organic nitrogen compounds; Chemical entities	298.310	1253	20.883	857331213856520720	857316105830036927	857316105830036926	28387	
1	C36H62O10	[M + H]+	C36H63O10+	Fatty acids	1.000	Glycerolipids	1.000	Triacylglycerols	1.000	Lipids and lipid-like molecules	0.989	Glycerolipids	1.000	Triradylcglycerols	0.999	Triacylglycerols	1.000	Triacylglycerols	1.000	Organic compounds; Lipids and lipid-like molecules; Glycerolipids; Organic acids and derivatives; Carboxylic acids and derivatives; Organooxygen compounds; Fatty acid esters; Carboxylic acid derivatives; Triacylglycerols; Carboxylic acid esters; Carbonyl compounds; Tricarboxylic acids and derivatives; Triradylcglycerols; Fatty Acyls; Organic oxides; Hydrocarbon derivatives; Organic oxygen compounds; Chemical entities	655.441	1254	20.893	857331609182256641	857316105922311623	857316105922311622	28431	
4	C11H22N4	[M + K]+	C11H22KN4+	Alkaloids	0.960	Guanidine alkaloids	0.193	Tricyclic guanidine alkaloids	0.085	Organoheterocyclic compounds	0.979	Azoles	0.673					Azoles	0.673	Organic compounds; Organoheterocyclic compounds; Organonitrogen compounds; Azoles; Amines; Azacyclic compounds; Heteroaromatic compounds; Hydrocarbon derivatives; Organopnictogen compounds; Organic nitrogen compounds; Chemical entities	249.148	1259	20.980	857331608326618618	857316106056529363	857316106052335058	28556	
1	C24H47NO	[M + H]+	C24H48NO+	Fatty acids	1.000	Fatty amides	1.000	Primary amides	0.999	Lipids and lipid-like molecules	0.948	Fatty Acyls	0.952	Fatty amides	0.930			Fatty amides	0.930	Organic compounds; Lipids and lipid-like molecules; Organic acids and derivatives; Carboxylic acids and derivatives; Organonitrogen compounds; Organooxygen compounds; Fatty amides; Carboxylic acid amides; Carboxylic acid derivatives; Primary carboxylic acid amides; Carbonyl compounds; Fatty Acyls; Organic oxides; Hydrocarbon derivatives; Organopnictogen compounds; Organic oxygen compounds; Organic nitrogen compounds; Chemical entities	366.373	1264	21.062	857331604941815284	857316106140415451	857316106140415450	28688	
1	C28H44N4O3	[M + H3N + H]+	C28H48N5O3+	Fatty acids	0.457	Fatty amides	0.136	N-acyl amines	0.040	Organic acids and derivatives	0.948	Carboxylic acids and derivatives	0.918	Amino acids, peptides, and analogues	0.585	Amino acids and derivatives	0.582	Amino acids and derivatives	0.582	Organic compounds; Organoheterocyclic compounds; Lipids and lipid-like molecules; Amino acids, peptides, and analogues; Organic acids and derivatives; Carboxylic acids and derivatives; Organonitrogen compounds; Organooxygen compounds; Fatty amides; Amino acids and derivatives; Azoles; Carboxylic acid amides; Carboxylic acid derivatives; N-acyl amines; Secondary carboxylic acid amides; Carbonyl compounds; Amines; Fatty Acyls; Organic oxides; Azacyclic compounds; Heteroaromatic compounds; Hydrocarbon derivatives; Organopnictogen compounds; Organic oxygen compounds; Organic nitrogen compounds; Chemical entities	502.374	1264	21.063	857331638626270985	857316106178164191	857316106178164190	28694	
2	C28H53NO5	[M + CH2O2 + H]+	C29H56NO7+	Fatty acids	0.990	Fatty amides	0.465	N-acyl amines	0.260	Lipids and lipid-like molecules	0.926	Fatty Acyls	0.927	Fatty amides	0.760	N-acyl amines	0.746	N-acyl amines	0.746	Organic compounds; Lipids and lipid-like molecules; Ketones; Alcohols and polyols; Organic acids and derivatives; Carboxylic acids and derivatives; Organonitrogen compounds; Organooxygen compounds; Fatty amides; Carboxylic acid amides; Carboxylic acid derivatives; N-acyl amines; Carboxylic acid esters; Secondary alcohols; Secondary carboxylic acid amides; Carbonyl compounds; Fatty Acyls; Organic oxides; Hydrocarbon derivatives; Organopnictogen compounds; Organic oxygen compounds; Organic nitrogen compounds; Chemical entities	530.405	1264	21.065	857331616048332300	857316106224301539	857316106224301538	28697	
1	C18H37NO	[M + H]+	C18H38NO+	Fatty acids	0.969	Spingolipids	0.857	Sphingoid bases	0.984	Organic nitrogen compounds	1.000	Organonitrogen compounds	1.000	Amines	0.998	Alkanolamines	0.969	1,2-aminoalcohols	0.963	Organic compounds; Alcohols and polyols; Organonitrogen compounds; Primary alcohols; Organooxygen compounds; Monoalkylamines; 1,2-aminoalcohols; Dialkylamines; Amines; Primary amines; Secondary amines; Alkanolamines; Hydrocarbon derivatives; Organopnictogen compounds; Organic oxygen compounds; Organic nitrogen compounds; Chemical entities	284.295	1271	21.188	857331666212208405	857316106358519279	857316106358519278	28929	
1	C20H41NO	[M + H]+	C20H42NO+	Fatty acids	1.000	Fatty amides	0.999	Primary amides	0.855	Lipids and lipid-like molecules	0.950	Fatty Acyls	0.958	Fatty amides	0.962	N-acyl amines	0.933	N-acyl amines	0.933	Organic compounds; Lipids and lipid-like molecules; Organic acids and derivatives; Carboxylic acids and derivatives; Organonitrogen compounds; Organooxygen compounds; Fatty amides; Carboxylic acid amides; Carboxylic acid derivatives; N-acyl amines; Tertiary carboxylic acid amides; Carbonyl compounds; Fatty Acyls; Organic oxides; Hydrocarbon derivatives; Organopnictogen compounds; Organic oxygen compounds; Organic nitrogen compounds; Chemical entities	312.326	1274	21.232	857331640618565395	857316106408850931	857316106408850930	28969	
6	C33H35F2N3O7S	[M + H]+	C33H36F2N3O7S+	Alkaloids	0.351	Anthranilic acid alkaloids	0.085	Carboline alkaloids	0.013	Organic acids and derivatives	0.994	Carboxylic acids and derivatives	0.963	Amino acids, peptides, and analogues	0.565	Amino acids and derivatives	0.556	Amino acids and derivatives	0.556	Organic compounds; Organoheterocyclic compounds; Organosulfur compounds; Amino acids, peptides, and analogues; Halobenzenes; Alcohols and polyols; Organic acids and derivatives; Carboxylic acids and derivatives; Organohalogen compounds; Organosulfonic acids and derivatives; Organonitrogen compounds; Organooxygen compounds; Amino acids and derivatives; Carboxylic acid amides; Aryl fluorides; Carboxylic acid derivatives; Fluorobenzenes; Monocarboxylic acids and derivatives; Sulfonyls; Organofluorides; Organosulfonamides; Secondary alcohols; Secondary carboxylic acid amides; Carbonyl compounds; Benzene and substituted derivatives; Benzenoids; Aryl halides; Aminosulfonyl compounds; Organic oxides; Azacyclic compounds; Heteroaromatic compounds; Hydrocarbon derivatives; Benzenesulfonyl compounds; Organic sulfonic acids and derivatives; Organopnictogen compounds; Organic oxygen compounds; Organic nitrogen compounds; Chemical entities	656.226	1279	21.310	857331875793195173	857316106463376887	857316106459182582	29071	
1	C10H30O5Si5	[M + H]+	C10H31O5Si5+	Fatty acids	0.394	Monoterpenoids	0.119	Halogenated fatty acids	0.079	Organic salts	0.671	Organic metal salts	0.608	Organic metalloid salts	0.608			Organic metalloid salts	0.608	Organic compounds; Organometallic compounds; Organometalloid compounds; Organic salts; Organic oxides; Organic metalloid salts; Organic metal salts; Hydrocarbon derivatives; Organic oxygen compounds; Chemical entities	371.101	1279	21.314	857331802778751046	857316106513708539	857316106513708538	29072	
11	C27H30O16	[M + H3N + H]+	C27H34NO16+	Shikimates and Phenylpropanoids	0.980	Flavonoids	0.970	Flavonols	0.590	Phenylpropanoids and polyketides	0.910	Flavonoids	0.785	Flavonoid glycosides	0.848	Flavonoid O-glycosides	0.752	Flavonoid-3-O-glycosides	0.621	Organic compounds; Organoheterocyclic compounds; Carbohydrates and carbohydrate conjugates; Pyrans; Benzopyrans; Alcohols and polyols; Phenols; Chromones; Ethers; Phenylpropanoids and polyketides; Organic acids and derivatives; Primary alcohols; Organooxygen compounds; Flavonoids; Pyranones and derivatives; Flavonoid glycosides; Disaccharides; Flavonoid O-glycosides; Flavones; Acetals; Secondary alcohols; Oxanes; Glycosyl compounds; O-glycosyl compounds; Benzene and substituted derivatives; Polyols; Benzenoids; 4'-hydroxyflavonoids; Hydroxyflavonoids; 5-hydroxyflavonoids; 7-hydroxyflavonoids; 1-benzopyrans; Flavonoid-3-O-glycosides; Organic oxides; Oxacyclic compounds; Heteroaromatic compounds; Hydrocarbon derivatives; Phenolic glycosides; Organic oxygen compounds; 1-hydroxy-2-unsubstituted benzenoids; 1-hydroxy-4-unsubstituted benzenoids; Chemical entities	628.194	1279	21.314	857332798812705739	857316106568234495	857316106568234494	29086	
1	C6H18O3Si3	[M + H]+	C6H19O3Si3+	Fatty acids	0.396	Monoterpenoids	0.246	Halogenated fatty acids	0.071	Organometallic compounds	0.796	Organometalloid compounds	0.797					Organometalloid compounds	0.797	Organic compounds; Organometallic compounds; Organometalloid compounds; Organic oxides; Hydrocarbon derivatives; Organic oxygen compounds; Chemical entities	223.064	1279	21.316	857331706276203075	857316106622760451	857316106618566146	29090	
1	C29H55NO7	[M + H]+	C29H56NO7+	Fatty acids	0.747	Macrolides	0.134	Triacylglycerols	0.057	Organic acids and derivatives	0.987	Carboxylic acids and derivatives	0.982	Tricarboxylic acids and derivatives	0.594			Tricarboxylic acids and derivatives	0.594	Organic compounds; Lipids and lipid-like molecules; Organic acids and derivatives; Carboxylic acids and derivatives; Organonitrogen compounds; Organooxygen compounds; Fatty acid esters; Carboxylic acid derivatives; Carboxylic acid esters; Carbonyl compounds; Tricarboxylic acids and derivatives; Fatty Acyls; Organic oxides; Hydrocarbon derivatives; Organopnictogen compounds; Organic oxygen compounds; Organic nitrogen compounds; Chemical entities	530.405	1279	21.317	857331772474903529	857316106673092103	857316106673092102	29104	
1	C22H47NO3Si2	[M + H]+	C22H48NO3Si2+	Fatty acids	0.995	Fatty amides	0.879	N-acyl amines	0.334	Lipids and lipid-like molecules	0.856	Fatty Acyls	0.848	Fatty amides	0.819	N-acyl amines	0.743	N-acyl amines	0.743	Organic compounds; Lipids and lipid-like molecules; Organic acids and derivatives; Carboxylic acids and derivatives; Organonitrogen compounds; Organooxygen compounds; Fatty amides; Carboxylic acid amides; Carboxylic acid derivatives; N-acyl amines; Monocarboxylic acids and derivatives; Secondary carboxylic acid amides; Carbonyl compounds; Fatty Acyls; Organic oxides; Hydrocarbon derivatives; Organopnictogen compounds; Organic oxygen compounds; Organic nitrogen compounds; Chemical entities	430.316	1284	21.396	857331744989629386	857316106710840843	857316106710840842	29274	
1	C22H43NO	[M + H]+	C22H44NO+	Fatty acids	0.999	Fatty amides	0.999	Primary amides	0.999	Lipids and lipid-like molecules	0.846	Fatty Acyls	0.856	Fatty amides	0.858			Fatty amides	0.858	Organic compounds; Lipids and lipid-like molecules; Organic acids and derivatives; Carboxylic acids and derivatives; Organonitrogen compounds; Organooxygen compounds; Fatty amides; Carboxylic acid amides; Carboxylic acid derivatives; Primary carboxylic acid amides; Carbonyl compounds; Fatty Acyls; Organic oxides; Hydrocarbon derivatives; Organopnictogen compounds; Organic oxygen compounds; Organic nitrogen compounds; Chemical entities	338.342	1291	21.511	857331755840293844	857316106756978191	857316106756978190	29420	
1	C22H42O4	[M + H]+	C22H43O4+	Fatty acids	0.989	Fatty esters	0.978	Wax diesters	0.958	Lipids and lipid-like molecules	0.947	Fatty Acyls	0.976	Fatty acid esters	0.964			Fatty acid esters	0.964	Organic compounds; Lipids and lipid-like molecules; Organic acids and derivatives; Carboxylic acids and derivatives; Organooxygen compounds; Fatty acid esters; Dicarboxylic acids and derivatives; Carboxylic acid derivatives; Carboxylic acid esters; Carbonyl compounds; Fatty Acyls; Organic oxides; Hydrocarbon derivatives; Organic oxygen compounds; Chemical entities	371.316	1298	21.632	857331725419006553	857316106798921235	857316106798921234	29582	
2	C23H45NO2	[M - H2O + H]+	C23H44NO+	Fatty acids	1.000	Fatty amides	1.000	N-acyl ethanolamines (endocannabinoids)	0.999	Lipids and lipid-like molecules	0.955	Fatty Acyls	0.969	Fatty amides	0.956	N-acyl amines	0.912	N-acyl amines	0.912	Organic compounds; Lipids and lipid-like molecules; Alcohols and polyols; Organic acids and derivatives; Carboxylic acids and derivatives; Organonitrogen compounds; Primary alcohols; Organooxygen compounds; Fatty amides; Carboxylic acid amides; Carboxylic acid derivatives; N-acyl amines; N-acylethanolamines; Secondary carboxylic acid amides; Carbonyl compounds; 1,2-aminoalcohols; Amines; Alkanolamines; Fatty Acyls; Organic oxides; Hydrocarbon derivatives; Organopnictogen compounds; Organic oxygen compounds; Organic nitrogen compounds; Chemical entities	350.342	1304	21.737	857331769526307809	857316106920556063	857316106920556062	29660	
1	C14H26O4	[M + H]+	C14H27O4+	Fatty acids	0.996	Fatty esters	0.991	Wax diesters	0.845	Lipids and lipid-like molecules	0.991	Fatty Acyls	0.994	Fatty acid esters	0.987			Fatty acid esters	0.987	Organic compounds; Lipids and lipid-like molecules; Organic acids and derivatives; Carboxylic acids and derivatives; Organooxygen compounds; Fatty acid esters; Dicarboxylic acids and derivatives; Carboxylic acid derivatives; Carboxylic acid esters; Carbonyl compounds; Fatty Acyls; Organic oxides; Hydrocarbon derivatives; Organic oxygen compounds; Chemical entities	259.191	1309	21.811	857331779517139958	857316106962499107	857316106962499106	29738	
1	C24H49NO4	[M + H]+	C24H50NO4+	Fatty acids	0.984	Fatty amides	0.626	N-acyl ethanolamines (endocannabinoids)	0.121	Lipids and lipid-like molecules	0.879	Fatty Acyls	0.882	Fatty amides	0.781	N-acyl amines	0.780	N-acyl amines	0.780	Organic compounds; Lipids and lipid-like molecules; Alcohols and polyols; Organic acids and derivatives; Carboxylic acids and derivatives; Organonitrogen compounds; Organooxygen compounds; Fatty amides; Carboxylic acid amides; Carboxylic acid derivatives; N-acyl amines; Secondary carboxylic acid amides; Carbonyl compounds; Amines; Fatty Acyls; Organic oxides; Hydrocarbon derivatives; Organopnictogen compounds; Organic oxygen compounds; Organic nitrogen compounds; Chemical entities	416.373	1309	21.817	857331786282553384	857316107004442151	857316107000247846	29791	
1	C22H42O4	[M + H3N + H]+	C22H46NO4+	Fatty acids	0.994	Fatty esters	0.990	Wax diesters	0.991	Lipids and lipid-like molecules	0.976	Fatty Acyls	0.989	Fatty acid esters	0.985			Fatty acid esters	0.985	Organic compounds; Lipids and lipid-like molecules; Organic acids and derivatives; Carboxylic acids and derivatives; Organooxygen compounds; Fatty acid esters; Dicarboxylic acids and derivatives; Carboxylic acid derivatives; Carboxylic acid esters; Carbonyl compounds; Fatty Acyls; Organic oxides; Hydrocarbon derivatives; Organic oxygen compounds; Chemical entities	388.342	1309	21.817	857331795057037372	857316107042190891	857316107042190890	29780	
1	C22H42O4	[M + H]+	C22H43O4+	Fatty acids	0.995	Fatty esters	0.991	Wax diesters	0.989	Lipids and lipid-like molecules	0.983	Fatty Acyls	0.992	Fatty acid esters	0.987			Fatty acid esters	0.987	Organic compounds; Lipids and lipid-like molecules; Organic acids and derivatives; Carboxylic acids and derivatives; Organooxygen compounds; Fatty acid esters; Dicarboxylic acids and derivatives; Carboxylic acid derivatives; Carboxylic acid esters; Carbonyl compounds; Fatty Acyls; Organic oxides; Hydrocarbon derivatives; Organic oxygen compounds; Chemical entities	371.315	1309	21.818	857331788320985138	857316107109299759	857316107109299758	29793	
2	C20H41N3O3	[M + H]+	C20H42N3O3+	Amino acids and Peptides	0.883	Small peptides	0.879	Dipeptides	0.327	Organic acids and derivatives	0.992	Carboxylic acids and derivatives	0.982	Amino acids, peptides, and analogues	0.882	Amino acids and derivatives	0.871	N-acyl-alpha amino acids and derivatives	0.529	Organic compounds; Lipids and lipid-like molecules; Amino acids, peptides, and analogues; Alpha amino acids and derivatives; Organic acids and derivatives; Carboxylic acids and derivatives; Organonitrogen compounds; Organooxygen compounds; Fatty amides; Amino acids and derivatives; Carboxylic acid amides; Carboxylic acid derivatives; N-acyl amines; N-acyl-alpha amino acids and derivatives; Secondary carboxylic acid amides; Carbonyl compounds; Alpha amino acid amides; Fatty Acyls; Organic oxides; Hydrocarbon derivatives; Valine and derivatives; Organopnictogen compounds; Organic oxygen compounds; Organic nitrogen compounds; Chemical entities	372.319	1309	21.818	857332114566533405	857316107197380147	857316107197380146	29701	
1	C22H45NO	[M + H]+	C22H46NO+	Fatty acids	0.999	Fatty amides	0.999	Primary amides	0.981	Lipids and lipid-like molecules	0.963	Fatty Acyls	0.959	Fatty amides	0.969	N-acyl amines	0.822	N-acyl amines	0.822	Organic compounds; Lipids and lipid-like molecules; Organic acids and derivatives; Carboxylic acids and derivatives; Organonitrogen compounds; Organooxygen compounds; Fatty amides; Carboxylic acid amides; Carboxylic acid derivatives; N-acyl amines; Primary carboxylic acid amides; Tertiary carboxylic acid amides; Carbonyl compounds; Fatty Acyls; Organic oxides; Hydrocarbon derivatives; Organopnictogen compounds; Organic oxygen compounds; Organic nitrogen compounds; Chemical entities	340.357	1310	21.829	857332121629741351	857316107348375095	857316107348375094	29816	
1	C21H40O2	[M + H]+	C21H41O2+	Fatty acids	0.965	Fatty Acids and Conjugates	0.597	Unsaturated fatty acids	0.337	Lipids and lipid-like molecules	0.939	Fatty Acyls	0.867	Fatty acids and conjugates	0.434	Long-chain fatty acids	0.529	Long-chain fatty acids	0.529	Organic compounds; Lipids and lipid-like molecules; Organic acids and derivatives; Carboxylic acids and derivatives; Organooxygen compounds; Monocarboxylic acids and derivatives; Carboxylic acids; Carbonyl compounds; Long-chain fatty acids; Fatty Acyls; Organic oxides; Hydrocarbon derivatives; Organic oxygen compounds; Chemical entities	325.310	1322	22.030	857332063798677785	857316107402901051	857316107402901050	30020	
1	C22H40O	[M + H3N + H]+	C22H44NO+	Fatty acids	0.998	Fatty acyls	0.993	Fatty aldehydes	0.498	Lipids and lipid-like molecules	0.503	Fatty Acyls	0.560	Fatty aldehydes	0.798			Fatty aldehydes	0.798	Organic compounds; Lipids and lipid-like molecules; Ketones; Aldehydes; Fatty aldehydes; Organooxygen compounds; Carbonyl compounds; Fatty Acyls; Organic oxides; Hydrocarbon derivatives; Organic oxygen compounds; Chemical entities	338.342	1331	22.178	857332380393132483	857316107495175743	857316107495175742	30216	
1	C24H47NO	[M + H]+	C24H48NO+	Fatty acids	1.000	Fatty amides	1.000	Primary amides	1.000	Lipids and lipid-like molecules	0.944	Fatty Acyls	0.947	Fatty amides	0.924			Fatty amides	0.924	Organic compounds; Lipids and lipid-like molecules; Organic acids and derivatives; Carboxylic acids and derivatives; Organonitrogen compounds; Organooxygen compounds; Fatty amides; Carboxylic acid amides; Carboxylic acid derivatives; Primary carboxylic acid amides; Carbonyl compounds; Fatty Acyls; Organic oxides; Hydrocarbon derivatives; Organopnictogen compounds; Organic oxygen compounds; Organic nitrogen compounds; Chemical entities	366.373	1334	22.231	857332498886415232	857316107549701699	857316107549701698	30283	
2	C19H29NS3	[M + H]+	C19H30NS3+	Fatty acids	0.267	Oligopeptides	0.092	Tantazoles and mirabazoles	0.077	Organic acids and derivatives	0.220	Dithiocarbamic acids and derivatives	0.571	Dithiocarbamic acid esters	0.571			Dithiocarbamic acid esters	0.571	Organic compounds; Organoheterocyclic compounds; Organosulfur compounds; Organonitrogen compounds; Dithiocarbamic acids and derivatives; Dithiocarbamic acid esters; Azacyclic compounds; Hydrocarbon derivatives; Organopnictogen compounds; Organic nitrogen compounds; Chemical entities	368.153	1334	22.236	857332493354128247	857316107595839047	857316107595839046	30274	
1	C29H52O7	[M + H3N + H]+	C29H56NO7+	Fatty acids	1.000	Glycerolipids	1.000	Triacylglycerols	1.000	Lipids and lipid-like molecules	0.987	Glycerolipids	0.999	Triradylcglycerols	1.000	Triacylglycerols	1.000	Triacylglycerols	1.000	Organic compounds; Lipids and lipid-like molecules; Glycerolipids; Organic acids and derivatives; Carboxylic acids and derivatives; Organooxygen compounds; Fatty acid esters; Carboxylic acid derivatives; Triacylglycerols; Carboxylic acid esters; Carbonyl compounds; Tricarboxylic acids and derivatives; Triradylcglycerols; Fatty Acyls; Organic oxides; Hydrocarbon derivatives; Organic oxygen compounds; Chemical entities	530.406	1337	22.290	857332508147438477	857316107633587787	857316107633587786	30325	
3	C26H52BN5O6	[M + H3N + H]+	C26H56BN6O6+	Amino acids and Peptides	0.372	Monoterpenoids	0.393	Tripeptides	0.226	Organic acids and derivatives	0.935	Carboxylic acids and derivatives	0.725	Amino acids, peptides, and analogues	0.537	Amino acids and derivatives	0.529	Amino acids and derivatives	0.529	Organic compounds; Organoheterocyclic compounds; Lipids and lipid-like molecules; Amino acids, peptides, and analogues; Organic acids and derivatives; Carboxylic acids and derivatives; Organonitrogen compounds; Organooxygen compounds; Amino acids and derivatives; Organometallic compounds; Carboxylic acid amides; Carboxylic acid derivatives; Organometalloid compounds; Carbonyl compounds; Organoboron compounds; Organic salts; Fatty Acyls; Organic oxides; Organic metalloid salts; Organic metal salts; Oxacyclic compounds; Hydrocarbon derivatives; Alkylboranes; Organic oxygen compounds; Organic nitrogen compounds; Chemical entities	558.436	1339	22.316	857332498940941189	857316107671336527	857316107671336526	30380	
2	C26H51NO4	[M + Na]+	C26H51NNaO4+	Fatty acids	0.733	Fatty amides	0.109	Aminoacids	0.018	Organic acids and derivatives	0.995	Carboxylic acids and derivatives	0.991	Amino acids, peptides, and analogues	0.789	Amino acids and derivatives	0.788	Alpha amino acids and derivatives	0.675	Organic compounds; Amino acids, peptides, and analogues; Alpha amino acids and derivatives; Organic acids and derivatives; Carboxylic acids and derivatives; Organonitrogen compounds; Organooxygen compounds; Amino acids and derivatives; Carboxylic acid amides; Carboxylic acid derivatives; Monocarboxylic acids and derivatives; Carboxylic acid esters; Carbonyl compounds; Organic oxides; Hydrocarbon derivatives; Organopnictogen compounds; Organic oxygen compounds; Organic nitrogen compounds; Chemical entities	464.373	1357	22.617	857332798200337335	857316107713279571	857316107709085266	30622	
1	C26H42O4	[M + H]+	C26H43O4+	Shikimates and Phenylpropanoids	0.219	Phenolic acids (C6-C1)	0.115	Simple phenolic acids	0.059	Benzenoids	0.999	Benzene and substituted derivatives	0.997	Benzoic acids and derivatives	0.998	Benzoic acid esters	0.993	Benzoic acid esters	0.993	Organic compounds; Benzoic acids and derivatives; Organic acids and derivatives; Carboxylic acids and derivatives; Benzoyl derivatives; Organooxygen compounds; Dicarboxylic acids and derivatives; Carboxylic acid derivatives; Carboxylic acid esters; Benzoic acid esters; Benzene and substituted derivatives; Benzenoids; Organic oxides; Hydrocarbon derivatives; Organic oxygen compounds; Chemical entities	419.315	1361	22.676	857333152107323034	857316107893634659	857316107893634658	30715	
1	C22H45NO	[M + H]+	C22H46NO+	Fatty acids	0.998	Fatty amides	0.997	Primary amides	0.707	Lipids and lipid-like molecules	0.739	Fatty Acyls	0.783	Fatty amides	0.824	N-acyl amines	0.681	N-acyl amines	0.681	Organic compounds; Lipids and lipid-like molecules; Organic acids and derivatives; Carboxylic acids and derivatives; Organonitrogen compounds; Organooxygen compounds; Fatty amides; Carboxylic acid amides; Carboxylic acid derivatives; N-acyl amines; Carbonyl compounds; Amines; Fatty Acyls; Organic oxides; Hydrocarbon derivatives; Organopnictogen compounds; Organic oxygen compounds; Organic nitrogen compounds; Chemical entities	340.357	1368	22.793	857333149901119128	857316107931383399	857316107931383398	30795	
1	C26H42O4	[M + H]+	C26H43O4+	Shikimates and Phenylpropanoids	0.207	Phenolic acids (C6-C1)	0.100	Simple phenolic acids	0.055	Benzenoids	0.999	Benzene and substituted derivatives	0.996	Benzoic acids and derivatives	0.998	Benzoic acid esters	0.993	Benzoic acid esters	0.993	Organic compounds; Benzoic acids and derivatives; Organic acids and derivatives; Carboxylic acids and derivatives; Benzoyl derivatives; Organooxygen compounds; Dicarboxylic acids and derivatives; Carboxylic acid derivatives; Carboxylic acid esters; Benzoic acid esters; Benzene and substituted derivatives; Benzenoids; Organic oxides; Hydrocarbon derivatives; Organic oxygen compounds; Chemical entities	419.315	1371	22.853	857333158025485998	857316107985909355	857316107985909354	30836	
1	C28H49NO4	[M + H]+	C28H50NO4+	Alkaloids	0.783	Pseudoalkaloids (transamidation)	0.176	Simple phenolic acids	0.020	Organic acids and derivatives	0.999	Carboxylic acids and derivatives	0.999	Amino acids, peptides, and analogues	0.627	Amino acids and derivatives	0.629	Amino acids and derivatives	0.629	Organic compounds; Amino acids, peptides, and analogues; Benzoic acids and derivatives; Organic acids and derivatives; Carboxylic acids and derivatives; Organonitrogen compounds; Benzoyl derivatives; Organooxygen compounds; Dicarboxylic acids and derivatives; Amino acids and derivatives; Carboxylic acid derivatives; Carboxylic acid esters; Benzoic acid esters; Benzene and substituted derivatives; Benzenoids; Amines; Organic oxides; Hydrocarbon derivatives; Organopnictogen compounds; Organic oxygen compounds; Organic nitrogen compounds; Chemical entities	464.373	1375	22.911	857333155093667492	857316108032046703	857316108032046702	30868	
1	C26H42O4	[M + H]+	C26H43O4+	Shikimates and Phenylpropanoids	0.207	Phenolic acids (C6-C1)	0.101	Simple phenolic acids	0.055	Benzenoids	0.999	Benzene and substituted derivatives	0.996	Benzoic acids and derivatives	0.998	Benzoic acid esters	0.993	Benzoic acid esters	0.993	Organic compounds; Benzoic acids and derivatives; Organic acids and derivatives; Carboxylic acids and derivatives; Benzoyl derivatives; Organooxygen compounds; Dicarboxylic acids and derivatives; Carboxylic acid derivatives; Carboxylic acid esters; Benzoic acid esters; Benzene and substituted derivatives; Benzenoids; Organic oxides; Hydrocarbon derivatives; Organic oxygen compounds; Chemical entities	419.315	1378	22.963	857333203776954073	857316108111738487	857316108111738486	30934	
1	C24H47NO	[M + H]+	C24H48NO+	Fatty acids	1.000	Fatty amides	1.000	Primary amides	1.000	Lipids and lipid-like molecules	0.865	Fatty Acyls	0.880	Fatty amides	0.882			Fatty amides	0.882	Organic compounds; Lipids and lipid-like molecules; Organic acids and derivatives; Carboxylic acids and derivatives; Organonitrogen compounds; Organooxygen compounds; Fatty amides; Carboxylic acid amides; Carboxylic acid derivatives; Primary carboxylic acid amides; Carbonyl compounds; Fatty Acyls; Organic oxides; Hydrocarbon derivatives; Organopnictogen compounds; Organic oxygen compounds; Organic nitrogen compounds; Chemical entities	366.373	1386	23.100	857333242746234205	857316108157875835	857316108153681530	31082	
1	C26H42O4	[M + H]+	C26H43O4+	Shikimates and Phenylpropanoids	0.177	Phenolic acids (C6-C1)	0.089	Simple phenolic acids	0.054	Benzenoids	0.999	Benzene and substituted derivatives	0.997	Benzoic acids and derivatives	0.999	Benzoic acid esters	0.994	Benzoic acid esters	0.994	Organic compounds; Benzoic acids and derivatives; Organic acids and derivatives; Carboxylic acids and derivatives; Benzoyl derivatives; Organooxygen compounds; Dicarboxylic acids and derivatives; Carboxylic acid derivatives; Carboxylic acid esters; Benzoic acid esters; Benzene and substituted derivatives; Benzenoids; Organic oxides; Hydrocarbon derivatives; Organic oxygen compounds; Chemical entities	419.316	1398	23.292	857333249075438945	857316108195624575	857316108195624574	31261	
1	C27H44O4	[M + H]+	C27H45O4+	Shikimates and Phenylpropanoids	0.174	Sesquiterpenoids	0.087	Simple phenolic acids	0.045	Benzenoids	0.999	Benzene and substituted derivatives	0.995	Benzoic acids and derivatives	0.997	Benzoic acid esters	0.989	Benzoic acid esters	0.989	Organic compounds; Benzoic acids and derivatives; Organic acids and derivatives; Carboxylic acids and derivatives; Benzoyl derivatives; Organooxygen compounds; Dicarboxylic acids and derivatives; Carboxylic acid derivatives; Carboxylic acid esters; Benzoic acid esters; Benzene and substituted derivatives; Benzenoids; Organic oxides; Hydrocarbon derivatives; Organic oxygen compounds; Chemical entities	433.331	1399	23.313	857333249750721899	857316108233373315	857316108233373314	31268	
1	C25H48O4	[M + H]+	C25H49O4+	Fatty acids	0.994	Fatty esters	0.996	Wax diesters	0.965	Lipids and lipid-like molecules	0.977	Fatty Acyls	0.989	Fatty alcohol esters	0.678			Fatty alcohol esters	0.678	Organic compounds; Lipids and lipid-like molecules; Organic acids and derivatives; Carboxylic acids and derivatives; Organooxygen compounds; Fatty acid esters; Dicarboxylic acids and derivatives; Carboxylic acid derivatives; Carboxylic acid esters; Fatty alcohol esters; Carbonyl compounds; Fatty Acyls; Organic oxides; Hydrocarbon derivatives; Organic oxygen compounds; Chemical entities	413.363	1411	23.519	857333253877917045	857316108275316359	857316108275316358	31452	
2	C31H55NO	[M + Na]+	C31H55NNaO+	Fatty acids	0.864	Fatty amides	0.775	N-acyl amines	0.166	Lipids and lipid-like molecules	0.923	Fatty Acyls	0.711	Fatty amides	0.886	N-acyl amines	0.717	N-acyl amines	0.717	Organic compounds; Lipids and lipid-like molecules; Organic acids and derivatives; Carboxylic acids and derivatives; Organonitrogen compounds; Organooxygen compounds; Fatty amides; Carboxylic acid amides; Carboxylic acid derivatives; N-acyl amines; Secondary carboxylic acid amides; Carbonyl compounds; Benzene and substituted derivatives; Benzenoids; Fatty Acyls; Organic oxides; Hydrocarbon derivatives; Organopnictogen compounds; Organic oxygen compounds; Organic nitrogen compounds; Chemical entities	480.418	1421	23.675	857333339492050512	857316108317259403	857316108317259402	31572	
1	C31H46O	[M + H]+	C31H47O+	Terpenoids	0.978	Carotenoids (C40)	0.221	Totarane diterpenoids	0.433	Benzenoids	0.839	Phenols	0.538					Phenols	0.538	Organic compounds; Lipids and lipid-like molecules; Phenols; Prenol lipids; Organooxygen compounds; Benzenoids; Hydrocarbon derivatives; Organic oxygen compounds; Chemical entities	435.360	1421	23.681	857333344760097038	857316108359202447	857316108359202446	31578	
1	C2H4O2	[M + K]+	C2H4KO2+	Fatty acids	0.954	Fatty acyls	0.855	Oxygenated hydrocarbons	0.201	Hydrocarbon derivatives	0.924							Hydrocarbon derivatives	0.924	Organic compounds; Hydrocarbon derivatives; Organic oxygen compounds; Chemical entities	98.984	1421	23.681	857333341522093756	857316108401145491	857316108396951186	31580	
1	C28H46O4	[M + H]+	C28H47O4+	Shikimates and Phenylpropanoids	0.144	Sesquiterpenoids	0.103	Simple phenolic acids	0.038	Benzenoids	0.999	Benzene and substituted derivatives	0.994	Benzoic acids and derivatives	0.997	Benzoic acid esters	0.989	Benzoic acid esters	0.989	Organic compounds; Benzoic acids and derivatives; Organic acids and derivatives; Carboxylic acids and derivatives; Benzoyl derivatives; Organooxygen compounds; Dicarboxylic acids and derivatives; Carboxylic acid derivatives; Carboxylic acid esters; Benzoic acid esters; Benzene and substituted derivatives; Benzenoids; Organic oxides; Hydrocarbon derivatives; Organic oxygen compounds; Chemical entities	447.347	1434	23.899	857333345422797074	857316108438894231	857316108438894230	31730	
1	C26H50O4	[M + H3N + H]+	C26H54NO4+	Fatty acids	0.977	Fatty esters	0.977	Wax diesters	0.966	Lipids and lipid-like molecules	0.964	Fatty Acyls	0.981	Fatty alcohol esters	0.630			Fatty alcohol esters	0.630	Organic compounds; Lipids and lipid-like molecules; Organic acids and derivatives; Carboxylic acids and derivatives; Organooxygen compounds; Fatty acid esters; Dicarboxylic acids and derivatives; Carboxylic acid derivatives; Carboxylic acid esters; Fatty alcohol esters; Carbonyl compounds; Fatty Acyls; Organic oxides; Hydrocarbon derivatives; Organic oxygen compounds; Chemical entities	444.405	1455	24.255	857333360614567173	857316108560529059	857316108560529058	32010	
1	C26H48O4	[M + H]+	C26H49O4+	Fatty acids	0.939	Fatty esters	0.906	Wax diesters	0.336	Lipids and lipid-like molecules	0.845	Fatty Acyls	0.910	Fatty acid esters	0.955			Fatty acid esters	0.955	Organic compounds; Lipids and lipid-like molecules; Organic acids and derivatives; Carboxylic acids and derivatives; Organooxygen compounds; Fatty acid esters; Dicarboxylic acids and derivatives; Carboxylic acid derivatives; Carboxylic acid esters; Carbonyl compounds; Fatty Acyls; Organic oxides; Hydrocarbon derivatives; Organic oxygen compounds; Chemical entities	425.363	1463	24.379	857333361369541899	857316108602472103	857316108602472102	32121	
1	C28H46O4	[M + H]+	C28H47O4+	Shikimates and Phenylpropanoids	0.169	Phenolic acids (C6-C1)	0.078	Simple phenolic acids	0.046	Benzenoids	1.000	Benzene and substituted derivatives	0.998	Benzoic acids and derivatives	0.999	Benzoic acid esters	0.993	Benzoic acid esters	0.993	Organic compounds; Benzoic acids and derivatives; Organic acids and derivatives; Carboxylic acids and derivatives; Benzoyl derivatives; Organooxygen compounds; Dicarboxylic acids and derivatives; Carboxylic acid derivatives; Carboxylic acid esters; Benzoic acid esters; Benzene and substituted derivatives; Benzenoids; Organic oxides; Hydrocarbon derivatives; Organic oxygen compounds; Chemical entities	447.347	1470	24.500	857333368210451772	857316108686358191	857316108682163886	32226	
2	C30H53NO4	[M + H]+	C30H54NO4+	Alkaloids	0.537	Pseudoalkaloids (transamidation)	0.169	Isoindole alkaloids	0.019	Organic acids and derivatives	0.995	Carboxylic acids and derivatives	0.993	Amino acids, peptides, and analogues	0.505	Amino acids and derivatives	0.506	Amino acids and derivatives	0.506	Organic compounds; Amino acids, peptides, and analogues; Benzoic acids and derivatives; Organic acids and derivatives; Carboxylic acids and derivatives; Organonitrogen compounds; Benzoyl derivatives; Organooxygen compounds; Amino acids and derivatives; Carboxylic acid derivatives; Carboxylic acid esters; Benzoic acid esters; Benzene and substituted derivatives; Benzenoids; Amines; Organic oxides; Hydrocarbon derivatives; Organopnictogen compounds; Organic oxygen compounds; Organic nitrogen compounds; Chemical entities	492.405	1470	24.503	857333366134271279	857316108724106931	857316108724106930	32227	
1	C26H48O4	[M + H]+	C26H49O4+	Fatty acids	0.940	Fatty esters	0.905	Wax diesters	0.317	Lipids and lipid-like molecules	0.851	Fatty Acyls	0.913	Fatty acid esters	0.956			Fatty acid esters	0.956	Organic compounds; Lipids and lipid-like molecules; Organic acids and derivatives; Carboxylic acids and derivatives; Organooxygen compounds; Fatty acid esters; Dicarboxylic acids and derivatives; Carboxylic acid derivatives; Carboxylic acid esters; Carbonyl compounds; Fatty Acyls; Organic oxides; Hydrocarbon derivatives; Organic oxygen compounds; Chemical entities	425.363	1471	24.512	857333377538584128	857316108766049975	857316108766049974	32229	
1	C26H48O4	[M + H]+	C26H49O4+	Fatty acids	0.962	Fatty esters	0.970	Wax diesters	0.515	Lipids and lipid-like molecules	0.897	Fatty Acyls	0.946	Fatty acid esters	0.969			Fatty acid esters	0.969	Organic compounds; Lipids and lipid-like molecules; Organic acids and derivatives; Carboxylic acids and derivatives; Organooxygen compounds; Fatty acid esters; Dicarboxylic acids and derivatives; Carboxylic acid derivatives; Carboxylic acid esters; Carbonyl compounds; Fatty Acyls; Organic oxides; Hydrocarbon derivatives; Organic oxygen compounds; Chemical entities	425.363	1479	24.658	857333363726740758	857316108812187323	857316108812187322	32314	
1	C29H54O6	[M + H3N + H]+	C29H58NO6+	Fatty acids	1.000	Glycerolipids	1.000	Triacylglycerols	1.000	Lipids and lipid-like molecules	0.986	Glycerolipids	0.999	Triradylcglycerols	1.000	Triacylglycerols	1.000	Triacylglycerols	1.000	Organic compounds; Lipids and lipid-like molecules; Glycerolipids; Organic acids and derivatives; Carboxylic acids and derivatives; Organooxygen compounds; Fatty acid esters; Carboxylic acid derivatives; Triacylglycerols; Carboxylic acid esters; Carbonyl compounds; Tricarboxylic acids and derivatives; Triradylcglycerols; Fatty Acyls; Organic oxides; Hydrocarbon derivatives; Organic oxygen compounds; Chemical entities	516.426	1488	24.797	857333370009808198	857316108849936063	857316108849936062	32437	
1	C19H34O4	[M + H]+	C19H35O4+	Fatty acids	1.000	Glycerolipids	0.994	Diacylglycerols	0.405	Lipids and lipid-like molecules	0.991	Glycerolipids	0.967	Diradylglycerols	0.632	Diacylglycerols	0.776	1,2-diacylglycerols	0.723	Organic compounds; Lipids and lipid-like molecules; Alcohols and polyols; Glycerolipids; Organic acids and derivatives; Carboxylic acids and derivatives; Primary alcohols; Organooxygen compounds; Fatty acid esters; Dicarboxylic acids and derivatives; Carboxylic acid derivatives; Diacylglycerols; Carboxylic acid esters; 1,2-diacylglycerols; Carbonyl compounds; Diradylglycerols; Fatty Acyls; Organic oxides; Hydrocarbon derivatives; Organic oxygen compounds; Chemical entities	327.253	1488	24.798	857333377630858826	857316108887684803	857316108887684802	32461	
1	C21H38O4	[M + H]+	C21H39O4+	Fatty acids	1.000	Glycerolipids	1.000	Diacylglycerols	0.879	Lipids and lipid-like molecules	0.991	Glycerolipids	0.996	Diradylglycerols	0.819	Diacylglycerols	0.906	1,2-diacylglycerols	0.795	Organic compounds; Lipids and lipid-like molecules; Glycerolipids; Organic acids and derivatives; Carboxylic acids and derivatives; Organooxygen compounds; Fatty acid esters; Dicarboxylic acids and derivatives; Carboxylic acid derivatives; Diacylglycerols; Carboxylic acid esters; 1,2-diacylglycerols; Carbonyl compounds; Diradylglycerols; Fatty Acyls; Organic oxides; Hydrocarbon derivatives; Organic oxygen compounds; Chemical entities	355.284	1488	24.807	857333375550483787	857316108925433543	857316108925433542	32460	
1	C7H12N4	[M + H]+	C7H13N4+	Alkaloids	0.939	Guanidine alkaloids	0.257	Polyamines	0.175	Organoheterocyclic compounds	0.910	Azacyclic compounds	0.921					Azacyclic compounds	0.921	Organic compounds; Organoheterocyclic compounds; Organonitrogen compounds; Amines; Azacyclic compounds; Hydrocarbon derivatives; Organopnictogen compounds; Organic nitrogen compounds; Chemical entities	153.113	1564	26.072	857333377463086649	857316109000931023	857316109000931022	33766	
1	C7H10N4	[M + H]+	C7H11N4+	Alkaloids	0.873	Histidine alkaloids	0.134	Imidazole alkaloids	0.134	Organoheterocyclic compounds	0.882	Azacyclic compounds	0.897					Azacyclic compounds	0.897	Organic compounds; Organoheterocyclic compounds; Organonitrogen compounds; Nitriles; Amines; Azacyclic compounds; Hydrocarbon derivatives; Organic cyanides; Organopnictogen compounds; Organic nitrogen compounds; Chemical entities	151.098	1566	26.093	857333379577016240	857316109042874067	857316109042874066	33789	
1	C14H42O7Si7	[M + H]+	C14H43O7Si7+	Fatty acids	0.440	Monoterpenoids	0.151	Halogenated fatty acids	0.088	Organometallic compounds	0.888	Organometalloid compounds	0.888	Organoarsenic compounds	0.196	Oxygen-containing organoarsenic compounds	0.231	Alkylarsine oxides	0.582	Organic compounds; Organometallic compounds; Organometalloid compounds; Organic salts; Organic oxides; Organic metalloid salts; Organic metal salts; Hydrocarbon derivatives; Organic oxygen compounds; Alkylarsine oxides; Chemical entities	519.139	1572	26.199	857333626713798226	857316109089011415	857316109084817110	33890	
10	C19H34O10S3	[M + H3N + H]+	C19H38NO10S3+	Fatty acids	0.505	Fatty esters	0.173	Wax monoesters	0.161	Organic acids and derivatives	0.996	Organic sulfonic acids and derivatives	0.879	Sulfonic acid esters	0.842			Sulfonic acid esters	0.842	Organic compounds; Organosulfur compounds; Organic acids and derivatives; Carboxylic acids and derivatives; Organosulfonic acids and derivatives; Organooxygen compounds; Carboxylic acid derivatives; Sulfonyls; Organosulfonic acid esters; Carboxylic acid esters; Carbonyl compounds; Methanesulfonates; Alkanesulfonic acids and derivatives; Organic oxides; Hydrocarbon derivatives; Organic sulfonic acids and derivatives; Sulfonic acid esters; Organic oxygen compounds; Chemical entities	536.166	1572	26.199	857333679050325043	857316109130954459	857316109126760154	33970	
1	C6H10N2	[M + H3N + H]+	C6H14N3+	Alkaloids	0.709	Fatty acyls	0.130	Acetate-derived alkaloids	0.099	Organic nitrogen compounds	1.000	Organonitrogen compounds	1.000	Organic cyanides	0.827	Nitriles	0.824	Nitriles	0.824	Organic compounds; Organonitrogen compounds; Nitriles; Amines; Hydrocarbon derivatives; Organic cyanides; Organopnictogen compounds; Organic nitrogen compounds; Chemical entities	128.118	1652	27.535	857333595822747918	857316109336475375	857316109336475374	35443	
1	C7H12N4	[M + H]+	C7H13N4+	Alkaloids	0.961	Guanidine alkaloids	0.446	Imidazole alkaloids	0.248	Organic nitrogen compounds	1.000	Organonitrogen compounds	1.000	Guanidines	0.501			Guanidines	0.501	Organic compounds; Organoheterocyclic compounds; Organonitrogen compounds; Guanidines; Amines; Azacyclic compounds; Hydrocarbon derivatives; Organopnictogen compounds; Organic nitrogen compounds; Chemical entities	153.113	1653	27.548	857333594778366198	857316109470693107	857316109466498802	35455	
2	C5H6N2	[M + H3N + H]+	C5H10N3+	Alkaloids	0.883	Nicotinic acid alkaloids	0.884	Pyridine alkaloids	0.885	Organoheterocyclic compounds	0.818	Heteroaromatic compounds	0.825					Heteroaromatic compounds	0.825	Organic compounds; Organoheterocyclic compounds; Organonitrogen compounds; Azacyclic compounds; Heteroaromatic compounds; Hydrocarbon derivatives; Organopnictogen compounds; Organic nitrogen compounds; Chemical entities	112.087	1656	27.592	857333595759833349	857316109516830455	857316109512636150	35502	
1	C7H12N4	[M + H]+	C7H13N4+	Alkaloids	0.933	Guanidine alkaloids	0.209	Imidazole alkaloids	0.165	Organoheterocyclic compounds	0.916	Azacyclic compounds	0.923					Azacyclic compounds	0.923	Organic compounds; Organoheterocyclic compounds; Organonitrogen compounds; Amines; Azacyclic compounds; Hydrocarbon derivatives; Organopnictogen compounds; Organic nitrogen compounds; Chemical entities	153.113	1679	27.985	857333603439604287	857316109961426723	857316109961426722	35968	
1	C6H9N3	[M + H]+	C6H10N3+	Alkaloids	0.909	Pseudoalkaloids (transamidation)	0.053	Imidazole alkaloids	0.044	Organoheterocyclic compounds	0.987	Diazines	0.872	Pyrimidines and pyrimidine derivatives	0.839	Aminopyrimidines and derivatives	0.796	Aminopyrimidines and derivatives	0.796	Organic compounds; Organoheterocyclic compounds; Pyrimidines and pyrimidine derivatives; Organonitrogen compounds; Aminopyrimidines and derivatives; Diazines; Amines; Primary amines; Azacyclic compounds; Heteroaromatic compounds; Hydrocarbon derivatives; Organopnictogen compounds; Organic nitrogen compounds; Chemical entities	124.089	1718	28.626	857333615586308750	857316110095644463	857316110095644462	36809	
2	C5H8N2	[M + C2H3N + H]+	C7H12N3+	Alkaloids	0.729	Nicotinic acid alkaloids	0.275	Acetate-derived alkaloids	0.375	Organic nitrogen compounds	1.000	Organonitrogen compounds	0.999					Organonitrogen compounds	0.999	Organic compounds; Organonitrogen compounds; Hydrocarbon derivatives; Organopnictogen compounds; Organic nitrogen compounds; Chemical entities	138.103	1774	29.574	857333626416002637	857316110452160339	857316110447966034	37956	
1	C6H9N3	[M + H]+	C6H10N3+	Alkaloids	0.939	Histidine alkaloids	0.683	Imidazole alkaloids	0.684	Organoheterocyclic compounds	0.973	Azoles	0.770	Imidazoles	0.621			Imidazoles	0.621	Organic compounds; Organoheterocyclic compounds; Imidazoles; Organonitrogen compounds; Azoles; Amines; Primary amines; Azacyclic compounds; Heteroaromatic compounds; Hydrocarbon derivatives; Organopnictogen compounds; Organic nitrogen compounds; Chemical entities	124.089	1830	30.507	857333634863330909	857316110460548951	857316110460548950	39158	
