formulaRank	molecularFormula	adduct	precursorFormula	ZodiacScore	SiriusScoreNormalized	SiriusScore	TreeScore	IsotopeScore	numExplainedPeaks	explainedIntensity	medianMassErrorFragmentPeaks(ppm)	medianAbsoluteMassErrorFragmentPeaks(ppm)	massErrorPrecursor(ppm)	lipidClass	ionMass	retentionTimeInSeconds	retentionTimeInMinutes	formulaId	alignedFeatureId	compoundId	mappingFeatureId	overallFeatureQuality
1	C5H4N2O5S	[M + Na]+	C5H4N2NaO5S+		0.604	10.545	10.545	0.000	2	0.240	15.038	15.038	7.609		226.975	43	0.723	857316937149976267	857316056718928335	857316056693762510	95	
1	C3HClN2O3	[M + H]+	C3H2ClN2O3+		0.093	0.391	0.391	0.000	0	0.000			13.116		148.977	46	0.765	857316933609983642	857316056911866323	857316056907672018	368	
1	C3H8N2O3S2	[M + K]+	C3H8KN2O3S2+		0.922	56.672	56.672	0.000	15	0.932	4.296	4.296	1.470		222.961	47	0.782	857316993336873134	857316057075444183	857316057071249878	179	
1	C3H7BFO3	[M + Na]+	C3H7BFNaO3+		0.853	16.376	16.376	0.000	2	0.539	17.850	17.850	-2.936		143.040	47	0.782	857316990233088139	857316057285159387	857316057280965082	303	
1	C3H5FO3	[M + Na]+	C3H5FNaO3+		0.986	23.802	23.802	0.000	2	0.562	18.226	18.226	-1.244		131.011	47	0.784	857316943244300045	857316057561983455	857316057553594846	193	
1	C5H5F2NO2	[M + Na]+	C5H5F2NNaO2+		1.000	58.617	56.142	2.475	7	0.925	13.440	13.440	2.700		172.019	47	0.786	857316976941338666	857316057830418915	857316057822030306	158	
1	CH6N2O5S	[M + H]+	CH7N2O5S+		1.000	48.578	48.578	0.000	8	0.457	8.532	8.532	-4.898		159.006	47	0.786	857316941717573363	857316058090465767	857316058077882854	132	
1	H4N2O2S	[M + H]+	H5N2O2S+		1.000	19.901	19.901	0.000	2	0.823	12.227	12.227	10.671		97.008	47	0.787	857316931802238583	857316058325346795	857316058316958186	154	
1	C2H4N2O4S	[M + H]+	C2H5N2O4S+		0.333	55.798	55.172	0.627	5	0.900	9.919	9.919	6.771		152.997	47	0.787	857316956343111545	857316058463758831	857316058459564526	204	
1	C4H5F2NO3	[M + Na]+	C4H5F2NNaO3+		1.000	57.177	52.771	4.406	8	0.993	12.134	14.057	2.840		176.013	47	0.790	857316958113107854	857316058719611383	857316058711222774	166	
1	C7H7BrO5	[M + H]+	C7H8BrO5+		0.903	41.428	41.428	0.000	9	0.780	6.164	6.164	3.937		250.956	47	0.790	857316970792488960	857316058862217723	857316058853829114	161	
1	C2H3F2N	[M + Na]+	C2H3F2NNa+		0.700	7.021	5.301	1.720	1	0.130	11.180	11.180	4.742		102.013	47	0.791	857316975494303758	857316059009018367	857316059000629758	148	
1	C4H3F2NO2	[M + Na]+	C4H3F2NNaO2+		1.000	51.787	47.319	4.469	7	0.958	12.750	16.010	3.320		158.003	47	0.791	857316970188509164	857316059168401923	857316059164207618	189	
1	C2H5N3OS	[M + H]+	C2H6N3OS+		0.333	18.735	18.735	0.000	2	0.463	17.431	17.431	8.755		120.024	48	0.792	857316936755711662	857316059311008263	857316059306813958	174	
1	CH2N2O2S	[M + H]+	CH3N2O2S+		0.250	21.949	21.949	0.000	2	0.417	16.086	16.086	9.489		106.992	48	0.793	857316938500542165	857316059449420299	857316059445225994	185	
1	C4H3FO2	[M + Na]+	C4H3FNaO2+		0.458	25.375	25.375	0.000	2	0.802	18.147	18.147	13.374		125.003	48	0.794	857316976500936725	857316059583638031	857316059579443726	254	
1	C2H2F2O3	[M + Na]+	C2H2F2NaO3+		0.939	23.677	23.677	0.000	3	0.960	-19.908	19.908	3.770		134.987	48	0.794	857316946947870507	857316059709467155	857316059701078546	256	
1	C3N2O2	[M + Na]+	C3N2NaO2+		0.446	1.000	1.000	0.000	0	0.000			-9.984		118.984	48	0.796	857316951632908127	857316059826907671	857316059822713366	184	
1	C2H5AsFNO7	[M + K]+	C2H5AsFKNO7+		1.000	46.527	43.717	2.810	16	0.716	1.130	1.130	-2.811		287.889	48	0.797	857316986953142395	857316059969514011	857316059965319706	126	
1	C6H7NS	[M + Na]+	C6H7NNaS+		0.107	15.298	15.298	0.000	1	0.379	-6.720	6.720	-3.992		148.019	48	0.799	857316932972449417	857316060124703263	857316060116314654	192	
1	C5H3F2NO4	[M + Na]+	C5H3F2NNaO4+		0.951	23.465	23.465	0.000	5	0.898	13.502	13.502	2.452		201.993	48	0.799	857316950638858069	857316060250532387	857316060242143778	92	
1	C3H6N3O2S	[M + K]+	C3H6KN3O2S+		0.968	72.599	68.412	4.187	15	0.263	-2.321	2.321	-1.019		186.981	48	0.799	857316944062189335	857316060527356459	857316060523162154	242	
1	C3H3F2NO	[M + Na]+	C3H3F2NNaO+		1.000	34.970	32.695	2.275	3	0.974	16.899	16.899	4.147		130.008	48	0.801	857316986219139177	857316060678351407	857316060665768494	196	
1	C3HNO3S	[M + H]+	C3H2NO3S+		0.260	0.391	0.391	0.000	0	0.000			-5.155		131.974	48	0.803	857316992133107872	857316060896455219	857316060883872306	259	
1	ClN3O	[M + Na]+	ClN3NaO+		0.596	-0.609	-0.609	0.000	0	0.000			16.557		115.964	48	0.803	857316934553702055	857316061097781815	857316061093587510	220	
1	C2H3NO4S	[M + Na]+	C2H3NNaO4S+		0.928	25.119	25.119	0.000	4	0.076	14.656	14.656	10.507		159.969	48	0.803	857316952534683496	857316061231999547	857316061223610938	277	
1	C4HNOP2	[M + H]+	C4H2NOP2+		0.424	3.766	3.490	0.276	3	0.072	-21.807	21.807	-13.549		141.959	48	0.804	857316976727429154	857316061374605887	857316061374605886	280	
1	C6HO2	[M + K]+	C6HKO2+		0.792	3.370	3.370	0.000	2	0.009	-17.817	17.817	-12.034		143.959	48	0.804	857316939733667561	857316061513017923	857316061513017922	290	
1	C6H3O3	[M + K]+	C6H3KO3+		0.906	38.875	37.860	1.015	7	0.258	-15.340	15.340	-11.095		161.970	48	0.804	857316945123348257	857316061617875527	857316061613681222	281	
1	CHNOS	[M + Na]+	CHNNaOS+		0.989	-0.609	-0.609	0.000	0	0.000			17.400		97.969	48	0.805	857316961497911217	857316061722733131	857316061718538826	279	
1	C4H6N3OS	[M + K]+	C4H6KN3OS+		1.000	50.923	50.157	0.765	11	0.197	-7.213	7.844	-5.825		182.985	48	0.805	857316977134276667	857316061823396431	857316061819202126	321	
1	C3H3FeNO2	[M + H]+	C3H4FeNO2+		0.333	42.498	40.145	2.352	5	0.522	0.937	0.937	0.605		139.963	48	0.805	857316969991376854	857316061919865427	857316061915671122	288	
1	C5H2O	[M + K]+	C5H2KO+		0.834	3.500	3.500	0.000	0	0.000			-15.156		116.972	48	0.807	857316942837452542	857316062024723031	857316062020528726	283	
1	C4HNOPS	[M + H]+	C4H2NOPS+		0.986	4.317	4.317	0.000	3	0.019	1.830	2.553	1.590		142.959	48	0.807	857316932473327233	857316062112803419	857316062112803418	292	
1	C3H5FeNO3	[M + H]+	C3H6FeNO3+		0.333	65.324	63.556	1.768	8	0.575	0.668	0.668	0.570		157.974	48	0.807	857316969274150848	857316062209272415	857316062209272414	287	
1	C5H2OS2	[M + H]+	C5H3OS2+		0.212	0.391	0.391	0.000	0	0.000			0.258		142.962	49	0.810	857316966698848182	857316062305741411	857316062301547106	232	
1	CH2NOSe	[M + H]+	CH3NOSe+		0.989	2.786	2.786	0.000	1	0.061	-8.531	8.531	-5.898		118.943	49	0.810	857316976903589928	857316062477707883	857316062473513578	295	
1	CHN5O	[M + H]+	CH2N5O+		0.968	0.000	0.000	0.000	0	0.000			-10.159		100.024	49	0.817	857316969790050259	857316062582565487	857316062578371182	339	
1	CHNS3	[M + H3N + H]+	CH5N2S3+		1.000	-0.609	-0.609	0.000	0				5.905		140.962	49	0.817	857316972931584012	857316062674840179	857316062670645874	346	
1	C2H3N5O3	[M + H]+	C2H4N5O3+		0.151	0.573	0.573	0.000	0	0.000			-6.680		146.030	49	0.818	857316948927582011	857316062779697783	857316062775503478	364	
1	C5H6MgN2O2	[M + H]+	C5H7MgN2O2+		0.500	42.450	36.310	6.140	8	0.315	2.181	2.181	0.493		151.035	49	0.818	857316937040924353	857316062880361083	857316062880361082	350	
1	C3H5MgNO3	[M + H]+	C3H6MgNO3+		0.200	17.636	10.859	6.777	2	0.012	0.920	0.920	0.460		128.019	49	0.819	857316959870521248	857316062972635775	857316062972635774	374	
1	CH3NO5	[M + H]+	CH4NO5+		0.371	7.944	7.944	0.000	1	0.000	4.889	4.889	3.285		110.009	49	0.819	857316960612913066	857316063069104771	857316063064910466	391	
1	C4H9FeNO2	[M + H]+	C4H10FeNO2+		0.813	20.448	20.448	0.000	4	0.210	1.232	1.232	8.762		158.012	49	0.822	857316996432269497	857316063186545287	857316063182350982	307	
1	H4NO4	[M + Na]+	H4NNaO4+		0.917	21.843	21.843	0.000	2	0.260	1.556	1.556	0.826		105.003	49	0.822	857316984939876447	857316063295597195	857316063295597194	410	
1	CH4NO5	[M + Na]+	CH4NNaO5+		1.000	17.660	17.660	0.000	2	0.342	0.525	0.525	0.692		132.998	49	0.823	857316984033906767	857316063408843407	857316063408843406	405	
1	C7H4ClNO4S	[M + Na]+	C7H4ClNNaO4S+		0.948	34.455	34.455	0.000	5	0.901	1.451	1.451	-0.027		255.944	50	0.827	857317001230553300	857316063517895315	857316063513701010	427	
1	C2H4Cl2NO3S	[M + Na]+	C2H4Cl2NNaO3S+		0.994	30.586	30.586	0.000	5	0.569	3.739	3.739	-2.117		214.918	50	0.836	857317002987966692	857316063811496603	857316063807302298	431	
1	C4H8N2O4S	[M + H]+	C4H9N2O4S+		0.966	22.817	22.098	0.720	5	0.405	-6.365	6.365	-10.795		181.026	52	0.869	857316999875793098	857316063907965599	857316063903771294	571	
1	C6H12N2	[M + H]+	C6H13N2+		1.000	50.403	50.403	0.000	16	0.931	1.974	1.974	0.222		113.107	52	0.874	857316994276397240	857316064000240291	857316063996045986	589	
1	C6H7FO3S	[M + H]+	C6H8FO3S+		0.925	56.574	56.574	0.000	11	0.320	1.680	2.054	-0.390		179.017	53	0.891	857317006095945968	857316064092514983	857316064088320678	687	
1	C6H15NO3	[M + H]+	C6H16NO3+		1.000	87.140	87.140	0.000	12	0.680	1.054	1.369	0.601		150.113	54	0.894	857316987703922824	857316064239315627	857316064235121322	698	
1	C6H8O5S3	[M + H]+	C6H9O5S3+		0.321	45.113	40.425	4.689	20	0.667	-3.454	4.072	5.710		256.962	54	0.897	857317028522889471	857316064381921967	857316064377727662	1491	
1	C6H15NO3	[M + Na]+	C6H15NNaO3+		1.000	11.932	11.932	0.000	3	0.151	1.988	1.988	0.209		172.094	54	0.898	857317018783715581	857316064470002355	857316064465808050	682	
1	C5H13NO2	[M + H]+	C5H14NO2+		1.000	25.724	25.724	0.000	3	0.984	6.447	6.447	0.624		120.102	54	0.903	857316991034200222	857316064566471351	857316064566471350	715	
1	C6H15NO4	[M + H]+	C6H16NO4+		1.000	35.746	35.746	0.000	7	0.983	1.261	1.261	0.335		166.107	54	0.907	857316998139351236	857316064650357435	857316064650357434	750	
1	C6H12N2O	[M + H]+	C6H13N2O+		1.000	88.185	88.185	0.000	22	0.767	1.546	1.546	0.392		129.102	54	0.908	857317014102872315	857316064742632127	857316064738437822	722	
1	CH6N2O4S2	[M + H]+	CH7N2O4S2+		1.000	45.127	45.127	0.000	7	0.945	4.851	4.851	4.543		174.985	55	0.909	857317059451687631	857316064839101123	857316064834906818	718	
1	C2H4N2O4S2	[M + H]+	C2H5N2O4S2+		1.000	62.600	61.167	1.433	9	0.319	6.655	6.655	4.298		184.969	55	0.912	857317058654769775	857316064927181511	857316064922987206	719	
1	C3H7N3O3S2	[M + H]+	C3H8N3O3S2+		0.333	33.853	33.853	0.000	6	0.241	8.014	8.014	4.144		198.001	55	0.916	857317062043767577	857316065027844811	857316065023650506	770	
1	C3H8O3	[M + Na]+	C3H8NaO3+		0.941	5.852	3.500	2.352	0	0.000			0.654		115.037	55	0.925	857317053902623017	857316065111730895	857316065107536590	879	
1	C5H11NO2	[M + H]+	C5H12NO2+		0.500	36.117	36.117	0.000	4	0.906	1.155	1.155	0.296		118.086	56	0.925	857317055190274405	857316065191422675	857316065187228370	846	
1	C5H2Cl3NO2	[M + H]+	C5H3Cl3NO2+		0.252	17.534	17.534	0.000	3	0.254	1.788	1.788	1.459		213.923	56	0.928	857317065701200709	857316065359194843	857316065359194842	776	
1	C8H9NO4S3	[M + Na]+	C8H9NNaO4S3+		0.602	68.962	68.962	0.000	14	0.658	4.860	5.250	-2.985		301.958	56	0.929	857317102552355964	857316065510189795	857316065505995490	802	
1	C3H5N5O	[M + H]+	C3H6N5O+		0.997	47.564	47.564	0.000	6	0.941	1.098	1.098	0.576		128.057	56	0.930	857317065600537406	857316065585687271	857316065585687270	812	
1	C4H5F2NO3S	[M + Na]+	C4H5F2NNaO3S+		0.984	60.610	60.610	0.000	10	0.886	9.400	9.400	1.245		207.985	56	0.932	857317080771335247	857316065669573355	857316065669573354	738	
1	C4H4O8S	[M + Na]+	C4H4NaO8S+		0.290	24.339	24.339	0.000	4	0.296	-0.565	0.948	-0.889		234.952	56	0.937	857317081190765664	857316065766042351	857316065761848046	1006	
1	C2H9BF2N4O2	[M + H]+	C2H10BF2N4O2+		0.539	16.502	16.502	0.000	6	0.170	4.560	4.560	-2.531		170.089	56	0.937	857317071606780987	857316065845734131	857316065841539826	733	
1	C4H4O5S	[M + Na]+	C4H4NaO5S+		0.588	6.140	6.140	0.000	2	0.031	13.012	13.012	-6.338		186.966	56	0.938	857317075301962821	857316065283697367	857316065283697366	727	
1	C7H5Cl3N2O2	[M + H]+	C7H6Cl3N2O2+		0.352	34.489	34.489	0.000	6	0.645	2.378	2.378	1.307		254.949	57	0.944	857317082906236013	857316065917037303	857316065912842998	857	
1	C7H15FN2O	[M + H]+	C7H16FN2O+		1.000	152.275	152.275	0.000	43	0.993	-10.261	10.261	-6.852		163.123	57	0.945	857317119929357477	857316066000923387	857316065996729082	859	
1	C3H8O4S4	[M + H]+	C3H9O4S4+		0.617	29.577	27.236	2.341	8	0.605	-9.284	9.284	3.675		236.939	57	0.953	857317109061915784	857316066084809471	857316066080615166	987	
1	C7O	[M + H]+	C7HO+		0.935	3.500	3.500	0.000	0	0.000			9.989		101.003	57	0.953	857317112065037464	857316066177084163	857316066172889858	683	
1	C6H13NO	[M + H]+	C6H14NO+		0.500	78.606	78.606	0.000	17	0.950	3.488	3.488	0.426		116.107	58	0.960	857317122534020267	857316066286136071	857316066281941766	1001	
1	C9H21NO2	[M - H2O + H]+	C9H20NO+		1.000	94.328	91.171	3.156	26	0.908	1.092	1.092	-113879.473		158.154	58	0.960	857317124178187439	857316066370022155	857316066365827850	1067	
1	C12H23N	[M + H]+	C12H24N+		1.000	46.817	41.226	5.590	5	0.962	0.935	0.935	0.844		182.190	58	0.961	857317144830940342	857316066466491151	857316066466491150	1109	
1	C6H15N	[M + H]+	C6H16N+		1.000	37.204	37.204	0.000	4	0.942	1.155	1.155	0.431		102.128	58	0.961	857317130519975092	857316066554571539	857316066550377234	993	
1	C8H19N	[M + H]+	C8H20N+		1.000	70.761	70.761	0.000	12	0.489	3.912	3.912	0.952		130.159	58	0.961	857317134563284149	857316066638457623	857316066638457622	1145	
1	C10H16N4O	[M + Na]+	C10H16N4NaO+		0.721	13.021	13.021	0.000	4	0.279	-1.045	5.118	-5.070		231.120	58	0.970	857317341044677133	857316066718149403	857316066713955098	1221	
1	C12H23NO	[M + H]+	C12H24NO+		1.000	86.829	86.829	0.000	22	0.994	0.861	0.861	0.501		198.185	58	0.972	857317335273314281	857316066818812703	857316066814618398	1110	
1	CH6FO3PSi	[M + H]+	CH7FO3PSi+		1.000	30.512	30.512	0.000	6	0.247	8.449	8.449	2.608		144.988	59	0.977	857317352855841696	857316066906893091	857316066902698786	1473	
1	C6H13N	[M + H]+	C6H14N+		0.500	42.381	42.381	0.000	6	0.939	6.888	6.888	0.141		100.112	59	0.977	857317334958741270	857316066990779175	857316066986584870	986	
1	C8H8N2	[M + H]+	C8H9N2+		0.762	84.567	84.567	0.000	21	0.896	0.746	0.746	0.491		133.076	59	0.980	857317356093844425	857316067070470955	857316067070470954	1789	
1	C2H10N3OS2	[M + H]+	C2H11N3OS2+		1.000	41.174	35.624	5.549	5	0.890	4.554	4.554	9.327		157.035	59	0.984	857317355234012088	857316067150162735	857316067150162734	1341	
1	C5H10O2Si2	[M + H]+	C5H11O2Si2+		0.999	27.256	27.256	0.000	5	0.219	8.609	8.609	11.262		159.031	59	0.984	857317360749521967	857316067225660211	857316067225660210	1343	
1	C8H10N2O	[M + H]+	C8H11N2O+		1.000	99.864	99.864	0.000	15	0.541	0.863	0.863	0.335		151.087	59	0.988	857317348237910986	857316067313740599	857316067309546294	1319	
1	C6H13NO4	[M + H]+	C6H14NO4+		1.000	62.951	62.951	0.000	8	0.575	0.769	0.808	0.522		164.092	59	0.988	857317354034441134	857316067393432379	857316067393432378	1253	
1	C5H6NO3	[M + H]+	C5H7NO3+		0.920	40.934	40.934	0.000	10	0.129	3.657	7.250	-9.954		129.041	59	0.989	857317357033368600	857316067481512767	857316067477318462	1396	
1	C2HNO3S	[M + Na]+	C2HNNaO3S+		0.929	6.892	6.892	0.000	1	0.013	14.926	14.926	12.436		141.959	59	0.991	857317365807855129	857316067569593155	857316067565398850	1655	
1	C5H9BrO5	[M + Na]+	C5H9BrNaO5+		1.000	52.314	52.314	0.000	6	0.934	-4.353	4.353	7.626		250.954	60	0.996	857317365979821607	857316067645090631	857316067645090630	1400	
1	C13H25N5O3	[M + H]+	C13H26N5O3+		1.000	52.437	52.437	0.000	15	0.953	0.598	0.598	-4.384		300.202	60	1.000	857317351467526504	857316067720588107	857316067720588106	1923	
1	C9H25N4O4	[M + H]+	C9H26N4O4+		0.991	16.064	16.064	0.000	4	0.478	1.596	3.800	5.756		254.196	60	1.002	857317349617838026	857316067800279887	857316067796085582	1620	
1	C4H7NO4S2	[M + Na]+	C4H7NNaO4S2+		1.000	67.065	67.065	0.000	9	0.628	-3.592	4.288	8.363		219.973	60	1.003	857317372510353425	857316068089686879	857316068085492574	1489	
1	C5H10F2N2	[M + H]+	C5H11F2N2+		1.000	96.102	96.102	0.000	17	0.480	4.327	6.665	12.392		137.090	60	1.004	857317365921101347	857316068160990051	857316068156795746	1470	
1	C3H5FN2O5Si	[M + H]+	C3H6FN2O5Si+		1.000	27.551	26.307	1.244	7	0.270	-3.927	3.927	-8.185		197.001	60	1.007	857317369649837628	857316068240681831	857316068236487526	1526	
1	C5H8O2	[M + H]+	C5H9O2+		1.000	38.310	38.310	0.000	3	0.694	7.199	7.199	0.535		101.060	61	1.009	857317365799466519	857316068320373611	857316068320373610	1675	
1	C15H29N5O2	[M + H]+	C15H30N5O2+		0.774	17.690	17.039	0.652	4	0.990	8.667	8.667	-4.265		312.238	61	1.014	857317361949092922	857316068391676783	857316068391676782	1684	
1	C8H25N7O4	[M + H]+	C8H26N7O4+		0.945	40.888	39.996	0.892	7	0.913	1.481	1.481	9.751		284.207	61	1.020	857317369654031942	857316068471368563	857316068471368562	1678	
1	C3HI	[M + H]+	C3H2I+		0.440	0.391	0.391	0.000	0	0.000			6.279		164.921	61	1.025	857317369775666769	857316068718832511	857316068714638206	1576	
1	C8H10N4O2	[M + H]+	C8H11N4O2+		1.000	99.997	96.600	3.397	30	0.927	0.220	0.960	1.015		195.088	62	1.027	857317371071706913	857316068815301507	857316068815301506	1525	
1	H6O7Si2	[M + H]+	H7O7Si2+		0.712	6.800	6.800	0.000	3	0.960	-0.223	0.223	0.217		174.973	62	1.027	857317369599505970	857316068920159111	857316068915964806	1682	
1	C7H6O2	[M + H]+	C7H7O2+		1.000	111.531	111.531	0.000	12	0.905	2.530	2.530	0.359		123.044	62	1.027	857317369779861083	857316069016628107	857316069012433802	1649	
1	C8H14O4	[M + H]+	C8H15O4+		1.000	37.115	37.115	0.000	6	0.871	1.518	1.518	0.312		175.097	62	1.033	857317370388035212	857316069117291407	857316069117291406	1696	
1	CH5S3	[M + H]+	CH6S3+		0.297	-0.609	-0.609	0.000	0	0.000			9.963		113.964	62	1.034	857317400507332676	857316069222149011	857316069217954706	1647	
1	C9H20O5	[M + H]+	C9H21O5+		0.984	52.877	52.059	0.818	16	0.938	1.665	1.665	0.095		209.138	63	1.044	857317394165545018	857316069335395223	857316069331200918	1807	
1	C3H3IO4S	[M + H]+	C3H4IO4S+		0.328	9.781	9.781	0.000	1	0.728	6.370	6.370	4.283		262.888	63	1.049	857317388964608038	857316069444447131	857316069440252826	1803	
1	C8H11NO4S2	[M + K]+	C8H11KNO4S2+		0.674	180.346	180.346	0.000	35	0.623	-4.159	4.378	11.640		287.979	63	1.050	857317626823592559	857316069553499039	857316069549304734	1606	
1	C6H15N3O3	[M + Na]+	C6H15N3NaO3+		1.000	104.806	102.386	2.420	36	0.790	-5.110	7.843	-3.758		200.100	63	1.051	857317507818600618	857316069662550947	857316069662550946	1818	
1	C4H6N2O3S	[M + K]+	C4H6KN2O3S+		1.000	64.861	64.861	0.000	12	0.279	-7.267	7.267	-3.539		200.972	63	1.054	857317403929884754	857316069868071851	857316069863877546	1665	
1	C8H8O3	[M + H]+	C8H9O3+		1.000	109.106	109.106	0.000	23	0.947	1.033	1.033	0.519		153.055	63	1.055	857317412343658590	857316069977123759	857316069977123758	1902	
1	C8H16O6	[M + H]+	C8H17O6+		1.000	81.956	76.689	5.268	12	0.980	0.429	0.489	0.647		209.102	63	1.056	857317416667986024	857316070115535795	857316070111341490	1822	
1	C6H6O3	[M + H]+	C6H7O3+		1.000	65.564	65.564	0.000	7	0.469	0.644	1.318	0.547		127.039	64	1.071	857317391648962608	857316070304279479	857316070300085174	2084	
1	C3H7O5S2	[M + Na]+	C3H7NaO5S2+		0.980	110.034	108.614	1.419	25	0.429	5.101	5.563	10.283		209.965	65	1.086	857317435206809727	857316070560132031	857316070555937726	1850	
1	C5H6N3O3PS2	[M + Na]+	C5H6N3NaO3PS2+		0.982	91.468	91.468	0.000	20	0.474	2.092	5.753	8.504		273.950	66	1.096	857317437400430729	857316070706932675	857316070702738370	2111	
1	C7H5NS	[M + H]+	C7H6NS+		0.997	56.546	54.005	2.541	7	0.776	2.505	2.505	0.834		136.022	66	1.100	857317431796840564	857316070807595975	857316070803401670	2213	
1	H7N6	[M + Na]+	H7N6Na+		1.000	-3.284	-3.284	0.000	1	0.014	-9.177	9.177	-2.279		114.062	66	1.102	857317546049681589	857316070908259275	857316070908259274	2096	
1	C8H25N7O4	[M + H]+	C8H26N7O4+		0.601	18.188	15.746	2.442	4	0.925	0.021	0.435	9.716		284.207	68	1.135	857317439887653012	857316071101197267	857316071101197266	2268	
1	C8H4O4	[M + H]+	C8H5O4+		0.999	60.936	60.936	0.000	14	0.893	3.927	3.927	0.878		165.018	68	1.137	857317506602252448	857316071193471959	857316071189277654	2248	
1	C5H4O3	[M + H]+	C5H5O3+		0.980	9.074	9.074	0.000	1	0.018	3.205	3.205	0.262		113.023	68	1.139	857317554534758583	857316071285746651	857316071281552346	2239	
1	C5H9NO2Se	[M + H]+	C5H10NO2Se+		0.976	10.610	10.610	0.000	4	0.139	-5.856	5.856	-2.692		189.993	68	1.141	857317595924150539	857316071390604255	857316071386409950	2328	
1	C4H9N3O4S2	[M + K]+	C4H9KN3O4S2+		0.955	25.952	25.952	0.000	3	0.651	-8.312	8.312	-3.857		265.966	69	1.149	857317612026086621	857316071470296035	857316071470296034	2281	
1	C2H4NO6S2	[M + Na]+	C2H4NNaO6S2+		0.519	26.991	26.937	0.054	8	0.437	13.940	13.940	7.715		224.939	70	1.164	857317612571346154	857316071575153639	857316071575153638	2317	
1	C2H8N2O5S2	[M + K]+	C2H8KN2O5S2+		0.922	21.072	21.072	0.000	3	0.504	-8.645	8.645	-4.369		242.950	71	1.177	857317624718051032	857316071671622635	857316071671622634	2347	
1	C5H11NO	[M + H]+	C5H12NO+		1.000	24.897	24.897	0.000	3	0.784	6.465	6.465	0.388		102.091	71	1.183	857317597438294314	857316071759703023	857316071759703022	2379	
1	C9H4O5	[M + H]+	C9H5O5+		0.333	91.259	91.259	0.000	16	0.954	1.315	1.315	0.986		193.013	71	1.184	857317610679715013	857316071843589107	857316071843589106	2348	
1	C2H4N6	[M + H]+	C2H5N6+		0.553	1.221	1.221	0.000	0	0.000			-16.723		113.055	72	1.197	857317610365142210	857316071935863799	857316071935863798	2394	
1	C7H5ClIN3O	[M + Na]+	C7H5ClIN3NaO+		0.457	12.762	12.762	0.000	2	0.812	3.989	3.989	2.235		331.907	72	1.204	857317617981998329	857316072019749883	857316072015555578	2460	
1	C2H7NO3S2	[M + K]+	C2H7KNO3S2+		0.495	34.329	34.329	0.000	6	0.268	2.436	4.814	-4.967		195.949	72	1.208	857317619273843975	857316072099441663	857316072099441662	2381	
1	C4H11NO2	[M + H]+	C4H12NO2+		0.990	2.000	2.000	0.000	0	0.000			0.424		106.086	73	1.211	857317615549302007	857316072191716355	857316072187522050	2377	
1	C5H9NO2	[M + H]+	C5H10NO2+		0.993	8.286	8.286	0.000	1	0.128	0.205	0.205	0.388		116.071	79	1.313	857317618174936325	857316072279796743	857316072275602438	2542	
1	C5H11NO3	[M + H]+	C5H12NO3+		1.000	21.338	20.390	0.949	2	0.791	1.360	1.360	0.450		134.081	81	1.357	857317621144503825	857316072367877131	857316072367877130	2456	
1	C9H19NO	[M + H]+	C9H20NO+		1.000	42.171	38.931	3.240	5	0.717	4.376	4.376	0.502		158.154	95	1.586	857317623887578837	857316072460151823	857316072460151822	2665	
1	C10H30O5Si5	[M + H]+	C10H31O5Si5+		0.785	42.745	42.745	0.000	11	0.989	1.589	1.589	-0.251		371.101	111	1.853	857317662772976544	857316072560815123	857316072556620818	2806	
1	C6H11NO2	[M + H]+	C6H12NO2+		0.500	28.997	28.997	0.000	2	0.610	4.007	4.007	0.730		130.086	111	1.853	857317629226929025	857316072653089815	857316072653089814	2797	
1	C10H16	[M + H]+	C10H17+		1.000	47.776	47.776	0.000	7	0.974	1.273	1.273	0.678		137.133	116	1.932	857317630351002821	857316072757947419	857316072757947418	2845	
1	C5H7NO3Se	[M + H]+	C5H8NO3Se+		0.249	20.090	20.090	0.000	5	0.132	-6.393	6.393	-3.559		203.972	116	1.938	857317644750052217	857316072858610719	857316072854416414	2839	
1	C2H5NO8	[M + Na]+	C2H5NNaO8+		0.067	0.901	0.901	0.000	0	0.000			-8.231		193.989	119	1.977	857317650043263885	857316072942496803	857316072942496802	2870	
1	C12H22N4O4Si3	[M + H]+	C12H23N4O4Si3+		0.923	44.395	39.941	4.454	13	0.991	0.622	0.846	-2.752		371.101	119	1.988	857317696751033262	857316073038965799	857316073038965798	2893	
1	C6H3NO2S	[M + Na]+	C6H3NNaO2S+		0.955	7.419	7.419	0.000	3	0.021	-6.767	6.923	-4.944		175.977	120	2.000	857317785720609730	857316073131240491	857316073127046186	2889	
1	C6H12O	[M + H]+	C6H13O+		1.000	32.282	32.282	0.000	3	0.692	5.330	5.330	0.480		101.096	121	2.010	857317795443008888	857316073244486703	857316073240292398	2900	
1	C10H16	[M + H]+	C10H17+		0.500	51.980	51.980	0.000	7	0.890	2.759	2.759	0.678		137.133	126	2.102	857317796491585029	857316073349344307	857316073349344306	2944	
1	C6H11BrO3	[M + Na]+	C6H11BrNaO3+		0.955	47.814	47.814	0.000	7	0.880	-5.035	5.035	7.782		232.980	129	2.143	857317808931892432	857316073437424695	857316073437424694	2946	
1	C13H22N4O3SSi2	[M + H]+	C13H23N4O3SSi2+		0.860	32.266	27.336	4.929	9	0.978	1.085	1.404	-3.398		371.101	130	2.172	857317835569921380	857316073538087995	857316073538087994	2974	
1	C4H5N3O5	[M + K]+	C4H5KN3O5+		0.491	4.416	4.416	0.000	1	0.042	10.355	10.355	0.382		213.986	137	2.291	857317812119563544	857316073642945599	857316073638751294	3023	
1	C12H22N4O4Si3	[M + H]+	C12H23N4O4Si3+		0.905	40.919	37.101	3.818	13	0.995	1.383	1.764	-2.752		371.101	138	2.295	857317838065532274	857316073739414595	857316073735220290	3042	
1	C10H16	[M + H]+	C10H17+		0.500	71.216	67.883	3.333	10	0.923	1.693	1.693	0.678		137.133	141	2.347	857317800715249881	857316073835883591	857316073831689286	3067	
1	C10H30O5Si5	[M + H]+	C10H31O5Si5+		0.468	24.823	24.823	0.000	6	0.724	0.508	0.605	-0.251		371.101	148	2.475	857317829945359695	857316073949129803	857316073944935498	3134	
1	C10H16	[M + H]+	C10H17+		0.500	85.851	82.434	3.417	9	0.856	1.375	1.375	0.678		137.133	154	2.572	857317804628536460	857316074045598799	857316074041404494	3183	
1	C6H13N	[M + H]+	C6H14N+		1.000	35.803	32.946	2.856	4	0.755	6.961	6.961	0.041		100.112	166	2.769	857317799586982104	857316074142067795	857316074137873490	3288	
1	C10H20N2O5	[M + H]+	C10H21N2O5+		0.483	11.583	11.583	0.000	2	1.000	0.157	0.157	0.168		249.145	177	2.949	857317802099370203	857316074246925399	857316074242731094	3365	
1	C10H20N2O4	[M + H]+	C10H21N2O4+		1.000	36.168	33.109	3.058	5	1.000	0.396	0.396	0.156		233.150	196	3.275	857317805446425797	857316074330811483	857316074326617178	3472	
1	C13H25N5O4	[M + H]+	C13H26N5O4+		0.776	8.885	8.885	0.000	1	1.000	0.932	0.932	-4.683		316.196	200	3.340	857317815529532837	857316074414697567	857316074410503262	3492	
1	C8H4O4	[M + H]+	C8H5O4+		0.330	34.055	34.055	0.000	5	0.897	2.035	2.035	0.697		165.018	217	3.612	857317809372294371	857316074498583651	857316074498583650	3628	
1	C15H29N5O5	[M + H]+	C15H30N5O5+		0.650	8.132	7.913	0.219	1	0.804	0.679	0.679	-4.318		360.223	218	3.629	857317811020655885	857316074590858343	857316074590858342	3611	
1	C12H27NO7	[M + H]+	C12H28NO7+		0.523	20.566	20.566	0.000	4	0.763	0.508	0.508	0.005		298.186	219	3.643	857317812270558500	857316074758630511	857316074758630510	3645	
1	C15H29N5O4	[M + H]+	C15H30N5O4+		0.448	10.766	8.222	2.544	1	0.919	-0.527	0.527	-4.273		344.228	219	3.646	857317810924186877	857316074683133035	857316074678938730	3627	
1	C6H15N	[M + H]+	C6H16N+		1.000	17.241	14.349	2.892	1	0.440	6.055	6.055	0.236		102.128	219	3.653	857317816569720429	857316074855099507	857316074850905202	3632	
1	C10H19N5	[M + H]+	C10H20N5+		0.511	4.178	2.000	2.178	0	0.000			-6.053		210.170	226	3.760	857317816641023599	857316075027065979	857316075027065978	3704	
1	C8H25N7O4	[M + H]+	C8H26N7O4+		0.826	12.098	12.098	0.000	2	0.974	0.061	0.187	9.645		284.207	226	3.767	857317825675557669	857316075106757759	857316075106757758	3690	
1	C8H18O5	[M + H]+	C8H19O5+		1.000	22.356	19.141	3.215	1	0.708	0.068	0.068	0.717		195.123	227	3.787	857317829844696368	857316075203226755	857316075199032450	3800	
1	C15H29N5O	[M + H]+	C15H30N5O+		0.463	12.686	12.686	0.000	3	0.977	1.136	1.136	-4.176		296.243	227	3.789	857317829878250810	857316075282918535	857316075278724230	3834	
1	C6H15N	[M + H]+	C6H16N+		1.000	14.279	14.279	0.000	1	0.566	6.929	6.929	0.236		102.128	227	3.789	857317823238663801	857316075366804619	857316075362610314	3757	
1	C10H22O6	[M + H]+	C10H23O6+		0.997	16.934	16.934	0.000	2	0.959	0.170	0.170	0.356		239.149	228	3.795	857317847569836601	857316075446496399	857316075446496398	3713	
1	C15H29N5O4	[M + H]+	C15H30N5O4+		0.778	8.291	8.291	0.000	1	0.940	0.461	0.461	-4.302		344.228	229	3.818	857317829941165380	857316075534576787	857316075534576786	3748	
1	C12H27NO7	[M + H]+	C12H28NO7+		0.745	34.499	34.499	0.000	5	0.864	-0.246	1.313	0.005		298.186	231	3.848	857317937168558793	857316075618462871	857316075618462870	3781	
1	C6H10O	[M + H]+	C6H11O+		1.000	35.432	35.432	0.000	5	0.393	3.549	3.549	0.289		99.080	232	3.859	857317885503122056	857316075706543259	857316075702348954	3815	
1	C6H15N	[M + H]+	C6H16N+		1.000	25.972	23.074	2.898	2	0.454	6.355	6.355	0.236		102.128	232	3.874	857317840233987461	857316075798817951	857316075794623646	3854	
1	C12H23NO	[M + H]+	C12H24NO+		1.000	36.612	36.612	0.000	5	0.954	1.181	1.181	0.753		198.185	234	3.895	857317906222983869	857316075874315427	857316075870121122	3843	
1	C5H4O5P	[M + H3N + H]+	C5H8NO5P+		1.000	46.717	46.717	0.000	14	0.979	-0.623	1.546	-0.883		193.013	235	3.912	857317863139093065	857316075945618599	857316075945618598	3959	
1	C15H29N5O5	[M + H]+	C15H30N5O5+		0.803	14.516	14.246	0.270	3	0.973	0.461	0.461	-3.929		360.223	237	3.952	857317868075788897	857316076025310379	857316076025310378	3831	
1	C8H8N2	[M + H]+	C8H9N2+		0.981	62.759	62.759	0.000	15	0.908	0.826	0.826	0.491		133.076	238	3.974	857317840087186816	857316076109196463	857316076109196462	3929	
1	C6H15N3O3	[M + Na]+	C6H15N3NaO3+		1.000	79.209	77.650	1.559	11	0.493	-5.845	6.852	-3.958		200.100	240	4.007	857317891068963478	857316076377631931	857316076377631930	3954	
1	C15H29N5O5	[M + H]+	C15H30N5O5+		0.838	17.578	17.578	0.000	4	0.963	0.610	0.610	-3.929		360.223	241	4.021	857317868033845847	857316076276968631	857316076276968630	4007	
1	C12H23NO	[M + H]+	C12H24NO+		1.000	44.847	44.847	0.000	7	1.000	1.615	1.615	0.753		198.185	241	4.024	857317897431722657	857316076201471155	857316076197276850	3963	
1	C9H18N2	[M + H]+	C9H19N2+		1.000	59.984	57.005	2.979	8	0.525	1.797	1.797	0.483		155.154	252	4.202	857317866138020436	857316076469906623	857316076469906622	4141	
1	C12H23NO	[M + H]+	C12H24NO+		1.000	89.869	85.311	4.558	11	0.986	1.244	1.244	0.601		198.185	255	4.254	857317866666502741	857316076557987011	857316076557987010	4179	
1	C15H29N5O3	[M + H]+	C15H30N5O3+		0.584	19.728	19.728	0.000	6	0.980	12.389	12.389	-4.406		328.233	256	4.274	857317881178794604	857316076654456007	857316076650261702	4178	
1	C12H26O7	[M + H]+	C12H27O7+		0.973	24.138	24.138	0.000	5	0.978	0.209	0.382	0.284		283.175	258	4.303	857317902397778595	857316076826422479	857316076826422478	4220	
1	C10H13N3O5S	[M + H]+	C10H14N3O5S+		0.371	22.592	22.592	0.000	4	0.961	0.699	0.794	0.181		288.065	259	4.309	857317885708642956	857316076746730699	857316076746730698	4203	
1	C8H19N	[M + H]+	C8H20N+		1.000	23.358	20.232	3.127	2	0.660	4.774	4.774	0.568		130.159	260	4.337	857317865928305235	857316076922891475	857316076922891474	4259	
1	C17H33N5O5	[M + H]+	C17H34N5O5+		0.409	13.874	13.874	0.000	3	0.982	0.361	0.361	-3.620		388.254	261	4.347	857317885364710009	857316077027749079	857316077027749078	4274	
1	C12H24O8	[M + H]+	C12H25O8+		0.712	31.331	31.331	0.000	5	1.000	0.001	0.286	-0.048		297.154	263	4.380	857317914687089343	857316077115829467	857316077115829466	4310	
1	C14H31NO8	[M + H]+	C14H32NO8+		0.875	30.978	28.282	2.696	5	0.875	0.024	0.279	-0.419		342.212	263	4.386	857317906122320557	857316077203909855	857316077203909854	4309	
1	C12H23NO	[M + H]+	C12H24NO+		1.000	61.090	57.595	3.495	10	0.970	1.327	1.327	0.551		198.185	265	4.411	857317881640168055	857316077300378851	857316077300378850	4351	
1	C10H20N2O5	[M + H]+	C10H21N2O5+		0.780	12.645	12.645	0.000	3	1.000	0.154	0.154	-0.153		249.144	265	4.419	857318273597877033	857316077388459239	857316077388459238	4363	
1	C8H19N	[M + H]+	C8H20N+		1.000	21.189	21.189	0.000	2	0.800	5.590	5.590	0.645		130.159	266	4.426	857318272511552296	857316077472345323	857316077472345322	4376	
1	C17H33N5O6	[M + H]+	C17H34N5O6+		0.849	22.828	22.828	0.000	6	0.938	-0.150	0.633	-3.513		404.249	275	4.578	857318283374801034	857316077556231407	857316077552037102	4485	
1	C12H17NO2	[M + H]+	C12H18NO2+		0.998	49.093	49.093	0.000	11	0.970	0.159	0.282	0.407		208.133	276	4.606	857318281957126203	857316077640117491	857316077640117490	4549	
1	C5H8BFN4O	[M + H]+	C5H9BFN4O+		0.529	6.955	6.955	0.000	3	0.327	2.699	2.699	4.483		170.089	279	4.650	857318287548133984	857316077724003575	857316077724003574	4561	
1	C17H27N3O	[M + Na]+	C17H27N3NaO+		0.136	2.187	2.187	0.000	1	0.183	-17.968	17.968	-9.459		312.202	280	4.666	857318288173085289	857316077807889659	857316077803695354	4635	
1	C9H17N5	[M + H]+	C9H18N5+		0.420	2.000	2.000	0.000	0	0.000			-6.281		196.154	280	4.672	857318290253460088	857316077883387135	857316077883387134	4619	
1	C11H21N5O3	[M + H]+	C11H22N5O3+		0.986	12.549	12.549	0.000	1	0.779	0.541	0.541	-4.394		272.171	286	4.772	857318290463175293	857316077958884611	857316077958884610	4746	
1	C5H10F2N2	[M + H]+	C5H11F2N2+		1.000	64.657	63.659	0.998	12	0.563	4.724	9.039	12.684		137.090	288	4.795	857318295529894575	857316078046964999	857316078046964998	4752	
1	C10H16FN	[M + H]+	C10H17FN+		1.000	2.923	2.923	0.000	1	0.026	1.186	1.186	-1.435		170.134	291	4.846	857318293676012204	857316078130851083	857316078126656778	4787	
1	C8H13ClF2N2O	[M + H]+	C8H14ClF2N2O+		1.000	43.649	36.700	6.949	19	0.554	0.618	7.269	-5.785		227.074	292	4.866	857318316153288277	857316078210542863	857316078210542862	4838	
1	C8H23N4O4	[M + H]+	C8H24N4O4+		0.928	9.405	9.405	0.000	2	0.797	0.286	0.656	5.843		240.181	292	4.866	857318301586469863	857316078323789075	857316078319594770	4844	
1	C9H14N4O	[M + H]+	C9H15N4O+		0.981	69.719	69.719	0.000	17	0.973	0.693	0.780	-6.291		195.123	292	4.866	857318311157872038	857316078386703639	857316078386703638	4843	
1	C11H19N5O2	[M + H]+	C11H20N5O2+		0.692	13.419	13.419	0.000	1	0.618	0.484	0.484	-4.884		254.160	292	4.871	857318304061109231	857316078437035291	857316078437035290	4908	
1	C11H24O6	[M + H]+	C11H25O6+		0.947	22.659	22.659	0.000	4	0.966	3.065	3.065	0.691		253.165	292	4.873	857318333064725929	857316078491561247	857316078487366942	4852	
1	C13H25N5O3	[M + H]+	C13H26N5O3+		0.998	19.267	19.267	0.000	4	0.984	0.161	0.194	-4.484		300.202	293	4.885	857318334562092467	857316078541892899	857316078541892898	4878	
1	C7H10O4	[M + H]+	C7H11O4+		0.499	9.311	9.311	0.000	2	0.008	2.371	2.850	0.156		159.065	294	4.899	857318329541508230	857316078596418855	857316078596418854	4904	
1	C8H16O6	[M + H]+	C8H17O6+		0.985	57.640	57.640	0.000	10	0.878	0.138	0.358	0.312		209.102	294	4.903	857318410323806590	857316078650944811	857316078646750506	4905	
1	C13H25N5O4	[M + H]+	C13H26N5O4+		0.497	28.158	28.158	0.000	6	0.965	0.963	0.963	-4.462		316.197	297	4.945	857318415583465998	857316078701276463	857316078701276462	4961	
1	C10H22O6	[M + H]+	C10H23O6+		0.999	20.711	17.436	3.275	2	0.982	-0.302	0.302	0.314		239.149	300	4.992	857318408016939178	857316078751608115	857316078751608114	5093	
1	C8H25N7O4	[M + H]+	C8H26N7O4+		0.663	25.733	23.394	2.339	4	0.942	-0.110	0.294	9.681		284.207	300	4.998	857318410822928776	857316078806134071	857316078806134070	5065	
1	C11H18N4O2	[M + H3N + H]+	C11H22N5O2+		0.850	13.691	13.691	0.000	2	0.855	-0.668	0.668	-4.963		256.176	301	5.009	857318408780302514	857316078856465723	857316078852271418	5096	
1	C6H12N4O4	[M + Na]+	C6H12N4NaO4+		0.969	38.641	37.033	1.609	18	0.145	5.588	7.869	-3.019		227.074	301	5.011	857318425653990671	857316078923574591	857316078919380286	5051	
1	C15H29N5O4	[M + H]+	C15H30N5O4+		0.985	20.542	20.542	0.000	5	0.973	0.575	0.575	-4.244		344.228	301	5.012	857318415558300163	857316078978100547	857316078978100546	5155	
1	C10H20O7	[M + H]+	C10H21O7+		0.967	40.784	40.784	0.000	8	0.964	-0.216	1.066	0.397		253.128	301	5.021	857318434717881650	857316079032626503	857316079032626502	5069	
1	C12H23NO	[M + H]+	C12H24NO+		1.000	98.189	98.189	0.000	13	0.987	1.124	1.124	0.450		198.185	302	5.026	857318429693105455	857316079087152459	857316079087152458	5003	
1	C8H4O3	[M + H]+	C8H5O3+		0.332	45.741	45.741	0.000	5	0.850	2.612	2.612	0.601		149.023	302	5.034	857318435439301948	857316079145872719	857316079141678414	5079	
1	C15H27N5O3	[M + H]+	C15H28N5O3+		0.236	8.705	8.705	0.000	1	0.732	0.323	0.323	-4.341		326.217	302	5.041	857318427772114201	857316079196204371	857316079196204370	5124	
1	C12H27NO7	[M + H]+	C12H28NO7+		0.533	34.741	34.741	0.000	7	0.966	0.217	0.393	0.005		298.186	303	5.043	857318442888385876	857316079250730327	857316079250730326	5153	
1	C9H12O3	[M + H]+	C9H13O3+		1.000	205.367	205.367	0.000	30	0.993	0.266	0.645	0.292		169.086	303	5.051	857318461276214780	857316079305256283	857316079301061978	5117	
1	C11H25NO6	[M + H]+	C11H26NO6+		0.414	5.813	5.813	0.000	2	0.450	-6.900	6.900	0.582		268.176	306	5.102	857318451214079455	857316079355587935	857316079351393630	5255	
1	C15H29N5O5	[M + H]+	C15H30N5O5+		0.989	40.430	40.430	0.000	9	0.985	0.186	0.386	-3.929		360.223	307	5.112	857318456284993010	857316079397530979	857316079397530978	5257	
1	C6H10N2O2	[M + K]+	C6H10KN2O2+		0.729	67.095	67.095	0.000	24	0.941	0.466	3.689	-10.085		181.036	308	5.129	857318470126196230	857316079443668327	857316079443668326	5250	
1	C15H29N5O3	[M + H]+	C15H30N5O3+		0.779	43.972	37.665	6.307	6	0.922	0.277	0.345	-4.315		328.233	310	5.169	857318549822169695	857316079493999979	857316079489805674	5384	
1	C12H26O7	[M + H]+	C12H27O7+		0.966	31.493	25.651	5.842	7	0.984	-0.123	0.423	0.284		283.175	311	5.178	857318520789197387	857316079544331631	857316079544331630	5380	
1	C13H22N4O3	[M + H3N + H]+	C13H26N5O3+		0.886	23.666	23.666	0.000	5	0.937	-0.199	0.291	-4.417		300.202	312	5.194	857318533418246741	857316079590468979	857316079586274674	5382	
1	C5H10F2N2O	[M + H]+	C5H11F2N2O+		0.954	46.742	46.742	0.000	9	0.517	-13.821	13.821	11.067		153.085	312	5.208	857318604578808653	857316079691132283	857316079691132282	5399	
1	C7H12O	[M + H]+	C7H13O+		1.000	19.618	19.618	0.000	2	0.295	1.823	1.823	0.076		113.096	313	5.211	857318602129335026	857316079636606327	857316079636606326	5401	
1	C14H31NO8	[M + H]+	C14H32NO8+		0.443	39.398	39.398	0.000	8	0.983	0.120	0.154	-0.331		342.212	314	5.240	857318607388992766	857316079741463935	857316079741463934	5441	
1	C12H24O8	[M + H]+	C12H25O8+		0.932	43.599	43.599	0.000	7	1.000	0.236	0.236	0.087		297.154	315	5.245	857318603043693334	857316079787601283	857316079787601282	5473	
1	C9H12O2	[M + H]+	C9H13O2+		1.000	87.679	85.770	1.909	14	0.978	0.993	1.255	0.483		153.091	317	5.282	857318606256530675	857316079846321543	857316079846321542	5603	
1	C17H33N5O6	[M + H]+	C17H34N5O6+		0.852	35.425	35.425	0.000	8	1.000	0.493	0.562	-3.464		404.249	318	5.296	857318609079297299	857316079900847499	857316079896653194	5565	
1	C9H21BF2N2O	[M + H]+	C9H22BF2N2O+		1.000	27.678	27.678	0.000	17	0.719	1.705	8.358	-5.753		222.181	320	5.331	857318608018138381	857316079963762063	857316079959567758	5597	
1	C14H30O8	[M + H]+	C14H31O8+		0.913	35.012	35.012	0.000	4	0.893	0.249	0.249	-0.166		327.201	320	5.331	857318611822372125	857316080014093715	857316080009899410	5666	
1	C15H26N4O4	[M + H3N + H]+	C15H30N5O4+		0.899	21.606	21.606	0.000	5	0.980	0.386	0.386	-4.215		344.228	320	5.333	857318704508103910	857316080064425367	857316080060231062	5667	
1	C7H10O2	[M + H]+	C7H11O2+		1.000	71.910	71.910	0.000	7	0.916	1.313	1.313	0.582		127.075	322	5.365	857318626070422953	857316080114757019	857316080114757018	5602	
1	C10H14FN3O	[M + H]+	C10H15FN3O+		0.902	45.752	45.752	0.000	11	0.981	-4.379	8.274	-5.029		212.118	323	5.384	857318763895254311	857316080165088671	857316080165088670	5569	
1	C12H27NO5	[M + H]+	C12H28NO5+		0.933	15.883	15.883	0.000	2	1.000	0.012	1.168	0.528		266.196	325	5.420	857318762498551069	857316080215420323	857316080215420322	5792	
1	C17H33N5O4	[M + H]+	C17H34N5O4+		0.989	23.629	23.629	0.000	5	0.965	0.668	0.668	-3.817		372.259	325	5.421	857318859311554270	857316080265751975	857316080265751974	5729	
1	C14H25N5O3	[M + H]+	C14H26N5O3+		0.357	38.526	38.526	0.000	7	1.000	0.632	0.632	-4.184		312.202	326	5.428	857318860074917608	857316080320277931	857316080316083626	5794	
1	C19H37N5O7	[M + H]+	C19H38N5O7+		0.822	37.875	37.875	0.000	9	1.000	0.453	0.453	-3.090		448.275	326	5.437	857318864613154599	857316080370609583	857316080370609582	5859	
1	C16H35NO9	[M + H]+	C16H36NO9+		0.260	32.794	32.794	0.000	7	1.000	0.438	0.622	-0.073		386.238	327	5.443	857318861425483522	857316080420941235	857316080420941234	5763	
1	C11H22O7	[M + H]+	C11H23O7+		0.989	66.642	66.642	0.000	14	0.954	1.378	1.378	0.713		267.144	328	5.459	857318896833798182	857316080475467191	857316080471272886	5823	
1	C19H37N5O5	[M + H]+	C19H38N5O5+		0.887	25.637	25.637	0.000	8	0.991	0.262	0.480	-3.305		416.285	329	5.490	857318858485276372	857316080525798843	857316080525798842	5953	
1	C16H34O9	[M + H]+	C16H35O9+		0.934	40.573	40.573	0.000	6	0.968	0.045	0.155	-0.132		371.228	330	5.501	857318860733423352	857316080576130495	857316080576130494	5950	
1	C17H30N4O5	[M + H3N + H]+	C17H34N5O5+		0.953	21.233	21.233	0.000	4	0.930	0.303	0.303	-3.466		388.254	332	5.527	857318858300726975	857316080630656451	857316080626462146	5951	
1	C19H35N5O6	[M + H]+	C19H36N5O6+		0.997	44.931	44.931	0.000	9	1.000	0.378	0.378	-3.278		430.265	334	5.565	857318868648075090	857316080685182407	857316080685182406	6056	
1	C10H14O2	[M + H]+	C10H15O2+		1.000	151.624	148.224	3.400	29	0.571	0.422	0.729	0.442		167.107	335	5.581	857318890194214907	857316080743902667	857316080743902666	5987	
1	C9H14O3	[M + H]+	C9H15O3+		0.500	184.361	181.052	3.309	32	0.929	0.632	0.643	0.171		171.102	335	5.585	857318880106913685	857316080806817231	857316080802622926	6017	
1	C10H27N4O4	[M + H]+	C10H28N4O4+		0.604	6.814	6.814	0.000	1	1.000	0.034	0.034	5.530		268.212	337	5.622	857318856358764203	857316080857148883	857316080857148882	6147	
1	C19H34N4O6	[M + H3N + H]+	C19H38N5O6+		0.999	23.725	23.725	0.000	5	1.000	0.297	0.297	-3.263		432.280	340	5.660	857318857583500981	857316080907480535	857316080907480534	6262	
1	C15H33NO8	[M + H]+	C15H34NO8+		0.518	31.584	31.584	0.000	7	0.941	0.036	0.468	-0.150		356.228	340	5.665	857318863174508317	857316080962006491	857316080957812186	6250	
1	C21H41N5O6	[M + H]+	C21H42N5O6+		0.987	39.594	39.594	0.000	12	0.984	-0.119	0.276	-2.847		460.312	340	5.667	857318886146711491	857316081020726751	857316081016532446	6266	
1	C18H38O10	[M + H]+	C18H39O10+		0.917	26.533	26.533	0.000	6	1.000	0.317	0.317	-0.082		415.254	341	5.680	857318858430750410	857316081071058403	857316081071058402	6260	
1	C14H30O7	[M + H]+	C14H31O7+		0.795	87.791	87.791	0.000	22	0.954	0.384	0.624	0.001		311.206	350	5.829	857318882552192933	857316081138167271	857316081133972966	6396	
1	C14H15N	[M + H]+	C14H16N+		0.972	19.324	17.858	1.466	2	0.990	2.740	2.740	0.525		198.128	354	5.898	857318862759272211	857316081201081835	857316081196887530	6524	
1	C23H45N5O7	[M + H]+	C23H46N5O7+		0.870	43.428	43.428	0.000	7	0.911	-0.157	0.297	-2.370		504.338	355	5.919	857318898192752688	857316081255607791	857316081255607790	6653	
1	C17H37NO9	[M + H]+	C17H38NO9+		0.494	51.462	47.791	3.671	12	0.991	0.000	0.380	-0.320		400.254	357	5.955	857318887195287515	857316081322716659	857316081318522354	6703	
1	C7H13O	[M + Na]+	C7H13NaO+		0.869	64.869	64.869	0.000	11	0.514	3.340	8.269	-14.188		136.084	359	5.980	857318893730013197	857316081373048311	857316081373048310	6753	
1	C7H12O2	[M + H]+	C7H13O2+		0.997	20.023	20.023	0.000	2	0.295	3.857	3.857	0.263		129.091	361	6.009	857318880840916899	857316081423379963	857316081423379962	6725	
1	C13H25N	[M + H]+	C13H26N+		1.000	27.809	22.171	5.638	3	0.981	0.768	0.768	0.733		196.206	362	6.025	857318863040290588	857316081473711615	857316081473711614	6824	
1	C14H30O7	[M + H]+	C14H31O7+		0.964	84.641	84.641	0.000	16	0.976	0.422	0.511	-0.031		311.206	365	6.077	857318867968597831	857316081524043267	857316081519848962	7024	
1	C27H53N5O9	[M + H]+	C27H54N5O9+		0.981	45.675	45.675	0.000	14	0.980	-0.271	0.308	-2.405		592.390	366	6.105	857318904022835268	857316081578569223	857316081578569222	6911	
1	C2H11N5O	[M + Na]+	C2H11N5NaO+		0.558	1.317	1.317	0.000	0	0.000			-11.456		144.084	367	6.117	857318887061069783	857316081633095179	857316081628900874	7025	
1	C20H37N5O6	[M + H]+	C20H38N5O6+		0.928	37.351	37.351	0.000	9	0.979	0.318	0.509	-3.129		444.280	367	6.121	857318866513174332	857316081687621135	857316081683426830	7097	
1	C13H25N	[M + H]+	C13H26N+		1.000	27.115	23.650	3.465	4	0.977	1.314	1.314	0.835		196.206	368	6.140	857318855385685657	857316081742147091	857316081737952786	7085	
1	C16H34O8	[M + H]+	C16H35O8+		0.999	99.168	99.168	0.000	26	0.992	-0.157	0.683	-0.266		355.233	371	6.175	857318884099891119	857316081809255959	857316081809255958	7041	
1	C16H35NO7	[M + H]+	C16H36NO7+		0.575	16.999	16.999	0.000	3	1.000	-0.617	0.617	-0.195		354.249	373	6.210	857318872271953767	857316081884753435	857316081884753434	7332	
1	C7H10	[M + H]+	C7H11+		1.000	65.234	62.178	3.055	9	0.972	2.377	2.377	0.349		95.086	374	6.228	857318858380418761	857316081951862303	857316081951862302	7325	
1	C8H13ClF2N2O	[M + H]+	C8H14ClF2N2O+		1.000	93.051	86.328	6.723	37	0.606	0.588	7.708	-5.961		227.074	374	6.233	857318885010055097	857316082014776867	857316082014776866	7222	
1	C35H57NO9	[M + H]+	C35H58NO9+		0.697	26.755	26.755	0.000	10	0.985	-0.010	0.890	8.471		636.416	377	6.291	857318878177533835	857316082069302823	857316082065108518	7441	
1	C17H21NO4	[M + H]+	C17H22NO4+		0.996	73.969	70.192	3.777	16	0.946	1.064	1.064	0.314		304.154	381	6.357	857318896531808284	857316082123828779	857316082119634474	7590	
1	C9H6O3	[M + H]+	C9H7O3+		0.999	124.766	121.507	3.259	13	0.692	1.842	1.842	0.058		163.039	382	6.368	857318886570336205	857316082182549039	857316082182549038	7592	
1	C16H24O4	[M + H]+	C16H25O4+		1.000	37.612	33.876	3.737	9	0.929	0.664	0.664	0.442		281.175	383	6.380	857318865644953394	857316082241269299	857316082241269298	7605	
1	C10H16O2	[M + H]+	C10H17O2+		1.000	213.620	210.300	3.320	36	0.927	0.376	0.655	0.377		169.122	383	6.388	857318872997568369	857316082299989559	857316082299989558	7622	
1	C17H21NO	[M + H]+	C17H22NO+		0.999	51.055	47.262	3.793	13	0.987	0.280	0.374	0.466		256.170	387	6.453	857318889061752816	857316082358709819	857316082358709818	7613	
1	C15H28ClN3O2	[M + H]+	C15H29ClN3O2+		0.585	20.698	20.698	0.000	4	0.852	-0.091	0.972	5.370		318.196	388	6.465	857318871470841693	857316082417430079	857316082417430078	7727	
1	C37H61NO10	[M + H]+	C37H62NO10+		0.647	24.782	24.782	0.000	9	1.000	0.208	0.443	7.211		680.442	388	6.470	857318876545949569	857316082471956035	857316082467761730	7735	
1	C18H38O9	[M + H]+	C18H39O9+		0.998	87.599	87.599	0.000	22	0.991	0.394	0.394	-0.148		399.259	389	6.476	857318875937775479	857316082526481991	857316082526481990	7665	
1	C7H7N3	[M + H]+	C7H8N3+		0.952	47.242	47.242	0.000	10	1.000	1.009	1.009	0.569		134.071	390	6.505	857318890588479493	857316082656505423	857316082656505422	7792	
1	C11H10O3	[M + H]+	C11H11O3+		1.000	119.398	115.964	3.433	12	0.804	1.176	1.176	0.729		191.070	391	6.510	857318898264055866	857316082593590859	857316082589396554	7716	
1	C18H39NO8	[M + H]+	C18H40NO8+		0.795	22.376	18.892	3.484	3	1.000	1.185	1.185	-0.135		398.275	391	6.519	857318895701336081	857316082711031379	857316082711031378	7830	
1	C16H24O4	[M + H]+	C16H25O4+		1.000	147.556	147.556	0.000	33	1.000	-0.016	0.760	0.513		281.175	392	6.529	857318935014547534	857316082765557335	857316082765557334	7834	
1	C10H8O2	[M + H]+	C10H9O2+		0.331	97.277	97.277	0.000	11	0.845	1.293	1.293	0.336		161.060	393	6.549	857320067875096632	857316082820083291	857316082820083290	7873	
1	C11H10O3	[M + H]+	C11H11O3+		0.998	104.015	104.015	0.000	18	0.863	1.023	1.023	1.567		191.071	395	6.587	857320075114465595	857316082874609247	857316082874609246	7946	
1	C10H14O3	[M + H]+	C10H15O3+		1.000	202.974	202.974	0.000	39	0.857	0.214	0.533	0.597		183.102	396	6.597	857320094852867882	857316082929135203	857316082924940898	7886	
1	C8H12O2	[M + H]+	C8H13O2+		1.000	75.145	71.884	3.261	7	0.706	1.383	1.383	0.524		141.091	396	6.606	857320076670552390	857316082983661159	857316082979466854	7966	
1	C11H9N3O5	[M + K]+	C11H9KN3O5+		0.491	28.587	28.587	0.000	3	0.747	-0.667	0.667	8.779		302.020	396	6.606	857320129887889994	857316083038187115	857316083038187114	8001	
1	C8H12FNOS	[M + H]+	C8H13FNOS+		0.499	58.255	58.255	0.000	13	0.771	-3.101	5.625	9.577		190.071	396	6.607	857320125643253922	857316083096907375	857316083092713070	8003	
1	C4H12O2Si2	[M + H]+	C4H13O2Si2+		0.500	76.155	67.676	8.478	17	0.806	0.618	0.657	0.677		149.045	396	6.608	857320101161101445	857316083164016243	857316083159821938	8000	
1	C6H11FO2S	[M + H]+	C6H12FO2S+		0.500	126.489	126.489	0.000	35	0.888	-0.015	3.855	11.103		167.056	397	6.609	857320118672320647	857316083231125111	857316083231125110	8002	
1	C5H12O3Si2	[M + H]+	C5H13O3Si2+		1.000	80.900	74.936	5.963	16	0.370	0.251	0.685	0.487		177.040	397	6.610	857320124712118423	857316083289845371	857316083289845370	7989	
1	C18H29NO5	[M + H]+	C18H30NO5+		0.751	36.825	36.825	0.000	7	0.947	-0.056	0.235	-8.464		340.209	397	6.622	857320168563567237	857316083344371327	857316083340177022	8049	
1	C11H20N2O2	[M + H]+	C11H21N2O2+		1.000	35.029	30.576	4.453	6	0.992	2.040	2.040	0.355		213.160	398	6.627	857320137215339099	857316083407285891	857316083407285890	8012	
1	C11H20N2O2	[M + H]+	C11H21N2O2+		1.000	35.124	30.609	4.515	6	0.985	1.347	1.347	0.543		213.160	403	6.721	857320140906326635	857316083478589063	857316083474394758	8226	
1	C20H42O10	[M + H]+	C20H43O10+		0.960	88.892	88.892	0.000	28	0.992	0.036	0.365	0.014		443.285	403	6.721	857320151337560699	857316083533115019	857316083533115018	8020	
1	C23H45N5O6	[M + H]+	C23H46N5O6+		1.000	115.598	115.598	0.000	38	0.979	0.130	0.499	-2.377		488.343	403	6.722	857320191665793679	857316083600223887	857316083596029582	8087	
1	C20H42O10	[M + H3N + H]+	C20H46NO10+		0.723	59.187	59.187	0.000	16	0.968	0.231	0.368	0.211		460.312	404	6.727	857320146509916785	857316083654749843	857316083654749842	8067	
1	C24H38O5	[M + H]+	C24H39O5+		0.798	17.625	17.625	0.000	3	1.000	0.115	0.314	2.183		407.280	407	6.778	857320138884672097	857316083709275799	857316083709275798	8280	
1	C16H36O5P	[M + Na]+	C16H36NaO5P+		0.546	27.869	27.869	0.000	7	0.900	0.483	0.483	8.430		362.222	407	6.778	857320418967712214	857316083763801755	857316083759607450	8296	
1	C16H29N7O4	[M + H]+	C16H30N7O4+		0.370	29.145	29.145	0.000	6	0.894	0.360	0.360	0.003		384.235	415	6.913	857320421505266144	857316083814133407	857316083814133406	8516	
1	C25H42O4	[M + Na]+	C25H42NaO4+		0.369	15.827	15.827	0.000	3	1.000	0.085	0.289	-9.319		429.294	415	6.915	857320413791941056	857316083872853667	857316083868659362	8406	
1	C8H15NO	[M + H]+	C8H16NO+		0.500	45.427	42.316	3.111	4	0.619	1.681	1.681	0.840		142.123	416	6.929	857320412365877692	857316083931573927	857316083927379622	8543	
1	C28H53NO6S	[M + H]+	C28H54NO6S+		0.987	107.389	107.389	0.000	35	0.978	-0.115	0.426	5.361		532.369	416	6.940	857320441671480691	857316083986099883	857316083986099882	8570	
1	C22H46O11	[M + H]+	C22H47O11+		0.991	91.260	91.260	0.000	29	0.984	-0.154	0.658	0.351		487.311	416	6.942	857320424546136765	857316084040625839	857316084036431534	8573	
1	C23H42N4O7	[M + H3N + H]+	C23H46N5O7+		0.999	58.222	58.222	0.000	16	0.978	0.088	0.376	-2.132		504.338	417	6.952	857320422977466859	857316084086763187	857316084086763186	8593	
1	C22H17FN6O2	[M + H]+	C22H18FN6O2+		0.474	37.579	37.579	0.000	8	0.912	-1.639	1.639	-2.346		417.146	418	6.964	857320444297115114	857316084137094839	857316084132900534	8615	
1	C19H31N3O10	[M + H]+	C19H32N3O10+		0.462	8.990	8.990	0.000	2	0.829	5.306	5.306	-9.175		462.204	419	6.982	857320415717126604	857316084183232187	857316084183232186	8646	
1	C8H14O	[M + H]+	C8H15O+		1.000	67.807	65.261	2.546	7	0.817	2.153	2.153	0.617		127.112	420	7.000	857320413825495498	857316084233563839	857316084229369534	8601	
1	C17H35N5O4S	[M + H]+	C17H36N5O4S+		0.646	44.602	44.602	0.000	9	0.981	0.599	0.599	0.832		406.249	423	7.045	857320423317205493	857316084279701187	857316084279701186	8748	
1	C8H19N	[M + H]+	C8H20N+		1.000	24.146	21.013	3.133	2	0.668	2.097	2.097	0.952		130.159	425	7.080	857320412328128955	857316084325838535	857316084325838534	8802	
1	C12H27NO2	[M + H]+	C12H28NO2+		0.500	63.657	63.657	0.000	13	0.990	1.626	1.626	0.479		218.212	427	7.113	857320430862759233	857316084376170187	857316084376170186	8871	
1	C10H23NO	[M + H]+	C10H24NO+		1.000	50.413	44.856	5.557	6	0.938	4.507	4.507	0.455		174.185	427	7.117	857320434390168924	857316084430696143	857316084430696142	8880	
1	C24H50O12	[M + H]+	C24H51O12+		0.995	96.496	96.496	0.000	33	0.992	0.312	0.626	0.596		531.338	428	7.129	857320448650802711	857316084485222099	857316084481027794	8901	
1	C30H55N3O6	[M + Na]+	C30H55N3NaO6+		0.858	123.029	123.029	0.000	42	0.976	0.196	0.463	-5.235		576.395	428	7.130	857320600853716110	857316084548136663	857316084548136662	8904	
1	C30H46N2O6	[M + H3N + H]+	C30H50N3O6+		0.997	46.993	46.993	0.000	15	0.953	0.070	0.380	-8.995		548.364	428	7.140	857320441595983209	857316084602662619	857316084602662618	8913	
1	C18H33N7O5	[M + H]+	C18H34N7O5+		0.448	34.568	34.568	0.000	5	0.860	0.228	0.228	-0.055		428.262	430	7.166	857320439746295135	857316084648799967	857316084648799966	8963	
1	C12H26O5	[M + H]+	C12H27O5+		1.000	29.980	26.448	3.532	4	0.960	6.384	6.384	0.635		251.185	431	7.184	857320434000098639	857316084707520227	857316084703325922	9002	
1	C10H29N7O3	[M + H]+	C10H30N7O3+		0.561	9.466	9.466	0.000	1	0.636	1.314	1.314	9.235		296.243	432	7.205	857320432301405509	857316084753657575	857316084753657574	9008	
1	C10H8O2	[M + H]+	C10H9O2+		0.991	89.416	89.416	0.000	16	0.887	1.262	1.262	0.274		161.060	436	7.269	857320448487224845	857316084799794923	857316084799794922	9151	
1	C22H35N5O5	[M + H]+	C22H36N5O5+		0.479	38.636	38.636	0.000	6	0.837	0.351	0.351	8.271		450.275	437	7.278	857320452501174126	857316084850126575	857316084845932270	9174	
1	C12H26O5	[M + H]+	C12H27O5+		1.000	28.920	25.671	3.249	4	0.911	6.197	6.197	0.715		251.185	437	7.286	857320449095398945	857316084913041139	857316084908846834	9249	
1	C26H54O13	[M + H]+	C26H55O13+		0.954	83.003	83.003	0.000	30	0.996	-0.539	0.722	-0.119		575.364	438	7.304	857320542473198724	857316084963372791	857316084963372790	9211	
1	C35H57NO8	[M + H]+	C35H58NO8+		1.000	118.248	118.248	0.000	43	0.991	-0.254	0.562	8.632		620.421	438	7.308	857320759993998488	857316085026287355	857316085022093050	9215	
1	C27H50N4O9	[M + H3N + H]+	C27H54N5O9+		0.999	82.749	82.749	0.000	30	0.925	-0.022	0.746	-2.152		592.390	439	7.317	857320895369354402	857316085080813311	857316085080813310	9242	
1	C12H12O3	[M + H]+	C12H13O3+		0.500	114.792	114.792	0.000	12	0.862	1.279	1.279	0.484		205.086	441	7.353	857321042081914028	857316085135339267	857316085131144962	9287	
1	C24H41NO8	[M + H]+	C24H42NO8+		0.409	44.283	44.283	0.000	6	0.873	0.052	0.184	-5.386		472.288	443	7.388	857321494844448760	857316085185670919	857316085185670918	9350	
1	C12H25N	[M + H]+	C12H26N+		1.000	17.445	17.445	0.000	3	1.000	2.480	2.480	0.998		184.206	444	7.399	857321492990566391	857316085240196875	857316085240196874	9373	
1	C12H27NO3	[M + H]+	C12H28NO3+		1.000	84.565	76.997	7.569	20	0.998	0.379	0.469	0.512		234.206	446	7.434	857321503413411970	857316085303111439	857316085303111438	9442	
1	C12H27N3O6	[M + H]+	C12H28N3O6+		0.466	42.368	42.368	0.000	9	1.000	0.318	0.441	4.152		310.199	447	7.457	857321569519845210	857316085370220307	857316085370220306	9475	
1	C28H58O14	[M + H]+	C28H59O14+		0.978	80.432	80.432	0.000	26	0.988	0.266	0.503	-0.877		619.389	448	7.463	857321618475761519	857316085437329175	857316085433134870	9481	
1	C37H61NO9	[M + H]+	C37H62NO9+		0.968	123.094	123.094	0.000	45	0.990	0.318	0.495	8.505		664.448	448	7.473	857321598234050405	857316085517020955	857316085517020954	9492	
1	C35H54O9	[M + H3N + H]+	C35H58NO9+		0.999	71.476	71.476	0.000	30	0.923	0.086	0.261	8.675		636.416	449	7.475	857321848155848574	857316085588324127	857316085588324126	9493	
1	C9H20O3	[M + H]+	C9H21O3+		1.000	46.966	46.966	0.000	9	0.356	0.390	0.434	0.051		177.149	450	7.493	857321864731739690	857316085651238691	857316085651238690	9526	
1	C12H25NO3	[M + H]+	C12H26NO3+		0.500	83.576	83.576	0.000	18	0.987	0.447	0.455	0.559		232.191	454	7.566	857321862311626260	857316085709958951	857316085705764646	9622	
1	C12H27N	[M + H]+	C12H28N+		1.000	23.900	21.302	2.598	3	0.735	6.763	6.763	0.933		186.222	454	7.571	857321859602105875	857316085764484907	857316085764484906	9632	
1	C8H12	[M + H]+	C8H13+		1.000	30.950	30.950	0.000	4	0.901	3.517	3.517	0.762		109.101	455	7.579	857321863267927579	857316085823205167	857316085823205166	9646	
1	C15H29N5O2	[M + H]+	C15H30N5O2+		0.933	12.376	12.376	0.000	2	0.740	0.580	0.580	-4.169		312.238	456	7.599	857321864677213727	857316085886119731	857316085886119730	9683	
1	C6H21N9O2	[M + H]+	C6H22N9O2+		0.978	13.762	10.754	3.008	2	1.000	1.769	3.195	-1.298		252.189	456	7.601	857321872579282671	857316085949034295	857316085949034294	9744	
1	C12H26O5	[M + H]+	C12H27O5+		1.000	89.563	85.285	4.279	14	0.960	0.953	0.953	0.436		251.185	456	7.602	857321877117520800	857316086003560251	857316085999365946	9689	
1	C13H31N5O	[M + Na]+	C13H31N5NaO+		0.733	18.947	13.802	5.144	5	0.755	5.787	5.787	3.742		296.243	456	7.603	857321983875150525	857316086053891903	857316086053891902	9690	
1	C12H26O5	[M + H3N + H]+	C12H30NO5+		0.996	34.055	34.055	0.000	5	0.886	0.062	0.763	0.636		268.212	456	7.605	857321924576080550	857316086108417859	857316086108417858	9686	
1	C19H27N2O3	[M + H]+	C19H28N2O3+		0.998	70.500	70.500	0.000	12	0.974	0.620	0.620	6.700		332.212	457	7.610	857321982444892851	857316086167138119	857316086162943814	9720	
1	C30H62O15	[M + H]+	C30H63O15+		0.584	53.538	53.538	0.000	18	0.991	0.318	0.539	-0.449		663.416	457	7.622	857322008420218386	857316086221664075	857316086221664074	9737	
1	C6H13N5	[M + H]+	C6H14N5+		0.345	2.000	2.000	0.000	0	0.000			-4.560		156.124	460	7.664	857322017790293532	857316086276190031	857316086276190030	9785	
1	C16H24N4O7S	[M + H]+	C16H25N4O7S+		0.632	45.750	41.707	4.043	11	0.899	0.549	1.684	4.947		417.146	460	7.673	857322056952511272	857316086334910291	857316086334910290	9758	
1	C24H24FN7O2	[M + H]+	C24H25FN7O2+		0.280	13.486	13.486	0.000	3	0.724	-1.960	1.960	-1.942		462.204	461	7.689	857322056025570078	857316086397824855	857316086397824854	9769	
1	C41H69NO11	[M + H]+	C41H70NO11+		0.952	81.769	81.769	0.000	33	0.997	-0.144	0.431	6.115		752.499	467	7.783	857322097066835673	857316086452350811	857316086452350810	9975	
1	C8H7N	[M + Na]+	C8H7NNa+		0.717	15.473	13.429	2.043	2	0.350	-1.670	2.565	-2.713		140.047	468	7.798	857322102435544807	857316086511071071	857316086511071070	10015	
1	C14H35N4O5	[M + H]+	C14H36N4O5+		0.502	6.914	6.914	0.000	1	1.000	0.382	0.382	3.757		340.269	474	7.908	857322057204169522	857316086557208419	857316086557208418	10176	
1	C9H14O2	[M + H]+	C9H15O2+		0.333	38.980	38.980	0.000	5	0.252	2.234	2.234	0.476		155.107	489	8.145	857322069678029754	857316086611734375	857316086607540070	10551	
1	C12H23NO3	[M + H]+	C12H24NO3+		0.333	40.719	40.719	0.000	7	1.000	0.785	0.785	0.651		230.175	495	8.258	857322070571416523	857316086662066027	857316086662066026	10714	
1	C12H21NO2	[M + H]+	C12H22NO2+		0.250	80.407	80.407	0.000	11	0.938	1.533	1.533	0.446		212.165	498	8.308	857322130407358193	857316086716591983	857316086716591982	10719	
1	C12H24S	[M + H]+	C12H25S+		1.000	74.475	73.111	1.364	10	0.555	1.311	1.687	3.986		201.168	503	8.376	857322100384530147	857316086775312243	857316086775312242	10785	
1	C11H18O2	[M + H]+	C11H19O2+		1.000	201.815	198.334	3.480	40	0.814	0.821	0.846	0.676		183.138	503	8.378	857322549363802103	857316086834032503	857316086829838198	10833	
1	C11H21NO2	[M + H]+	C11H22NO2+		1.000	195.149	195.149	0.000	29	0.417	0.381	0.869	0.473		200.165	503	8.378	857322572935794617	857316086888558459	857316086888558458	10839	
1	C8H10O2	[M + H]+	C8H11O2+		1.000	83.267	83.267	0.000	11	0.795	1.901	1.901	0.748		139.075	507	8.442	857322571912384411	857316086934695807	857316086934695806	10880	
1	C12H6O3	[M + H]+	C12H7O3+		0.992	62.214	62.214	0.000	8	0.897	1.578	1.578	0.651		199.039	511	8.511	857322580267438087	857316086980833155	857316086976638850	11015	
1	C13H16N2S	[M + H]+	C13H17N2S+		0.994	29.147	29.147	0.000	9	0.994	1.065	1.065	0.704		233.111	511	8.513	857322579214667762	857316087022776199	857316087022776198	11016	
1	C17H26N2O	[M + H]+	C17H27N2O+		0.875	60.674	60.674	0.000	17	0.991	0.352	0.437	0.509		275.212	514	8.560	857322572826742703	857316087064719243	857316087064719242	11083	
1	C11H14O3	[M + H]+	C11H15O3+		1.000	111.146	109.490	1.657	17	1.000	0.348	0.755	0.816		195.102	515	8.579	857322584935698464	857316087110856591	857316087110856590	11111	
1	C8H20N4O2	[M + Na]+	C8H20N4NaO2+		1.000	60.689	58.330	2.359	10	0.930	-2.778	6.934	-3.375		227.147	520	8.661	857322571954327461	857316087156993939	857316087156993938	11212	
1	C12H25NO3	[M + H]+	C12H26NO3+		1.000	47.150	47.150	0.000	8	0.985	-0.174	0.497	0.646		232.191	521	8.679	857322580414238737	857316087203131287	857316087198936982	11247	
1	C9H16O	[M + H]+	C9H17O+		1.000	61.661	58.356	3.305	8	0.436	0.879	0.879	0.626		141.127	521	8.681	857322576400289776	857316087245074331	857316087245074330	11220	
1	C12H27N	[M + H]+	C12H28N+		1.000	20.437	17.099	3.339	3	0.906	6.734	6.734	0.986		186.222	523	8.723	857322580988858389	857316087291211679	857316087291211678	11296	
1	C16H34O6	[M + H]+	C16H35O6+		0.959	19.595	19.595	0.000	3	1.000	2.076	2.076	-0.016		323.243	524	8.736	857322580074500093	857316087387680675	857316087387680674	11308	
1	C19H37N5O2	[M + H]+	C19H38N5O2+		0.540	13.330	13.330	0.000	3	0.939	1.306	1.306	-3.725		368.301	524	8.738	857322586001051690	857316087429623719	857316087429623718	11309	
1	C16H25N3O2	[M + H]+	C16H26N3O2+		0.906	12.159	12.159	0.000	1	1.000	-0.358	0.358	0.467		292.202	525	8.742	857322584654680086	857316087471566763	857316087471566762	11319	
1	C14H20O4	[M + H]+	C14H21O4+		0.500	102.628	102.628	0.000	12	0.987	0.728	0.728	0.610		253.144	525	8.745	857322593257197621	857316087513509807	857316087513509806	11329	
1	C21H28O6	[M + H3N + H]+	C21H32NO6+		0.745	23.786	23.786	0.000	4	0.987	0.428	0.428	-0.391		394.222	530	8.826	857322599359911330	857316087551258547	857316087551258546	11401	
1	C12H16O3	[M + H]+	C12H17O3+		0.996	90.497	90.497	0.000	15	0.927	0.864	0.864	0.570		209.117	530	8.826	857322612962040984	857316087597395895	857316087597395894	11398	
1	C21H28O6	[M + H]+	C21H29O6+		0.948	22.940	22.940	0.000	4	0.985	0.074	0.163	-0.226		377.196	530	8.827	857322614010616994	857316087639338939	857316087639338938	11403	
1	C12H27N	[M + H]+	C12H28N+		1.000	35.610	30.216	5.394	4	0.905	4.381	4.381	0.986		186.222	533	8.879	857322609833089787	857316087685476287	857316087685476286	11453	
1	C19H37N5O2	[M + H]+	C19H38N5O2+		0.534	9.398	9.398	0.000	3	0.964	0.475	0.475	-3.725		368.301	537	8.952	857322653067975891	857316087731613635	857316087731613634	11536	
1	C16H34O6	[M + H]+	C16H35O6+		0.980	19.796	19.796	0.000	4	0.996	3.060	3.060	-0.016		323.243	537	8.953	857322687016672477	857316087773556679	857316087773556678	11537	
1	C18H35NO4	[M + H]+	C18H36NO4+		0.528	11.812	11.812	0.000	1	0.503	0.731	0.731	-0.076		330.264	537	8.956	857322872379744046	857316087819694027	857316087815499722	11524	
1	C10H10O2	[M + H]+	C10H11O2+		1.000	69.255	66.032	3.223	7	0.762	1.728	1.728	0.208		163.075	538	8.964	857322889123407141	857316087870025679	857316087865831374	11511	
1	C19H34O4S	[M + H]+	C19H35O4S+		1.000	198.117	195.510	2.607	53	0.992	-0.057	1.066	0.315		359.225	538	8.974	857322957847080107	857316087916163027	857316087916163026	11527	
1	C14H28N2O2	[M + H]+	C14H29N2O2+		1.000	123.830	123.830	0.000	23	1.000	-0.424	1.089	0.488		257.222	543	9.044	857322899231679809	857316087962300375	857316087958106070	11620	
1	C13H25NO3	[M + H]+	C13H26NO3+		1.000	43.954	43.954	0.000	7	1.000	2.227	2.227	0.655		244.191	544	9.068	857322895356142908	857316088012632027	857316088012632026	11647	
1	C12H15FN3	[M + H]+	C12H16FN3+		0.657	25.458	24.005	1.453	5	0.523	1.920	2.894	1.912		221.133	545	9.087	857322892831171890	857316088067157983	857316088067157982	11667	
1	C14H31NO2	[M + H]+	C14H32NO2+		0.500	41.336	37.681	3.654	8	0.986	1.272	1.272	0.586		246.243	548	9.129	857322939358588071	857316088121683939	857316088121683938	11696	
1	C12H27NO	[M + H]+	C12H28NO+		1.000	32.051	28.440	3.611	7	0.970	2.743	3.037	0.342		202.217	550	9.171	857322921893504409	857316088180404199	857316088180404198	11733	
1	C9H16O2	[M + H]+	C9H17O2+		0.500	20.847	20.847	0.000	3	0.127	5.359	5.359	0.915		157.122	552	9.206	857322932266019211	857316088243318763	857316088239124458	11771	
1	C9H13FN2O3	[M + H]+	C9H14FN2O3+		0.288	36.916	36.916	0.000	5	0.856	0.028	0.593	-4.592		217.097	553	9.222	857322988490666666	857316088297844719	857316088293650414	11796	
1	C15H22O3	[M + H]+	C15H23O3+		0.500	75.161	75.161	0.000	12	1.000	0.931	0.931	0.593		251.164	554	9.232	857322994232668899	857316088348176371	857316088343982066	11822	
1	C15H22O3	[M - H2O + H]+	C15H21O2+		1.000	162.653	162.653	0.000	29	0.910	0.765	0.774	-77246.879		233.154	554	9.233	857322988171899552	857316088394313719	857316088394313718	11812	
1	C18H27N5	[M + H]+	C18H28N5+		0.182	2.000	2.000	0.000	0	0.000			-4.081		314.233	554	9.238	857322991338599119	857316088444645371	857316088444645370	11818	
1	C13H29O2	[M + K]+	C13H29KO2+		0.772	4.500	4.500	0.000	0	0.000			4.164		256.181	555	9.246	857322984552215189	857316088494977023	857316088490782718	11788	
1	C14H31NO3	[M + H]+	C14H32NO3+		1.000	66.045	66.045	0.000	17	0.996	0.725	0.925	0.571		262.238	562	9.359	857322989455356609	857316088545308675	857316088545308674	11942	
1	C20H37NO4	[M + H]+	C20H38NO4+		0.991	31.180	31.180	0.000	8	1.000	1.206	1.206	0.547		356.280	565	9.419	857322991523148505	857316088595640327	857316088595640326	12012	
1	C9H19ClO2	[M + H]+	C9H20ClO2+		0.919	66.815	66.815	0.000	17	0.988	0.814	1.144	-0.430		195.115	566	9.440	857322990013199045	857316088645971979	857316088641777674	12039	
1	C14H31N	[M + H]+	C14H32N+		1.000	58.213	55.404	2.809	11	0.989	1.843	1.843	0.763		214.253	568	9.469	857322984736764575	857316088700497935	857316088696303630	12067	
1	C14H29NO3	[M + H]+	C14H30NO3+		1.000	58.543	54.825	3.718	13	0.982	0.019	0.411	0.576		260.222	571	9.512	857323067360359424	857316088755023891	857316088750829586	12087	
1	C9H14	[M + H]+	C9H15+		1.000	63.176	59.809	3.366	9	0.857	2.436	2.436	0.350		123.117	573	9.544	857323029393519348	857316088805355543	857316088801161238	12180	
1	C12H27N	[M + H]+	C12H28N+		1.000	15.391	12.215	3.176	2	0.955	2.451	2.451	0.825		186.222	576	9.597	857323157416261109	857316088855687195	857316088855687194	12217	
1	C10H17NO3	[M + H]+	C10H18NO3+		1.000	58.334	58.334	0.000	12	0.126	1.556	1.556	0.350		200.128	577	9.613	857323178563942929	857316088910213151	857316088910213150	12250	
1	C10H8N4O4	[M + H]+	C10H9N4O4+		0.997	121.572	118.609	2.963	33	0.950	-0.425	0.538	-0.286		249.062	593	9.881	857323226362247400	857316088964739107	857316088960544802	12500	
1	C10H18O2	[M + H]+	C10H19O2+		0.500	133.556	130.196	3.360	22	0.882	1.096	1.096	0.256		171.138	600	9.997	857323182527560230	857316089015070759	857316089015070758	12586	
1	C12H9NO	[M + H]+	C12H10NO+		0.902	79.492	79.492	0.000	19	0.936	1.264	1.264	0.759		184.076	602	10.029	857323181386709531	857316089069596715	857316089069596714	12638	
1	C11H24N2O2	[M + H]+	C11H25N2O2+		1.000	48.088	46.519	1.570	8	0.939	0.321	0.527	0.118		217.191	602	10.040	857323174411581965	857316089124122671	857316089124122670	12647	
1	C15H14N4O5S	[M + H]+	C15H15N4O5S+		0.312	23.111	20.230	2.882	8	0.769	-1.681	1.945	1.578		363.076	604	10.073	857323190685481517	857316089178648627	857316089174454322	12656	
1	C14H8O3	[M + H]+	C14H9O3+		1.000	82.162	82.162	0.000	15	0.824	1.537	1.537	0.575		225.055	604	10.074	857323191562091072	857316089233174583	857316089233174582	12699	
1	C11H20ClN5O10P2	[M + K]+	C11H20ClKN5O10P2+		0.339	28.058	19.164	8.894	8	0.983	1.599	1.842	1.485		518.001	605	10.075	857323206120534696	857316089283506235	857316089283506234	12662	
1	C14H15FN2O3	[M + K]+	C14H15FKN2O3+		0.998	48.743	48.743	0.000	11	0.546	11.259	11.259	3.537		317.071	606	10.093	857323229478615284	857316089325449279	857316089325449278	12679	
1	C10H20Cl4O8P2	[M + H]+	C10H21Cl4O8P2+		0.441	33.063	17.515	15.548	6	0.993	0.877	0.877	0.004		470.946	606	10.098	857323224772604595	857316089371586627	857316089371586626	12685	
1	C13H18Cl4F5N3O4	[M + H]+	C13H19Cl4F5N3O4+		0.983	49.669	33.913	15.756	7	0.927	0.167	0.425	-0.512		516.004	606	10.101	857323273065822474	857316089426112583	857316089426112582	12674	
1	C8H14ClN4O9PS3	[M + H]+	C8H15ClN4O9PS3+		0.513	27.294	18.537	8.757	8	0.964	0.960	1.589	2.089		472.943	606	10.104	857323260105423104	857316089476444235	857316089476444234	12686	
1	C10H18O	[M + H]+	C10H19O+		1.000	114.077	114.077	0.000	18	0.450	1.142	1.142	0.505		155.143	606	10.105	857323659419941289	857316089526775887	857316089526775886	12734	
1	C17H29N	[M + H]+	C17H30N+		0.969	23.598	23.598	0.000	5	0.969	0.194	0.194	0.256		248.237	607	10.116	857323661391264446	857316089585496147	857316089581301842	12752	
1	C11H14N2OS2	[M + H]+	C11H15N2OS2+		1.000	32.878	32.878	0.000	9	0.973	0.043	0.415	0.543		255.062	610	10.175	857323688884929322	857316089635827799	857316089631633494	12809	
1	C13H25NO2	[M + H]+	C13H26NO2+		1.000	113.284	107.568	5.716	21	0.889	1.403	1.403	0.546		228.196	610	10.175	857323683059038931	857316089686159451	857316089686159450	12761	
1	C14H28S	[M + H]+	C14H29S+		0.997	29.786	29.786	0.000	5	0.619	2.147	2.147	3.803		229.199	611	10.177	857323729431275580	857316089732296799	857316089732296798	12788	
1	C16H32N2O4	[M + H]+	C16H33N2O4+		0.593	8.788	8.788	0.000	2	1.000	-0.149	0.149	-0.454		317.243	611	10.180	857323741179521222	857316089774239843	857316089774239842	12796	
1	C13H18O3	[M + H]+	C13H19O3+		1.000	33.349	33.349	0.000	7	0.929	2.026	2.026	0.399		223.133	611	10.182	857323740546181308	857316089820377191	857316089816182886	12811	
1	C15H32N2O2	[M + H]+	C15H33N2O2+		0.999	15.175	12.524	2.651	2	0.728	2.561	2.561	0.641		273.254	614	10.232	857323753561106682	857316089858125931	857316089858125930	12869	
1	C14H25NO2	[M + H]+	C14H26NO2+		1.000	123.612	123.612	0.000	25	0.985	0.761	1.104	0.352		240.196	616	10.272	857323741833832656	857316089904263279	857316089904263278	12929	
1	C12H25NO3	[M + H]+	C12H26NO3+		1.000	44.168	40.641	3.527	9	0.991	1.480	1.480	-0.087		232.191	620	10.334	857323729796180032	857316089950400627	857316089950400626	13083	
1	C11H13F3N2O3	[M + H]+	C11H14F3N2O3+		0.922	36.706	36.706	0.000	11	0.864	-2.484	2.602	-5.745		279.094	620	10.335	857323777095347463	857316089992343671	857316089992343670	12974	
1	C20H39NO4	[M + H]+	C20H40NO4+		0.500	67.065	67.065	0.000	13	0.744	-0.150	0.958	-0.377		358.295	622	10.364	857323758585883494	857316090038481019	857316090038481018	13100	
1	C10H16O	[M + H]+	C10H17O+		1.000	109.549	106.197	3.352	18	0.901	0.514	0.650	0.381		153.127	634	10.572	857323732010772551	857316090084618367	857316090080424062	13339	
1	C11H9FNO3	[M + H]+	C11H10FNO3+		0.910	65.738	65.738	0.000	13	0.717	0.265	11.722	-0.326		223.064	635	10.589	857323762847296466	857316090130755715	857316090130755714	13332	
1	C11H23NO2	[M + H]+	C11H24NO2+		1.000	69.042	65.541	3.501	8	0.863	1.529	1.529	0.319		202.180	635	10.589	857323731838806084	857316090172698759	857316090172698758	13423	
1	C13H22O2	[M + H]+	C13H23O2+		0.500	238.861	238.861	0.000	49	0.984	-0.103	0.634	0.396		211.169	636	10.599	857323745428351191	857316090218836107	857316090218836106	13450	
1	C7H10	[M + H]+	C7H11+		1.000	49.106	49.106	0.000	7	1.000	6.382	6.382	0.349		95.086	636	10.607	857323731960440902	857316090264973455	857316090260779150	13462	
1	C11H22N3O2	[M + H]+	C11H23N3O2+		0.500	146.450	143.700	2.750	39	0.896	-0.163	3.968	6.378		229.180	636	10.608	857323766160796905	857316090311110803	857316090311110802	13487	
1	C13H18	[M + H]+	C13H19+		0.333	138.400	138.400	0.000	30	0.943	-0.110	0.368	0.360		175.148	637	10.609	857323746468538589	857316090357248151	857316090357248150	13473	
1	C13H20O	[M + H]+	C13H21O+		0.333	214.182	214.182	0.000	44	0.983	-0.238	0.470	0.612		193.159	637	10.610	857323751916939500	857316090457911451	857316090457911450	13468	
1	C13H28OSi	[M + H]+	C13H29OSi+		0.863	145.175	145.175	0.000	29	0.607	0.175	0.679	4.326		229.199	637	10.611	857323746636310757	857316090512437407	857316090512437406	13460	
1	C13H25NO2	[M + H]+	C13H26NO2+		1.000	167.477	161.825	5.652	38	0.921	1.082	1.082	0.283		228.196	637	10.612	857323736603535546	857316090617295011	857316090617295010	13474	
1	C8H17NSi	[M + H]+	C8H18NSi+		0.500	34.353	34.353	0.000	6	0.185	2.511	2.511	0.688		156.120	641	10.680	857323748003653865	857316090684403879	857316090684403878	13535	
1	C8H10F2NO4	[M + H]+	C8H11F2NO4+		0.999	188.399	188.399	0.000	34	0.741	0.791	8.116	-5.764		223.064	643	10.708	857323799249664353	857316090743124139	857316090743124138	13573	
1	C6H13NSi	[M + H]+	C6H14NSi+		0.910	6.635	6.635	0.000	2	0.039	8.860	8.860	-0.331		128.089	645	10.754	857323820774832513	857316090793455791	857316090793455790	13660	
1	C7H13FO	[M + H]+	C7H14FO+		1.000	17.588	17.588	0.000	3	0.786	-13.525	13.525	14.727		133.104	647	10.791	857323768174062852	857316090843787443	857316090843787442	13693	
1	C16H24O4	[M + H]+	C16H25O4+		1.000	169.364	169.364	0.000	40	0.997	0.041	0.527	0.371		281.175	649	10.825	857323803272001911	857316090889924791	857316090889924790	13727	
1	C4H9NSi	[M + H]+	C4H10NSi+		1.000	19.213	19.213	0.000	4	0.095	4.188	4.188	-0.622		100.058	650	10.828	857323842543270276	857316090940256443	857316090940256442	13728	
1	C14H31NO	[M + H]+	C14H32NO+		1.000	28.748	28.748	0.000	8	0.982	2.507	2.507	0.473		230.248	650	10.832	857323936021723530	857316090982199487	857316090982199486	13621	
1	C12H27N	[M + H]+	C12H28N+		1.000	13.811	13.674	0.137	2	1.000	3.751	3.751	0.503		186.222	653	10.880	857323880858237321	857316091028336835	857316091028336834	13792	
1	C12H25NO2	[M + H]+	C12H26NO2+		1.000	29.803	29.803	0.000	6	1.000	0.792	0.792	0.530		216.196	653	10.881	857323862441048455	857316091082862791	857316091082862790	13848	
1	C20H43NO4	[M + H]+	C20H44NO4+		1.000	29.810	29.810	0.000	9	0.993	0.693	0.693	-0.429		362.326	656	10.936	857324067857090503	857316091124805835	857316091124805834	13857	
1	C16H35NO3	[M + H]+	C16H36NO3+		1.000	69.476	63.724	5.753	17	0.982	0.364	0.676	0.274		290.269	657	10.950	857324099796715480	857316091170943183	857316091170943182	13882	
1	C14H29NO3	[M + H]+	C14H30NO3+		1.000	47.320	44.266	3.054	11	0.992	0.559	0.594	0.537		260.222	658	10.974	857324096386746323	857316091217080531	857316091212886226	13913	
1	C14H25NO2	[M + H]+	C14H26NO2+		1.000	101.043	101.043	0.000	17	1.000	0.388	0.411	0.393		240.196	659	10.985	857324112761310022	857316091263217879	857316091263217878	13916	
1	C13H27Cl	[M + H]+	C13H28Cl+		0.942	48.292	48.292	0.000	21	0.768	-0.075	0.993	-0.297		219.187	665	11.081	857324117148552013	857316091305160923	857316091305160922	14025	
1	C13H29N	[M + H]+	C13H30N+		1.000	19.816	14.277	5.539	3	0.083	1.766	1.766	0.468		200.237	666	11.103	857324123892993244	857316091351298271	857316091351298270	14072	
1	C16H33NO3	[M + H]+	C16H34NO3+		1.000	44.309	40.475	3.834	9	0.977	0.436	0.703	0.311		288.253	666	11.108	857324170458159554	857316091443572967	857316091443572966	14130	
1	C11H10N4O4	[M + H]+	C11H11N4O4+		1.000	78.006	77.316	0.690	24	0.913	0.312	0.466	-0.309		263.077	668	11.127	857324199751189630	857316091489710315	857316091489710314	14125	
1	C14H10O	[M + H]+	C14H11O+		0.999	54.162	51.141	3.021	13	0.958	0.795	0.795	0.608		195.081	676	11.268	857324197658228480	857316091540041967	857316091540041966	14268	
1	C21H15NO4	[M + H]+	C21H16NO4+		0.181	26.228	26.228	0.000	3	0.894	1.255	1.255	-0.446		346.107	676	11.272	857324219384734397	857316091586179315	857316091586179314	14274	
1	C9H10O	[M + H]+	C9H11O+		0.500	56.907	56.907	0.000	10	0.921	1.986	1.986	0.434		135.081	677	11.288	857324226313724710	857316091682648315	857316091678454010	14287	
1	C11H20O	[M + H]+	C11H21O+		1.000	79.897	77.417	2.480	16	0.888	1.121	1.121	0.345		169.159	678	11.298	857324219502174929	857316091749757183	857316091749757182	14308	
1	C7H8	[M + H]+	C7H9+		0.983	74.121	74.121	0.000	9	0.940	4.066	4.066	0.680		93.070	678	11.299	857324223268659990	857316091795894531	857316091795894530	14318	
1	C14H31N	[M + H]+	C14H32N+		1.000	43.158	43.158	0.000	6	0.957	2.057	2.057	0.297		214.253	678	11.299	857324221037290244	857316091846226183	857316091842031878	14303	
1	C9H11F3N2O4	[M + Na]+	C9H11F3N2NaO4+		0.992	73.177	69.057	4.120	26	0.813	1.235	1.843	-3.375		291.055	679	11.319	857324249478865820	857316091892363531	857316091888169226	14294	
1	C19H36O3S	[M + H]+	C19H37O3S+		0.500	178.147	178.147	0.000	55	0.978	-1.004	1.286	-0.644		345.246	681	11.345	857324307284763691	857316091942695183	857316091942695182	14363	
1	C16H28N6O4	[M + H3N + H]+	C16H32N7O4+		0.597	44.140	44.140	0.000	10	0.989	-0.114	0.197	6.631		386.254	682	11.373	857324233288852311	857316091984638227	857316091984638226	14399	
1	C22H39NO6	[M + H]+	C22H40NO6+		0.881	11.880	11.880	0.000	3	1.000	-0.358	0.358	-0.252		414.285	682	11.374	857324228503151428	857316092026581271	857316092022386966	14401	
1	C15H14OS	[M + H]+	C15H15OS+		0.989	51.728	51.728	0.000	14	0.987	1.089	1.089	0.566		243.084	683	11.387	857324248203797394	857316092068524315	857316092068524314	14419	
1	C13H11FN2O3	[M + H]+	C13H12FN2O3+		0.784	88.832	88.832	0.000	38	0.964	-4.091	4.367	-3.675		263.082	688	11.473	857324352834905182	857316092110467359	857316092110467358	14572	
1	C14H31NO	[M + H]+	C14H32NO+		1.000	23.654	23.654	0.000	7	0.989	3.850	3.850	0.517		230.248	690	11.493	857324226099815204	857316092156604707	857316092156604706	14591	
1	C13H20O2	[M + H]+	C13H21O2+		0.500	133.432	133.432	0.000	25	0.917	0.225	0.763	0.448		209.154	695	11.585	857324235197260641	857316092202742055	857316092202742054	14709	
1	C19H34O3S	[M + H]+	C19H35O3S+		1.000	184.474	184.474	0.000	52	0.901	-0.891	1.243	-1.697		343.230	697	11.612	857324313714631739	857316092248879403	857316092248879402	14717	
1	C7H8	[M + H]+	C7H9+		0.850	80.828	80.828	0.000	11	0.956	4.112	4.112	0.787		93.070	698	11.639	857324296530568200	857316092290822447	857316092290822446	14775	
1	C11H20O2	[M + H]+	C11H21O2+		0.500	197.415	197.415	0.000	24	0.568	0.453	0.880	0.614		185.154	702	11.700	857324229056799567	857316092332765491	857316092332765490	14861	
1	C16H33NO2	[M + H]+	C16H34NO2+		1.000	23.499	23.499	0.000	5	0.939	0.360	0.598	0.567		272.259	709	11.816	857324250590356402	857316092383097143	857316092378902838	15066	
1	C15H20N2O3	[M + H]+	C15H21N2O3+		0.954	108.205	108.205	0.000	42	0.882	0.401	0.600	0.365		277.155	711	11.852	857324298183123980	857316092420845883	857316092420845882	15098	
1	C15H22OS	[M + H]+	C15H23OS+		1.000	109.589	103.253	6.336	45	0.604	0.368	0.582	0.387		251.147	717	11.950	857324249705358248	857316092479566143	857316092475371838	15209	
1	C26H50N4O2	[M + K]+	C26H50KN4O2+		0.380	8.545	2.000	6.545	0	0.000			0.705		489.357	717	11.957	857324225621664541	857316092525703491	857316092521509186	15225	
1	C16H28O2	[M + H]+	C16H29O2+		1.000	230.528	224.144	6.384	45	0.980	0.082	0.673	0.408		253.216	726	12.103	857324245141955444	857316092571840839	857316092571840838	15364	
1	C24H46N6O3	[M + Na]+	C24H46N6NaO3+		0.300	6.001	6.001	0.000	1	1.000	1.015	1.015	8.889		489.357	730	12.174	857324246127616900	857316092613783883	857316092613783882	15473	
1	C17H26O5	[M + H]+	C17H27O5+		1.000	88.825	85.511	3.314	15	1.000	0.701	0.809	0.095		311.185	736	12.262	857324260623131573	857316092655726927	857316092655726926	15630	
1	C12H18N2O3	[M + K]+	C12H18KN2O3+		0.635	130.699	130.699	0.000	44	0.945	-0.040	0.925	-6.678		277.093	736	12.264	857324323747406928	857316092701864275	857316092697669970	15612	
1	C13H10O	[M + H]+	C13H11O+		1.000	75.037	70.175	4.862	20	0.754	1.156	1.156	0.539		183.081	739	12.319	857324261747205055	857316092748001623	857316092743807318	15670	
1	C12H22O	[M + H]+	C12H23O+		1.000	150.305	147.161	3.144	21	0.681	1.207	1.207	0.591		183.174	741	12.355	857324229451064147	857316092789944667	857316092789944666	15705	
1	C25H48N2O7	[M + H]+	C25H49N2O7+		0.406	11.725	10.495	1.230	2	1.000	-0.068	0.068	6.706		489.357	746	12.427	857324226800263994	857316092836082015	857316092836082014	15833	
1	C13H10N2S	[M + H]+	C13H11N2S+		0.930	48.202	43.513	4.690	20	0.888	1.365	1.365	0.503		227.064	748	12.464	857324245808849786	857316092878025059	857316092878025058	15868	
1	C13H20O2	[M + H]+	C13H21O2+		1.000	149.012	146.382	2.630	25	1.000	0.650	0.823	0.400		209.154	750	12.499	857324294219506686	857316092919968103	857316092919968102	15881	
1	C16H16OS	[M + H]+	C16H17OS+		0.994	45.943	40.882	5.061	15	0.990	1.519	1.519	0.301		257.100	752	12.540	857324360833442921	857316092966105451	857316092966105450	15973	
1	C15H33N	[M + H]+	C15H34N+		1.000	83.573	79.918	3.654	11	0.672	1.773	1.773	0.891		228.269	757	12.609	857324292017497085	857316093008048495	857316093008048494	15937	
1	C15H29NO2	[M + H]+	C15H30NO2+		1.000	119.786	116.235	3.551	29	0.988	-0.107	0.455	0.329		256.227	760	12.660	857324238015832944	857316093054185843	857316093054185842	16086	
1	C14H29NO3	[M + H]+	C14H30NO3+		1.000	32.189	28.729	3.460	8	0.974	1.205	1.205	0.076		260.222	760	12.666	857324246664487820	857316093096128887	857316093096128886	16094	
1	C13H13NP	[M + H]+	C13H14NP+		1.000	39.718	39.718	0.000	14	0.806	1.131	1.418	-19.748		215.082	761	12.689	857324306013889568	857316093138071931	857316093138071930	16162	
1	C13H25NO5	[M + H]+	C13H26NO5+		0.998	51.574	51.574	0.000	20	0.915	-0.165	0.872	-6.262		276.179	765	12.752	857324285948339176	857316093180014975	857316093180014974	16328	
1	C10H15NO2	[M + H]+	C10H16NO2+		0.914	66.185	66.185	0.000	8	0.952	3.760	3.760	0.631		182.118	765	12.754	857324272132301790	857316093221958019	857316093221958018	16324	
1	C16H35N	[M + H]+	C16H36N+		1.000	7.616	7.616	0.000	3	0.961	1.415	1.415	0.509		242.284	768	12.798	857324226607326009	857316093263901063	857316093263901062	16398	
1	C26H37NO6	[M + H]+	C26H38NO6+		0.888	59.405	59.405	0.000	20	0.985	0.425	0.538	-0.335		460.269	772	12.867	857324316285740102	857316093310038411	857316093310038410	16484	
1	C24H30O6	[M + H3N + H]+	C24H34NO6+		0.514	71.225	71.225	0.000	12	0.994	0.339	0.483	-0.565		432.238	772	12.867	857324299911177238	857316093356175759	857316093356175758	16485	
1	C19H30N2O8	[M + H]+	C19H31N2O8+		0.612	70.378	70.378	0.000	11	0.986	0.339	0.388	9.146		415.211	772	12.870	857324286887863283	857316093402313107	857316093398118802	16486	
1	C12H14N2O2	[M + H]+	C12H15N2O2+		0.998	185.102	185.102	0.000	48	0.901	0.636	0.679	0.437		219.113	774	12.904	857324263945020361	857316093448450455	857316093448450454	16545	
1	C13H27NO2	[M + H]+	C13H28NO2+		1.000	33.874	31.065	2.809	7	0.977	1.459	1.459	0.323		230.212	775	12.923	857324230252176213	857316093494587803	857316093494587802	16623	
1	C22H25ClN2O6	[M + H]+	C22H26ClN2O6+		0.796	28.720	28.720	0.000	9	0.910	-0.355	2.164	2.937		449.149	782	13.032	857324265085871059	857316093544919455	857316093544919454	16742	
1	C13H27NO2	[M + H]+	C13H28NO2+		0.500	22.641	22.641	0.000	5	1.000	0.899	0.899	0.367		230.212	784	13.068	857324324896646234	857316093595251107	857316093595251106	16787	
1	C22H32O6	[M + Na]+	C22H32NaO6+		0.755	69.968	64.970	4.998	11	0.993	0.551	0.551	5.300		415.211	803	13.386	857325352551459074	857316093645582759	857316093645582758	17206	
1	C3H5NO2	[M + Na]+	C3H5NNaO2+		0.488	1.000	1.000	0.000	0	0.000			-27.987		110.018	805	13.421	857325356368275724	857316093700108715	857316093700108714	17267	
1	C26H37NO6	[M + H]+	C26H38NO6+		0.938	31.598	25.237	6.361	7	0.984	0.816	0.816	-0.466		460.269	807	13.444	857325361028147473	857316093750440367	857316093746246062	17281	
1	C15H37N4O3	[M + H]+	C15H38N4O3+		0.486	5.588	5.588	0.000	2	0.773	1.781	1.781	4.026		322.295	811	13.524	857325349271513338	857316093792383411	857316093792383410	17370	
1	C23H54N6O4S	[M + Na]+	C23H54N6NaO4S+		0.699	11.383	8.487	2.895	2	1.000	1.809	1.809	2.295		533.383	812	13.525	857325449783827763	857316093842715063	857316093838520758	17359	
1	C15H32O4	[M + H]+	C15H33O4+		0.999	27.553	27.553	0.000	5	0.976	0.360	1.326	0.303		277.237	812	13.530	857325447883808044	857316093888852411	857316093884658106	17387	
1	C6H19N3O2PS	[M + H]+	C6H20N3O2PS+		0.752	46.529	46.529	0.000	13	0.793	4.418	4.418	-15.609		229.097	814	13.564	857325459401366847	857316093934989759	857316093934989758	17438	
1	C18H32O2	[M + H]+	C18H33O2+		1.000	214.422	214.422	0.000	43	0.871	0.324	0.509	-29.038		281.239	821	13.679	857325464384200030	857316093993710019	857316093989515714	17554	
1	C6H18O3Si3	[M + H]+	C6H19O3Si3+		0.999	119.375	111.836	7.539	17	0.462	0.059	0.517	0.446		223.064	822	13.694	857325462198967625	857316094044041671	857316094044041670	17582	
1	C8H26O5Si4	[M - H2O + H]+	C8H25O4Si4+		1.000	241.059	232.177	8.881	40	0.598	0.057	0.471	-60624.774		297.082	822	13.694	857325441198087466	857316094094373323	857316094094373322	17586	
1	C15H18N2O5S2	[M + K]+	C15H18KN2O5S2+		0.531	52.516	46.444	6.072	14	0.538	-1.621	1.664	5.032		409.031	822	13.694	857325535590899058	857316094140510671	857316094140510670	17581	
1	C25H49FN6O5	[M + H]+	C25H50FN6O5+		0.283	10.423	10.423	0.000	2	0.880	-0.196	0.644	1.794		533.383	822	13.706	857325464249982292	857316094186648019	857316094186648018	17630	
1	C13H24O	[M + H]+	C13H25O+		1.000	70.344	70.344	0.000	14	1.000	0.987	0.987	0.396		197.190	823	13.709	857325451264417085	857316094232785367	857316094232785366	17632	
1	C17H22N4O5	[M + H3N + H]+	C17H26N5O5+		1.000	171.711	171.711	0.000	46	0.865	-0.083	0.363	-1.040		380.192	825	13.753	857325498710383976	857316094270534107	857316094270534106	17676	
1	C19H27NO3	[M + H]+	C19H28NO3+		1.000	77.866	74.925	2.941	13	0.997	0.859	0.859	-0.189		318.206	829	13.819	857325942203516432	857316094312477151	857316094312477150	17751	
1	C16H24O4	[M + H]+	C16H25O4+		1.000	35.558	32.076	3.483	4	1.000	1.697	1.697	0.264		281.175	831	13.847	857326001510983207	857316094400557543	857316094400557542	17786	
1	C6H13N	[M + H]+	C6H14N+		1.000	24.910	24.910	0.000	3	0.580	5.685	5.685	0.041		100.112	832	13.867	857325995362133531	857316094358614499	857316094358614498	17774	
1	C17H10O	[M + H]+	C17H11O+		0.997	27.532	27.532	0.000	6	0.971	1.566	1.566	0.816		231.081	833	13.880	857326002354039630	857316094442500587	857316094442500586	17832	
1	C4H6FNO3S2	[M + H]+	C4H7FNO3S2+		0.365	20.523	20.523	0.000	8	0.103	4.835	6.297	-5.099		199.984	834	13.896	857326015532543332	857316094488637935	857316094488637934	17847	
1	C17H37N	[M + H]+	C17H38N+		1.000	21.268	17.413	3.855	3	0.935	1.661	1.661	0.559		256.300	839	13.985	857326002949630827	857316094530580979	857316094530580978	17969	
1	C26H37NO6	[M + H]+	C26H38NO6+		0.341	22.806	22.806	0.000	6	0.991	0.133	0.271	-0.596		460.269	843	14.052	857326004384083150	857316094568329719	857316094568329718	18059	
1	C22H32O6	[M + Na]+	C22H32NaO6+		0.816	35.997	35.997	0.000	6	0.985	0.790	0.790	5.300		415.211	844	14.061	857326013259230541	857316094606078459	857316094606078458	18064	
1	C11H9Cl2F2IO2	[M + Na]+	C11H9Cl2F2INaO2+		0.468	14.907	7.448	7.459	2	0.834	0.468	0.468	-0.812		430.888	845	14.076	857326008712604933	857316094656410111	857316094656410110	18084	
1	C19H27NO3	[M + H]+	C19H28NO3+		1.000	69.603	69.603	0.000	12	0.996	0.611	0.611	-0.283		318.206	849	14.150	857326015889059187	857316094698353155	857316094698353154	18198	
1	C23H47NO4	[M + H]+	C23H48NO4+		1.000	63.609	58.051	5.558	13	0.998	0.737	0.737	-0.262		402.358	850	14.158	857326007739526392	857316094744490503	857316094740296198	18056	
1	C18H39N	[M + H]+	C18H40N+		1.000	7.257	7.257	0.000	4	0.962	2.240	2.240	0.752		270.316	850	14.167	857326011053026608	857316094782239243	857316094782239242	18220	
1	C18H39NO	[M + H]+	C18H40NO+		1.000	20.149	20.149	0.000	7	0.992	2.058	2.058	0.554		286.311	856	14.267	857326012193877314	857316094836765199	857316094836765198	18323	
1	C19H41N	[M]+	C19H42N+		1.000	26.100	20.223	5.877	5	0.975	4.120	4.120	0.222		284.331	856	14.268	857326006233771249	857316094962594323	857316094962594322	18190	
1	C16H34O4	[M + H3N + H]+	C16H38NO4+		1.000	71.606	71.606	0.000	9	0.979	1.157	1.157	-0.049		308.280	857	14.292	857326028367113733	857316095059063319	857316095059063318	18343	
1	C16H34O4	[M + H]+	C16H35O4+		1.000	60.998	60.998	0.000	23	0.986	0.620	0.933	0.151		291.253	858	14.294	857326022058880467	857316095109394971	857316095109394970	18347	
1	C16H39N4O3	[M + H]+	C16H40N4O3+		1.000	31.893	31.893	0.000	5	0.836	1.202	1.202	3.650		336.311	858	14.295	857326020590874041	857316095159726623	857316095159726622	18350	
1	C16H34O4	[M + Na]+	C16H34NaO4+		0.952	4.486	4.486	0.000	0	0.000	0.168	0.168	-0.959		313.235	858	14.300	857326011652812091	857316095205863971	857316095205863970	18340	
1	C13H9NS	[M + H]+	C13H10NS+		0.992	18.590	13.691	4.899	4	0.991	1.417	1.417	0.251		212.053	858	14.306	857326010411298070	857316095247807015	857316095247807014	18368	
1	C18H38O5	[M + H]+	C18H39O5+		1.000	62.330	62.330	0.000	15	0.990	1.559	1.559	-0.241		335.279	861	14.348	857326029164031502	857316095298138667	857316095298138666	18447	
1	C18H38O5	[M + H3N + H]+	C18H42NO5+		1.000	52.254	52.254	0.000	12	0.989	1.132	1.132	-0.340		352.306	861	14.350	857326016803417486	857316095340081711	857316095340081710	18450	
1	C23H45NO2	[M + H]+	C23H46NO2+		1.000	89.077	85.492	3.586	19	0.950	0.178	0.699	-0.804		368.352	861	14.351	857326019890425267	857316095390413363	857316095390413362	18388	
1	C24H43O3	[M + H]+	C24H44O3+		0.998	37.391	37.391	0.000	9	0.879	0.859	2.901	22.200		380.337	862	14.361	857326029461827096	857316095432356407	857316095432356406	18622	
1	C19H36O2S	[M + H]+	C19H37O2S+		1.000	284.199	284.199	0.000	48	0.643	-0.939	1.275	-0.479		329.251	872	14.527	857326041386233388	857316095482688059	857316095482688058	18722	
1	C18H27N5O5	[M + H]+	C18H28N5O5+		1.000	113.452	107.407	6.044	26	0.890	0.480	0.498	-0.851		394.208	874	14.573	857326031064051234	857316095528825407	857316095528825406	18753	
1	C14H37N7O2	[M + H]+	C14H38N7O2+		0.788	15.648	15.648	0.000	4	0.693	1.198	1.198	7.731		336.311	881	14.681	857326008054099197	857316095570768451	857316095570768450	18892	
1	C16H34O4	[M + H3N + H]+	C16H38NO4+		1.000	28.540	28.540	0.000	6	0.984	2.211	2.211	-0.017		308.280	881	14.684	857326012562976068	857316095612711495	857316095612711494	18901	
1	C16H34O4	[M + H]+	C16H35O4+		1.000	70.452	70.452	0.000	9	0.976	1.089	1.089	0.220		291.253	881	14.684	857326016526593415	857316095658848843	857316095654654538	18900	
1	C18H38O5	[M + H]+	C18H39O5+		1.000	29.460	29.460	0.000	5	1.000	0.965	0.965	-0.181		335.279	884	14.726	857326028308393467	857316095696597583	857316095696597582	18944	
1	C24H43O3	[M + H]+	C24H44O3+		0.871	16.160	16.160	0.000	5	0.841	1.478	1.478	22.278		380.337	884	14.728	857326017948462488	857316095734346323	857316095734346322	18945	
1	C14H26O	[M + H]+	C14H27O+		0.333	87.728	87.728	0.000	16	0.959	1.100	1.100	0.417		211.206	890	14.829	857326021412957643	857316095784677975	857316095780483670	19062	
1	C22H42O8	[M + H3N + H]+	C22H46NO8+		1.000	86.130	86.130	0.000	19	1.000	-0.073	0.370	-0.053		452.322	890	14.833	857326023392669147	857316095826621019	857316095826621018	19073	
1	C24H49NO8	[M + H]+	C24H50NO8+		0.528	8.178	8.178	0.000	2	0.485	0.742	0.742	0.075		480.353	890	14.833	857326019009621410	857316095876952671	857316095872758366	19075	
1	C23H48N2O	[M + H]+	C23H49N2O+		1.000	34.723	31.620	3.103	12	0.981	1.094	1.094	-0.083		369.384	892	14.861	857326013582191959	857316095927284323	857316095927284322	19114	
1	C16H34O4	[M + H3N + H]+	C16H38NO4+		1.000	32.768	32.768	0.000	7	0.989	1.745	1.745	-0.017		308.280	894	14.895	857326024789372393	857316095977615975	857316095973421670	19174	
1	C16H34O4	[M + H]+	C16H35O4+		1.000	67.271	67.271	0.000	12	0.955	1.956	1.956	0.220		291.253	894	14.896	857326019122867628	857316096027947627	857316096023753322	19173	
1	C16H39N4O3	[M + H]+	C16H40N4O3+		1.000	25.367	25.367	0.000	5	0.678	1.708	1.708	3.739		336.311	894	14.896	857326009354333454	857316096074084975	857316096074084974	19165	
1	C23H48N2O2	[M + H]+	C23H49N2O2+		1.000	84.592	78.839	5.753	15	0.992	1.037	1.037	0.142		385.379	894	14.896	857326023564635621	857316096128610931	857316096128610930	19175	
1	C20H29N5O5	[M + H]+	C20H30N5O5+		0.690	103.204	99.727	3.477	22	0.932	0.361	0.436	-0.727		420.224	894	14.908	857326045869944374	857316096178942583	857316096178942582	19191	
1	C18H38O5	[M + H3N + H]+	C18H42NO5+		1.000	36.154	36.154	0.000	8	0.991	1.024	1.024	-0.312		352.306	896	14.930	857326011522788657	857316096225079931	857316096220885626	19226	
1	C18H43N4O4	[M + H]+	C18H44N4O4+		0.970	26.293	26.293	0.000	8	0.917	1.621	1.621	3.320		380.337	896	14.932	857326014211337561	857316096275411583	857316096275411582	19230	
1	C18H38O5	[M + H]+	C18H39O5+		1.000	41.829	41.829	0.000	9	0.981	2.301	2.301	-0.211		335.279	896	14.932	857326016358821245	857316096321548931	857316096321548930	19232	
1	C16H34O4	[M + H]+	C16H35O4+		1.000	84.423	84.423	0.000	12	0.980	2.057	2.057	0.185		291.253	903	15.051	857326010780396833	857316096371880583	857316096371880582	19432	
1	C16H39N4O3	[M + H]+	C16H40N4O3+		1.000	26.030	26.030	0.000	5	0.648	1.115	1.115	3.709		336.311	903	15.051	857326010948169000	857316096422212235	857316096418017930	19433	
1	C16H34O4	[M + H3N + H]+	C16H38NO4+		1.000	33.126	33.126	0.000	7	0.963	1.652	1.652	-0.114		308.280	903	15.052	857326027511475698	857316096468349583	857316096468349582	19434	
1	C16H41N7O3	[M + H]+	C16H42N7O3+		0.666	14.550	14.550	0.000	5	0.814	0.531	0.757	6.824		380.337	905	15.087	857326021249379777	857316096518681235	857316096518681234	19493	
1	C15H31NO2	[M + H]+	C15H32NO2+		1.000	40.767	38.417	2.350	7	1.000	0.763	0.763	0.365		258.243	908	15.133	857326708855189100	857316096569012887	857316096564818582	19581	
1	C17H41N4O3	[M + H]+	C17H42N4O3+		0.511	10.716	7.796	2.920	2	1.000	4.142	4.142	3.532		350.326	911	15.187	857326710969118795	857316096610955931	857316096606761626	19628	
1	C19H29N5O5	[M + H]+	C19H30N5O5+		1.000	192.894	184.980	7.914	52	0.927	0.204	0.313	-0.920		408.224	919	15.323	857326743269458702	857316096652898975	857316096652898974	19815	
1	C21H36N6O5	[M + H]+	C21H37N6O5+		0.586	52.915	52.915	0.000	12	1.000	0.653	0.848	-0.893		453.282	921	15.351	857326741524627495	857316096694842019	857316096690647714	19849	
1	C25H51NO4	[M + H]+	C25H52NO4+		1.000	65.860	65.860	0.000	16	0.990	1.295	1.295	0.010		430.389	923	15.388	857326729340171272	857316096732590759	857316096732590758	19925	
1	C24H45NO5	[M + H]+	C24H46NO5+		0.999	29.495	29.495	0.000	6	0.878	1.512	1.512	-0.280		428.337	924	15.403	857326734100707835	857316096774533803	857316096774533802	19963	
1	C20H43N	[M + H]+	C20H44N+		1.000	8.742	3.390	5.352	3	1.000	1.613	1.613	0.279		298.347	926	15.440	857326730430690316	857316096816476847	857316096816476846	20028	
1	C18H32O2	[M + H]+	C18H33O2+		0.500	147.605	143.832	3.773	23	0.992	0.662	0.716	0.261		281.248	927	15.445	857326748646556440	857316096862614195	857316096862614194	20021	
1	C26H45NO6	[M + H]+	C26H46NO6+		1.000	26.389	26.389	0.000	8	1.000	1.083	1.083	-0.031		468.332	930	15.498	857326757148410939	857316096904557239	857316096904557238	20085	
1	C15H22O	[M + H]+	C15H23O+		0.500	177.954	177.954	0.000	38	0.992	0.501	0.674	0.403		219.174	931	15.519	857326760768095303	857316096946500283	857316096946500282	20120	
1	C21H45N	[M + H]+	C21H46N+		1.000	11.525	7.628	3.897	5	1.000	3.885	3.885	0.234		312.363	932	15.528	857326767835497601	857316096996831935	857316096996831934	20142	
1	C20H39NO3	[M + H]+	C20H40NO3+		0.981	7.463	2.000	5.463	0	0.000			-0.411		342.300	935	15.577	857326767533507706	857316097042969283	857316097042969282	20202	
1	C19H34O6	[M - H2O + H]+	C19H33O5+		0.998	47.111	47.111	0.000	8	0.972	1.301	1.301	-52781.329		341.232	941	15.685	857326766078084208	857316097080718023	857316097080718022	20337	
1	C17H25NO3	[M + H]+	C17H26NO3+		0.971	79.429	79.429	0.000	18	0.968	0.675	0.675	0.479		292.191	946	15.766	857326763565696090	857316097122661067	857316097122661066	20495	
1	C14H28N6O5	[M + H3N + H]+	C14H32N7O5+		0.551	23.516	23.516	0.000	5	0.700	1.223	1.223	6.864		378.249	950	15.840	857326770582766722	857316097164604111	857316097160409806	20615	
1	C18H32O7	[M + H]+	C18H33O7+		0.993	57.054	57.054	0.000	8	0.994	1.079	1.079	-0.359		361.222	950	15.841	857326771450987660	857316097202352851	857316097198158546	20616	
1	C20H39NO7	[M + H]+	C20H40NO7+		0.969	30.036	30.036	0.000	7	0.951	1.425	1.425	-0.268		406.280	950	15.842	857326777511756950	857316097244295895	857316097240101590	20620	
1	C10H32O6Si5	[M - H2O + H]+	C10H31O5Si5+		1.000	44.402	44.402	0.000	18	0.703	-0.500	0.642	-48533.045		371.101	956	15.935	857326815084332842	857316097286238939	857316097286238938	20767	
1	C6H18O3Si3	[M + H]+	C6H19O3Si3+		1.000	130.579	125.308	5.271	20	0.456	0.255	0.888	0.446		223.064	956	15.940	857326810915194652	857316097328181983	857316097328181982	20773	
1	C10H24O2S2Si2	[M + H]+	C10H25O2S2Si2+		1.000	224.569	217.445	7.124	44	0.624	-0.233	0.890	-1.520		297.082	956	15.940	857326798588134611	857316097374319331	857316097370125026	20781	
1	C12H28O8SSi2	[M + H]+	C12H29O8SSi2+		0.435	32.692	25.775	6.917	15	0.972	2.018	2.018	0.338		389.112	957	15.943	857326820054583095	857316097416262375	857316097416262374	20783	
1	C17H24O6S2	[M + H3N + H]+	C17H28NO6S2+		0.288	13.716	13.716	0.000	5	0.880	0.444	0.602	7.372		406.138	957	15.951	857326804292388070	857316097458205419	857316097458205418	20800	
1	C20H27N5O2S2	[M + H]+	C20H28N5O2S2+		0.594	20.714	15.268	5.446	4	0.847	-4.819	4.819	3.815		434.170	957	15.958	857326793844376777	857316097508537071	857316097504342766	20807	
1	C17H36O4	[M + H]+	C17H37O4+		1.000	31.009	31.009	0.000	6	1.000	2.497	2.497	0.013		305.269	960	15.999	857326800987276508	857316097550480115	857316097550480114	20877	
1	C20H39N5	[M + H]+	C20H40N5+		0.977	26.907	26.907	0.000	5	0.623	3.870	3.870	-4.090		350.326	960	16.006	857326810470598397	857316097588228855	857316097588228854	20890	
1	C15H32O3	[M + H]+	C15H33O3+		1.000	18.917	18.917	0.000	3	1.000	1.959	1.959	0.454		261.243	971	16.184	857326815956748084	857316097625977595	857316097625977594	21202	
1	C17H36O4	[M + H]+	C17H37O4+		1.000	25.095	25.095	0.000	5	1.000	2.226	2.226	0.013		305.269	972	16.201	857326917479876420	857316097663726335	857316097663726334	21236	
1	C17H41N4O3	[M + H]+	C17H42N4O3+		0.548	31.007	31.007	0.000	6	0.639	2.000	2.000	3.561		350.326	972	16.205	857327062292416334	857316097709863683	857316097709863682	21241	
1	C20H39NO	[M + H]+	C20H40NO+		1.000	151.695	148.533	3.162	34	0.988	0.189	0.581	-0.101		310.310	980	16.331	857327268320823200	857316097747612423	857316097747612422	21379	
1	C18H34O2	[M + H]+	C18H35O2+		0.500	112.084	108.259	3.826	18	1.000	0.804	1.085	0.223		283.263	983	16.378	857327266865399705	857316097797944075	857316097797944074	21507	
1	C34H59N5O6	[M + H]+	C34H60N5O6+		0.398	90.798	85.485	5.313	26	0.975	1.066	1.198	-3.091		634.452	988	16.465	857327282241719350	857316097848275727	857316097848275726	21649	
1	C31H59NO9	[M + H]+	C31H60NO9+		1.000	64.926	58.171	6.755	19	1.000	0.939	0.939	-0.252		590.426	990	16.506	857327289023908956	857316097902801683	857316097898607378	21711	
1	C16H30O2	[M + H]+	C16H31O2+		0.500	106.578	106.578	0.000	18	0.989	1.352	1.352	0.209		255.232	991	16.521	857327300155591793	857316097953133335	857316097948939030	21748	
1	C20H39NO3	[M + H]+	C20H40NO3+		0.928	8.448	2.315	6.132	1	0.227	-0.739	0.739	-0.469		342.300	992	16.533	857327305067121791	857316098011853595	857316098011853594	21796	
1	C24H28ClNO3	[M + H]+	C24H29ClNO3+		0.858	26.299	26.299	0.000	11	0.775	0.476	0.476	-0.623		414.183	993	16.555	857327291020397671	857316098062185247	857316098062185246	21786	
1	C22H21ClO3	[M + H]+	C22H22ClO3+		0.929	88.324	88.324	0.000	28	0.902	1.133	1.133	-0.836		369.125	993	16.555	857327310062537987	857316098112516899	857316098112516898	21790	
1	C20H37NO2	[M + H]+	C20H38NO2+		1.000	63.718	58.425	5.294	16	0.997	1.145	1.145	-0.450		324.290	1007	16.782	857327314588192885	857316098167042855	857316098167042854	22112	
1	C24H28ClNO3	[M + H]+	C24H29ClNO3+		0.693	28.330	28.330	0.000	10	0.971	0.889	0.889	-0.574		414.183	1008	16.801	857327304781909109	857316098204791595	857316098204791594	22145	
1	C20H28O5	[M + H]+	C20H29O5+		0.998	35.257	35.257	0.000	8	0.985	0.852	0.852	-0.345		349.201	1008	16.804	857327284351454280	857316098246734639	857316098242540334	22151	
1	C22H21ClO3	[M + H]+	C22H22ClO3+		0.672	128.214	128.214	0.000	45	0.980	1.004	1.067	-0.809		369.125	1008	16.805	857327388961593382	857316098284483379	857316098284483378	22142	
1	C22H35NO5	[M + H]+	C22H36NO5+		0.751	10.952	10.952	0.000	6	0.953	1.543	1.543	-0.329		394.259	1008	16.805	857327286964505682	857316098326426423	857316098326426422	22150	
1	C16H30O4	[M + H]+	C16H31O4+		0.995	22.426	22.426	0.000	3	0.910	1.828	1.828	0.188		287.222	1012	16.869	857327358179596316	857316098364175163	857316098364175162	22264	
1	C8H14	[M + H]+	C8H15+		0.333	19.520	19.520	0.000	3	0.010	6.709	6.709	0.028		111.117	1013	16.877	857327392447060017	857316098414506815	857316098414506814	22291	
1	C23H23NO6	[M + Na]+	C23H23NNaO6+		0.536	44.376	41.097	3.280	17	0.829	8.705	8.705	5.188		432.144	1013	16.879	857327335933007890	857316098456449859	857316098456449858	22290	
1	C12H22O2	[M + H]+	C12H23O2+		1.000	86.214	86.214	0.000	10	0.989	0.970	0.970	0.370		199.169	1013	16.879	857327326428715024	857316098498392903	857316098498392902	22286	
1	C21H32O3	[M + H]+	C21H33O3+		0.960	72.528	72.528	0.000	18	0.990	1.438	1.438	-0.214		333.242	1015	16.919	857328077410459764	857316098540335947	857316098540335946	22356	
1	C23H45N5O	[M + H]+	C23H46N5O+		0.863	16.280	16.280	0.000	3	0.708	1.945	1.945	-3.594		408.368	1017	16.955	857328067746783026	857316098590667599	857316098586473294	22442	
1	C17H16O	[M + H]+	C17H17O+		1.000	85.123	81.400	3.723	20	0.967	0.993	1.001	0.584		237.128	1017	16.957	857328084020682888	857316098640999251	857316098636804946	22416	
1	C16H30O	[M + H]+	C16H31O+		0.500	101.301	97.488	3.813	19	0.956	0.569	0.569	0.201		239.237	1018	16.972	857328063703473277	857316098691330903	857316098691330902	22480	
1	C20H37NO2	[M + H]+	C20H38NO2+		1.000	47.913	44.302	3.611	11	0.993	0.949	0.949	-0.481		324.290	1023	17.048	857328068224933976	857316098745856859	857316098741662554	22579	
1	C21H41N5	[M + H]+	C21H42N5+		0.491	15.294	13.055	2.239	3	0.608	2.212	2.212	-3.850		364.342	1025	17.077	857328079981568126	857316098800382815	857316098800382814	22640	
1	C22H43N5	[M + H]+	C22H44N5+		0.814	18.390	15.921	2.469	2	0.607	4.100	4.100	-3.813		378.358	1025	17.082	857328089364226195	857316098854908771	857316098850714466	22645	
1	C19H40O4	[M + H]+	C19H41O4+		0.998	26.975	26.975	0.000	4	0.921	1.646	1.646	-0.289		333.300	1026	17.093	857328146914271589	857316098901046119	857316098901046118	22742	
1	C16H30O4	[M + H]+	C16H31O4+		1.000	124.653	120.884	3.769	14	0.974	1.006	1.006	0.537		287.222	1027	17.109	857328109027123546	857316099010098031	857316099010098030	22674	
1	C17H36O3	[M + H]+	C17H37O3+		1.000	32.242	32.242	0.000	4	0.922	0.921	0.921	0.202		289.274	1027	17.114	857328304917900699	857316098955572075	857316098955572074	22620	
1	C20H34O8	[M + H3N + H]+	C20H38NO8+		0.404	19.019	19.019	0.000	2	0.686	1.798	1.798	-0.413		420.259	1029	17.154	857328388913032745	857316099056235379	857316099056235378	22761	
1	C16H24O7	[M + H]+	C16H25O7+		1.000	81.429	81.429	0.000	11	0.984	1.149	1.149	-0.302		329.159	1029	17.155	857328395871383173	857316099114955639	857316099114955638	22772	
1	C18H32O7	[M + H]+	C18H33O7+		0.496	56.936	56.936	0.000	8	0.992	1.359	1.359	-0.359		361.222	1029	17.155	857328435872462376	857316099169481595	857316099169481594	22777	
1	C20H34O8	[M + H]+	C20H35O8+		1.000	57.132	48.851	8.281	14	0.991	0.896	0.896	-0.507		403.232	1029	17.155	857328445922014799	857316099232396159	857316099232396158	22781	
1	C21H32N2O5	[M + K]+	C21H32KN2O5+		1.000	46.917	46.917	0.000	16	0.943	-1.954	3.896	-4.639		431.192	1029	17.157	857328457703814745	857316099291116419	857316099291116418	22778	
1	C22H43N5	[M + H]+	C22H44N5+		0.311	10.455	7.219	3.236	1	0.724	5.647	5.647	-3.787		378.358	1034	17.233	857328439248877109	857316099349836679	857316099349836678	22864	
1	C17H36O3	[M + H]+	C17H37O3+		1.000	26.381	22.630	3.751	3	0.963	1.776	1.776	0.202		289.274	1035	17.255	857328440331007557	857316099404362635	857316099400168330	22820	
1	C15H31NO	[M + H]+	C15H32NO+		1.000	21.644	21.644	0.000	5	1.000	2.050	2.050	0.408		242.248	1036	17.266	857328426888263206	857316099454694287	857316099454694286	22896	
1	C16H30O4	[M + H]+	C16H31O4+		1.000	74.100	70.480	3.620	11	1.000	1.364	1.364	0.676		287.222	1038	17.300	857328416624801307	857316099521803155	857316099517608850	22939	
1	C16H39N4O2	[M + H]+	C16H40N4O2+		0.607	18.495	18.495	0.000	4	0.799	1.276	1.297	3.909		320.316	1040	17.326	857328441262143051	857316099567940503	857316099567940502	23002	
1	C16H30O4	[M + H]+	C16H31O4+		1.000	81.093	81.093	0.000	13	0.971	1.164	1.164	0.745		287.222	1049	17.477	857328513450310718	857316099618272155	857316099618272154	23257	
1	C24H39NO5	[M + H]+	C24H40NO5+		0.570	18.593	18.593	0.000	5	0.936	2.141	2.141	-0.094		422.290	1051	17.522	857328642341274042	857316099672798111	857316099668603806	23445	
1	C19H45N4O3	[M + H]+	C19H46N4O3+		0.526	11.935	7.762	4.173	2	0.792	3.234	3.234	3.296		378.358	1058	17.627	857328641003290833	857316099727324067	857316099727324066	23538	
1	C17H36O3	[M + H]+	C17H37O3+		1.000	22.158	22.158	0.000	3	0.892	1.790	1.790	0.202		289.274	1058	17.639	857328640994902221	857316099777655719	857316099777655718	23492	
1	C24H46O5	[M + H3N + H]+	C24H50NO5+		1.000	36.268	36.268	0.000	7	0.556	1.549	1.549	-0.301	DG(11:0_10:0)	432.368	1059	17.657	857328652252414412	857316099832181675	857316099832181674	23569	
1	C22H42O5	[M + H]+	C22H43O5+		1.000	82.517	82.517	0.000	11	0.954	0.960	0.960	-0.157		387.310	1059	17.657	857328652290163149	857316099878319023	857316099878319022	23573	
1	C22H40O	[M + H3N + H]+	C22H44NO+		1.000	230.900	230.900	0.000	50	0.931	0.014	0.480	-0.329		338.342	1062	17.693	857328649295430090	857316099932844979	857316099932844978	23594	
1	C17H37N5O6	[M + H]+	C17H38N5O6+		0.999	44.286	44.286	0.000	23	0.821	2.379	2.379	1.861		408.282	1065	17.752	857328696082891236	857316099983176631	857316099983176630	23694	
1	C24H38O5	[M + H]+	C24H39O5+		0.976	71.062	71.062	0.000	11	0.991	0.778	0.778	-0.125		407.279	1065	17.753	857328666907312599	857316100033508283	857316100033508282	23706	
1	C10H30O5Si5	[M + H]+	C10H31O5Si5+		1.000	41.001	41.001	0.000	16	0.706	0.005	0.464	-0.574		371.101	1077	17.947	857328720367912448	857316100088034239	857316100088034238	23964	
1	C12H38O7Si6	[M - H2O + H]+	C12H37O6Si6+		0.994	40.390	40.390	0.000	15	0.738	-0.325	0.362	-40462.580		445.120	1077	17.948	857328798277109261	857316100150948803	857316100150948802	24018	
1	C8H24O4Si4	[M + H]+	C8H25O4Si4+		0.945	96.861	93.773	3.087	22	0.501	0.574	0.623	-0.275		297.082	1077	17.949	857328911884029685	857316100218057671	857316100213863366	24026	
1	C17H41NO8S2Si2	[M + H]+	C17H42NO8S2Si2+		0.411	21.722	13.290	8.432	7	0.856	0.379	0.739	0.002		508.188	1077	17.949	857328893634612146	857316100280972235	857316100280972234	24023	
1	C13H34O10Si4	[M + H]+	C13H35O10Si4+		0.426	40.885	33.083	7.802	16	0.883	-0.246	0.278	0.842		463.131	1077	17.950	857328898156071880	857316100356469711	857316100352275406	24019	
1	C14H34O9SSi3	[M + H3N + H]+	C14H38NO9SSi3+		0.299	63.359	55.523	7.836	15	0.913	1.260	1.260	0.023		480.157	1077	17.950	857328919777709920	857316100402607059	857316100402607058	24032	
1	C6H18O3Si3	[M + H]+	C6H19O3Si3+		1.000	90.924	84.756	6.168	14	0.445	0.392	1.015	0.312		223.064	1077	17.953	857328884012878030	857316100452938711	857316100452938710	24048	
1	C7H12FNO2Si	[M + H]+	C7H13FNO2Si+		0.976	49.402	47.978	1.424	10	0.933	-0.026	1.411	10.628		190.071	1077	17.953	857328903436700849	857316100503270363	857316100503270362	24030	
1	C17H43N7O2	[M + H]+	C17H44N7O2+		0.667	27.469	27.469	0.000	7	0.958	1.191	1.191	6.739		378.358	1087	18.120	857328893039020970	857316100549407711	857316100545213406	24307	
1	C19H40O4	[M + H]+	C19H41O4+		0.999	28.827	28.827	0.000	7	0.969	1.846	1.846	-0.469		333.300	1088	18.126	857328903910657211	857316100595545059	857316100595545058	24311	
1	C20H42OSi	[M + H]+	C20H43OSi+		1.000	37.570	37.570	0.000	11	0.951	0.238	0.948	2.111		327.308	1089	18.154	857328899259173842	857316100650071015	857316100650071014	24382	
1	C21H30ClN3O3	[M + K]+	C21H30ClKN3O3+		0.856	40.001	40.001	0.000	22	0.775	-3.220	3.220	2.471		446.162	1090	18.169	857329012274708518	857316100700402667	857316100696208362	24431	
1	C24H38O5	[M + H]+	C24H39O5+		0.999	43.193	43.193	0.000	8	0.972	1.268	1.268	-0.125		407.279	1093	18.219	857328897933773758	857316100746540015	857316100742345710	24494	
1	C26H45NO5	[M + H]+	C26H46NO5+		0.999	37.227	37.227	0.000	7	0.976	0.769	0.769	-0.199		452.337	1093	18.222	857328903159876775	857316100792677363	857316100792677362	24490	
1	C8H4O3	[M + H]+	C8H5O3+		0.497	49.058	49.058	0.000	6	0.856	3.927	3.927	0.467		149.023	1094	18.239	857328908071406792	857316100843009015	857316100838814710	24525	
1	C26H43NO5	[M + H]+	C26H44NO5+		0.999	84.345	84.345	0.000	14	0.975	1.523	1.523	-0.155		450.321	1095	18.254	857328913884712713	857316100889146363	857316100889146362	24544	
1	C24H36O5	[M + H]+	C24H37O5+		0.992	97.819	97.819	0.000	13	0.974	1.422	1.422	-0.347		405.263	1095	18.254	857328918636859165	857316100939478015	857316100939478014	24542	
1	C24H36O5	[M + H3N + H]+	C24H40NO5+		0.878	77.422	77.422	0.000	13	0.975	1.278	1.278	-0.142		422.290	1096	18.259	857328915017174803	857316100985615363	857316100985615362	24554	
1	C21H30ClN3O3	[M + K]+	C21H30ClKN3O3+		0.999	45.455	41.268	4.187	18	0.785	-1.992	2.937	2.336		446.162	1098	18.294	857328913867935487	857316101031752711	857316101031752710	24627	
1	C22H45NO2	[M + H]+	C22H46NO2+		1.000	128.679	122.480	6.199	28	0.985	-0.017	0.389	-0.270		356.352	1100	18.332	857328905311554757	857316101073695755	857316101073695754	24643	
1	C26H49N2O2	[M + H]+	C26H50N2O2+		0.662	27.523	27.523	0.000	6	0.751	0.878	0.878	-6.440		422.384	1105	18.410	857328924768931743	857316101115638799	857316101115638798	24750	
1	C19H39NO2S	[M + H]+	C19H40NO2S+		1.000	43.743	43.743	0.000	18	0.940	-1.996	2.169	-2.013		346.277	1108	18.459	857329011171606555	857316101153387539	857316101153387538	24823	
1	C22H45NO2	[M + H]+	C22H46NO2+		1.000	119.689	119.689	0.000	27	0.972	0.166	0.439	-0.270		356.352	1108	18.462	857329100187320546	857316101195330583	857316101195330582	24829	
1	C18H36N2O	[M + H]+	C18H37N2O+		0.500	52.814	52.814	0.000	13	0.970	1.278	1.278	-0.068		297.290	1109	18.482	857329129086075110	857316101233079323	857316101233079322	24856	
1	C26H45NO5	[M + H]+	C26H46NO5+		0.999	22.702	22.702	0.000	7	0.930	1.513	1.513	-0.044		452.337	1111	18.512	857329364399114447	857316101270828063	857316101270828062	24876	
1	C16H30O2	[M + H]+	C16H31O2+		0.500	105.472	105.472	0.000	18	0.973	1.001	1.001	0.327		255.232	1111	18.513	857329364973734105	857316101308576803	857316101308576802	24888	
1	C25H27ClO3	[M + H]+	C25H28ClO3+		0.982	65.474	65.474	0.000	15	0.984	1.057	1.069	-0.265		411.172	1111	18.520	857329421747837030	857316101346325543	857316101346325542	24906	
1	C28H35NO2	[M + K]+	C28H35KNO2+		0.802	24.998	24.998	0.000	4	0.954	0.993	1.005	-0.126		456.230	1111	18.522	857329406782560034	857316101384074283	857316101384074282	24912	
1	C24H47NO5	[M + H]+	C24H48NO5+		0.879	7.528	7.528	0.000	1	1.000	1.420	1.420	-0.093		430.353	1115	18.592	857329392865856220	857316101421823023	857316101421823022	25004	
1	C24H38O5	[M + H]+	C24H39O5+		0.998	24.760	24.760	0.000	6	1.000	1.590	1.590	-0.076		407.279	1117	18.623	857329392291236562	857316101463766067	857316101463766066	25055	
1	C21H34N4O4	[M + H]+	C21H35N4O4+		0.820	19.895	19.895	0.000	7	0.994	2.015	2.015	9.792		407.269	1117	18.624	857329394631658213	857316101501514807	857316101501514806	25052	
1	C24H38O5	[M - H2O + H]+	C24H37O4+		1.000	66.782	66.782	0.000	13	0.987	1.640	1.640	-46267.878		389.269	1118	18.628	857329395063671536	857316101539263547	857316101539263546	25064	
1	C26H45NO5	[M + H]+	C26H46NO5+		1.000	48.107	48.107	0.000	9	0.961	1.077	1.077	0.000		452.337	1118	18.631	857329406476375304	857316101581206591	857316101581206590	25065	
1	C20H43NOS	[M + K]+	C20H43KNOS+		0.987	13.637	13.637	0.000	5	1.000	-0.199	1.182	-0.115		384.270	1119	18.656	857329406421849341	857316101623149635	857316101623149634	25083	
1	C16H35O3PS	[M + H]+	C16H36O3PS+		0.462	18.444	18.444	0.000	7	1.000	1.945	1.945	-0.027		339.212	1119	18.658	857329424356694128	857316101660898375	857316101656704070	25093	
1	C19H34O3	[M + H]+	C19H35O3+		0.500	123.843	123.843	0.000	18	0.939	1.717	1.717	0.253		311.258	1120	18.662	857329457323925907	857316101698647115	857316101694452810	25105	
1	C26H53NO7	[M + H]+	C26H54NO7+		0.462	7.348	7.348	0.000	1	0.767	0.291	0.291	0.204		492.390	1120	18.665	857329419176728666	857316101740590159	857316101736395854	25108	
1	C24H46O7	[M + H3N + H]+	C24H50NO7+		0.999	22.178	22.178	0.000	7	0.980	0.769	0.769	0.023		464.358	1120	18.669	857329443772128993	857316101774144595	857316101774144594	25104	
1	C17H35NO	[M + H]+	C17H36NO+		1.000	21.703	21.703	0.000	4	0.974	1.860	1.860	0.514		270.279	1122	18.694	857329432057436602	857316101816087639	857316101816087638	25150	
1	C26H43NO5	[M + H]+	C26H44NO5+		0.784	47.856	47.856	0.000	8	0.929	0.942	0.942	-0.044		450.321	1126	18.765	857329428995594420	857316101899973727	857316101899973726	25232	
1	C24H36O5	[M + H3N + H]+	C24H40NO5+		0.444	12.390	12.390	0.000	3	0.903	0.452	0.452	0.072		422.290	1126	18.766	857329443977650307	857316101941916771	857316101941916770	25239	
1	C24H36O4	[M + H]+	C24H37O4+		1.000	35.335	28.952	6.383	8	1.000	2.326	2.326	-0.016		389.269	1126	18.767	857329445756035463	857316101858030683	857316101858030682	25225	
1	C8H14O	[M + H]+	C8H15O+		1.000	13.223	13.223	0.000	1	0.368	5.186	5.186	0.381		127.112	1126	18.768	857329419650685028	857316101979665511	857316101979665510	25236	
1	C18H34O	[M + H]+	C18H35O+		0.500	115.780	115.780	0.000	24	0.991	0.284	0.492	0.516		267.268	1129	18.809	857329460687757730	857316102025802859	857316102025802858	25281	
1	C19H36O2	[M + H]+	C19H37O2+		0.333	135.334	135.334	0.000	25	0.990	1.181	1.181	0.011		297.279	1135	18.917	857329444032176269	857316102071940207	857316102071940206	25429	
1	C22H50FN5O2	[M + H]+	C22H51FN5O2+		0.999	49.678	49.678	0.000	7	0.791	2.535	2.535	-5.936		436.400	1138	18.966	857329432250375019	857316102118077555	857316102118077554	25503	
1	C17H35NO	[M + H]+	C17H36NO+		1.000	29.468	29.468	0.000	11	0.918	1.700	1.700	0.440		270.279	1140	18.994	857329486851826092	857316102164214903	857316102164214902	25544	
1	C6H13N	[M + H]+	C6H14N+		1.000	22.646	22.646	0.000	2	0.589	4.825	4.825	0.041		100.112	1143	19.054	857329451934245266	857316102218740859	857316102214546554	25627	
1	C26H45NO5	[M + H]+	C26H46NO5+		0.500	45.432	45.432	0.000	10	0.956	1.423	1.423	-0.111		452.337	1145	19.089	857329962716586422	857316102264878207	857316102264878206	25698	
1	C24H38O5	[M - H2O + H]+	C24H37O4+		1.000	70.502	70.502	0.000	11	0.983	1.568	1.568	-46267.905		389.269	1146	19.092	857329968181764574	857316102311015555	857316102306821250	25703	
1	C8H4O3	[M + H]+	C8H5O3+		0.998	38.363	38.363	0.000	3	0.860	1.650	1.650	0.534		149.023	1146	19.103	857329972598367196	857316102348764295	857316102348764294	25723	
1	C24H36O5	[M + H]+	C24H37O5+		0.991	67.278	67.278	0.000	11	0.988	2.310	2.310	-0.273		405.263	1146	19.103	857329978822714371	857316102386513035	857316102386513034	25756	
1	C26H43NO5	[M + H]+	C26H44NO5+		0.999	21.888	21.888	0.000	8	0.929	1.138	1.138	-0.066		450.321	1147	19.112	857329984631825476	857316102424261775	857316102424261774	25574	
1	C19H38O4	[M + H]+	C19H39O4+		0.999	63.989	63.989	0.000	13	0.977	-0.324	0.704	-0.230		331.284	1148	19.139	857329981704201229	857316102466204819	857316102466204818	25802	
1	C12H20O3	[M + Na]+	C12H20NaO3+		0.726	84.600	84.600	0.000	11	0.745	-0.122	0.476	8.143		235.132	1148	19.140	857330005662065742	857316102592033943	857316102592033942	25806	
1	C28H49NO5	[M + H]+	C28H50NO5+		1.000	59.921	53.647	6.274	9	0.948	1.373	1.373	0.187		480.368	1155	19.244	857330128316101220	857316102688502943	857316102688502942	25919	
1	C16H33NO	[M + H]+	C16H34NO+		1.000	23.948	23.948	0.000	6	0.976	1.649	1.649	0.347		256.264	1157	19.289	857330124151157204	857316102726251683	857316102726251682	26018	
1	C27H45NO5	[M + H]+	C27H46NO5+		0.746	13.461	9.597	3.863	2	1.000	1.341	1.341	0.258		464.337	1157	19.290	857330116437831959	857316102768194727	857316102768194726	26012	
1	C17H32N2O7	[M + H]+	C17H33N2O7+		0.983	20.129	16.949	3.180	4	0.895	1.220	1.220	2.206		377.229	1157	19.291	857330138415986151	857316102805943467	857316102805943466	26013	
1	C24H30O4	[M + H]+	C24H31O4+		0.878	34.221	34.221	0.000	7	0.871	1.523	1.523	0.193		383.222	1158	19.300	857330132418130542	857316102843692207	857316102843692206	26024	
1	C21H43NO3	[M + H]+	C21H44NO3+		0.932	10.790	10.790	0.000	1	0.633	5.858	5.858	-0.281		358.331	1165	19.409	857330132996944506	857316102927578295	857316102927578294	26164	
1	C18H38O3	[M + Na]+	C18H38NaO3+		0.986	4.386	4.386	0.000	0	0.000	-1.355	1.355	0.197		325.271	1165	19.410	857330128123163232	857316102965327035	857316102965327034	26134	
1	C26H43NO5	[M + H]+	C26H44NO5+		0.989	58.602	58.602	0.000	10	0.945	1.243	1.243	0.045		450.321	1165	19.419	857330148863997442	857316103007270079	857316103007270078	26187	
1	C16H41N7O	[M + H]+	C16H42N7O+		0.607	8.117	8.117	0.000	3	0.304	2.493	2.493	7.391		348.347	1167	19.447	857330142333466110	857316103045018819	857316103045018818	26228	
1	C18H38O3	[M + H]+	C18H39O3+		1.000	60.516	60.516	0.000	9	0.946	2.408	2.408	-0.005		303.289	1167	19.450	857330157248411148	857316103086961863	857316103086961862	26237	
1	C17H35NO	[M + H]+	C17H36NO+		1.000	20.583	16.985	3.598	7	0.951	0.484	0.484	0.551		270.279	1170	19.507	857330453139781215	857316103128904907	857316103128904906	26338	
1	C28H47NO5	[M + H]+	C28H48NO5+		0.761	30.472	26.643	3.828	6	0.846	1.476	1.476	0.146		478.353	1172	19.539	857330164408088123	857316103179236559	857316103179236558	26362	
1	C21H43NO3	[M + H]+	C21H44NO3+		0.930	4.697	4.697	0.000	1	0.474	6.331	6.331	-0.309		358.331	1172	19.540	857330160482219573	857316103216985299	857316103216985298	26390	
1	C27H46O5	[M + H3N + H]+	C27H50NO5+		1.000	74.684	74.684	0.000	12	0.958	0.575	0.673	0.149	DG(15:0_9:3)	468.368	1174	19.572	857330253939701322	857316103258928343	857316103254734038	26430	
1	C25H42O5	[M + H]+	C25H43O5+		1.000	117.974	117.974	0.000	28	0.991	0.907	0.907	-0.002		423.311	1175	19.578	857330343936882251	857316103296677083	857316103296677082	26441	
1	C28H49NO5	[M + H]+	C28H50NO5+		1.000	30.809	26.926	3.883	8	0.973	1.325	1.325	0.083		480.368	1176	19.599	857330426325595733	857316103384757475	857316103384757474	26456	
1	C29H50O2	[M + H]+	C29H51O2+		0.811	80.826	80.826	0.000	16	0.950	1.439	1.439	-9.707		431.384	1178	19.630	857330550141451437	857316103426700519	857316103422506214	26479	
1	C13H20O2	[M + H3N + H]+	C13H24NO2+		1.000	163.624	163.624	0.000	31	0.977	1.117	1.117	0.197		226.180	1178	19.635	857330552553176245	857316103464449259	857316103464449258	26481	
1	C17H47NO11Si5	[M + H]+	C17H48NO11Si5+		0.670	39.423	28.258	11.166	7	0.843	-0.335	0.335	0.446		582.207	1186	19.764	857330562124578207	857316103556723955	857316103552529650	26710	
1	C6H16N2O6Si3	[M + H]+	C6H17N2O6Si3+		0.439	38.024	38.024	0.000	8	0.595	0.166	0.432	-2.533		297.038	1186	19.766	857330592038355705	857316103598666999	857316103598666998	26692	
1	C16H36N4O7Si5	[M + H]+	C16H37N4O7Si5+		0.477	26.871	19.183	7.688	10	0.952	-0.297	0.495	-1.226		537.150	1186	19.766	857330587609170669	857316103640610043	857316103640610042	26723	
1	C10H30O5Si5	[M + H]+	C10H31O5Si5+		0.994	36.389	36.389	0.000	14	0.717	-0.039	0.430	-0.332		371.101	1186	19.767	857330614385607641	857316103686747391	857316103686747390	26716	
1	C16H36O14Si3	[M - H2O + H]+	C16H35O13Si3+		0.299	31.451	27.729	3.723	15	0.870	1.180	1.228	-34691.293		519.139	1186	19.767	857330593502167811	857316103741273347	857316103741273346	26718	
1	C15H40O11Si5	[M + H3N + H]+	C15H44NO11Si5+		0.641	42.109	31.939	10.169	14	0.871	-0.549	0.549	0.234		554.176	1186	19.768	857330722317635757	857316103787410695	857316103787410694	26715	
1	C28H47NO5	[M + H]+	C28H48NO5+		0.990	66.076	62.524	3.552	10	0.850	1.653	1.653	0.230		478.353	1187	19.776	857330598183011085	857316103825159435	857316103825159434	26686	
1	C21H39NO3	[M + H]+	C21H40NO3+		0.500	153.097	153.097	0.000	44	0.994	1.023	1.023	0.168		354.300	1190	19.837	857330629657068533	857316103867102479	857316103867102478	26884	
1	C25H40O3	[M + H]+	C25H41O3+		1.000	63.726	63.726	0.000	14	0.976	1.739	1.739	0.124		389.305	1192	19.868	857330618340836329	857316103909045523	857316103909045522	26920	
1	C13H25NO3	[M + H]+	C13H26NO3+		0.250	153.444	153.444	0.000	36	0.975	1.448	1.448	0.409		244.191	1195	19.909	857330666894100133	857316103950988567	857316103950988566	26960	
1	C12H20O	[M + H3N + H]+	C12H24NO+		1.000	68.778	68.778	0.000	14	0.910	1.598	1.598	0.601		198.185	1195	19.910	857330669058361191	857316103988737307	857316103988737306	26956	
1	C13H22O3	[M - H2O + H]+	C13H21O2+		1.000	165.618	165.618	0.000	29	0.921	1.191	1.191	-86111.332		209.154	1195	19.910	857330684833139847	857316104030680351	857316104030680350	26968	
1	C29H50O2	[M + H]+	C29H51O2+		0.679	137.299	137.299	0.000	30	0.948	1.115	1.115	-9.637		431.384	1195	19.910	857330697843870936	857316104072623395	857316104068429090	26961	
1	C13H20O2	[M + H3N + H]+	C13H24NO2+		1.000	187.967	183.867	4.100	38	0.971	1.159	1.159	0.330		226.180	1195	19.913	857330690990378171	857316104114566439	857316104114566438	26965	
1	C13H25NO2	[M + H]+	C13H26NO2+		1.000	119.126	119.126	0.000	23	0.948	1.021	1.021	0.414		228.196	1195	19.915	857330701522275584	857316104156509483	857316104152315178	26970	
1	C22H43NO2	[M + H]+	C22H44NO2+		1.000	29.937	26.155	3.781	7	0.949	1.869	1.869	-0.328		354.337	1197	19.955	857330690818411703	857316104194258223	857316104194258222	27038	
1	C23H42O4	[M + H]+	C23H43O4+		0.999	31.871	28.286	3.585	7	1.000	0.845	0.845	0.297		383.316	1200	19.998	857330699106356457	857316104236201267	857316104236201266	27073	
1	C24H38O5	[M + H]+	C24H39O5+		1.000	69.969	65.272	4.696	12	0.962	1.114	1.114	0.096		407.279	1203	20.056	857330692299001027	857316104282338615	857316104278144310	27164	
1	C29H57NO7	[M + H]+	C29H58NO7+		0.375	6.634	6.634	0.000	1	0.718	1.445	1.445	0.714		532.421	1211	20.190	857330698875669730	857316104328475963	857316104324281658	27359	
1	C28H47NO5	[M + H]+	C28H48NO5+		0.968	38.336	34.694	3.642	9	0.902	1.189	1.189	0.293		478.353	1213	20.208	857330696354893006	857316104374613311	857316104370419006	27446	
1	C38H66O10	[M + H]+	C38H67O10+		0.968	70.054	63.356	6.698	20	0.996	0.790	0.938	-1.251		683.472	1213	20.213	857330708791004418	857316104416556355	857316104416556354	27322	
1	C21H48FN5O	[M + H]+	C21H49FN5O+		0.515	24.093	24.093	0.000	7	0.935	5.122	6.629	-6.043		406.389	1213	20.220	857330701388057852	857316104466888007	857316104462693702	27433	
1	C21H44O4	[M + H]+	C21H45O4+		1.000	73.534	73.534	0.000	13	0.975	1.898	1.898	0.093		361.331	1213	20.220	857330699299294451	857316104504636747	857316104504636746	27439	
1	C36H62O10	[M + H]+	C36H63O10+		0.903	59.919	54.107	5.812	15	0.987	1.275	1.275	-0.266		655.441	1220	20.328	857330777988632911	857316104592717139	857316104592717138	27527	
1	C18H34O2	[M + H]+	C18H35O2+		0.500	90.433	90.433	0.000	15	0.928	0.869	1.096	0.294		283.263	1224	20.395	857330758980047177	857316104680797531	857316104680797530	27683	
1	C21H26O3	[M + H]+	C21H27O3+		0.999	56.307	56.307	0.000	17	0.979	1.051	1.051	-0.187		327.195	1225	20.422	857330798666551643	857316104718546271	857316104718546270	27731	
1	C38H66O10	[M + H]+	C38H67O10+		0.958	68.477	61.688	6.789	19	0.995	0.678	0.911	-1.192		683.472	1226	20.436	857331053176918808	857316104764683619	857316104764683618	27707	
1	C18H40Si	[M + H]+	C18H41Si+		1.000	27.165	27.165	0.000	7	0.377	6.685	6.685	3.455		285.298	1228	20.469	857331044960277020	857316104810820967	857316104806626662	27862	
1	C36H62O10	[M + H]+	C36H63O10+		0.946	64.415	57.859	6.556	18	0.997	1.695	1.695	-0.251		655.441	1229	20.485	857331090237793920	857316104856958315	857316104856958314	27797	
1	C38H66O10	[M + H]+	C38H67O10+		0.977	76.241	67.316	8.925	21	0.997	1.104	1.174	-1.221		683.472	1234	20.564	857331090309097100	857316104949233011	857316104949233010	27935	
1	C20H39NO	[M + H]+	C20H40NO+		1.000	133.503	127.645	5.859	31	0.989	-0.354	0.663	-0.004		310.310	1235	20.580	857331090250376842	857316104995370359	857316104991176054	27963	
1	C20H41NO	[M + H]+	C20H42NO+		1.000	55.062	51.797	3.265	17	0.988	-0.274	0.614	0.092		312.326	1239	20.649	857331099205216578	857316105079256447	857316105079256446	28051	
1	C29H57NO7	[M + H]+	C29H58NO7+		0.549	7.911	7.911	0.000	2	0.784	4.822	4.822	0.827		532.421	1241	20.689	857331105798662481	857316105125393795	857316105125393794	28117	
1	C38H66O10	[M + H]+	C38H67O10+		0.947	72.058	72.058	0.000	23	0.995	0.668	1.026	-1.119		683.472	1244	20.729	857331123884501557	857316105171531143	857316105171531142	28166	
1	C36H62O10	[M + H]+	C36H63O10+		0.845	66.676	66.676	0.000	21	0.993	1.019	1.019	-0.221		655.441	1245	20.747	857331126405278370	857316105263805839	857316105263805838	28164	
1	C22H40O	[M + H3N + H]+	C22H44NO+		1.000	237.897	230.886	7.011	49	0.928	-0.551	0.960	-0.211		338.342	1246	20.766	857331101692438852	857316105309943187	857316105305748882	28269	
1	C24H40O2	[M + K]+	C24H40KO2+		0.927	36.193	36.193	0.000	5	0.944	0.819	0.819	-0.272		399.266	1247	20.777	857331104355821894	857316105368663447	857316105364469142	28237	
1	C26H47NO2	[M + K]+	C26H47KNO2+		0.885	27.872	27.872	0.000	7	0.948	1.312	1.312	-0.085		444.324	1247	20.777	857331140355536424	857316105406412187	857316105406412186	28234	
1	C44H86N2O2	[M + H]+	C44H87N2O2+		0.998	102.983	102.983	0.000	50	0.978	-0.103	0.366	-2.466		675.675	1248	20.802	857331202255075839	857316105557407143	857316105557407142	28271	
1	C38H66O10	[M + H]+	C38H67O10+		0.946	66.202	66.202	0.000	21	0.994	0.733	1.154	-1.104		683.472	1252	20.858	857331167417186795	857316105666459055	857316105666459054	28402	
1	C30H54O8	[M + H]+	C30H55O8+		0.970	43.532	43.532	0.000	12	1.000	1.253	1.253	0.984		543.390	1252	20.871	857331214154316306	857316105704207795	857316105704207794	28377	
1	C30H54O8	[M + H3N + H]+	C30H58NO8+		1.000	52.552	52.552	0.000	15	0.990	1.181	1.181	-0.097		560.416	1252	20.872	857331198350178805	857316105741956535	857316105741956534	28385	
1	C32H61NO8	[M + H]+	C32H62NO8+		0.940	31.098	31.098	0.000	9	0.894	0.714	0.879	0.129		588.447	1252	20.874	857331212635978245	857316105783899579	857316105783899578	28380	
1	C19H39NO	[M + H]+	C19H40NO+		1.000	20.185	20.185	0.000	10	0.761	1.103	1.103	0.163		298.310	1253	20.883	857331213856520720	857316105830036927	857316105830036926	28387	
1	C36H62O10	[M + H]+	C36H63O10+		0.813	67.684	67.684	0.000	21	0.994	1.566	1.566	-0.343		655.441	1254	20.893	857331609182256641	857316105922311623	857316105922311622	28431	
1	C13H22O3	[M + Na]+	C13H22NaO3+		0.843	40.933	40.933	0.000	8	0.424	0.667	3.412	7.404		249.148	1259	20.980	857331608326618615	857316106056529363	857316106052335058	28556	
1	C24H47NO	[M + H]+	C24H48NO+		1.000	179.268	174.198	5.070	40	0.997	-0.040	0.662	-1.287		366.373	1264	21.062	857331604941815284	857316106140415451	857316106140415450	28688	
1	C28H44N4O3	[M + H3N + H]+	C28H48N5O3+		1.000	52.763	52.763	0.000	14	0.918	0.934	1.214	-2.004		502.374	1264	21.063	857331638626270985	857316106178164191	857316106178164190	28694	
1	C29H55NO7	[M + H]+	C29H56NO7+		0.500	54.851	54.851	0.000	14	0.917	1.349	1.349	0.661		530.405	1264	21.065	857331616048332299	857316106224301539	857316106224301538	28697	
1	C18H37NO	[M + H]+	C18H38NO+		1.000	30.515	26.899	3.617	4	0.945	1.888	1.888	0.171		284.295	1271	21.188	857331666212208405	857316106358519279	857316106358519278	28929	
1	C20H41NO	[M + H]+	C20H42NO+		1.000	69.077	62.759	6.318	23	0.983	1.057	1.057	0.028		312.326	1274	21.232	857331640618565395	857316106408850931	857316106408850930	28969	
1	C22H49NO13S2Si2	[M + H]+	C22H50NO13S2Si2+		0.532	44.770	39.682	5.088	15	0.841	-0.351	0.458	-0.110		656.226	1279	21.310	857331875793195168	857316106463376887	857316106459182582	29071	
1	C10H30O5Si5	[M + H]+	C10H31O5Si5+		0.499	39.005	39.005	0.000	15	0.708	0.002	0.414	-0.278		371.101	1279	21.314	857331802778751046	857316106513708539	857316106513708538	29072	
1	C21H42O11Si5	[M + H3N + H]+	C21H46NO11Si5+		0.352	47.241	36.976	10.265	33	0.908	0.136	0.682	4.743		628.194	1279	21.314	857332798812705729	857316106568234495	857316106568234494	29086	
1	C6H18O3Si3	[M + H]+	C6H19O3Si3+		0.500	90.359	82.998	7.360	11	0.446	-0.077	0.268	0.401		223.064	1279	21.316	857331706276203075	857316106622760451	857316106618566146	29090	
1	C29H55NO7	[M + H]+	C29H56NO7+		1.000	57.092	57.092	0.000	16	0.992	0.374	0.708	0.680		530.405	1279	21.317	857331772474903529	857316106673092103	857316106673092102	29104	
1	C22H47NO3Si2	[M + H]+	C22H48NO3Si2+		0.877	30.219	30.219	0.000	10	0.957	1.295	1.295	-1.032		430.316	1284	21.396	857331744989629386	857316106710840843	857316106710840842	29274	
1	C22H43NO	[M + H]+	C22H44NO+		1.000	165.741	159.521	6.220	47	0.984	0.925	0.938	-0.359		338.342	1291	21.511	857331755840293844	857316106756978191	857316106756978190	29420	
1	C22H42O4	[M + H]+	C22H43O4+		1.000	92.218	88.632	3.586	22	0.812	0.831	0.962	-0.125		371.316	1298	21.632	857331725419006553	857316106798921235	857316106798921234	29582	
1	C7H4	[M + Na]+	C7H4Na+		0.432	3.500	3.500	0.000	0	0.000			-20.635		111.018	1304	21.728	857331760156232663	857316106882807323	857316106882807322	29654	
1	C23H43NO	[M + H]+	C23H44NO+		0.333	175.088	175.088	0.000	55	0.992	-0.336	0.600	-0.489		350.342	1304	21.737	857331769526307808	857316106920556063	857316106920556062	29660	
1	C14H26O4	[M + H]+	C14H27O4+		1.000	64.932	64.932	0.000	9	0.996	0.990	0.990	0.518		259.191	1309	21.811	857331779517139958	857316106962499107	857316106962499106	29738	
1	C24H49NO4	[M + H]+	C24H50NO4+		1.000	58.967	58.967	0.000	10	0.726	1.070	1.070	-0.446		416.373	1309	21.817	857331786282553384	857316107004442151	857316107000247846	29791	
1	C22H42O4	[M + H3N + H]+	C22H46NO4+		1.000	83.161	83.161	0.000	10	0.984	1.433	1.433	-0.143		388.342	1309	21.817	857331795057037372	857316107042190891	857316107042190890	29780	
1	C22H42O4	[M + H]+	C22H43O4+		1.000	102.491	94.551	7.940	14	0.994	1.114	1.114	-0.582		371.315	1309	21.818	857331788320985138	857316107109299759	857316107109299758	29793	
1	C18H39N6O2	[M + H]+	C18H40N6O2+		0.992	69.586	69.586	0.000	13	0.875	7.199	12.624	-5.361		372.319	1309	21.818	857332114566533404	857316107197380147	857316107197380146	29701	
1	C22H45NO	[M + H]+	C22H46NO+		1.000	41.611	41.611	0.000	15	0.993	1.039	1.039	-0.386		340.357	1310	21.829	857332121629741351	857316107348375095	857316107348375094	29816	
1	C21H40O2	[M + H]+	C21H41O2+		1.000	75.408	75.408	0.000	13	0.965	1.722	1.722	-0.360		325.310	1322	22.030	857332063798677785	857316107402901051	857316107402901050	30020	
1	C22H40O	[M + H3N + H]+	C22H44NO+		1.000	225.663	225.663	0.000	50	0.932	0.531	0.658	-0.418		338.342	1331	22.178	857332380393132483	857316107495175743	857316107495175742	30216	
1	C24H47NO	[M + H]+	C24H48NO+		1.000	239.750	234.074	5.677	55	0.995	0.228	0.513	-0.113		366.373	1334	22.231	857332498886415232	857316107549701699	857316107549701698	30283	
1	C13H27N4O4S2	[M + H]+	C13H28N4O4S2+		0.536	26.054	18.673	7.382	5	0.972	-6.396	6.396	-3.175		368.153	1334	22.236	857332493354128246	857316107595839047	857316107595839046	30274	
1	C29H52O7	[M + H3N + H]+	C29H56NO7+		1.000	75.769	75.769	0.000	21	0.993	1.145	1.145	0.717		530.406	1337	22.290	857332508147438477	857316107633587787	857316107633587786	30325	
1	C31H56O7	[M + H3N + H]+	C31H60NO7+		0.911	58.366	58.366	0.000	19	0.969	1.673	1.673	-0.214		558.436	1339	22.316	857332498940941187	857316107671336527	857316107671336526	30380	
1	C28H49NO4	[M + H]+	C28H50NO4+		0.931	14.576	14.576	0.000	3	0.748	2.184	2.184	0.074		464.373	1357	22.617	857332798200337334	857316107713279571	857316107709085266	30622	
1	C23H52O8SSi7	[M + H3N + H]+	C23H56NO8SSi7+		0.946	53.593	40.969	12.624	29	0.993	-0.423	0.565	2.591		702.212	1359	22.649	857333176191016654	857316107755222615	857316107755222614	30658	
1	C24H48O11SSi5	[M - H2O + H]+	C24H47O10SSi5+		0.324	37.496	27.263	10.233	17	0.802	-0.624	0.624	-26990.766		667.176	1359	22.650	857333002387447206	857316107797165659	857316107797165658	30663	
1	C26H51N5O8Si6	[M + H]+	C26H52N5O8Si6+		0.398	23.922	13.025	10.897	6	0.877	-0.209	0.340	1.863		730.244	1359	22.650	857333146059136619	857316107843303007	857316107843303006	30662	
1	C26H42O4	[M + H]+	C26H43O4+		1.000	38.901	30.323	8.578	7	0.986	0.977	0.977	-0.325		419.315	1361	22.676	857333152107323034	857316107893634659	857316107893634658	30715	
1	C22H45NO	[M + H]+	C22H46NO+		1.000	29.232	29.232	0.000	9	0.974	1.547	1.547	-0.269		340.357	1368	22.793	857333149901119128	857316107931383399	857316107931383398	30795	
1	C26H42O4	[M + H]+	C26H43O4+		0.995	67.890	67.890	0.000	10	0.991	1.161	1.161	-0.253		419.315	1371	22.853	857333158025485998	857316107985909355	857316107985909354	30836	
1	C28H49NO4	[M + H]+	C28H50NO4+		0.999	17.541	17.541	0.000	6	0.961	1.239	1.239	-0.033		464.373	1375	22.911	857333155093667492	857316108032046703	857316108032046702	30868	
1	C26H42O4	[M + H]+	C26H43O4+		0.995	67.842	67.842	0.000	10	0.992	1.223	1.223	-0.230		419.315	1378	22.963	857333203776954073	857316108111738487	857316108111738486	30934	
1	C24H47NO	[M + H]+	C24H48NO+		1.000	158.823	155.049	3.774	50	0.995	0.199	0.801	-0.250		366.373	1386	23.100	857333242746234205	857316108157875835	857316108153681530	31082	
1	C26H42O4	[M + H]+	C26H43O4+		1.000	30.817	30.817	0.000	7	0.996	1.030	1.030	-0.182		419.316	1398	23.292	857333249075438945	857316108195624575	857316108195624574	31261	
1	C27H44O4	[M + H]+	C27H45O4+		1.000	53.536	53.536	0.000	9	0.980	1.412	1.412	-0.176		433.331	1399	23.313	857333249750721899	857316108233373315	857316108233373314	31268	
1	C25H48O4	[M + H]+	C25H49O4+		1.000	86.777	86.777	0.000	16	1.000	1.182	1.182	0.033		413.363	1411	23.519	857333253877917045	857316108275316359	857316108275316358	31452	
1	C28H59NO2	[M + K]+	C28H59KNO2+		0.961	18.997	18.997	0.000	4	0.982	1.198	1.198	-0.080		480.418	1421	23.675	857333339492050511	857316108317259403	857316108317259402	31572	
1	C31H46O	[M + H]+	C31H47O+		0.999	13.728	13.728	0.000	3	0.178	4.022	4.022	-5.610		435.360	1421	23.681	857333344760097038	857316108359202447	857316108359202446	31578	
1	C2H4O2	[M + K]+	C2H4KO2+		1.000	27.134	27.134	0.000	3	0.585	-0.146	0.694	-0.682		98.984	1421	23.681	857333341522093756	857316108401145491	857316108396951186	31580	
1	C28H46O4	[M + H]+	C28H47O4+		0.993	59.133	59.133	0.000	10	0.991	1.107	1.171	-0.037		447.347	1434	23.899	857333345422797074	857316108438894231	857316108438894230	31730	
1	C26H50N4O9Si7	[M + H3N + H]+	C26H54N5O9Si7+		0.692	40.218	28.500	11.718	19	0.937	-0.681	0.681	1.159		776.231	1449	24.147	857333585156632638	857316108485031579	857316108485031578	31944	
1	C28H57NO4	[M + H]+	C28H58NO4+		0.591	2.000	2.000	0.000	0	0.000			0.009		472.436	1455	24.253	857333346861443447	857316108522780319	857316108522780318	32011	
1	C26H50O4	[M + H3N + H]+	C26H54NO4+		1.000	87.331	87.331	0.000	22	0.989	1.460	1.460	0.010		444.405	1455	24.255	857333360614567173	857316108560529059	857316108560529058	32010	
1	C26H48O4	[M + H]+	C26H49O4+		1.000	43.765	39.947	3.818	6	0.850	1.140	1.140	0.102		425.363	1463	24.379	857333361369541899	857316108602472103	857316108602472102	32121	
1	C28H46O4	[M + H]+	C28H47O4+		0.998	44.905	44.905	0.000	8	0.996	1.029	1.091	-0.238		447.347	1470	24.500	857333368210451772	857316108686358191	857316108682163886	32226	
1	C26H55N5O	[M + K]+	C26H55KN5O+		0.806	19.866	19.866	0.000	5	0.926	6.394	6.394	2.337		492.405	1470	24.503	857333366134271278	857316108724106931	857316108724106930	32227	
1	C26H48O4	[M + H]+	C26H49O4+		0.997	40.556	40.103	0.453	6	0.851	1.121	1.121	0.102		425.363	1471	24.512	857333377538584128	857316108766049975	857316108766049974	32229	
1	C26H48O4	[M + H]+	C26H49O4+		1.000	51.327	47.487	3.840	8	0.885	1.071	1.071	0.126		425.363	1479	24.658	857333363726740758	857316108812187323	857316108812187322	32314	
1	C29H54O6	[M + H3N + H]+	C29H58NO6+		0.949	46.932	46.932	0.000	15	0.983	0.777	0.777	0.300		516.426	1488	24.797	857333370009808198	857316108849936063	857316108849936062	32437	
1	C19H34O4	[M + H]+	C19H35O4+		0.998	25.460	25.460	0.000	4	1.000	1.781	1.781	0.012		327.253	1488	24.798	857333377630858826	857316108887684803	857316108887684802	32461	
1	C21H38O4	[M + H]+	C21H39O4+		1.000	78.624	78.624	0.000	16	0.995	2.133	2.133	-0.158		355.284	1488	24.807	857333375550483787	857316108925433543	857316108925433542	32460	
1	C5H9N3	[M + H]+	C5H10N3+		0.952	6.519	6.519	0.000	1	0.044	1.689	1.689	-0.747		112.087	1564	26.070	857333368155925817	857316108963182283	857316108963182282	33765	
1	C7H12N4	[M + H]+	C7H13N4+		0.500	59.399	59.399	0.000	12	0.930	2.136	2.136	0.112		153.113	1564	26.072	857333377463086649	857316109000931023	857316109000931022	33766	
1	C7H10N4	[M + H]+	C7H11N4+		0.999	42.857	42.857	0.000	9	1.000	0.931	0.931	0.246		151.098	1566	26.093	857333379577016240	857316109042874067	857316109042874066	33789	
1	C14H42O7Si7	[M + H]+	C14H43O7Si7+		1.000	45.245	45.245	0.000	19	0.950	-0.221	0.356	0.490		519.139	1572	26.199	857333626713798226	857316109089011415	857316109084817110	33890	
1	C15H38O10Si5	[M + H3N + H]+	C15H42NO10Si5+		0.370	33.379	25.400	7.979	15	0.832	-0.382	0.458	1.220		536.166	1572	26.199	857333679050325034	857316109130954459	857316109126760154	33970	
1	C2H6O5	[M + H]+	C2H7O5+		0.947	4.500	4.500	0.000	0	0.000			-14.138		111.027	1592	26.536	857333592345669862	857316109219034851	857316109214840546	34292	
1	C6H9N3	[M + H]+	C6H10N3+		0.932	5.044	2.000	3.044	0	0.000			18.505		124.089	1632	27.198	857333593125810416	857316109260977895	857316109260977894	35045	
1	C6H10N2	[M + H3N + H]+	C6H14N3+		1.000	23.522	23.522	0.000	3	0.928	5.221	5.221	0.048		128.118	1652	27.535	857333595822747918	857316109336475375	857316109336475374	35443	
1	C7H12N4	[M + H]+	C7H13N4+		0.333	97.728	97.728	0.000	21	0.874	2.186	2.186	0.112		153.113	1653	27.548	857333594778366198	857316109470693107	857316109466498802	35455	
1	C5H9N3	[M + H]+	C5H10N3+		0.250	32.443	28.549	3.895	5	0.081	0.595	1.115	-0.747		112.087	1656	27.592	857333595759833348	857316109516830455	857316109512636150	35502	
1	C2H6O5	[M + H]+	C2H7O5+		0.947	4.500	4.500	0.000	0	0.000			-13.868		111.027	1656	27.604	857333596779049439	857316109554579195	857316109554579194	35524	
1	C4F8I2	[M + Na]+	C4F8I2Na+		1.000	-1.489	-1.489	0.000	0	0.000			2.260		476.786	1664	27.727	857333614395126412	857316109600716543	857316109600716542	35624	
1	C12H8Br2O4S2	[M + K]+	C12H8Br2KO4S2+		0.564	-1.219	-1.219	0.000	0	0.000			0.539		476.786	1669	27.822	857333608342745737	857316109722351371	857316109722351370	35835	
1	C6H13N3	[M + H]+	C6H14N3+		1.000	13.357	13.357	0.000	1	1.000	1.346	1.346	0.048		128.118	1679	27.985	857333601866740285	857316109919483679	857316109919483678	35964	
1	C7H12N4	[M + H]+	C7H13N4+		1.000	94.846	94.846	0.000	12	0.718	2.001	2.001	0.112		153.113	1679	27.985	857333603439604287	857316109961426723	857316109961426722	35968	
1	C3H9FN3O	[M + H]+	C3H10FN3O+		0.466	5.414	5.414	0.000	1	1.000	-13.509	13.509	7.543		123.081	1699	28.323	857333618522321716	857316110007564071	857316110003369766	36461	
1	C6H9N3	[M + H]+	C6H10N3+		1.000	80.183	77.081	3.102	15	0.974	1.895	1.895	18.908		124.089	1718	28.626	857333615586308750	857316110095644463	857316110095644462	36809	
1	C2H6O5	[M + H]+	C2H7O5+		0.947	4.500	4.500	0.000	0	0.000			-13.598		111.027	1718	28.631	857333642060756578	857316110049507115	857316110049507114	36776	
1	C4F8I2	[M + Na]+	C4F8I2Na+		1.000	-1.489	-1.489	0.000	0	0.000			2.323		476.787	1758	29.299	857333620896297787	857316110288582467	857316110288582466	37655	
1	C7H11N3	[M + H]+	C7H12N3+		0.489	25.401	25.401	0.000	4	1.000	0.682	1.290	0.407		138.103	1774	29.574	857333626416002636	857316110452160339	857316110447966034	37956	
1	C6H9N3	[M + H]+	C6H10N3+		0.999	20.949	18.336	2.613	2	1.000	7.094	7.094	18.344		124.089	1830	30.507	857333634863330909	857316110460548951	857316110460548950	39158	
1	C2H6O5	[M + H]+	C2H7O5+		0.947	4.500	4.500	0.000	0	0.000			-13.418		111.027	1856	30.926	857333642123671148	857316110473131867	857316110473131866	39663	
