formulaRank	molecularFormula	adduct	precursorFormula	ZodiacScore	SiriusScoreNormalized	SiriusScore	TreeScore	IsotopeScore	numExplainedPeaks	explainedIntensity	medianMassErrorFragmentPeaks(ppm)	medianAbsoluteMassErrorFragmentPeaks(ppm)	massErrorPrecursor(ppm)	lipidClass	ionMass	retentionTimeInSeconds	retentionTimeInMinutes	formulaId	alignedFeatureId	compoundId	mappingFeatureId	overallFeatureQuality
1	CH6N2O5S	[M + H]+	CH7N2O5S+		1.000	40.898	40.898	0.000	8	0.314	10.279	10.279	-4.960		159.006	45	0.751	857337204435823791	857336421524195804	857336421490641371	119	
1	C2H4N2O4S	[M + H]+	C2H5N2O4S+		0.333	45.118	45.118	0.000	4	0.868	11.429	11.429	6.902		152.998	45	0.754	857337220067994972	857336421788436960	857336421775854047	200	
1	C6H7NS	[M + Na]+	C6H7NNaS+		0.217	7.821	6.667	1.153	1	0.185	-5.524	5.524	-4.127		148.019	45	0.754	857337195564870740	857336421993957860	857336421985569251	164	
1	C4H5N3O3S	[M + H]+	C4H6N3O3S+		0.282	50.366	50.366	0.000	6	0.989	10.276	10.276	5.917		176.013	45	0.756	857337202389003421	857336422186895848	857336422182701543	230	
1	CH2N2O2S	[M + H]+	CH3N2O2S+		0.333	20.863	20.863	0.000	2	0.313	17.196	17.196	9.582		106.992	45	0.757	857337201592085631	857336422358862316	857336422354668011	139	
1	C3H7BFO3	[M + Na]+	C3H7BFNaO3+		0.818	15.768	15.768	0.000	2	0.271	19.028	19.028	-2.727		143.040	46	0.759	857337208936312031	857336422522440176	857336422518245871	206	
1	C2H2F2O3	[M + Na]+	C2H2F2NaO3+		0.942	22.884	22.884	0.000	3	0.970	-19.588	19.588	3.622		134.987	46	0.761	857337196919630950	857336422677629428	857336422673435123	147	
1	H4N2O2S	[M + H]+	H5N2O2S+		1.000	19.192	19.192	0.000	2	0.533	12.619	12.619	10.877		97.008	46	0.761	857337190670117951	857336422841207288	857336422837012983	169	
1	C9O	[M + H]+	C9HO+		0.850	13.985	13.985	0.000	1	0.281	3.882	3.882	3.431		125.003	46	0.762	857337231182900721	857336422988007932	857336422983813627	141	
1	C2H5N3OS	[M + H]+	C2H6N3OS+		0.333	19.418	17.223	2.196	2	0.337	16.672	16.672	8.838		120.024	46	0.768	857337219908611401	857336423164168704	857336423159974399	204	
1	C2H4Cl2O2	[M + H]+	C2H5Cl2O2+		0.973	34.119	34.119	0.000	3	0.371	-10.156	10.156	0.449		130.966	46	0.768	857337205853498575	857336423361300996	857336423357106691	381	
1	C2H3F2N	[M + Na]+	C2H3F2NNa+		0.376	6.622	4.867	1.755	1	0.087	12.361	12.361	4.840		102.013	46	0.770	857337213180947735	857336423550044680	857336423541656071	248	
1	C4H3F2NO2	[M + Na]+	C4H3F2NNaO2+		1.000	48.028	43.644	4.384	6	0.969	14.781	16.819	3.446		158.003	46	0.772	857337204641344698	857336423730399756	857336423722011147	208	
1	C3H3F2NO	[M + Na]+	C3H3F2NNaO+		1.000	33.237	30.945	2.292	3	0.970	17.250	17.250	4.147		130.008	46	0.773	857337208986643698	857336423906560528	857336423902366223	205	
1	C2H7O3P	[M + K]+	C2H7KO3P+		0.897	5.735	5.735	0.000	1	0.029	-6.389	6.389	2.089		148.977	46	0.773	857337194117835849	857336424053361172	857336424049166867	316	
1	C5N2O7	[M + Na]+	C5N2NaO7+		0.573	53.804	53.804	0.000	9	0.926	7.197	7.197	5.602		222.961	48	0.799	857337226242010529	857336424195967512	857336424191773207	232	
1	C3HNOS	[M + Na]+	C3HNNaOS+		0.314	-0.609	-0.609	0.000	0	0.000			-7.177		121.966	48	0.808	857337231619108350	857336424342768156	857336424342768155	127	
1	C7H4O	[M + K]+	C7H4KO+		0.750	4.500	4.500	0.000	0	0.000			0.120		142.989	49	0.816	857337222576188793	857336424502151712	857336424493763103	351	
1	H3NO3S	[M + H]+	H4NO3S+		0.794	-0.609	-0.609	0.000	0	0.000			7.752		97.991	49	0.818	857337190191967287	857336424632175140	857336424627980835	332	
1	C2H4N2O2	[M + K]+	C2H4KN2O2+		0.989	7.008	7.008	0.000	1	0.142	-8.520	8.520	-6.028		126.990	49	0.821	857337205752835269	857336424825113128	857336424820918823	414	
1	C3H2N2O	[M + K]+	C3H2KN2O+		0.347	1.000	1.000	0.000	0	0.000			8.507		120.981	49	0.821	857337226292342187	857336424967719468	857336424963525163	356	
1	C7H4ClNO4S	[M + Na]+	C7H4ClNNaO4S+		0.429	56.168	56.168	0.000	9	0.861	1.095	1.191	0.324		255.944	50	0.826	857337215672364336	857336425139685936	857336425127103023	398	
1	C3N2	[M + K]+	C3KN2+		0.816	0.638	0.638	0.000	0	0.000	-7.586	7.586	9.652		102.970	50	0.828	857337229924609515	857336425307458100	857336425303263795	406	
1	C3H2Cl2	[M + H3N + H]+	C3H6Cl2N+		1.000	15.468	15.468	0.000	2	0.639	-10.215	10.215	-6.754		125.986	50	0.829	857337218004397382	857336425517173304	857336425512978999	429	
1	CH4O3P2	[M + H3N + H]+	CH8NO3P2+		1.000	-2.431	-3.605	1.174	0				-3.492		143.997	50	0.830	857337228028784092	857336425911437888	857336425907243583	420	
1	CH7FN3O2S	[M + Na]+	CH7FN3NaO2S+		0.334	16.294	16.294	0.000	2	0.787	5.754	5.754	-3.960		167.013	50	0.834	857337242809511468	857336426452503116	857336426448308811	428	
1	C6H12N2	[M + H]+	C6H13N2+		1.000	54.366	54.366	0.000	8	0.927	1.289	1.289	0.222		113.107	52	0.864	857337201944407196	857336426855156312	857336426850962007	583	
1	C6H12O2Si	[M + K]+	C6H12KO2Si+		1.000	71.080	71.080	0.000	11	0.442	1.362	1.404	1.070		183.024	53	0.880	857337201805995154	857336426964208220	857336426960013915	621	
1	C4H8N2O4S	[M + H]+	C4H9N2O4S+		0.992	22.523	22.280	0.243	5	0.403	-5.359	5.359	-10.850		181.026	53	0.880	857337198073064565	857336427098425952	857336427098425951	631	
1	C3N4O4S2	[M + Na]+	C3N4NaO4S2+		0.654	5.321	3.105	2.216	1	0.510	11.687	11.687	1.000		242.926	53	0.880	857337211310288132	857336427366861412	857336427362667107	632	
1	CH4N2O5P2	[M + H]+	CH5N2O5P2+		0.903	12.085	12.085	0.000	6	0.158	-18.225	18.225	-3.321		186.966	54	0.900	857337228934753758	857336427480107624	857336427475913319	697	
1	CH6N2O4S2	[M + H]+	CH7N2O4S2+		1.000	35.802	35.802	0.000	6	0.931	5.189	5.189	5.000		174.985	54	0.905	857337240422952472	857336427584965228	857336427584965227	733	
1	C2H4N2O4S2	[M + H]+	C2H5N2O4S2+		1.000	63.645	62.055	1.591	10	0.278	5.704	5.704	4.622		184.969	55	0.909	857337227324140999	857336427694017136	857336427689822831	699	
1	C4H5F2NO3S	[M + Na]+	C4H5F2NNaO3S+		0.995	56.464	52.949	3.515	9	0.891	11.984	11.984	1.677		207.985	55	0.913	857337225977769360	857336427798874740	857336427794680435	701	
1	C5H13NO	[M + H]+	C5H14NO+		1.000	22.421	22.421	0.000	4	0.358	4.781	4.781	0.283		104.107	55	0.916	857337188946258996	857336427895343736	857336427895343735	741	
1	C5H6FNO3Si	[M + Na]+	C5H6FNNaO3Si+		0.498	14.250	11.461	2.789	3	0.179	17.116	17.116	8.694		198.001	55	0.916	857337226632080821	857336428025367164	857336428025367163	735	
1	C3H5N5O	[M + H]+	C3H6N5O+		0.499	38.069	38.069	0.000	4	0.870	-0.118	0.494	0.420		128.057	56	0.927	857337214984498469	857336428130224768	857336428126030463	763	
1	C4H4O8S	[M + Na]+	C4H4NaO8S+		0.821	23.997	23.997	0.000	5	0.503	-0.513	1.558	-0.463		234.952	56	0.931	857337217996008763	857336428239276676	857336428235082371	999	
1	C10H14FN3O	[M + H]+	C10H15FN3O+		0.987	61.597	59.710	1.888	18	0.989	0.797	7.345	-5.170		212.118	56	0.937	857337227596770769	857336428344134280	857336428339939975	843	
1	C7H15FN2O2	[M + H]+	C7H16FN2O2+		0.999	175.316	173.020	2.295	43	0.984	-10.057	10.057	-6.043		179.118	56	0.939	857337220311264622	857336428444797580	857336428440603275	867	
1	C7H15FN2O	[M + H]+	C7H16FN2O+		1.000	145.054	145.054	0.000	39	0.971	-9.560	9.560	-6.914		163.123	57	0.942	857337211478060302	857336428541266576	857336428537072271	862	
1	C6H9O2	[M + H]+	C6H10O2+		1.000	29.434	29.434	0.000	6	0.121	1.001	3.990	-11.405		114.066	57	0.945	857337207170510042	857336428637735572	857336428633541267	864	
1	C7H7AsO3	[M + Na]+	C7H7AsNaO3+		0.993	11.549	11.549	0.000	4	0.361	6.008	6.290	-7.496		236.949	57	0.948	857337244101357135	857336428742593176	857336428738398871	1101	
1	C6H15N	[M + H]+	C6H16N+		1.000	22.076	22.076	0.000	3	1.000	1.464	1.464	0.529		102.128	57	0.950	857337227319946694	857336428839062172	857336428834867867	898	
1	C11H23NO2	[M + H]+	C11H24NO2+		1.000	57.991	57.991	0.000	12	0.992	1.600	1.600	0.270		202.180	57	0.951	857337212606328084	857336428931336864	857336428927142559	1124	
1	C3HNOS	[M + Na]+	C3HNNaOS+		0.314	-0.609	-0.609	0.000	0	0.000			-7.259		121.966	57	0.953	857337225151491459	857336429145246376	857336429141052071	1050	
1	C12H23N	[M + H]+	C12H24N+		0.500	41.077	41.077	0.000	5	0.937	0.374	0.374	0.460		182.190	57	0.953	857337225747082638	857336429254298284	857336429250103979	1068	
1	C5H7FO2S	[M + Na]+	C5H7FNaO2S+		0.913	8.990	8.990	0.000	3	0.188	8.598	8.598	2.200		173.005	57	0.956	857337243430268485	857336429346572976	857336429342378671	1106	
1	C7H13FN2O2	[M + H]+	C7H14FN2O2+		0.981	155.204	155.204	0.000	43	0.894	-8.665	8.665	-6.055		177.102	57	0.956	857337250296344154	857336429451430580	857336429447236275	1118	
1	C12H27N	[M + H]+	C12H28N+		1.000	59.623	59.623	0.000	16	0.826	0.848	0.977	0.235		186.222	58	0.963	857337234878082570	857336429543705272	857336429543705271	1229	
1	C7H15N3O3S	[M + Na]+	C7H15N3NaO3S+		0.991	60.377	58.198	2.179	15	0.711	7.177	8.047	-1.446		244.072	58	0.964	857337256822681189	857336429640174268	857336429635979963	1327	
1	C9H19NO	[M + H]+	C9H20NO+		1.000	49.797	49.797	0.000	7	0.822	4.007	4.007	0.502		158.154	58	0.965	857337235062631954	857336429740837568	857336429736643263	1033	
1	C9H20O5	[M + Na]+	C9H20NaO5+		0.827	4.485	4.485	0.000	0	0.000	0.188	0.188	0.197		231.120	58	0.965	857337234940997131	857336429828917956	857336429828917955	1299	
1	C10H14F2O2	[M - H2O + H]+	C10H13F2O+		0.999	18.263	17.427	0.836	5	0.047	3.112	3.112	-96258.372		187.094	58	0.970	857337242310389285	857336429925386952	857336429921192647	1313	
1	C6H13N	[M + H]+	C6H14N+		0.500	37.943	37.943	0.000	5	0.956	7.781	7.781	0.241		100.112	58	0.973	857337243115695683	857336430026050252	857336430021855947	925	
1	C4H7ClO	[M + K]+	C4H7ClKO+		0.596	4.267	0.391	3.876	0	0.000			3.582		144.982	59	0.977	857337283783667346	857336430122519248	857336430118324943	1228	
1	C5H6NO3	[M + H]+	C5H7NO3+		0.999	37.485	33.815	3.671	9	0.088	5.254	6.644	-10.109		129.041	59	0.987	857337295674519197	857336430227376852	857336430223182547	1420	
1	C5H7Br	[M + H]+	C5H8Br+		0.813	6.070	3.579	2.491	2	0.006	5.664	5.664	1.097		146.981	59	0.988	857337269971824248	857336430353205976	857336430349011671	1246	
1	C2H7OP	[M + K]+	C2H7KOP+		0.377	2.729	2.729	0.000	1	0.312	-6.554	6.554	-5.382		116.986	60	0.993	857337273427930754	857336430453869276	857336430453869275	1433	
1	C2H10N4	[M + K]+	C2H10KN4+		0.664	9.962	9.962	0.000	3	0.085	-3.717	3.717	10.504		129.055	60	1.002	857337328750800547	857336430558726880	857336430554532575	1366	
1	C9H20O5	[M + H]+	C9H21O5+		1.000	55.115	55.115	0.000	9	0.957	0.902	0.902	-2.822		209.138	61	1.020	857337329161842351	857336430651001572	857336430646807267	1670	
1	C7H16O4	[M + H]+	C7H17O4+		1.000	83.222	80.178	3.044	11	0.840	0.418	0.679	-3.001		165.112	62	1.035	857337373885707740	857336430743276264	857336430739081959	1656	
1	C2H2IN2O2	[M + H]+	C2H3IN2O2+		0.193	11.878	11.878	0.000	3	0.210	-2.980	2.980	-2.883		213.923	63	1.047	857337379862590976	857336430898465516	857336430894271211	1768	
1	C7H21N4O3	[M + H]+	C7H22N4O3+		0.702	4.500	2.871	1.629	1	0.330	6.329	6.329	6.652		210.170	66	1.108	857337373982176740	857336431074626288	857336431070431983	1898	
1	C2H6N2O6S2	[M + H]+	C2H7N2O6S2+		0.332	11.015	10.025	0.990	3	0.294	-9.926	9.926	3.725		218.975	70	1.162	857337378302309867	857336431200455412	857336431196261107	2048	
1	C4H4BrNO2	[M + H]+	C4H5BrNO2+		0.148	0.391	0.391	0.000	0	0.000			-8.974		177.948	70	1.173	857337380001003029	857336431338867448	857336431338867447	1746	
1	C3H6AsNO4	[M + H]+	C3H7AsNO4+		0.127	3.635	3.635	0.000	1	0.015	2.404	2.404	1.553		195.959	71	1.190	857337387949209326	857336431422753532	857336431418559227	2090	
1	C5H11NO3	[M + H]+	C5H12NO3+		0.499	18.823	18.823	0.000	1	0.595	2.474	2.474	0.375		134.081	81	1.346	857337379833230841	857336431527611136	857336431527611135	2191	
1	C2H2IN2O2	[M + H]+	C2H3IN2O2+		0.191	11.761	11.761	0.000	3	0.194	-3.537	3.537	-3.023		213.923	81	1.348	857337397126346551	857336431653440260	857336431649245955	2190	
1	C2H3NO3Se	[M + H]+	C2H4NO3Se+		0.333	22.209	22.209	0.000	4	0.132	-7.598	7.598	-4.732		163.940	82	1.363	857337399676483405	857336431745714952	857336431745714951	2195	
1	C3H3S3	[M + H]+	C3H4S3+		0.207	-0.222	-0.222	0.000	1	0.059	2.617	2.617	-11.067		135.945	83	1.385	857337389165557508	857336431833795340	857336431833795339	2202	
1	C9H19NO	[M + H]+	C9H20NO+		1.000	31.532	28.298	3.233	4	0.713	2.626	2.626	0.565		158.154	96	1.600	857337388146341632	857336431930264336	857336431926070031	2348	
1	C6H15NO	[M + H]+	C6H16NO+		1.000	28.926	26.495	2.431	3	0.702	6.116	6.116	0.165		118.123	103	1.713	857337384824452843	857336432018344724	857336432014150419	2407	
1	C7H13FN2O2	[M + H]+	C7H14FN2O2+		0.987	139.346	137.520	1.827	24	0.464	-6.232	6.806	-6.111		177.102	118	1.971	857337391505979171	857336432119008024	857336432114813719	2517	
1	C6H13N	[M + H]+	C6H14N+		1.000	24.129	21.301	2.829	2	0.544	7.619	7.619	0.141		100.112	169	2.817	857337388351862530	857336432207088412	857336432207088411	2883	
1	C6H15N	[M + H]+	C6H16N+		1.000	7.653	4.706	2.947	1	0.065	5.449	5.449	0.431		102.128	228	3.804	857337384119809768	857336432295168800	857336432290974495	3119	
1	C10H19N5	[M + H]+	C10H20N5+		0.420	2.000	2.000	0.000	0	0.000			-6.053		210.170	236	3.930	857337389811480349	857336432379054884	857336432379054883	3175	
1	C9H17N5	[M + H]+	C9H18N5+		0.420	2.000	2.000	0.000	0	0.000			-6.230		196.154	238	3.973	857337389312358164	857336432462940968	857336432462940967	3204	
1	C8H8N2	[M + H]+	C8H9N2+		0.998	56.694	53.728	2.966	11	0.899	1.555	1.555	0.415		133.076	239	3.978	857337389484324633	857336432567798572	857336432567798571	3190	
1	C12H17NO	[M + H]+	C12H18NO+		1.000	71.738	71.738	0.000	15	0.971	0.450	0.450	0.153		192.138	246	4.097	857337393548605230	857336432647490352	857336432643296047	3265	
1	C10H22O6	[M + H]+	C10H23O6+		1.000	22.963	22.963	0.000	4	0.943	1.070	1.070	0.105		239.149	248	4.138	857337400276268891	857336432727182132	857336432722987827	3272	
1	C9H14N4O	[M + H]+	C9H15N4O+		1.000	49.603	45.920	3.683	10	0.953	1.253	1.253	-6.240		195.123	250	4.158	857337406676776814	857336432815262520	857336432815262519	3304	
1	C8H23N4O4	[M + H]+	C8H24N4O4+		0.814	11.849	7.676	4.173	1	0.917	0.472	0.472	5.718		240.181	251	4.185	857337401517782885	857336432932703036	857336432928508731	3305	
1	C12H23NO	[M + H]+	C12H24NO+		1.000	54.115	51.469	2.646	9	0.941	0.587	0.587	0.400		198.185	254	4.240	857337415363180407	857336433041754944	857336433037560639	3334	
1	C8H4O3	[M + H]+	C8H5O3+		0.333	37.407	37.407	0.000	3	0.875	0.111	0.365	0.601		149.023	256	4.264	857337423072311725	857336433155001156	857336433155001155	3364	
1	C13H25N5O4	[M + H]+	C13H26N5O4+		0.976	12.742	12.742	0.000	2	0.844	0.733	0.733	-4.019		316.197	259	4.313	857337426146736797	857336433385687884	857336433381493579	3413	
1	C11H24O5	[M + H3N + H]+	C11H28NO5+		0.453	8.959	3.445	5.514	1	0.322	0.259	0.259	0.002		254.196	259	4.323	857337421583333512	857336433280830280	857336433276635975	3356	
1	C13H25N5O2	[M + H]+	C13H26N5O2+		0.352	15.976	9.709	6.267	1	0.827	0.483	0.483	-4.474		284.207	264	4.398	857337424775199346	857336433494739792	857336433490545487	3491	
1	C10H22O6	[M + H]+	C10H23O6+		0.949	13.771	13.771	0.000	1	1.000	0.416	0.416	0.189		239.149	265	4.415	857337424347380324	857336433595403092	857336433595403091	3489	
1	C12H23NO	[M + H]+	C12H24NO+		1.000	52.112	52.112	0.000	9	0.969	1.215	1.215	0.400		198.185	265	4.415	857337424406100591	857336433721232216	857336433717037911	3450	
1	C9H20O5	[M + Na]+	C9H20NaO5+		0.923	4.500	4.500	0.000	0	0.000			0.370		231.120	266	4.426	857337427417610921	857336433826089820	857336433821895515	3463	
1	C9H25N4O4	[M + H]+	C9H26N4O4+		0.995	31.209	25.669	5.540	3	0.702	0.892	0.892	5.324		254.196	266	4.430	857337431926487955	857336433964501856	857336433964501855	3477	
1	C9H20O5	[M + H3N + H]+	C9H24NO5+		0.960	14.961	14.961	0.000	3	0.890	1.595	1.595	0.224		226.165	266	4.433	857337430110354315	857336434086136676	857336434081942371	3474	
1	C9H20O5	[M + H]+	C9H21O5+		1.000	38.743	38.743	0.000	6	0.632	1.000	1.009	0.334		209.138	266	4.438	857337436531834054	857336434211965800	857336434207771495	3481	
1	C6H12O3	[M + H]+	C6H13O3+		1.000	46.842	46.842	0.000	6	0.517	6.908	6.908	0.295		133.086	267	4.444	857337435583921222	857336434329406316	857336434325212011	3483	
1	C12H26O7	[M + H]+	C12H27O7+		0.975	22.675	22.675	0.000	4	0.985	1.180	1.180	0.319		283.175	270	4.507	857337445054659915	857336434430069616	857336434425875311	3534	
1	C12H27NO7	[M + H]+	C12H28NO7+		0.467	5.501	2.000	3.501	0	0.000			0.273		298.186	272	4.541	857337546951113374	857336434539121524	857336434539121523	3561	
1	C15H29N5O5	[M + H]+	C15H30N5O5+		0.807	11.488	11.488	0.000	2	1.000	1.805	1.805	-3.624		360.223	274	4.573	857337547009833641	857336434660756344	857336434656562039	3603	
1	C8H18O4	[M + H]+	C8H19O4+		0.999	11.506	11.506	0.000	2	0.181	0.066	1.517	0.248		179.128	278	4.639	857337547769002817	857336434769808252	857336434769808251	3619	
1	C11H21N5	[M + H]+	C11H22N5+		0.996	37.034	37.034	0.000	5	0.816	1.130	1.130	-5.719		224.186	279	4.643	857337548704332615	857336434883054464	857336434883054463	3627	
1	C13H19N5	[M + H]+	C13H20N5+		0.317	2.000	2.000	0.000	0	0.000			-5.167		246.170	280	4.659	857337548737887052	857336435050826628	857336435050826627	3642	
1	C10H12O2	[M + H]+	C10H13O2+		0.333	133.634	133.634	0.000	23	0.974	1.427	1.427	0.508		165.091	280	4.665	857337551564847959	857336435164072840	857336435164072839	3644	
1	C10H16O4	[M - H2O + H]+	C10H15O3+		1.000	217.860	217.860	0.000	38	0.772	1.362	1.362	-98363.076		183.102	280	4.668	857337601565145976	857336435310873484	857336435310873483	3672	
1	C13H22N4O3	[M + H3N + H]+	C13H26N5O3+		0.872	13.120	13.120	0.000	2	1.000	0.133	0.133	-4.218		300.202	281	4.680	857337594464189294	857336435432508304	857336435428313999	3697	
1	C12H26O7	[M + H]+	C12H27O7+		0.943	15.639	15.639	0.000	2	0.918	1.071	1.071	0.390		283.175	282	4.692	857337673107389311	857336435528977300	857336435524782995	3696	
1	C15H29N5O3	[M + H]+	C15H30N5O3+		0.938	22.476	15.446	7.030	3	0.984	-0.067	0.201	-4.010		328.233	282	4.694	857337695647579018	857336435642223512	857336435642223511	3699	
1	C15H27N5O4	[M + H]+	C15H28N5O4+		0.995	16.292	16.292	0.000	3	0.775	0.012	0.141	-3.743		342.212	285	4.750	857337833921201392	857336435747081116	857336435747081115	3735	
1	C17H33N5O4	[M + H]+	C17H34N5O4+		0.996	40.392	36.759	3.633	5	0.976	0.771	0.771	-3.549		372.259	291	4.843	857337851965101539	857336435868715936	857336435864521631	3746	
1	C14H30O8	[M + H]+	C14H31O8+		0.939	37.629	37.629	0.000	5	0.940	1.081	1.081	0.078		327.201	291	4.853	857337847741436549	857336435981962148	857336435977767843	3812	
1	C11H24O6	[M + H]+	C11H25O6+		0.951	19.530	19.530	0.000	3	0.987	0.786	0.786	0.415		253.165	292	4.872	857337838073562651	857336436086819752	857336436082625447	3831	
1	C14H27N5O2	[M + H]+	C14H28N5O2+		0.187	22.617	18.524	4.093	3	0.770	1.581	1.581	-4.230		298.222	293	4.875	857337835334681850	857336436195871660	857336436195871659	3828	
1	C12H23NO	[M + H]+	C12H24NO+		1.000	53.189	53.189	0.000	9	0.966	0.943	0.943	0.400		198.185	301	5.022	857337847749825167	857336436313312176	857336436309117871	3944	
1	C8H6O4	[M + H]+	C8H7O4+		0.500	45.875	45.875	0.000	6	0.885	0.391	0.391	0.388		167.034	302	5.035	857337851973490158	857336436418169780	857336436413975475	3958	
1	C8H4O3	[M + H]+	C8H5O3+		0.330	56.155	56.155	0.000	7	0.872	3.643	3.643	0.668		149.023	302	5.039	857337850740364450	857336436527221688	857336436523027383	3954	
1	C6H12O2	[M + H]+	C6H13O2+		0.999	4.500	4.500	0.000	0	0.000			0.290		117.091	305	5.082	857337837092095258	857336436627884988	857336436627884987	3924	
1	C10H19NO4Se	[M + H]+	C10H20NO4Se+		0.938	34.925	34.925	0.000	10	0.412	-4.139	4.139	-2.537		292.060	306	5.095	857337864040502890	857336436745325504	857336436745325503	3929	
1	C9H20O4	[M + Na]+	C9H20NaO4+		0.923	4.500	4.500	0.000	0	0.000			0.605		215.126	306	5.097	857337835879941393	857336436845988804	857336436841794499	4016	
1	C9H20O4	[M + H]+	C9H21O4+		1.000	56.715	52.867	3.848	15	0.957	0.966	1.065	0.696		193.144	306	5.099	857337836760745237	857336436955040712	857336436955040711	4014	
1	C9H8N2O8S	[M + Na]+	C9H8N2NaO8S+		0.415	19.085	15.658	3.427	4	0.723	-1.738	1.738	-1.581		326.989	307	5.110	857337847330393932	857336437076675532	857336437072481227	4038	
1	C5H10N4O4S3	[M + Na]+	C5H10N4NaO4S3+		0.322	17.813	17.813	0.000	14	0.816	0.000	0.566	8.549		308.978	307	5.116	857337861679109710	857336437240253392	857336437236059087	4054	
1	C16H34O9	[M + H]+	C16H35O9+		0.935	50.931	50.931	0.000	8	0.941	1.145	1.145	0.245		371.228	310	5.163	857337849347855169	857336437340916692	857336437336722387	4138	
1	C19H37N5O5	[M + H]+	C19H38N5O5+		0.885	23.516	23.516	0.000	8	0.984	1.044	1.093	-3.065		416.285	310	5.169	857337848525771420	857336437475134424	857336437475134423	4132	
1	C10H27N4O4	[M + H]+	C10H28N4O4+		0.387	13.441	13.441	0.000	4	0.781	1.541	1.541	5.344		268.212	310	5.172	857337848479634066	857336437588380636	857336437584186331	4125	
1	C12H20O4	[M - H2O + H]+	C12H19O3+		1.000	126.227	121.899	4.328	26	0.983	1.177	1.177	-85304.002		211.133	312	5.206	857337838077756965	857336437697432544	857336437693238239	4173	
1	C9H12O2	[M + H]+	C9H13O2+		1.000	76.404	76.404	0.000	9	0.974	2.054	2.054	0.418		153.091	313	5.209	857337837314393372	857336437814873060	857336437810678755	4178	
1	C12H20O4	[M + H]+	C12H21O4+		1.000	53.668	53.668	0.000	10	0.959	1.118	1.118	0.543		229.144	313	5.214	857337859162527271	857336437907147752	857336437907147751	4177	
1	C14H27NO4	[M + H]+	C14H28NO4+		0.500	56.111	48.218	7.894	6	0.636	0.887	0.887	0.238		274.201	313	5.215	857337870109660831	857336438024588268	857336438020393963	4176	
1	C6H6O	[M + H]+	C6H7O+		0.990	31.714	31.714	0.000	4	0.924	4.235	4.235	0.408		95.049	313	5.215	857337876552111836	857336438133640176	857336438129445871	4171	
1	C10H16O2	[M + H]+	C10H17O2+		1.000	48.624	48.624	0.000	8	1.000	0.903	0.903	0.259		169.122	313	5.218	857337854699787789	857336438230109172	857336438230109171	4167	
1	C19H35N5O6	[M + H]+	C19H36N5O6+		0.438	26.329	25.206	1.123	5	1.000	1.703	1.703	-2.790		430.265	316	5.271	857337861217736252	857336438343355384	857336438343355383	4250	
1	C14H27NO5	[M + H]+	C14H28NO5+		0.498	5.292	2.000	3.292	0	0.000			0.243		290.196	320	5.326	857337856998266396	857336438448212988	857336438448212987	4307	
1	C10H22O5	[M + H]+	C10H23O5+		0.999	18.121	18.121	0.000	2	1.000	3.617	3.617	0.402		223.154	321	5.356	857337868222224022	857336438553070592	857336438548876287	4337	
1	C13H25N5O	[M + H]+	C13H26N5O+		0.870	3.781	3.781	0.000	1	0.220	5.669	5.669	-4.649		268.212	322	5.364	857337856809522706	857336438649539588	857336438649539587	4330	
1	C10H14FN3O	[M + H]+	C10H15FN3O+		0.981	66.188	63.611	2.577	14	0.993	-0.394	7.195	-4.982		212.118	323	5.375	857337881815963392	857336438766980104	857336438762785799	4364	
1	C12H16O3	[M + H]+	C12H17O3+		1.000	90.711	90.711	0.000	10	0.759	1.541	1.541	0.426		209.117	325	5.420	857337873435743937	857336438867643404	857336438867643403	4419	
1	C21H41N5O6	[M + H]+	C21H42N5O6+		0.997	60.918	60.918	0.000	11	0.973	1.047	1.063	-2.673		460.312	326	5.440	857337867525969548	857336438972501008	857336438972501007	4462	
1	C20H43NO11	[M + H]+	C20H44NO11+		0.473	19.666	19.666	0.000	4	1.000	1.212	1.212	0.406		474.291	333	5.551	857337859510654513	857336439073164308	857336439073164307	4480	
1	C11H24O5	[M + H]+	C11H25O5+		0.940	20.598	20.598	0.000	2	0.348	6.879	6.879	0.336		237.170	334	5.560	857337880159213293	857336439178021912	857336439178021911	4490	
1	C9H27N7O3	[M + H]+	C9H28N7O3+		0.370	8.842	8.842	0.000	2	0.854	3.555	3.555	9.835		282.228	334	5.563	857337865869219454	857336439278685212	857336439274490907	4568	
1	C23H45N5O7	[M + H]+	C23H46N5O7+		0.977	61.608	61.608	0.000	11	0.980	1.267	1.420	-2.211		504.338	341	5.688	857337878129170147	857336439379348512	857336439375154207	4641	
1	C21H38N4O7	[M + H3N + H]+	C21H42N5O7+		0.835	17.764	17.764	0.000	5	0.938	1.079	1.079	-2.362		476.307	341	5.689	857337865286211188	857336439471623204	857336439467428899	4646	
1	C20H42O11	[M + H]+	C20H43O11+		0.915	20.164	20.164	0.000	6	0.965	1.173	1.173	0.243		459.280	341	5.691	857337873037285047	857336439559703592	857336439555509287	4645	
1	C13H27NO6	[M + H]+	C13H28NO6+		0.483	5.541	2.000	3.541	0	0.000			0.360		294.191	342	5.695	857337862480221791	857336439647783980	857336439647783979	4670	
1	C14H27NO4	[M + H]+	C14H28NO4+		0.980	11.068	11.068	0.000	2	0.465	0.114	0.866	0.311		274.201	345	5.744	857337876254316242	857336439731670064	857336439727475759	4721	
1	C12H18O3	[M + H]+	C12H19O3+		0.500	145.732	145.732	0.000	24	0.949	1.099	1.099	0.375		211.133	345	5.755	857337894117857044	857336439819750452	857336439819750451	4789	
1	C11H10N2O2	[M + H]+	C11H11N2O2+		0.982	30.221	30.221	0.000	10	0.992	0.994	0.994	0.226		203.082	346	5.766	857337872932427437	857336439907830840	857336439907830839	4802	
1	C23H42N4O8	[M + H3N + H]+	C23H46N5O8+		0.746	24.809	24.809	0.000	8	0.979	1.233	1.233	-2.133		520.333	355	5.909	857337882289919754	857336439995911228	857336439991716923	4901	
1	C22H46O12	[M + H]+	C22H47O12+		0.844	25.098	25.098	0.000	7	0.962	1.009	1.009	0.271		503.306	355	5.911	857337881241343734	857336440100768832	857336440100768831	4892	
1	C9H13FN2O3	[M + H]+	C9H14FN2O3+		0.860	97.065	97.065	0.000	19	0.973	0.628	0.628	-4.408		217.097	355	5.912	857338661398666850	857336440218209348	857336440218209347	5004	
1	C5H11NSi	[M + H]+	C5H12NSi+		1.000	20.712	14.834	5.878	3	0.134	2.219	2.219	0.593		114.073	355	5.914	857338653567901270	857336440331455560	857336440327261255	4976	
1	C30H49N3O6	[M + H]+	C30H50N3O6+		0.811	20.116	20.116	0.000	9	0.990	0.451	1.110	-9.269		548.364	355	5.916	857338665597165739	857336440436313164	857336440432118859	4905	
1	C10H13NO3	[M + H]+	C10H14NO3+		0.999	54.422	54.422	0.000	8	0.914	3.212	3.212	0.511		196.097	358	5.963	857338653223968332	857336440541170768	857336440541170767	5081	
1	C27H53N5O9	[M + H]+	C27H54N5O9+		0.959	51.643	51.643	0.000	9	0.983	1.321	1.582	-2.051		592.390	367	6.108	857338660920516184	857336440646028372	857336440641834067	5118	
1	C25H46N4O9	[M + H3N + H]+	C25H50N5O9+		0.845	22.879	22.879	0.000	7	0.964	1.092	1.092	-2.117		564.359	367	6.111	857338673423737179	857336440738303064	857336440734108759	5126	
1	C24H50O13	[M + H]+	C24H51O13+		0.777	46.400	46.400	0.000	7	0.970	1.515	1.515	0.369		547.333	367	6.113	857338674078048613	857336440830577756	857336440826383451	5196	
1	C10H22O4	[M + H]+	C10H23O4+		1.000	27.980	24.653	3.327	3	0.797	6.138	6.138	0.166		207.159	367	6.114	857338670349312342	857336440931241056	857336440931241055	5176	
1	C13H25N	[M + H]+	C13H26N+		1.000	26.239	23.093	3.145	4	0.987	0.815	0.815	0.325		196.206	368	6.131	857339020691146427	857336441036098660	857336441036098659	5234	
1	C12H23NO3	[M + H]+	C12H24NO3+		0.820	2.000	2.000	0.000	0	0.000			0.391		230.175	372	6.194	857339022314342213	857336441132567656	857336441128373351	5324	
1	C14H27NO4	[M + H]+	C14H28NO4+		0.985	10.753	6.982	3.771	1	1.000	-9.559	9.559	0.165		274.201	376	6.275	857339022977042250	857336441220648044	857336441216453739	5491	
1	C16H25NO4	[M + H]+	C16H26NO4+		0.692	28.435	28.435	0.000	7	1.000	1.276	1.276	-9.098		296.183	378	6.298	857339025158080340	857336441304534128	857336441304534127	5495	
1	C34H46N4O5	[M + H3N + H]+	C34H50N5O5+		0.303	24.598	24.598	0.000	8	0.977	1.118	1.118	7.666		608.385	378	6.301	857339031776692063	857336441388420212	857336441388420211	5497	
1	C35H57NO9	[M + H]+	C35H58NO9+		0.882	32.640	32.640	0.000	13	0.997	1.127	1.127	9.351		636.417	378	6.302	857339057580050958	857336441484889208	857336441480694903	5504	
1	C26H54O14	[M + H]+	C26H55O14+		0.902	20.497	20.497	0.000	6	0.989	1.199	1.199	0.164		591.359	378	6.304	857339045445929444	857336441774296188	857336441774296187	5492	
1	C9H6O3	[M + H]+	C9H7O3+		0.332	84.631	84.631	0.000	15	0.771	1.735	1.735	-0.003		163.039	383	6.375	857339048977533432	857336441841405056	857336441841405055	5622	
1	C16H24O4	[M + H]+	C16H25O4+		1.000	27.866	25.151	2.715	5	0.938	0.698	0.698	0.407		281.175	383	6.381	857339047169788398	857336441912708228	857336441908513923	5641	
1	C10H22O4	[M + H]+	C10H23O4+		1.000	40.327	40.327	0.000	5	0.843	1.145	1.145	0.504		207.159	388	6.460	857339039058004115	857336441975622792	857336441975622791	5775	
1	C18H25N2O3	[M + H]+	C18H26N2O3+		0.284	32.134	32.134	0.000	5	0.882	1.679	1.679	7.247		318.196	388	6.464	857339042635745433	857336442046925964	857336442042731659	5742	
1	C37H61NO10	[M + H]+	C37H62NO10+		0.622	27.724	27.724	0.000	15	0.984	1.047	1.047	8.636		680.443	388	6.468	857339172822751485	857336442114034832	857336442109840527	5741	
1	C22H34O4	[M + H]+	C22H35O4+		0.892	10.539	10.539	0.000	1	1.000	1.775	1.775	2.461		363.254	388	6.475	857339100038991686	857336442252446872	857336442252446871	5757	
1	C7H7N3	[M + H]+	C7H8N3+		0.913	54.522	54.522	0.000	16	0.986	1.975	1.975	0.495		134.071	390	6.502	857339290519127391	857336442319555740	857336442319555739	5795	
1	C18H29NO5	[M + H]+	C18H30NO5+		0.743	62.472	62.472	0.000	8	0.918	1.199	1.199	-8.052		340.209	397	6.620	857339111053234023	857336442382470304	857336442382470303	5991	
1	C20H36N2O5	[M + H]+	C20H37N2O5+		0.863	14.265	14.265	0.000	3	0.828	0.865	0.865	-6.615		385.267	397	6.620	857339103058890577	857336442449579172	857336442445384867	5995	
1	C19H34N2O5	[M + H]+	C19H35N2O5+		0.770	10.762	10.762	0.000	2	0.745	1.196	1.196	-6.650		371.252	397	6.624	857339105520947036	857336442512493736	857336442512493735	5994	
1	C45H61N3O5	[M + H]+	C45H62N3O5+		0.719	23.806	23.806	0.000	9	0.966	0.903	0.903	0.734		724.469	398	6.625	857339387504018840	857336442575408300	857336442575408299	6004	
1	C15H27NO5	[M + H]+	C15H28NO5+		0.465	5.626	2.000	3.626	0	0.000			0.267		302.196	403	6.709	857339310903444838	857336442642517168	857336442642517167	6063	
1	C9H17NO6	[M + H]+	C9H18NO6+		0.204	10.671	10.671	0.000	1	0.545	6.523	6.523	0.408		236.113	403	6.717	857339353727288710	857336442709626036	857336442705431731	6116	
1	C7H10O4	[M + H]+	C7H11O4+		0.487	7.805	7.805	0.000	1	0.001	6.975	6.975	0.281		159.065	403	6.720	857339441375659427	857336442772540600	857336442772540599	6114	
1	C12H17N5O2	[M + H]+	C12H18N5O2+		0.274	2.000	2.000	0.000	0	0.000			-4.661		264.144	403	6.720	857339319963141489	857336442852232380	857336442852232379	6095	
1	C12H26O5	[M + H]+	C12H27O5+		0.998	105.537	102.305	3.232	18	0.979	1.489	1.489	0.436		251.185	406	6.767	857339352708072828	857336442915146944	857336442915146943	6264	
1	C12H31N4O4	[M + H]+	C12H32N4O4+		0.559	11.430	8.864	2.566	2	0.792	3.507	3.507	4.973		296.243	406	6.770	857339521885324731	857336442978061508	857336442978061507	6284	
1	C24H38O5	[M + H]+	C24H39O5+		0.856	19.692	19.692	0.000	2	0.657	1.110	1.110	2.625		407.280	407	6.775	857339467485201841	857336443036781768	857336443036781767	6243	
1	C41H69NO12	[M + H]+	C41H70NO12+		0.726	19.222	19.222	0.000	7	1.000	1.263	1.263	7.530		768.495	407	6.778	857339788034888859	857336443099696332	857336443099696331	6218	
1	C23H36O5	[M + H]+	C23H37O5+		0.686	17.752	17.752	0.000	3	0.970	1.058	1.058	2.541		393.265	407	6.780	857339791507772581	857336443175193808	857336443175193807	6230	
1	C16H22N2O2	[M + H]+	C16H23N2O2+		0.986	81.967	81.967	0.000	18	0.993	1.408	1.408	0.384		275.176	410	6.835	857339805193786976	857336443254885588	857336443254885587	6302	
1	C11H22O5	[M + H]+	C11H23O5+		1.000	74.389	74.389	0.000	11	0.931	1.513	1.513	0.764		235.154	413	6.892	857339798218659094	857336443326188760	857336443326188759	6265	
1	C16H29N7O4	[M + H]+	C16H30N7O4+		0.440	45.681	45.681	0.000	6	0.853	1.304	1.304	0.211		384.235	414	6.905	857339802748507732	857336443401686236	857336443401686235	6418	
1	C18H36N8O4	[M + H]+	C18H37N8O4+		0.335	13.588	13.588	0.000	3	0.789	1.269	1.269	0.587		429.293	414	6.906	857339801343415882	857336443464600800	857336443464600799	6416	
1	C24H40O4	[M + Na]+	C24H40NaO4+		0.353	14.581	14.581	0.000	3	0.877	0.820	0.820	-9.392		415.278	415	6.913	857339807186081507	857336443531709668	857336443531709667	6433	
1	C8H15NO	[M + H]+	C8H16NO+		1.000	36.692	33.614	3.078	3	0.589	2.043	2.043	0.840		142.123	416	6.932	857339803125995102	857336443598818536	857336443598818535	6450	
1	C17H33NO5	[M + H]+	C17H34NO5+		1.000	161.112	161.112	0.000	33	0.924	1.455	1.455	0.091		332.243	416	6.939	857339831429161346	857336443665927404	857336443665927403	6461	
1	C12H31N4O4	[M + H]+	C12H32N4O4+		0.577	16.699	14.153	2.545	2	0.686	2.846	2.846	4.905		296.243	416	6.940	857339813284599863	857336443737230576	857336443737230575	6506	
1	C15H22O3	[M + H]+	C15H23O3+		0.333	226.461	224.313	2.148	39	0.979	1.338	1.338	0.434		251.164	416	6.941	857339854904689716	857336443808533748	857336443804339443	6454	
1	C14H27NO5	[M + H]+	C14H28NO5+		0.620	5.516	2.000	3.516	0	0.000			0.278		290.196	417	6.954	857339813246851116	857336443892419832	857336443892419831	6479	
1	C12H26O5	[M + H]+	C12H27O5+		0.997	128.689	128.689	0.000	20	0.932	0.709	0.709	0.397		251.185	419	6.979	857339815088150593	857336443976305916	857336443976305915	6555	
1	C15H22O4	[M + H]+	C15H23O4+		1.000	266.462	266.462	0.000	38	0.998	1.573	1.573	0.391		267.159	420	7.008	857339855730967625	857336444051803392	857336444047609087	6549	
1	C22H17FN6O2	[M + H]+	C22H18FN6O2+		0.555	37.470	37.470	0.000	8	0.892	-1.604	1.635	-2.633		417.146	421	7.015	857339826861563418	857336444123106564	857336444123106563	6523	
1	C17H31NO5	[M + H]+	C17H32NO5+		0.714	22.143	22.143	0.000	3	0.632	1.378	1.378	0.092		330.228	422	7.026	857339854808220714	857336444194409736	857336444190215431	6576	
1	C11H19NO2	[M + H]+	C11H20NO2+		1.000	69.908	68.476	1.432	8	0.912	1.245	1.245	0.629		198.149	422	7.030	857340435463475128	857336444303461644	857336444299267339	6573	
1	C12H27N	[M + H]+	C12H28N+		1.000	36.675	36.675	0.000	7	0.961	0.667	0.667	0.342		186.222	422	7.037	857339839658394665	857336444383153424	857336444383153423	6590	
1	C20H31N5O4	[M + H]+	C20H32N5O4+		0.466	38.569	38.569	0.000	6	0.853	1.632	1.632	9.573		406.249	422	7.039	857339855949071443	857336444454456596	857336444450262291	6624	
1	C25H40O6	[M + H]+	C25H41O6+		0.894	17.393	17.393	0.000	3	0.984	1.032	1.032	2.503		437.291	422	7.041	857340013763956643	857336444525759768	857336444525759767	6628	
1	C26H42O6	[M + H]+	C26H43O6+		0.901	16.876	16.876	0.000	3	1.000	1.415	1.415	2.359		451.306	423	7.046	857340434293264301	857336444601257244	857336444597062939	6626	
1	C19H38N8O5	[M + H]+	C19H39N8O5+		0.315	14.554	14.554	0.000	3	0.811	1.242	1.242	1.039		459.304	429	7.153	857340003928313719	857336444693531936	857336444689337631	6779	
1	C18H33N7O5	[M + H]+	C18H34N7O5+		0.584	30.285	30.285	0.000	7	0.908	1.112	1.112	0.715		428.262	430	7.167	857339975805505389	857336444777418020	857336444777418019	6799	
1	C12H16O	[M + H]+	C12H17O+		0.500	132.399	132.399	0.000	33	0.735	0.821	0.845	0.330		177.127	432	7.200	857340012295950217	857336444899052840	857336444899052839	6829	
1	C13H23N5	[M + H]+	C13H24N5+		0.329	2.000	2.000	0.000	0	0.000			-4.765		250.201	432	7.203	857340008974061441	857336445003910444	857336445003910443	6837	
1	C11H21NO4Se	[M + H]+	C11H22NO4Se+		1.000	133.445	133.445	0.000	40	0.707	-4.275	4.452	-2.421		306.076	432	7.203	857340498499669949	857336445083602224	857336445083602223	6839	
1	C8H16O2	[M + H]+	C8H17O2+		0.999	4.500	4.500	0.000	0	0.000			0.440		145.122	432	7.203	857340626354638791	857336445159099700	857336445159099699	6836	
1	C9H19F2N3	[M + H]+	C9H20F2N3+		0.988	6.595	3.899	2.696	1	0.172	5.998	5.998	2.544		208.163	432	7.204	857340733301002186	857336445242985784	857336445238791479	6844	
1	C10H22O4	[M + Na]+	C10H22NaO4+		0.546	29.769	29.769	0.000	5	0.891	1.257	1.257	0.393		229.141	432	7.205	857340745665810384	857336445318483260	857336445318483259	6849	
1	C6H14O4	[M + H]+	C6H15O4+		0.412	21.999	21.999	0.000	5	0.470	0.435	0.435	0.494		151.097	432	7.205	857340763936199156	857336445402369344	857336445402369343	6858	
1	C9H15FO	[M + H]+	C9H16FO+		0.321	98.317	98.317	0.000	17	0.110	-9.491	9.491	-6.912		159.117	432	7.205	857340776183566848	857336445494644036	857336445494644035	6831	
1	C10H22O4	[M + H]+	C10H23O4+		1.000	60.635	55.683	4.952	9	0.937	1.045	3.189	0.407		207.159	432	7.206	857340800208540171	857336445578530120	857336445578530119	6845	
1	C10H22O4	[M + H3N + H]+	C10H26NO4+		0.997	57.305	57.305	0.000	9	0.757	1.267	1.298	0.247		224.186	432	7.206	857340818332127768	857336445641444684	857336445641444683	6850	
1	C13H25N5	[M + H]+	C13H26N5+		0.646	6.709	2.065	4.644	1	0.006	0.443	0.443	-5.243		252.217	432	7.206	857340874825216389	857336445712747856	857336445708553551	6843	
1	C6H12O3	[M + H]+	C6H13O3+		0.499	4.500	4.500	0.000	0	0.000			0.446		133.086	433	7.209	857340873545953663	857336445771468116	857336445771468115	6848	
1	C27H35N3O3	[M + H]+	C27H36N3O3+		0.451	23.406	23.406	0.000	5	0.924	0.854	0.854	-0.574		450.275	437	7.276	857340876595212682	857336445830188376	857336445830188375	6973	
1	C12H17NO2	[M + H]+	C12H18NO2+		0.961	27.333	24.033	3.300	3	0.811	0.904	0.904	0.359		208.133	440	7.337	857340890994258339	857336445901491548	857336445897297243	7066	
1	C17H31N5O2	[M + H]+	C17H32N5O2+		0.574	8.618	8.618	0.000	1	0.759	1.148	1.148	-4.026		338.254	441	7.356	857340887185830294	857336445981183328	857336445981183327	7038	
1	C12H27NO	[M + H]+	C12H28NO+		1.000	30.195	26.807	3.388	4	0.930	2.704	3.031	0.391		202.217	441	7.357	857340890620965281	857336446056680804	857336446052486499	7088	
1	C25H46N2O8	[M + H]+	C25H47N2O8+		0.498	15.982	15.982	0.000	4	1.000	1.210	1.210	-4.476		503.330	443	7.381	857340907314295516	857336446123789672	857336446123789671	7126	
1	C24H41NO8	[M + H]+	C24H42NO8+		0.511	24.632	24.632	0.000	6	0.925	0.975	0.975	-4.984		472.288	443	7.382	857340910309028582	857336446186704236	857336446186704235	7118	
1	C26H48N2O8	[M + H]+	C26H49N2O8+		0.282	9.511	9.511	0.000	2	1.000	1.676	1.676	-4.316		517.346	443	7.385	857340911793812208	857336446253813104	857336446253813103	7137	
1	C12H16O3	[M + H]+	C12H17O3+		1.000	92.231	92.231	0.000	11	0.632	0.877	0.877	0.474		209.117	445	7.423	857340922493482269	857336446320921972	857336446316727667	7191	
1	C12H27NO3	[M + H]+	C12H28NO3+		1.000	77.895	72.071	5.824	18	0.997	1.577	1.577	0.469		234.206	446	7.429	857340916667593662	857336446392225144	857336446392225143	7192	
1	C16H31NO5	[M + H]+	C16H32NO5+		0.416	6.867	6.867	0.000	2	0.761	-1.141	2.003	0.316		318.228	447	7.444	857340918496310209	857336446463528316	857336446463528315	7201	
1	C7H5NOS	[M + H]+	C7H6NOS+		0.990	77.411	77.411	0.000	17	0.995	1.354	1.354	0.518		152.017	447	7.450	857341238509123479	857336446534831488	857336446530637183	7229	
1	C29H39N3O4	[M + H]+	C29H40N3O4+		0.475	26.286	26.286	0.000	6	0.899	1.009	1.009	-0.249		494.301	449	7.489	857340963266311533	857336446597746052	857336446593551747	7276	
1	C13H19N5	[M + H]+	C13H20N5+		0.326	2.000	2.000	0.000	0	0.000			-4.883		246.170	450	7.497	857341233589204879	857336446669049224	857336446664854919	7288	
1	C16H31N5O	[M + H]+	C16H32N5O+		0.496	17.174	14.241	2.933	2	0.920	3.746	3.746	-4.148		310.259	452	7.532	857341049694140278	857336446748741004	857336446748741003	7327	
1	C12H27N	[M + H]+	C12H28N+		1.000	28.862	23.590	5.272	2	0.621	3.088	3.088	0.449		186.222	454	7.563	857341009617565275	857336446824238480	857336446820044175	7376	
1	C12H25NO3	[M + H]+	C12H26NO3+		0.500	79.068	75.705	3.363	16	0.984	0.680	0.680	0.602		232.191	454	7.568	857341038294021990	857336446916513172	857336446912318867	7351	
1	C34H46N2O4	[M + H]+	C34H47N2O4+		0.498	13.135	13.135	0.000	3	1.000	0.185	0.185	6.076		547.356	455	7.584	857341271748982689	857336446983622040	857336446979427735	7383	
1	C22H41N7O7	[M + H]+	C22H42N7O7+		0.319	22.938	22.938	0.000	5	1.000	0.315	0.315	0.924		516.315	455	7.592	857341049002080108	857336447046536604	857336447046536603	7402	
1	C12H26O5	[M + H3N + H]+	C12H30NO5+		0.953	14.635	14.635	0.000	3	0.711	5.840	5.840	0.337		268.212	456	7.601	857341105528715141	857336447113645472	857336447109451167	7455	
1	C6H21N9O2	[M + H]+	C6H22N9O2+		0.936	17.496	15.897	1.600	2	0.654	3.794	3.794	-1.417		252.189	456	7.602	857341274320091053	857336447184948644	857336447184948643	7411	
1	C15H33N2O2	[M + Na]+	C15H33N2NaO2+		0.986	10.902	10.902	0.000	4	0.628	6.515	6.515	-0.587		296.243	456	7.603	857341647231466109	857336447252057512	857336447247863207	7453	
1	C12H26O5	[M + H]+	C12H27O5+		0.667	63.090	63.090	0.000	10	0.924	1.889	1.889	0.317		251.185	456	7.606	857341664604276085	857336447319166380	857336447319166379	7460	
1	C13H25N5O3	[M + Na]+	C13H25N5NaO3+		0.423	11.463	11.463	0.000	1	0.684	-0.609	0.609	3.289		322.186	459	7.650	857341654693134629	857336447373692336	857336447373692335	7441	
1	C12H20O7	[M + H]+	C12H21O7+		1.000	46.758	46.758	0.000	6	0.973	0.788	0.788	0.327		277.128	460	7.669	857341651866173722	857336447424023988	857336447419829683	7477	
1	C16H31N5O	[M + H]+	C16H32N5O+		0.919	30.378	30.378	0.000	6	0.929	16.748	16.748	-4.084		310.259	463	7.723	857341651761316101	857336447507910072	857336447507910071	7628	
1	C13H28O5	[M + H]+	C13H29O5+		0.967	18.634	18.634	0.000	3	0.983	6.007	6.007	0.526		265.201	464	7.726	857341651752927483	857336447558241724	857336447558241723	7631	
1	C2H4O2	[M + K]+	C2H4KO2+		1.000	22.867	22.867	0.000	2	0.620	-0.672	1.430	-0.682		98.984	467	7.784	857341656060477758	857336447616961984	857336447616961983	7700	
1	C14H31O8	[M + H]+	C14H32O8+		0.522	4.500	4.500	0.000	0	0.000			8.411		328.212	468	7.807	857341651853590800	857336447721819588	857336447717625283	7625	
1	C14H27NO7	[M + H]+	C14H28NO7+		0.489	5.270	2.229	3.041	1	0.250	0.368	0.368	0.066		322.186	470	7.825	857341657998246215	857336447893786064	857336447893786063	7816	
1	C12H18O4	[M + H]+	C12H19O4+		1.000	81.147	77.718	3.430	9	0.881	1.439	1.439	0.460		227.128	470	7.827	857341664491029867	857336447780539848	857336447780539847	7798	
1	C15H21N5	[M + H]+	C15H22N5+		0.090	2.000	2.000	0.000	0	0.000			-4.490		272.186	470	7.829	857341667435431297	857336447835065804	857336447835065803	7781	
1	C12H20O7	[M + H]+	C12H21O7+		1.000	50.856	45.289	5.567	6	0.937	1.085	1.085	0.507		277.128	471	7.855	857341679837990337	857336447939923412	857336447939923411	7927	
1	C14H35N4O5	[M + H]+	C14H36N4O5+		0.491	6.879	6.879	0.000	1	0.806	1.337	1.337	4.227		340.269	475	7.910	857341670023316881	857336447986060760	857336447981866455	7914	
1	C13H25N5O3	[M + Na]+	C13H25N5NaO3+		0.958	8.747	8.747	0.000	3	0.497	-1.943	1.943	3.506		322.186	475	7.912	857341680328724721	857336448028003804	857336448028003803	7976	
1	C9H14O5	[M + H]+	C9H15O5+		0.987	17.016	17.016	0.000	2	0.916	1.822	1.822	0.148		203.091	476	7.930	857341696313223024	857336448074141152	857336448074141151	7965	
1	C9H16O4	[M + H]+	C9H17O4+		0.961	14.595	14.595	0.000	1	1.000	6.691	6.691	0.500		189.112	479	7.980	857341733550253999	857336448120278500	857336448120278499	8011	
1	C14H24O3	[M + H]+	C14H25O3+		1.000	72.422	72.422	0.000	11	0.928	1.130	1.193	0.369		241.180	480	8.006	857341697340827514	857336448158027240	857336448158027239	8065	
1	C11H21NO2	[M + H]+	C11H22NO2+		1.000	61.565	58.168	3.397	9	0.248	1.713	1.713	0.473		200.165	482	8.031	857341723156768684	857336448208358892	857336448204164587	8079	
1	C14H31O8	[M + H]+	C14H32O8+		0.423	6.203	4.500	1.703	0	0.000			8.381		328.212	484	8.067	857341698724947844	857336448258690544	857336448258690543	8126	
1	C21H28O6	[M + H]+	C21H29O6+		0.812	23.074	23.074	0.000	4	0.973	0.604	0.604	0.411		377.196	487	8.125	857341718920521634	857336448313216500	857336448313216499	8208	
1	C12H16O3	[M + H]+	C12H17O3+		0.985	91.674	91.674	0.000	12	0.838	0.675	0.675	0.522		209.117	487	8.125	857341704710219672	857336448371936760	857336448371936759	8207	
1	C13H25N5O3	[M + Na]+	C13H25N5NaO3+		0.884	19.567	14.536	5.031	3	0.601	-2.582	2.582	3.413		322.186	491	8.177	857341736314300344	857336448439045628	857336448434851323	8305	
1	C12H20O7	[M + H]+	C12H21O7+		1.000	59.151	59.151	0.000	10	0.980	0.576	0.576	0.399		277.128	491	8.186	857341700511721358	857336448493571584	857336448493571583	8327	
1	C17H25N5O	[M + H]+	C17H26N5O+		0.115	2.000	2.000	0.000	0	0.000			-3.848		316.212	491	8.192	857341755775870925	857336448552291844	857336448552291843	8311	
1	C10H18O4	[M + H]+	C10H19O4+		0.926	21.818	21.818	0.000	7	1.000	1.319	1.319	0.219		203.128	492	8.193	857341754605660100	857336448606817800	857336448606817799	8308	
1	C12H13NO2	[M + H]+	C12H14NO2+		0.995	104.150	104.150	0.000	26	0.930	1.099	1.099	0.612		204.102	492	8.195	857341787874879448	857336448669732364	857336448669732363	8313	
1	C9H14O5	[M + H]+	C9H15O5+		1.000	46.683	46.683	0.000	7	0.917	1.098	1.098	0.148		203.091	492	8.199	857341898994577050	857336448728452624	857336448728452623	8326	
1	C17H31N5O2	[M + H]+	C17H32N5O2+		0.846	11.343	11.343	0.000	2	0.925	3.860	3.860	-3.937		338.254	493	8.219	857341910864457508	857336448787172884	857336448782978579	8353	
1	C14H28O6	[M + H]+	C14H29O6+		0.977	24.346	24.346	0.000	5	0.980	1.601	1.601	0.256		293.196	493	8.223	857341903922884261	857336448845893144	857336448845893143	8357	
1	C2H5NO	[M + K]+	C2H5KNO+		0.978	5.216	5.216	0.000	1	0.659	1.636	1.636	-0.529		98.000	493	8.225	857341897295883920	857336448900419100	857336448900419099	8367	
1	C11H19NO2	[M + H]+	C11H20NO2+		1.000	38.027	34.636	3.391	4	0.835	1.708	1.708	0.730		198.149	498	8.293	857341911720095535	857336448963333664	857336448959139359	8471	
1	C10H18O4	[M + H]+	C10H19O4+		0.997	20.604	17.687	2.917	2	0.729	3.776	3.776	0.022		203.128	504	8.398	857341914358312755	857336449017859620	857336449017859619	8589	
1	C16H33NO6	[M + H]+	C16H34NO6+		0.534	11.896	11.896	0.000	1	0.545	2.069	2.069	0.136		336.238	505	8.425	857341905952927495	857336449072385576	857336449072385575	8644	
1	C17H27N5O	[M + H]+	C17H28N5O+		0.205	11.909	10.047	1.862	1	0.826	0.566	0.566	-3.761		318.228	507	8.457	857341907324464914	857336449139494444	857336449139494443	8698	
1	C10H18O4	[M + H]+	C10H19O4+		0.500	15.241	15.241	0.000	2	0.867	4.531	4.531	0.071		203.128	510	8.494	857341915687907132	857336449198214704	857336449194020399	8769	
1	C17H26N2O	[M + H]+	C17H27N2O+		0.984	49.044	49.044	0.000	12	0.994	1.049	1.049	0.654		275.212	514	8.567	857341918762331981	857336449248546356	857336449248546355	8843	
1	C14H27NO3	[M + H]+	C14H28NO3+		0.989	5.703	2.000	3.703	0	0.000			0.580		258.207	518	8.637	857341915817930567	857336449311460920	857336449307266615	8908	
1	C11H19NO2	[M + H]+	C11H20NO2+		1.000	37.456	37.456	0.000	5	0.792	0.569	0.569	0.730		198.149	519	8.650	857341921748676686	857336449361792572	857336449361792571	8938	
1	C10H18O4	[M + H]+	C10H19O4+		1.000	41.241	41.241	0.000	8	0.954	0.737	1.079	0.219		203.128	520	8.671	857341923313152159	857336449416318528	857336449416318527	8981	
1	C12H25NO3	[M + H]+	C12H26NO3+		1.000	45.505	42.440	3.065	5	0.986	0.697	0.697	0.646		232.191	520	8.674	857341927561982131	857336449479233092	857336449479233091	8971	
1	C22H29NO6	[M + H]+	C22H30NO6+		0.956	33.177	33.177	0.000	10	0.999	1.041	1.041	0.435		404.207	524	8.736	857342039969332994	857336449533759048	857336449533759047	9042	
1	C12H18O2	[M + H]+	C12H19O2+		1.000	106.151	106.151	0.000	17	0.934	0.660	1.099	0.788		195.138	524	8.738	857342040275517198	857336449592479308	857336449592479307	9050	
1	C14H27NO3	[M + H]+	C14H28NO3+		0.991	5.585	2.000	3.585	0	0.000			0.580		258.207	525	8.748	857342038157393644	857336449651199568	857336449651199567	9070	
1	C12H13NO2	[M + H]+	C12H14NO2+		1.000	119.605	116.220	3.385	23	0.954	0.393	0.505	0.612		204.102	526	8.761	857342044234940185	857336449709919828	857336449709919827	9089	
1	C9H10O	[M + H]+	C9H11O+		0.491	87.814	87.814	0.000	12	0.942	1.240	1.240	0.434		135.081	529	8.810	857342039889641200	857336449768640088	857336449768640087	9192	
1	C21H28O6	[M + H]+	C21H29O6+		0.997	62.968	56.723	6.246	13	0.954	0.950	0.950	0.490		377.196	530	8.827	857342051298149259	857336449827360348	857336449827360347	9186	
1	C16H23O12	[M + Na]+	C16H23NaO12+		1.000	112.593	107.045	5.548	29	0.975	-2.136	2.204	-1.516		430.108	530	8.828	857342081836883747	857336449890274912	857336449886080607	9180	
1	C10H11N2O2	[M + H3N + H]+	C10H15N3O2+		1.000	70.298	66.818	3.480	17	0.913	0.926	0.926	6.943		209.117	530	8.828	857342055375012757	857336449953189476	857336449948995171	9173	
1	C21H28O6	[M + H3N + H]+	C21H32NO6+		0.725	45.759	45.759	0.000	8	0.996	0.770	0.882	0.497		394.223	530	8.830	857342068108926373	857336450062241388	857336450062241387	9190	
1	C17H25O14	[M + Na]+	C17H25NaO14+		0.961	18.044	14.689	3.355	5	0.700	-1.974	1.974	-1.242		476.113	530	8.830	857342094046502731	857336450125155952	857336450120961647	9171	
1	C11H31N5O5P2	[M + H]+	C11H32N5O5P2+		0.959	59.696	59.696	0.000	24	0.900	-2.709	2.845	2.156		376.188	530	8.831	857342165320310671	857336450204847732	857336450204847731	9202	
1	C12H27N	[M + H]+	C12H28N+		1.000	19.608	16.451	3.157	2	0.800	5.251	5.251	0.449		186.222	530	8.835	857342187315240858	857336450263567992	857336450259373687	9177	
1	C9H14O5	[M + H]+	C9H15O5+		1.000	71.658	67.716	3.943	8	0.989	1.596	1.596	0.345		203.091	534	8.892	857342117144534894	857336450330676860	857336450330676859	9256	
1	C10H14O6	[M + H]+	C10H15O6+		1.000	32.500	32.500	0.000	6	1.000	1.304	1.304	0.543		231.086	534	8.894	857342158328405890	857336450389397120	857336450389397119	9259	
1	C7H8O4	[M + H]+	C7H9O4+		1.000	35.304	35.304	0.000	4	0.500	4.850	4.850	0.858		157.050	534	8.894	857342100459593572	857336450448117380	857336450448117379	9252	
1	C12H20O7	[M + H3N + H]+	C12H24NO7+		0.995	21.948	21.948	0.000	6	0.764	0.955	0.955	0.243		294.155	534	8.894	857342100006608730	857336450515226248	857336450511031943	9258	
1	C12H20O7	[M + Na]+	C12H20NaO7+		0.867	4.468	4.468	0.000	0	0.000	0.389	0.389	0.355		299.110	534	8.894	857342131602300792	857336450586529420	857336450582335115	9254	
1	C12H20O7	[M + H]+	C12H21O7+		1.000	99.833	94.002	5.831	14	0.985	1.232	1.232	0.543		277.128	534	8.895	857342085041332023	857336450703969936	857336450703969935	9253	
1	C14H27NO7	[M + H]+	C14H28NO7+		0.973	29.244	21.126	8.119	6	0.789	1.516	1.516	0.190		322.186	534	8.895	857342087616634689	857336450796244628	857336450796244627	9255	
1	C12H17Cl2N3O5	[M + Na]+	C12H17Cl2N3NaO5+		0.993	95.006	95.006	0.000	44	0.661	2.272	2.272	3.998		376.045	534	8.895	857342266193321883	857336450863353496	857336450863353495	9264	
1	C9H20N2O	[M + H]+	C9H21N2O+		1.000	43.282	43.282	0.000	6	0.596	2.172	2.733	0.752		173.165	536	8.925	857342163541925773	857336450917879452	857336450917879451	9231	
1	C9H19NOS	[M + H]+	C9H20NOS+		0.999	33.405	28.259	5.146	4	0.934	3.315	3.315	0.254		190.126	536	8.940	857342354936406343	857336450980794016	857336450980794015	9341	
1	C19H37N5O2	[M + H]+	C19H38N5O2+		0.549	9.327	9.327	0.000	3	1.000	1.433	1.433	-3.263		368.301	538	8.958	857342355221619035	857336451039514276	857336451039514275	9362	
1	C12H15FN3	[M + H]+	C12H16FN3+		0.992	60.947	59.471	1.477	13	0.540	1.484	2.449	1.053		221.133	538	8.973	857342364507808494	857336451098234536	857336451098234535	9342	
1	C11H21NO3	[M + H]+	C11H22NO3+		1.000	32.891	32.891	0.000	4	0.939	3.793	3.793	0.694		216.160	543	9.049	857342396569076798	857336451148566188	857336451148566187	9475	
1	C10H17NO3	[M + H]+	C10H18NO3+		1.000	77.206	74.346	2.860	13	0.235	3.107	3.107	0.301		200.128	548	9.129	857342401803569484	857336451211480752	857336451211480751	9562	
1	C14H27NO3	[M + H]+	C14H28NO3+		0.971	2.000	2.000	0.000	0	0.000			0.542		258.207	548	9.137	857342365304726264	857336451266006708	857336451266006707	9564	
1	C10H18O4	[M - H2O + H]+	C10H17O3+		1.000	90.143	86.867	3.275	18	0.707	0.973	1.262	-97292.050		185.117	553	9.213	857342396569076794	857336451333115576	857336451333115575	9667	
1	C11H17NO4Se	[M + H]+	C11H18NO4Se+		1.000	43.105	43.105	0.000	14	0.260	-5.319	5.409	-2.254		302.045	553	9.214	857342403032500880	857336451396030140	857336451396030139	9663	
1	C10H18O4	[M + H]+	C10H19O4+		1.000	101.248	101.248	0.000	14	0.931	1.338	1.338	0.317		203.128	553	9.214	857342365539607293	857336451450556096	857336451446361791	9662	
1	C9H13FN2O3	[M + H]+	C9H14FN2O3+		0.333	103.721	103.721	0.000	25	0.975	0.637	1.769	-3.855		217.097	553	9.215	857342462683908064	857336451509276356	857336451509276355	9675	
1	C8H12O	[M + H]+	C8H13O+		0.500	23.806	23.806	0.000	3	0.804	7.097	7.097	0.788		125.096	554	9.226	857342444723898148	857336451584773832	857336451584773831	9665	
1	C23H31NO6	[M + H]+	C23H32NO6+		0.930	29.367	29.367	0.000	8	0.991	1.387	1.387	0.731		418.223	554	9.241	857342452311394168	857336451660271308	857336451660271307	9709	
1	C14H31NO3	[M + H]+	C14H32NO3+		1.000	63.433	63.433	0.000	16	0.994	1.157	1.157	0.418		262.238	561	9.346	857342447794128715	857336451735768784	857336451735768783	9808	
1	C8H16OS3	[M + H]+	C8H17OS3+		1.000	58.330	51.601	6.729	14	0.908	1.648	1.648	0.380		225.044	561	9.348	857342456379869096	857336451811266260	857336451811266259	9811	
1	C20H37N5O3	[M + H]+	C20H38N5O3+		0.922	10.264	10.264	0.000	2	0.987	3.680	3.680	-2.868		396.296	564	9.399	857342448389719898	857336451882569432	857336451882569431	9884	
1	C18H30N4O3	[M + H3N + H]+	C18H34N5O3+		0.757	11.374	11.374	0.000	2	0.953	3.944	3.944	-3.222		368.264	564	9.399	857342446250624821	857336451953872604	857336451953872603	9887	
1	C17H34O7	[M + H]+	C17H35O7+		0.937	14.579	14.579	0.000	2	0.996	3.810	3.810	0.171		351.238	564	9.402	857342448079341391	857336452029370080	857336452025175775	9885	
1	C19H23NO4	[M + H]+	C19H24NO4+		0.999	48.024	42.367	5.656	11	0.984	1.343	1.343	0.228		330.170	565	9.414	857342453208975236	857336452100673252	857336452100673251	9906	
1	C14H31N	[M + H]+	C14H32N+		1.000	49.016	45.938	3.079	8	1.000	0.845	0.845	0.110		214.253	568	9.466	857342448200976217	857336452176170728	857336452171976423	9960	
1	C18H22N2	[M + H]+	C18H23N2+		0.883	40.444	40.444	0.000	10	0.963	0.714	0.797	0.430		267.186	569	9.483	857342470669862960	857336452260056812	857336452255862507	9971	
1	C15H24FN2O	[M + H]+	C15H25FN2O+		0.509	44.941	44.941	0.000	17	0.966	-5.020	5.020	-3.404		268.194	570	9.503	857342459244578738	857336452335554288	857336452335554287	10012	
1	C13H12N2O	[M + H]+	C13H13N2O+		0.963	68.455	68.455	0.000	15	0.990	1.092	1.092	0.472		213.102	570	9.505	857342463979948021	857336452402663156	857336452402663155	10011	
1	C18H24N2	[M + H]+	C18H25N2+		0.890	39.719	39.719	0.000	16	0.938	0.837	0.837	0.612		269.201	570	9.506	857342465305348106	857336452637544184	857336452637544183	10008	
1	C14H29NO3	[M + H]+	C14H30NO3+		1.000	47.101	44.037	3.064	10	0.995	1.029	1.029	0.307		260.222	570	9.508	857342453947172750	857336452696264444	857336452696264443	9987	
1	C19H20N2O9	[M + Na]+	C19H20N2NaO9+		0.303	6.930	6.930	0.000	2	0.504	-0.170	0.908	-7.382		443.103	572	9.537	857342460427372476	857336452750790400	857336452750790399	10060	
1	C9H10O	[M + H]+	C9H11O+		0.498	78.914	78.914	0.000	14	0.940	1.379	1.379	0.360		135.080	572	9.537	857342454077196178	857336452805316356	857336452805316355	10052	
1	C18H21O4	[M + H]+	C18H22O4+		0.692	46.137	46.137	0.000	13	0.994	1.436	1.436	0.329		302.151	572	9.538	857342462260283350	857336452859842312	857336452855648007	10073	
1	C21H17NO5	[M + K]+	C21H17KNO5+		0.995	98.913	98.913	0.000	28	0.927	8.474	8.474	6.017		402.076	572	9.538	857342632007961881	857336452922756876	857336452922756875	10061	
1	C8H13Cl3O2	[M + K]+	C8H13Cl3KO2+		0.555	46.168	37.360	8.808	6	0.949	0.668	0.668	-0.038		284.961	573	9.550	857342464596510720	857336452981477136	857336452977282831	10094	
1	C12H27N	[M + H]+	C12H28N+		1.000	15.347	12.010	3.337	1	1.000	6.558	6.558	0.288		186.222	575	9.585	857342468157474863	857336453031808788	857336453031808787	10136	
1	C11H21NO	[M + H]+	C11H22NO+		0.500	41.963	39.318	2.645	7	0.991	4.892	4.892	0.648		184.170	576	9.607	857342461287204807	857336453086334744	857336453086334743	10179	
1	C10H17NO3	[M + H]+	C10H18NO3+		1.000	101.105	101.105	0.000	18	0.255	1.437	1.437	0.350		200.128	577	9.617	857342473131919443	857336453136666396	857336453132472091	10198	
1	C11H12O3	[M + H]+	C11H13O3+		0.999	96.503	96.503	0.000	16	0.988	1.235	1.235	0.877		193.086	583	9.724	857342476051155037	857336453182803744	857336453182803743	10307	
1	C22H30N2O3	[M + Na]+	C22H30N2NaO3+		0.736	25.359	25.359	0.000	8	0.966	0.532	0.532	6.349		393.217	584	9.735	857342483584125042	857336453228941092	857336453228941091	10350	
1	C13H18Cl4F5N3O4	[M + H]+	C13H19Cl4F5N3O4+		0.839	27.037	10.764	16.273	5	0.973	-0.604	1.310	-0.764		516.004	585	9.749	857342471110264900	857336453287661352	857336453283467047	10379	
1	C12H22ClN5O7S3	[M + K]+	C12H22ClKN5O7S3+		0.141	24.176	12.750	11.426	7	0.982	-0.100	3.742	1.898		518.001	585	9.749	857342484913719420	857336453346381612	857336453342187307	10380	
1	C11H22N2O	[M + H]+	C11H23N2O+		1.000	37.134	37.134	0.000	12	0.973	3.265	3.265	0.553		199.181	586	9.773	857342454601484196	857336453400907568	857336453396713263	10391	
1	C13H8O	[M + H]+	C13H9O+		0.943	43.205	43.205	0.000	10	0.974	1.620	1.620	0.324		181.065	589	9.817	857342479842805863	857336453459627828	857336453459627827	10442	
1	C12H16O3	[M + H]+	C12H17O3+		1.000	93.393	93.393	0.000	19	0.798	1.221	1.221	0.570		209.117	590	9.833	857342461702440908	857336453572874044	857336453568679739	10469	
1	C12H23NO	[M + H]+	C12H24NO+		0.500	50.626	50.626	0.000	5	0.737	1.904	1.904	0.601		198.185	591	9.843	857342472276281422	857336453518348088	857336453518348087	10492	
1	C10H15NO2S	[M + H]+	C10H16NO2S+		0.925	62.683	62.683	0.000	14	0.861	2.426	2.426	0.485		214.090	592	9.865	857342465531840532	857336453623205696	857336453619011391	10503	
1	C11H21NO	[M + H]+	C11H22NO+		1.000	58.602	55.138	3.463	10	0.994	1.143	1.143	0.756		184.170	593	9.883	857342454970582950	857336453673537348	857336453673537347	10538	
1	C11H12O	[M + H]+	C11H13O+		0.476	54.289	54.289	0.000	7	0.860	1.813	1.813	0.239		161.096	593	9.888	857342450210047844	857336453723869000	857336453723868999	10526	
1	C8H6O	[M + H]+	C8H7O+		0.993	29.897	29.897	0.000	3	1.000	3.832	3.832	0.997		119.049	594	9.892	857342467947759646	857336453774200652	857336453770006347	10525	
1	C10H15NO2S	[M + H]+	C10H16NO2S+		0.803	38.275	38.275	0.000	6	0.838	5.065	5.065	0.392		214.090	596	9.938	857342470959269946	857336453837115216	857336453837115215	10601	
1	C20H25NO4	[M + H]+	C20H26NO4+		0.965	27.475	27.475	0.000	6	1.000	0.664	0.664	0.509		344.186	599	9.977	857342495672109192	857336453887446868	857336453887446867	10645	
1	C12H23NO	[M + H]+	C12H24NO+		1.000	75.565	73.931	1.634	9	0.851	0.972	0.972	0.551		198.185	600	10.007	857343150386187632	857336453941972824	857336453941972823	10685	
1	C12H9NO	[M + H]+	C12H10NO+		0.887	95.042	95.042	0.000	25	0.946	1.294	1.294	0.704		184.076	602	10.037	857343431878520791	857336453996498780	857336453996498779	10722	
1	C12H17NO	[M + H]+	C12H18NO+		1.000	66.647	66.647	0.000	15	0.954	1.519	1.519	0.309		192.138	603	10.047	857343453353358504	857336454046830432	857336454046830431	10741	
1	C15H29N5	[M + H]+	C15H30N5+		0.504	2.000	2.000	0.000	0	0.000			-4.397		280.248	605	10.081	857343458084533426	857336454097162084	857336454092967779	10779	
1	C19H23NO5	[M + H]+	C19H24NO5+		0.988	92.801	92.801	0.000	20	0.977	1.334	1.334	0.320		346.165	606	10.098	857343478053614803	857336454147493736	857336454147493735	10797	
1	C11H13F3N2O3	[M + H]+	C11H14F3N2O3+		0.875	40.660	40.660	0.000	14	0.923	-2.091	2.933	-5.960		279.093	609	10.144	857343499012552984	857336454197825388	857336454197825387	10835	
1	C12H18O2Si	[M + H]+	C12H19O2Si+		0.942	90.389	89.214	1.175	31	0.923	2.095	2.095	1.511		223.115	610	10.161	857343479601312989	857336454256545648	857336454256545647	10860	
1	C27H30FN3O3	[M + H]+	C27H31FN3O3+		0.724	53.978	49.737	4.241	13	0.927	-2.871	2.949	-2.211		464.233	610	10.169	857343484596729063	857336454311071604	857336454306877299	10871	
1	C12H23NO3	[M + H]+	C12H24NO3+		1.000	66.778	66.778	0.000	8	0.835	1.435	1.435	0.521		230.175	610	10.172	857343498974804245	857336454353014648	857336454353014647	10874	
1	C11H14N2OS2	[M + H]+	C11H15N2OS2+		1.000	73.240	67.914	5.325	12	0.971	1.417	1.417	0.268		255.062	611	10.176	857343520873272811	857336454415929212	857336454411734907	10882	
1	C10H15NO2S	[M + H]+	C10H16NO2S+		0.996	70.847	65.810	5.038	10	0.836	1.729	1.729	0.392		214.090	612	10.198	857343567396555762	857336454466260864	857336454462066559	10946	
1	C12H23NO	[M + H]+	C12H24NO+		1.000	101.077	95.873	5.205	24	0.873	1.254	1.254	0.601		198.185	617	10.288	857343579253853212	857336454508203908	857336454504009603	11050	
1	C12H25NO3	[M + H]+	C12H26NO3+		1.000	40.429	40.429	0.000	8	0.960	0.803	0.803	0.516		232.191	619	10.313	857343567388167150	857336454550146952	857336454550146951	11128	
1	C11H20O4	[M + H]+	C11H21O4+		0.333	141.643	141.643	0.000	27	0.998	1.069	1.069	0.481		217.144	622	10.373	857343567472053256	857336454596284300	857336454596284299	11184	
1	C15H29NO3	[M + H]+	C15H30NO3+		1.000	19.417	16.096	3.320	2	1.000	4.141	4.141	0.330		272.222	623	10.383	857343567375584229	857336454642421648	857336454638227343	11206	
1	C13H24N2O	[M + H]+	C13H25N2O+		1.000	33.535	30.827	2.708	5	0.941	0.961	0.961	0.312		225.196	624	10.401	857343567379778539	857336454680170388	857336454680170387	11199	
1	C14H12O2	[M + H]+	C14H13O2+		0.803	68.003	68.003	0.000	11	0.773	1.376	1.376	0.347		213.091	625	10.415	857343594776972449	857336454717919128	857336454717919127	11235	
1	C18H22N2O	[M + H]+	C18H23N2O+		0.832	37.468	37.468	0.000	9	1.000	1.185	1.185	0.213		283.181	625	10.416	857343567459470333	857336454764056476	857336454764056475	11247	
1	C14H11Cl2O12P	[M + H]+	C14H12Cl2O12P+		0.991	32.471	25.331	7.140	8	0.971	0.220	0.310	-1.108		472.943	625	10.423	857343590213569668	857336454814388128	857336454810193823	11252	
1	C10H19Cl2N5O11P2	[M + H]+	C10H20Cl2N5O11P2+		0.328	47.786	39.771	8.015	9	0.922	0.180	0.244	1.194		518.001	626	10.425	857343631422606587	857336454873108388	857336454873108387	11270	
1	C13H18Cl4F5N3O4	[M + H]+	C13H19Cl4F5N3O4+		0.949	27.370	11.199	16.171	5	0.968	-0.047	0.363	-0.435		516.004	626	10.429	857343585947962464	857336454923440040	857336454923440039	11269	
1	C12H15Cl4N2O7P	[M + H]+	C12H16Cl4N2O7P+		0.695	32.161	17.790	14.371	6	0.993	-0.088	0.220	3.918		470.946	626	10.430	857343585310428246	857336454973771692	857336454973771691	11263	
1	C13H21NO	[M + H3N + H]+	C13H25N2O+		1.000	102.145	102.145	0.000	17	0.722	0.740	1.018	0.267		225.196	633	10.542	857343583267802177	857336455032491952	857336455032491951	11375	
1	C13H18N2O	[M + H]+	C13H19N2O+		0.728	68.322	68.322	0.000	18	0.968	1.029	1.029	0.184		219.149	633	10.549	857343587990588536	857336455095406516	857336455091212211	11388	
1	C11H23NO2	[M + H]+	C11H24NO2+		1.000	24.350	21.353	2.997	4	0.947	2.997	2.997	0.220		202.180	635	10.585	857343580658945068	857336455149932472	857336455149932471	11429	
1	C12H22O3	[M + H]+	C12H23O3+		0.333	25.520	25.520	0.000	3	0.728	1.281	1.281	0.507		215.164	637	10.613	857343582680599608	857336455204458428	857336455204458427	11484	
1	C5H8FNO	[M + H]+	C5H9FNO+		0.783	38.672	38.672	0.000	6	0.691	-13.213	13.213	-9.559		118.065	643	10.711	857343600934210744	857336455258984384	857336455258984383	11609	
1	C12H17N3O3S2	[M + K]+	C12H17KN3O3S2+		0.992	39.951	39.951	0.000	18	0.775	-5.097	5.097	-3.309		354.033	643	10.717	857343646262054150	857336455321898948	857336455321898947	11623	
1	C3H4ClFNO2	[M + H3N + H]+	C3H8ClFN2O2+		0.999	74.508	74.508	0.000	3	0.292	-9.886	9.886	11.613		158.027	643	10.718	857343673390812452	857336455380619208	857336455376424903	11626	
1	C10H15NO2S	[M + H]+	C10H16NO2S+		0.997	77.510	69.435	8.075	15	0.870	2.281	2.281	0.205		214.090	643	10.719	857343598405045421	857336455460310988	857336455456116683	11629	
1	C13H24N2O	[M + H]+	C13H25N2O+		1.000	54.675	54.675	0.000	17	0.931	1.821	1.821	0.489		225.196	645	10.758	857343587600518261	857336455535808464	857336455535808463	11690	
1	C13H29N	[M + H]+	C13H30N+		1.000	17.117	14.013	3.104	4	0.164	2.962	2.962	0.368		200.237	649	10.815	857343591606078608	857336455611305940	857336455611305939	11747	
1	C14H21FN4O	[M + H]+	C14H22FN4O+		0.771	35.801	35.801	0.000	13	0.839	0.757	0.757	-8.592		281.175	649	10.819	857343623491177713	857336455682609112	857336455682609111	11758	
1	C11H24N2O	[M + H]+	C11H25N2O+		1.000	34.626	34.626	0.000	4	0.614	3.986	3.986	0.349		201.196	651	10.852	857343592600128658	857336455741329372	857336455741329371	11803	
1	C14H24O4	[M + H]+	C14H25O4+		0.500	150.557	147.190	3.367	31	0.964	1.718	1.718	0.133		257.175	651	10.854	857343619133295845	857336455804243936	857336455804243935	11809	
1	C18H20N2O	[M + H]+	C18H21N2O+		0.672	166.342	166.342	0.000	56	0.988	0.597	0.597	0.463		281.165	654	10.901	857343668764495120	857336455858769892	857336455858769891	11860	
1	C14H31N	[M + H]+	C14H32N+		1.000	26.449	20.773	5.676	5	0.866	4.510	4.510	0.157		214.253	658	10.968	857343594772778144	857336455917490152	857336455917490151	11951	
1	C15H15NO	[M + H]+	C15H16NO+		0.941	22.837	19.621	3.216	3	0.994	1.124	1.124	0.351		226.123	658	10.974	857343587457911914	857336455972016108	857336455972016107	11873	
1	C31H39NO8	[M + H]+	C31H40NO8+		0.836	81.569	81.569	0.000	13	0.990	0.963	0.963	0.571		554.275	659	10.991	857343672216407322	857336456026542064	857336456026542063	11984	
1	C19H22N2O6	[M + H]+	C19H23N2O6+		0.970	68.751	68.751	0.000	18	0.989	1.172	1.172	0.259		375.155	664	11.074	857343608337157339	857336456081068020	857336456081068019	12095	
1	C16H10N2O2	[M + H]+	C16H11N2O2+		0.680	33.670	33.670	0.000	13	1.000	0.458	0.643	0.327		263.082	665	11.077	857343602108615873	857336456135593976	857336456135593975	12114	
1	C13H29N	[M + H]+	C13H30N+		1.000	25.595	25.595	0.000	6	0.149	1.608	1.608	0.468		200.237	666	11.099	857343594982493356	857336456194314236	857336456194314235	12136	
1	C14H31N	[M + H]+	C14H32N+		1.000	32.031	26.348	5.683	3	0.795	3.981	3.981	0.250		214.253	667	11.117	857343583242636352	857336456257228800	857336456257228799	12180	
1	C12H24O4	[M + H]+	C12H25O4+		1.000	21.613	21.613	0.000	5	0.980	0.850	0.850	0.490		233.175	668	11.129	857343601655631036	857336456315949060	857336456311754755	12203	
1	C10H18O2	[M + H]+	C10H19O2+		1.000	81.147	81.147	0.000	11	0.729	2.082	2.082	0.197		171.138	668	11.130	857343591153093774	857336456374669320	857336456374669319	12200	
1	C15H27N5	[M + H]+	C15H28N5+		0.226	2.000	2.000	0.000	0	0.000			-4.321		278.233	668	11.130	857343584282823753	857336456433389580	857336456433389579	12202	
1	C13H24O4	[M + H]+	C13H25O4+		0.484	16.594	16.594	0.000	1	0.630	5.855	5.855	0.507		245.175	669	11.147	857343602687429835	857336456496304144	857336456496304143	12230	
1	C16H35N	[M + H]+	C16H36N+		1.000	19.125	15.352	3.773	2	1.000	4.318	4.318	0.097		242.284	670	11.163	857343584467373141	857336456559218708	857336456555024403	12250	
1	C12H18O2	[M + H]+	C12H19O2+		1.000	87.701	87.701	0.000	17	0.860	0.764	1.563	0.788		195.138	671	11.175	857343593548041364	857336456617938968	857336456617938967	12272	
1	C14H31NO	[M + H]+	C14H32NO+		1.000	15.437	11.833	3.604	2	0.923	6.290	6.290	0.386		230.248	671	11.183	857343594101689502	857336456752156704	857336456752156703	12286	
1	C12H20O3	[M + H]+	C12H21O3+		1.000	54.432	50.854	3.578	9	0.937	1.695	1.695	0.324		213.149	671	11.184	857343889825287471	857336456819265572	857336456819265571	12273	
1	C15H15NO	[M + H]+	C15H16NO+		0.984	46.490	41.885	4.605	5	0.992	1.645	1.645	0.263		226.123	671	11.186	857344616857576984	857336456886374440	857336456882180135	12299	
1	C19H38N2O3	[M + H]+	C19H39N2O3+		1.000	57.554	53.977	3.577	12	0.989	1.167	1.167	0.031		343.296	671	11.191	857344619042809436	857336456689242140	857336456689242139	12253	
1	C12H23NO	[M + H]+	C12H24NO+		1.000	71.071	69.125	1.946	10	0.918	0.697	0.697	0.702		198.185	675	11.258	857344613871232306	857336456949289004	857336456949289003	12388	
1	C12H21NO9	[M + Na]+	C12H21NNaO9+		0.354	20.751	16.617	4.135	4	0.972	1.943	1.943	-10.031		346.107	677	11.277	857344630052857532	857336457020592176	857336457016397871	12416	
1	C17H31N5O	[M + H]+	C17H32N5O+		0.147	2.000	2.000	0.000	0	0.000			-3.870		322.259	677	11.281	857344619005060683	857336457083506740	857336457083506739	12425	
1	C14H28O5	[M + H]+	C14H29O5+		1.000	22.424	22.424	0.000	3	0.867	1.372	1.372	0.648		277.201	677	11.282	857344620716336751	857336457142227000	857336457138032695	12433	
1	C14H31N	[M + H]+	C14H32N+		1.000	43.046	37.498	5.548	5	0.862	4.611	4.611	0.250		214.253	677	11.287	857344612650689665	857336457200947260	857336457200947259	12429	
1	C10H18O2	[M + H]+	C10H19O2+		1.000	74.432	74.432	0.000	10	0.787	3.781	3.781	0.256		171.138	677	11.288	857344613854455088	857336457263861824	857336457263861823	12469	
1	C12H22N4O4S	[M + Na]+	C12H22N4NaO4S+		0.983	16.900	16.900	0.000	6	0.176	14.467	14.467	9.067		341.128	677	11.289	857344634012280543	857336457322582084	857336457322582083	12449	
1	C11H23FN4O	[M + H]+	C11H24FN4O+		0.741	9.310	9.310	0.000	5	0.830	3.056	3.056	-9.531		247.191	677	11.291	857344617767740993	857336457381302344	857336457377108039	12452	
1	C15H20N2O3	[M + H]+	C15H21N2O3+		0.979	43.628	40.694	2.934	10	0.960	1.190	1.190	0.220		277.155	678	11.307	857344619638400613	857336457444216908	857336457444216907	12557	
1	C16H29NO3	[M + H]+	C16H30NO3+		1.000	102.493	102.493	0.000	21	0.994	0.527	0.579	0.316		284.222	680	11.332	857344626303149727	857336457502937168	857336457498742863	12526	
1	C19H38N2O3	[M + H]+	C19H39N2O3+		1.000	44.516	44.516	0.000	14	0.974	0.492	0.492	0.147		343.296	680	11.342	857344623161616003	857336457561657428	857336457561657427	12541	
1	C15H33N	[M + H]+	C15H34N+		1.000	98.912	95.284	3.628	20	0.956	0.978	0.978	0.453		228.269	682	11.374	857344626743551657	857336457624571992	857336457624571991	12592	
1	C2H4O2	[M + K]+	C2H4KO2+		1.000	23.050	23.050	0.000	2	0.677	-0.884	1.813	-0.682		98.984	686	11.434	857344623757207180	857336457683292252	857336457683292251	12700	
1	C16H24O4	[M + H]+	C16H25O4+		1.000	203.447	203.447	0.000	52	0.997	0.579	0.631	0.407		281.175	688	11.460	857344709325203360	857336457742012512	857336457742012511	12730	
1	C18H28N2O6	[M + H]+	C18H29N2O6+		0.491	43.133	43.133	0.000	16	0.832	0.714	0.827	0.317		369.202	688	11.465	857344632519108304	857336457800732772	857336457800732771	12740	
1	C9H12N2O6S2	[M + Na]+	C9H12N2NaO6S2+		0.759	17.948	12.109	5.838	2	0.955	0.566	0.566	-2.232		331.002	688	11.468	857344638860896018	857336457863647336	857336457863647335	12739	
1	C12H22O4	[M + H]+	C12H23O4+		0.499	91.006	91.006	0.000	11	0.836	0.992	0.992	0.451		231.159	689	11.476	857344627183953578	857336457922367596	857336457918173291	12752	
1	C15H15NO	[M + H]+	C15H16NO+		0.998	58.521	52.726	5.794	8	0.992	0.861	0.861	0.263		226.123	689	11.476	857344644963608381	857336457981087856	857336457981087855	12753	
1	C8H14N6O2	[M + H]+	C8H15N6O2+		0.962	28.657	28.657	0.000	5	0.997	0.608	3.574	4.358		227.126	689	11.477	857344652131673940	857336458044002420	857336458044002419	12770	
1	C7H10ClN4O7P	[M + H]+	C7H11ClN4O7P+		0.260	21.571	12.599	8.972	2	0.974	0.439	0.439	0.974		329.005	689	11.477	857344666476193662	857336458106916984	857336458106916983	12755	
1	C16H9N2O2	[M + H]+	C16H10N2O2+		0.494	78.987	78.987	0.000	24	0.987	0.979	0.979	0.309		262.074	689	11.478	857344641566222129	857336458165637244	857336458165637243	12772	
1	C13H11FN2O3	[M + H]+	C13H12FN2O3+		0.890	96.711	92.424	4.287	39	0.953	-4.115	4.360	-4.055		263.082	689	11.483	857344638252721928	857336458228551808	857336458224357503	12766	
1	C16H22Cl3NO	[M + Na]+	C16H22Cl3NNaO+		0.878	17.653	8.350	9.303	2	0.957	0.603	0.603	-0.022		372.066	690	11.498	857344615452485131	857336458291466372	857336458291466371	12815	
1	C13H20N2O	[M + H]+	C13H21N2O+		0.974	50.589	50.589	0.000	12	0.970	1.788	1.788	0.408		221.165	690	11.500	857344641054517030	857336458345992328	857336458341798023	12808	
1	C15H20N2O3	[M + H]+	C15H21N2O3+		0.997	49.314	45.788	3.526	12	0.924	0.512	0.553	0.292		277.155	690	11.504	857344634775643891	857336458404712588	857336458404712587	12823	
1	C21H15NO4	[M + H]+	C21H16NO4+		0.296	17.683	17.683	0.000	3	0.947	1.790	1.790	-0.042		346.107	690	11.505	857344637304809213	857336458459238544	857336458455044239	12831	
1	C9H18Cl3O4P	[M + H]+	C9H19Cl3O4P+		0.906	28.834	13.382	15.452	3	0.987	-0.990	1.405	0.137		327.008	690	11.506	857344621446145657	857336458517958804	857336458517958803	12809	
1	C14H20F2N2O4	[M + Na]+	C14H20F2N2NaO4+		0.309	30.577	27.353	3.224	6	0.180	1.537	1.537	0.369		341.128	690	11.506	857344678614509448	857336458585067672	857336458580873367	12819	
1	C13H26O4	[M + H]+	C13H27O4+		0.924	17.102	17.102	0.000	4	0.854	0.608	0.942	0.381		247.190	691	11.510	857344639825585949	857336458643787932	857336458639593627	12827	
1	C16H29NO3	[M + H]+	C16H30NO3+		1.000	114.079	114.079	0.000	24	0.994	0.467	0.502	0.316		284.222	691	11.514	857344662789400436	857336458698313888	857336458698313887	12840	
1	C15H15NO9	[M + Na]+	C15H15NNaO9+		0.392	10.916	10.916	0.000	1	1.000	1.159	1.159	-10.189		376.060	692	11.536	857344634452682473	857336458757034148	857336458757034147	12904	
1	C15H16ClNO8	[M + H]+	C15H17ClNO8+		0.258	12.392	5.805	6.587	1	0.822	-1.910	1.910	-1.900		374.063	692	11.536	857344630354847430	857336458815754408	857336458815754407	12775	
1	C11H11ClO8	[M + Na]+	C11H11ClNaO8+		0.858	26.478	20.187	6.291	2	0.952	0.942	0.942	5.150		329.005	693	11.549	857344679835051925	857336458887057580	857336458887057579	12868	
1	C16H17NO	[M + H]+	C16H18NO+		0.988	28.477	28.477	0.000	7	0.996	1.104	1.104	0.289		240.138	695	11.578	857344649803835209	857336458941583536	857336458937389231	12947	
1	C9H12N2O6S2	[M + Na]+	C9H12N2NaO6S2+		0.882	24.726	20.050	4.676	3	0.972	1.361	1.453	-2.202		331.002	695	11.588	857344656875431775	857336459004498100	857336459004498099	12968	
1	C11H11ClO8	[M + Na]+	C11H11ClNaO8+		0.915	21.241	14.175	7.066	2	0.976	1.165	1.165	5.241		329.005	698	11.630	857344623962728085	857336459067412664	857336459067412663	13035	
1	C9H18Cl3O4P	[M + H]+	C9H19Cl3O4P+		0.607	22.848	7.543	15.305	3	0.990	-0.947	0.947	0.137		327.008	698	11.632	857345073797638060	857336459134521532	857336459134521531	13034	
1	C17H26O5	[M + H]+	C17H27O5+		1.000	56.054	53.090	2.963	9	1.000	0.095	0.842	0.192		311.185	699	11.647	857344658578319210	857336459197436096	857336459197436095	12987	
1	C13H26N2O	[M + H]+	C13H27N2O+		1.000	36.158	36.158	0.000	7	0.979	1.839	1.839	0.353		227.212	699	11.649	857344758083987370	857336459256156356	857336459256156355	13066	
1	C13H19NO9	[M + K]+	C13H19KNO9+		0.410	11.129	11.129	0.000	1	0.858	-0.146	0.146	-8.464		372.066	699	11.658	857345395018411029	857336459319070920	857336459319070919	13092	
1	C5H8O10	[M + Na]+	C5H8NaO10+		0.426	15.193	15.193	0.000	2	1.000	1.074	1.074	-3.176		251.000	700	11.660	857345390094297882	857336459377791180	857336459377791179	13095	
1	C16H35N	[M + H]+	C16H36N+		1.000	28.571	25.773	2.798	8	1.000	1.467	1.467	0.097		242.284	701	11.677	857345387003095824	857336459436511440	857336459436511439	13109	
1	C2H4O2	[M + K]+	C2H4KO2+		1.000	22.790	22.790	0.000	2	0.674	-0.672	1.652	-0.682		98.984	703	11.710	857345387409943313	857336459499426004	857336459499426003	13136	
1	C18H36N2O3	[M + H]+	C18H37N2O3+		1.000	38.818	38.818	0.000	10	0.912	0.219	0.850	0.123		329.280	704	11.742	857345394552843275	857336459553951960	857336459553951959	13192	
1	C16H29NO3	[M + H]+	C16H30NO3+		1.000	164.710	164.710	0.000	37	0.992	0.532	0.691	0.281		284.222	705	11.750	857345406447889516	857336459612672220	857336459612672219	13198	
1	C17H8O5	[M + K]+	C17H8KO5+		0.664	11.110	11.110	0.000	1	0.967	-0.550	0.550	5.585		331.002	706	11.760	857345410495392886	857336459671392480	857336459671392479	13222	
1	C18H39NO4	[M + H]+	C18H40NO4+		0.979	15.232	15.232	0.000	2	0.923	4.886	4.886	0.014		334.295	708	11.802	857345424256904322	857336459721724132	857336459721724131	13311	
1	C16H32O4	[M + H3N + H]+	C16H36NO4+		0.980	16.467	16.467	0.000	2	0.959	4.090	4.090	0.212		306.264	708	11.803	857345558222983112	857336459776250088	857336459776250087	13307	
1	C17H33NO3	[M + H]+	C17H34NO3+		0.955	6.774	2.000	4.774	0	0.000			0.265		300.253	708	11.807	857345553110126529	857336459834970348	857336459830776043	13313	
1	C17H26O5	[M + H]+	C17H27O5+		1.000	112.266	112.266	0.000	25	0.989	0.816	0.881	0.159		311.185	709	11.810	857345574308138986	857336459893690608	857336459889496303	13331	
1	C14H22O3	[M + H]+	C14H23O3+		1.000	60.352	60.352	0.000	8	0.701	1.202	1.202	0.205		239.164	710	11.838	857345558965374929	857336459956605172	857336459952410867	13368	
1	C15H20N2O3	[M + H]+	C15H21N2O3+		0.999	141.290	141.290	0.000	53	0.900	0.829	0.877	0.401		277.155	711	11.857	857345592662413329	857336460011131128	857336460011131127	13383	
1	C15H24O4	[M + H3N + H]+	C15H28NO4+		0.998	51.673	51.673	0.000	10	1.000	1.022	1.022	0.368		286.201	712	11.863	857345562358566876	857336460061462780	857336460061462779	13420	
1	C28H33NO6	[M + H]+	C28H34NO6+		0.874	44.879	44.879	0.000	12	1.000	1.175	1.175	0.616		480.238	712	11.864	857345578036875252	857336460115988736	857336460115988735	13394	
1	C9H12O2	[M + H]+	C9H13O2+		1.000	109.784	109.784	0.000	16	0.827	0.962	0.962	0.483		153.091	712	11.871	857345591659974663	857336460170514692	857336460170514691	13413	
1	C15H24O4	[M + H]+	C15H25O4+		1.000	114.183	114.183	0.000	24	0.976	0.646	0.693	0.387		269.175	713	11.890	857345596265320475	857336460225040648	857336460225040647	13419	
1	C10H20N4O2	[M + Na]+	C10H20N4NaO2+		1.000	31.124	31.124	0.000	6	0.978	-6.761	6.761	-5.441		251.146	717	11.951	857345626283954223	857336460283760908	857336460283760907	13485	
1	C17H26O5	[M + H]+	C17H27O5+		1.000	158.948	158.948	0.000	38	0.992	1.084	1.084	0.159		311.185	721	12.025	857345715719098937	857336460342481168	857336460342481167	13542	
1	C9H18AsNO8P2	[M + K]+	C9H18AsKNO8P2+		0.295	56.074	56.074	0.000	14	0.908	0.031	0.878	0.519		443.936	722	12.025	857345674526839341	857336460401201428	857336460401201427	13543	
1	C5H9BN6O6S	[M + K]+	C5H9BKN6O6S+		0.150	18.261	11.527	6.733	2	0.974	-0.292	0.292	5.839		330.008	722	12.027	857345862515554851	857336460472504600	857336460472504599	13554	
1	C7H10ClN4O7P	[M + H]+	C7H11ClN4O7P+		0.379	22.319	13.619	8.700	4	0.977	-0.476	1.066	0.914		329.005	722	12.028	857345911089805010	857336460539613468	857336460539613467	13557	
1	C11H13Cl3N2O3	[M + H]+	C11H14Cl3N2O3+		0.516	22.596	9.190	13.406	3	0.979	-0.428	1.446	5.193		327.008	722	12.028	857345924838736941	857336460606722336	857336460606722335	13556	
1	C9H9F3N2O4S2	[M + H]+	C9H10F3N2O4S2+		0.356	17.835	10.141	7.695	2	0.959	18.322	18.322	-2.145		331.002	722	12.029	857345926872974428	857336460678025508	857336460678025507	13560	
1	C4H9O3P	[M + K]+	C4H9KO3P+		0.999	36.894	36.894	0.000	5	0.966	0.084	0.601	0.864		174.992	722	12.029	857345934624048300	857336460736745768	857336460736745767	13567	
1	C6H13Cl2O4P	[M + H]+	C6H14Cl2O4P+		0.873	28.702	16.618	12.084	3	0.975	-1.152	1.435	0.250		251.000	722	12.030	857345925035869239	857336460799660332	857336460799660331	13564	
1	C8H6O8	[M + Na]+	C8H6NaO8+		0.494	25.576	23.572	2.005	2	0.974	0.877	0.877	6.886		252.997	722	12.030	857345931599955063	857336460866769200	857336460866769199	13559	
1	C13H20O10	[M + K]+	C13H20KO10+		0.487	13.887	13.887	0.000	1	0.910	0.086	0.086	-6.465		375.066	722	12.031	857345931784504450	857336460925489460	857336460925489459	13611	
1	C2H4O2	[M + K]+	C2H4KO2+		1.000	26.047	26.047	0.000	3	0.754	0.686	1.176	-0.682		98.984	722	12.031	857345925153309761	857336460980015416	857336460980015415	13561	
1	C11H19N3O7S	[M + K]+	C11H19KN3O7S+		0.455	17.166	12.627	4.539	1	0.872	-0.560	0.560	6.863		376.060	722	12.032	857345938805769406	857336461042929980	857336461038735675	13570	
1	C7H7N5O9	[M + Na]+	C7H7N5NaO9+		0.226	19.250	19.250	0.000	2	0.956	1.110	1.110	-6.547		328.011	722	12.032	857345941305574605	857336461105844544	857336461105844543	13535	
1	C11H17N3O8S	[M + Na]+	C11H17N3NaO8S+		0.411	15.008	12.099	2.909	2	0.846	-3.200	4.551	0.545		374.063	722	12.033	857345970321769852	857336461164564804	857336461164564803	13573	
1	C13H23Cl3FNO2	[M + Na]+	C13H23Cl3FNNaO2+		0.479	24.986	11.241	13.746	3	0.954	0.667	1.452	-2.825		372.066	722	12.034	857345934376584354	857336461231673672	857336461231673671	13578	
1	C8H14N4O8S2	[M + Na]+	C8H14N4NaO8S2+		0.938	41.425	38.858	2.567	14	0.875	3.343	3.343	8.671		381.018	725	12.083	857346018694677904	857336461294588236	857336461294588235	13639	
1	C12H25NO	[M + H]+	C12H26NO+		1.000	37.747	37.747	0.000	8	0.147	0.987	0.987	0.345		200.201	726	12.104	857345929469248629	857336461353308496	857336461349114191	13674	
1	C16H31NO3	[M + H]+	C16H32NO3+		1.000	94.528	94.528	0.000	17	0.982	0.135	0.675	0.243		286.238	727	12.111	857345943998317817	857336461407834452	857336461407834451	13649	
1	C17H20N2O	[M + H]+	C17H21N2O+		0.960	92.627	89.216	3.410	22	0.989	1.283	1.283	0.633		269.165	733	12.224	857345941825668312	857336461462360408	857336461462360407	13778	
1	C16H31NO3	[M + H]+	C16H32NO3+		0.333	108.274	104.409	3.865	18	0.993	0.932	0.932	0.243		286.238	734	12.227	857345946036749584	857336461521080668	857336461521080667	13786	
1	C17H27NO6	[M + H]+	C17H28NO6+		0.589	21.579	21.579	0.000	4	1.000	-0.313	0.854	-0.158		342.191	738	12.295	857345925954421841	857336461575606624	857336461575606623	13877	
1	C12H23NO	[M + H]+	C12H24NO+		1.000	69.593	63.984	5.609	9	0.980	1.481	1.481	0.551		198.185	740	12.339	857345927988659302	857336461634326884	857336461630132579	13937	
1	C17H31NO4	[M + H]+	C17H32NO4+		1.000	129.595	129.595	0.000	25	0.990	1.082	1.082	0.112		314.233	741	12.342	857345968052651378	857336461693047144	857336461688852839	13942	
1	C12H20O2	[M + H]+	C12H21O2+		1.000	89.790	86.262	3.528	14	0.985	1.285	1.285	0.678		197.154	741	12.350	857345928185791592	857336461911150956	857336461911150955	13949	
1	C16H24O4	[M + H]+	C16H25O4+		1.000	42.313	42.313	0.000	7	0.981	0.327	0.697	0.407		281.175	743	12.385	857345933969736856	857336461965676912	857336461965676911	13995	
1	C16H31NO3	[M + H]+	C16H32NO3+		1.000	154.952	154.952	0.000	33	0.993	0.619	0.619	0.243		286.238	745	12.409	857345928714273901	857336462024397172	857336462024397171	14057	
1	C18H38N2O3	[M + H]+	C18H39N2O3+		0.981	20.696	20.696	0.000	5	1.000	0.707	0.707	0.062		331.296	745	12.421	857345938675745975	857336462078923128	857336462078923127	14062	
1	C12H23NO	[M + H]+	C12H24NO+		1.000	63.649	63.649	0.000	9	0.976	0.935	0.966	0.501		198.185	749	12.490	857345946460374306	857336462129254780	857336462129254779	14132	
1	C16H22N2O2	[M + H]+	C16H23N2O2+		0.980	48.226	48.226	0.000	14	0.987	0.342	0.501	-0.161		275.175	750	12.502	857345942236710114	857336462179586432	857336462179586431	14149	
1	C13H25NO	[M + H]+	C13H26NO+		1.000	36.517	32.980	3.536	6	1.000	1.107	1.107	0.279		212.201	752	12.527	857345925262361674	857336462234112388	857336462234112387	14214	
1	C16H16OS	[M + H]+	C16H17OS+		0.999	49.681	46.009	3.672	19	0.944	0.590	0.590	0.107		257.099	753	12.546	857345954681210180	857336462288638344	857336462288638343	14235	
1	C20H27N5O2	[M + H]+	C20H28N5O2+		0.113	2.000	2.000	0.000	0	0.000			-3.408		370.222	754	12.565	857345932644336782	857336462347358604	857336462347358603	14262	
1	C17H24O6	[M + H3N + H]+	C17H28NO6+		1.000	76.833	76.833	0.000	21	0.992	1.562	1.562	0.105		342.191	754	12.567	857345944765875457	857336462397690256	857336462397690255	14271	
1	C16H24O4	[M + H]+	C16H25O4+		1.000	112.744	112.744	0.000	27	0.991	1.188	1.188	0.264		281.175	754	12.574	857345946561037604	857336462456410516	857336462456410515	14279	
1	C13H23NO	[M + H]+	C13H24NO+		1.000	27.545	23.921	3.624	3	0.954	-0.274	0.371	0.282		210.185	755	12.583	857345925690180686	857336462523519384	857336462523519383	14310	
1	C15H33N	[M + H]+	C15H34N+		1.000	102.082	98.362	3.720	12	0.936	1.216	1.216	0.234		228.269	756	12.598	857345923723052076	857336462578045340	857336462573851035	14316	
1	C12H23NO	[M + H]+	C12H24NO+		1.000	87.478	82.863	4.615	12	0.974	1.363	1.363	0.400		198.185	761	12.689	857345939543966921	857336462640959904	857336462636765599	14414	
1	C12H10N2O2	[M + H]+	C12H11N2O2+		0.652	39.023	39.023	0.000	14	0.992	0.766	0.766	0.493		215.082	762	12.697	857345943251731694	857336462695485860	857336462695485859	14431	
1	C14H26O2	[M + H]+	C14H27O2+		1.000	168.981	168.981	0.000	26	0.983	0.813	0.822	0.191		227.201	765	12.756	857345940449936587	857336462758400424	857336462754206119	14550	
1	C16H33NO2	[M + H]+	C16H34NO2+		0.996	2.000	2.000	0.000	0	0.000			0.273		272.258	765	12.757	857345932006802572	857336462817120684	857336462817120683	14554	
1	C16H22N2O2	[M + H]+	C16H23N2O2+		0.991	73.433	73.433	0.000	23	0.992	1.023	1.023	0.166		275.175	766	12.759	857345958162482525	857336462880035248	857336462875840943	14557	
1	C10H15NO2	[M + H]+	C10H16NO2+		0.995	68.641	68.641	0.000	8	0.987	4.776	4.776	0.685		182.118	766	12.761	857345949576742201	857336462934561204	857336462934561203	14559	
1	C16H35N	[M + H]+	C16H36N+		1.000	11.190	7.640	3.550	3	0.955	0.966	1.078	-0.068		242.284	767	12.785	857345947185988920	857336462989087160	857336462989087159	14592	
1	C13H23NO	[M + H]+	C13H24NO+		1.000	26.264	26.264	0.000	4	0.972	4.322	4.322	0.282		210.185	771	12.854	857345955629122894	857336463039418812	857336463039418811	14675	
1	C12H14N2O2	[M + H]+	C12H15N2O2+		0.998	176.973	176.973	0.000	45	0.917	1.694	1.694	-0.156		219.113	774	12.906	857345970825086342	857336463093944768	857336463093944767	14761	
1	C13H27NO2	[M + H]+	C13H28NO2+		1.000	23.396	19.781	3.615	4	0.971	1.688	1.688	0.410		230.212	775	12.912	857345925560157260	857336463144276420	857336463144276419	14767	
1	C18H18O5	[M + H]+	C18H19O5+		0.942	30.830	30.830	0.000	4	0.972	0.788	0.788	-0.572		315.123	776	12.934	857345947118880046	857336463194608072	857336463194608071	14787	
1	C9H17NS	[M + H]+	C9H18NS+		0.838	8.553	8.553	0.000	2	0.057	5.769	5.769	-0.215		172.115	776	12.937	857345945910920459	857336463244939724	857336463244939723	14782	
1	C9H8O2	[M + H]+	C9H9O2+		1.000	87.867	87.867	0.000	9	0.912	1.182	1.643	0.698		149.060	777	12.945	857345956904191313	857336463299465680	857336463299465679	14825	
1	C13H19N3O	[M + H]+	C13H20N3O+		0.879	37.787	37.787	0.000	6	0.843	1.187	1.187	7.863		234.162	779	12.988	857345959932478824	857336463353991636	857336463353991635	14869	
1	C39H48O9	[M + H]+	C39H49O9+		0.952	52.483	52.483	0.000	8	0.961	0.773	0.773	-0.226		661.337	780	12.995	857346852912412077	857336463408517592	857336463404323287	14903	
1	C30H36O6	[M + H]+	C30H37O6+		0.867	52.468	52.468	0.000	15	0.998	0.439	0.649	0.293		493.259	780	13.004	857346799263050566	857336463458849244	857336463458849243	14902	
1	C16H20N2O	[M + H]+	C16H21N2O+		0.777	73.988	73.988	0.000	26	0.967	1.338	1.338	0.118		257.165	783	13.057	857346821035689927	857336463517569504	857336463513375199	14945	
1	C9H17NS	[M + H]+	C9H18NS+		0.839	8.943	8.943	0.000	2	0.072	5.949	5.949	-0.157		172.115	784	13.073	857346821106993105	857336463567901156	857336463567901155	14965	
1	C9H8O2	[M + H]+	C9H9O2+		1.000	93.992	93.992	0.000	10	0.920	3.463	3.463	0.698		149.060	786	13.105	857346822163958006	857336463618232808	857336463618232807	15010	
1	C21H21N5O	[M + H]+	C21H22N5O+		0.085	2.000	2.000	0.000	0	0.000			-3.767		360.181	786	13.105	857346821127964630	857336463672758764	857336463668564459	15030	
1	C18H18O5	[M + H]+	C18H19O5+		0.945	33.996	33.996	0.000	5	0.986	0.960	0.960	-0.032		315.123	787	13.117	857346806405954247	857336463718896112	857336463718896111	15029	
1	C18H22N2	[M + H]+	C18H23N2+		0.745	31.936	31.936	0.000	11	0.982	1.279	1.279	0.355		267.186	790	13.164	857346851922554485	857336463769227764	857336463769227763	15095	
1	C2H4O2	[M + K]+	C2H4KO2+		1.000	22.979	22.979	0.000	2	0.533	-0.294	0.429	-0.783		98.984	790	13.173	857346833761218148	857336463823753720	857336463823753719	15109	
1	C15H22O2	[M + H]+	C15H23O2+		1.000	29.144	29.144	0.000	8	0.981	0.042	1.490	-15.761		235.166	791	13.186	857346833912213099	857336463878279676	857336463878279675	15127	
1	C9H17NS	[M + H]+	C9H18NS+		0.995	15.038	9.766	5.272	2	0.113	5.506	5.506	-0.157		172.115	795	13.255	857346851956108927	857336463941194240	857336463941194239	15207	
1	C18H18O5	[M + H3N + H]+	C18H22NO5+		0.589	35.023	35.023	0.000	4	0.947	1.882	1.882	0.002		332.149	797	13.287	857346852811748771	857336463995720196	857336463991525891	15250	
1	C20H25NO5	[M + H]+	C20H26NO5+		0.503	8.119	8.119	0.000	2	0.075	0.850	0.850	-0.054		360.181	797	13.288	857346851977080451	857336464050246152	857336464050246151	15248	
1	C18H18O5	[M + H]+	C18H19O5+		0.945	49.248	49.248	0.000	5	0.962	1.179	1.179	0.063		315.123	797	13.288	857346858104961260	857336464104772108	857336464100577803	15252	
1	C9H8O2	[M + H]+	C9H9O2+		1.000	81.611	81.611	0.000	13	0.920	2.666	2.666	0.631		149.060	797	13.289	857346863821803890	857336464163492368	857336464163492367	15251	
1	C7H4O	[M + H]+	C7H5O+		0.991	33.269	33.269	0.000	5	0.821	9.303	9.303	0.750		105.034	797	13.290	857346857614227008	857336464218018324	857336464218018323	15249	
1	C11H18N6O3S	[M + Na]+	C11H18N6NaO3S+		0.734	7.242	7.242	0.000	3	0.210	-0.097	4.436	-2.107		337.105	797	13.290	857346878153740672	857336464264155672	857336464264155671	15260	
1	C15H20N2O3	[M + H]+	C15H21N2O3+		0.999	129.349	125.997	3.352	39	0.990	0.955	0.955	0.437		277.155	799	13.309	857346878376038960	857336464327070236	857336464327070235	15283	
1	C11H16O3	[M + H]+	C11H17O3+		1.000	124.080	124.080	0.000	19	0.955	1.188	1.188	0.655		197.117	801	13.344	857346878342484518	857336464385790496	857336464385790495	15331	
1	C15H24O3	[M + H]+	C15H25O3+		1.000	180.799	180.799	0.000	32	0.983	0.793	0.793	0.154		253.180	801	13.345	857346878342484506	857336464436122148	857336464431927843	15329	
1	C17H31NO3	[M + H]+	C17H32NO3+		0.646	14.474	14.474	0.000	1	0.595	1.213	1.213	0.234		298.238	801	13.349	857346878195683729	857336464486453800	857336464482259495	15333	
1	C14H27NO	[M + H]+	C14H28NO+		1.000	46.810	41.097	5.713	9	0.992	0.738	0.738	0.350		226.217	806	13.430	857346879273620117	857336464536785452	857336464536785451	15430	
1	C8H14O2	[M + H]+	C8H15O2+		1.000	30.867	30.867	0.000	2	0.650	6.880	6.880	0.656		143.107	811	13.509	857346878342484516	857336464595505712	857336464591311407	15455	
1	C18H35N5	[M + H]+	C18H36N5+		0.429	2.000	2.000	0.000	0	0.000			-3.979		322.295	811	13.524	857346878191489418	857336464641643060	857336464641643059	15478	
1	C14H27NO	[M + H]+	C14H28NO+		1.000	76.117	76.117	0.000	21	0.994	0.931	0.931	0.128		226.217	822	13.701	857346879491723930	857336464696169016	857336464691974711	15683	
1	C16H35NO2	[M + K]+	C16H35KNO2+		0.503	9.493	9.493	0.000	1	1.000	0.157	0.157	-0.376		312.230	824	13.729	857346882507428586	857336464746500668	857336464746500667	15719	
1	C12H27O4P	[M + H]+	C12H28O4P+		0.998	41.858	41.858	0.000	10	0.984	1.127	1.127	0.215		267.172	824	13.730	857346886701732651	857336464796832320	857336464792638015	15721	
1	C2H4O2	[M + K]+	C2H4KO2+		1.000	25.875	25.875	0.000	3	0.537	1.476	1.906	-0.783		98.984	824	13.734	857346880435442392	857336464847163972	857336464847163971	15728	
1	C19H27NO3	[M + H]+	C19H28NO3+		1.000	45.715	45.715	0.000	7	0.988	1.295	1.295	0.251		318.206	828	13.804	857346891353215821	857336464897495624	857336464897495623	15817	
1	C9H10O	[M + H]+	C9H11O+		0.499	64.889	64.889	0.000	12	0.942	0.362	0.770	0.360		135.080	831	13.845	857346883753136890	857336464947827276	857336464947827275	15908	
1	C16H24O4	[M + H]+	C16H25O4+		1.000	64.698	61.111	3.588	12	0.991	1.078	1.078	0.478		281.175	831	13.848	857346893966267235	857336465002353232	857336465002353231	15880	
1	C30H36O6	[M + H]+	C30H37O6+		0.878	41.709	41.709	0.000	11	0.994	0.507	0.603	0.516		493.259	832	13.862	857346902958855051	857336465052684884	857336465052684883	15921	
1	C18H35N5	[M + H]+	C18H36N5+		0.429	2.000	2.000	0.000	0	0.000			-3.948		322.295	833	13.876	857346887150523189	857336465107210840	857336465103016535	15933	
1	C15H17N3O5S	[M + H]+	C15H18N3O5S+		0.914	64.654	61.985	2.669	14	0.767	0.229	1.025	1.738		352.097	834	13.897	857346905609655189	857336465157542492	857336465157542491	15965	
1	C15H24O3	[M + H]+	C15H25O3+		1.000	45.408	45.408	0.000	10	0.969	1.581	1.581	0.272		253.180	834	13.901	857346888526254912	857336465203679840	857336465203679839	15955	
1	C17H37N	[M + H]+	C17H38N+		1.000	21.558	17.420	4.138	3	0.906	1.139	1.139	-0.104		256.300	838	13.960	857346897166521226	857336465258205796	857336465258205795	16061	
1	C14H22O	[M + H]+	C14H23O+		1.000	123.593	123.593	0.000	16	0.638	1.271	1.271	0.474		207.174	839	13.979	857346896902280065	857336465367257708	857336465367257707	16046	
1	C12H25NO	[M + H]+	C12H26NO+		0.333	67.434	63.852	3.582	12	0.159	0.868	1.024	0.245		200.201	840	13.993	857346883656667892	857336465316926056	857336465316926055	16070	
1	C16H34O3	[M + H3N + H]+	C16H38NO3+		0.488	6.863	3.052	3.811	3	0.597	1.595	1.595	0.135		292.285	844	14.068	857346885632185112	857336465425977968	857336465425977967	16143	
1	C16H21NO3	[M + H]+	C16H22NO3+		0.998	113.216	113.216	0.000	34	0.993	0.952	0.972	0.435		276.160	848	14.130	857346912979047328	857336465476309620	857336465476309619	16264	
1	C18H26O3	[M + H]+	C18H27O3+		1.000	121.621	121.621	0.000	33	0.990	1.164	1.173	0.305		291.196	848	14.130	857346923028599722	857336465530835576	857336465530835575	16266	
1	C17H24O	[M + Na]+	C17H24NaO+		0.495	14.213	14.213	0.000	1	0.959	0.754	0.754	0.164		267.172	848	14.137	857346885120480014	857336465585361532	857336465585361531	16303	
1	C18H39N	[M + H]+	C18H40N+		1.000	11.308	7.582	3.726	4	0.959	1.565	1.565	0.049		270.316	849	14.143	857346881450463974	857336465639887488	857336465639887487	16282	
1	C16H39N4O3	[M + H]+	C16H40N4O3+		0.657	11.433	8.581	2.852	4	0.817	1.820	1.820	3.917		336.311	849	14.151	857346886563320611	857336465706996356	857336465706996355	16281	
1	C19H27NO3	[M + H]+	C19H28NO3+		1.000	30.577	26.930	3.647	6	0.968	1.578	1.578	0.157		318.206	849	14.156	857346892456317783	857336465761522312	857336465761522311	16292	
1	C14H35N4O2	[M + H]+	C14H36N4O2+		0.955	21.447	21.447	0.000	5	0.537	4.395	4.395	4.695		292.285	853	14.212	857346887733531452	857336465816048268	857336465816048267	16348	
1	C14H30O3	[M + H3N + H]+	C14H34NO3+		0.517	25.139	25.139	0.000	4	0.578	0.584	0.584	0.301		264.253	853	14.224	857346890531132234	857336465933488788	857336465933488787	16360	
1	C16H22N2O	[M + H]+	C16H23N2O+		0.405	61.788	58.331	3.457	18	0.981	1.236	1.236	0.348		259.181	854	14.227	857346895597851504	857336465996403352	857336465996403351	16367	
1	C18H15O4P	[M + H]+	C18H16O4P+		0.993	67.278	63.417	3.860	20	0.964	0.824	0.915	-0.190		327.078	854	14.231	857346937842881460	857336465874768528	857336465874768527	16345	
1	C14H30O3	[M + H]+	C14H31O3+		1.000	64.293	64.293	0.000	11	0.942	1.114	1.114	0.238		247.227	854	14.237	857346895463633773	857336466059317916	857336466055123611	16376	
1	C16H39N4O3	[M + H]+	C16H40N4O3+		1.000	31.810	31.810	0.000	5	0.742	1.271	1.271	3.917		336.311	857	14.284	857347427729200063	857336466126426784	857336466126426783	16424	
1	C16H34O4	[M + H3N + H]+	C16H38NO4+		1.000	51.268	51.268	0.000	6	0.954	0.942	0.942	0.081		308.280	857	14.287	857347916701161132	857336466180952740	857336466176758435	16421	
1	C16H34O4	[M + H]+	C16H35O4+		1.000	125.496	125.496	0.000	44	0.981	0.987	0.987	0.151		291.253	857	14.291	857347992840366275	857336466235478696	857336466231284391	16427	
1	C16H34O4	[M + Na]+	C16H34NaO4+		0.947	4.460	4.460	0.000	0	0.000	-0.486	0.486	-0.767		313.235	858	14.293	857348009428841116	857336466290004652	857336466285810347	16415	
1	C9H19NOS2	[M + H]+	C9H20NOS2+		0.997	25.926	21.049	4.877	4	0.955	5.713	5.713	0.078		222.098	858	14.306	857348027804093012	857336466344530608	857336466340336303	16462	
1	C13H9NS	[M + H]+	C13H10NS+		0.761	33.237	33.237	0.000	5	0.956	1.189	1.189	0.204		212.053	859	14.310	857348026772294215	857336466394862260	857336466394862259	16463	
1	C2H4O2	[M + K]+	C2H4KO2+		1.000	25.961	25.961	0.000	3	0.639	0.549	1.187	-0.884		98.984	860	14.333	857348024243128889	857336466508108476	857336466503914171	16511	
1	C12H27O4P	[M + H]+	C12H28O4P+		0.943	13.350	13.350	0.000	2	0.973	4.508	4.508	0.253		267.172	860	14.334	857348029989325419	857336466558440128	857336466558440127	16517	
1	C18H15O4P	[M + H]+	C18H16O4P+		0.990	83.137	79.912	3.225	24	0.966	0.992	0.992	-0.159		327.078	860	14.336	857348066752400088	857336466453582520	857336466449388215	16423	
1	C18H38O5	[M + H]+	C18H39O5+		1.000	65.047	65.047	0.000	16	0.988	0.402	0.406	-0.062		335.279	861	14.342	857348030446504575	857336466608771780	857336466608771779	16530	
1	C18H38O5	[M + H3N + H]+	C18H42NO5+		1.000	52.457	52.457	0.000	12	0.954	0.748	0.748	0.000		352.306	861	14.343	857348029716695649	857336466663297736	857336466663297735	16534	
1	C14H29NO	[M + H]+	C14H30NO+		1.000	81.811	81.811	0.000	18	0.929	1.641	1.641	0.390		228.232	861	14.354	857348029599255135	857336466717823692	857336466717823691	16558	
1	C24H43O3	[M + H]+	C24H44O3+		0.925	39.413	39.413	0.000	6	0.864	0.507	0.507	22.620		380.337	861	14.355	857348031058872969	857336466772349648	857336466768155343	16565	
1	C20H42O6	[M + H]+	C20H43O6+		1.000	47.658	47.658	0.000	12	0.978	1.185	1.382	0.170		379.305	862	14.373	857348030215817845	857336466822681300	857336466822681299	16597	
1	C22H38N2O3	[M + H3N + H]+	C22H42N3O3+		1.000	45.447	45.447	0.000	16	0.950	6.751	6.751	25.285		396.332	862	14.374	857348043100719812	857336466873012952	857336466873012951	16598	
1	C18H45N7O4	[M + H]+	C18H46N7O4+		0.875	39.869	39.869	0.000	7	0.846	0.113	0.409	6.411		424.363	863	14.378	857348033369934493	857336466923344604	857336466923344603	16603	
1	C22H46O7	[M + H]+	C22H47O7+		1.000	54.938	54.938	0.000	14	0.986	0.168	0.525	0.094		423.332	863	14.380	857348035425143462	857336466973676256	857336466973676255	16614	
1	C27H51N2O4	[M + H]+	C27H52N2O4+		0.930	26.740	26.740	0.000	8	0.945	0.679	0.679	-5.379		468.390	863	14.381	857348032191335059	857336467032396516	857336467028202211	16609	
1	C27H50N4O5	[M + H3N + H]+	C27H54N5O5+		0.547	33.650	33.650	0.000	14	0.901	0.944	0.944	-2.094		528.411	863	14.386	857348045298535118	857336467091116776	857336467086922471	16613	
1	C22H46O7	[M + H3N + H]+	C22H50NO7+		1.000	61.190	61.190	0.000	14	0.998	0.627	0.825	0.206		440.358	863	14.387	857348035571944112	857336467175002860	857336467170808555	16617	
1	C28H51N3O2	[M + Na]+	C28H51N3NaO2+		0.991	42.371	42.371	0.000	14	0.751	0.543	0.619	-5.778		484.385	864	14.393	857348039728499386	857336467225334512	857336467225334511	16631	
1	C18H15O4P	[M + H]+	C18H16O4P+		0.887	102.589	102.589	0.000	33	0.959	0.539	0.557	0.024		327.078	868	14.459	857348244469257805	857336467279860468	857336467279860467	16707	
1	C15H30N2O	[M + H]+	C15H31N2O+		1.000	39.132	39.132	0.000	10	1.000	2.107	2.107	0.039		255.243	868	14.472	857348210457643960	857336467342775032	857336467342775031	16728	
1	C11H12O	[M + H]+	C11H13O+		0.333	89.288	89.288	0.000	17	0.832	0.718	0.718	0.053		161.096	871	14.524	857348229927604594	857336467401495292	857336467401495291	16778	
1	C16H24O2	[M + H]+	C16H25O2+		1.000	211.763	211.763	0.000	47	0.995	0.808	0.808	0.215		249.185	871	14.524	857348259589728738	857336467468604160	857336467468604159	16776	
1	C13H17NO	[M + H]+	C13H18NO+		0.998	143.097	143.097	0.000	43	0.990	0.628	0.635	0.389		204.138	873	14.543	857348239704527612	857336467527324420	857336467527324419	16811	
1	C16H24O2	[M + H]+	C16H25O2+		1.000	117.738	113.891	3.847	22	0.988	0.947	0.947	0.175		249.185	878	14.635	857348234579087767	857336467590238984	857336467586044679	16990	
1	C14H30O3	[M + H]+	C14H31O3+		0.990	34.842	34.842	0.000	4	0.814	0.459	0.459	0.318		247.227	878	14.638	857348232913949077	857336467644764940	857336467640570635	16936	
1	C16H34O4	[M + Na]+	C16H34NaO4+		0.948	4.449	4.449	0.000	0	0.000	-0.623	0.623	-0.991		313.235	881	14.679	857348228677701996	857336467695096592	857336467695096591	17008	
1	C14H37N7O2	[M + H]+	C14H38N7O2+		0.786	18.742	18.742	0.000	4	0.850	1.271	1.271	7.880		336.311	881	14.679	857348230724522381	857336467749622548	857336467749622547	16848	
1	C16H34O4	[M + H3N + H]+	C16H38NO4+		0.848	11.937	11.937	0.000	4	0.938	0.925	0.925	0.048		308.280	881	14.680	857348241235448787	857336467804148504	857336467799954199	17007	
1	C16H34O4	[M + H]+	C16H35O4+		0.999	43.995	43.995	0.000	8	0.988	0.163	0.163	0.117		291.253	881	14.682	857348260483115506	857336467854480156	857336467854480155	17000	
1	C18H38O5	[M + H]+	C18H39O5+		1.000	44.958	44.958	0.000	9	0.972	0.461	0.461	-0.062		335.279	883	14.723	857348260533447161	857336467909006112	857336467909006111	17069	
1	C24H43O3	[M + H]+	C24H44O3+		0.933	32.189	32.189	0.000	5	0.911	1.632	1.632	22.620		380.337	883	14.724	857348260546030093	857336467959337764	857336467959337763	17073	
1	C18H38O5	[M + H3N + H]+	C18H42NO5+		0.987	22.364	22.364	0.000	5	1.000	0.394	0.394	0.029		352.306	884	14.728	857348260541835779	857336468009669416	857336468009669415	17080	
1	C18H45N7O4	[M + H]+	C18H46N7O4+		1.000	15.525	15.525	0.000	5	0.911	1.297	1.297	6.388		424.363	884	14.738	857348260877380285	857336468064195372	857336468060001067	17101	
1	C14H30O3	[M + H]+	C14H31O3+		1.000	17.418	17.418	0.000	2	0.799	4.326	4.326	0.359		247.227	891	14.845	857348305953569292	857336468114527024	857336468114527023	17228	
1	C16H34O4	[M + H3N + H]+	C16H38NO4+		1.000	26.401	26.401	0.000	6	0.921	0.966	0.966	0.081		308.280	893	14.890	857348293609732594	857336468169052980	857336468164858675	17297	
1	C16H34O4	[M + Na]+	C16H34NaO4+		0.928	4.638	4.638	0.000	2	1.000	0.244	0.464	-0.799		313.235	893	14.892	857348292036868570	857336468219384632	857336468219384631	17300	
1	C16H39N4O3	[M + H]+	C16H40N4O3+		1.000	26.330	26.330	0.000	5	0.664	0.425	0.425	3.947		336.311	894	14.892	857348292875729386	857336468273910588	857336468273910587	17287	
1	C16H34O4	[M + H]+	C16H35O4+		0.998	35.856	35.856	0.000	9	0.984	1.212	1.212	0.151		291.253	894	14.894	857348299175574011	857336468324242240	857336468324242239	17303	
1	C18H38O5	[M + H3N + H]+	C18H42NO5+		1.000	31.242	31.242	0.000	7	1.000	0.883	0.883	0.029		352.306	896	14.928	857348305068571138	857336468374573892	857336468374573891	17356	
1	C16H41N7O3	[M + H]+	C16H42N7O3+		0.656	23.345	23.345	0.000	5	0.867	0.641	0.641	7.192		380.337	896	14.929	857348292766677472	857336468429099848	857336468429099847	17360	
1	C18H38O5	[M + H]+	C18H39O5+		1.000	38.515	38.515	0.000	7	0.981	0.874	0.874	-0.062		335.279	896	14.929	857348437801516461	857336468479431500	857336468479431499	17354	
1	C18H45N7O4	[M + H]+	C18H46N7O4+		0.816	17.063	17.063	0.000	5	0.801	0.528	0.528	6.411		424.363	897	14.954	857348438086729146	857336468529763152	857336468529763151	17401	
1	C20H42O6	[M + H3N + H]+	C20H46NO6+		1.000	26.700	26.700	0.000	7	1.000	0.918	0.918	0.316		396.332	897	14.954	857348441312148987	857336468584289108	857336468584289107	17396	
1	C14H30O3	[M + Na]+	C14H30NaO3+		1.000	25.786	25.786	0.000	5	0.808	2.168	2.168	-0.652		269.209	900	15.006	857348437960900023	857336468634620760	857336468634620759	17463	
1	C14H30O3	[M + H]+	C14H31O3+		1.000	40.718	40.718	0.000	5	0.880	1.930	1.930	0.197		247.227	901	15.011	857348438405496259	857336468689146716	857336468689146715	17468	
1	C16H35NOS	[M + K]+	C16H35KNOS+		0.782	13.916	13.916	0.000	3	0.971	-0.199	0.287	-0.316		328.207	902	15.032	857348445183491660	857336468747866976	857336468743672671	17493	
1	C2H4OS	[M + K]+	C2H4KOS+		1.000	29.169	29.169	0.000	5	0.370	0.055	0.669	-0.642		114.961	902	15.033	857348446164958813	857336468806587236	857336468806587235	17494	
1	C12H27O3PS	[M + H]+	C12H28O3PS+		1.000	37.568	32.419	5.149	10	0.892	0.947	0.947	0.251		283.149	902	15.033	857348447083511399	857336468865307496	857336468861113191	17496	
1	C5H12O2Si	[M + K]+	C5H12KO2Si+		0.999	66.988	66.988	0.000	9	0.900	1.613	1.613	0.677		171.024	902	15.034	857348449642036902	857336468924027756	857336468924027755	17500	
1	C9H20O2Si	[M + K]+	C9H20KO2Si+		0.907	22.819	22.819	0.000	5	0.980	1.931	1.931	0.685		227.087	902	15.034	857348447196757617	857336468974359408	857336468974359407	17505	
1	C16H34O4	[M + H]+	C16H35O4+		0.998	47.184	47.184	0.000	7	0.960	1.677	1.677	0.082		291.253	903	15.050	857348445342875222	857336469024691060	857336469024691059	17536	
1	C14H37N7O2	[M + H]+	C14H38N7O2+		0.786	16.494	16.494	0.000	4	0.804	1.279	1.279	7.880		336.311	903	15.050	857348452901011334	857336469075022712	857336469075022711	17532	
1	C16H34O4	[M + H3N + H]+	C16H38NO4+		0.996	21.687	21.687	0.000	5	0.964	0.551	0.551	0.016		308.280	903	15.050	857348447658131067	857336469129548668	857336469129548667	17531	
1	C16H41N7O3	[M + H]+	C16H42N7O3+		0.666	14.683	14.683	0.000	5	0.974	0.660	0.660	7.192		380.337	905	15.081	857348453823758223	857336469179880320	857336469179880319	17578	
1	C18H38O5	[M + H]+	C18H39O5+		1.000	37.636	37.636	0.000	8	0.940	0.672	0.672	-0.062		335.279	905	15.082	857348456604581785	857336469230211972	857336469230211971	17583	
1	C17H24O4	[M + H]+	C17H25O4+		0.996	25.534	25.534	0.000	3	0.838	0.770	0.770	0.049		293.175	905	15.086	857348465752358980	857336469288932232	857336469284737927	17562	
1	C17H24O3	[M + H]+	C17H25O3+		0.999	31.078	31.078	0.000	8	0.996	0.955	0.955	0.357		277.180	906	15.106	857348467862093990	857336469339263884	857336469339263883	17673	
1	C15H31NO2	[M + H]+	C15H32NO2+		1.000	46.317	42.554	3.763	9	0.992	1.297	1.297	0.326		258.243	908	15.131	857348467434274976	857336469393789840	857336469389595535	17657	
1	C15H32O3	[M + H]+	C15H33O3+		1.000	23.019	23.019	0.000	3	1.000	1.776	1.776	0.339		261.243	909	15.147	857348467849511074	857336469444121492	857336469439927187	17683	
1	C17H24O4	[M + H]+	C17H25O4+		0.999	32.821	28.945	3.877	5	0.938	1.118	1.118	0.117		293.175	912	15.204	857348471855071452	857336469494453144	857336469494453143	17760	
1	C27H29NO6	[M + H]+	C27H30NO6+		0.596	35.489	35.489	0.000	12	0.968	0.594	0.618	0.250		464.207	916	15.263	857348495833908826	857336469548979100	857336469548979099	17810	
1	C21H18O2	[M + K]+	C21H18KO2+		0.609	47.967	47.967	0.000	17	0.952	0.455	0.630	-0.228		341.094	916	15.275	857348714709469982	857336469607699360	857336469603505055	17819	
1	C13H14O2	[M + H]+	C13H15O2+		0.333	238.479	238.479	0.000	43	0.983	0.874	0.874	0.117		203.107	920	15.330	857348725706935104	857336469666419620	857336469666419619	17899	
1	C11H12O	[M + H]+	C11H13O+		1.000	164.410	164.410	0.000	34	0.906	0.567	0.567	0.115		161.096	920	15.331	857348702726342340	857336469729334184	857336469729334183	17902	
1	C15H19NO3	[M + H]+	C15H20NO3+		0.500	113.471	113.471	0.000	34	0.996	0.785	0.792	0.305		262.144	920	15.332	857348711995755212	857336469788054444	857336469788054443	17904	
1	C17H24O3	[M + H]+	C17H25O3+		1.000	121.412	121.412	0.000	33	0.991	0.443	0.591	0.357		277.180	920	15.333	857348735802625642	857336469850969008	857336469850969007	17901	
1	C16H26O2	[M + H]+	C16H27O2+		1.000	159.124	159.124	0.000	26	0.976	1.041	1.041	0.213		251.201	923	15.391	857348705096124271	857336469909689268	857336469909689267	17985	
1	C20H43N	[M + H]+	C20H44N+		1.000	6.146	6.146	0.000	4	0.858	1.480	1.480	0.078		298.347	925	15.412	857348712578763549	857336469960020920	857336469960020919	18013	
1	C17H24O4	[M + H]+	C17H25O4+		1.000	43.014	43.014	0.000	9	0.945	1.647	1.647	0.083		293.175	927	15.446	857348727141387100	857336470014546876	857336470014546875	18062	
1	C19H20O4	[M + H]+	C19H21O4+		0.999	35.147	31.253	3.894	4	0.969	1.262	1.262	-0.305		313.143	927	15.453	857348728479370086	857336470069072832	857336470064878527	18030	
1	C17H32O2	[M + H]+	C17H33O2+		1.000	111.027	111.027	0.000	18	0.989	1.032	1.032	0.272		269.248	929	15.486	857348732824669799	857336470119404484	857336470119404483	18098	
1	C21H45N	[M + H]+	C21H46N+		1.000	5.784	5.784	0.000	6	0.981	5.347	5.347	-0.150		312.362	930	15.498	857348727095249755	857336470169736136	857336470169736135	18109	
1	C16H22ClN2O5	[M + K]+	C16H22ClKN2O5+		0.622	46.779	46.779	0.000	17	0.799	6.855	6.855	4.008		396.086	934	15.572	857348788818628251	857336470224262092	857336470224262091	18283	
1	C21H27NO4	[M + H]+	C21H28NO4+		0.500	10.946	10.946	0.000	2	0.963	0.747	0.747	0.015		358.201	935	15.589	857348750235225735	857336470278788048	857336470278788047	18293	
1	C7H6	[M + H]+	C7H7+		0.990	33.970	33.970	0.000	6	0.944	3.779	3.779	0.476		91.054	936	15.595	857348742681284226	857336470329119700	857336470329119699	18299	
1	C14H21ClN4O2	[M + H]+	C14H22ClN4O2+		0.837	47.424	47.424	0.000	11	0.975	2.272	3.804	2.746		313.143	936	15.597	857348758858714769	857336470559806424	857336470555612119	18301	
1	C2H4O2	[M + K]+	C2H4KO2+		1.000	22.882	22.882	0.000	2	0.612	-0.995	2.035	-0.985		98.984	941	15.686	857348973040848719	857336470618526684	857336470614332379	18367	
1	C18H24O2	[M + H]+	C18H25O2+		1.000	128.455	127.651	0.805	29	0.900	0.241	0.441	0.379		273.185	943	15.722	857348982121519107	857336470677246944	857336470677246943	18470	
1	C18H32O7	[M + Na]+	C18H32NaO7+		0.994	16.935	16.935	0.000	6	0.933	0.663	0.874	0.068		383.204	950	15.839	857348977860105113	857336470731772900	857336470727578595	18592	
1	C18H32O7	[M + H]+	C18H33O7+		0.994	56.707	56.707	0.000	8	0.980	1.012	1.012	-0.138		361.222	951	15.842	857348977776218910	857336470782104552	857336470782104551	18603	
1	C20H39NO7	[M + H]+	C20H40NO7+		0.699	13.930	13.930	0.000	3	0.861	1.122	1.122	0.224		406.280	951	15.843	857348977860105123	857336470832436204	857336470832436203	18606	
1	C13H27NO	[M + H]+	C13H28NO+		1.000	14.420	14.420	0.000	2	0.804	3.289	3.357	0.136		214.217	953	15.890	857348975939112814	857336470886962160	857336470882767855	18668	
1	C17H36O4	[M + H]+	C17H37O4+		1.000	42.711	42.711	0.000	9	0.984	0.910	0.910	0.144		305.269	960	15.996	857348977910436781	857336470937293812	857336470933099507	18791	
1	C20H39N5	[M + H]+	C20H40N5+		0.985	16.866	16.866	0.000	3	0.765	1.705	1.705	-3.804		350.326	960	16.001	857348993156733375	857336470991819768	857336470991819767	18794	
1	C16H14O	[M + H]+	C16H15O+		0.999	52.708	52.708	0.000	12	0.989	0.839	0.839	0.262		223.112	960	16.001	857349000115083898	857336471042151420	857336471042151419	18811	
1	C15H32O3	[M + H]+	C15H33O3+		0.992	34.921	34.921	0.000	5	0.820	0.932	0.932	0.378		261.243	971	16.182	857348986491984268	857336471092483072	857336471092483071	19072	
1	C17H36O4	[M + H]+	C17H37O4+		1.000	41.830	41.830	0.000	7	0.936	1.157	1.157	0.177		305.269	972	16.197	857348990413658531	857336471142814724	857336471142814723	19117	
1	C17H41N4O3	[M + H]+	C17H42N4O3+		0.616	14.379	14.379	0.000	4	0.851	-0.016	0.165	3.932		350.327	972	16.198	857348991005055405	857336471197340680	857336471193146375	19118	
1	C23H40N2O6	[M + H]+	C23H41N2O6+		0.618	22.083	22.083	0.000	6	1.000	0.610	0.687	-1.458		441.295	973	16.214	857348988056459673	857336471247672332	857336471247672331	19173	
1	C18H36O5	[M + H3N + H]+	C18H40NO5+		0.867	9.134	9.134	0.000	2	0.861	3.156	3.156	0.029		350.290	977	16.291	857348988010322319	857336471423833112	857336471423833111	19285	
1	C18H36O5	[M + H]+	C18H37O5+		1.000	73.173	73.173	0.000	12	0.955	0.967	0.967	-0.032		333.264	978	16.296	857348997111962062	857336471474164764	857336471474164763	19292	
1	C16H32O4	[M + H]+	C16H33O4+		1.000	93.412	93.412	0.000	13	0.981	0.620	0.689	0.152		289.237	979	16.321	857348992129128885	857336471532885024	857336471532885023	19322	
1	C16H32O4	[M + Na]+	C16H32NaO4+		0.980	25.597	25.597	0.000	9	0.984	1.013	1.013	-0.322		311.219	979	16.322	857349024622409426	857336471587410980	857336471587410979	19314	
1	C10H23N6	[M + H]+	C10H24N6+		0.931	69.232	69.232	0.000	29	0.870	7.342	7.342	-7.827		228.204	980	16.329	857349025087977419	857336471650325544	857336471650325543	19312	
1	C39H72O13	[M + H]+	C39H73O13+		0.979	73.974	73.974	0.000	28	0.993	0.569	0.651	-0.319		749.504	980	16.331	857349119774392008	857336471704851500	857336471704851499	19333	
1	C14H26O2	[M + H]+	C14H27O2+		1.000	71.432	71.432	0.000	14	0.986	0.689	0.689	0.191		227.201	981	16.348	857349114682506950	857336471763571760	857336471763571759	19437	
1	C19H38O4	[M - H2O + H]+	C19H37O3+		1.000	127.535	127.535	0.000	22	0.970	0.703	0.703	-57491.468		313.274	981	16.353	857349024890844892	857336471813903412	857336471813903411	19366	
1	C22H24FN3O4	[M + H]+	C22H25FN3O4+		0.162	12.986	12.986	0.000	3	0.757	0.090	2.710	1.422		414.183	993	16.556	857349147251277522	857336471868429368	857336471868429367	19610	
1	C22H21ClO3	[M + H]+	C22H22ClO3+		0.963	55.480	55.480	0.000	18	0.904	0.687	0.806	-0.321		369.125	994	16.558	857349077533556412	857336471918761020	857336471918761019	19614	
1	C21H36O4	[M + H3N + H]+	C21H40NO4+		0.997	67.196	67.196	0.000	15	0.965	0.759	0.759	0.202		370.295	997	16.615	857349497681183455	857336471969092672	857336471969092671	19701	
1	C23H40O5	[M + H]+	C23H41O5+		1.000	81.517	81.517	0.000	20	0.965	1.008	1.008	0.325		397.295	997	16.616	857349503960056557	857336472015230020	857336472015230019	19695	
1	C23H40O5	[M + H3N + H]+	C23H44NO5+		1.000	71.069	71.069	0.000	16	0.978	0.547	0.547	0.217		414.321	997	16.620	857349508145971970	857336472061367368	857336472061367367	19702	
1	C20H28O5	[M + H]+	C20H29O5+		0.994	29.033	29.033	0.000	6	0.889	0.877	0.877	-0.001		349.201	1008	16.807	857349508087251704	857336472111699020	857336472111699019	19916	
1	C22H21ClO3	[M + H]+	C22H22ClO3+		0.794	72.926	72.926	0.000	25	0.975	0.280	0.369	-0.349		369.125	1009	16.812	857349524780583980	857336472157836368	857336472157836367	19920	
1	CH4O2Si	[M + K]+	CH4KO2Si+		1.000	17.229	17.229	0.000	2	0.022	1.357	1.357	1.357		114.961	1016	16.931	857349502835983081	857336472212362324	857336472212362323	20080	
1	C21H35NS	[M + Na]+	C21H35NNaS+		0.496	9.047	9.047	0.000	2	0.995	1.342	1.342	0.135		356.238	1016	16.935	857349510192792699	857336472266888280	857336472266888279	20086	
1	C16H32OS	[M + K]+	C16H32KOS+		0.718	38.866	38.866	0.000	17	0.929	1.459	1.459	-0.401		311.180	1016	16.937	857349521261561386	857336472317219932	857336472317219931	20092	
1	C17H16O	[M + H]+	C17H17O+		1.000	77.347	77.347	0.000	16	0.811	0.285	0.353	0.204		237.127	1017	16.956	857349522696013364	857336472367551584	857336472367551583	20119	
1	C21H41N5	[M + H]+	C21H42N5+		0.541	9.579	9.579	0.000	2	0.759	1.196	1.196	-3.685		364.342	1018	16.974	857349521244784162	857336472422077540	857336472417883235	20256	
1	C36H74O13	[M + H]+	C36H75O13+		0.557	51.200	51.200	0.000	17	0.947	0.836	0.836	-0.082		715.520	1019	16.978	857349761775539851	857336472468214888	857336472468214887	20148	
1	C17H36O3	[M + H]+	C17H37O3+		1.000	41.948	38.153	3.795	14	0.946	0.974	0.974	0.168		289.274	1024	17.064	857349779630691990	857336472518546540	857336472518546539	20281	
1	C18H38O4	[M + H]+	C18H39O4+		0.498	36.021	32.327	3.694	7	0.927	3.167	3.167	0.137		319.284	1024	17.075	857349781530711707	857336472577266800	857336472573072495	20296	
1	C14H32Si	[M + H]+	C14H33Si+		1.000	13.870	13.870	0.000	5	0.378	5.117	5.117	4.476		229.236	1028	17.126	857349812593738373	857336472627598452	857336472627598451	20360	
1	C14H29NO	[M + H]+	C14H30NO+		1.000	50.749	50.749	0.000	14	0.937	1.399	1.399	0.302		228.232	1028	17.127	857349811415138073	857336472682124408	857336472682124407	20352	
1	C16H24O7	[M + H]+	C16H25O7+		1.000	82.936	82.936	0.000	12	0.982	0.717	0.834	-0.029		329.159	1029	17.156	857349834177627844	857336472736650364	857336472736650363	20412	
1	C22H41NO8	[M + H]+	C22H42NO8+		0.998	66.603	66.603	0.000	10	0.909	1.234	1.234	0.103		448.291	1029	17.156	857349812723762151	857336472786982016	857336472786982015	20399	
1	C20H34O8	[M + Na]+	C20H34NaO8+		0.942	40.170	40.170	0.000	7	0.937	0.111	0.543	0.026		425.215	1029	17.157	857349829509367165	857336472845702276	857336472845702275	20414	
1	C18H32O7	[M + H]+	C18H33O7+		0.497	57.119	57.119	0.000	8	0.993	0.450	0.450	-0.055		361.222	1029	17.157	857349812719567834	857336472896033928	857336472896033927	20422	
1	C20H34O8	[M + H]+	C20H35O8+		1.000	64.755	64.755	0.000	14	0.990	0.292	0.406	0.038		403.233	1029	17.158	857349915165472160	857336472950559884	857336472950559883	20420	
1	C11H16N6	[M + K]+	C11H16KN6+		0.622	5.906	5.906	0.000	1	0.396	-1.696	1.696	-1.485		271.106	1030	17.159	857349909285057880	857336473009280144	857336473009280143	20426	
1	C17H36O3	[M + H]+	C17H37O3+		1.000	44.604	41.376	3.228	15	0.929	1.541	1.541	0.133		289.274	1034	17.230	857349910644012401	857336473063806100	857336473063806099	20500	
1	C15H31NO	[M + H]+	C15H32NO+		1.000	46.865	43.246	3.619	12	0.960	0.563	0.686	-0.004		242.248	1035	17.255	857349910597875046	857336473118332056	857336473114137751	20545	
1	C2H4O2	[M + K]+	C2H4KO2+		1.000	12.270	12.270	0.000	1	0.346	0.982	1.542	-0.783		98.984	1048	17.474	857349910635623784	857336473164469404	857336473164469403	20848	
1	C15H32N4O2	[M + Na]+	C15H32N4NaO2+		0.942	24.944	24.944	0.000	9	0.982	1.040	1.450	-22.080		323.235	1049	17.476	857349917497505197	857336473214801056	857336473214801055	20856	
1	C17H32O3	[M + H]+	C17H33O3+		1.000	61.591	61.591	0.000	9	1.000	0.929	0.929	0.241		285.242	1049	17.479	857349915018671513	857336473265132708	857336473265132707	20859	
1	C12H14O4	[M + H]+	C12H15O4+		1.000	62.545	62.545	0.000	12	0.952	1.041	1.041	0.245		223.097	1052	17.540	857349927299593722	857336473315464360	857336473315464359	20933	
1	C16H33NO	[M + H]+	C16H34NO+		1.000	41.806	41.806	0.000	12	0.992	1.152	1.152	0.074		256.264	1056	17.603	857349928725657093	857336473361601708	857336473361601707	21087	
1	C17H36O3	[M + H]+	C17H37O3+		0.500	58.074	54.653	3.420	10	0.869	1.840	1.840	0.168		289.274	1058	17.630	857349914511160720	857336473416127664	857336473411933359	21028	
1	C21H27N3O7S	[M + H]+	C21H28N3O7S+		0.693	39.802	39.802	0.000	10	0.964	-2.875	2.940	-4.779		466.162	1065	17.749	857349969456543404	857336473462265012	857336473462265011	21192	
1	C2H4OS	[M + K]+	C2H4KOS+		1.000	20.331	20.331	0.000	3	0.411	0.660	1.137	-0.555		114.961	1068	17.797	857349924040619460	857336473508402360	857336473508402359	21258	
1	C17H34OS	[M + K]+	C17H34KOS+		0.841	29.754	29.754	0.000	11	0.928	1.611	1.611	-0.261		325.196	1068	17.801	857349943061788286	857336473554539708	857336473554539707	21265	
1	C16H22N2OS3	[M + H]+	C16H23N2OS3+		0.180	15.081	7.581	7.499	3	0.971	1.034	1.034	-0.092		355.097	1071	17.858	857349929967171089	857336473604871360	857336473604871359	21330	
1	C17H32O3	[M + H]+	C17H33O3+		1.000	77.984	77.984	0.000	13	1.000	0.324	0.527	0.241		285.242	1071	17.858	857349925571540440	857336473651008708	857336473651008707	21327	
1	C18H35NO	[M + H]+	C18H36NO+		1.000	25.587	25.587	0.000	8	1.000	1.030	1.030	0.315		282.279	1073	17.882	857349914976728471	857336473697146056	857336473697146055	21354	
1	C21H33N5O2	[M + H]+	C21H34N5O2+		0.122	2.000	2.000	0.000	0	0.000			-3.301		388.269	1075	17.910	857349941245654634	857336473743283404	857336473743283403	21387	
1	C18H30O6	[M + H]+	C18H31O6+		1.000	56.014	56.014	0.000	8	0.986	0.823	0.823	0.014		343.212	1075	17.911	857349936518674011	857336473793615056	857336473789420751	21390	
1	C24H31NO4	[M + H]+	C24H32NO4+		1.000	53.259	53.259	0.000	14	0.967	0.489	0.710	0.339		398.233	1080	17.996	857349950091441810	857336473835558100	857336473835558099	21504	
1	C17H36O3	[M + H]+	C17H37O3+		1.000	22.561	22.561	0.000	4	0.742	0.744	0.744	0.202		289.274	1082	18.039	857349937051350629	857336473885889752	857336473885889751	21571	
1	C17H32O3	[M + H]+	C17H33O3+		1.000	90.307	90.307	0.000	14	0.968	0.607	0.607	0.276		285.243	1082	18.041	857349925672203743	857336473932027100	857336473932027099	21590	
1	C22H43N5	[M + H]+	C22H44N5+		0.747	16.645	16.645	0.000	3	0.534	1.607	1.607	-3.364		378.358	1086	18.103	857349932374701602	857336473978164448	857336473978164447	21662	
1	C19H40O4	[M + Na]+	C19H40NaO4+		0.980	5.689	5.689	0.000	3	0.657	0.376	0.573	-0.311		355.282	1087	18.111	857349930822809115	857336474024301796	857336474024301795	21669	
1	C19H40O4	[M + H]+	C19H41O4+		1.000	36.614	36.614	0.000	8	0.952	1.622	1.622	-0.199		333.300	1087	18.119	857349929677764103	857336474070439144	857336474066244839	21678	
1	C13H28N2O	[M + H]+	C13H29N2O+		1.000	20.910	17.983	2.927	4	1.000	5.663	5.663	0.436		229.228	1093	18.220	857349917698831799	857336474116576492	857336474116576491	21798	
1	C8H12	[M + H]+	C8H13+		1.000	71.966	71.966	0.000	7	0.849	3.727	3.727	1.037		109.101	1095	18.242	857349934861923909	857336474162713840	857336474162713839	21848	
1	C8H4O3	[M + H]+	C8H5O3+		0.498	46.248	46.248	0.000	5	0.855	2.004	2.004	0.601		149.023	1095	18.246	857349934283109940	857336474213045492	857336474213045491	21832	
1	C7H19N7O2	[M + K]+	C7H19KN7O2+		0.838	8.357	8.357	0.000	4	0.748	4.277	4.933	-4.744		272.122	1095	18.247	857349917753357753	857336474263377144	857336474263377143	21838	
1	C8H14O	[M + H]+	C8H15O+		1.000	17.217	17.217	0.000	2	0.173	2.397	2.397	0.381		127.112	1095	18.247	857349915635234218	857336474309514492	857336474309514491	21839	
1	C26H43NO5	[M + H]+	C26H44NO5+		1.000	79.854	79.854	0.000	13	0.963	0.655	0.756	0.222		450.321	1095	18.250	857349933184202282	857336474359846144	857336474359846143	21845	
1	C24H36O5	[M + Na]+	C24H36NaO5+		1.000	13.341	13.341	0.000	9	0.990	0.390	0.418	0.293	DG(8:0_13:5)	427.246	1095	18.254	857349928285255172	857336474405983492	857336474405983491	21842	
1	C24H36O5	[M + H]+	C24H37O5+		0.997	65.301	65.301	0.000	16	0.924	1.000	1.000	0.344		405.264	1095	18.254	857349935642064465	857336474452120840	857336474452120839	21853	
1	C24H36O5	[M + H3N + H]+	C24H40NO5+		0.998	47.885	47.885	0.000	14	0.947	0.679	0.679	0.166		422.290	1095	18.257	857349925873530342	857336474498258188	857336474498258187	21864	
1	C22H32O5	[M + H]+	C22H33O5+		0.997	28.787	28.787	0.000	7	1.000	0.682	0.696	0.184		377.232	1096	18.261	857349924254528974	857336474544395536	857336474540201231	21860	
1	C18H36O4	[M + H]+	C18H37O4+		1.000	54.976	54.976	0.000	11	0.968	1.677	1.677	0.138		317.269	1106	18.434	857349935461709383	857336474586338580	857336474586338579	22105	
1	C25H27ClO3	[M + H]+	C25H28ClO3+		0.646	49.316	49.316	0.000	12	0.971	0.099	0.445	-0.289		411.172	1111	18.512	857349971046184630	857336474632475928	857336474632475927	22211	
1	C19H34O3	[M + H]+	C19H35O3+		1.000	99.868	99.868	0.000	14	1.000	1.138	1.138	0.285		311.258	1117	18.622	857349926750139888	857336474678613276	857336474674418971	22362	
1	C16H35O3PS	[M + H]+	C16H36O3PS+		0.996	34.773	34.773	0.000	14	0.944	1.149	1.149	0.180		339.212	1119	18.655	857349941606364788	857336474720556320	857336474720556319	22389	
1	C2H4OS	[M + K]+	C2H4KOS+		0.993	12.765	12.765	0.000	2	0.359	2.060	2.060	-0.555		114.961	1119	18.656	857349944835978888	857336474766693668	857336474766693667	22390	
1	C20H43NOS	[M + K]+	C20H43KNOS+		0.997	14.256	14.256	0.000	6	0.990	0.673	0.673	-0.063		384.270	1120	18.659	857349959461516957	857336474817025320	857336474817025319	22394	
1	C26H53NO7	[M + H]+	C26H54NO7+		0.459	4.335	4.335	0.000	1	1.000	0.805	0.805	0.265		492.390	1120	18.661	857350154047862464	857336474863162668	857336474863162667	22399	
1	C17H35NO	[M + H]+	C17H36NO+		1.000	39.937	39.937	0.000	9	0.978	1.449	1.449	0.292		270.279	1121	18.691	857350284117423816	857336474909300016	857336474909300015	22441	
1	C24H36O5	[M + H3N + H]+	C24H40NO5+		0.719	21.700	21.700	0.000	4	0.947	3.559	3.559	0.166		422.290	1126	18.759	857350559012108788	857336474955437364	857336474955437363	22539	
1	C24H36O5	[M + Na]+	C24H36NaO5+		1.000	47.360	47.360	0.000	10	0.980	0.352	0.352	0.339	DG(8:0_13:5)	427.246	1126	18.760	857350567300053549	857336475001574712	857336474997380407	22530	
1	C26H43NO5	[M + H]+	C26H44NO5+		0.763	26.411	26.411	0.000	5	0.957	1.635	1.635	0.244		450.322	1126	18.761	857350611885512277	857336475047712060	857336475043517755	22538	
1	C8H14O	[M + H]+	C8H15O+		0.333	19.270	19.270	0.000	1	0.473	7.062	7.062	0.381		127.112	1126	18.764	857350612116199008	857336475093849408	857336475089655103	22531	
1	C24H36O5	[M + H]+	C24H37O5+		0.871	25.024	25.024	0.000	5	0.831	1.776	1.776	0.270		405.264	1126	18.765	857350619061966447	857336475139986756	857336475135792451	22547	
1	C18H37NO	[M + H]+	C18H38NO+		1.000	21.920	21.920	0.000	4	1.000	1.959	1.959	0.242		284.295	1128	18.802	857350653694334636	857336475186124104	857336475181929799	22590	
1	C18H34O4	[M + H]+	C18H35O4+		1.000	122.200	122.200	0.000	22	0.990	0.630	0.630	0.235		315.253	1130	18.826	857350633737836181	857336475232261452	857336475232261451	22639	
1	C22H42O6	[M + Na]+	C22H42NaO6+		0.903	4.489	4.489	0.000	0	0.000	-0.141	0.141	0.095		425.287	1133	18.881	857350612602738278	857336475278398800	857336475278398799	22716	
1	C24H49NO6	[M + H]+	C24H50NO6+		0.512	10.241	10.241	0.000	1	0.617	-0.750	0.750	0.235		448.363	1133	18.885	857350632815089290	857336475324536148	857336475324536147	22725	
1	C22H42O6	[M + H3N + H]+	C22H46NO6+		0.998	17.398	17.398	0.000	6	0.997	1.459	1.459	0.132		420.332	1133	18.885	857350632752174723	857336475370673496	857336475366479191	22726	
1	C22H42O6	[M + H]+	C22H43O6+		0.957	34.595	34.595	0.000	5	0.901	1.570	1.570	0.557		403.306	1133	18.886	857350620639024761	857336475412616540	857336475412616539	22720	
1	C10H18O2	[M + H]+	C10H19O2+		1.000	54.164	54.164	0.000	8	0.847	3.497	3.497	0.139		171.138	1133	18.887	857350649198040735	857336475462948192	857336475458753887	22724	
1	C16H35O3PS	[M + H]+	C16H36O3PS+		0.362	23.170	23.170	0.000	9	0.994	2.048	2.048	-0.027		339.212	1134	18.895	857350610383951435	857336475534251364	857336475534251363	22737	
1	C19H36O2	[M + H]+	C19H37O2+		1.000	120.154	120.154	0.000	21	0.981	0.282	0.485	0.280		297.279	1134	18.902	857350613391267435	857336475584583016	857336475584583015	22717	
1	C17H35NO	[M + H]+	C17H36NO+		1.000	28.005	28.005	0.000	10	0.980	0.795	0.845	0.292		270.279	1139	18.987	857350667627812526	857336475630720364	857336475630720363	22859	
1	C26H45NO5	[M + H]+	C26H46NO5+		0.998	22.231	22.231	0.000	7	0.946	1.304	1.304	0.155		452.337	1145	19.088	857350653396539042	857336475681052016	857336475681052015	22978	
1	C24H38O5	[M + Na]+	C24H38NaO5+		0.981	8.315	8.315	0.000	3	0.904	1.089	1.089	0.151		429.261	1145	19.089	857350687030662833	857336475722995060	857336475722995059	22982	
1	C24H38O5	[M - H2O + H]+	C24H37O4+		1.000	65.382	65.382	0.000	10	0.983	1.399	1.399	-46267.556		389.269	1145	19.090	857350909496547738	857336475769132408	857336475769132407	22983	
1	C24H36O5	[M + H]+	C24H37O5+		0.996	36.843	36.843	0.000	11	0.966	0.628	0.628	0.344		405.264	1146	19.100	857350908443777424	857336475815269756	857336475815269755	22998	
1	C22H47NO2	[M + K]+	C22H47KNO2+		0.495	7.567	7.567	0.000	1	1.000	-0.459	0.459	0.081		396.324	1146	19.107	857350912948460636	857336475865601408	857336475865601407	23015	
1	C2H4O2	[M + K]+	C2H4KO2+		1.000	23.022	23.022	0.000	2	0.524	0.287	0.894	-0.783		98.984	1146	19.108	857350913544051941	857336475915933060	857336475915933059	23021	
1	C17H36N4O2	[M + Na]+	C17H36N4NaO2+		0.998	29.963	29.963	0.000	9	0.990	1.198	1.378	-20.375		351.266	1147	19.111	857350918841459246	857336475966264712	857336475966264711	23020	
1	C28H49NO5	[M + H]+	C28H50NO5+		0.998	17.825	11.635	6.190	5	1.000	1.959	1.959	0.416		480.369	1151	19.192	857350915184026146	857336476016596364	857336476016596363	23159	
1	C16H33NO	[M + H]+	C16H34NO+		1.000	28.673	28.673	0.000	7	0.976	1.820	1.820	0.113		256.264	1157	19.287	857350914529713460	857336476062733712	857336476062733711	23347	
1	C32H67N	[M + H]+	C32H68N+		1.000	3.830	3.830	0.000	5	0.777	0.543	0.543	0.305		466.535	1158	19.303	857350930992357974	857336476117259668	857336476113065363	23386	
1	C26H43NO5	[M + H]+	C26H44NO5+		0.989	21.731	21.731	0.000	7	0.936	1.933	1.933	0.267		450.322	1164	19.404	857350934305858228	857336476163397016	857336476163397015	23478	
1	C19H36O3	[M + H]+	C19H37O3+		1.000	117.948	117.948	0.000	20	0.981	0.984	0.984	0.059		313.274	1166	19.433	857350933123064485	857336476209534364	857336476209534363	23487	
1	C18H38O3	[M + Na]+	C18H38NaO3+		1.000	34.965	34.965	0.000	6	0.691	1.360	1.360	-0.202		325.271	1166	19.436	857350932414227103	857336476255671712	857336476255671711	23524	
1	C28H47NO5	[M + H]+	C28H48NO5+		0.501	18.343	18.343	0.000	4	0.734	1.590	1.590	0.313		478.353	1171	19.509	857350930090582603	857336476301809060	857336476301809059	23609	
1	C18H37NO	[M + H]+	C18H38NO+		1.000	39.868	36.356	3.512	10	0.991	1.293	1.293	0.277		284.295	1171	19.514	857350927817269830	857336476347946408	857336476347946407	23595	
1	C19H36O3	[M + H]+	C19H37O3+		1.000	115.321	115.321	0.000	18	0.982	1.186	1.186	0.091		313.274	1172	19.536	857350931449537112	857336476394083756	857336476394083755	23634	
1	C25H42O5	[M + H]+	C25H43O5+		1.000	71.867	71.867	0.000	14	1.000	0.727	0.727	0.140		423.311	1174	19.563	857350937246065381	857336476440221104	857336476440221103	23656	
1	C27H46O5	[M + H3N + H]+	C27H50NO5+		1.000	19.625	19.625	0.000	5	1.000	1.133	1.133	0.320	DG(15:0_9:3)	468.369	1174	19.569	857350929172030026	857336476503135668	857336476498941363	23658	
1	C20H39NO	[M + H]+	C20H40NO+		1.000	23.764	23.764	0.000	8	0.965	1.086	1.086	0.125		310.310	1188	19.796	857350929130086984	857336476553467320	857336476549273015	23918	
1	C19H36O3	[M + H]+	C19H37O3+		1.000	123.609	123.609	0.000	21	0.975	0.448	0.508	0.059		313.274	1188	19.806	857350933274059437	857336476603798972	857336476603798971	23938	
1	C21H43NO3	[M + H]+	C21H44NO3+		0.388	2.000	2.000	0.000	0	0.000			-0.030		358.332	1189	19.819	857350935643841232	857336476670907840	857336476670907839	23949	
1	C19H36O3	[M + H3N + H]+	C19H40NO3+		0.976	47.636	47.636	0.000	7	1.000	2.567	2.567	-0.062		330.300	1190	19.833	857350937107653342	857336476733822404	857336476729628099	23947	
1	C21H39NO3	[M + H]+	C21H40NO3+		0.500	198.653	198.653	0.000	55	0.982	0.607	0.645	-0.030		354.300	1190	19.833	857350963942820847	857336476788348360	857336476788348359	23941	
1	C24H47NO	[M + H]+	C24H48NO+		1.000	170.318	163.809	6.509	37	0.997	0.729	0.729	0.159		366.373	1191	19.855	857350946599365926	857336476847068620	857336476842874315	23963	
1	C25H40O3	[M + H]+	C25H41O3+		1.000	61.939	61.939	0.000	12	0.995	1.605	1.925	0.150		389.305	1192	19.861	857350988907319442	857336476901594576	857336476897400271	23968	
1	C19H34O2	[M + H]+	C19H35O2+		0.500	144.722	140.939	3.782	23	0.959	1.156	1.156	0.350		295.263	1194	19.893	857350992975794332	857336476951926228	857336476951926227	24098	
1	C9H17NS	[M + H]+	C9H18NS+		0.982	27.339	21.320	6.020	2	0.586	6.005	6.005	-0.099		172.115	1196	19.930	857351010466042023	857336477006452184	857336477006452183	24059	
1	C34H71N	[M + H]+	C34H72N+		1.000	19.861	19.861	0.000	8	0.855	0.531	1.005	0.166		494.566	1196	19.933	857350997241401510	857336477056783836	857336477056783835	24057	
1	C28H47NO5	[M + H]+	C28H48NO5+		0.508	19.270	19.270	0.000	5	0.863	1.011	1.011	0.272		478.353	1199	19.984	857351219505959101	857336477102921184	857336477102921183	24085	
1	C23H42O4	[M + H]+	C23H43O4+		1.000	60.197	55.927	4.270	9	0.973	1.133	1.133	0.036		383.316	1200	19.999	857351222152565088	857336477157447140	857336477153252835	24110	
1	C24H38O5	[M + H]+	C24H39O5+		0.997	26.154	26.154	0.000	8	1.000	1.191	1.191	0.268		407.279	1204	20.067	857351231593943434	857336477203584488	857336477203584487	24170	
1	C15H32N2O	[M + H]+	C15H33N2O+		1.000	18.350	18.350	0.000	4	0.973	3.496	3.496	-0.039		257.259	1208	20.134	857351224996303230	857336477249721836	857336477249721835	24222	
1	C2H4OS	[M + K]+	C2H4KOS+		1.000	19.487	19.487	0.000	3	0.381	0.371	1.789	-0.729		114.961	1213	20.210	857351231518445952	857336477300053488	857336477300053487	24318	
1	C18H39O3PS	[M + H]+	C18H40O3PS+		0.866	50.914	44.663	6.251	13	0.968	1.558	1.558	0.111		367.243	1213	20.210	857351224492986740	857336477350385140	857336477346190835	24320	
1	C22H47NOS	[M + K]+	C22H47KNOS+		0.790	9.022	8.328	0.694	4	0.959	0.192	0.363	-0.204		412.301	1213	20.212	857351224249717098	857336477396522488	857336477396522487	24338	
1	C13H24O3	[M + H]+	C13H25O3+		1.000	31.083	31.083	0.000	4	1.000	4.109	4.109	0.432		229.180	1213	20.220	857351432605965364	857336477442659836	857336477442659835	24398	
1	C28H47NO5	[M + H]+	C28H48NO5+		0.994	36.443	36.443	0.000	6	0.904	0.971	0.971	0.272		478.353	1214	20.226	857351465581584679	857336477492991488	857336477492991487	24356	
1	C21H44O4	[M + H]+	C21H45O4+		0.956	52.579	52.579	0.000	8	0.792	1.009	1.009	0.121		361.331	1214	20.227	857351458879086096	857336477539128836	857336477534934531	24381	
1	C21H48FN5O	[M + H]+	C21H49FN5O+		0.847	31.469	31.469	0.000	8	0.809	-1.980	6.056	-5.871		406.389	1214	20.227	857351477258527231	857336477585266184	857336477585266183	24386	
1	C21H26O3	[M + H]+	C21H27O3+		0.999	77.360	77.360	0.000	14	0.976	1.179	1.179	0.058		327.195	1225	20.424	857351474507063797	857336477639792140	857336477639792139	24591	
1	C36H75N	[M + H]+	C36H76N+		1.000	26.264	17.453	8.811	8	0.969	1.930	1.930	0.253		522.597	1229	20.476	857351573031266048	857336477690123792	857336477690123791	24641	
1	C22H34O4	[M + H]+	C22H35O4+		0.500	51.784	48.130	3.654	9	0.937	1.439	1.439	-0.044		363.253	1229	20.492	857351578362226709	857336477761426964	857336477761426963	24647	
1	C24H37NO7	[M + H]+	C24H38NO7+		0.469	15.269	15.269	0.000	5	1.000	1.677	1.677	0.024		452.264	1232	20.531	857351572649584363	857336477815952920	857336477815952919	24666	
1	C25H32N2O4	[M + H]+	C25H33N2O4+		0.810	24.360	24.360	0.000	8	1.000	1.560	1.560	4.459		425.245	1246	20.760	857351572754441973	857336477862090268	857336477862090267	24830	
1	C21H28N2O2	[M + H]+	C21H29N2O2+		1.000	82.297	82.297	0.000	26	0.973	0.981	0.981	-0.072		341.222	1251	20.854	857351592950019252	857336477912421920	857336477912421919	24898	
1	C18H36N2S4	[M + H]+	C18H37N2S4+		0.950	31.427	24.422	7.005	6	1.000	3.029	3.029	0.099		409.183	1251	20.854	857351583529609876	857336477966947876	857336477966947875	24899	
1	C19H39NO	[M + H]+	C19H40NO+		1.000	19.393	19.393	0.000	9	0.919	0.978	0.978	0.264		298.311	1253	20.886	857351579524048935	857336478013085224	857336478013085223	24916	
1	C8H4O3	[M + H]+	C8H5O3+		0.997	29.285	29.285	0.000	3	0.873	1.040	1.040	0.601		149.023	1253	20.890	857351583034681987	857336478067611180	857336478067611179	24930	
1	C23H39N5	[M + Na]+	C23H39N5Na+		0.378	6.072	6.072	0.000	1	1.000	-0.388	0.388	2.261		408.311	1254	20.892	857351594871010496	857336478113748528	857336478113748527	24922	
1	C22H34O4	[M + H]+	C22H35O4+		1.000	47.352	47.352	0.000	6	0.871	0.505	0.505	-0.099		363.253	1254	20.899	857351598209676988	857336478159885876	857336478159885875	24926	
1	C38H79N	[M + H]+	C38H80N+		1.000	11.324	4.407	6.917	5	0.796	0.715	0.715	0.203		550.629	1259	20.976	857351591221964933	857336478222800440	857336478218606135	24982	
1	C18H37NO	[M + H]+	C18H38NO+		1.000	15.190	15.190	0.000	4	0.965	1.818	1.818	0.242		284.295	1271	21.192	857351588655050337	857336478268937788	857336478268937787	25178	
1	C20H41NO	[M + H]+	C20H42NO+		0.500	44.572	41.273	3.299	15	0.993	0.284	0.379	0.060		312.326	1275	21.249	857351596829750678	857336478323463744	857336478323463743	25214	
1	C20H42O3	[M + H]+	C20H43O3+		0.984	19.961	19.961	0.000	3	0.930	1.945	1.945	-0.096		331.321	1282	21.367	857351608573805085	857336478373795396	857336478369601091	25316	
1	C24H38O4	[M + H]+	C24H39O4+		1.000	42.845	42.845	0.000	12	0.996	1.608	1.608	0.112		391.284	1289	21.484	857351608418615827	857336478419932744	857336478415738439	25414	
1	C22H43NO	[M + H]+	C22H44NO+		1.000	92.123	86.324	5.799	31	0.994	0.576	0.829	-0.182		338.342	1292	21.532	857351608661885496	857336478474458700	857336478474458699	25457	
1	C23H36O4	[M + H]+	C23H37O4+		1.000	55.233	55.233	0.000	8	0.975	1.074	1.074	-0.175		377.269	1295	21.582	857351608577999395	857336478520596048	857336478520596047	25520	
1	C8H4O3	[M + H]+	C8H5O3+		0.499	42.377	42.377	0.000	4	0.873	1.406	1.406	0.467		149.023	1296	21.598	857351615838339733	857336478617065048	857336478617065047	25517	
1	C4H6N3OS	[M + K]+	C4H6KN3OS+		1.000	59.937	58.107	1.830	12	0.220	-6.491	6.491	-5.989		182.985	1297	21.617	857351620699538103	857336478671591004	857336478667396699	25513	
1	CH4N2O4	[M + H]+	CH5N2O4+		0.517	1.697	1.697	0.000	0	0.000			-17.456		109.022	1298	21.627	857351608678662714	857336478902277732	857336478902277731	25522	
1	C7H12ClFO	[M + K]+	C7H12ClFKO+		0.519	12.882	11.713	1.169	3	0.240	4.542	4.542	-9.946		205.017	1298	21.628	857351617310540460	857336478948415080	857336478948415079	25538	
1	C3H5NO2	[M + Na]+	C3H5NNaO2+		0.369	1.000	1.000	0.000	0	0.000			-9.899		110.020	1298	21.630	857351608632525358	857336478990358124	857336478990358123	25523	
1	C22H42O4	[M + H]+	C22H43O4+		1.000	80.437	80.437	0.000	14	0.986	0.852	0.852	-0.044		371.316	1299	21.650	857351622624723662	857336479032301168	857336479032301167	25611	
1	C24H38O4	[M + H]+	C24H39O4+		1.000	65.015	65.015	0.000	13	0.992	0.840	0.840	0.035		391.284	1300	21.663	857351632904962837	857336479078438516	857336479078438515	25626	
1	C24H49NO4	[M + H]+	C24H50NO4+		1.000	25.989	25.989	0.000	4	0.353	-0.256	0.546	-0.061		416.373	1310	21.825	857351609035178561	857336479124575864	857336479124575863	25829	
1	C22H42O4	[M + H]+	C22H43O4+		1.000	73.943	73.943	0.000	16	0.992	0.459	0.700	-0.071		371.316	1310	21.826	857351624486994658	857336479166518908	857336479166518907	25825	
1	C22H42O4	[M + H3N + H]+	C22H46NO4+		1.000	52.904	52.904	0.000	9	0.992	1.040	1.040	0.089		388.342	1310	21.828	857351626256990966	857336479208461952	857336479208461951	25826	
1	C21H25ClN4OS2	[M + Na]+	C21H25ClN4NaOS2+		0.702	47.079	40.443	6.636	11	0.989	0.481	0.481	0.081		471.105	1312	21.873	857351632686859018	857336479262987908	857336479262987907	25856	
1	C15H38O10Si5	[M + H]+	C15H39O10Si5+		0.825	40.306	30.797	9.509	17	0.859	0.696	0.845	1.394		519.139	1313	21.886	857351654304301856	857336479313319560	857336479309125255	25896	
1	C15H38O10Si5	[M + H3N + H]+	C15H42NO10Si5+		0.670	35.953	25.464	10.489	17	0.839	0.845	0.932	1.295		536.166	1313	21.886	857351867450442601	857336479359456908	857336479359456907	25887	
1	C7H4	[M + Na]+	C7H4Na+		0.432	3.500	3.500	0.000	0	0.000			-20.545		111.018	1314	21.896	857351623933346520	857336479409788560	857336479409788559	25880	
1	C7H3N	[M + K]+	C7H3KN+		0.413	2.000	2.000	0.000	0	0.000			7.020		139.991	1316	21.930	857351622016549569	857336479464314516	857336479464314515	25940	
1	C8HN	[M + H]+	C8H2N+		0.411	1.200	1.200	0.000	0	0.000			-20.760		112.016	1318	21.960	857351825373184843	857336479573366428	857336479573366427	25985	
1	C17H17F7N4O2Si	[M + H]+	C17H18F7N4O2Si+		0.760	29.894	29.894	0.000	8	0.977	1.557	6.165	-6.339		471.105	1318	21.962	857351723283825460	857336479523034776	857336479523034775	25972	
1	C7H4	[M + Na]+	C7H4Na+		0.429	3.500	3.500	0.000	0	0.000			-19.644		111.018	1322	22.030	857351824773399361	857336479623698080	857336479623698079	25997	
1	C26H42O4	[M + H]+	C26H43O4+		0.829	26.409	19.902	6.507	6	0.995	1.496	1.496	-0.253		419.315	1333	22.214	857351625304883948	857336479669835428	857336479665641123	26099	
1	C24H38O4	[M + H]+	C24H39O4+		1.000	58.348	58.348	0.000	9	0.978	0.761	0.761	0.010		391.284	1334	22.239	857351629700514560	857336479711778472	857336479711778471	26117	
1	C8H4O3	[M + H]+	C8H5O3+		0.997	38.010	38.010	0.000	3	0.813	0.968	0.968	0.265		149.023	1335	22.252	857351709077717802	857336479766304428	857336479766304427	26114	
1	C8H4O	[M + K]+	C8H4KO+		0.347	4.500	4.500	0.000	0	0.000			5.401		154.990	1342	22.370	857351853693125469	857336479808247472	857336479808247471	26190	
1	C6H7N3O2S	[M + K]+	C6H7KN3O2S+		0.911	146.921	146.921	0.000	26	0.644	-4.287	4.287	-3.016		223.988	1343	22.379	857351851495310163	857336479854384820	857336479850190515	26215	
1	CH4N2O4	[M + H]+	CH5N2O4+		0.517	1.697	1.697	0.000	0	0.000			-17.547		109.022	1345	22.412	857351892192641916	857336479942465212	857336479938270907	26228	
1	C3H5NO2	[M + Na]+	C3H5NNaO2+		0.924	4.547	4.547	0.000	1	0.018	7.719	7.719	-10.081		110.020	1345	22.421	857351891206980471	857336479992796864	857336479992796863	26238	
1	C20H22Cl2N6O2	[M + Na]+	C20H22Cl2N6NaO2+		0.614	39.788	33.632	6.156	11	0.876	-4.553	5.183	-4.649		471.105	1355	22.576	857352001005470621	857336480047322820	857336480047322819	26341	
1	C9H21ClNOPSSi	[M + Na]+	C9H21ClNNaOPSSi+		0.832	85.780	77.443	8.337	42	0.755	2.974	2.974	1.504		308.044	1355	22.579	857351959494443910	857336480110237384	857336480110237383	26339	
1	C17H20N6O7S	[M + Na]+	C17H20N6NaO7S+		0.285	38.552	35.697	2.855	8	0.904	0.588	5.626	-3.281		475.099	1355	22.582	857351983947236242	857336480168957644	857336480168957643	26351	
1	C26H42O4	[M + H]+	C26H43O4+		0.996	53.159	53.159	0.000	14	0.993	0.717	0.717	-0.015		419.316	1365	22.755	857352011386373581	857336480269620948	857336480269620947	26479	
1	C28H49NO4	[M + H]+	C28H50NO4+		0.987	10.554	10.554	0.000	4	1.000	0.761	0.761	0.096		464.373	1366	22.770	857352012451726864	857336480324146904	857336480319952599	26472	
1	C28H49NO4	[M + H]+	C28H50NO4+		0.985	10.475	10.475	0.000	4	0.974	1.303	1.303	0.053		464.373	1372	22.868	857352012313314822	857336480441587424	857336480441587423	26564	
1	C26H42O4	[M + H]+	C26H43O4+		0.995	74.911	74.911	0.000	12	0.995	1.433	1.565	-0.039		419.316	1372	22.874	857352010966943166	857336480500307684	857336480496113379	26568	
1	C25H40O4	[M + H]+	C25H41O4+		0.997	18.303	18.303	0.000	3	0.897	1.034	1.034	-0.114		405.300	1374	22.904	857352011839358457	857336480554833640	857336480554833639	26594	
1	C24H47NO	[M + H]+	C24H48NO+		1.000	41.282	41.282	0.000	16	0.984	0.109	0.668	-0.141		366.373	1387	23.108	857352025001084859	857336480663885552	857336480663885551	26740	
1	C27H44O4	[M + H]+	C27H45O4+		1.000	58.634	58.634	0.000	10	0.995	0.484	0.490	0.055		433.331	1396	23.270	857352019154224678	857336480756160248	857336480756160247	26918	
1	C6H18O3Si3	[M + H]+	C6H19O3Si3+		0.995	63.125	57.424	5.701	7	0.421	0.951	0.951	0.043		223.064	1413	23.549	857352038661936030	857336480806491900	857336480806491899	27114	
1	C18H22N4O3S2	[M + K]+	C18H22KN4O3S2+		0.700	35.913	35.913	0.000	14	0.796	-0.303	1.637	-1.732		445.076	1413	23.557	857352060455539830	857336480856823552	857336480856823551	27101	
1	C11H19N7O7Si3	[M + H]+	C11H20N7O7Si3+		0.499	25.819	25.819	0.000	19	0.932	0.873	2.327	2.439		446.074	1413	23.557	857352058782012522	857336480907155204	857336480907155203	27103	
1	C10H30O5Si5	[M + H]+	C10H31O5Si5+		0.500	39.333	36.205	3.127	14	0.716	0.332	0.540	-0.035		371.101	1414	23.562	857352055023916108	857336480953292552	857336480953292551	27132	
1	C14H30N4O6Si4	[M + H]+	C14H31N4O6Si4+		0.210	22.130	18.587	3.542	8	0.911	-0.311	0.334	-2.175		463.131	1414	23.570	857352053618824250	857336481003624204	857336481003624203	27150	
1	C12H36O6Si6	[M + H]+	C12H37O6Si6+		0.500	39.888	39.888	0.000	16	0.768	0.043	1.292	-0.078		445.120	1415	23.578	857352091937985665	857336481053955856	857336481053955855	27178	
1	C2H4O2	[M + K]+	C2H4KO2+		1.000	26.417	26.417	0.000	3	0.480	0.761	1.551	-1.187		98.984	1422	23.698	857352044353606705	857336481200756508	857336481200756507	27259	
1	C28H59NO2	[M + K]+	C28H59KNO2+		0.963	19.643	19.643	0.000	5	0.981	1.790	1.790	-0.100		480.418	1422	23.699	857352304845051583	857336481246893856	857336481246893855	27263	
1	C31H46O	[M + H]+	C31H47O+		0.999	13.046	13.046	0.000	3	0.175	4.355	4.355	-5.335		435.360	1422	23.700	857352306145285838	857336481288836900	857336481288836899	27268	
1	C28H46O4	[M + H]+	C28H47O4+		0.988	53.078	53.078	0.000	9	0.994	0.439	0.662	0.075		447.347	1437	23.954	857352305876850378	857336481330779944	857336481330779943	27438	
1	C26H50O4	[M + H3N + H]+	C26H54NO4+		1.000	37.529	37.529	0.000	9	0.957	1.042	1.042	-0.013		444.405	1456	24.274	857352305507751622	857336481376917292	857336481376917291	27614	
1	C28H57NO4	[M + H]+	C28H58NO4+		0.591	2.000	2.000	0.000	0	0.000			0.115		472.436	1457	24.276	857352310008239828	857336481418860336	857336481418860335	27625	
1	C26H50O4	[M + H]+	C26H51O4+		1.000	128.813	128.813	0.000	29	0.995	0.744	0.885	0.125		427.378	1457	24.281	857352321148311631	857336481464997684	857336481464997683	27624	
1	C26H48O4	[M + H]+	C26H49O4+		1.000	48.143	44.909	3.234	8	0.859	0.632	0.710	-0.180		425.362	1463	24.384	857352316761069531	857336481511135032	857336481511135031	27672	
1	C26H55N5O	[M + K]+	C26H55KN5O+		0.805	18.818	18.818	0.000	5	0.977	6.089	6.089	1.890		492.405	1472	24.527	857352318132607024	857336481557272380	857336481557272379	27739	
1	C28H46O4	[M + H]+	C28H47O4+		0.999	40.937	40.937	0.000	7	0.996	1.058	1.501	0.030		447.347	1472	24.527	857352319512533051	857336481599215424	857336481599215423	27736	
1	C26H48O4	[M + H]+	C26H49O4+		1.000	45.207	41.266	3.942	6	0.869	0.765	0.765	-0.203		425.362	1473	24.552	857352320523360325	857336481649547076	857336481649547075	27757	
1	C2H6O5	[M + H]+	C2H7O5+		0.970	4.500	4.500	0.000	0	0.000			-10.716		111.028	1491	24.857	857352326982588518	857336481695684424	857336481695684423	27925	
1	C30H58O5S	[M + H]+	C30H59O5S+		1.000	48.426	48.426	0.000	15	1.000	1.045	1.045	0.184		531.408	1496	24.935	857352323581007964	857336481737627468	857336481737627467	27957	
1	C16H48O8Si8	[M + H]+	C16H49O8Si8+		1.000	71.071	71.071	0.000	15	0.959	0.133	0.693	0.089		593.158	1603	26.719	857352461770743479	857336481783764816	857336481783764815	28910	
1	C22H36N4O6Si5	[M + H3N + H]+	C22H40N5O6Si5+		0.485	36.476	24.721	11.756	15	0.895	0.343	0.343	3.682		610.184	1603	26.719	857352504791719628	857336481834096468	857336481834096467	28913	
1	C3H10F4N4OSi	[M + H]+	C3H11F4N4OSi+		0.761	44.595	44.595	0.000	8	0.624	-0.191	1.925	1.987		223.064	1670	27.834	857352485695053505	857336481930565468	857336481930565467	29534	
1	C12H36O6Si6	[M + H]+	C12H37O6Si6+		0.939	26.132	26.132	0.000	10	0.969	1.145	1.145	-0.302		445.120	1674	27.908	857352407404175019	857336482027034468	857336482027034467	29589	
1	C42H82O4S	[M + H]+	C42H83O4S+		1.000	31.587	31.587	0.000	8	0.981	0.930	0.930	0.090		683.601	1736	28.940	857352521082396625	857336482068977512	857336482064783207	30201	
1	C42H79FO5	[M + H3N + H]+	C42H83FNO5+		0.628	11.772	11.772	0.000	2	0.214	-1.805	1.805	3.269		700.627	1736	28.940	857352522084835289	857336482106726252	857336482106726251	30202	
1	C42H79FO5	[M + H3N + H]+	C42H83FNO5+		0.435	11.093	11.093	0.000	2	0.155	-1.765	1.765	2.998		700.627	1762	29.372	857352522542014431	857336482148669296	857336482144474991	30463	
1	C27H38O3	[M + H]+	C27H39O3+		0.818	27.073	27.073	0.000	3	0.538	1.677	1.677	2.671		411.290	1764	29.406	857352526769873068	857336482190612340	857336482190612339	30460	
1	C42H82O4S	[M + H]+	C42H83O4S+		1.000	32.006	32.006	0.000	8	0.956	0.795	0.937	-0.056		683.601	1764	29.406	857352528942522677	857336482232555384	857336482228361079	30462	
1	C42H82O4S	[M + H]+	C42H83O4S+		1.000	22.968	22.968	0.000	7	0.992	1.034	1.034	-0.086		683.601	1776	29.592	857352528804110631	857336482232555388	857336482232555387	30552	
1	C42H79FO5	[M + H3N + H]+	C42H83FNO5+		0.786	10.845	10.845	0.000	2	0.243	-1.423	1.423	3.198		700.627	1776	29.592	857352528825082159	857336482236749696	857336482236749695	30553	
