structurePerIdRank	formulaRank	ConfidenceScoreExact	ConfidenceScoreApproximate	CSI:FingerIDScore	ZodiacScore	SiriusScoreNormalized	SiriusScore	molecularFormula	adduct	precursorFormula	InChIkey2D	InChI	name	smiles	xlogp	pubchemids	links	dbflags	ionMass	retentionTimeInSeconds	retentionTimeInMinutes	formulaId	alignedFeatureId	compoundId	mappingFeatureId	overallFeatureQuality
1	10	0.489	0.489	-34.736		0.005	5.822	C2H8N2O5S2	[M + Na]+	C2H8N2NaO5S2+	KSKNCTJZVHKGBW	InChI=1S/C2H8N2O5S2/c1-10(5,6)3-9-4-11(2,7)8/h3-4H,1-2H3	N-(methanesulfonamidooxy)methanesulfonamide	CS(=O)(=O)NONS(=O)(=O)C	-1.300	87491880	PUBCHEM:(87491880)	2	226.975	43	0.723	857316937149976276	857316056718928335	857316056693762510	95	
1	1	0.045	0.045	-66.531		0.922	56.672	C3H8N2O3S2	[M + K]+	C3H8KN2O3S2+	LTHWZZOUNJCHES	InChI=1S/C3H8N2O3S2/c4-3(5)9-1-2-10(6,7)8/h1-2H2,(H3,4,5)(H,6,7,8)		C(CS(=O)(=O)O)SC(=N)N	-0.900	20545639;66557598;91884903;71752261;117698;130959;2783697	COCONUT:(CNP0455618);NORMAN:(NS00050513);SUPERNATURAL:(SN0214859);MESH:(117698 130959);PUBCHEM:(20545639 66557598 91884903 71752261 117698 130959 2783697);DSSTox:(DTXSID40148718 DTXSID90885323);GNPS:(CCMSLIB00000081564);PUBMED:(null)	137442365510	222.961	47	0.782	857316993336873134	857316057075444183	857316057071249878	179	
1	5	0.017	0.017	-51.742		0.013	12.202	C4H6F2N2	[M + Na]+	C4H6F2N2Na+	WCFXJMJACHYWPV	InChI=1S/C4H6F2N2/c1-3(7-5)4(2)8-6/h1-2H3	2-N,3-N-difluorobutane-2,3-diimine	CC(=NF)C(=NF)C	1.000	21765985;9601331;5466515;533411	PUBCHEM:(21765985 9601331 5466515 533411)	2	143.040	47	0.782	857316990233088143	857316057285159387	857316057280965082	303	
1	1	0.069	0.069	-90.483		0.986	23.802	C3H5FO3	[M + Na]+	C3H5FNaO3+	SVYXLQRWNWOHSJ	InChI=1S/C3H5FO3/c4-2(1-5)3(6)7/h2,5H,1H2,(H,6,7)	2-(18F)fluoranyl-3-hydroxypropanoate	C(C(C(=O)O)F)O	-0.500	10329261;153694960;152766889;151917009	BloodExposome:(10329261);PUBCHEM:(10329261 153694960 152766889 151917009);PUBMED:(null)	4194370	131.011	47	0.784	857316943244300045	857316057561983455	857316057553594846	193	
1	1	0.026	0.026	-189.292		1.000	58.617	C5H5F2NO2	[M + Na]+	C5H5F2NNaO2+	UZLFSAIEQNZPEC	InChI=1S/C5H5F2NO2/c1-2-10-4(9)5(6,7)3-8/h2H2,1H3	Ethyl 2-cyano-2,2-difluoroacetate	CCOC(=O)C(C#N)(F)F	0.947	18368931	PUBCHEMANNOTATIONSAFETYANDTOXIC:(null);PUBCHEM:(18368931)	67108866	172.019	47	0.786	857316976941338666	857316057830418915	857316057822030306	158	
1	1	0.079	0.079	-41.149		1.000	19.901	H4N2O2S	[M + H]+	H5N2O2S+	NVBFHJWHLNUMCV	InChI=1S/H4N2O2S/c1-5(2,3)4/h(H4,1,2,3,4)	Sulfamide	NS(=O)(=O)N	-1.700	19785664;23466980;82267;148242237;44391604	PUBCHEMANNOTATIONBIO:(null);NORMAN:(NS00040642);HMDB:(HMDB0258578);PUBCHEMANNOTATIONSAFETYANDTOXIC:(null);BloodExposome:(82267);CHEBI:(29368);PUBCHEM:(19785664 23466980 82267 148242237 44391604);DSSTox:(DTXSID5064885);PUBMED:(null)	137527296106	97.008	47	0.787	857316931802238583	857316058325346795	857316058316958186	154	
1	3	0.029	0.029	-70.334		0.333	55.798	CH2N2O2S	[M + CH2O2 + H]+	C2H5N2O4S+	KYNYVNFTQRQRLO	InChI=1S/CH2N2O2S/c2-3-1(4)5-6/h2,6H	sulfanyl N-iminocarbamate	C(=O)(N=N)OS	1.700	117767492	PUBCHEM:(117767492)	2	152.997	47	0.787	857316956343111547	857316058463758831	857316058459564526	204	
1	2	0.202	0.256	-88.413		0.000	49.001	C7H4FNO2	[M + Na]+	C7H4FNNaO2+	LAMXJMFSONZHOP	InChI=1S/C7H4FNO2/c8-4-2-1-3-5-6(4)7(10)9-11-5/h1-3H,(H,9,10)	4-Fluorobenzo[d]isoxazol-3(2H)-one	C1=CC2=C(C(=C1)F)C(=O)NO2	1.200	11815956	PUBCHEMANNOTATIONBIO:(null);PUBCHEM:(11815956);DSSTox:(DTXSID70473429);PUBMED:(null)	137455730754	176.013	47	0.790	857316958113107855	857316058719611383	857316058711222774	166	
1	2	0.028	0.028	-81.566		0.058	38.676	C4H8N2O4S2	[M + K]+	C4H8KN2O4S2+	DTVOFOHHUSKUOV	InChI=1S/C4H8N2O4S2/c1-11(7,8)4-12(9,10)6-3-2-5/h6H,3-4H2,1H3	N-(cyanomethyl)-1-methylsulfonylmethanesulfonamide	CS(=O)(=O)CS(=O)(=O)NCC#N	-1.400	82843021	PUBCHEM:(82843021)	2	250.956	47	0.790	857316970792488961	857316058862217723	857316058853829114	161	
1	1	0.082	0.082	-142.584		1.000	51.787	C4H3F2NO2	[M + Na]+	C4H3F2NNaO2+	BFFSYVAOPYBXSM	InChI=1S/C4H3F2NO2/c5-4(6,1-2-7)3(8)9/h1H2,(H,8,9)	3-Cyano-2,2-difluoropropanoic acid	C(C#N)C(C(=O)O)(F)F	0.200	84716150	PUBCHEM:(84716150)	2	158.003	47	0.791	857316970188509164	857316059168401923	857316059164207618	189	
1	1	0.035	0.035	-91.129		0.333	18.735	C2H5N3OS	[M + H]+	C2H6N3OS+	KSKPFCYLLBRSBQ	InChI=1S/C2H5N3OS/c3-2(7)5-4-1-6/h1H,(H,4,6)(H3,3,5,7)	1-Formyl-3-thiosemicarbazide	C(=O)NNC(=S)N	-0.900	2775486	NORMAN:(NS00027326);PUBCHEM:(2775486);DSSTox:(DTXSID1020641);PUBMED:(null)	137439215682	120.024	48	0.792	857316936755711662	857316059311008263	857316059306813958	174	
1	2	0.038	0.038	-103.024		0.250	21.949	CH4N2O3S	[M - H2O + H]+	CH3N2O2S+	VYYXFWWMQOQXIH	InChI=1S/CH4N2O3S/c2-1(4)3-7(5)6/h(H,5,6)(H3,2,3,4)	Sufonylurea	C(=O)(N)NS(=O)O	-0.400	21618712;21618713	BloodExposome:(21618712);PUBCHEM:(21618712 21618713);PUBMED:(null)	4194370	106.992	48	0.793	857316938500542166	857316059449420299	857316059445225994	185	
1	3	0.027	0.027	-81.203		0.097	23.820	CH4N2O3S	[M + H]+	CH5N2O3S+	VYYXFWWMQOQXIH	InChI=1S/CH4N2O3S/c2-1(4)3-7(5)6/h(H,5,6)(H3,2,3,4)	Sufonylurea	C(=O)(N)NS(=O)O	-0.400	21618712;21618713	BloodExposome:(21618712);PUBCHEM:(21618712 21618713);PUBMED:(null)	4194370	125.003	48	0.794	857316976500936727	857316059583638031	857316059579443726	254	
1	1	0.078	0.078	-37.022		0.939	23.677	C2H2F2O3	[M + Na]+	C2H2F2NaO3+	DBELYRGXKAWNDK	InChI=1S/C2H2F2O3/c3-2(4)1-6-7-5/h1,5H	1,1-Difluoro-2-(trioxidanyl)ethene	C(=C(F)F)OOO	0.400	57896563	PUBCHEM:(57896563)	2	134.987	48	0.794	857316946947870507	857316059709467155	857316059701078546	256	
1	1	0.070	0.070	-98.164		1.000	34.970	C3H3F2NO	[M + Na]+	C3H3F2NNaO+	HHMFJCVUFBFVNG	InChI=1S/C3H3F2NO/c4-3(5)1-6-2-7/h3H,1H2	1,1-Difluoro-2-isocyanatoethane	C(C(F)F)N=C=O	1.900	22392485	PUBCHEMANNOTATIONSAFETYANDTOXIC:(null);PUBCHEM:(22392485);DSSTox:(DTXSID00625398)	137506062338	130.008	48	0.801	857316986219139177	857316060678351407	857316060665768494	196	
1	1	0.023	0.023	-48.342		0.928	25.119	C2H3NO4S	[M + Na]+	C2H3NNaO4S+	UZUVNVPPPFZLKU	InChI=1S/C2H2NO4S/c3-8(7)2(6)1(4)5/h3H,(H,4,5)/q-1		C(=O)(C(=O)[S-](=N)=O)O	0.600	139414644	PUBCHEM:(139414644)	2	159.969	48	0.803	857316952534683496	857316061231999547	857316061223610938	277	
1	1	-Infinity	-Infinity	-87.106		0.906	38.875	C6H3O3	[M + K]+	C6H3KO3+	LUFYXOAATOVPCS	InChI=1S/C6H3O3/c7-4-1-5(8)3-6(9)2-4/h1-3H/p+1	(1,3,5-Benzenetriyltrisoxy)radical	C1=C(C=C([CH+]C1=O)O)[O]	-0.200	101219506;136697407	PUBCHEM:(101219506 136697407)	2	161.970	48	0.804	857316945123348257	857316061617875527	857316061613681222	281	
1	3	-Infinity	-Infinity	-47.558		0.257	7.578	C2H3N2O2	[M + Na]+	C2H3N2NaO2+	WGXKINHQMQAOPU	InChI=1S/C2H3N2O2/c5-2-1-3-4-6-2/h1,3,5H		C1=C(O[N]N1)O	0.000	134970669;134970670	PUBCHEM:(134970669 134970670)	2	110.009	49	0.819	857316960612913068	857316063069104771	857316063064910466	391	
1	3	0.107	0.107	-97.735		0.007	29.539	C6H4Cl3N3O2	[M + H]+	C6H5Cl3N3O2+	KBWNOFMJVVPCQQ	InChI=1S/C6H4Cl3N3O2/c7-1-3(12-10)2(8)5(9)11-4(1)6(13)14/h10H2,(H,11,12)(H,13,14)	3,5,6-Trichloro-4-hydrazinylpyridine-2-carboxylic acid	C1(=C(C(=NC(=C1Cl)Cl)C(=O)O)Cl)NN	-0.100	3282540;1383439	PUBCHEMANNOTATIONSAFETYANDTOXIC:(null);PUBCHEM:(3282540 1383439);DSSTox:(DTXSID90362568);PUBMED:(null)	137506062402	255.944	50	0.827	857317001230553302	857316063517895315	857316063513701010	427	
1	2	0.024	0.024	-48.681		0.030	19.356	C7H10O3	[M + K]+	C7H10KO3+	VHDYKNXGCXLQLJ	InChI=1S/C7H10O3/c1-2-9-6-7-10-5-3-4-8/h2-3,5-8H,1,4H2	3-(2-Ethenoxyethenoxy)prop-2-en-1-ol	C=COC=COC=CCO	0.400	90775396	PUBCHEM:(90775396)	2	181.026	52	0.869	857316999875793099	857316063907965599	857316063903771294	571	
1	1	0.707	0.707	-23.847		1.000	50.403	C6H12N2	[M + H]+	C6H13N2+	IMNIMPAHZVJRPE	InChI=1S/C6H12N2/c1-2-8-5-3-7(1)4-6-8/h1-6H2	Dabco EG	C1CN2CCN1CC2	-0.200	4060555;89854808;3350061;9237;12254371	PUBCHEMANNOTATIONBIO:(null);HMDB:(HMDB0244208);PUBCHEMANNOTATIONSAFETYANDTOXIC:(null);BloodExposome:(9237);SUPERNATURAL:(SN0149562);HSDB:(280-57-9);MESH:(9237);PUBCHEM:(4060555 89854808 3350061 9237 12254371);public_spectra_2506;COCONUT:(CNP0373566);NORMAN:(NS00001624);CHEBI:(151129);DSSTox:(DTXSID0022016 DTXSID00722275 DTXSID20334157 DTXSID90740968);PUBCHEMANNOTATIONDRUG:(null);PUBMED:(null)	146153931374	113.107	52	0.874	857316994276397240	857316064000240291	857316063996045986	589	
1	2	0.037	0.037	-138.924		0.075	54.062	C9H6O2S	[M + H]+	C9H7O2S+	DYSJMQABFPKAQM	InChI=1S/C9H6O2S/c10-9(11)8-5-6-3-1-2-4-7(6)12-8/h1-5H,(H,10,11)		C1=CC=C2C(=C1)C=C(S2)C(=O)O	2.800	4739403;95864	PUBCHEMANNOTATIONBIO:(null);COCONUT:(CNP0443849);NORMAN:(NS00035329);HMDB:(HMDB0249004);PUBCHEMANNOTATIONSAFETYANDTOXIC:(null);BloodExposome:(95864);SUPERNATURAL:(SN0079081);MESH:(95864);PUBCHEM:(4739403 95864);DSSTox:(DTXSID60212485);PUBMED:(null)	137530441806	179.017	53	0.891	857317006095945969	857316064092514983	857316064088320678	687	
1	1	0.807	0.812	-13.593		1.000	87.140	C6H15NO3	[M + H]+	C6H16NO3+	GSEJCLTVZPLZKY	InChI=1S/C6H15NO3/c8-4-1-7(2-5-9)3-6-10/h8-10H,1-6H2	Daltogen	C(CO)N(CCO)CCO	-1.324	87722408;92043528;60155598;131668496;7618;3777650	PUBCHEMANNOTATIONBIO:(null);HMDB:(HMDB0032538);MiMeDB:(MMDBc0030362);PUBCHEMANNOTATIONSAFETYANDTOXIC:(null);BloodExposome:(101814 7618);SUPERNATURAL:(SN0113928);HSDB:(102-71-6);MESH:(7618);PUBCHEM:(87722408 92043528 60155598 131668496 7618 3777650);public_spectra_2506;GNPS:(CCMSLIB00003135968);COCONUT:(CNP0192497);NORMAN:(NS00006192 NS00079834 NS00082507 NS00083600 NS00103335 NS00104143);METACYC:(CPD0-2459);CHEBI:(132755 132753 28621);KEGG:(C06771);DSSTox:(DTXSID1052321 DTXSID60226921 DTXSID70938003 DTXSID70947978 DTXSID9021392);LOTUS:(Q424314);PUBCHEMANNOTATIONDRUG:(null);PUBCHEMANNOTATIONFOOD:(null);PUBMED:(null)	147630332782	150.113	54	0.894	857316987703922824	857316064239315627	857316064235121322	698	
1	2	-Infinity	-Infinity	-102.242		0.321	45.113	C6H12O7S3	[M - H4O2 + H]+	C6H9O5S3+	GGAQDKVGCUZXEI	InChI=1S/C6H12O7S3/c1-15(8,9)3-5-6(4-16(2,10)11)13-14(7)12-5/h5-6H,3-4H2,1-2H3	4,5-Bis(methylsulfonylmethyl)-1,3,2-dioxathiolane 2-oxide	CS(=O)(=O)CC1C(OS(=O)O1)CS(=O)(=O)C	-1.100	89314020	PUBCHEM:(89314020)	2	256.962	54	0.897	857317028522889472	857316064381921967	857316064377727662	1491	
1	1	0.031	0.036	-160.185		1.000	11.932	C6H15NO3	[M + Na]+	C6H15NNaO3+	AVUHPLVMRYGTHW	InChI=1S/C6H15NO3/c8-3-1-7-2-5-10-6-4-9/h7-9H,1-6H2	2-{[2-(2-Hydroxyethoxy)ethyl]amino}ethan-1-ol	C(CO)NCCOCCO	-1.700	4396106	NORMAN:(NS00095414);PUBCHEM:(4396106);PUBMED:(null)	262210	172.094	54	0.898	857317018783715581	857316064470002355	857316064465808050	682	
1	1	0.665	0.857	-29.272		1.000	25.724	C5H13NO2	[M + H]+	C5H14NO2+	CRVGTESFCCXCTH	InChI=1S/C5H13NO2/c1-6(2-4-7)3-5-8/h7-8H,2-5H2,1H3	N-Methyldiethanolamine	CN(CCO)CCO	-1.100	58606981;6950481;60153253;7767;117064643;148243541;71309645;71309716;71309887;57775462	NORMAN:(NS00004394 NS00088458 NS00103393);PUBCHEMANNOTATIONSAFETYANDTOXIC:(null);BloodExposome:(7767);HSDB:(105-59-9);MESH:(7767);PUBCHEM:(58606981 6950481 60153253 7767 117064643 148243541 71309645 71309716 71309887 57775462);DSSTox:(DTXSID60202386 DTXSID8025591);PUBCHEMANNOTATIONDRUG:(null);PUBCHEMANNOTATIONFOOD:(null);PUBMED:(null)	137678291526	120.102	54	0.903	857316991034200222	857316064566471351	857316064566471350	715	
1	1	0.531	0.531	-64.617		1.000	35.746	C6H15NO4	[M + H]+	C6H16NO4+	OTWJRAWXTDGSDT	InChI=1S/C6H15NO4/c8-2-1-7-6(3-9,4-10)5-11/h7-11H,1-5H2	2-((2-Hydroxyethyl)amino)-2-(hydroxymethyl)propane-1,3-diol	C(CO)NC(CO)(CO)CO	-3.100	7015311;81798	PUBCHEMANNOTATIONBIO:(null);NORMAN:(NS00037518);PUBCHEM:(7015311 81798);DSSTox:(DTXSID9064635)	137455992834	166.107	54	0.907	857316998139351236	857316064650357435	857316064650357434	750	
1	1	0.186	0.441	-58.634		1.000	88.185	C6H12N2O	[M + H]+	C6H13N2O+	PETFACAVRPZMJL	InChI=1S/C6H12N2O/c9-6-5-8-3-1-7-2-4-8/h1,9H,2-6H2	2-(3,5-dihydro-2H-pyrazin-4-yl)ethanol	C1CN(CC=N1)CCO	-1.200	54185408	PUBCHEMANNOTATIONBIO:(null);PUBCHEM:(54185408)	16777218	129.102	54	0.908	857317014102872315	857316064742632127	857316064738437822	722	
1	1	0.224	0.224	-34.007		1.000	45.127	CH6N2O4S2	[M + H]+	CH7N2O4S2+	UMKBPFGEEDEDLK	InChI=1S/CH6N2O4S2/c1-8(4,5)3-9(2,6)7/h3H,1H3,(H2,2,6,7)	N-sulfamoylmethanesulfonamide	CS(=O)(=O)NS(=O)(=O)N	-1.800	53879119	PUBCHEM:(53879119)	2	174.985	55	0.909	857317059451687631	857316064839101123	857316064834906818	718	
1	1	0.027	0.027	-70.060		1.000	62.600	C2H4N2O4S2	[M + H]+	C2H5N2O4S2+	KIXRAPZOUQXPSI	InChI=1S/C2H4N2O4S2/c3-7-1(5)9-10-2(6)8-4/h3-4H2	Amino (aminooxycarbonyldisulfanyl)formate	C(=O)(ON)SSC(=O)ON	-0.200	87846682	PUBCHEM:(87846682)	2	184.969	55	0.912	857317058654769775	857316064927181511	857316064922987206	719	
1	3	0.014	0.014	-48.736		0.333	33.853	CH4N2O3S2	[M + C2H3N + H]+	C3H8N3O3S2+	FGGYVRIVAQEWNX	InChI=1S/CH4N2O3S2/c2-8(5,6)1(4)3-7/h7H,(H,3,4)(H2,2,5,6)	1-sulfamoyl-N-sulfanylformamide	C(=O)(NS)S(=O)(=O)N	-1.000	155682099	PUBCHEM:(155682099)	2	198.001	55	0.916	857317062043767579	857316065027844811	857316065023650506	770	
1	1	0.687	0.831	-40.654		0.500	36.117	C5H11NO2	[M + H]+	C5H12NO2+	KWIUHFFTVRNATP	InChI=1S/C5H11NO2/c1-6(2,3)4-5(7)8/h4H2,1-3H3/p+1	Abromine	C[N+](C)(C)CC(=O)O	-0.100	157471029;16213878;51038295;51038296;51038297;51038298;124202881;124202882;12718901;71776458;11073713;45038329;247;248;12314391;117065540;117065541	PUBCHEMANNOTATIONBIO:(null);HMDB:(HMDB0000043);MiMeDB:(MMDBc0000012 MMDBc0056399);PUBCHEMANNOTATIONSAFETYANDTOXIC:(null);BloodExposome:(11545 521862 248 23617112 247 5702209);SUPERNATURAL:(SN0197222);HSDB:(107-43-7);MESH:(247 248);FooDB:(FDB009020);PUBCHEM:(157471029 16213878 51038295 51038296 51038297 51038298 124202881 124202882 12718901 71776458 11073713 45038329 247 248 12314391 117065540 117065541);public_spectra_2506;COCONUT:(CNP0143060 CNP0334080 CNP0422425);NORMAN:(NS00002774 NS00068580 NS00079917 NS00080457 NS00082964);METACYC:(BETAINE);PLANTCYC:(BETAINE);CHEBI:(91242 17750 41139);KEGG:(C00719);DSSTox:(DTXSID0044446 DTXSID20747142 DTXSID40584152 DTXSID40859190 DTXSID60974793 DTXSID7049421 DTXSID8022666);LOTUS:(Q10860583);YMDB:(YMDB01516);PUBCHEMANNOTATIONDRUG:(null);PUBCHEMANNOTATIONFOOD:(null);PUBMED:(null);KNAPSACK:(KWIUHFFTVRNATP-UHFFFAOYSA-N)	148167396222	118.086	56	0.925	857317055190274405	857316065191422675	857316065187228370	846	
1	1	0.090	0.090	-45.136		0.252	17.534	C5H2Cl3NO2	[M + H]+	C5H3Cl3NO2+	LMXSZWFRGRIPQR	InChI=1S/C5H2Cl3NO2/c6-1-2(7)4(8)9-3(1)5(10)11/h9H,(H,10,11)	3,4,5-trichloro-1H-pyrrole-2-carboxylic acid	C1(=C(NC(=C1Cl)Cl)C(=O)O)Cl	2.800	21525612	PUBCHEM:(21525612);DSSTox:(DTXSID901258394)	137438953474	213.923	56	0.928	857317065701200709	857316065359194843	857316065359194842	776	
1	2	0.018	0.018	-269.661		0.337	68.382	C8H9NO5S2	[M + K]+	C8H9KNO5S2+	ZTPMQVNUISITTG	InChI=1S/C8H9NO5S2/c10-7-3-1-6(2-4-7)5-8(15)9-14-16(11,12)13/h1-4,10H,5H2,(H,9,15)(H,11,12,13)	(E)-2-(4-hydroxyphenyl)-N-(sulfonatooxy)ethenimidothioate	C1=CC(=CC=C1CC(=S)NOS(=O)(=O)O)O	0.500	129320258;129320259	METACYC:(CPD-20055);PUBCHEM:(129320258 129320259)	2050	301.958	56	0.929	857317102552355965	857316065510189795	857316065505995490	802	
1	1	0.899	0.899	-3.468		0.997	47.564	C3H5N5O	[M + H]+	C3H6N5O+	MASBWURJQFFLOO	InChI=1S/C3H5N5O/c4-1-6-2(5)8-3(9)7-1/h(H5,4,5,6,7,8,9)	2-Oxo-4,6-diamino-1-azonia-2,3-dihydro-1,3,5-triazine	C1(=NC(=NC(=O)N1)N)N	-1.800	136732209;135408770;136257798	PUBCHEMANNOTATIONBIO:(null);NORMAN:(NS00003796);PUBCHEMANNOTATIONSAFETYANDTOXIC:(null);BloodExposome:(135408770);METACYC:(CPD-7399);CHEBI:(28646);KEGG:(C08733);MESH:(135408770);PUBCHEM:(136732209 135408770 136257798);DSSTox:(DTXSID3060950 DTXSID40675610);PUBCHEMANNOTATIONDRUG:(null);PUBMED:(null)	137560852838	128.057	56	0.930	857317065600537406	857316065585687271	857316065585687270	812	
1	5	0.032	0.032	-54.885		0.004	55.084	C2H2N2O3S2	[M + C2H3N + H]+	C4H6N3O3S2+	CUKLWJQUPXOVGV	InChI=1S/C2H2N2O3S2/c5-9(6,7)2-4-3-1-8-2/h1H,(H,5,6,7)	1,3,4-Thiadiazole-2-sulfonic acid	C1=NN=C(S1)S(=O)(=O)O	-0.600	21459853	PUBCHEM:(21459853)	2	207.985	56	0.932	857317080771335251	857316065669573355	857316065669573354	738	
1	3	0.046	0.046	-37.943		0.174	23.828	C7H8O3Si4	[M - H2O + H]+	C7H7O2Si4+	MFGDLZNZEGCERJ	InChI=1S/C7H8O3Si4/c1-14(10-13-9-12-8-11)7-5-3-2-4-6-7/h2-6H,1H3	Methylphenyltetrasiloxane	C[Si](C1=CC=CC=C1)O[Si]O[Si]O[Si]	0.000	91468344	PUBCHEM:(91468344)	2	234.952	56	0.937	857317081190765666	857316065766042351	857316065761848046	1006	
1	5	0.017	0.017	-96.093		0.026	3.035	C3H5N2O3P	[M + K]+	C3H5KN2O3P+	VWBBTLBZDGUKPU	InChI=1S/C3H5N2O3P/c6-9(7,8)5-2-1-4-3-5/h1-3H,(H2,6,7,8)	Phosphonic acid, 1H-imidazol-1-yl-	C1=CN(C=N1)P(=O)(O)O	-1.500	22169435;102590508;193503	MESH:(193503);PUBCHEM:(22169435 102590508 193503);DSSTox:(DTXSID60935102);PUBMED:(null)	137438953542	186.966	56	0.938	857317075301962825	857316065283697367	857316065283697366	727	
1	3	0.084	0.084	-89.319		0.293	34.307	C5H5BrN4O2	[M + Na]+	C5H5BrN4NaO2+	RXHICVKBZQOSLB	InChI=1S/C5H5BrN4O2/c1-2-3-9-4(6)7-5(8-9)10(11)12/h2H,1,3H2	5-Bromo-3-nitro-1-prop-2-enyl-1,2,4-triazole	C=CCN1C(=NC(=N1)[N+](=O)[O-])Br	1.900	9420395	PUBCHEM:(9420395)	2	254.949	57	0.944	857317082906236015	857316065917037303	857316065912842998	857	
1	2	0.813	0.877	-32.463		0.000	136.705	C10H14N2	[M + H]+	C10H15N2+	SNICXCGAKADSCV	InChI=1S/C10H14N2/c1-12-7-3-5-10(12)9-4-2-6-11-8-9/h2,4,6,8,10H,3,5,7H2,1H3	Habitrol	CN1CCCC1C2=CN=CC=C2	1.488	42612859;42612860;42612861;42612862;21679711;21769024;4339100;102602019;162343606;6913202;6919000;6950509;76973745;129701801;129701816;129848840;134812017;22858536;101622857;101764092;20242060;66677905;69164568;46191584;46214007;46214008;46214009;46214010;46214011;46214012;46214013;46214014;46214186;46214187;46214188;46214189;46214190;46214191;46214192;46214193;46214194;46214358;46214359;46214360;46214361;46214362;46214363;46214364;46214365;46214517;46214518;46214519;46214520;46214521;46214522;46214523;46214524;46214687;46214688;46214689;46214690;46214691;46214692;46214693;46216364;46216365;46216366;46216367;46216368;46216539;46216537;46216538;46216540;46216541;46216542;46216543;46216544;46216545;89060756;89060759;89060760;89060761;89060762;89060767;89060770;89060773;141718971;90767551;153500103;153693975;153693986;54314660;11126596;45040011;45040012;45040013;45040014;10630878;942;89594;157672;175605;450006;46783612;3733233;12260041;12260042;12260044;12260047;11969437;71312299	PUBCHEMANNOTATIONBIO:(null);HMDB:(HMDB0001934 HMDB0243542);PUBCHEMANNOTATIONSAFETYANDTOXIC:(null);BloodExposome:(157672 89594 942);SUPERNATURAL:(SN0350212);HSDB:(54-11-5 2820-51-1);MESH:(89594 157672);FooDB:(FDB003968 FDB030174);PUBCHEM:(42612859 42612860 42612861 42612862 21679711 21769024 4339100 102602019 162343606 6913202 6919000 6950509 76973745 129701801 129701816 129848840 134812017 22858536 101622857 101764092 20242060 66677905 69164568 46191584 46214007 46214008 46214009 46214010 46214011 46214012 46214013 46214014 46214186 46214187 46214188 46214189 46214190 46214191 46214192 46214193 46214194 46214358 46214359 46214360 46214361 46214362 46214363 46214364 46214365 46214517 46214518 46214519 46214520 46214521 46214522 46214523 46214524 46214687 46214688 46214689 46214690 46214691 46214692 46214693 46216364 46216365 46216366 46216367 46216368 46216539 46216537 46216538 46216540 46216541 46216542 46216543 46216544 46216545 89060756 89060759 89060760 89060761 89060762 89060767 89060770 89060773 141718971 90767551 153500103 153693975 153693986 54314660 11126596 45040011 45040012 45040013 45040014 10630878 942 89594 157672 175605 450006 46783612 3733233 12260041 12260042 12260044 12260047 11969437 71312299);public_spectra_2506;GNPS:(CCMSLIB00003139080);COCONUT:(CNP0132486 CNP0218587);NORMAN:(NS00010445);METACYC:(NICOTINE R-NICOTINE);PLANTCYC:(NICOTINE);CHEBI:(79008 17688 39162 138000 59806 18723);KEGG:(C00745 C16150 C16386);DSSTox:(DTXSID001266180 DTXSID0046351 DTXSID1020930 DTXSID10230437 DTXSID20662144 DTXSID3048154 DTXSID30884214 DTXSID40943922 DTXSID60662143 DTXSID60915702 DTXSID80442666 DTXSID80676247 DTXSID80746757 DTXSID90951037);LOTUS:(Q12144 Q28086552);PUBCHEMANNOTATIONDRUG:(null);PUBMED:(null);KNAPSACK:(SNICXCGAKADSCV-UHFFFAOYSA-N)	146959375230	163.123	57	0.945	857317119929357478	857316066000923387	857316065996729082	859	
1	1	0.077	0.077	-51.973		0.617	29.577	C3H8O4S4	[M + H]+	C3H9O4S4+	SFSDVHMSSISWGL	InChI=1S/C3H8O4S4/c1-10(4,5)8-3-9-11(2,6)7/h3H2,1-2H3	1,1-Methanediyl bismethanethiosulfonate	CS(=O)(=O)SCSS(=O)(=O)C	0.000	4251850	PUBCHEMANNOTATIONBIO:(null);PUBCHEM:(4251850);DSSTox:(DTXSID501233340)	137455730690	236.939	57	0.953	857317109061915784	857316066084809471	857316066080615166	987	
1	1	0.428	0.420	-51.140		0.500	78.606	C6H13NO	[M + H]+	C6H14NO+	FGWQBWILFPVUBB	InChI=1S/C6H13NO/c7-6-4-5(6)2-1-3-8/h5-6,8H,1-4,7H2	3-(2-Aminocyclopropyl)propan-1-ol	C1C(C1N)CCCO	-0.200	68291578	PUBCHEM:(68291578)	2	116.107	58	0.960	857317122534020267	857316066286136071	857316066281941766	1001	
1	1	0.119	0.119	-115.897		1.000	94.328	C9H21NO2	[M - H2O + H]+	C9H20NO+	LYVIPSZKEYDEOZ	InChI=1S/C9H21NO2/c1-7(11)5-9(4,10)6-8(2,3)12/h7,11-12H,5-6,10H2,1-4H3	4-Amino-2,4-dimethylheptane-2,6-diol	CC(CC(C)(CC(C)(C)O)N)O	-0.100	88635577	PUBCHEM:(88635577)	2	158.154	58	0.960	857317124178187439	857316066370022155	857316066365827850	1067	
1	1	0.973	0.973	-9.441		1.000	46.817	C12H23N	[M + H]+	C12H24N+	XBPCUCUWBYBCDP	InChI=1S/C12H23N/c1-3-7-11(8-4-1)13-12-9-5-2-6-10-12/h11-13H,1-10H2	Dicha	C1CCC(CC1)NC2CCCCC2	3.400	10511663;7582;3770554;57164717	PUBCHEMANNOTATIONBIO:(null);HMDB:(HMDB0251214);PUBCHEMANNOTATIONSAFETYANDTOXIC:(null);BloodExposome:(3770554 2793652 7582);SUPERNATURAL:(SN0425752);HSDB:(101-83-7);MESH:(7582 3770554);PUBCHEM:(10511663 7582 3770554 57164717);public_spectra_2506;COCONUT:(CNP0273019);NORMAN:(NS00011452);METACYC:(CPD0-1376);CHEBI:(34694);KEGG:(C14686);DSSTox:(DTXSID00383148 DTXSID60194055 DTXSID6025018);LOTUS:(Q425368);PUBCHEMANNOTATIONDRUG:(null);PUBCHEMANNOTATIONFOOD:(null);PUBMED:(null)	146556586862	182.190	58	0.961	857317144830940342	857316066466491151	857316066466491150	1109	
1	1	0.873	0.881	-13.981		1.000	37.204	C6H15N	[M + H]+	C6H16N+	ZMANZCXQSJIPKH	InChI=1S/C6H15N/c1-4-7(5-2)6-3/h4-6H2,1-3H3	triethylamine	CCN(CC)CC	1.501	87563301;16212933;141501626;18398577;88802587;59911701;8471;167656;1385867	PUBCHEMANNOTATIONBIO;HMDB:(HMDB0032539);PUBCHEMANNOTATIONSAFETYANDTOXIC;BloodExposome:(8471 12210273 1385867 2734074 11130);SUPERNATURAL:(SN0474053);HSDB:(554-68-7 121-44-8);MESH:(8471 167656 1385867);FooDB:(FDB010411);PUBCHEM:(87563301 16212933 141501626 18398577 88802587 59911701 8471 167656 1385867);MACONDA:(CON00116 CON00114 CON00115);COCONUT:(CNP0209343);NORMAN:(NS00002646 NS00078362 NS00078389 NS00082562);METACYC:(TRIETHYLAMINE);CHEBI:(45791 35026);KEGG:(C14691);DSSTox:(DTXSID20883519 DTXSID301024181 DTXSID3024366 DTXSID50583737 DTXSID50938506 DTXSID60480602 DTXSID8060292);PUBCHEMANNOTATIONDRUG;PUBCHEMANNOTATIONFOOD;PUBMED	138235088750	102.128	58	0.961	857317130519975092	857316066554571539	857316066550377234	993	
1	1	0.286	0.628	-42.356		1.000	70.761	C8H19N	[M + H]+	C8H20N+	CCRUHKGZAQXBKC	InChI=1S/C8H19N/c1-4-5-6-9-7-8(2)3/h8-9H,4-7H2,1-3H3	1-Butanamine, N-(2-methylpropyl)-	CCCCNCC(C)C	2.366	38988836;30315	NORMAN:(NS00026740);PUBCHEM:(38988836 30315);DSSTox:(DTXSID6066654)	137439215618	130.159	58	0.961	857317134563284149	857316066638457623	857316066638457622	1145	
1	2	0.062	0.062	-84.268		0.277	12.063	C9H20O5	[M + Na]+	C9H20NaO5+	ZNYRFEPBTVGZDN	InChI=1S/C9H20O5/c1-11-4-5-13-8-9-14-7-6-12-3-2-10/h10H,2-9H2,1H3	2,5,8,11-tetraoxatridecan-13-ol	COCCOCCOCCOCCO	-1.000	90263	PUBCHEMANNOTATIONBIO:(null);COCONUT:(CNP0321873);NORMAN:(NS00005940);HMDB:(HMDB0062236);PUBCHEMANNOTATIONSAFETYANDTOXIC:(null);BloodExposome:(90263);CHEBI:(189796);SUPERNATURAL:(SN0475586);PUBCHEM:(90263);DSSTox:(DTXSID3027829);PUBMED:(null)	137530441834	231.120	58	0.970	857317341044677134	857316066718149403	857316066713955098	1221	
1	1	0.562	0.562	-48.177		1.000	86.829	C12H23NO	[M + H]+	C12H24NO+	HDNIYIUPUURNFI	InChI=1S/C12H23NO/c14-12-8-6-11(7-9-12)13-10-4-2-1-3-5-10/h10-14H,1-9H2	Cyclohexyl-cis-(4-hydroxycyclohexyl)amine	C1CCC(CC1)NC2CCC(CC2)O	2.300	43178560	PUBCHEM:(43178560)	2	198.185	58	0.972	857317335273314281	857316066818812703	857316066814618398	1110	
1	2	0.751	0.751	-43.992		0.500	42.381	C6H15NO	[M - H2O + H]+	C6H14N+	SUTWPJHCRAITLU	InChI=1S/C6H15NO/c7-5-3-1-2-4-6-8/h8H,1-7H2	6-Aminohexyloxidanium	C(CCCO)CCN	0.000	6992902;153274111;88570509;19960	PUBCHEMANNOTATIONBIO:(null);NORMAN:(NS00030800);PUBCHEMANNOTATIONSAFETYANDTOXIC:(null);METACYC:(CPD-16893);SUPERNATURAL:(SN0355918);PUBCHEM:(6992902 153274111 88570509 19960);DSSTox:(DTXSID80611714 DTXSID9075242);PUBMED:(null)	137524152386	100.112	59	0.977	857317334958741271	857316066990779175	857316066986584870	986	
1	1	0.708	0.825	-26.879		0.762	84.567	C8H8N2	[M + H]+	C8H9N2+	RWXZXCZBMQPOBF	InChI=1S/C8H8N2/c1-6-2-3-7-8(4-6)10-5-9-7/h2-5H,1H3,(H,9,10)	5-Methylbenzimidazole	CC1=CC2=C(C=C1)N=CN2	1.786	144395763;136722335;58064884;136115328;11979;57636739	PUBCHEMANNOTATIONBIO:(null);NORMAN:(NS00034706);PUBCHEMANNOTATIONSAFETYANDTOXIC:(null);METACYC:(A-DGLC-HEX-1:4_6:A CPD-18320);CHEBI:(40205);MESH:(11979);PUBCHEM:(144395763 136722335 58064884 136115328 11979 57636739);DSSTox:(DTXSID1060639);PUBCHEMANNOTATIONDRUG:(null);PUBMED:(null)	137556658278	133.076	59	0.980	857317356093844425	857316067070470955	857316067070470954	1789	
1	1	0.058	0.058	-39.093		0.999	27.256	C5H10O2Si2	[M + H]+	C5H11O2Si2+	UDUPCVIWKMANGD	InChI=1S/C5H10O2Si2/c1-4(2)5(3)8-7-9-6/h4,6H,3H2,1-2H3		CC(C)C(=C)[Si]O[Si]O	0.000	88163896	PUBCHEM:(88163896)	2	159.031	59	0.984	857317360749521967	857316067225660211	857316067225660210	1343	
1	1	0.203	0.244	-61.760		1.000	99.864	C8H10N2O	[M + H]+	C8H11N2O+	FEBQTMQGJXZYKX	InChI=1S/C8H10N2O/c1-5-3-2-4-6(7(5)9)8(10)11/h2-4H,9H2,1H3,(H2,10,11)	2-Amino-3-methylbenzamide	CC1=C(C(=CC=C1)C(=O)N)N	1.000	14221807	PUBCHEMANNOTATIONSAFETYANDTOXIC:(null);PUBCHEM:(14221807);DSSTox:(DTXSID10557575)	137506062338	151.087	59	0.988	857317348237910986	857316067313740599	857316067309546294	1319	
1	1	0.016	0.016	-116.533		1.000	62.951	C6H13NO4	[M + H]+	C6H14NO4+	RUVRGYVESPRHSZ	InChI=1S/C6H13NO4/c7-1-2-10-3-4-11-5-6(8)9/h1-5,7H2,(H,8,9)	2-(2-(2-Aminoethoxy)ethoxy)acetic acid	C(COCCOCC(=O)O)N	-3.700	163945657;362706;148240759	PUBCHEMANNOTATIONSAFETYANDTOXIC:(null);BloodExposome:(362706);PUBCHEM:(163945657 362706 148240759);DSSTox:(DTXSID10327018 DTXSID80671954);PUBMED:(null)	137510256706	164.092	59	0.988	857317354034441134	857316067393432379	857316067393432378	1253	
1	2	0.030	0.030	-109.333		0.079	38.481	C3H10N2O	[M + K]+	C3H10KN2O+	IBELBRDFPCFICX	InChI=1S/C3H10N2O/c1-6-3-2-5-4/h5H,2-4H2,1H3	(2-Methoxyethyl)hydrazine	COCCNN	-1.100	542451	PUBCHEMANNOTATIONSAFETYANDTOXIC:(null);PUBCHEM:(542451);DSSTox:(DTXSID80337407 DTXSID80745361)	137506062338	129.041	59	0.989	857317357033368601	857316067481512767	857316067477318462	1396	
1	1	0.045	0.045	-107.332		1.000	52.314	C5H9BrO5	[M + Na]+	C5H9BrNaO5+	HFFPVRDPFZDLRL	InChI=1S/C5H9BrO5/c6-5(11)4(10)3(9)2(8)1-7/h2,4-5,7-8,10-11H,1H2	(2R,4R)-1-bromo-1,2,4,5-tetrahydroxypentan-3-one	C(C(C(=O)C(C(O)Br)O)O)O	-1.700	53874175	PUBCHEM:(53874175)	2	250.954	60	0.996	857317365979821607	857316067645090631	857316067645090630	1400	
1	1	0.025	0.025	-331.486		1.000	52.437	C13H25N5O3	[M + H]+	C13H26N5O3+	MEZMRDXFRRZJLG	InChI=1S/C13H25N5O3/c1-18(2)6-9-20-12-10-11(15-5-8-19-3)16-13(17-12)21-7-4-14/h10H,4-9,14H2,1-3H3,(H,15,16,17)	2-(2-aminoethoxy)-6-[2-(dimethylamino)ethoxy]-N-(2-methoxyethyl)pyrimidin-4-amine	CN(C)CCOC1=NC(=NC(=C1)NCCOC)OCCN	0.100	44577491	NORMAN:(NS00010337);PUBCHEM:(44577491);PUBMED:(null)	262210	300.202	60	1.000	857317351467526504	857316067720588107	857316067720588106	1923	
1	1	0.102	0.102	-84.150		1.000	67.065	C4H7NO4S2	[M + Na]+	C4H7NNaO4S2+	VHGQEEDSSMKMST	InChI=1S/C4H7NO4S2/c5-3(10)1-11(8,9)2-4(6)7/h1-2H2,(H2,5,10)(H,6,7)	2-(2-Amino-2-sulfanylideneethyl)sulfonylacetic acid	C(C(=S)N)S(=O)(=O)CC(=O)O	-1.300	82182366	PUBCHEM:(82182366)	2	219.973	60	1.003	857317372510353425	857316068089686879	857316068085492574	1489	
1	1	0.035	0.035	-152.161		1.000	96.102	C5H10F2N2	[M + H]+	C5H11F2N2+	ITVFCJREXKUDDU	InChI=1S/C5H10F2N2/c6-5(7)1-3-9(8)4-2-5/h1-4,8H2	4,4-Difluoropiperidin-1-amine	C1CN(CCC1(F)F)N	0.700	53404070;87608598	PUBCHEMANNOTATIONSAFETYANDTOXIC:(null);PUBCHEM:(53404070 87608598);DSSTox:(DTXSID20695316)	137506062338	137.090	60	1.004	857317365921101347	857316068160990051	857316068156795746	1470	
1	1	0.157	0.375	-57.189		1.000	38.310	C5H8O2	[M + H]+	C5H9O2+	IGRURXZWJCSNKU	InChI=1S/C5H8O2/c1-4(2)3-5(6)7/h1,3H2,2H3,(H,6,7)	Iso-propenylacetate	CC(=C)CC(=O)O	1.200	58266268;18355900;417575;57616942	PUBCHEMANNOTATIONBIO:(null);HMDB:(HMDB0170858);PUBCHEMANNOTATIONSAFETYANDTOXIC:(null);CHEBI:(178220);LIPIDMAPS:(LMFA01020110);PUBCHEM:(58266268 18355900 417575 57616942);DSSTox:(DTXSID001313242);PUBMED:(null)	139670323306	101.060	61	1.009	857317365799466519	857316068320373611	857316068320373610	1675	
1	5	0.066	0.066	-163.704		0.028	14.385	C11H25N11	[M + H]+	C11H26N11+	HQVOUPCKVUGTHA	InChI=1S/C11H25N11/c12-8-17-6(18-9(13)21-8)4-2-1-3-5(16-4)7-19-10(14)22-11(15)20-7/h1-4,6-11,16-22H,12-15H2	6-[6-(4,6-Diamino-1,3,5-triazinan-2-yl)-1,2-dihydropyridin-2-yl]-1,3,5-triazinane-2,4-diamine	C1=CC(NC(=C1)C2NC(NC(N2)N)N)C3NC(NC(N3)N)N	-4.500	5246723	PUBCHEM:(5246723)	2	312.238	61	1.014	857317361949092926	857316068391676783	857316068391676782	1684	
1	2	0.026	0.026	-379.292		0.043	37.808	C13H25N5O2	[M + H]+	C13H26N5O2+	RSSFQYFOHBQLRO	InChI=1S/C13H25N5O2/c1-17(2)7-10-8-18(16-15-10)6-5-11-3-4-12(14)13(9-19)20-11/h8,11-13,19H,3-7,9,14H2,1-2H3	[(2S,3S,6S)-3-amino-6-[2-[4-[(dimethylamino)methyl]-1-triazolyl]ethyl]-2-oxanyl]methanol	CN(C)CC1=CN(N=N1)CCC2CCC(C(O2)CO)N	-0.700	54639427;54639428;54639429;54639430;54639431	CHEBI:(118120 118131 118037 118150 117917);PUBCHEM:(54639427 54639428 54639429 54639430 54639431)	34	284.207	61	1.020	857317369654031943	857316068471368563	857316068471368562	1678	
1	1	0.717	0.889	-3.723		1.000	99.997	C8H10N4O2	[M + H]+	C8H11N4O2+	RYYVLZVUVIJVGH	InChI=1S/C8H10N4O2/c1-10-4-9-6-5(10)7(13)12(3)8(14)11(6)2/h4H,1-3H3	Thein	CN1C=NC2=C1C(=O)N(C(=O)N2C)C	-0.109	101116218;25147444;10241810;60040686;141614479;153694012;153694061;131708520;131953137;131953138;24208736;158442489;158442496;45109841;45280316;45280317;45280431;45280258;45280256;45280257;45280259;45280260;45280261;45280262;45280263;45280264;45280311;45280312;45280313;45280314;45280315;45280318;45280319;45280483;45280368;45280369;45280370;45280371;45280372;45280373;45280374;45280375;45280376;45280424;45280425;45280426;45280427;45280428;45280429;45280430;45280482;45280484;45280485;45280486;45280487;45280488;45280489;45280543;13001297;13001298;13001299;13001300;13001301;13001302;13001303;13001304;2519;64136;451131;11820004	PUBCHEMANNOTATIONBIO:(null);HMDB:(HMDB0001847);MiMeDB:(MMDBc0000393);PUBCHEMANNOTATIONSAFETYANDTOXIC:(null);BloodExposome:(64119 2519);SUPERNATURAL:(SN0339072);HSDB:(58-08-2);MESH:(2519 64136);FooDB:(FDB002100);PUBCHEM:(101116218 25147444 10241810 60040686 141614479 153694012 153694061 131708520 131953137 131953138 24208736 158442489 158442496 45109841 45280316 45280317 45280431 45280258 45280256 45280257 45280259 45280260 45280261 45280262 45280263 45280264 45280311 45280312 45280313 45280314 45280315 45280318 45280319 45280483 45280368 45280369 45280370 45280371 45280372 45280373 45280374 45280375 45280376 45280424 45280425 45280426 45280427 45280428 45280429 45280430 45280482 45280484 45280485 45280486 45280487 45280488 45280489 45280543 13001297 13001298 13001299 13001300 13001301 13001302 13001303 13001304 2519 64136 451131 11820004);public_spectra_2506;GNPS:(CCMSLIB00000579536 CCMSLIB00000085276);COCONUT:(CNP0228556);NORMAN:(NS00000273 NS00082245 NS00082622);METACYC:(1-3-7-TRIMETHYLXANTHINE);PLANTCYC:(1-3-7-TRIMETHYLXANTHINE);CHEBI:(27732 178066 31332 177330);KEGG:(C07481);DSSTox:(DTXSID0020232 DTXSID00514758 DTXSID00639874 DTXSID20437172 DTXSID30227945 DTXSID50206015 DTXSID60514759 DTXSID701339693 DTXSID70514760);LOTUS:(Q60235);PUBCHEMANNOTATIONDRUG:(null);PUBCHEMANNOTATIONFOOD:(null);PUBMED:(null);KNAPSACK:(RYYVLZVUVIJVGH-UHFFFAOYSA-N)	148167334782	195.088	62	1.027	857317371071706913	857316068815301507	857316068815301506	1525	
1	1	-Infinity	-Infinity	-19.400		0.712	6.800	H6O7Si2	[M + H]+	H7O7Si2+	KDJOAYSYCXTQGG	InChI=1S/H6O7Si2/c1-8(2,3)7-9(4,5)6/h1-6H	Trihydroxy(trihydroxysilyloxy)silane	O[Si](O)(O)O[Si](O)(O)O	-1.456	61804	CHEBI:(29292);PUBCHEM:(61804);DSSTox:(DTXSID00935328 DTXSID201014501 DTXSID20721922 DTXSID30924225)	137438953506	174.973	62	1.027	857317369599505970	857316068920159111	857316068915964806	1682	
1	1	0.743	0.767	-45.428		1.000	111.531	C7H6O2	[M + H]+	C7H7O2+	WPYMKLBDIGXBTP	InChI=1S/C7H6O2/c8-7(9)6-4-2-1-3-5-6/h1-5H,(H,8,9)	benzoate	C1=CC=C(C=C1)C(=O)O	1.320	101129197;101497297;58612436;4266732;161573565;161573567;87130474;16217358;101915870;20144841;84220549;100997358;92043386;10103173;10219426;10290785;10374455;12663388;164071953;153694104;153694888;153695631;153697578;153701957;153993495;11170963;11240470;10887905;10942411;10986224;13000560;13000561;13000563;13000564;13000565;13000566;13000567;13000570;242;243;19759;71603;12209912;12209915;11768623;11804746;49791923;71309047;71310066	PUBCHEMANNOTATIONBIO:(null);HMDB:(HMDB0303719 HMDB0001870 HMDB0303720 HMDB0304270);MiMeDB:(MMDBc0000204);PUBCHEMANNOTATIONSAFETYANDTOXIC:(null);BloodExposome:(517055 57447319 243 242 89478427 23661960);SUPERNATURAL:(SN0416870);HSDB:(65-85-0 532-32-1 1863-63-4);MESH:(242 243);FooDB:(FDB008739 FDB019869 FDB011419 FDB030689 FDB019868);PUBCHEM:(101129197 101497297 58612436 4266732 161573565 161573567 87130474 16217358 101915870 20144841 84220549 100997358 92043386 10103173 10219426 10290785 10374455 12663388 164071953 153694104 153694888 153695631 153697578 153701957 153993495 11170963 11240470 10887905 10942411 10986224 13000560 13000561 13000563 13000564 13000565 13000566 13000567 13000570 242 243 19759 71603 12209912 12209915 11768623 11804746 49791923 71309047 71310066);public_spectra_2506;GNPS:(CCMSLIB00003134604);COCONUT:(CNP0136227);NORMAN:(NS00102804 NS00102189 NS00080726 NS00074364 NS00102194 NS00102805 NS00102801 NS00080112 NS00082025 NS00103997 NS00102104 NS00102800 NS00101964 NS00104004 NS00008785 NS00102926 NS00103833);METACYC:(BENZOATE);PLANTCYC:(BENZOATE);CHEBI:(113455 30746 16150);KEGG:(C00539 C00180);DSSTox:(DTXSID00514713 DTXSID00910574 DTXSID1020140 DTXSID1027219 DTXSID10472032 DTXSID30635460 DTXSID4041602 DTXSID4043771 DTXSID4044957 DTXSID40514712 DTXSID50209869 DTXSID50438793 DTXSID6020143 DTXSID60514714 DTXSID60745743 DTXSID70584342 DTXSID80274646);LOTUS:(Q191700);YMDB:(YMDB02301);PUBCHEMANNOTATIONDRUG:(null);PUBCHEMANNOTATIONFOOD:(null);PUBMED:(null);KNAPSACK:(WPYMKLBDIGXBTP-UHFFFAOYSA-N)	148167400318	123.044	62	1.027	857317369779861083	857316069016628107	857316069012433802	1649	
1	1	0.104	0.104	-89.427		1.000	37.115	C8H14O4	[M + H]+	C8H15O4+	XUKSWKGOQKREON	InChI=1S/C8H14O4/c1-7(9)11-5-3-4-6-12-8(2)10/h3-6H2,1-2H3	1,4-Diacetoxybutane	CC(=O)OCCCCOC(=O)C	0.700	69410	CHEBI:(87345);PUBCHEM:(69410);DSSTox:(DTXSID70879240)	137438953506	175.097	62	1.033	857317370388035212	857316069117291407	857316069117291406	1696	
1	1	0.691	0.691	-42.883		0.984	52.877	C9H20O5	[M + H]+	C9H21O5+	ZNYRFEPBTVGZDN	InChI=1S/C9H20O5/c1-11-4-5-13-8-9-14-7-6-12-3-2-10/h10H,2-9H2,1H3	2,5,8,11-tetraoxatridecan-13-ol	COCCOCCOCCOCCO	-1.000	90263	PUBCHEMANNOTATIONBIO:(null);COCONUT:(CNP0321873);NORMAN:(NS00005940);HMDB:(HMDB0062236);PUBCHEMANNOTATIONSAFETYANDTOXIC:(null);BloodExposome:(90263);CHEBI:(189796);SUPERNATURAL:(SN0475586);PUBCHEM:(90263);DSSTox:(DTXSID3027829);PUBMED:(null)	137530441834	209.138	63	1.044	857317394165545018	857316069335395223	857316069331200918	1807	
1	10	0.056	0.056	-109.348		0.000	153.997	C8H8FNO4S2	[M + Na]+	C8H8FNNaO4S2+	KRFXSIUDQGXZKZ	InChI=1S/C8H8FNO4S2/c9-6-3-5(16(10,13)14)1-2-7(6)15-4-8(11)12/h1-3H,4H2,(H,11,12)(H2,10,13,14)	2-(2-Fluoro-4-sulfamoylphenyl)sulfanylacetic acid	C1=CC(=C(C=C1S(=O)(=O)N)F)SCC(=O)O	0.798	60713047	PUBCHEM:(60713047)	2	287.979	63	1.050	857317626823592568	857316069553499039	857316069549304734	1606	
1	1	0.083	0.081	-64.185		1.000	104.806	C6H15N3O3	[M + Na]+	C6H15N3NaO3+	AUPFHMBEGQSICC	InChI=1S/C6H15N3O3/c7-6(8-1-2-10)9-3-5(12)4-11/h5,10-12H,1-4H2,(H3,7,8,9)	2-(2,3-Dihydroxypropyl)-1-(2-hydroxyethyl)guanidine	C(CO)NC(=NCC(CO)O)N	-2.900	153764131	PUBCHEM:(153764131)	2	200.100	63	1.051	857317507818600618	857316069662550947	857316069662550946	1818	
1	1	0.053	0.053	-110.273		1.000	64.861	C4H6N2O3S	[M + K]+	C4H6KN2O3S+	RGSVAKGMDKEVJC	InChI=1S/C4H6N2O3S/c5-6-4(9)2(10)1-3(7)8/h1,5H2,(H,6,9)(H,7,8)	4-Hydrazinyl-4-oxo-3-sulfanylidenebutanoic acid	C(C(=S)C(=O)NN)C(=O)O	-3.300	154239424	PUBCHEM:(154239424)	2	200.972	63	1.054	857317403929884754	857316069868071851	857316069863877546	1665	
1	1	0.192	0.311	-71.771		1.000	109.106	C8H8O3	[M + H]+	C8H9O3+	JJVNINGBHGBWJH	InChI=1S/C8H8O3/c1-11-7-4-2-3-6(5-9)8(7)10/h2-5,10H,1H3	Vanillin	COC1=CC=CC(=C1O)C=O	1.140	102407623;56851417;71752916;71752917;8991	PUBCHEMANNOTATIONBIO:(null);COCONUT:(CNP0274414);NORMAN:(NS00024863);PUBCHEMANNOTATIONSAFETYANDTOXIC:(null);BloodExposome:(8991);CHEBI:(78339);SUPERNATURAL:(SN0167412);MESH:(8991);PUBCHEM:(102407623 56851417 71752916 71752917 8991);DSSTox:(DTXSID5022011);LOTUS:(Q309747);PUBMED:(null)	137798877286	153.055	63	1.055	857317412343658590	857316069977123759	857316069977123758	1902	
1	1	0.267	0.245	-74.558		1.000	81.956	C8H16O6	[M + H]+	C8H17O6+	SVXBJMGCHDAIJF	InChI=1S/C8H16O6/c1-2-14-4-6(11)8(13)7(12)5(10)3-9/h2,5-13H,1,3-4H2	(2R,3R,4R,5S)-6-ethenoxyhexane-1,2,3,4,5-pentol	C=COCC(C(C(C(CO)O)O)O)O	-1.740	139796144	PUBCHEM:(139796144)	2	209.102	63	1.056	857317416667986024	857316070115535795	857316070111341490	1822	
1	1	0.333	0.333	-25.860		1.000	65.564	C6H6O3	[M + H]+	C6H7O3+	NOEGNKMFWQHSLB	InChI=1S/C6H6O3/c7-3-5-1-2-6(4-8)9-5/h1-3,8H,4H2	Epitope ID:136033	C1=C(OC(=C1)C=O)CO	0.436	145693099;237332;46781825	PUBCHEMANNOTATIONBIO:(null);HMDB:(HMDB0034355);PUBCHEMANNOTATIONSAFETYANDTOXIC:(null);BloodExposome:(237332);SUPERNATURAL:(SN0250850);HSDB:(67-47-0);MESH:(237332);FooDB:(FDB012717);PUBCHEM:(145693099 237332 46781825);public_spectra_2506;COCONUT:(CNP0222574);NORMAN:(NS00014938);METACYC:(CPD-11572);CHEBI:(412516);KEGG:(C11101);DSSTox:(DTXSID3030428);LOTUS:(Q414606);PUBCHEMANNOTATIONDRUG:(null);PUBCHEMANNOTATIONFOOD:(null);PUBMED:(null);KNAPSACK:(NOEGNKMFWQHSLB-UHFFFAOYSA-N)	147093457790	127.039	64	1.071	857317391648962608	857316070304279479	857316070300085174	2084	
1	3	0.164	0.164	-42.575		0.001	103.022	C3H9NO3S2	[M + K]+	C3H9KNO3S2+	XMXAYVWEMXWSMY	InChI=1S/C3H9NO3S2/c1-9(6,7)3-2-8(4)5/h2-4H2,1H3	2-Methanesulfonylethane-1-sulfinamide	CS(=O)(=O)CCS(=O)N	-1.600	165453585	PUBCHEM:(165453585)	2	209.965	65	1.086	857317435206809729	857316070560132031	857316070555937726	1850	
1	2	0.020	0.020	-104.381		0.018	87.442	C3H9NO6S3	[M + Na]+	C3H9NNaO6S3+	RXILGWFNTZZRRF	InChI=1S/C3H9NO6S3/c5-11(6)1-4(2-12(7)8)3-13(9)10/h1-3H2,(H,5,6)(H,7,8)(H,9,10)	Nitrilotrimethanesulfinic acid	C(N(CS(=O)O)CS(=O)O)S(=O)O	-1.900	154475792;161432	NORMAN:(NS00051559);PUBCHEM:(154475792 161432);DSSTox:(DTXSID00865111 DTXSID3066926)	137439215618	273.950	66	1.096	857317437400430730	857316070706932675	857316070702738370	2111	
1	1	0.396	0.396	-25.663		0.997	56.546	C7H5NS	[M + H]+	C7H6NS+	IOJUPLGTWVMSFF	InChI=1S/C7H5NS/c1-2-4-7-6(3-1)8-5-9-7/h1-5H	Vangard BT	C1=CC=C2C(=C1)N=CS2	1.990	21679680;4522873;71776398;10820601;7222;150583739;91149668;12204112	PUBCHEMANNOTATIONBIO:(null);HMDB:(HMDB0032930);MiMeDB:(MMDBc0033463);PUBCHEMANNOTATIONSAFETYANDTOXIC:(null);BloodExposome:(7222 4522873);SUPERNATURAL:(SN0150933);HSDB:(95-16-9);MESH:(7222);FooDB:(FDB010915);PUBCHEM:(21679680 4522873 71776398 10820601 7222 150583739 91149668 12204112);public_spectra_2506;COCONUT:(CNP0300295);NORMAN:(NS00000291);CHEBI:(45993);DSSTox:(DTXSID00445275 DTXSID7024586 DTXSID90598284);LOTUS:(Q419096);YMDB:(YMDB01432);PUBCHEMANNOTATIONDRUG:(null);PUBCHEMANNOTATIONFOOD:(null);PUBMED:(null)	148167262830	136.022	66	1.100	857317431796840564	857316070807595975	857316070803401670	2213	
1	2	0.024	0.024	-428.009		0.193	17.051	C13H25N5O2	[M + H]+	C13H26N5O2+	RSSFQYFOHBQLRO	InChI=1S/C13H25N5O2/c1-17(2)7-10-8-18(16-15-10)6-5-11-3-4-12(14)13(9-19)20-11/h8,11-13,19H,3-7,9,14H2,1-2H3	[(2S,3S,6S)-3-amino-6-[2-[4-[(dimethylamino)methyl]-1-triazolyl]ethyl]-2-oxanyl]methanol	CN(C)CC1=CN(N=N1)CCC2CCC(C(O2)CO)N	-0.700	54639427;54639428;54639429;54639430;54639431	CHEBI:(118120 118131 118037 118150 117917);PUBCHEM:(54639427 54639428 54639429 54639430 54639431)	34	284.207	68	1.135	857317439887653013	857316071101197267	857316071101197266	2268	
1	1	0.635	0.708	-34.842		0.999	60.936	C8H4O4	[M + H]+	C8H5O4+	PXHIYFMTRHEUHZ	InChI=1S/C8H4O4/c9-4-1-2-5-6(3-4)8(11)12-7(5)10/h1-3,9H	4-Hydroxyphthalic anhydride	C1=CC2=C(C=C1O)C(=O)OC2=O	0.900	639747	PUBCHEMANNOTATIONSAFETYANDTOXIC:(null);PUBCHEM:(639747);DSSTox:(DTXSID70348668);PUBMED:(null)	137506062402	165.018	68	1.137	857317506602252448	857316071193471959	857316071189277654	2248	
1	1	-Infinity	-Infinity	-55.080		0.976	10.610	C5H9NO2Se	[M + H]+	C5H10NO2Se+	LSVRMYHOSSYUDZ	InChI=1S/C5H9NO2Se/c1-2-3-9-4(6)5(7)8/h2,4H,1,3,6H2,(H,7,8)	2-Amino-2-prop-2-enylselanylacetic acid	C=CC[Se]C(C(=O)O)N	-0.389	58402496	PUBCHEM:(58402496)	2	189.993	68	1.141	857317595924150539	857316071390604255	857316071386409950	2328	
1	2	0.027	0.027	-253.869		0.027	22.385	C7H5N3O4S	[M + K]+	C7H5KN3O4S+	GZNPNQZOGITHGL	InChI=1S/C7H5N3O4S/c8-9-10-15(13,14)6-3-1-2-5(4-6)7(11)12/h1-4H,(H,11,12)	3-Azidosulfonylbenzoic acid	C1=CC(=CC(=C1)S(=O)(=O)N=[N+]=[N-])C(=O)O	2.000	7429588;5717565;2828992	NORMAN:(NS00010066);PUBCHEMANNOTATIONSAFETYANDTOXIC:(null);PUBCHEM:(7429588 5717565 2828992);DSSTox:(DTXSID80385221)	137506324482	265.966	69	1.149	857317612026086622	857316071470296035	857316071470296034	2281	
1	3	0.158	0.158	-23.270		0.046	24.573	C2H6N2O4S2	[M + K]+	C2H6KN2O4S2+	KLLQNEMSWCTIDQ	InChI=1S/C2H6N2O4S2/c3-9(5,6)1-2-10(4,7)8/h1-2H,(H2,3,5,6)(H2,4,7,8)	Ethene-1,2-disulfonamide	C(=CS(=O)(=O)N)S(=O)(=O)N	-2.400	72331746;59581725	PUBCHEM:(72331746 59581725)	2	224.939	70	1.164	857317612571346156	857316071575153639	857316071575153638	2317	
1	1	0.229	0.229	-42.646		0.922	21.072	C2H8N2O5S2	[M + K]+	C2H8KN2O5S2+	KSKNCTJZVHKGBW	InChI=1S/C2H8N2O5S2/c1-10(5,6)3-9-4-11(2,7)8/h3-4H,1-2H3	N-(methanesulfonamidooxy)methanesulfonamide	CS(=O)(=O)NONS(=O)(=O)C	-1.300	87491880	PUBCHEM:(87491880)	2	242.950	71	1.177	857317624718051032	857316071671622635	857316071671622634	2347	
1	1	0.104	0.104	-59.177		1.000	24.897	C5H11NO	[M + H]+	C5H12NO+	UPIBVWLBORGMND	InChI=1S/C5H11NO/c1-3-6-4-5-7-2/h1,6H,3-5H2,2H3		COCCNC[CH]	0.000	59347744	PUBCHEM:(59347744)	2	102.091	71	1.183	857317597438294314	857316071759703023	857316071759703022	2379	
1	1	0.590	0.590	-21.133		0.333	91.259	C9H4O5	[M + H]+	C9H5O5+	SRPWOOOHEPICQU	InChI=1S/C9H4O5/c10-7(11)4-1-2-5-6(3-4)9(13)14-8(5)12/h1-3H,(H,10,11)	(6-Carboxy-3-oxo-2-benzofuran-1-ylidene)oxidanium	C1=CC2=C(C=C1C(=O)O)C(=O)OC2=O	0.800	154066932;142046805;11089	PUBCHEMANNOTATIONBIO:(null);NORMAN:(NS00006728);HMDB:(HMDB0259233);PUBCHEMANNOTATIONSAFETYANDTOXIC:(null);BloodExposome:(11089);CHEBI:(53050);HSDB:(552-30-7);MESH:(11089);PUBCHEM:(154066932 142046805 11089);DSSTox:(DTXSID7026235);PUBCHEMANNOTATIONDRUG:(null);PUBCHEMANNOTATIONFOOD:(null);PUBMED:(null)	137695068782	193.013	71	1.184	857317610679715013	857316071843589107	857316071843589106	2348	
1	10	0.081	0.081	-96.945		0.010	8.956	C7H7N3OS5	[M + Na]+	C7H7N3NaOS5+	BCUOAYDDXXNKQN	InChI=1S/C7H7N3OS5/c8-6(12)10-9-3-1-13-4-5(14-2-3)16-7(11)15-4/h1-2H2,(H3,8,10,12)	[(2-Oxo-[1,3]dithiolo[4,5-b][1,4]dithiepin-6-ylidene)amino]thiourea	C1C(=NNC(=S)N)CSC2=C(S1)SC(=O)S2	2.300	6618616	PUBCHEM:(6618616)	2	331.907	72	1.204	857317617981998338	857316072019749883	857316072015555578	2460	
1	1	0.110	0.110	-51.736		0.495	34.329	C2H7NO3S2	[M + K]+	C2H7KNO3S2+	VOEAVKZTZCLBQM	InChI=1S/C2H7NO3S2/c1-7(4)3-8(2,5)6/h3H,1-2H3	N-methylsulfinylmethanesulfonamide	CS(=O)NS(=O)(=O)C	-1.200	12602401	PUBCHEM:(12602401)	2	195.949	72	1.208	857317619273843975	857316072099441663	857316072099441662	2381	
1	1	0.370	0.393	-156.815		1.000	21.338	C5H11NO3	[M + H]+	C5H12NO3+	KFHRMMHGGBCRIV	InChI=1S/C5H11NO3/c1-9-3-2-4(6)5(7)8/h4H,2-3,6H2,1H3,(H,7,8)	2-Amino-4-methoxybutanoate	COCCC(C(=O)O)N	-1.008	38988904;153752373;36690568;18713;114915;447570	PUBCHEMANNOTATIONBIO:(null);NORMAN:(NS00049197 NS00101076);BloodExposome:(18713);MESH:(18713);PUBCHEM:(38988904 153752373 36690568 18713 114915 447570);DSSTox:(DTXSID40884068 DTXSID801315016);PUBMED:(null)	137460187206	134.081	81	1.357	857317621144503825	857316072367877131	857316072367877130	2456	
1	1	0.032	0.058	-135.585		1.000	42.171	C9H19NO	[M + H]+	C9H20NO+	VUZNLSBZRVZGIK	InChI=1S/C9H19NO/c1-8(2)6-5-7-9(3,4)10(8)11/h11H,5-7H2,1-4H3	1-Hydroxy-2,2,6,6-tetramethyl-4-tritiopiperidine	CC1(CCCC(N1O)(C)C)C	2.115	160556478;140723091;549976;12657389;57318307	PUBCHEMANNOTATIONBIO:(null);NORMAN:(NS00015198);HMDB:(HMDB0245345);PUBCHEMANNOTATIONSAFETYANDTOXIC:(null);BloodExposome:(549976);CHEBI:(172380);PUBCHEM:(160556478 140723091 549976 12657389 57318307);DSSTox:(DTXSID60338578);PUBMED:(null)	137527296106	158.154	95	1.586	857317623887578837	857316072460151823	857316072460151822	2665	
1	1	0.629	0.629	-19.430		0.785	42.745	C10H30O5Si5	[M + H]+	C10H31O5Si5+	XMSXQFUHVRWGNA	InChI=1S/C10H30O5Si5/c1-16(2)11-17(3,4)13-19(7,8)15-20(9,10)14-18(5,6)12-16/h1-10H3	decamethyl-1,3,5,7,9,2,4,6,8,10-pentaoxapentasilecane	C[Si]1(O[Si](O[Si](O[Si](O[Si](O1)(C)C)(C)C)(C)C)(C)C)C	6.094	22883046;100931387;10913	PUBCHEMANNOTATIONBIO:(null);PUBCHEMANNOTATIONSAFETYANDTOXIC:(null);BloodExposome:(10913);SUPERNATURAL:(SN0434476);HSDB:(541-02-6);MESH:(10913);PUBCHEM:(22883046 100931387 10913);MACONDA:(CON00018);COCONUT:(CNP0346952);NORMAN:(NS00043162);CHEBI:(191092);DSSTox:(DTXSID1027184);PUBCHEMANNOTATIONDRUG:(null);PUBMED:(null)	137563997798	371.101	111	1.853	857317662772976544	857316072560815123	857316072556620818	2806	
1	2	0.172	0.172	-47.471		0.500	28.997	C6H8O2	[M + H3N + H]+	C6H12NO2+	JHBKYZNFFMIFDA	InChI=1S/C6H8O2/c1-2-3-4-5-6(7)8/h2,5H2,1H3,(H,7,8)	3-Hexynoic acid	CCC#CCC(=O)O	0.900	5312635;154487340	LIPIDMAPS:(LMFA01030498);PUBCHEM:(5312635 154487340);DSSTox:(DTXSID60415575);PUBMED:(null)	139586437186	130.086	111	1.853	857317629226929026	857316072653089815	857316072653089814	2797	
1	1	0.183	0.183	-57.762		1.000	47.776	C10H16	[M + H]+	C10H17+	XMGQYMWWDOXHJM	InChI=1S/C10H16/c1-8(2)10-6-4-9(3)5-7-10/h4,10H,1,5-7H2,2-3H3	Limonene	CC1=CCC(CC1)C(=C)C	3.400	101192275;101480863;76973288;102095088;101649150;156648701;156648705;156648717;156648721;156648726;16687527;54476969;139024439;139024564;10534719;10654280;10701885;10796799;22311;439250;440917	PUBCHEMANNOTATIONBIO:(null);HMDB:(HMDB0003375 HMDB0004321 HMDB0032473);MiMeDB:(MMDBc0048215);TeroMol:(TKC130223 TKC020732);PUBCHEMANNOTATIONSAFETYANDTOXIC:(null);BloodExposome:(439250 22311 440917);LIPIDMAPS:(LMPR0102090002 LMPR0102090013);SUPERNATURAL:(SN0434098);HSDB:(138-86-3 5989-27-5);MESH:(22311 439250 440917);FooDB:(FDB006329 FDB010103 FDB013567 FDB013861 FDB014115 FDB014297);PUBCHEM:(101192275 101480863 76973288 102095088 101649150 156648701 156648705 156648717 156648721 156648726 16687527 54476969 139024439 139024564 10534719 10654280 10701885 10796799 22311 439250 440917);public_spectra_2506;COCONUT:(CNP0282017);NORMAN:(NS00008437 NS00067923 NS00075670);METACYC:(CPD-4886 CPD-8785);PLANTCYC:(CPD-8785 CPD-4886);CHEBI:(15383 15382 15384);KEGG:(C06078 C06099 C00521);DSSTox:(DTXSID1020778 DTXSID2029612 DTXSID6047078);LOTUS:(Q27089405 Q27888324 Q278809);PUBCHEMANNOTATIONDRUG:(null);PUBCHEMANNOTATIONFOOD:(null);PUBMED:(null);KNAPSACK:(XMGQYMWWDOXHJM-UHFFFAOYSA-N)	150323202942	137.133	116	1.932	857317630351002821	857316072757947419	857316072757947418	2845	
1	2	-Infinity	-Infinity	-77.707		0.249	20.090	C5H9NO4Se	[M - H2O + H]+	C5H8NO3Se+	RVRJHKYYXLZVHE	InChI=1S/C5H9NO4Se/c6-3(5(9)10)1-11-2-4(7)8/h3H,1-2,6H2,(H,7,8)(H,9,10)	DL-Alanine, 3-((carboxymethyl)seleno)-	C(C(C(=O)O)N)[Se]CC(=O)O	-1.373	53463500;191527	MESH:(191527);PUBCHEM:(53463500 191527);DSSTox:(DTXSID50975158)	137438953478	203.972	116	1.938	857317644750052218	857316072858610719	857316072854416414	2839	
1	3	0.615	0.615	-12.098		0.019	40.528	C10H30O5Si5	[M + H]+	C10H31O5Si5+	XMSXQFUHVRWGNA	InChI=1S/C10H30O5Si5/c1-16(2)11-17(3,4)13-19(7,8)15-20(9,10)14-18(5,6)12-16/h1-10H3	decamethyl-1,3,5,7,9,2,4,6,8,10-pentaoxapentasilecane	C[Si]1(O[Si](O[Si](O[Si](O[Si](O1)(C)C)(C)C)(C)C)(C)C)C	6.094	22883046;100931387;10913	PUBCHEMANNOTATIONBIO:(null);PUBCHEMANNOTATIONSAFETYANDTOXIC:(null);BloodExposome:(10913);SUPERNATURAL:(SN0434476);HSDB:(541-02-6);MESH:(10913);PUBCHEM:(22883046 100931387 10913);MACONDA:(CON00018);COCONUT:(CNP0346952);NORMAN:(NS00043162);CHEBI:(191092);DSSTox:(DTXSID1027184);PUBCHEMANNOTATIONDRUG:(null);PUBMED:(null)	137563997798	371.101	119	1.988	857317696751033264	857316073038965799	857316073038965798	2893	
1	1	0.040	0.040	-82.574		0.955	7.419	C6H3NO2S	[M + Na]+	C6H3NNaO2S+	NBFNCBBROSNZMU	InChI=1S/C6H3NO2S/c1-2-5-3-6(7(8)9)10-4-5/h1,3-4H	4-Ethynyl-2-nitrothiophene	C#CC1=CSC(=C1)[N+](=O)[O-]	2.000	104277761	PUBCHEM:(104277761)	2	175.977	120	2.000	857317785720609730	857316073131240491	857316073127046186	2889	
1	1	0.451	0.468	-56.643		1.000	32.282	C6H12O	[M + H]+	C6H13O+	UZKWTJUDCOPSNM	InChI=1S/C6H12O/c1-3-5-6-7-4-2/h4H,2-3,5-6H2,1H3	1-(ethenyloxy)butane	CCCCOC=C	2.100	134967879;10351657;8108	PUBCHEMANNOTATIONBIO:(null);COCONUT:(CNP0077236);NORMAN:(NS00006709);HMDB:(HMDB0255093);PUBCHEMANNOTATIONSAFETYANDTOXIC:(null);BloodExposome:(8108);SUPERNATURAL:(SN0384263);HSDB:(111-34-2);MESH:(8108);PUBCHEM:(134967879 10351657 8108);DSSTox:(DTXSID5051575);PUBMED:(null)	137530442318	101.096	121	2.010	857317795443008888	857316073244486703	857316073240292398	2900	
1	1	0.056	0.067	-57.589		0.500	51.980	C10H16	[M + H]+	C10H17+	RRBYUSWBLVXTQN	InChI=1S/C10H16/c1-9(2)6-4-7-8(5-6)10(7,9)3/h6-8H,4-5H2,1-3H3	Tricyclene	CC1(C2CC3C1(C3C2)C)C	3.200	55250308;98053917;98053918;79035	PUBCHEMANNOTATIONBIO:(null);HMDB:(HMDB0038121);TeroMol:(TKC022676);PUBCHEMANNOTATIONSAFETYANDTOXIC:(null);BloodExposome:(79035);LIPIDMAPS:(LMPR0102130001);SUPERNATURAL:(SN0332964);FooDB:(FDB017346);PUBCHEM:(55250308 98053917 98053918 79035);COCONUT:(CNP0239140);NORMAN:(NS00020521);METACYC:(CPD-4902);PLANTCYC:(CPD-4902);CHEBI:(64266);KEGG:(C20241);DSSTox:(DTXSID90858714);LOTUS:(Q27133173 Q105243936);PUBCHEMANNOTATIONDRUG:(null);PUBMED:(null);KNAPSACK:(RRBYUSWBLVXTQN-UHFFFAOYSA-N)	140525308282	137.133	126	2.102	857317796491585029	857316073349344307	857316073349344306	2944	
1	1	0.066	0.066	-91.141		0.955	47.814	C6H11BrO3	[M + Na]+	C6H11BrNaO3+	FXCAWZNZZNNAMY	InChI=1S/C6H11BrO3/c7-1-6(2-8)3-9-5-10-4-6/h8H,1-5H2	5-(Bromomethyl)-1,3-dioxane-5-methanol	C1C(COCO1)(CO)CBr	0.000	129985830	PUBCHEM:(129985830);DSSTox:(DTXSID501284848)	137438953474	232.980	129	2.143	857317808931892432	857316073437424695	857316073437424694	2946	
1	2	0.262	0.262	-12.733		0.093	30.037	C10H30O5Si5	[M + H]+	C10H31O5Si5+	XMSXQFUHVRWGNA	InChI=1S/C10H30O5Si5/c1-16(2)11-17(3,4)13-19(7,8)15-20(9,10)14-18(5,6)12-16/h1-10H3	decamethyl-1,3,5,7,9,2,4,6,8,10-pentaoxapentasilecane	C[Si]1(O[Si](O[Si](O[Si](O[Si](O1)(C)C)(C)C)(C)C)(C)C)C	6.094	22883046;100931387;10913	PUBCHEMANNOTATIONBIO:(null);PUBCHEMANNOTATIONSAFETYANDTOXIC:(null);BloodExposome:(10913);SUPERNATURAL:(SN0434476);HSDB:(541-02-6);MESH:(10913);PUBCHEM:(22883046 100931387 10913);MACONDA:(CON00018);COCONUT:(CNP0346952);NORMAN:(NS00043162);CHEBI:(191092);DSSTox:(DTXSID1027184);PUBCHEMANNOTATIONDRUG:(null);PUBMED:(null)	137563997798	371.101	130	2.172	857317835569921381	857316073538087995	857316073538087994	2974	
1	3	0.751	0.751	-12.902		0.003	35.194	C10H30O5Si5	[M + H]+	C10H31O5Si5+	XMSXQFUHVRWGNA	InChI=1S/C10H30O5Si5/c1-16(2)11-17(3,4)13-19(7,8)15-20(9,10)14-18(5,6)12-16/h1-10H3	decamethyl-1,3,5,7,9,2,4,6,8,10-pentaoxapentasilecane	C[Si]1(O[Si](O[Si](O[Si](O[Si](O1)(C)C)(C)C)(C)C)(C)C)C	6.094	22883046;100931387;10913	PUBCHEMANNOTATIONBIO:(null);PUBCHEMANNOTATIONSAFETYANDTOXIC:(null);BloodExposome:(10913);SUPERNATURAL:(SN0434476);HSDB:(541-02-6);MESH:(10913);PUBCHEM:(22883046 100931387 10913);MACONDA:(CON00018);COCONUT:(CNP0346952);NORMAN:(NS00043162);CHEBI:(191092);DSSTox:(DTXSID1027184);PUBCHEMANNOTATIONDRUG:(null);PUBMED:(null)	137563997798	371.101	138	2.295	857317838065532276	857316073739414595	857316073735220290	3042	
1	2	0.088	0.088	-64.997		0.500	71.216	C10H18O	[M - H2O + H]+	C10H17+	UPMAOXLCTXPPAG	InChI=1S/C10H18O/c11-10-6-5-8-3-1-2-4-9(8)7-10/h8-11H,1-7H2	(2S,4aR)-1,2,3,4,4a,5,6,7,8,8a-decahydronaphthalen-2-ol	C1CCC2CC(CCC2C1)O	2.900	7006469;7057902;7057903;7188325;6427587;6427605;640668;141856765;141883324;142186670;54365460;45083074;13216;12450491;12450492;12450493;11862776;11869205;11869206;122432457;18611388;2802970	NORMAN:(NS00012183);PUBCHEMANNOTATIONSAFETYANDTOXIC:(null);PUBCHEM:(7006469 7057902 7057903 7188325 6427587 6427605 640668 141856765 141883324 142186670 54365460 45083074 13216 12450491 12450492 12450493 11862776 11869205 11869206 122432457 18611388 2802970);DSSTox:(DTXSID10862434 DTXSID301035578 DTXSID40883859);PUBMED:(null)	137506324546	137.133	141	2.347	857317800715249882	857316073835883591	857316073831689286	3067	
1	1	0.224	0.224	-14.913		0.468	24.823	C10H30O5Si5	[M + H]+	C10H31O5Si5+	XMSXQFUHVRWGNA	InChI=1S/C10H30O5Si5/c1-16(2)11-17(3,4)13-19(7,8)15-20(9,10)14-18(5,6)12-16/h1-10H3	decamethyl-1,3,5,7,9,2,4,6,8,10-pentaoxapentasilecane	C[Si]1(O[Si](O[Si](O[Si](O[Si](O1)(C)C)(C)C)(C)C)(C)C)C	6.094	22883046;100931387;10913	PUBCHEMANNOTATIONBIO:(null);PUBCHEMANNOTATIONSAFETYANDTOXIC:(null);BloodExposome:(10913);SUPERNATURAL:(SN0434476);HSDB:(541-02-6);MESH:(10913);PUBCHEM:(22883046 100931387 10913);MACONDA:(CON00018);COCONUT:(CNP0346952);NORMAN:(NS00043162);CHEBI:(191092);DSSTox:(DTXSID1027184);PUBCHEMANNOTATIONDRUG:(null);PUBMED:(null)	137563997798	371.101	148	2.475	857317829945359695	857316073949129803	857316073944935498	3134	
1	1	0.096	0.096	-54.928		0.500	85.851	C10H16	[M + H]+	C10H17+	LPSXSORODABQKT	InChI=1S/C10H16/c1-2-9-7-4-5-8(6-7)10(9)3-1/h7-10H,1-6H2	(2S,6S)-tricyclo[5.2.1.02,6]decane	C1CC2C3CCC(C3)C2C1	3.800	154529079;9812790;51018852;163750669;163782001;144963403;59467374;59491922;140929165;10219463;12561736;12561739;54046181;123965459;11159354;98044726;98044727;98047673;98047674;10964578;17795;142653992;57789714;57789719	NORMAN:(NS00020504 NS00082768 NS00083292);PUBCHEMANNOTATIONSAFETYANDTOXIC:(null);BloodExposome:(17795 11159354);MESH:(17795 11159354);PUBCHEM:(154529079 9812790 51018852 163750669 163782001 144963403 59467374 59491922 140929165 10219463 12561736 12561739 54046181 123965459 11159354 98044726 98044727 98047673 98047674 10964578 17795 142653992 57789714 57789719);DSSTox:(DTXSID00883895 DTXSID2029244 DTXSID60859773);LOTUS:(Q82854350);PUBMED:(null)	137778954310	137.133	154	2.572	857317804628536460	857316074045598799	857316074041404494	3183	
1	1	0.157	0.303	-68.614		1.000	35.803	C6H13N	[M + H]+	C6H14N+	GDGHPMLCHFTAIY	InChI=1S/C6H13N/c1-5(7)6-3-2-4-6/h5-6H,2-4,7H2,1H3	[(1R)-1-cyclobutylethyl]azanium	CC(C1CCC1)N	1.000	86311705;21512933;21274620;56963206;55292796	PUBCHEMANNOTATIONSAFETYANDTOXIC:(null);PUBCHEM:(86311705 21512933 21274620 56963206 55292796);DSSTox:(DTXSID40611871)	137506062338	100.112	166	2.769	857317799586982104	857316074142067795	857316074137873490	3288	
1	3	0.508	0.508	-107.282		0.112	10.123	C9H18N6O	[M + Na]+	C9H18N6NaO+	CSWCQLYEPDZGQQ	InChI=1S/C9H18N6O/c1-13(2)7-10-8(14(3)4)12-9(11-7)16-15(5)6/h1-6H3	1,3,5-Triazine-2,4-diamine, 6-((dimethylamino)oxy)-N,N,N',N'-tetramethyl-	CN(C)C1=NC(=NC(=N1)ON(C)C)N(C)C	1.400	11971486	PUBCHEMANNOTATIONSAFETYANDTOXIC:(null);PUBCHEM:(11971486);DSSTox:(DTXSID00145647)	137506062338	249.145	177	2.949	857317802099370205	857316074246925399	857316074242731094	3365	
1	1	0.217	0.217	-114.288		1.000	36.168	C10H20N2O4	[M + H]+	C10H21N2O4+	LRBANGSMEXWNJY	InChI=1S/C10H20N2O4/c1-7(2)9(10(14)15)12-8(13)6-11-4-5-16-3/h7,9,11H,4-6H2,1-3H3,(H,12,13)(H,14,15)	2-[[2-(2-Methoxyethylamino)acetyl]amino]-3-methylbutanoic acid	CC(C)C(C(=O)O)NC(=O)CNCCOC	-2.300	79280779;79280918;79291574	PUBCHEM:(79280779 79280918 79291574)	2	233.150	196	3.275	857317805446425797	857316074330811483	857316074326617178	3472	
1	2	0.395	0.692	-38.762		0.330	34.055	C8H6O5	[M - H2O + H]+	C8H5O4+	MWRVRCAFWBBXTL	InChI=1S/C8H6O5/c9-4-1-2-5(7(10)11)6(3-4)8(12)13/h1-3,9H,(H,10,11)(H,12,13)	3,4-Dicarboxyphenolate	C1=CC(=C(C=C1O)C(=O)O)C(=O)O	0.371	152780627;11881;54675841	PUBCHEMANNOTATIONBIO:(null);NORMAN:(NS00034534);PUBCHEMANNOTATIONSAFETYANDTOXIC:(null);BloodExposome:(11881);CHEBI:(27600);KEGG:(C06680);PUBCHEM:(152780627 11881 54675841);DSSTox:(DTXSID8060585);PUBMED:(null)	137527296354	165.018	217	3.612	857317809372294372	857316074498583651	857316074498583650	3628	
1	1	0.499	0.499	-82.727		0.523	20.566	C12H27NO7	[M + H]+	C12H28NO7+	RRFIUDKPRKNZFN	InChI=1S/C12H27NO7/c13-12(15)11-20-10-9-19-8-7-18-6-5-17-4-3-16-2-1-14/h12,14-15H,1-11,13H2	1-Amino-2-[2-[2-[2-[2-(2-hydroxyethoxy)ethoxy]ethoxy]ethoxy]ethoxy]ethanol	C(COCCOCCOCCOCCOCC(N)O)O	-2.700	18420294	PUBCHEM:(18420294)	2	298.186	219	3.643	857317812270558500	857316074758630511	857316074758630510	3645	
1	5	0.008	0.005	-144.019		0.008	7.473	C11H27N5O2	[M + Na]+	C11H27N5NaO2+	CWESNSRGDNENHR	InChI=1S/C11H27N5O2/c1-16(8-10-18-3)7-6-14-11(15-12)13-5-4-9-17-2/h4-10,12H2,1-3H3,(H2,13,14,15)	1-Amino-3-[2-[2-methoxyethyl(methyl)amino]ethyl]-2-(3-methoxypropyl)guanidine	CN(CCNC(=NCCCOC)NN)CCOC	-1.200	104882627	PUBCHEM:(104882627)	2	284.207	226	3.767	857317825675557673	857316075106757759	857316075106757758	3690	
1	1	0.039	0.039	-313.468		0.463	12.686	C15H29N5O	[M + H]+	C15H30N5O+	VWFMJROCZFFUNX	InChI=1S/C15H29N5O/c16-13-11-3-1-2-4-12(11)19-15(20-13)18-10-7-5-9(6-8-10)14(17)21/h9-13,15,18-20H,1-8,16H2,(H2,17,21)	4-[(4-Amino-1,2,3,4,4a,5,6,7,8,8a-decahydroquinazolin-1-ium-2-yl)amino]cyclohexane-1-carboxamide	C1CCC2C(C1)C(NC(N2)NC3CCC(CC3)C(=O)N)N	0.100	163136820;163136821	COCONUT:(CNP0449583);SUPERNATURAL:(SN0145009);PUBCHEM:(163136820 163136821)	3145730	296.243	227	3.789	857317829878250810	857316075282918535	857316075278724230	3834	
1	1	0.850	0.850	-6.021		0.997	16.934	C10H22O6	[M + H]+	C10H23O6+	JLFNLZLINWHATN	InChI=1S/C10H22O6/c11-1-3-13-5-7-15-9-10-16-8-6-14-4-2-12/h11-12H,1-10H2	Pentaglycol	C(COCCOCCOCCOCCO)O	-1.700	58325915;62551	PUBCHEMANNOTATIONBIO:(null);HMDB:(HMDB0256256);PUBCHEMANNOTATIONSAFETYANDTOXIC:(null);BloodExposome:(62551);SUPERNATURAL:(SN0168435);MESH:(62551);PUBCHEM:(58325915 62551);public_spectra_2506;MACONDA:(CON00072);COCONUT:(CNP0451597);NORMAN:(NS00001002);METACYC:(CPD-20410);CHEBI:(39631);DSSTox:(DTXSID4027579);PUBMED:(null)	146120379502	239.149	228	3.795	857317847569836601	857316075446496399	857316075446496398	3713	
1	1	0.430	0.430	-83.648		0.745	34.499	C12H27NO7	[M + H]+	C12H28NO7+	RRFIUDKPRKNZFN	InChI=1S/C12H27NO7/c13-12(15)11-20-10-9-19-8-7-18-6-5-17-4-3-16-2-1-14/h12,14-15H,1-11,13H2	1-Amino-2-[2-[2-[2-[2-(2-hydroxyethoxy)ethoxy]ethoxy]ethoxy]ethoxy]ethanol	C(COCCOCCOCCOCCOCC(N)O)O	-2.700	18420294	PUBCHEM:(18420294)	2	298.186	231	3.848	857317937168558793	857316075618462871	857316075618462870	3781	
1	1	0.055	0.074	-34.078		1.000	35.432	C6H10O	[M + H]+	C6H11O+	LLCXUUIYEHIXTB	InChI=1S/C6H10O/c1-2-3-4-5-6-7/h2,4,7H,5-6H2,1H3	Hexa-3,4-dien-1-ol	CC=C=CCCO	0.500	6430898	PUBCHEMANNOTATIONSAFETYANDTOXIC:(null);PUBCHEM:(6430898)	67108866	99.080	232	3.859	857317885503122056	857316075706543259	857316075702348954	3815	
1	1	0.103	0.189	-71.742		1.000	25.972	C6H15N	[M + H]+	C6H16N+	VLSTXUUYLIALPB	InChI=1S/C6H15N/c1-4-5-7-6(2)3/h6-7H,4-5H2,1-3H3	N-Isopropylpropylamine	CCCNC(C)C	1.500	40552780;89119	NORMAN:(NS00027007);PUBCHEMANNOTATIONSAFETYANDTOXIC:(null);PUBCHEM:(40552780 89119);DSSTox:(DTXSID20176377)	137506324482	102.128	232	3.874	857317840233987461	857316075798817951	857316075794623646	3854	
1	1	0.207	0.207	-85.082		1.000	36.612	C12H23NO	[M + H]+	C12H24NO+	IVKJTDJLKSPBMQ	InChI=1S/C12H23NO/c1-14-12-9-5-4-8-11(12)13-10-6-2-3-7-10/h10-13H,2-9H2,1H3	N-cyclopentyl-2-methoxycyclohexanamine	COC1CCCCC1NC2CCCC2	2.300	4743397;7405004;7405006;7405007;7405008;793137;793138;793140;793142;2853178	PUBCHEM:(4743397 7405004 7405006 7405007 7405008 793137 793138 793140 793142 2853178);PUBMED:(null)	66	198.185	234	3.895	857317906222983869	857316075874315427	857316075870121122	3843	
1	1	0.013	0.107	-292.870		0.803	14.516	C15H29N5O5	[M + H]+	C15H30N5O5+	BDQFEIKLLMLWTD	InChI=1S/C15H29N5O5/c16-20-11-17-7-4-2-1-3-5-13(22)19-10-12(21)9-14(23)18-8-6-15(24)25/h11-12,21H,1-10,16H2,(H,17,20)(H,18,23)(H,19,22)(H,24,25)	3-[[4-[7-(Hydrazinylmethylideneamino)heptanoylamino]-3-hydroxybutanoyl]amino]propanoic acid	C(CCCN=CNN)CCC(=O)NCC(CC(=O)NCCC(=O)O)O	-4.400	183801	MESH:(183801);PUBCHEM:(183801);DSSTox:(DTXSID10930905);PUBMED	137438953542	360.223	237	3.952	857317868075788897	857316076025310379	857316076025310378	3831	
1	1	0.793	0.834	-25.786		0.981	62.759	C8H8N2	[M + H]+	C8H9N2+	RWXZXCZBMQPOBF	InChI=1S/C8H8N2/c1-6-2-3-7-8(4-6)10-5-9-7/h2-5H,1H3,(H,9,10)	5-Methylbenzimidazole	CC1=CC2=C(C=C1)N=CN2	1.786	144395763;136722335;58064884;136115328;11979;57636739	PUBCHEMANNOTATIONBIO:(null);NORMAN:(NS00034706);PUBCHEMANNOTATIONSAFETYANDTOXIC:(null);METACYC:(A-DGLC-HEX-1:4_6:A CPD-18320);CHEBI:(40205);MESH:(11979);PUBCHEM:(144395763 136722335 58064884 136115328 11979 57636739);DSSTox:(DTXSID1060639);PUBCHEMANNOTATIONDRUG:(null);PUBMED:(null)	137556658278	133.076	238	3.974	857317840087186816	857316076109196463	857316076109196462	3929	
1	1	0.010	0.010	-100.038		1.000	79.209	C6H15N3O3	[M + Na]+	C6H15N3NaO3+	AUPFHMBEGQSICC	InChI=1S/C6H15N3O3/c7-6(8-1-2-10)9-3-5(12)4-11/h5,10-12H,1-4H2,(H3,7,8,9)	2-(2,3-Dihydroxypropyl)-1-(2-hydroxyethyl)guanidine	C(CO)NC(=NCC(CO)O)N	-2.900	153764131	PUBCHEM:(153764131)	2	200.100	240	4.007	857317891068963478	857316076377631931	857316076377631930	3954	
1	1	0.022	0.075	-314.234		0.838	17.578	C15H29N5O5	[M + H]+	C15H30N5O5+	BDQFEIKLLMLWTD	InChI=1S/C15H29N5O5/c16-20-11-17-7-4-2-1-3-5-13(22)19-10-12(21)9-14(23)18-8-6-15(24)25/h11-12,21H,1-10,16H2,(H,17,20)(H,18,23)(H,19,22)(H,24,25)	3-[[4-[7-(Hydrazinylmethylideneamino)heptanoylamino]-3-hydroxybutanoyl]amino]propanoic acid	C(CCCN=CNN)CCC(=O)NCC(CC(=O)NCCC(=O)O)O	-4.400	183801	MESH:(183801);PUBCHEM:(183801);DSSTox:(DTXSID10930905);PUBMED	137438953542	360.223	241	4.021	857317868033845847	857316076276968631	857316076276968630	4007	
1	1	0.090	0.090	-102.208		1.000	44.847	C12H23NO	[M + H]+	C12H24NO+	YYYHSEVCXWRRSL	InChI=1S/C12H22NO/c14-13(11-7-3-1-4-8-11)12-9-5-2-6-10-12/h11-12H,1-10H2/q-1	N-cyclohexyl-N-oxidocyclohexanamine	C1CCC(CC1)N(C2CCCCC2)[O-]	3.709	13804084	PUBCHEM:(13804084)	2	198.185	241	4.024	857317897431722657	857316076201471155	857316076197276850	3963	
1	1	0.116	0.135	-86.490		1.000	59.984	C9H18N2	[M + H]+	C9H19N2+	PVMCQBPJKPMOKM	InChI=1S/C9H18N2/c1-2-4-9(3-1)11-7-5-10-6-8-11/h9-10H,1-8H2	1-Cyclopentylpiperazine-1,4-diium	C1CCC(C1)N2CCNCC2	0.900	6945617;28109085;806421	PUBCHEMANNOTATIONSAFETYANDTOXIC:(null);PUBCHEM:(6945617 28109085 806421);DSSTox:(DTXSID80355565)	137506062338	155.154	252	4.202	857317866138020436	857316076469906623	857316076469906622	4141	
1	1	0.364	0.364	-53.505		1.000	89.869	C12H23NO	[M + H]+	C12H24NO+	HDNIYIUPUURNFI	InChI=1S/C12H23NO/c14-12-8-6-11(7-9-12)13-10-4-2-1-3-5-10/h10-14H,1-9H2	Cyclohexyl-cis-(4-hydroxycyclohexyl)amine	C1CCC(CC1)NC2CCC(CC2)O	2.300	43178560	PUBCHEM:(43178560)	2	198.185	255	4.254	857317866666502741	857316076557987011	857316076557987010	4179	
1	3	0.159	0.159	-121.266		0.098	17.939	C13H31N5O3	[M + Na]+	C13H31N5NaO3+	ZOKFGOPSEJTEOP	InChI=1S/C13H31N5O3/c1-2-3-14-4-5-15-6-7-17-12-21-11-10-16-8-9-18-13(19)20/h14-18H,2-12H2,1H3,(H,19,20)	N-[2-[2-[[2-[2-(propylamino)ethylamino]ethylamino]methoxy]ethylamino]ethyl]carbamate	CCCNCCNCCNCOCCNCCNC(=O)O	-3.500	153677355;153677356	PUBCHEM:(153677355 153677356)	2	328.233	256	4.274	857317881178794606	857316076654456007	857316076650261702	4178	
1	1	0.845	0.863	-11.276		0.973	24.138	C12H26O7	[M + H]+	C12H27O7+	IIRDTKBZINWQAW	InChI=1S/C12H26O7/c13-1-3-15-5-7-17-9-11-19-12-10-18-8-6-16-4-2-14/h13-14H,1-12H2	Hexagol	C(COCCOCCOCCOCCOCCO)O	-1.900	17472	PUBCHEMANNOTATIONBIO:(null);HMDB:(HMDB0061822);PUBCHEMANNOTATIONSAFETYANDTOXIC:(null);BloodExposome:(17472);SUPERNATURAL:(SN0146681);MESH:(17472);PUBCHEM:(17472);public_spectra_2506;GNPS:(CCMSLIB00003134614);MACONDA:(CON00073);COCONUT:(CNP0147909);NORMAN:(NS00001003);CHEBI:(49793);DSSTox:(DTXSID2058629);PUBCHEMANNOTATIONDRUG:(null);PUBCHEMANNOTATIONFOOD:(null);PUBMED:(null)	146288153710	283.175	258	4.303	857317902397778595	857316076826422479	857316076826422478	4220	
1	8	0.372	0.372	-93.902		0.008	18.809	C16H11NO3	[M + Na]+	C16H11NNaO3+	UBUSXQIKQQFMGP	InChI=1S/C16H11NO3/c1-10(18)11-6-7-14(17-8-11)13-9-20-15-5-3-2-4-12(15)16(13)19/h2-9H,1H3	3-(5-acetylpyridin-2-yl)-4H-chromen-4-one	CC(=O)C1=CN=C(C=C1)C2=COC3=CC=CC=C3C2=O	1.800	39754253	PUBCHEM:(39754253)	2	288.065	259	4.309	857317885708642963	857316076746730699	857316076746730698	4203	
1	1	0.307	0.548	-40.844		1.000	23.358	C8H19N	[M + H]+	C8H20N+	JQVDAXLFBXTEQA	InChI=1S/C8H19N/c1-3-5-7-9-8-6-4-2/h9H,3-8H2,1-2H3	dibutylamine	CCCCNCCCC	2.586	4094028;112758445;102398233;8148;72737484;90470959	PUBCHEMANNOTATIONBIO:(null);COCONUT:(CNP0203128);NORMAN:(NS00004620 NS00080627 NS00085235 NS00102571);HMDB:(HMDB0251174);PUBCHEMANNOTATIONSAFETYANDTOXIC:(null);BloodExposome:(3083954 8148);SUPERNATURAL:(SN0172768);HSDB:(111-92-2);MESH:(8148);PUBCHEM:(4094028 112758445 102398233 8148 72737484 90470959);DSSTox:(DTXSID20908933 DTXSID30212033 DTXSID7024952);PUBCHEMANNOTATIONDRUG:(null);PUBMED:(null)	137563996750	130.159	260	4.337	857317865928305235	857316076922891475	857316076922891474	4259	
1	2	0.067	0.067	-396.606		0.409	13.874	C17H35N5O6	[M - H2O + H]+	C17H34N5O5+	BIDUPMYXGFNAEJ	InChI=1S/C17H35N5O6/c1-7(19)9-5-4-8(20)17(27-9)28-15-11(21)13(24)16(26-3)12(14(15)25)22(2)10(23)6-18/h7-9,11-17,24-25H,4-6,18-21H2,1-3H3	Fortimicin	CC(C1CCC(C(O1)OC2C(C(C(C(C2O)N(C)C(=O)CN)OC)O)N)N)N	-4.400	9938646;75358112;53315424;5284517;162899434;162899433;10386573;12902779;12902783;12902785;123132486;2248;65345;44342541	PUBCHEMANNOTATIONBIO:(null);HMDB:(HMDB0248678);PUBCHEMANNOTATIONSAFETYANDTOXIC:(null);BloodExposome:(5284517);SUPERNATURAL:(SN0026202);MESH:(5284517);PUBCHEM:(9938646 75358112 53315424 5284517 162899434 162899433 10386573 12902779 12902783 12902785 123132486 2248 65345 44342541);COCONUT:(CNP0167261);NORMAN:(NS00011544);CHEBI:(37923);KEGG:(C17708);DSSTox:(DTXSID2022624);LOTUS:(Q104936401 Q4811598);PUBMED:(null);KNAPSACK:(BIDUPMYXGFNAEJ-UHFFFAOYSA-N)	137798877566	388.254	261	4.347	857317885364710010	857316077027749079	857316077027749078	4274	
1	1	0.790	0.790	-40.373		0.712	31.331	C12H24O8	[M + H]+	C12H25O8+	SXGGZTBEWZFLBZ	InChI=1S/C12H24O8/c13-1-2-16-3-4-17-5-6-18-7-8-19-9-10-20-11-12(14)15/h13H,1-11H2,(H,14,15)	2-[2-[2-[2-[2-(2-Hydroxyethoxy)ethoxy]ethoxy]ethoxy]ethoxy]acetate	C(COCCOCCOCCOCCOCC(=O)O)O	-1.600	154073555;12518745	PUBCHEMANNOTATIONBIO:(null);PUBCHEM:(154073555 12518745)	16777218	297.154	263	4.380	857317914687089343	857316077115829467	857316077115829466	4310	
1	1	0.357	0.357	-226.099		0.875	30.978	C14H31NO8	[M + H]+	C14H32NO8+	JWRVNBUIHXRZMZ	InChI=1S/C14H31NO8/c16-4-1-15(2-5-17)3-6-21-11-14(20)12-23-8-7-22-10-13(19)9-18/h13-14,16-20H,1-12H2	3-(2-Hydroxyethyl)-6,10,13-trioxa-3-azahexadecane-1,8,15,16-tetrol	C(CO)N(CCO)CCOCC(COCCOCC(CO)O)O	-3.500	44153789	NORMAN:(NS00063968);PUBCHEM:(44153789);DSSTox:(DTXSID80916352)	137439215618	342.212	263	4.386	857317906122320557	857316077203909855	857316077203909854	4309	
1	1	0.549	0.549	-49.858		1.000	61.090	C12H23NO	[M + H]+	C12H24NO+	HDNIYIUPUURNFI	InChI=1S/C12H23NO/c14-12-8-6-11(7-9-12)13-10-4-2-1-3-5-10/h10-14H,1-9H2	Cyclohexyl-cis-(4-hydroxycyclohexyl)amine	C1CCC(CC1)NC2CCC(CC2)O	2.300	43178560	PUBCHEM:(43178560)	2	198.185	265	4.411	857317881640168055	857316077300378851	857316077300378850	4351	
1	3	0.439	0.439	-108.955		0.049	9.888	C9H18N6O	[M + Na]+	C9H18N6NaO+	CSWCQLYEPDZGQQ	InChI=1S/C9H18N6O/c1-13(2)7-10-8(14(3)4)12-9(11-7)16-15(5)6/h1-6H3	1,3,5-Triazine-2,4-diamine, 6-((dimethylamino)oxy)-N,N,N',N'-tetramethyl-	CN(C)C1=NC(=NC(=N1)ON(C)C)N(C)C	1.400	11971486	PUBCHEMANNOTATIONSAFETYANDTOXIC:(null);PUBCHEM:(11971486);DSSTox:(DTXSID00145647)	137506062338	249.144	265	4.419	857318273597877035	857316077388459239	857316077388459238	4363	
1	1	0.318	0.566	-39.193		1.000	21.189	C8H19N	[M + H]+	C8H20N+	JQVDAXLFBXTEQA	InChI=1S/C8H19N/c1-3-5-7-9-8-6-4-2/h9H,3-8H2,1-2H3	dibutylamine	CCCCNCCCC	2.586	4094028;112758445;102398233;8148;72737484;90470959	PUBCHEMANNOTATIONBIO:(null);COCONUT:(CNP0203128);NORMAN:(NS00004620 NS00080627 NS00085235 NS00102571);HMDB:(HMDB0251174);PUBCHEMANNOTATIONSAFETYANDTOXIC:(null);BloodExposome:(3083954 8148);SUPERNATURAL:(SN0172768);HSDB:(111-92-2);MESH:(8148);PUBCHEM:(4094028 112758445 102398233 8148 72737484 90470959);DSSTox:(DTXSID20908933 DTXSID30212033 DTXSID7024952);PUBCHEMANNOTATIONDRUG:(null);PUBMED:(null)	137563996750	130.159	266	4.426	857318272511552296	857316077472345323	857316077472345322	4376	
1	3	0.060	0.060	-196.433		0.023	19.222	C20H35N3O4	[M + Na]+	C20H35N3NaO4+	VHDRWGBAEKLPMC	InChI=1S/C20H35N3O4/c1-16(2)11-22(13-18(4)25)9-7-21(12-17(3)24)8-10-23(14-19(5)26)15-20(6)27/h1,7-15H2,2-6H3	1-[2-[Bis(2-oxopropyl)amino]ethyl-[2-[2-methylprop-2-enyl(2-oxopropyl)amino]ethyl]amino]propan-2-one	CC(=C)CN(CCN(CCN(CC(=O)C)CC(=O)C)CC(=O)C)CC(=O)C	0.600	58232754	PUBCHEM:(58232754)	2	404.249	275	4.578	857318283374801036	857316077556231407	857316077552037102	4485	
1	1	0.351	0.395	-135.440		0.998	49.093	C12H17NO2	[M + H]+	C12H18NO2+	JPWJQNMYXIHCRT	InChI=1S/C12H17NO2/c1-8(2)13-11-6-4-10(5-7-11)9(3)12(14)15/h4-9,13H,1-3H3,(H,14,15)	2-(4-(Isopropylamino)phenyl)propionic acid	CC(C)NC1=CC=C(C=C1)C(C)C(=O)O	2.700	217825	PUBCHEMANNOTATIONSAFETYANDTOXIC:(null);PUBCHEM:(217825);DSSTox:(DTXSID70960309)	137506062338	208.133	276	4.606	857318281957126203	857316077640117491	857316077640117490	4549	
1	1	0.071	0.071	-139.768		1.000	64.657	C5H10F2N2	[M + H]+	C5H11F2N2+	ITVFCJREXKUDDU	InChI=1S/C5H10F2N2/c6-5(7)1-3-9(8)4-2-5/h1-4,8H2	4,4-Difluoropiperidin-1-amine	C1CN(CCC1(F)F)N	0.700	53404070;87608598	PUBCHEMANNOTATIONSAFETYANDTOXIC:(null);PUBCHEM:(53404070 87608598);DSSTox:(DTXSID20695316)	137506062338	137.090	288	4.795	857318295529894575	857316078046964999	857316078046964998	4752	
1	1	-Infinity	-Infinity	-223.765		1.000	43.649	C8H13ClF2N2O	[M + H]+	C8H14ClF2N2O+	UUKXVXNTQKIMRJ	InChI=1S/C8H13ClF2N2O/c1-8(10,11)6-12-2-4-13(5-3-12)7(9)14/h2-6H2,1H3	4-(2,2-Difluoropropyl)piperazine-1-carbonyl chloride	CC(CN1CCN(CC1)C(=O)Cl)(F)F	1.600	165498724	PUBCHEM:(165498724)	2	227.074	292	4.866	857318316153288277	857316078210542863	857316078210542862	4838	
1	2	0.035	0.035	-109.969		0.019	65.798	C8H18O5	[M + H]+	C8H19O5+	UWHCKJMYHZGTIT	InChI=1S/C8H18O5/c9-1-3-11-5-7-13-8-6-12-4-2-10/h9-10H,1-8H2	Tetraglycol	C(COCCOCCOCCO)O	-1.600	162642367;100996607;140933500;158246420;8200;24806090	PUBCHEMANNOTATIONBIO:(null);HMDB:(HMDB0094708);PUBCHEMANNOTATIONSAFETYANDTOXIC:(null);BloodExposome:(8200);SUPERNATURAL:(SN0381825);HSDB:(112-60-7);MESH:(8200);PUBCHEM:(162642367 100996607 140933500 158246420 8200 24806090);public_spectra_2506;GNPS:(CCMSLIB00003139724);MACONDA:(CON00071);COCONUT:(CNP0180147);NORMAN:(NS00009833);METACYC:(CPD-23030);CHEBI:(44920);DSSTox:(DTXSID9026922);PUBCHEMANNOTATIONFOOD:(null);PUBMED:(null)	146254601838	195.123	292	4.866	857318311157872039	857316078386703639	857316078386703638	4843	
1	1	0.476	0.672	-18.040		0.947	22.659	C11H24O6	[M + H]+	C11H25O6+	SMBXIGKPAGOPPF	InChI=1S/C11H24O6/c1-12-3-5-14-7-9-16-11-17-10-8-15-6-4-13-2/h3-11H2,1-2H3	2,5,8,10,13,16-Hexaoxaheptadecane	COCCOCCOCOCCOCCOC	-0.150	79404	NORMAN:(NS00044206);PUBCHEM:(79404);DSSTox:(DTXSID7063843)	137439215618	253.165	292	4.873	857318333064725929	857316078491561247	857316078487366942	4852	
1	1	0.113	0.113	-147.208		0.998	19.267	C13H25N5O3	[M + H]+	C13H26N5O3+	ROZWDZFLCNKCKX	InChI=1S/C13H25N5O3/c1-19-7-4-15-12-11(14)13(17-10-16-12)18(5-8-20-2)6-9-21-3/h10H,4-9,14H2,1-3H3,(H,15,16,17)	4-N,4-N,6-N-tris(2-methoxyethyl)pyrimidine-4,5,6-triamine	COCCNC1=C(C(=NC=N1)N(CCOC)CCOC)N	-0.100	19141639	PUBCHEM:(19141639)	2	300.202	293	4.885	857318334562092467	857316078541892899	857316078541892898	4878	
1	1	0.031	0.031	-52.398		0.499	9.311	C7H10O4	[M + H]+	C7H11O4+	BAKOKAVZDCFZIH	InChI=1S/C7H10O4/c1-6(8)10-4-3-5-11-7(2)9/h3-4H,5H2,1-2H3	3-Acetyloxyprop-2-enyl acetate	CC(=O)OCC=COC(=O)C	0.200	5354655;6371397;74756	PUBCHEMANNOTATIONSAFETYANDTOXIC:(null);PUBCHEM:(5354655 6371397 74756);DSSTox:(DTXSID901031255)	137506062338	159.065	294	4.899	857318329541508230	857316078596418855	857316078596418854	4904	
1	1	0.443	0.443	-60.143		0.985	57.640	C8H16O6	[M + H]+	C8H17O6+	JZGSGLXIHQVWFJ	InChI=1S/C8H16O6/c1-2-4(10)6(12)8(14)7(13)5(11)3-9/h2,4-14H,1,3H2	(2R,3S,4R,5S,6S)-oct-7-ene-1,2,3,4,5,6-hexol	C=CC(C(C(C(C(CO)O)O)O)O)O	-2.900	154708329;154708624;118690068;88243259;11513984;11513985;11550228;11658529	PUBCHEM:(154708329 154708624 118690068 88243259 11513984 11513985 11550228 11658529)	2	209.102	294	4.903	857318410323806590	857316078650944811	857316078646750506	4905	
1	1	0.018	0.018	-346.144		0.497	28.158	C13H25N5O4	[M + H]+	C13H26N5O4+	ZXLOXFMPVIZJFC	InChI=1S/C13H25N5O4/c1-6(14)10(19)16-8(3)12(21)18-9(4)13(22)17-7(2)11(20)15-5/h6-9H,14H2,1-5H3,(H,15,20)(H,16,19)(H,17,22)(H,18,21)	H-Ala-Ala-Ala-Ala-NHMe	CC(C(=O)NC(C)C(=O)NC(C)C(=O)NC(C)C(=O)NC)N	-1.700	124220272;59335292	PUBCHEMANNOTATIONBIO:(null);PUBCHEM:(124220272 59335292)	16777218	316.197	297	4.945	857318415583465998	857316078701276463	857316078701276462	4961	
1	1	0.857	0.857	-5.232		0.999	20.711	C10H22O6	[M + H]+	C10H23O6+	JLFNLZLINWHATN	InChI=1S/C10H22O6/c11-1-3-13-5-7-15-9-10-16-8-6-14-4-2-12/h11-12H,1-10H2	Pentaglycol	C(COCCOCCOCCOCCO)O	-1.700	58325915;62551	PUBCHEMANNOTATIONBIO:(null);HMDB:(HMDB0256256);PUBCHEMANNOTATIONSAFETYANDTOXIC:(null);BloodExposome:(62551);SUPERNATURAL:(SN0168435);MESH:(62551);PUBCHEM:(58325915 62551);public_spectra_2506;MACONDA:(CON00072);COCONUT:(CNP0451597);NORMAN:(NS00001002);METACYC:(CPD-20410);CHEBI:(39631);DSSTox:(DTXSID4027579);PUBMED:(null)	146120379502	239.149	300	4.992	857318408016939178	857316078751608115	857316078751608114	5093	
1	2	0.017	0.017	-481.159		0.219	24.625	C13H25N5O2	[M + H]+	C13H26N5O2+	RSSFQYFOHBQLRO	InChI=1S/C13H25N5O2/c1-17(2)7-10-8-18(16-15-10)6-5-11-3-4-12(14)13(9-19)20-11/h8,11-13,19H,3-7,9,14H2,1-2H3	[(2S,3S,6S)-3-amino-6-[2-[4-[(dimethylamino)methyl]-1-triazolyl]ethyl]-2-oxanyl]methanol	CN(C)CC1=CN(N=N1)CCC2CCC(C(O2)CO)N	-0.700	54639427;54639428;54639429;54639430;54639431	CHEBI:(118120 118131 118037 118150 117917);PUBCHEM:(54639427 54639428 54639429 54639430 54639431)	34	284.207	300	4.998	857318410822928777	857316078806134071	857316078806134070	5065	
1	2	0.937	0.937	-46.433		0.137	11.865	C10H22O6	[M + H3N + H]+	C10H26NO6+	JLFNLZLINWHATN	InChI=1S/C10H22O6/c11-1-3-13-5-7-15-9-10-16-8-6-14-4-2-12/h11-12H,1-10H2	Pentaglycol	C(COCCOCCOCCOCCO)O	-1.700	58325915;62551	PUBCHEMANNOTATIONBIO:(null);HMDB:(HMDB0256256);PUBCHEMANNOTATIONSAFETYANDTOXIC:(null);BloodExposome:(62551);SUPERNATURAL:(SN0168435);MESH:(62551);PUBCHEM:(58325915 62551);public_spectra_2506;MACONDA:(CON00072);COCONUT:(CNP0451597);NORMAN:(NS00001002);METACYC:(CPD-20410);CHEBI:(39631);DSSTox:(DTXSID4027579);PUBMED:(null)	146120379502	256.176	301	5.009	857318408780302515	857316078856465723	857316078852271418	5096	
1	1	0.021	0.021	-204.242		0.969	38.641	C6H12N4O4	[M + Na]+	C6H12N4NaO4+	LRBJUCSMJGKICJ	InChI=1S/C6H12N4O4/c7-13-1-3-5(11)10-4(2-14-8)6(12)9-3/h3-4H,1-2,7-8H2,(H,9,12)(H,10,11)	3,6-bis[(aminooxy)methyl]-3,6-dihydropyrazine-2,5-diol	C(C1C(=O)NC(C(=O)N1)CON)ON	-3.000	6994668;6994669;6994670;84037	COCONUT:(CNP0392721);BloodExposome:(6994668);SUPERNATURAL:(SN0213067);MESH:(84037);PUBCHEM:(6994668 6994669 6994670 84037);DSSTox:(DTXSID60923387);PUBMED:(null)	137446293574	227.074	301	5.011	857318425653990671	857316078923574591	857316078919380286	5051	
1	1	0.088	0.088	-167.277		0.985	20.542	C15H29N5O4	[M + H]+	C15H30N5O4+	HVAHINRCUPOPHW	InChI=1S/C15H29N5O4/c1-15(2,3)17-14(21)13-12-20(19-18-13)5-7-23-9-11-24-10-8-22-6-4-16/h12H,4-11,16H2,1-3H3,(H,17,21)	1-[2-[2-[2-(2-aminoethoxy)ethoxy]ethoxy]ethyl]-N-tert-butyltriazole-4-carboxamide	CC(C)(C)NC(=O)C1=CN(N=N1)CCOCCOCCOCCN	-1.200	58408710	PUBCHEM:(58408710)	2	344.228	301	5.012	857318415558300163	857316078978100547	857316078978100546	5155	
1	1	0.130	0.391	-100.494		0.967	40.784	C10H20O7	[M + H]+	C10H21O7+	CODZLYGVVBYUJD	InChI=1S/C10H20O7/c1-3-15-5(2)16-10-9(14)8(13)7(12)6(4-11)17-10/h5-14H,3-4H2,1-2H3	2-(1-Ethoxyethoxy)-6-(hydroxymethyl)oxane-3,4,5-triol	CCOC(C)OC1C(C(C(C(O1)CO)O)O)O	-1.300	50988013;21126431;13886608;195887	MESH:(195887);PUBCHEM:(50988013 21126431 13886608 195887);DSSTox:(DTXSID50997370);PUBMED:(null)	137438953542	253.128	301	5.021	857318434717881650	857316079032626503	857316079032626502	5069	
1	1	0.744	0.744	-49.091		1.000	98.189	C12H23NO	[M + H]+	C12H24NO+	HDNIYIUPUURNFI	InChI=1S/C12H23NO/c14-12-8-6-11(7-9-12)13-10-4-2-1-3-5-10/h10-14H,1-9H2	Cyclohexyl-cis-(4-hydroxycyclohexyl)amine	C1CCC(CC1)NC2CCC(CC2)O	2.300	43178560	PUBCHEM:(43178560)	2	198.185	302	5.026	857318429693105455	857316079087152459	857316079087152458	5003	
1	2	0.481	0.642	-26.029		0.332	45.741	C8H6O4	[M - H2O + H]+	C8H5O3+	XNGIFLGASWRNHJ	InChI=1S/C8H6O4/c9-7(10)5-3-1-2-4-6(5)8(11)12/h1-4H,(H,9,10)(H,11,12)	phthalate	C1=CC=C(C(=C1)C(=O)O)C(=O)O	0.794	102602051;67674448;161758025;161758026;155891950;87368857;87368858;16212019;16213470;129656035;4645224;66995640;10419661;19108268;164099464;153897023;18183610;54478425;54478426;131853778;139040938;10678810;1017;181977;18655973;71309871	PUBCHEMANNOTATIONBIO:(null);HMDB:(HMDB0002107);MiMeDB:(MMDBc0054638);PUBCHEMANNOTATIONSAFETYANDTOXIC:(null);BloodExposome:(4645224 85215 1017 181977 23676735 78125 23668795);SUPERNATURAL:(SN0434861 SN0434862 SN0434863);HSDB:(88-99-3);MESH:(1017 181977);FooDB:(FDB010566);PUBCHEM:(102602051 67674448 161758025 161758026 155891950 87368857 87368858 16212019 16213470 129656035 4645224 66995640 10419661 19108268 164099464 153897023 18183610 54478425 54478426 131853778 139040938 10678810 1017 181977 18655973 71309871);public_spectra_2506;MACONDA:(CON00080);COCONUT:(CNP0324589);NORMAN:(NS00081016 NS00084511 NS00087384 NS00078185 NS00082195 NS00080644 NS00083215 NS00008610 NS00080044);METACYC:(PHTHALATE);CHEBI:(17563 29069 30800);KEGG:(C01606);DSSTox:(DTXSID0042167 DTXSID10166707 DTXSID10185812 DTXSID10583975 DTXSID20889435 DTXSID30583538 DTXSID40966671 DTXSID60174413 DTXSID60889651 DTXSID8021484 DTXSID8061185 DTXSID80973506 DTXSID90952241);LOTUS:(Q423876);PUBCHEMANNOTATIONDRUG:(null);PUBCHEMANNOTATIONFOOD:(null);PUBMED:(null)	148167200622	149.023	302	5.034	857318435439301949	857316079145872719	857316079141678414	5079	
1	1	0.209	0.209	-76.218		0.533	34.741	C12H27NO7	[M + H]+	C12H28NO7+	WFLPERDOLCINPK	InChI=1S/C12H27NO7/c13-20-12-11-19-10-9-18-8-7-17-6-5-16-4-3-15-2-1-14/h14H,1-13H2	2-[2-[2-[2-[2-(2-Aminooxyethoxy)ethoxy]ethoxy]ethoxy]ethoxy]ethanol	C(COCCOCCOCCOCCOCCON)O	-2.100	88920078	PUBCHEM:(88920078)	2	298.186	303	5.043	857318442888385876	857316079250730327	857316079250730326	5153	
1	1	0.083	0.083	-98.637		1.000	205.367	C9H12O3	[M + H]+	C9H13O3+	KWLBCWQUIUVLCR	InChI=1S/C9H12O3/c1-2-12-9(11)8-6-3-5(10)4-7(6)8/h6-8H,2-4H2,1H3	ethyl (1S,5S)-3-oxobicyclo[3.1.0]hexane-6-carboxylate	CCOC(=O)C1C2C1CC(=O)C2	0.200	67247904;58456298;145625456;98128310;98128311;164879418	PUBCHEMANNOTATIONSAFETYANDTOXIC:(null);PUBCHEM:(67247904 58456298 145625456 98128310 98128311 164879418)	67108866	169.086	303	5.051	857318461276214780	857316079305256283	857316079301061978	5117	
1	1	0.158	0.158	-75.388		0.414	5.813	C11H25NO6	[M + H]+	C11H26NO6+	ZWNIKCXUHBIGPY	InChI=1S/C11H25NO6/c12-1-2-15-3-4-16-5-6-17-7-8-18-10-11(14)9-13/h11,13-14H,1-10,12H2	3-[2-[2-[2-(2-Aminoethoxy)ethoxy]ethoxy]ethoxy]propane-1,2-diol	C(COCCOCCOCCOCC(CO)O)N	-2.600	134581998	PUBCHEM:(134581998)	2	268.176	306	5.102	857318451214079455	857316079355587935	857316079351393630	5255	
1	1	0.023	0.023	-257.190		0.989	40.430	C15H29N5O5	[M + H]+	C15H30N5O5+	PPPSSDIAQMOYEZ	InChI=1S/C15H29N5O5/c1-2-8-23-9-3-14(21)17-5-11-24-10-4-15(22)18-6-12-25-13-7-19-20-16/h2-13H2,1H3,(H,17,21)(H,18,22)	N-[2-[3-[2-(2-azidoethoxy)ethylamino]-3-oxopropoxy]ethyl]-3-propoxypropanamide	CCCOCCC(=O)NCCOCCC(=O)NCCOCCN=[N+]=[N-]	0.100	163934147	PUBCHEM:(163934147)	2	360.223	307	5.112	857318456284993010	857316079397530979	857316079397530978	5257	
1	1	0.040	0.043	-152.387		0.729	67.095	C6H10N2O2	[M + K]+	C6H10KN2O2+	CUNNCKOPAWXYDX	InChI=1S/C6H10N2O2/c9-7-5-3-1-2-4-6(5)8-10/h9-10H,1-4H2	1-N,2-N-dioxidocyclohexane-1,2-diimine	C1CCC(=NO)C(=NO)C1	0.500	135408741;135486147;135492011;137287979;136028503;135535873;135625220;5748469;119162	NORMAN:(NS00043488);PUBCHEMANNOTATIONSAFETYANDTOXIC:(null);PUBCHEM:(135408741 135486147 135492011 137287979 136028503 135535873 135625220 5748469 119162);DSSTox:(DTXSID301275718 DTXSID3060085)	137506324482	181.036	308	5.129	857318470126196230	857316079443668327	857316079443668326	5250	
1	2	0.062	0.062	-174.537		0.144	42.282	C13H31N5O3	[M + Na]+	C13H31N5NaO3+	ZOKFGOPSEJTEOP	InChI=1S/C13H31N5O3/c1-2-3-14-4-5-15-6-7-17-12-21-11-10-16-8-9-18-13(19)20/h14-18H,2-12H2,1H3,(H,19,20)	N-[2-[2-[[2-[2-(propylamino)ethylamino]ethylamino]methoxy]ethylamino]ethyl]carbamate	CCCNCCNCCNCOCCNCCNC(=O)O	-3.500	153677355;153677356	PUBCHEM:(153677355 153677356)	2	328.233	310	5.169	857318549822169696	857316079493999979	857316079489805674	5384	
1	1	0.619	0.653	-20.599		0.966	31.493	C12H26O7	[M + H]+	C12H27O7+	IIRDTKBZINWQAW	InChI=1S/C12H26O7/c13-1-3-15-5-7-17-9-11-19-12-10-18-8-6-16-4-2-14/h13-14H,1-12H2	Hexagol	C(COCCOCCOCCOCCOCCO)O	-1.900	17472	PUBCHEMANNOTATIONBIO:(null);HMDB:(HMDB0061822);PUBCHEMANNOTATIONSAFETYANDTOXIC:(null);BloodExposome:(17472);SUPERNATURAL:(SN0146681);MESH:(17472);PUBCHEM:(17472);public_spectra_2506;GNPS:(CCMSLIB00003134614);MACONDA:(CON00073);COCONUT:(CNP0147909);NORMAN:(NS00001003);CHEBI:(49793);DSSTox:(DTXSID2058629);PUBCHEMANNOTATIONDRUG:(null);PUBCHEMANNOTATIONFOOD:(null);PUBMED:(null)	146288153710	283.175	311	5.178	857318520789197387	857316079544331631	857316079544331630	5380	
1	2	0.843	0.861	-10.756		0.113	21.605	C12H26O7	[M + H3N + H]+	C12H30NO7+	IIRDTKBZINWQAW	InChI=1S/C12H26O7/c13-1-3-15-5-7-17-9-11-19-12-10-18-8-6-16-4-2-14/h13-14H,1-12H2	Hexagol	C(COCCOCCOCCOCCOCCO)O	-1.900	17472	PUBCHEMANNOTATIONBIO:(null);HMDB:(HMDB0061822);PUBCHEMANNOTATIONSAFETYANDTOXIC:(null);BloodExposome:(17472);SUPERNATURAL:(SN0146681);MESH:(17472);PUBCHEM:(17472);public_spectra_2506;GNPS:(CCMSLIB00003134614);MACONDA:(CON00073);COCONUT:(CNP0147909);NORMAN:(NS00001003);CHEBI:(49793);DSSTox:(DTXSID2058629);PUBCHEMANNOTATIONDRUG:(null);PUBCHEMANNOTATIONFOOD:(null);PUBMED:(null)	146288153710	300.202	312	5.194	857318533418246742	857316079590468979	857316079586274674	5382	
1	2	0.089	0.089	-95.189		0.044	43.672	C7H14ClF	[M + H]+	C7H15ClF+	BONTZXVQFVZSLD	InChI=1S/C7H14ClF/c8-6-4-2-1-3-5-7-9/h1-7H2	Heptane, 1-chloro-7-fluoro-	C(CCCF)CCCCl	3.100	120209	PUBCHEMANNOTATIONSAFETYANDTOXIC;PUBCHEM:(120209);DSSTox:(DTXSID50187032)	137506062338	153.085	312	5.208	857318604578808654	857316079691132283	857316079691132282	5399	
1	1	0.123	0.123	-52.897		1.000	19.618	C7H12O	[M + H]+	C7H13O+	WFKBABCLHHTSBD	InChI=1S/C7H12O/c1-3-4-5-6-7(2)8/h1-6H2/p+1	Hept-1-en-2-olate	C=C(CCCC[CH2+])O	2.700	53630862;136202255	SUPERNATURAL:(SN0408803);PUBCHEM:(53630862 136202255)	1048578	113.096	313	5.211	857318602129335026	857316079636606327	857316079636606326	5401	
1	1	0.362	0.362	-239.054		0.443	39.398	C14H31NO8	[M + H]+	C14H32NO8+	JWRVNBUIHXRZMZ	InChI=1S/C14H31NO8/c16-4-1-15(2-5-17)3-6-21-11-14(20)12-23-8-7-22-10-13(19)9-18/h13-14,16-20H,1-12H2	3-(2-Hydroxyethyl)-6,10,13-trioxa-3-azahexadecane-1,8,15,16-tetrol	C(CO)N(CCO)CCOCC(COCCOCC(CO)O)O	-3.500	44153789	NORMAN:(NS00063968);PUBCHEM:(44153789);DSSTox:(DTXSID80916352)	137439215618	342.212	314	5.240	857318607388992766	857316079741463935	857316079741463934	5441	
1	1	0.786	0.786	-39.241		0.932	43.599	C12H24O8	[M + H]+	C12H25O8+	SXGGZTBEWZFLBZ	InChI=1S/C12H24O8/c13-1-2-16-3-4-17-5-6-18-7-8-19-9-10-20-11-12(14)15/h13H,1-11H2,(H,14,15)	2-[2-[2-[2-[2-(2-Hydroxyethoxy)ethoxy]ethoxy]ethoxy]ethoxy]acetate	C(COCCOCCOCCOCCOCC(=O)O)O	-1.600	154073555;12518745	PUBCHEMANNOTATIONBIO:(null);PUBCHEM:(154073555 12518745)	16777218	297.154	315	5.245	857318603043693334	857316079787601283	857316079787601282	5473	
1	1	0.177	0.177	-86.479		1.000	87.679	C9H12O2	[M + H]+	C9H13O2+	YYWNAZJLTICGGQ	InChI=1S/C9H12O2/c1-6(2)8-4-7(3)5-9(10)11-8/h4-6H,1-3H3	2H-Pyran-2-one, 4-methyl-6-(1-methylethyl)-	CC1=CC(=O)OC(=C1)C(C)C	1.800	162589	NORMAN:(NS00012760);PUBCHEM:(162589);DSSTox:(DTXSID3068548);PUBMED:(null)	137439215682	153.091	317	5.282	857318606256530675	857316079846321543	857316079846321542	5603	
1	1	0.037	0.037	-365.633		0.852	35.425	C17H33N5O6	[M + H]+	C17H34N5O6+	LGLAHYJMPHRFKU	InChI=1S/C17H33N5O6/c18-12(16(25)26)4-6-14(23)21-10-2-1-8-20-9-3-11-22-15(24)7-5-13(19)17(27)28/h12-13,20H,1-11,18-19H2,(H,21,23)(H,22,24)(H,25,26)(H,27,28)	Bgg-spermidine	C(CCNC(=O)CCC(C(=O)O)N)CNCCCNC(=O)CCC(C(=O)O)N	-7.100	21120706;126455	MESH:(126455);PUBCHEM:(21120706 126455);PUBMED:(null)	70	404.249	318	5.296	857318609079297299	857316079900847499	857316079896653194	5565	
1	1	0.985	0.985	-20.546		0.913	35.012	C14H30O8	[M + H]+	C14H31O8+	XPJRQAIZZQMSCM	InChI=1S/C14H30O8/c15-1-3-17-5-7-19-9-11-21-13-14-22-12-10-20-8-6-18-4-2-16/h15-16H,1-14H2	Epitope ID:161055	C(COCCOCCOCCOCCOCCOCCO)O	-2.000	79718	PUBCHEMANNOTATIONBIO:(null);NORMAN:(NS00010523);HMDB:(HMDB0061835);PUBCHEMANNOTATIONSAFETYANDTOXIC:(null);BloodExposome:(79718);CHEBI:(44748);SUPERNATURAL:(SN0436440);PUBCHEM:(79718);public_spectra_2506;DSSTox:(DTXSID10204698);MACONDA:(CON00074);PUBMED:(null)	146118280298	327.201	320	5.331	857318611822372125	857316080014093715	857316080009899410	5666	
1	2	0.987	0.987	-8.332		0.087	19.268	C14H30O8	[M + H3N + H]+	C14H34NO8+	XPJRQAIZZQMSCM	InChI=1S/C14H30O8/c15-1-3-17-5-7-19-9-11-21-13-14-22-12-10-20-8-6-18-4-2-16/h15-16H,1-14H2	Epitope ID:161055	C(COCCOCCOCCOCCOCCOCCO)O	-2.000	79718	PUBCHEMANNOTATIONBIO:(null);NORMAN:(NS00010523);HMDB:(HMDB0061835);PUBCHEMANNOTATIONSAFETYANDTOXIC:(null);BloodExposome:(79718);CHEBI:(44748);SUPERNATURAL:(SN0436440);PUBCHEM:(79718);public_spectra_2506;DSSTox:(DTXSID10204698);MACONDA:(CON00074);PUBMED:(null)	146118280298	344.228	320	5.333	857318704508103911	857316080064425367	857316080060231062	5667	
1	1	0.131	0.172	-42.789		1.000	71.910	C7H10O2	[M + H]+	C7H11O2+	GYTGOLDQGRPDNF	InChI=1S/C7H10O2/c1-2-3-4-5-6-7(8)9/h3-6H,2H2,1H3,(H,8,9)	hepta-2,4-dienoic acid	CCC=CC=CC(=O)O	1.600	146567814;154117790;6433689;16733445;88335626;73437363;55298644;18329527;149162810;28369;72941806	PUBCHEMANNOTATIONBIO:(null);COCONUT:(CNP0376269);BloodExposome:(28369);SUPERNATURAL:(SN0118939);PUBCHEM:(146567814 154117790 6433689 16733445 88335626 73437363 55298644 18329527 149162810 28369 72941806)	24117250	127.075	322	5.365	857318626070422953	857316080114757019	857316080114757018	5602	
1	2	0.890	0.890	-15.357		0.097	43.525	C13H13N3	[M + H]+	C13H14N3+	OWRCNXZUPFZXOS	InChI=1S/C13H13N3/c14-13(15-11-7-3-1-4-8-11)16-12-9-5-2-6-10-12/h1-10H,(H3,14,15,16)	Vulkazit	C1=CC=C(C=C1)NC(=NC2=CC=CC=C2)N	2.400	4377576;139024083;7594	PUBCHEMANNOTATIONBIO:(null);PUBCHEMANNOTATIONSAFETYANDTOXIC:(null);BloodExposome:(7594);SUPERNATURAL:(SN0277191);HSDB:(102-06-7);MESH:(7594);PUBCHEM:(4377576 139024083 7594);public_spectra_2506;COCONUT:(CNP0461078);NORMAN:(NS00011462 NS00084550 NS00091787);CHEBI:(144319);DSSTox:(DTXSID00916733 DTXSID3025178 DTXSID401014595);PUBCHEMANNOTATIONDRUG:(null);PUBCHEMANNOTATIONFOOD:(null);PUBMED:(null)	146288149094	212.118	323	5.384	857318763895254312	857316080165088671	857316080165088670	5569	
1	2	0.073	0.073	-139.468		0.041	12.755	C13H23N5O	[M + H]+	C13H24N5O+	WOEQOAOOSZZCKV	InChI=1S/C13H23N5O/c1-10(2)13-15-12(16-19-13)9-17-3-5-18(6-4-17)11-7-14-8-11/h10-11,14H,3-9H2,1-2H3	3-[[4-(Azetidin-3-yl)piperazin-1-yl]methyl]-5-propan-2-yl-1,2,4-oxadiazole	CC(C)C1=NC(=NO1)CN2CCN(CC2)C3CNC3	0.400	66201990	PUBCHEM:(66201990)	2	266.196	325	5.420	857318762498551070	857316080215420323	857316080215420322	5792	
1	1	0.590	0.590	-141.739		0.989	23.629	C17H33N5O4	[M + H]+	C17H34N5O4+	JNXFIRVCCLBJMA	InChI=1S/C17H33N5O4/c18-4-8-23-12-14-25-10-6-20-16-2-1-3-17(22-16)21-7-11-26-15-13-24-9-5-19/h1-3H,4-15,18-19H2,(H2,20,21,22)	2,6-Bis[2-[2-(2-aminoethoxy)ethoxy]ethylamino]pyridine	C1=CC(=NC(=C1)NCCOCCOCCN)NCCOCCOCCN	-1.000	86235228	PUBCHEM:(86235228)	2	372.259	325	5.421	857318859311554270	857316080265751975	857316080265751974	5729	
1	5	0.057	0.180	-107.168		0.056	36.675	C13H26O7	[M + H3N + H]+	C13H30NO7+	HFRGASADQCZXHH	InChI=1S/C13H26O7/c14-11-13-12-19-8-7-17-4-3-15-1-2-16-5-6-18-9-10-20-13/h13-14H,1-12H2	1,4,7,10,13,16-Hexaoxacyclooctadecane-2-methanol	C1COCCOCCOC(COCCOCCO1)CO	-1.500	40488257;40488258;3611393	NORMAN:(NS00060639 NS00090886);PUBCHEMANNOTATIONSAFETYANDTOXIC:(null);PUBCHEM:(40488257 40488258 3611393);DSSTox:(DTXSID501204864 DTXSID50990306);PUBMED:(null)	137506324546	312.202	326	5.428	857318860074917612	857316080320277931	857316080316083626	5794	
1	1	0.035	0.035	-450.897		0.822	37.875	C19H37N5O7	[M + H]+	C19H38N5O7+	HMECVJNOEGFUCY	InChI=1S/C19H37N5O7/c1-19(27)7-28-18(13(26)16(19)23)31-15-11(22)5-10(21)14(12(15)25)30-17-9(20)4-3-8(29-17)6-24-2/h3,9-18,24-27H,4-7,20-23H2,1-2H3	4-amino-2-{[4,6-diamino-3-({3-amino-6-[(methylamino)methyl]-3,4-dihydro-2H-pyran-2-yl}oxy)-2-hydroxycyclohexyl]oxy}-5-methyloxane-3,5-diol	CC1(COC(C(C1N)O)OC2C(CC(C(C2O)OC3C(CC=C(O3)CNC)N)N)N)O	-5.100	162983304	COCONUT:(CNP0255689);SUPERNATURAL:(SN0129415);PUBCHEM:(162983304)	3145730	448.275	326	5.437	857318864613154599	857316080370609583	857316080370609582	5859	
1	2	0.579	0.579	-56.829		0.260	32.794	C15H33NO7	[M + CH2O2 + H]+	C16H36NO9+	ZSCFOXFWAAWAJH	InChI=1S/C15H33NO7/c16-2-5-19-7-9-21-11-13-23-15-14-22-12-10-20-8-6-18-4-1-3-17/h17H,1-16H2	3-[2-[2-[2-[2-[2-(2-Aminoethoxy)ethoxy]ethoxy]ethoxy]ethoxy]ethoxy]propan-1-ol	C(CO)COCCOCCOCCOCCOCCOCCN	-1.900	155804494	PUBCHEMANNOTATIONBIO:(null);PUBCHEM:(155804494)	16777218	386.238	327	5.443	857318861425483523	857316080420941235	857316080420941234	5763	
1	1	0.102	0.102	-103.171		0.989	66.642	C11H22O7	[M + H]+	C11H23O7+	RFMRTKNDQKLJJS	InChI=1S/C11H22O7/c12-1-10(2-13,3-14)5-16-6-11(4-15)7-17-9-18-8-11/h12-15H,1-9H2	2-(Hydroxymethyl)-2-(((5-(hydroxymethyl)-1,3-dioxan-5-yl)methoxy)methyl)propane-1,3-diol	C1C(COCO1)(CO)COCC(CO)(CO)CO	-2.900	11971048	NORMAN:(NS00064819);PUBCHEM:(11971048);DSSTox:(DTXSID20237376)	137439215618	267.144	328	5.459	857318896833798182	857316080475467191	857316080471272886	5823	
1	3	0.134	0.134	-108.290		0.022	21.949	C19H43N3O4	[M + K]+	C19H43KN3O4+	FSHCQHPSHCJBCL	InChI=1S/C19H43N3O4/c1-24-15-3-9-21-11-5-17-26-19-7-13-22-12-6-18-25-16-4-10-20-8-2-14-23/h20-23H,2-19H2,1H3	3-[3-[3-[3-[3-(3-Methoxypropylamino)propoxy]propylamino]propoxy]propylamino]propan-1-ol	COCCCNCCCOCCCNCCCOCCCNCCCO	0.000	59583673	PUBCHEM:(59583673)	2	416.285	329	5.490	857318858485276374	857316080525798843	857316080525798842	5953	
1	1	0.992	0.992	-11.197		0.934	40.573	C16H34O9	[M + H]+	C16H35O9+	GLZWNFNQMJAZGY	InChI=1S/C16H34O9/c17-1-3-19-5-7-21-9-11-23-13-15-25-16-14-24-12-10-22-8-6-20-4-2-18/h17-18H,1-16H2	PED-diol (n=8)	C(COCCOCCOCCOCCOCCOCCOCCO)O	-2.200	78798	PUBCHEMANNOTATIONBIO:(null);HMDB:(HMDB0094680);PUBCHEMANNOTATIONSAFETYANDTOXIC:(null);BloodExposome:(78798);SUPERNATURAL:(SN0109309);PUBCHEM:(78798);public_spectra_2506;MACONDA:(CON00075);COCONUT:(CNP0348115);NORMAN:(NS00010524);CHEBI:(44794);DSSTox:(DTXSID3058618);PUBCHEMANNOTATIONFOOD:(null);PUBMED:(null)	146254595178	371.228	330	5.501	857318860733423352	857316080576130495	857316080576130494	5950	
1	3	0.994	0.994	-9.968		0.015	17.085	C16H34O9	[M + H3N + H]+	C16H38NO9+	GLZWNFNQMJAZGY	InChI=1S/C16H34O9/c17-1-3-19-5-7-21-9-11-23-13-15-25-16-14-24-12-10-22-8-6-20-4-2-18/h17-18H,1-16H2	PED-diol (n=8)	C(COCCOCCOCCOCCOCCOCCOCCO)O	-2.200	78798	PUBCHEMANNOTATIONBIO:(null);HMDB:(HMDB0094680);PUBCHEMANNOTATIONSAFETYANDTOXIC:(null);BloodExposome:(78798);SUPERNATURAL:(SN0109309);PUBCHEM:(78798);public_spectra_2506;MACONDA:(CON00075);COCONUT:(CNP0348115);NORMAN:(NS00010524);CHEBI:(44794);DSSTox:(DTXSID3058618);PUBCHEMANNOTATIONFOOD:(null);PUBMED:(null)	146254595178	388.254	332	5.527	857318858300726977	857316080630656451	857316080626462146	5951	
1	1	0.038	0.038	-321.088		0.997	44.931	C19H35N5O6	[M + H]+	C19H36N5O6+	BYMLPCNWVIWNNJ	InChI=1S/C19H35N5O6/c1-6-10(3)15(18(29)21-9-14(26)27)24-19(30)16(11(4)7-2)23-17(28)12(5)22-13(25)8-20/h10-12,15-16H,6-9,20H2,1-5H3,(H,21,29)(H,22,25)(H,23,28)(H,24,30)(H,26,27)	Gaiig	CCC(C)C(C(=O)NC(C(C)CC)C(=O)NCC(=O)O)NC(=O)C(C)NC(=O)CN	-0.632	129625838	PUBCHEMANNOTATIONBIO:(null);PUBCHEM:(129625838)	16777218	430.265	334	5.565	857318868648075090	857316080685182407	857316080685182406	6056	
1	1	0.017	0.017	-98.715		1.000	151.624	C10H14O2	[M + H]+	C10H15O2+	BLPYWBZRUNDXJH	InChI=1S/C10H14O2/c11-9-7-5-3-1-2-4-6-8-10-12/h11-12H,5-10H2	4,6-Decadiyn-1,10-diol	C(CC#CC#CCCCO)CO	1.000	2758019	PUBCHEMANNOTATIONSAFETYANDTOXIC:(null);PUBCHEM:(2758019);DSSTox:(DTXSID40374131)	137506062338	167.107	335	5.581	857318890194214907	857316080743902667	857316080743902666	5987	
1	1	0.042	0.042	-81.365		0.500	184.361	C9H14O3	[M + H]+	C9H15O3+	OCLVFADSCVQCER	InChI=1S/C9H14O3/c1-7(10)3-5-9(12)6-4-8(2)11/h3-6H2,1-2H3	2,5,8-Nonanetrione	CC(=O)CCC(=O)CCC(=O)C	0.248	300426	PUBCHEM:(300426);DSSTox:(DTXSID70306268);LOTUS:(Q82053271);PUBMED:(null)	137707388994	171.102	335	5.585	857318880106913685	857316080806817231	857316080802622926	6017	
1	1	0.031	0.031	-422.746		0.999	23.725	C19H34N4O6	[M + H3N + H]+	C19H38N5O6+	UASVNZGVGLYRNM	InChI=1S/C19H34N4O6/c1-5-11(4)15(19(28)29)22-17(26)13-7-6-8-23(13)18(27)14(10(2)3)21-16(25)12(20)9-24/h10-15,24H,5-9,20H2,1-4H3,(H,21,25)(H,22,26)(H,28,29)	(2S,3S)-2-[[(2S)-1-[(2S)-2-[[(2S)-2-amino-3-hydroxypropanoyl]amino]-3-methylbutanoyl]pyrrolidine-2-carbonyl]amino]-3-methylpentanoic acid	CCC(C)C(C(=O)O)NC(=O)C1CCCN1C(=O)C(C(C)C)NC(=O)C(CO)N	-0.409	71720908;78225943;18744986	PUBCHEMANNOTATIONBIO:(null);PUBCHEM:(71720908 78225943 18744986);PUBMED:(null)	16777282	432.280	340	5.660	857318857583500981	857316080907480535	857316080907480534	6262	
1	1	0.096	0.096	-85.653		0.518	31.584	C15H33NO8	[M + H]+	C15H34NO8+	DGGSCAFEGLNJGW	InChI=1S/C15H33NO8/c1-17-2-3-18-4-5-19-6-7-20-8-9-21-10-11-22-12-13-23-14-15-24-16/h2-16H2,1H3	Aminooxy-PEG7-methane	COCCOCCOCCOCCOCCOCCOCCON	-1.700	119058225	PUBCHEM:(119058225)	2	356.228	340	5.665	857318863174508317	857316080962006491	857316080957812186	6250	
1	2	0.018	0.018	-159.400		0.011	35.084	C21H47N3O5	[M + K]+	C21H47KN3O5+	XWVSQOQYWPIOMB	InChI=1S/C21H47N3O5/c1-20(18-22(8-3-13-25)9-4-14-26)24(12-7-17-29)19-21(2)23(10-5-15-27)11-6-16-28/h20-21,25-29H,3-19H2,1-2H3	3-[2-[2-[Bis(3-hydroxypropyl)amino]propyl-(3-hydroxypropyl)amino]propyl-(3-hydroxypropyl)amino]propan-1-ol	CC(CN(CCCO)CCCO)N(CCCO)CC(C)N(CCCO)CCCO	-0.400	87435508	PUBCHEM:(87435508)	2	460.312	340	5.667	857318886146711492	857316081020726751	857316081016532446	6266	
1	1	0.856	0.856	-4.757		0.917	26.533	C18H38O10	[M + H]+	C18H39O10+	YZUUTMGDONTGTN	InChI=1S/C18H38O10/c19-1-3-21-5-7-23-9-11-25-13-15-27-17-18-28-16-14-26-12-10-24-8-6-22-4-2-20/h19-20H,1-18H2	Epitope ID:159256	C(COCCOCCOCCOCCOCCOCCOCCOCCO)O	-2.300	4867	PUBCHEMANNOTATIONBIO:(null);COCONUT:(CNP0284164);NORMAN:(NS00010525);PUBCHEMANNOTATIONSAFETYANDTOXIC:(null);CHEBI:(39784);SUPERNATURAL:(SN0464673);PUBCHEM:(4867);public_spectra_2506;DSSTox:(DTXSID10187492);GNPS:(CCMSLIB00003138595);MACONDA:(CON00076);PUBMED:(null)	146116187234	415.254	341	5.680	857318858430750410	857316081071058403	857316081071058402	6260	
1	1	0.103	0.103	-91.084		0.795	87.791	C14H30O7	[M + H]+	C14H31O7+	KKXXPTIHUVGGLQ	InChI=1S/C14H30O7/c1-11(16)4-19-8-14(7-15,9-20-5-12(2)17)10-21-6-13(3)18/h11-13,15-18H,4-10H2,1-3H3	3-[(2~{R})-2-oxidanylpropoxy]-2-[[(2~{R})-2-oxidanylpropoxy]methyl]-2-[[(2~{S})-2-oxidanylpropoxy]methyl]propan-1-ol	CC(COCC(CO)(COCC(C)O)COCC(C)O)O	-1.500	137476664;132274744	PUBCHEMANNOTATIONBIO:(null);PUBCHEM:(137476664 132274744)	16777218	311.206	350	5.829	857318882552192933	857316081138167271	857316081133972966	6396	
1	1	0.865	0.945	-38.103		0.972	19.324	C14H15N	[M + H]+	C14H16N+	BWLUMTFWVZZZND	InChI=1S/C14H15N/c1-3-7-13(8-4-1)11-15-12-14-9-5-2-6-10-14/h1-10,15H,11-12H2	Bibenzylamine	C1=CC=C(C=C1)CNCC2=CC=CC=C2	3.121	4457863;10465494;165111798;131667548;10921568;7656;11820215;138396147	PUBCHEMANNOTATIONBIO:(null);HMDB:(HMDB0251169);PUBCHEMANNOTATIONSAFETYANDTOXIC:(null);BloodExposome:(7656 13000629);SUPERNATURAL:(SN0037361);MESH:(7656);PUBCHEM:(4457863 10465494 165111798 131667548 10921568 7656 11820215 138396147);public_spectra_2506;COCONUT:(CNP0440232);NORMAN:(NS00007138 NS00084214);CHEBI:(189125);DSSTox:(DTXSID10942629 DTXSID30892814 DTXSID6044355);PUBCHEMANNOTATIONFOOD:(null);PUBMED:(null)	146254594158	198.128	354	5.898	857318862759272211	857316081201081835	857316081196887530	6524	
1	1	0.039	0.039	-416.896		0.870	43.428	C23H45N5O7	[M + H]+	C23H46N5O7+	VENUMUIFOVRGNW	InChI=1S/C23H45N5O7/c1-22(2,3)28-8-11-6-14(26)20(32-9-11)34-17-12(24)7-13(25)18(15(17)29)35-21-16(30)19(27-5)23(4,31)10-33-21/h6,12-21,27-31H,7-10,24-26H2,1-5H3	6'-N-tert-Butylsisomicin	CC1(COC(C(C1NC)O)OC2C(CC(C(C2O)OC3C(C=C(CO3)CNC(C)(C)C)N)N)N)O	-4.600	3047258	PUBCHEMANNOTATIONSAFETYANDTOXIC:(null);PUBCHEM:(3047258);DSSTox:(DTXSID10979112)	137506062338	504.338	355	5.919	857318898192752688	857316081255607791	857316081255607790	6653	
1	5	0.017	0.017	-321.557		0.003	46.497	C17H31N5O3	[M + CH2O2 + H]+	C18H34N5O5+	CKONTWMJFYGOKB	InChI=1S/C17H31N5O3/c1-5-8-18-17(24)19-13-9-12(6-7-14(13)23)16-20-15(10-25-4)21-22(16)11(2)3/h11-14,23H,5-10H2,1-4H3,(H2,18,19,24)		CCCNC(=O)NC1CC(CCC1O)C2=NC(=NN2C(C)C)COC	1.823		SUPERNATURAL:(SN0048283)	1048576	400.254	357	5.955	857318887195287519	857316081322716659	857316081318522354	6703	
1	2	0.032	0.063	-77.292		0.131	62.982	C5H11N3	[M + Na]+	C5H11N3Na+	HUVYLRHAZAEUHY	InChI=1S/C5H11N3/c6-1-3-8-4-2-7-5-8/h5H,1-4,6H2		C1CN(C=N1)CCN	-1.500	53430846;176243	PUBCHEMANNOTATIONSAFETYANDTOXIC:(null);PUBCHEM:(53430846 176243)	67108866	136.084	359	5.980	857318893730013198	857316081373048311	857316081373048310	6753	
1	1	0.177	0.234	-73.166		0.997	20.023	C7H12O2	[M + H]+	C7H13O2+	QBEOGDDXOQMTPC	InChI=1S/C7H12O2/c1-7(2)3-4-9-6(8)5-7/h3-5H2,1-2H3	2H-Pyran-2-one, tetrahydro-4,4-dimethyl-	CC1(CCOC(=O)C1)C	1.400	211260	PUBCHEMANNOTATIONSAFETYANDTOXIC:(null);PUBCHEM:(211260);DSSTox:(DTXSID40177341)	137506062338	129.091	361	6.009	857318880840916899	857316081423379963	857316081423379962	6725	
1	1	0.715	0.866	-32.585		1.000	27.809	C13H25N	[M + H]+	C13H26N+	JMXKCMGJNZQWDD	InChI=1S/C13H25N/c1-3-7-12(8-4-1)11-14-13-9-5-2-6-10-13/h12-14H,1-11H2	(Cyclohexylmethyl)cyclohexylamine	C1CCC(CC1)CNC2CCCCC2	4.000	1531417	NORMAN:(NS00059453);PUBCHEM:(1531417);DSSTox:(DTXSID70233661)	137439215618	196.206	362	6.025	857318863040290588	857316081473711615	857316081473711614	6824	
1	1	0.065	0.065	-111.808		0.964	84.641	C14H30O7	[M + H]+	C14H31O7+	KKXXPTIHUVGGLQ	InChI=1S/C14H30O7/c1-11(16)4-19-8-14(7-15,9-20-5-12(2)17)10-21-6-13(3)18/h11-13,15-18H,4-10H2,1-3H3	3-[(2~{R})-2-oxidanylpropoxy]-2-[[(2~{R})-2-oxidanylpropoxy]methyl]-2-[[(2~{S})-2-oxidanylpropoxy]methyl]propan-1-ol	CC(COCC(CO)(COCC(C)O)COCC(C)O)O	-1.500	137476664;132274744	PUBCHEMANNOTATIONBIO:(null);PUBCHEM:(137476664 132274744)	16777218	311.206	365	6.077	857318867968597831	857316081524043267	857316081519848962	7024	
1	1	0.600	0.600	-551.324		0.981	45.675	C27H53N5O9	[M + H]+	C27H54N5O9+	UKNGBWJAFROFFX	InChI=1S/C27H53N5O9/c1-7-29-13-9-8-10-21(31-23(33)19-40-27(3,4)12-15-39-17-16-37-5)25(35)32-22(18-24(34)38-6)26(36)30-20(2)11-14-41-28/h20-22,29H,7-19,28H2,1-6H3,(H,30,36)(H,31,33)(H,32,35)	methyl (3S)-4-(4-aminooxybutan-2-ylamino)-3-[[(2S)-6-(ethylamino)-2-[[2-[4-(2-methoxyethoxy)-2-methylbutan-2-yl]oxyacetyl]amino]hexanoyl]amino]-4-oxobutanoate	CCNCCCCC(C(=O)NC(CC(=O)OC)C(=O)NC(C)CCON)NC(=O)COC(C)(C)CCOCCOC	-0.400	164002893	PUBCHEM:(164002893)	2	592.390	366	6.105	857318904022835268	857316081578569223	857316081578569222	6911	
1	1	0.022	0.022	-365.577		0.928	37.351	C20H37N5O6	[M + H]+	C20H38N5O6+	PBAJNSLGBPZDJI	InChI=1S/C20H37N5O6/c1-9(2)14(8-26)23-19(30)15(10(3)4)24-20(31)16(13(7)27)25-18(29)12(6)22-17(28)11(5)21/h8-16,27H,21H2,1-7H3,(H,22,28)(H,23,30)(H,24,31)(H,25,29)	H-Ala-Ala-Thr-Val-Val-al	CC(C)C(C=O)NC(=O)C(C(C)C)NC(=O)C(C(C)O)NC(=O)C(C)NC(=O)C(C)N	-0.500	163410074	PUBCHEMANNOTATIONBIO:(null);PUBCHEM:(163410074)	16777218	444.280	367	6.121	857318866513174332	857316081687621135	857316081683426830	7097	
1	1	0.798	0.901	-29.281		1.000	27.115	C13H25N	[M + H]+	C13H26N+	JMXKCMGJNZQWDD	InChI=1S/C13H25N/c1-3-7-12(8-4-1)11-14-13-9-5-2-6-10-13/h12-14H,1-11H2	(Cyclohexylmethyl)cyclohexylamine	C1CCC(CC1)CNC2CCCCC2	4.000	1531417	NORMAN:(NS00059453);PUBCHEM:(1531417);DSSTox:(DTXSID70233661)	137439215618	196.206	368	6.140	857318855385685657	857316081742147091	857316081737952786	7085	
1	1	0.052	0.387	-60.909		0.999	99.168	C16H34O8	[M + H]+	C16H35O8+	PJWQOENWHPEPKI	InChI=1S/C16H34O8/c1-2-18-5-6-20-9-10-22-13-14-24-16-15-23-12-11-21-8-7-19-4-3-17/h17H,2-16H2,1H3	2-{2-[2-(2-{2-[2-(2-Ethoxy-ethoxy)-ethoxy]-ethoxy}-ethoxy)-ethoxy]-ethoxy}-ethanol	CCOCCOCCOCCOCCOCCOCCOCCO	-0.483	448032	PUBCHEMANNOTATIONBIO:(null);NORMAN:(NS00076854);PUBCHEM:(448032);DSSTox:(DTXSID40332271)	137455992834	355.233	371	6.175	857318884099891119	857316081809255959	857316081809255958	7041	
1	1	0.487	0.487	-101.874		0.575	16.999	C16H35NO7	[M + H]+	C16H36NO7+	PYNJAPIFNIBRSM	InChI=1S/C16H35NO7/c1-2-18-5-6-20-9-10-22-13-14-24-16-15-23-12-11-21-8-7-19-4-3-17/h2-17H2,1H3	3,6,9,12,15,18,21-Heptaoxatricosane-1-amine	CCOCCOCCOCCOCCOCCOCCOCCN	-1.400	102484781	PUBCHEM:(102484781)	2	354.249	373	6.210	857318872271953767	857316081884753435	857316081884753434	7332	
1	1	0.140	0.197	-39.191		1.000	65.234	C7H10	[M + H]+	C7H11+	VGUXWSJVGWCTEC	InChI=1S/C7H10/c1-2-7-4-3-6(1)5-7/h1,7H,2-5H2	(4R)-bicyclo[2.2.1]hept-1-ene	C1CC2=CCC1C2	1.800	98057075;13129031	MESH:(13129031);PUBCHEM:(98057075 13129031);DSSTox:(DTXSID90520484);PUBMED:(null)	137438953542	95.086	374	6.228	857318858380418761	857316081951862303	857316081951862302	7325	
1	1	-Infinity	-Infinity	-225.651		1.000	93.051	C8H13ClF2N2O	[M + H]+	C8H14ClF2N2O+	UUKXVXNTQKIMRJ	InChI=1S/C8H13ClF2N2O/c1-8(10,11)6-12-2-4-13(5-3-12)7(9)14/h2-6H2,1H3	4-(2,2-Difluoropropyl)piperazine-1-carbonyl chloride	CC(CN1CCN(CC1)C(=O)Cl)(F)F	1.600	165498724	PUBCHEM:(165498724)	2	227.074	374	6.233	857318885010055097	857316082014776867	857316082014776866	7222	
1	2	0.078	0.078	-653.701		0.195	25.478	C36H53N5O5	[M + H]+	C36H54N5O5+	CZEJRIJJMVULJR	InChI=1S/C36H53N5O5/c37-14-4-1-2-6-16-41-31(12-13-32(41)35(45)46-17-7-3-5-15-38)34(44)39-30(21-25-8-10-29(42)11-9-25)33(43)40-36-22-26-18-27(23-36)20-28(19-26)24-36/h8-13,26-28,30,42H,1-7,14-24,37-38H2,(H,39,44)(H,40,43)	N-(adamantan-1-yl)-2-{[1-(6-aminohexyl)-5-{[(5-aminopentyl)oxy]carbonyl}-1H-pyrrol-2-yl]formamido}-3-(4-hydroxyphenyl)propanimidic acid	C1C2CC3CC1CC(C2)(C3)NC(=O)C(CC4=CC=C(C=C4)O)NC(=O)C5=CC=C(N5CCCCCCN)C(=O)OCCCCCN	4.700	163052029;15342931	COCONUT:(CNP0336112);SUPERNATURAL:(SN0059534);PUBCHEM:(163052029 15342931)	3145730	636.416	377	6.291	857318878177533836	857316082069302823	857316082065108518	7441	
1	1	0.992	0.997	-7.706		0.996	73.969	C17H21NO4	[M + H]+	C17H22NO4+	ZPUCINDJVBIVPJ	InChI=1S/C17H21NO4/c1-18-12-8-9-13(18)15(17(20)21-2)14(10-12)22-16(19)11-6-4-3-5-7-11/h3-7,12-15H,8-10H2,1-2H3	Cocain	CN1C2CCC1C(C(C2)OC(=O)C3=CC=CC=C3)C(=O)OC	2.380	21635054;101437423;124909386;9861246;6918958;87255980;50897619;15558678;15558680;15558681;15558688;76973582;16217586;5315982;135232922;118245134;134819851;134972500;6101676;6338296;6432459;6432481;59435281;140561801;56638200;140886585;56840956;10136514;638023;638216;644005;644017;644018;644271;129318254;139340485;98078900;10638361;10828629;13006129;2826;5760;5872;122142;135184;165376;439497;446220;449824;449825;450867;497304;3518588;12305901;133587242;11779748;11859114;54559877;54559878;71314969;44246523;44279116;44382114;44382176;44382277;44382278;44385873	PUBCHEMANNOTATIONBIO:(null);HMDB:(HMDB0015043 HMDB0243537);PUBCHEMANNOTATIONSAFETYANDTOXIC:(null);BloodExposome:(5760 2826 446220 6432481 13006129 656832);SUPERNATURAL:(SN0476993);HSDB:(50-36-2);MESH:(2826 446220 644005 6432459);PUBCHEM:(21635054 101437423 124909386 9861246 6918958 87255980 50897619 15558678 15558680 15558681 15558688 76973582 16217586 5315982 135232922 118245134 134819851 134972500 6101676 6338296 6432459 6432481 59435281 140561801 56638200 140886585 56840956 10136514 638023 638216 644005 644017 644018 644271 129318254 139340485 98078900 10638361 10828629 13006129 2826 5760 5872 122142 135184 165376 439497 446220 449824 449825 450867 497304 3518588 12305901 133587242 11779748 11859114 54559877 54559878 71314969 44246523 44279116 44382114 44382176 44382277 44382278 44385873);public_spectra_2506;GNPS:(CCMSLIB00003137077);COCONUT:(CNP0189710);NORMAN:(NS00000403 NS00078986 NS00098621 NS00101032 NS00116226);METACYC:(CPD-9776);PLANTCYC:(CPD-9776);CHEBI:(613010 60056 27958);KEGG:(C01416);DSSTox:(DTXSID00442885 DTXSID101016154 DTXSID2038443 DTXSID2048903 DTXSID20858949 DTXSID20903443 DTXSID40348534 DTXSID50349254 DTXSID5046063 DTXSID5048427 DTXSID70110069);LOTUS:(Q110184547 Q41576);PUBCHEMANNOTATIONDRUG:(null);PUBMED:(null);KNAPSACK:(ZPUCINDJVBIVPJ-UHFFFAOYSA-N)	146422504318	304.154	381	6.357	857318896531808284	857316082123828779	857316082119634474	7590	
1	1	0.036	0.036	-62.274		0.999	124.766	C9H6O3	[M + H]+	C9H7O3+	AEKQNAANFVOBCU	InChI=1S/C9H6O3/c10-4-7-1-8(5-11)3-9(2-7)6-12/h1-6H		C1=C(C=C(C=C1C=O)C=O)C=O	0.300	2747968	COCONUT:(CNP0437172);PUBCHEMANNOTATIONSAFETYANDTOXIC:(null);MESH:(2747968);PUBCHEM:(2747968);DSSTox:(DTXSID40372697);PUBMED:(null)	137508159558	163.039	382	6.368	857318886570336205	857316082182549039	857316082182549038	7592	
1	1	0.064	0.064	-233.543		1.000	37.612	C16H24O4	[M + H]+	C16H25O4+	BLKQQTCUGZJWLN	InChI=1S/C16H24O4/c17-15(19-13-7-3-1-4-8-13)11-12-16(18)20-14-9-5-2-6-10-14/h11-14H,1-10H2	Dicyclohexyl but-2-enedioate	C1CCC(CC1)OC(=O)C=CC(=O)OC2CCCCC2	3.800	5354318;5927300;73952	NORMAN:(NS00034921);PUBCHEMANNOTATIONSAFETYANDTOXIC:(null);PUBCHEM:(5354318 5927300 73952);DSSTox:(DTXSID4029193);PUBMED:(null)	137506324546	281.175	383	6.380	857318865644953394	857316082241269299	857316082241269298	7605	
1	1	0.204	0.204	-62.104		1.000	213.620	C10H16O2	[M + H]+	C10H17O2+	XYCGRKZASIFMJX	InChI=1S/C10H16O2/c1-2-3-4-8-5-9(11)7-10(12)6-8/h8H,2-7H2,1H3	5-Butylcyclohexane-1,3-dione	CCCCC1CC(=O)CC(=O)C1	2.000	14882946	PUBCHEM:(14882946)	2	169.122	383	6.388	857318872997568369	857316082299989559	857316082299989558	7622	
1	1	0.151	0.151	-210.552		0.999	51.055	C17H21NO	[M + H]+	C17H22NO+	IUTFNOOGPQDULV	InChI=1S/C17H21NO/c1-3-4-5-6-7-11-15-13(2)17(19)14-10-8-9-12-16(14)18-15/h6-10,12H,3-5,11H2,1-2H3,(H,18,19)	2-(hept-2-en-1-yl)-3-methylquinolin-4-ol	CCCCC=CCC1=C(C(=O)C2=CC=CC=C2N1)C	4.800	5459166;367484;68511907	COCONUT:(CNP0262095);SUPERNATURAL:(SN0155835);PUBCHEM:(5459166 367484 68511907);DSSTox:(DTXSID30420055);LOTUS:(Q82231313 Q105120818);PUBMED:(null)	137710534722	256.170	387	6.453	857318889061752816	857316082358709819	857316082358709818	7613	
1	6	0.169	0.169	-116.006		0.020	17.331	C14H28N3O3P	[M + H]+	C14H29N3O3P+	RPKOIOLUAUASME	InChI=1S/C14H29N3O3P/c1-2-21(15-3-9-18-10-4-15,16-5-11-19-12-6-16)17-7-13-20-14-8-17/h2-14H2,1H3/q+1	Ethyl(trimorpholin-4-yl)phosphanium	CC[P+](N1CCOCC1)(N2CCOCC2)N3CCOCC3	-0.100	163700406	PUBCHEM:(163700406)	2	318.196	388	6.465	857318871470841698	857316082417430079	857316082417430078	7727	
1	4	0.124	0.124	-359.824		0.041	22.033	C30H59N9O7	[M + Na]+	C30H59N9NaO7+	JFFDGTOSLFLYJK	InChI=1S/C30H59N9O7/c1-20(2)18-21(33)26(42)36-23(11-5-8-14-32)29(45)39-25(19-41)30(46)38-24(12-6-9-15-34-3)28(44)37-22(10-4-7-13-31)27(43)35-16-17-40/h17,20-25,34,41H,4-16,18-19,31-33H2,1-3H3,(H,35,43)(H,36,42)(H,37,44)(H,38,46)(H,39,45)	H-Leu-Lys-Ser-Lys(Me)-Lys-Gly-al	CC(C)CC(C(=O)NC(CCCCN)C(=O)NC(CO)C(=O)NC(CCCCNC)C(=O)NC(CCCCN)C(=O)NCC=O)N	-2.400	449213	PUBCHEMANNOTATIONBIO:(null);PUBCHEM:(449213)	16777218	680.442	388	6.470	857318876545949572	857316082471956035	857316082467761730	7735	
1	1	0.213	0.213	-66.137		0.998	87.599	C18H38O9	[M + H]+	C18H39O9+	SJTHDGMZTPTHRV	InChI=1S/C18H38O9/c19-3-7-23-11-15-25-13-9-21-5-1-2-6-22-10-14-26-17-18-27-16-12-24-8-4-20/h19-20H,1-18H2	2-[2-[2-[4-[2-[2-[2-(2-Hydroxyethoxy)ethoxy]ethoxy]ethoxy]butoxy]ethoxy]ethoxy]ethanol	C(CCOCCOCCOCCOCCO)COCCOCCOCCO	-1.500	23576815	PUBCHEM:(23576815)	2	399.259	389	6.476	857318875937775479	857316082526481991	857316082526481990	7665	
1	1	0.532	0.825	-29.461		0.952	47.242	C7H7N3	[M + H]+	C7H8N3+	LRUDIIUSNGCQKF	InChI=1S/C7H7N3/c1-5-2-3-6-7(4-5)9-10-8-6/h2-4H,1H3,(H,8,9,10)	t56 bmnnj g1	CC1=CC2=NNN=C2C=C1	1.400	136882215;145343499;136242427;8705;57370101	COCONUT:(CNP0455544);NORMAN:(NS00008943 NS00056655);PUBCHEMANNOTATIONSAFETYANDTOXIC:(null);CHEBI:(83455);SUPERNATURAL:(SN0213657);MESH:(8705);PUBCHEM:(136882215 145343499 136242427 8705 57370101);public_spectra_2506;DSSTox:(DTXSID1038743 DTXSID801032755 DTXSID9068291);GNPS:(CCMSLIB00000579579);PUBMED:(null)	146099408998	134.071	390	6.505	857318890588479493	857316082656505423	857316082656505422	7792	
1	1	0.058	0.058	-125.587		1.000	119.398	C11H10O3	[M + H]+	C11H11O3+	KDEVFRDBFLWTKI	InChI=1S/C11H10O3/c1-14-11(13)9-7-5-3-2-4-6-8-10-12/h6-9,12H,10H2,1H3	10-Hydroxydeca-Trans-2,Trans-8-Dien-4,6-Diinsaeuremethylester	COC(=O)C=CC#CC#CC=CCO	1.100	85927316;101412911;102418367;102418368;44464199	PUBCHEMANNOTATIONBIO:(null);COCONUT:(CNP0163658);HMDB:(HMDB0039359);CHEBI:(173910);SUPERNATURAL:(SN0182411);FooDB:(FDB018916);PUBCHEM:(85927316 101412911 102418367 102418368 44464199);DSSTox:(DTXSID601217781);LOTUS:(Q105139114 Q105139113 Q76809852 Q105139115);PUBCHEMANNOTATIONDRUG:(null)	138297737258	191.070	391	6.510	857318898264055866	857316082593590859	857316082589396554	7716	
1	1	0.190	0.190	-85.745		0.795	22.376	C18H39NO8	[M + H]+	C18H40NO8+	WOWMGZYPXVQTKQ	InChI=1S/C18H39NO8/c1-20-7-8-24-15-16-25-12-9-21-4-2-5-22-10-13-26-17-18-27-14-11-23-6-3-19/h2-19H2,1H3	2-[2-[2-[2-[3-[2-[2-(2-Methoxyethoxy)ethoxy]ethoxy]propoxy]ethoxy]ethoxy]ethoxy]ethanamine	COCCOCCOCCOCCCOCCOCCOCCOCCN	-1.500	156565404	PUBCHEM:(156565404)	2	398.275	391	6.519	857318895701336081	857316082711031379	857316082711031378	7830	
1	11	0.068	0.068	-152.349		0.000	-70.227	C18H32O2	[M + H]+	C18H33O2+	WEAGGGHXTMXZQA	InChI=1S/C18H32O2/c1-2-3-4-5-6-7-8-9-10-11-12-13-14-15-16-17-18(19)20/h2-15H2,1H3,(H,19,20)	2-Octadecynoic acid	CCCCCCCCCCCCCCCC#CC(=O)O	8.300	5312691	BloodExposome:(5312691);LIPIDMAPS:(LMFA01030563);MESH:(5312691);PUBCHEM:(5312691);DSSTox:(DTXSID30415582);PUBMED:(null)	139590631494	281.175	392	6.529	857318935014547544	857316082765557335	857316082765557334	7834	
1	2	0.491	0.491	-64.270		0.331	97.277	C10H10O3	[M - H2O + H]+	C10H9O2+	KMQLIDDEQAJAGJ	InChI=1S/C10H10O3/c11-9(6-7-10(12)13)8-4-2-1-3-5-8/h1-5H,6-7H2,(H,12,13)		C1=CC=C(C=C1)C(=O)CCC(=O)O	1.411	4115532;129887650;58271418;58271427;10103888;59869390;72871;11735636;71313714	COCONUT:(CNP0453495);NORMAN:(NS00026673);PUBCHEMANNOTATIONSAFETYANDTOXIC:(null);CHEBI:(64437);SUPERNATURAL:(SN0189719);MESH:(72871);PUBCHEM:(4115532 129887650 58271418 58271427 10103888 59869390 72871 11735636 71313714);DSSTox:(DTXSID4062149);LOTUS:(Q27133281);PUBMED:(null)	137777905766	161.060	393	6.549	857320067875096633	857316082820083291	857316082820083290	7873	
1	1	0.188	0.188	-115.712		0.998	104.015	C11H10O3	[M + H]+	C11H11O3+	JOWKJFRQPYWIMS	InChI=1S/C11H10O3/c1-9(13)14-11-7-3-2-5-10(11)6-4-8-12/h2-8H,1H3	2-(3-oxoprop-1-en-1-yl)phenyl acetate	CC(=O)OC1=CC=CC=C1C=CC=O	1.990	6069153;98372;54606406	COCONUT:(CNP0121592);PUBCHEMANNOTATIONSAFETYANDTOXIC:(null);SUPERNATURAL:(SN0171273);PUBCHEM:(6069153 98372 54606406)	70254594	191.071	395	6.587	857320075114465595	857316082874609247	857316082874609246	7946	
1	1	0.098	0.098	-105.455		1.000	202.974	C10H14O3	[M + H]+	C10H15O3+	LAJQVVQFOJEDEP	InChI=1S/C10H14O3/c1-9(11)7-5-3-2-4-6-8-10(12)13/h5-8H,2-4H2,1H3,(H,12,13)	4-Deoxovermiculic Acid	CC(=O)C=CCCCC=CC(=O)O	1.500	21596024;73811055	COCONUT:(CNP0259450);SUPERNATURAL:(SN0200239);PUBCHEM:(21596024 73811055);LOTUS:(Q105148682 Q77512585)	271581186	183.102	396	6.597	857320094852867882	857316082929135203	857316082924940898	7886	
1	1	0.235	0.235	-61.746		1.000	75.145	C8H12O2	[M + H]+	C8H13O2+	BADXJIPKFRBFOT	InChI=1S/C8H12O2/c1-8(2)4-6(9)3-7(10)5-8/h3-5H2,1-2H3	5,5-Dimethyl-1,3-cyclohexanedione	CC1(CC(=O)CC(=O)C1)C	0.800	161715507;134858802;31358	PUBCHEMANNOTATIONBIO:(null);NORMAN:(NS00008870);HMDB:(HMDB0251369);PUBCHEMANNOTATIONSAFETYANDTOXIC:(null);BloodExposome:(31358);MESH:(31358);PUBCHEM:(161715507 134858802 31358);DSSTox:(DTXSID8021987);PUBMED:(null)	137527296078	141.091	396	6.606	857320076670552390	857316082983661159	857316082979466854	7966	
1	4	0.342	0.342	-126.360		0.089	26.878	C10H10BrFO2	[M + C2H3N + H]+	C12H14BrFNO2+	YGZBJWJAPYZTHX	InChI=1S/C10H10BrFO2/c1-6(10(13)14)4-7-2-3-8(11)5-9(7)12/h2-3,5-6H,4H2,1H3,(H,13,14)	3-(4-Bromo-2-fluorophenyl)-2-methylpropanoic acid	CC(CC1=C(C=C(C=C1)Br)F)C(=O)O	3.000	61128561	PUBCHEMANNOTATIONSAFETYANDTOXIC:(null);PUBCHEM:(61128561)	67108866	302.020	396	6.606	857320129887889997	857316083038187115	857316083038187114	8001	
1	4	0.234	0.234	-10.061		0.001	51.681	C4H12O2Si2	[M + C2H3N + H]+	C6H16NO2Si2+	VSILELAYLYUZIF	InChI=1S/C4H12O2Si2/c1-7(5)6-8(2,3)4/h1-4H3	Methyl(trimethylsilyloxy)silanone	C[Si](=O)O[Si](C)(C)C	1.779	129815378	PUBCHEM:(129815378)	2	190.071	396	6.607	857320125643253925	857316083096907375	857316083092713070	8003	
1	1	0.504	0.504	-9.494		0.500	76.155	C4H12O2Si2	[M + H]+	C4H13O2Si2+	VSILELAYLYUZIF	InChI=1S/C4H12O2Si2/c1-7(5)6-8(2,3)4/h1-4H3	Methyl(trimethylsilyloxy)silanone	C[Si](=O)O[Si](C)(C)C	1.779	129815378	PUBCHEM:(129815378)	2	149.045	396	6.608	857320101161101445	857316083164016243	857316083159821938	8000	
1	3	0.167	0.167	-52.751		0.000	115.821	C6H14OS2	[M + H]+	C6H15OS2+	XPRZAEWSYWTDSQ	InChI=1S/C6H14OS2/c1-3-5-8-9(7)6-4-2/h3-6H2,1-2H3	Dipropyl Thiosulfinate	CCCSS(=O)CCC	1.600	92144476;92220391;74761	PUBCHEMANNOTATIONBIO:(null);COCONUT:(CNP0229477);NORMAN:(NS00046546);HMDB:(HMDB0034394);CHEBI:(91021);SUPERNATURAL:(SN0436686);FooDB:(FDB012782);PUBCHEM:(92144476 92220391 74761);DSSTox:(DTXSID20875636);LOTUS:(Q105338973 Q27163023);PUBCHEMANNOTATIONDRUG:(null);PUBMED:(null)	138297999466	167.056	397	6.609	857320118672320649	857316083231125111	857316083231125110	8002	
1	1	0.050	0.050	-24.984		1.000	80.900	C5H12O3Si2	[M + H]+	C5H13O3Si2+	BWFHARCCQVGECD	InChI=1S/C5H12O3Si2/c1-5-10(4,7-3)8-9-6-2/h5H,1H2,2-4H3		CO[Si]O[Si](C)(C=C)OC	0.000	54573997	PUBCHEM:(54573997)	2	177.040	397	6.610	857320124712118423	857316083289845371	857316083289845370	7989	
1	2	0.247	0.247	-195.526		0.137	35.121	C14H25N7O3	[M + H]+	C14H26N7O3+	GZDFLLUWROXGBX	InChI=1S/C14H25N7O3/c1-3-19(4-2)6-5-16-14-17-12(15)11(21(22)23)13(18-14)20-7-9-24-10-8-20/h3-10H2,1-2H3,(H3,15,16,17,18)	N2-(2-(diethylamino)ethyl)-6-morpholino-5-nitropyrimidine-2,4-diamine	CCN(CC)CCNC1=NC(=C(C(=N1)N2CCOCC2)[N+](=O)[O-])N	1.400	3687729	PUBCHEM:(3687729)	2	340.209	397	6.622	857320168563567238	857316083344371327	857316083340177022	8049	
1	1	0.993	0.996	-18.726		1.000	35.029	C11H20N2O2	[M + H]+	C11H21N2O2+	RKJPPVSYNXLANU	InChI=1S/C11H20N2O2/c14-11(13-6-8-15-9-7-13)12-10-4-2-1-3-5-10/h10H,1-9H2,(H,12,14)	N-cyclohexylmorpholine-4-carboxamide	C1CCC(CC1)NC(=O)N2CCOCC2	1.000	853662	PUBCHEMANNOTATIONSAFETYANDTOXIC:(null);PUBCHEM:(853662)	67108866	213.160	398	6.627	857320137215339099	857316083407285891	857316083407285890	8012	
1	1	0.993	0.996	-18.786		1.000	35.124	C11H20N2O2	[M + H]+	C11H21N2O2+	RKJPPVSYNXLANU	InChI=1S/C11H20N2O2/c14-11(13-6-8-15-9-7-13)12-10-4-2-1-3-5-10/h10H,1-9H2,(H,12,14)	N-cyclohexylmorpholine-4-carboxamide	C1CCC(CC1)NC(=O)N2CCOCC2	1.000	853662	PUBCHEMANNOTATIONSAFETYANDTOXIC:(null);PUBCHEM:(853662)	67108866	213.160	403	6.721	857320140906326635	857316083478589063	857316083474394758	8226	
1	1	0.626	0.626	-51.058		0.960	88.892	C20H42O10	[M + H]+	C20H43O10+	KHNRYHYLFSCVBG	InChI=1S/C20H42O10/c21-3-7-25-11-15-29-19-17-27-13-9-23-5-1-2-6-24-10-14-28-18-20-30-16-12-26-8-4-22/h21-22H,1-20H2	2-[2-[2-[2-[4-[2-[2-[2-(2-Hydroxyethoxy)ethoxy]ethoxy]ethoxy]butoxy]ethoxy]ethoxy]ethoxy]ethanol	C(CCOCCOCCOCCOCCO)COCCOCCOCCOCCO	-1.600	59025206	PUBCHEM:(59025206)	2	443.285	403	6.721	857320151337560699	857316083533115019	857316083533115018	8020	
1	1	0.030	0.030	-687.597		1.000	115.598	C23H45N5O6	[M + H]+	C23H46N5O6+	BCAQPMMYTLVKKR	InChI=1S/C23H45N5O6/c1-13(2)10-16(26-20(31)17-8-7-9-28(17)21(32)15(5)24)19(30)27-18(11-14(3)4)23(33,34)22(6,25)12-29/h13-18,29,33-34H,7-12,24-25H2,1-6H3,(H,26,31)(H,27,30)	(2S)-1-[(2S)-2-aminopropanoyl]-N-[(2S)-1-[[(2S,4S)-2-amino-1,3,3-trihydroxy-2,6-dimethylheptan-4-yl]amino]-4-methyl-1-oxopentan-2-yl]pyrrolidine-2-carboxamide	CC(C)CC(C(=O)NC(CC(C)C)C(C(C)(CO)N)(O)O)NC(=O)C1CCCN1C(=O)C(C)N	-0.900	91801155	PUBCHEMANNOTATIONBIO:(null);PUBCHEM:(91801155)	16777218	488.343	403	6.722	857320191665793679	857316083600223887	857316083596029582	8087	
1	1	0.592	0.592	-49.575		0.723	59.187	C20H42O10	[M + H3N + H]+	C20H46NO10+	KHNRYHYLFSCVBG	InChI=1S/C20H42O10/c21-3-7-25-11-15-29-19-17-27-13-9-23-5-1-2-6-24-10-14-28-18-20-30-16-12-26-8-4-22/h21-22H,1-20H2	2-[2-[2-[2-[4-[2-[2-[2-(2-Hydroxyethoxy)ethoxy]ethoxy]ethoxy]butoxy]ethoxy]ethoxy]ethoxy]ethanol	C(CCOCCOCCOCCOCCO)COCCOCCOCCOCCO	-1.600	59025206	PUBCHEM:(59025206)	2	460.312	404	6.727	857320146509916785	857316083654749843	857316083654749842	8067	
1	4	0.110	0.110	-297.444		0.009	13.152	C21H42O5S	[M + H]+	C21H43O5S+	BHKFTUNLYQZQLV	InChI=1S/C21H42O5S/c1-3-4-5-6-7-8-9-10-11-12-13-14-15-16-17-18-19-20(21(22)26-2)27(23,24)25/h20H,3-19H2,1-2H3,(H,23,24,25)	2-Sulfoicosanoic acid 1-methyl ester	CCCCCCCCCCCCCCCCCCC(C(=O)OC)S(=O)(=O)O	8.400	101815830	NORMAN:(NS00095073);PUBCHEM:(101815830)	262146	407.280	407	6.778	857320138884672100	857316083709275799	857316083709275798	8280	
1	8	0.002	0.002	-321.137		0.017	24.405	C16H32N3O4P	[M + H]+	C16H33N3O4P+	SSGCWGUJGNEGSW	InChI=1S/C16H32N3O4P/c1-12(2)18-15(21)7-10-24(23,9-6-14(20)17-5)11-8-16(22)19-13(3)4/h12-13H,6-11H2,1-5H3,(H,17,20)(H,18,21)(H,19,22)	3-bis[3-oxo-3-(propan-2-ylamino)propyl]phosphoryl-N-methylpropanamide	CC(C)NC(=O)CCP(=O)(CCC(=O)NC)CCC(=O)NC(C)C	-1.300	156164606	PUBCHEM:(156164606)	2	362.222	407	6.778	857320418967712221	857316083763801755	857316083759607450	8296	
1	5	0.293	0.293	-184.915		0.016	26.006	C18H35NO6	[M + Na]+	C18H35NNaO6+	DYIYAGFETBWRPM	InChI=1S/C18H35NO6/c19-6-7-20-8-9-21-10-11-22-12-13-23-14-15-24-16-17-25-18-4-2-1-3-5-18/h4H,1-3,5-17,19H2	2-[2-[2-[2-[2-[2-(Cyclohexen-1-yloxy)ethoxy]ethoxy]ethoxy]ethoxy]ethoxy]ethanamine	C1CCC(=CC1)OCCOCCOCCOCCOCCOCCN	0.300	140189703	PUBCHEM:(140189703)	2	384.235	415	6.913	857320421505266148	857316083814133407	857316083814133406	8516	
1	5	0.082	0.082	-164.236		0.004	11.281	C17H40N4O8	[M + H]+	C17H41N4O8+	VYGXLSAFYKBPGR	InChI=1S/C17H40N4O8/c18-5-1-9-26-13(22)17(14(23)27-10-2-6-19,15(24)28-11-3-7-20)16(25)29-12-4-8-21/h13-16,22-25H,1-12,18-21H2	1,3-Bis(3-aminopropoxy)-2,2-bis[3-aminopropoxy(hydroxy)methyl]propane-1,3-diol	C(CN)COC(C(C(O)OCCCN)(C(O)OCCCN)C(O)OCCCN)O	-4.700	140336019	PUBCHEM:(140336019)	2	429.294	415	6.915	857320413791941060	857316083872853667	857316083868659362	8406	
1	2	0.093	0.104	-62.455		0.500	45.427	C8H12O	[M + H3N + H]+	C8H16NO+	LBHNHQDSGSTDCL	InChI=1S/C8H12O/c1-3-5-6-8(4-2)7-9/h4,6-7H,2-3,5H2,1H3	2-Ethenylhex-2-enal	CCCC=C(C=C)C=O	2.300	163195894	PUBCHEM:(163195894);LOTUS:(Q110184900)	268435458	142.123	416	6.929	857320412365877693	857316083931573927	857316083927379622	8543	
1	3	0.094	0.094	-233.987		0.005	102.035	C26H56NO6P	[M + Na]+	C26H56NNaO6P+	LPHUUVMLQFHHQG	InChI=1S/C26H56NO6P/c1-6-8-9-10-11-12-13-14-15-16-17-18-19-20-22-30-24-26(31-7-2)25-33-34(28,29)32-23-21-27(3,4)5/h26H,6-25H2,1-5H3/p+1	2-[[(2S)-2-ethoxy-3-hexadecoxypropoxy]-hydroxyphosphoryl]oxyethyl-trimethylazanium	CCCCCCCCCCCCCCCCOCC(COP(=O)(O)OCC[N+](C)(C)C)OCC	6.900	9546624;9546625;14162205;145730833;88895066;24779410	PUBCHEMANNOTATIONBIO:(null);CHEBI:(183863 189814);SUPERNATURAL:(SN0211721);PUBCHEM:(9546624 9546625 14162205 145730833 88895066 24779410);DSSTox:(DTXSID80647290);PUBMED:(null)	137456779362	532.369	416	6.940	857320441671480693	857316083986099883	857316083986099882	8570	
1	1	0.636	0.636	-42.610		0.991	91.260	C22H46O11	[M + H]+	C22H47O11+	MNFUJCTWEQAABW	InChI=1S/C22H46O11/c23-3-7-27-11-15-31-19-17-29-13-9-25-5-1-2-6-26-10-14-30-18-21-33-22-20-32-16-12-28-8-4-24/h23-24H,1-22H2	2-[2-[2-[2-[4-[2-[2-[2-[2-(2-Hydroxyethoxy)ethoxy]ethoxy]ethoxy]ethoxy]butoxy]ethoxy]ethoxy]ethoxy]ethanol	C(CCOCCOCCOCCOCCOCCO)COCCOCCOCCOCCO	-1.800	57605400	PUBCHEM:(57605400)	2	487.311	416	6.942	857320424546136765	857316084040625839	857316084036431534	8573	
1	2	0.036	0.036	-296.782		0.001	51.655	C26H46O6S	[M + H3N + H]+	C26H50NO6S+	VMHIZODIAMWIFX	InChI=1S/C26H46O6S/c1-5-8-16-29-20-24(31-18-10-7-3)26(33-22-14-12-11-13-15-22)32-25(23(28)19-27)21(4)30-17-9-6-2/h11-15,21,23-28H,5-10,16-20H2,1-4H3	(2R,4S)-4-butoxy-3-[(1R,2R)-2,3-dibutoxy-1-phenylsulfanylpropoxy]pentane-1,2-diol	CCCCOCC(C(OC(C(C)OCCCC)C(CO)O)SC1=CC=CC=C1)OCCCC	5.000	89946379	PUBCHEM:(89946379)	2	504.338	417	6.952	857320422977466860	857316084086763187	857316084086763186	8593	
1	9	0.189	0.189	-212.407		0.009	33.636	C20H22N6OS	[M + Na]+	C20H22N6NaOS+	JBZRFZWVRGXCFI	InChI=1S/C20H22N6OS/c1-4-13-26-19(17-7-5-6-12-21-17)23-24-20(26)28-14-18(27)22-15-8-10-16(11-9-15)25(2)3/h4-12H,1,13-14H2,2-3H3,(H,22,27)	2-{[4-allyl-5-(2-pyridinyl)-4H-1,2,4-triazol-3-yl]sulfanyl}-N-[4-(dimethylamino)phenyl]acetamide	CN(C)C1=CC=C(C=C1)NC(=O)CSC2=NN=C(N2CC=C)C3=CC=CC=N3	2.700	4678571	PUBCHEMANNOTATIONSAFETYANDTOXIC:(null);PUBCHEM:(4678571)	67108866	417.146	418	6.964	857320444297115122	857316084137094839	857316084132900534	8615	
1	9	0.330	0.330	-190.776		0.012	5.313	C17H33N3O10	[M + Na]+	C17H33N3NaO10+	IMBGBPHVOTXNJR	InChI=1S/C17H33N3O10/c18-3-8-12(24)7(22)2-10(27-8)29-15-6(20)1-5(19)11(23)16(15)30-17-14(26)13(25)9(4-21)28-17/h5-17,21-26H,1-4,18-20H2	2-(aminomethyl)-6-[(4,6-diamino-2-{[3,4-dihydroxy-5-(hydroxymethyl)oxolan-2-yl]oxy}-3-hydroxycyclohexyl)oxy]oxane-3,4-diol	C1C(C(C(C(C1N)OC2CC(C(C(O2)CN)O)O)OC3C(C(C(O3)CO)O)O)O)N	-5.100	163013629;156264227;156673497	COCONUT:(CNP0289070);SUPERNATURAL:(SN0149232);PUBCHEM:(163013629 156264227 156673497)	3145730	462.204	419	6.982	857320415717126612	857316084183232187	857316084183232186	8646	
1	1	0.125	0.125	-34.547		1.000	67.807	C8H14O	[M + H]+	C8H15O+	LWXIJTPQVNZEDH	InChI=1S/C8H14O/c1-4-6-7-8(3)9-5-2/h5H,2-4,6-7H2,1H3	2-Ethenoxyhex-1-ene	CCCCC(=C)OC=C	3.000	18353950	PUBCHEM:(18353950)	2	127.112	420	7.000	857320413825495498	857316084233563839	857316084229369534	8601	
1	3	0.490	0.490	-161.145		0.013	40.689	C16H37N3O7	[M + Na]+	C16H37N3NaO7+	VZAHZBJFYFSXIB	InChI=1S/C16H37N3O7/c20-9-3-17(4-10-21)1-2-18(5-11-22)8-14-26-16(15-25)19(6-12-23)7-13-24/h16,20-25H,1-15H2	2-[Bis(2-hydroxyethyl)amino]-2-[2-[2-[bis(2-hydroxyethyl)amino]ethyl-(2-hydroxyethyl)amino]ethoxy]ethanol	C(CN(CCO)CCOC(CO)N(CCO)CCO)N(CCO)CCO	-3.800	129034722	PUBCHEM:(129034722)	2	406.249	423	7.045	857320423317205495	857316084279701187	857316084279701186	8748	
1	1	0.236	0.334	-59.518		1.000	24.146	C8H19N	[M + H]+	C8H20N+	JQVDAXLFBXTEQA	InChI=1S/C8H19N/c1-3-5-7-9-8-6-4-2/h9H,3-8H2,1-2H3	dibutylamine	CCCCNCCCC	2.586	4094028;112758445;102398233;8148;72737484;90470959	PUBCHEMANNOTATIONBIO:(null);COCONUT:(CNP0203128);NORMAN:(NS00004620 NS00080627 NS00085235 NS00102571);HMDB:(HMDB0251174);PUBCHEMANNOTATIONSAFETYANDTOXIC:(null);BloodExposome:(3083954 8148);SUPERNATURAL:(SN0172768);HSDB:(111-92-2);MESH:(8148);PUBCHEM:(4094028 112758445 102398233 8148 72737484 90470959);DSSTox:(DTXSID20908933 DTXSID30212033 DTXSID7024952);PUBCHEMANNOTATIONDRUG:(null);PUBMED:(null)	137563996750	130.159	425	7.080	857320412328128955	857316084325838535	857316084325838534	8802	
1	1	0.951	0.951	-7.827		0.500	63.657	C12H27NO2	[M + H]+	C12H28NO2+	QZQNMMLYACBCMJ	InChI=1S/C12H27NO2/c1-2-3-4-5-6-7-8-13(9-11-14)10-12-15/h14-15H,2-12H2,1H3	Ethanol, 2,2'-(octylimino)bis-	CCCCCCCCN(CCO)CCO	2.300	84963	NORMAN:(NS00019705);PUBCHEMANNOTATIONSAFETYANDTOXIC:(null);PUBCHEM:(84963);DSSTox:(DTXSID3065906)	137506324482	218.212	427	7.113	857320430862759233	857316084376170187	857316084376170186	8871	
1	1	0.893	0.791	-21.340		1.000	50.413	C10H23NO	[M + H]+	C10H24NO+	UVYBWDBLVDZIOX	InChI=1S/C10H23NO/c1-2-3-4-5-6-7-8-11-9-10-12/h11-12H,2-10H2,1H3	2-(Octylamino)ethanol	CCCCCCCCNCCO	2.500	154114806;93158	NORMAN:(NS00029300);PUBCHEMANNOTATIONSAFETYANDTOXIC:(null);MESH:(93158);PUBCHEM:(154114806 93158);DSSTox:(DTXSID00789747 DTXSID9067699);PUBMED:(null)	137506324550	174.185	427	7.117	857320434390168924	857316084430696143	857316084430696142	8880	
1	1	0.673	0.673	-34.661		0.995	96.496	C24H50O12	[M + H]+	C24H51O12+	GOGLCKXJVKPVNJ	InChI=1S/C24H50O12/c25-3-7-29-11-15-33-19-23-35-21-17-31-13-9-27-5-1-2-6-28-10-14-32-18-22-36-24-20-34-16-12-30-8-4-26/h25-26H,1-24H2		C(CCOCCOCCOCCOCCOCCO)COCCOCCOCCOCCOCCO	-1.900	73555930	PUBCHEM:(73555930)	2	531.338	428	7.129	857320448650802711	857316084485222099	857316084481027794	8901	
1	3	0.321	0.321	-208.782		0.039	119.947	C28H60NO7P	[M + Na]+	C28H60NNaO7P+	WVOZATQXSDPOKR	InChI=1S/C28H60NO7P/c1-3-4-5-6-7-8-9-10-11-12-13-14-15-16-17-18-19-20-21-28(33-2)26-34-24-27(30)25-36-37(31,32)35-23-22-29/h27-28,30H,3-26,29H2,1-2H3,(H,31,32)	1-(2-Methoxy-docosanyl)-sn-glycero-3-phosphoethanolamine	CCCCCCCCCCCCCCCCCCCCC(COCC(COP(=O)(O)OCCN)O)OC	5.400	137323928	CHEBI:(187427);LIPIDMAPS:(LMGP02060025);PUBCHEM:(137323928)	2147483682	576.395	428	7.130	857320600853716112	857316084548136663	857316084548136662	8904	
1	1	0.047	0.047	-904.624		0.997	46.993	C30H46N2O6	[M + H3N + H]+	C30H50N3O6+	BRYSPOOQEWSLNW	InChI=1S/C30H46N2O6/c1-18(15-21(20-12-14-32-25(31)17-20)16-19-7-9-22(33)10-8-19)11-13-29-26(34)23-5-3-4-6-24(23)27(35)30(29,38-29)28(36)37-2/h11,19-25,32-33H,3-10,12-17,31H2,1-2H3	Methyl 7a-[5-(2-aminopiperidin-1-ium-4-yl)-6-(4-hydroxycyclohexyl)-3-methylhex-2-enyl]-2,7-dioxo-2a,3,4,5,6,6a-hexahydronaphtho[2,3-b]oxirene-1a-carboxylate	CC(=CCC12C(=O)C3CCCCC3C(=O)C1(O2)C(=O)OC)CC(CC4CCC(CC4)O)C5CCNC(C5)N	3.700	163162485;163162486;163162487;163162488	COCONUT:(CNP0465589);SUPERNATURAL:(SN0329093);PUBCHEM:(163162485 163162486 163162487 163162488)	3145730	548.364	428	7.140	857320441595983209	857316084602662619	857316084602662618	8913	
1	2	0.496	0.496	-367.951		0.268	34.055	C22H37NO7	[M + H]+	C22H38NO7+	QJNPASMLTGZAPU	InChI=1S/C22H37NO7/c1-24-9-10-26-13-14-28-17-18-30-20-19-29-16-15-27-12-11-25-8-7-23-21-22-5-3-2-4-6-22/h2-6,21H,7-20H2,1H3	N-Benzylidene-1-amino(hepta)ethyleneglycol monomethyl ether	COCCOCCOCCOCCOCCOCCOCCN=CC1=CC=CC=C1	0.500	44216856	CHEBI:(188704);PUBCHEM:(44216856);PUBMED:(null)	98	428.262	430	7.166	857320439746295136	857316084648799967	857316084648799966	8963	
1	1	0.682	0.688	-45.681		1.000	29.980	C12H26O5	[M + H]+	C12H27O5+	MXVMODFDROLTFD	InChI=1S/C12H26O5/c1-2-3-5-14-7-9-16-11-12-17-10-8-15-6-4-13/h13H,2-12H2,1H3	3,6,9,12-Tetraoxahexadecan-1-OL	CCCCOCCOCCOCCOCCO	0.718	73791	PUBCHEMANNOTATIONBIO:(null);NORMAN:(NS00048435);PUBCHEMANNOTATIONSAFETYANDTOXIC:(null);PUBCHEM:(73791);DSSTox:(DTXSID2027412)	137523101698	251.185	431	7.184	857320434000098639	857316084707520227	857316084703325922	9002	
1	1	0.246	0.246	-51.018		0.991	89.416	C10H8O2	[M + H]+	C10H9O2+	YUTFQTAITWWGFH	InChI=1S/C10H8O2/c1-7(11)10-6-8-4-2-3-5-9(8)12-10/h2-6H,1H3	1-(4,5,6,7-Tetradeuterio-1-benzofuran-2-yl)ethanone	CC(=O)C1=CC2=CC=CC=C2O1	2.018	101211274;153492499;15435	NORMAN:(NS00019784);PUBCHEMANNOTATIONSAFETYANDTOXIC:(null);SUPERNATURAL:(SN0460839);MESH:(15435);PUBCHEM:(101211274 153492499 15435);DSSTox:(DTXSID3061845);PUBMED:(null)	137507373126	161.060	436	7.269	857320448487224845	857316084799794923	857316084799794922	9151	
1	1	0.006	0.006	-501.458		0.479	38.636	C22H35N5O5	[M + H]+	C22H36N5O5+	VJJJRHCFTHYBTG	InChI=1S/C22H35N5O5/c28-19-17(7-4-8-23-19)24-20(29)18-15-26(22(31)25-11-13-32-14-12-25)9-10-27(18)21(30)16-5-2-1-3-6-16/h16-18H,1-15H2,(H,23,28)(H,24,29)	1-cyclohexanecarbonyl-4-(morpholine-4-carbonyl)-N-(2-oxopiperidin-3-yl)piperazine-2-carboxamide	C1CCC(CC1)C(=O)N2CCN(CC2C(=O)NC3CCCNC3=O)C(=O)N4CCOCC4	0.000	73139207;11912335	COCONUT:(CNP0040058);PUBCHEM:(73139207 11912335)	2097154	450.275	437	7.278	857320452501174126	857316084850126575	857316084845932270	9174	
1	1	0.684	0.690	-39.964		1.000	28.920	C12H26O5	[M + H]+	C12H27O5+	MXVMODFDROLTFD	InChI=1S/C12H26O5/c1-2-3-5-14-7-9-16-11-12-17-10-8-15-6-4-13/h13H,2-12H2,1H3	3,6,9,12-Tetraoxahexadecan-1-OL	CCCCOCCOCCOCCOCCO	0.718	73791	PUBCHEMANNOTATIONBIO:(null);NORMAN:(NS00048435);PUBCHEMANNOTATIONSAFETYANDTOXIC:(null);PUBCHEM:(73791);DSSTox:(DTXSID2027412)	137523101698	251.185	437	7.286	857320449095398945	857316084913041139	857316084908846834	9249	
1	1	0.530	0.530	-39.160		0.954	83.003	C26H54O13	[M + H]+	C26H55O13+	HMLWUTSMMJVOLX	InChI=1S/C26H54O13/c1-2-28-5-6-30-9-10-32-13-14-34-17-18-36-21-22-38-25-26-39-24-23-37-20-19-35-16-15-33-12-11-31-8-7-29-4-3-27/h27H,2-26H2,1H3		CCOCCOCCOCCOCCOCCOCCOCCOCCOCCOCCOCCOCCO	-0.986	53439821	NORMAN:(NS00098420);PUBCHEM:(53439821);DSSTox:(DTXSID40702177)	137439215618	575.364	438	7.304	857320542473198724	857316084963372791	857316084963372790	9211	
1	2	0.039	0.039	-625.049		0.000	109.687	C28H55N9O5	[M + Na]+	C28H55N9NaO5+	WWGDKASQHBJZSA	InChI=1S/C28H55N9O5/c1-3-4-5-6-9-16-33-24(39)20(13-10-17-34-28(31)32)35-25(40)22-14-11-18-37(22)27(42)21(12-7-8-15-29)36-26(41)23(30)19(2)38/h19-23,38H,3-18,29-30H2,1-2H3,(H,33,39)(H,35,40)(H,36,41)(H4,31,32,34)	Tuftsinyl-n-heptylamide	CCCCCCCNC(=O)C(CCCN=C(N)N)NC(=O)C1CCCN1C(=O)C(CCCCN)NC(=O)C(C(C)O)N	-0.103	126804	MESH:(126804);PUBCHEM:(126804);DSSTox:(DTXSID60932191);PUBMED:(null)	137438953542	620.421	438	7.308	857320759993998489	857316085026287355	857316085022093050	9215	
1	3	0.029	0.029	-551.706		0.000	74.231	C34H46N4O4	[M + H3N + H]+	C34H50N5O4+	NUPRKZYZYMKRKO	InChI=1S/C34H46N4O4/c1-23(2)21-31(39)37-17-13-27(14-18-37)33(41)35-29-9-5-25(6-10-29)26-7-11-30(12-8-26)36-34(42)28-15-19-38(20-16-28)32(40)22-24(3)4/h5-12,23-24,27-28H,13-22H2,1-4H3,(H,35,41)(H,36,42)	N,N'-([1,1'-biphenyl]-4,4'-diyl)bis(1-(3-methylbutanoyl)piperidine-4-carboxamide) (17)	CC(C)CC(=O)N1CCC(CC1)C(=O)NC2=CC=C(C=C2)C3=CC=C(C=C3)NC(=O)C4CCN(CC4)C(=O)CC(C)C	4.300	86766301	PUBCHEMANNOTATIONBIO:(null);PUBCHEM:(86766301);PUBMED:(null)	16777282	592.390	439	7.317	857320895369354404	857316085080813311	857316085080813310	9242	
1	1	0.063	0.063	-70.962		0.500	114.792	C12H12O3	[M + H]+	C12H13O3+	CIDKZXKLGJKSTO	InChI=1S/C12H12O3/c1-2-5-9-6-3-4-7-10(9)11(13)8-12(14)15/h2-7H,8H2,1H3,(H,14,15)	3-Oxo-3-(2-prop-1-enylphenyl)propanoic acid	CC=CC1=CC=CC=C1C(=O)CC(=O)O	2.300	56990922;88450309	PUBCHEM:(56990922 88450309)	2	205.086	441	7.353	857321042081914028	857316085135339267	857316085131144962	9287	
1	2	0.159	0.159	-604.924		0.303	43.983	C23H41N3O5S	[M + H]+	C23H42N3O5S+	KFKPXYHWRUROHN	InChI=1S/C23H41N3O5S/c1-5-8-14-25(15-9-6-2)16-10-13-24-21(27)20-19(4)22(28)31-23(20)11-17-26(18-12-23)32(29,30)7-3/h5-18H2,1-4H3,(H,24,27)	N-[3-(dibutylamino)propyl]-8-(ethylsulfonyl)-3-methyl-2-oxo-1-oxa-8-azaspiro[4.5]dec-3-ene-4-carboxamide	CCCCN(CCCC)CCCNC(=O)C1=C(C(=O)OC12CCN(CC2)S(=O)(=O)CC)C	2.500	20937187	SUPERNATURAL:(SN0184179);PUBCHEM:(20937187)	1048578	472.288	443	7.388	857321494844448761	857316085185670919	857316085185670918	9350	
1	1	0.292	0.378	-111.161		1.000	17.445	C12H25N	[M + H]+	C12H26N+	HBGGBCVEFUPUNY	InChI=1S/C12H25N/c13-12-10-8-6-4-2-1-3-5-7-9-11-12/h12H,1-11,13H2	Cyclododecylamine	C1CCCCCC(CCCCC1)N	3.869	7057897;2897	NORMAN:(NS00024912);PUBCHEM:(7057897 2897);DSSTox:(DTXSID1061736);PUBMED:(null)	137439215682	184.206	444	7.399	857321492990566391	857316085240196875	857316085240196874	9373	
1	1	0.409	0.409	-109.810		1.000	84.565	C12H27NO3	[M + H]+	C12H28NO3+	QVDMCWUPIIPUQM	InChI=1S/C12H27NO3/c1-4-5-6-7-8-13(9-10-14)11-12(15-2)16-3/h12,14H,4-11H2,1-3H3	2-[(2,2-Dimethoxyethyl)(hexyl)amino]ethan-1-ol	CCCCCCN(CCO)CC(OC)OC	1.800	138080344	PUBCHEM:(138080344)	2	234.206	446	7.434	857321503413411970	857316085303111439	857316085303111438	9442	
1	2	0.089	0.089	-320.159		0.296	41.915	C15H29NO4	[M + Na]+	C15H29NNaO4+	DUNPXMOBBKBKHK	InChI=1S/C15H29NO4/c1-15(2,3)20-14(19)16-12-10-8-6-4-5-7-9-11-13(17)18/h4-12H2,1-3H3,(H,16,19)(H,17,18)	10-((tert-Butoxycarbonyl)amino)decanoic acid	CC(C)(C)OC(=O)NCCCCCCCCCC(=O)O	3.700	4321832;60111605	PUBCHEMANNOTATIONSAFETYANDTOXIC:(null);PUBCHEM:(4321832 60111605);DSSTox:(DTXSID00401912)	137506062338	310.199	447	7.457	857321569519845211	857316085370220307	857316085370220306	9475	
1	1	0.594	0.594	-41.399		0.978	80.432	C28H58O14	[M + H]+	C28H59O14+	IPVHOLGRGKTFCL	InChI=1S/C28H58O14/c1-2-30-5-6-32-9-10-34-13-14-36-17-18-38-21-22-40-25-26-42-28-27-41-24-23-39-20-19-37-16-15-35-12-11-33-8-7-31-4-3-29/h29H,2-28H2,1H3	2-[2-[2-[2-[2-[2-[2-[2-[2-[2-[2-[2-(2-Ethoxyethoxy)ethoxy]ethoxy]ethoxy]ethoxy]ethoxy]ethoxy]ethoxy]ethoxy]ethoxy]ethoxy]ethoxy]ethanol	CCOCCOCCOCCOCCOCCOCCOCCOCCOCCOCCOCCOCCOCCO	-1.087	139595437	NORMAN:(NS00098421);PUBCHEM:(139595437)	262146	619.389	448	7.463	857321618475761519	857316085437329175	857316085433134870	9481	
1	1	0.064	0.064	-688.904		0.968	123.094	C37H61NO9	[M + H]+	C37H62NO9+	AGGNNZKNWLCKAW	InChI=1S/C37H61NO9/c1-20(19-45-23(4)41)8-7-9-21(2)28-17-29(46-35-32(38-22(3)40)34(44)33(43)30(18-39)47-35)31-26-11-10-24-16-25(42)12-14-36(24,5)27(26)13-15-37(28,31)6/h10,20-21,25-35,39,42-44H,7-9,11-19H2,1-6H3,(H,38,40)	6-(3-{[3-acetamido-4,5-dihydroxy-6-(hydroxymethyl)oxan-2-yl]oxy}-7-hydroxy-9a,11a-dimethyl-1H,2H,3H,3aH,3bH,4H,6H,7H,8H,9H,9aH,9bH,10H,11H,11aH-cyclopenta[a]phenanthren-1-yl)-2-methylheptyl acetate	CC(CCCC(C)C1CC(C2C1(CCC3C2CC=C4C3(CCC(C4)O)C)C)OC5C(C(C(C(O5)CO)O)O)NC(=O)C)COC(=O)C	4.800	21725057;21725061;50918761;76966336;22832259;22832261;22832608;22832610;162898364;162898365;91809654;185344;122361578;122362045;71224874;71232394;71232397;44151345;71498245;71498268;73824760	COCONUT:(CNP0166072);TeroMol:(TKC119138);SUPERNATURAL:(SN0004833);MESH:(21725061);PUBCHEM:(21725057 21725061 50918761 76966336 22832259 22832261 22832608 22832610 162898364 162898365 91809654 185344 122361578 122362045 71224874 71232394 71232397 44151345 71498245 71498268 73824760);DSSTox:(DTXSID40915503);LOTUS:(Q27284581 Q27285887 Q104911755);PUBMED:(null)	137718923334	664.448	448	7.473	857321598234050405	857316085517020955	857316085517020954	9492	
1	1	0.036	0.036	-427.346		0.999	71.476	C35H54O9	[M + H3N + H]+	C35H58NO9+	RVPIGHKOAGJIKI	InChI=1S/C35H54O9/c1-17-23-19(43-35(26(17)39)28(44-35)30(4,5)40)14-32(7)21-9-8-20-29(2,3)22(42-27-25(38)24(37)18(36)15-41-27)10-11-33(20)16-34(21,33)13-12-31(23,32)6/h9,17-20,22-28,36-40H,8,10-16H2,1-7H3	12-deacetoxyactaeaepoxide 3-o-beta-d-xylopyranoside	CC1C2C(CC3(C2(CCC45C3=CCC6C4(C5)CCC(C6(C)C)OC7C(C(C(CO7)O)O)O)C)C)OC8(C1O)C(O8)C(C)(C)O	2.900	163163525;16104913;44418830	COCONUT:(CNP0466245);TeroMol:(TKC066162);SUPERNATURAL:(SN0336467);PUBCHEM:(163163525 16104913 44418830);PUBMED:(null)	11534402	636.416	449	7.475	857321848155848574	857316085588324127	857316085588324126	9493	
1	1	0.040	0.040	-143.590		1.000	46.966	C9H20O3	[M + H]+	C9H21O3+	IVBLRSMVJDVLCP	InChI=1S/C9H20O3/c1-9(2,3)12-8-7-11-6-5-10-4/h5-8H2,1-4H3	2-[2-(2-Methoxyethoxy)ethoxy]-2-methylpropane	CC(C)(C)OCCOCCOC	1.124	104324	NORMAN:(NS00032586);PUBCHEM:(104324);DSSTox:(DTXSID6068804)	137439215618	177.149	450	7.493	857321864731739690	857316085651238691	857316085651238690	9526	
1	1	0.129	0.129	-233.867		0.500	83.576	C12H25NO3	[M + H]+	C12H26NO3+	FZQAYFWUOCXLKJ	InChI=1S/C12H25NO3/c1-2-3-4-5-6-7-12(16)13(8-10-14)9-11-15/h14-15H,2-11H2,1H3	N,N-Bis(2-hydroxyethyl)octanamide	CCCCCCCC(=O)N(CCO)CCO	1.300	76499	PUBCHEMANNOTATIONBIO:(null);NORMAN:(NS00014530);PUBCHEMANNOTATIONSAFETYANDTOXIC:(null);PUBCHEM:(76499);DSSTox:(DTXSID6062832)	137523101698	232.191	454	7.566	857321862311626260	857316085709958951	857316085705764646	9622	
1	1	0.730	0.842	-49.522		1.000	23.900	C12H27N	[M + H]+	C12H28N+	PXSXRABJBXYMFT	InChI=1S/C12H27N/c1-3-5-7-9-11-13-12-10-8-6-4-2/h13H,3-12H2,1-2H3	dihexylazanium	CCCCCCNCCCCCC	4.500	102212925;3256679;8920	COCONUT:(CNP0462839);NORMAN:(NS00020745);PUBCHEMANNOTATIONSAFETYANDTOXIC:(null);SUPERNATURAL:(SN0297990);PUBCHEM:(102212925 3256679 8920);public_spectra_2506;DSSTox:(DTXSID1022009 DTXSID20334218);PUBMED:(null)	146099404866	186.222	454	7.571	857321859602105875	857316085764484907	857316085764484906	9632	
1	1	0.264	0.371	-44.917		1.000	30.950	C8H12	[M + H]+	C8H13+	ZPWOOKQUDFIEIX	InChI=1S/C8H12/c1-2-4-6-8-7-5-3-1/h1-6H2	Cyclooctyne	C1CCCC#CCC1	3.200	137207	PUBCHEMANNOTATIONBIO:(null);HMDB:(HMDB0250663);BloodExposome:(137207);CHEBI:(37815);PUBCHEM:(137207);DSSTox:(DTXSID50170424);PUBMED:(null)	137459925098	109.101	455	7.579	857321863267927579	857316085823205167	857316085823205166	9646	
1	1	0.009	0.009	-142.993		0.933	12.376	C15H29N5O2	[M + H]+	C15H30N5O2+	XILLFZUOCOWPLM	InChI=1S/C15H29N5O2/c1-3-22-13-5-7-18-15(17-6-4-12-21-2)19-9-11-20-10-8-16-14-20/h8,10,14H,3-7,9,11-13H2,1-2H3,(H2,17,18,19)	1-(3-Ethoxypropyl)-3-(2-imidazol-1-ylethyl)-2-(3-methoxypropyl)guanidine	CCOCCCNC(=NCCCOC)NCCN1C=CN=C1	0.000	71933379	PUBCHEM:(71933379)	2	312.238	456	7.599	857321864677213727	857316085886119731	857316085886119730	9683	
1	1	0.692	0.698	-14.337		1.000	89.563	C12H26O5	[M + H]+	C12H27O5+	MXVMODFDROLTFD	InChI=1S/C12H26O5/c1-2-3-5-14-7-9-16-11-12-17-10-8-15-6-4-13/h13H,2-12H2,1H3	3,6,9,12-Tetraoxahexadecan-1-OL	CCCCOCCOCCOCCOCCO	0.718	73791	PUBCHEMANNOTATIONBIO:(null);NORMAN:(NS00048435);PUBCHEMANNOTATIONSAFETYANDTOXIC:(null);PUBCHEM:(73791);DSSTox:(DTXSID2027412)	137523101698	251.185	456	7.602	857321877117520800	857316086003560251	857316085999365946	9689	
1	1	0.010	0.010	-179.422		0.733	18.947	C13H31N5O	[M + Na]+	C13H31N5NaO+	VXNHXOWASHIFLL	InChI=1S/C13H31N5O/c1-3-4-14-5-8-17-11-16(2)12-18(13-17)9-6-15-7-10-19/h14-15,19H,3-13H2,1-2H3	2-[2-[3-Methyl-5-[2-(propylamino)ethyl]-1,3,5-triazinan-1-yl]ethylamino]ethanol	CCCNCCN1CN(CN(C1)CCNCCO)C	-0.200	58426265	PUBCHEM:(58426265)	2	296.243	456	7.603	857321983875150525	857316086053891903	857316086053891902	9690	
1	1	0.790	0.794	-11.681		0.996	34.055	C12H26O5	[M + H3N + H]+	C12H30NO5+	MXVMODFDROLTFD	InChI=1S/C12H26O5/c1-2-3-5-14-7-9-16-11-12-17-10-8-15-6-4-13/h13H,2-12H2,1H3	3,6,9,12-Tetraoxahexadecan-1-OL	CCCCOCCOCCOCCOCCO	0.718	73791	PUBCHEMANNOTATIONBIO:(null);NORMAN:(NS00048435);PUBCHEMANNOTATIONSAFETYANDTOXIC:(null);PUBCHEM:(73791);DSSTox:(DTXSID2027412)	137523101698	268.212	456	7.605	857321924576080550	857316086108417859	857316086108417858	9686	
1	7	0.102	0.102	-202.666		0.000	61.410	C16H30ClN3O2	[M + H]+	C16H31ClN3O2+	QTYHFQRIMNSVAJ	InChI=1S/C16H30ClN3O2/c1-17(21,16-3-2-12-22-16)20-10-4-14(5-11-20)13-19-8-6-15(18)7-9-19/h1,14-16H,2-13,18H2	1-[[1-[methylidyne-oxo-[(2R)-oxolan-2-yl]-lambda7-chloranyl]piperidin-4-yl]methyl]piperidin-4-amine	C#Cl(=O)(C1CCCO1)N2CCC(CC2)CN3CCC(CC3)N	2.400	163913154	PUBCHEM:(163913154)	2	332.212	457	7.610	857321982444892857	857316086167138119	857316086162943814	9720	
1	1	0.923	0.923	-61.777		0.584	53.538	C30H62O15	[M + H]+	C30H63O15+	WWPGFZAAWXFBTF	InChI=1S/C30H62O15/c1-2-32-5-6-34-9-10-36-13-14-38-17-18-40-21-22-42-25-26-44-29-30-45-28-27-43-24-23-41-20-19-39-16-15-37-12-11-35-8-7-33-4-3-31/h31H,2-30H2,1H3		CCOCCOCCOCCOCCOCCOCCOCCOCCOCCOCCOCCOCCOCCOCCO	-1.187	76871872	PUBCHEMANNOTATIONBIO:(null);PUBCHEM:(76871872)	16777218	663.416	457	7.622	857322008420218386	857316086221664075	857316086221664074	9737	
1	5	0.065	0.078	-244.766		0.005	40.990	C20H19FN6O2	[M + Na]+	C20H19FN6NaO2+	XIKXOEAUASDMNF	InChI=1S/C20H19FN6O2/c1-25-16-17(24-19(25)23-11-13-6-5-9-22-10-13)26(2)20(29)27(18(16)28)12-14-7-3-4-8-15(14)21/h3-10H,11-12H2,1-2H3,(H,23,24)	1-[(2-Fluorophenyl)methyl]-3,7-dimethyl-8-(pyridin-3-ylmethylamino)purine-2,6-dione	CN1C2=C(N=C1NCC3=CN=CC=C3)N(C(=O)N(C2=O)CC4=CC=CC=C4F)C	1.900	657772	SUPERNATURAL:(SN0431045);PUBCHEM:(657772);PUBMED:(null)	1048642	417.146	460	7.673	857322056952511276	857316086334910291	857316086334910290	9758	
1	3	0.199	0.199	-189.860		0.179	13.039	C27H23N7O	[M + H]+	C27H24N7O+	GRGNBXUBKBUEDX	InChI=1S/C27H23N7O/c1-17-14-25(34-27(28)30-17)32-20-8-5-9-21(16-20)33-26(35)18-6-4-7-19(15-18)31-24-12-13-29-23-11-3-2-10-22(23)24/h2-16H,1H3,(H,29,31)(H,33,35)(H3,28,30,32,34)	N-(3-((2-Amino-6-methylpyrimidin-4-yl)amino)phenyl)-3-(quinolin-4-ylamino)benzamide	CC1=CC(=NC(=N1)N)NC2=CC(=CC=C2)NC(=O)C3=CC(=CC=C3)NC4=CC=NC5=CC=CC=C54	4.800	76318201	MESH:(76318201);PUBCHEM:(76318201);PUBMED:(null)	70	462.204	461	7.689	857322056025570080	857316086397824855	857316086397824854	9769	
1	1	0.183	0.183	-379.011		0.952	81.769	C41H69NO11	[M + H]+	C41H70NO11+	NXUKVXWCDKXPCR	InChI=1S/C41H69NO11/c1-11-24(45-7)13-12-14-32(52-33-16-15-31(42(5)6)22(3)49-33)21(2)35(44)28-19-27-26-17-25(18-29(26)37-38(53-37)34(27)30(28)20-43)51-41-40(48-10)39(47-9)36(46-8)23(4)50-41/h19,21-27,29-34,36-41,43H,11-18,20H2,1-10H3	(2R,3S,7S)-3-[(2R,5S)-5-(dimethylamino)-6-methyloxan-2-yl]oxy-1-[(1R,5R,6S,9R,10S,12S)-6-(hydroxymethyl)-12-[(2R,5S)-3,4,5-trimethoxy-6-methyloxan-2-yl]oxy-3-oxatetracyclo[8.3.0.02,4.05,9]tridec-7-en-7-yl]-7-methoxy-2-methylnonan-1-one	CCC(CCCC(C(C)C(=O)C1=CC2C3CC(CC3C4C(C2C1CO)O4)OC5C(C(C(C(O5)C)OC)OC)OC)OC6CCC(C(O6)C)N(C)C)OC	3.700	126673708	PUBCHEM:(126673708)	2	752.499	467	7.783	857322097066835673	857316086452350811	857316086452350810	9975	
1	1	0.080	0.080	-50.915		0.717	15.473	C8H7N	[M + Na]+	C8H7NNa+	SIKJAQJRHWYJAI	InChI=1S/C8H7N/c1-2-4-8-7(3-1)5-6-9-8/h1-6,9H	Indol	C1=CC=C2C(=C1)C=CN2	1.876	22035206;87660093;76972954;135027300;129831097;4528438;140580558;89280765;153712534;153712535;54307285;11147700;10725332;10772970;798;450709;12196802;12196803;12196804;12196805;12196806;12196810;12196812;12196813;12196818;12196819;11542778;11843674;141357179;141357184	PUBCHEMANNOTATIONBIO:(null);HMDB:(HMDB0000738);MiMeDB:(MMDBc0000004);PUBCHEMANNOTATIONSAFETYANDTOXIC:(null);BloodExposome:(57447477 798);SUPERNATURAL:(SN0070813 SN0346338);HSDB:(120-72-9);MESH:(798);PUBCHEM:(22035206 87660093 76972954 135027300 129831097 4528438 140580558 89280765 153712534 153712535 54307285 11147700 10725332 10772970 798 450709 12196802 12196803 12196804 12196805 12196806 12196810 12196812 12196813 12196818 12196819 11542778 11843674 141357179 141357184);public_spectra_2506;COCONUT:(CNP0118430);NORMAN:(NS00010849);METACYC:(CPDQT-462 INDOLE);PLANTCYC:(INDOLE);CHEBI:(16881);KEGG:(C00463);DSSTox:(DTXSID0020737 DTXSID10775530 DTXSID30715817 DTXSID401317084 DTXSID50761230 DTXSID601336539 DTXSID80464828 DTXSID80892627 DTXSID90616598);LOTUS:(Q319541);PUBCHEMANNOTATIONDRUG:(null);PUBCHEMANNOTATIONFOOD:(null);PUBMED:(null);KNAPSACK:(SIKJAQJRHWYJAI-UHFFFAOYSA-N)	147630459774	140.047	468	7.798	857322102435544807	857316086511071071	857316086511071070	10015	
1	2	0.061	0.061	-101.348		0.333	38.980	C9H16O3	[M - H2O + H]+	C9H15O2+	ISBWNEKJSSLXOD	InChI=1S/C9H16O3/c1-3-4-7-12-9(11)6-5-8(2)10/h3-7H2,1-2H3	butyl 4-oxopentanoate	CCCCOC(=O)CCC(=O)C	1.000	16331	PUBCHEMANNOTATIONBIO:(null);COCONUT:(CNP0349279);NORMAN:(NS00009432);HMDB:(HMDB0040165);PUBCHEMANNOTATIONSAFETYANDTOXIC:(null);CHEBI:(171935);SUPERNATURAL:(SN0153853);FooDB:(FDB019874);PUBCHEM:(16331);DSSTox:(DTXSID3038800);PUBCHEMANNOTATIONDRUG:(null);PUBCHEMANNOTATIONFOOD:(null);PUBMED:(null)	138230890602	155.107	489	8.145	857322069678029755	857316086611734375	857316086607540070	10551	
1	3	0.284	0.592	-96.085		0.333	40.719	C10H20O3	[M + C2H3N + H]+	C12H24NO3+	FYSSBMZUBSBFJL	InChI=1S/C10H20O3/c1-2-3-4-5-6-7-9(11)8-10(12)13/h9,11H,2-8H2,1H3,(H,12,13)	Myrmicacin	CCCCCCCC(CC(=O)O)O	2.500	21976318;5312798;5312799;163570251;10877926;10899442;123164526;26612;49859605	PUBCHEMANNOTATIONBIO:(null);HMDB:(HMDB0002203 HMDB0010725);MiMeDB:(MMDBc0047810);PUBCHEMANNOTATIONSAFETYANDTOXIC:(null);BloodExposome:(26612 5312798);LIPIDMAPS:(LMFA01050153 LMFA01050245 LMFA01050246);SUPERNATURAL:(SN0099109);MESH:(26612 5312798);FooDB:(FDB027873);PUBCHEM:(21976318 5312798 5312799 163570251 10877926 10899442 123164526 26612 49859605);public_spectra_2506;GNPS:(CCMSLIB00003135649);COCONUT:(CNP0310989);NORMAN:(NS00014718);METACYC:(Release-factor-L-glutamine Glyco-CT-Stemtype-GAL Omega-1-Hydroxy-Long-Chain-Fatty-Acids CPD-11933 ADP-RIBOSE-P-OR-NOP Benzoin CPD-21098 Iodoaromtic-Compounds PROCOLLAGEN-5-HYDROXY-L-LYSINE 4a-Hydroxytetrahydrobiopterins S-ubiquitinyl-HECT-E3-UCP-L-cysteine Phosphorus-Molecular-Entities CPD-19347 Indoles GALACTOSYLCERAMIDE-SULFATE Carotenoid-phi-end-group N1-Methylguanine-containing-23S-rRNAs CPD-14022 6-Dimethylallyladenosine37-tRNAs Oligodeoxyribonucleotides Inositol-Phosphates CPD-12779 Branched-Alkanes GlcCer-42-0-3s 23S-rRNA-Adenines Cerebroside-3-sulfates 5-Phospho-DNA);CHEBI:(167572 37371 171760 132979 132983);DSSTox:(DTXSID40864486 DTXSID70415602);LOTUS:(Q27289079 Q15425812);PUBCHEMANNOTATIONDRUG:(null);PUBMED:(null)	150180468846	230.175	495	8.258	857322070571416525	857316086662066027	857316086662066026	10714	
1	4	0.036	0.036	-69.728		0.250	80.407	C10H18O2	[M + C2H3N + H]+	C12H22NO2+	JOSFJABFAXRZJQ	InChI=1S/C10H18O2/c1-3-11-9-7-5-6-8-10-12-4-2/h3-4H,1-2,5-10H2	1,6-Bis(vinyloxy)hexane	C=COCCCCCCOC=C	2.900	88229	NORMAN:(NS00048269);PUBCHEM:(88229);DSSTox:(DTXSID40941524)	137439215618	212.165	498	8.308	857322130407358196	857316086716591983	857316086716591982	10719	
1	1	0.585	0.585	-40.941		1.000	74.475	C12H24S	[M + H]+	C12H25S+	ROWBXKQQQMGHMH	InChI=1S/C12H24S/c1-2-4-6-8-10-12-13-11-9-7-5-3-1/h1-12H2	Thiacyclotridecane	C1CCCCCCSCCCCC1	5.300	12543972	PUBCHEM:(12543972)	2	201.168	503	8.376	857322100384530147	857316086775312243	857316086775312242	10785	
1	1	0.136	0.136	-118.854		1.000	201.815	C11H18O2	[M + H]+	C11H19O2+	WXUGSDBMQDMRMU	InChI=1S/C11H18O2/c1-2-3-4-5-6-7-8-9-10-11(12)13/h7-10H,2-6H2,1H3,(H,12,13)	(2E)-undeca-2,4-dienoic acid	CCCCCCC=CC=CC(=O)O	3.900	19805100;5312374;164081152;54455297;73654319	CHEBI:(185570);LIPIDMAPS:(LMFA01030222);PUBCHEM:(19805100 5312374 164081152 54455297 73654319);DSSTox:(DTXSID80711460)	139586437154	183.138	503	8.378	857322549363802103	857316086834032503	857316086829838198	10833	
1	1	0.132	0.132	-97.856		1.000	195.149	C11H21NO2	[M + H]+	C11H22NO2+	BSRBEUFYGVVBLO	InChI=1S/C11H21NO2/c1-3-10(4-2)6-11(7-10,8-12)5-9(13)14/h3-8,12H2,1-2H3,(H,13,14)	2-[1-(Aminomethyl)-3,3-diethylcyclobutyl]acetic acid	CCC1(CC(C1)(CC(=O)O)CN)CC	-0.600	9855757	PUBCHEM:(9855757)	2	200.165	503	8.378	857322572935794617	857316086888558459	857316086888558458	10839	
1	1	0.022	0.054	-51.237		1.000	83.267	C8H10O2	[M + H]+	C8H11O2+	TYQZWSFEJJSSQR	InChI=1S/C8H10O2/c1-8(4-2-6-9)5-3-7-10/h2-7,9H,1H3	(2E,4E,6E)-7-hydroxy-4-methylhepta-2,4,6-trienal	CC(=CC=CO)C=CC=O	1.500	70678836	PUBCHEMANNOTATIONBIO:(null);TeroMol:(TKC122503);METACYC:(CPD-14650);PLANTCYC:(CPD-14650);CHEBI:(67191);KEGG:(C20694);PUBCHEM:(70678836);PUBCHEMANNOTATIONDRUG:(null);PUBMED:(null)	58853730	139.075	507	8.442	857322571912384411	857316086934695807	857316086934695806	10880	
1	1	0.673	0.747	-25.640		0.992	62.214	C12H6O3	[M + H]+	C12H7O3+	IZJDCINIYIMFGX	InChI=1S/C12H6O3/c13-11-9-5-7-3-1-2-4-8(7)6-10(9)12(14)15-11/h1-6H	1H,3H-naphtho[2,3-c]furan-1,3-dione	C1=CC=C2C=C3C(=CC2=C1)C(=O)OC3=O	2.500	69743	COCONUT:(CNP0060648);NORMAN:(NS00037262);PUBCHEM:(69743);DSSTox:(DTXSID9061049);PUBMED:(null)	137441312834	199.039	511	8.511	857322580267438087	857316086980833155	857316086976638850	11015	
1	1	0.949	0.949	-21.312		0.994	29.147	C13H16N2S	[M + H]+	C13H17N2S+	UPWPIFMHSFSVLE	InChI=1S/C13H16N2S/c1-2-6-10(7-3-1)14-13-15-11-8-4-5-9-12(11)16-13/h4-5,8-10H,1-3,6-7H2,(H,14,15)	benzothiazolyl-cyclohexyl-amine	C1CCC(CC1)NC2=NC3=CC=CC=C3S2	4.133	591790;138396128	COCONUT:(CNP0469695);NORMAN:(NS00014432);PUBCHEMANNOTATIONSAFETYANDTOXIC:(null);CHEBI:(191148);SUPERNATURAL:(SN0376943);PUBCHEM:(591790 138396128);public_spectra_2506;DSSTox:(DTXSID50891506 DTXSID90892794);GNPS:(CCMSLIB00000579669)	146099408930	233.111	511	8.513	857322579214667762	857316087022776199	857316087022776198	11016	
1	1	0.305	0.305	-281.182		0.875	60.674	C17H26N2O	[M + H]+	C17H27N2O+	KEQBTQJDZSZAMQ	InChI=1S/C17H26N2O/c1-2-3-4-5-6-11-17(20)19-13-8-10-16(19)15-9-7-12-18-14-15/h7,9,12,14,16H,2-6,8,10-11,13H2,1H3	1-[2-(pyridin-3-yl)pyrrolidin-1-yl]octan-1-one	CCCCCCCC(=O)N1CCCC1C2=CN=CC=C2	3.700	162842339;528371;162334	COCONUT:(CNP0102800);SUPERNATURAL:(SN0183555);MESH:(162334);PUBCHEM:(162842339 528371 162334);DSSTox:(DTXSID10959636);PUBMED:(null)	137442099270	275.212	514	8.560	857322572826742703	857316087064719243	857316087064719242	11083	
1	1	0.046	0.046	-133.331		1.000	111.146	C11H14O3	[M + H]+	C11H15O3+	YKTRFCJDTCAPSG	InChI=1S/C11H14O3/c1-4-5-6-9-8(2)14-11(12)7-10(9)13-3/h5-7H,4H2,1-3H3	5-(1-Buten-1-yl)-4-methoxy-6-methyl-2H-pyran-2-one	CCC=CC1=C(OC(=O)C=C1OC)C	1.800	85503084;38357489	COCONUT:(CNP0087270);SUPERNATURAL:(SN0453074);PUBCHEM:(85503084 38357489);public_spectra_2506;DSSTox:(DTXSID401227500)	146032033794	195.102	515	8.579	857322584935698464	857316087110856591	857316087110856590	11111	
1	1	0.059	0.059	-172.500		1.000	60.689	C8H20N4O2	[M + Na]+	C8H20N4NaO2+	KQHAZGURWZYZJG	InChI=1S/C8H20N4O2/c1-9-7-5-3-4-6-8-11(2)12(14)10-13/h9,13H,3-8H2,1-2H3	(1Z)-1-(hydroxyimino)-2-methyl-2-[6-(methylamino)hexyl]hydrazin-1-ium-1-olate	CNCCCCCCN(C)[N+](=NO)[O-]	1.500	135438113;135445753;135445754;135487863;135518414;135518415;135573954	BloodExposome:(135487863);MESH:(135487863 135518414);PUBCHEM:(135438113 135445753 135445754 135487863 135518414 135518415 135573954);PUBMED:(null)	4194374	227.147	520	8.661	857322571954327461	857316087156993939	857316087156993938	11212	
1	1	0.991	0.991	-26.219		1.000	47.150	C12H25NO3	[M + H]+	C12H26NO3+	FZQAYFWUOCXLKJ	InChI=1S/C12H25NO3/c1-2-3-4-5-6-7-12(16)13(8-10-14)9-11-15/h14-15H,2-11H2,1H3	N,N-Bis(2-hydroxyethyl)octanamide	CCCCCCCC(=O)N(CCO)CCO	1.300	76499	PUBCHEMANNOTATIONBIO:(null);NORMAN:(NS00014530);PUBCHEMANNOTATIONSAFETYANDTOXIC:(null);PUBCHEM:(76499);DSSTox:(DTXSID6062832)	137523101698	232.191	521	8.679	857322580414238737	857316087203131287	857316087198936982	11247	
1	1	0.142	0.142	-71.913		1.000	61.661	C9H16O	[M + H]+	C9H17O+	FOBAEHIPCFVYAR	InChI=1S/C9H16O/c1-3-4-5-6-7-8-9(2)10/h6-7H,3-5,8H2,1-2H3	(E)-non-4-en-2-one	CCCCC=CCC(=O)C	2.400	13815776;45085609;71435065	LIPIDMAPS:(LMFA12000135);PUBCHEM:(13815776 45085609 71435065);DSSTox:(DTXSID00849653)	139586437122	141.127	521	8.681	857322576400289776	857316087245074331	857316087245074330	11220	
1	1	0.653	0.757	-84.276		1.000	20.437	C12H27N	[M + H]+	C12H28N+	JRBPAEWTRLWTQC	InChI=1S/C12H27N/c1-2-3-4-5-6-7-8-9-10-11-12-13/h2-13H2,1H3	Amine BB	CCCCCCCCCCCCN	4.130	16217357;3390094;13583	PUBCHEMANNOTATIONBIO:(null);HMDB:(HMDB0251571);PUBCHEMANNOTATIONSAFETYANDTOXIC:(null);BloodExposome:(13582 13583 458426);SUPERNATURAL:(SN0172952);HSDB:(124-22-1);MESH:(13583);PUBCHEM:(16217357 3390094 13583);public_spectra_2506;COCONUT:(CNP0452011);NORMAN:(NS00005523 NS00079694 NS00102514 NS00102515 NS00102519 NS00103432 NS00103440);CHEBI:(193593);DSSTox:(DTXSID10584341 DTXSID3021984 DTXSID30483448 DTXSID801022411 DTXSID9044322);PUBCHEMANNOTATIONDRUG:(null);PUBMED:(null)	146153931374	186.222	523	8.723	857322580988858389	857316087291211679	857316087291211678	11296	
1	1	0.399	0.399	-44.240		0.959	19.595	C16H34O6	[M + H]+	C16H35O6+	FYTJZVMAMHKENP	InChI=1S/C16H34O6/c1-12(17)7-19-14(3)9-21-16(5)11-22-15(4)10-20-13(2)8-18-6/h12-17H,7-11H2,1-6H3	1-[1-[1-[1-(1-Methoxypropan-2-yloxy)propan-2-yloxy]propan-2-yloxy]propan-2-yloxy]propan-2-ol	CC(COC(C)COC(C)COC(C)COC(C)COC)O	1.000	22051677;145722468	PUBCHEMANNOTATIONBIO:(null);PUBCHEM:(22051677 145722468)	16777218	323.243	524	8.736	857322580074500093	857316087387680675	857316087387680674	11308	
1	5	0.177	0.177	-190.475		0.028	10.382	C17H39N5O2	[M + Na]+	C17H39N5NaO2+	LXUPVJJYRWFIPM	InChI=1S/C17H39N5O2/c1-18(2)7-5-9-20-15-21(10-6-8-19(3)4)17-22(16-20)11-13-24-14-12-23/h23H,5-17H2,1-4H3	2-[2-[3,5-Bis[3-(dimethylamino)propyl]-1,3,5-triazinan-1-yl]ethoxy]ethanol	CN(C)CCCN1CN(CN(C1)CCOCCO)CCCN(C)C	0.400	134360823	PUBCHEM:(134360823)	2	368.301	524	8.738	857322586001051694	857316087429623719	857316087429623718	11309	
1	1	0.311	0.311	-139.520		0.500	102.628	C14H20O4	[M + H]+	C14H21O4+	XRUSDDHZPSXQTK	InChI=1S/C14H20O4/c1-11(8-9-17-13(3)15)6-5-7-12(2)10-18-14(4)16/h5-8H,9-10H2,1-4H3	8-(acetyloxy)-2,6-dimethylocta-2,4,6-trien-1-yl acetate	CC(=CC=CC(=CCOC(=O)C)C)COC(=O)C	2.800	162992487	COCONUT:(CNP0265536);SUPERNATURAL:(SN0438368);PUBCHEM:(162992487);LOTUS:(Q105340793 Q105340790)	271581186	253.144	525	8.745	857322593257197621	857316087513509807	857316087513509806	11329	
1	1	0.979	0.979	-33.600		0.745	23.786	C21H28O6	[M + H3N + H]+	C21H32NO6+	NISVZEWKUNUGQQ	InChI=1S/C21H28O6/c1-21(2,15-3-7-19(8-4-15)26-13-17(24)11-22)16-5-9-20(10-6-16)27-14-18(25)12-23/h3-10,17-18,22-25H,11-14H2,1-2H3	3-(4-{2-[4-(2,3-dihydroxypropoxy)phenyl]propan-2-yl}phenoxy)propane-1,2-diol	CC(C)(C1=CC=C(C=C1)OCC(CO)O)C2=CC=C(C=C2)OCC(CO)O	2.100	92221245;92221246;990839;148634174;110678	PUBCHEMANNOTATIONBIO:(null);COCONUT:(CNP0402051);NORMAN:(NS00008778 NS00102015 NS00102084);SUPERNATURAL:(SN0246718);MESH:(110678);PUBCHEM:(92221245 92221246 990839 148634174 110678);DSSTox:(DTXSID10971212);LOTUS:(Q10860355);PUBMED:(null)	137727574086	394.222	530	8.826	857322599359911330	857316087551258547	857316087551258546	11401	
1	1	0.328	0.394	-97.028		0.996	90.497	C12H16O3	[M + H]+	C12H17O3+	LDOMMNCPNTZTQW	InChI=1S/C12H16O3/c1-4-15-10-7-5-9(6-8-10)12(2,3)11(13)14/h5-8H,4H2,1-3H3,(H,13,14)	2-(4-Ethoxyphenyl)-2-methylpropanoic acid	CCOC1=CC=C(C=C1)C(C)(C)C(=O)O	2.700	11218028	NORMAN:(NS00067324);PUBCHEMANNOTATIONSAFETYANDTOXIC:(null);PUBCHEM:(11218028);DSSTox:(DTXSID901028717);PUBCHEMANNOTATIONDRUG:(null)	137539878914	209.117	530	8.826	857322612962040984	857316087597395895	857316087597395894	11398	
1	1	0.982	0.982	-30.237		0.948	22.940	C21H28O6	[M + H]+	C21H29O6+	NISVZEWKUNUGQQ	InChI=1S/C21H28O6/c1-21(2,15-3-7-19(8-4-15)26-13-17(24)11-22)16-5-9-20(10-6-16)27-14-18(25)12-23/h3-10,17-18,22-25H,11-14H2,1-2H3	3-(4-{2-[4-(2,3-dihydroxypropoxy)phenyl]propan-2-yl}phenoxy)propane-1,2-diol	CC(C)(C1=CC=C(C=C1)OCC(CO)O)C2=CC=C(C=C2)OCC(CO)O	2.100	92221245;92221246;990839;148634174;110678	PUBCHEMANNOTATIONBIO:(null);COCONUT:(CNP0402051);NORMAN:(NS00008778 NS00102015 NS00102084);SUPERNATURAL:(SN0246718);MESH:(110678);PUBCHEM:(92221245 92221246 990839 148634174 110678);DSSTox:(DTXSID10971212);LOTUS:(Q10860355);PUBMED:(null)	137727574086	377.196	530	8.827	857322614010616994	857316087639338939	857316087639338938	11403	
1	1	0.821	0.888	-71.338		1.000	35.610	C12H27N	[M + H]+	C12H28N+	JRBPAEWTRLWTQC	InChI=1S/C12H27N/c1-2-3-4-5-6-7-8-9-10-11-12-13/h2-13H2,1H3	Amine BB	CCCCCCCCCCCCN	4.130	16217357;3390094;13583	PUBCHEMANNOTATIONBIO:(null);HMDB:(HMDB0251571);PUBCHEMANNOTATIONSAFETYANDTOXIC:(null);BloodExposome:(13582 13583 458426);SUPERNATURAL:(SN0172952);HSDB:(124-22-1);MESH:(13583);PUBCHEM:(16217357 3390094 13583);public_spectra_2506;COCONUT:(CNP0452011);NORMAN:(NS00005523 NS00079694 NS00102514 NS00102515 NS00102519 NS00103432 NS00103440);CHEBI:(193593);DSSTox:(DTXSID10584341 DTXSID3021984 DTXSID30483448 DTXSID801022411 DTXSID9044322);PUBCHEMANNOTATIONDRUG:(null);PUBMED:(null)	146153931374	186.222	533	8.879	857322609833089787	857316087685476287	857316087685476286	11453	
1	5	0.184	0.184	-197.238		0.027	6.420	C17H39N5O2	[M + Na]+	C17H39N5NaO2+	LXUPVJJYRWFIPM	InChI=1S/C17H39N5O2/c1-18(2)7-5-9-20-15-21(10-6-8-19(3)4)17-22(16-20)11-13-24-14-12-23/h23H,5-17H2,1-4H3	2-[2-[3,5-Bis[3-(dimethylamino)propyl]-1,3,5-triazinan-1-yl]ethoxy]ethanol	CN(C)CCCN1CN(CN(C1)CCOCCO)CCCN(C)C	0.400	134360823	PUBCHEM:(134360823)	2	368.301	537	8.952	857322653067975895	857316087731613635	857316087731613634	11536	
1	1	0.682	0.682	-42.060		0.980	19.796	C16H34O6	[M + H]+	C16H35O6+	FYTJZVMAMHKENP	InChI=1S/C16H34O6/c1-12(17)7-19-14(3)9-21-16(5)11-22-15(4)10-20-13(2)8-18-6/h12-17H,7-11H2,1-6H3	1-[1-[1-[1-(1-Methoxypropan-2-yloxy)propan-2-yloxy]propan-2-yloxy]propan-2-yloxy]propan-2-ol	CC(COC(C)COC(C)COC(C)COC(C)COC)O	1.000	22051677;145722468	PUBCHEMANNOTATIONBIO:(null);PUBCHEM:(22051677 145722468)	16777218	323.243	537	8.953	857322687016672477	857316087773556679	857316087773556678	11537	
1	1	0.761	0.761	-37.680		1.000	69.255	C10H10O2	[M + H]+	C10H11O2+	CVBUKMMMRLOKQR	InChI=1S/C10H10O2/c1-8(11)7-10(12)9-5-3-2-4-6-9/h2-6H,7H2,1H3	1-phenylbutane-1,3-dione	CC(=O)CC(=O)C1=CC=CC=C1	1.594	7166	PUBCHEMANNOTATIONBIO:(null);COCONUT:(CNP0326732);NORMAN:(NS00022887);PUBCHEMANNOTATIONSAFETYANDTOXIC:(null);METACYC:(CPD-8880);SUPERNATURAL:(SN0056408);MESH:(7166);PUBCHEM:(7166);DSSTox:(DTXSID3021803);PUBMED:(null)	137526249542	163.075	538	8.964	857322889123407141	857316087870025679	857316087865831374	11511	
1	8	0.113	0.113	-138.543		0.000	126.153	C20H32O4	[M + Na]+	C20H32NaO4+	MRBLTWPEPGRXQN	InChI=1S/C20H32O4/c1-17-7-3-8-18(2,16(22)23)14(17)6-9-19-10-13(4-5-15(17)19)20(24,11-19)12-21/h13-15,21,24H,3-12H2,1-2H3,(H,22,23)	Diterpenoid SP-II	CC12CCCC(C1CCC34C2CCC(C3)C(C4)(CO)O)(C)C(=O)O	3.400	118701303;154790284;124827398;124827399;124827400;124827401;51665211;51665213;51665215;51665217;38346558;38346566;38346570;38346574;76685005;5088391;5316784;5316787;21145187;101542420;162934977;162934978;162934979;162934980;146158615;91884677;69166455;10497113;44566868;132061327;13994830;442023;469209;49775759;71254591;71261997;71496734	TeroMol:(TKC080070 TKC002281 TKC151633 TKC206528);BloodExposome:(71254591);LIPIDMAPS:(LMPR0104130006);SUPERNATURAL:(SN0233127);PUBCHEM:(118701303 154790284 124827398 124827399 124827400 124827401 51665211 51665213 51665215 51665217 38346558 38346566 38346570 38346574 76685005 5088391 5316784 5316787 21145187 101542420 162934977 162934978 162934979 162934980 146158615 91884677 69166455 10497113 44566868 132061327 13994830 442023 469209 49775759 71254591 71261997 71496734);public_spectra_2506;COCONUT:(CNP0205037);NORMAN:(NS00097381);CHEBI:(4661 189453 65778);KEGG:(C09087);DSSTox:(DTXSID501260149 DTXSID60331721);LOTUS:(Q115784932 Q105170455 Q27134265 Q105170452 Q105170457 Q105170456 Q27106432);PUBMED;KNAPSACK:(MRBLTWPEPGRXQN-UHFFFAOYSA-N)	148460798322	359.225	538	8.974	857322957847080114	857316087916163027	857316087916163026	11527	
1	1	0.735	0.735	-93.893		1.000	123.830	C14H28N2O2	[M + H]+	C14H29N2O2+	MJUDKYVSUQWNTB	InChI=1S/C14H28N2O2/c15-13(17)11-9-7-5-3-1-2-4-6-8-10-12-14(16)18/h1-12H2,(H2,15,17)(H2,16,18)	Tetradecanediamide	C(CCCCCCC(=O)N)CCCCCC(=O)N	3.003	21458441	BloodExposome:(21458441);PUBCHEM:(21458441);DSSTox:(DTXSID20614244);PUBMED:(null)	137443147842	257.222	543	9.044	857322899231679809	857316087962300375	857316087958106070	11620	
1	1	0.530	0.616	-207.157		1.000	43.954	C13H25NO3	[M + H]+	C13H26NO3+	HEUQYIQQCNOXOG	InChI=1S/C13H25NO3/c1-2-3-4-5-6-7-8-9-10-12(15)14-11-13(16)17/h2-11H2,1H3,(H,14,15)(H,16,17)	acylglycine C:11	CCCCCCCCCCC(=O)NCC(=O)O	3.800	454092	PUBCHEMANNOTATIONBIO:(null);HMDB:(HMDB0013286);PUBCHEMANNOTATIONSAFETYANDTOXIC:(null);BloodExposome:(454092);SUPERNATURAL:(SN0123630);FooDB:(FDB029363);PUBCHEM:(454092);public_spectra_2506;COCONUT:(CNP0135234);CHEBI:(74438);DSSTox:(DTXSID50332388);LOTUS:(Q27144673);PUBCHEMANNOTATIONDRUG:(null);PUBMED:(null)	146958975082	244.191	544	9.068	857322895356142908	857316088012632027	857316088012632026	11647	
1	3	0.046	0.046	-52.192		0.067	23.172	C11H22OSi	[M + Na]+	C11H22NaOSi+	DBWXXURJUBFARB	InChI=1S/C11H22OSi/c1-9(2)13(8-7-12,10(3)4)11(5)6/h8-11H,1-6H3	Ethenone, [tris(1-methylethyl)silyl]-	CC(C)[Si](C=C=O)(C(C)C)C(C)C	4.149	5325347	PUBCHEM:(5325347);DSSTox:(DTXSID40416005)	137438953474	221.133	545	9.087	857322892831171892	857316088067157983	857316088067157982	11667	
1	1	0.712	0.712	-74.354		0.500	41.336	C14H31NO2	[M + H]+	C14H32NO2+	QNRXIVCOPVCHAA	InChI=1S/C14H31NO2/c1-4-5-6-7-8-9-10-15(11-13(2)16)12-14(3)17/h13-14,16-17H,4-12H2,1-3H3	(2S)-1-[[(2R)-2-hydroxypropyl]-octylamino]propan-2-ol	CCCCCCCCN(CC(C)O)CC(C)O	3.200	92178948;98051766;98051767;119970	NORMAN:(NS00047131);PUBCHEM:(92178948 98051766 98051767 119970);DSSTox:(DTXSID40885434)	137439215618	246.243	548	9.129	857322939358588071	857316088121683939	857316088121683938	11696	
1	1	0.912	0.912	-34.727		1.000	32.051	C12H27NO	[M + H]+	C12H28NO+	PJNIZPXBKOEEGD	InChI=1S/C12H27NO/c1-2-3-4-5-6-7-8-9-10-13-11-12-14/h13-14H,2-12H2,1H3	2-(Decylamino)ethanol	CCCCCCCCCCNCCO	3.600	4060908	PUBCHEM:(4060908);DSSTox:(DTXSID00398898 DTXSID40789746);PUBMED:(null)	137438953538	202.217	550	9.171	857322921893504409	857316088180404199	857316088180404198	11733	
1	2	0.354	0.354	-74.222		0.500	20.847	C9H18O3	[M - H2O + H]+	C9H17O2+	XBUXARJOYUQNTC	InChI=1S/C9H18O3/c1-2-3-4-5-6-8(10)7-9(11)12/h8,10H,2-7H2,1H3,(H,11,12)	3-hydroxynonanoate	CCCCCCC(CC(=O)O)O	2.000	86308629;86308630;21976321;10197914;36599;71363025	PUBCHEMANNOTATIONBIO:(null);COCONUT:(CNP0235064);HMDB:(HMDB0031513);METACYC:(CPD-22672);CHEBI:(156185);LIPIDMAPS:(LMFA01050025);SUPERNATURAL:(SN0425929);PUBCHEM:(86308629 86308630 21976321 10197914 36599 71363025);public_spectra_2506;DSSTox:(DTXSID70955371);PUBCHEMANNOTATIONDRUG:(null);PUBMED:(null)	148229851242	157.122	552	9.206	857322932266019212	857316088243318763	857316088239124458	11771	
1	5	0.027	0.027	-81.822		0.044	35.047	C10H19O4P	[M - H2O + H]+	C10H18O3P+	WJEOUWOKOXVUAF	InChI=1S/C10H19O4P/c1-4-7-12-9-15(11,14-6-3)10-13-8-5-2/h4-5H,1-2,6-10H2,3H3	Phosphinic acid, bis(allyloxymethyl)-, ethyl ester	CCOP(=O)(COCC=C)COCC=C	1.000	88566	PUBCHEMANNOTATIONSAFETYANDTOXIC:(null);PUBCHEM:(88566);DSSTox:(DTXSID20174474)	137506062338	217.097	553	9.222	857322988490666670	857316088297844719	857316088293650414	11796	
1	2	0.334	0.334	-64.913		0.500	75.161	C14H20O	[M + CH2O2 + H]+	C15H23O3+	VOYZJYGIHFRNAG	InChI=1S/C14H20O/c1-10(2)9-13-5-7-14(8-6-13)11(3)12(4)15/h5-8,10-11H,9H2,1-4H3	3-[4-(2-Methylpropyl)phenyl]-1-tritiobutan-2-one	CC(C)CC1=CC=C(C=C1)C(C)C(=O)C	3.700	9794254;20631112;59306106;117944502	PUBCHEMANNOTATIONBIO:(null);PUBCHEM:(9794254 20631112 59306106 117944502);DSSTox:(DTXSID50609183);PUBMED:(null)	137455730754	251.164	554	9.232	857322994232668900	857316088348176371	857316088343982066	11822	
1	1	0.116	0.116	-115.264		1.000	162.653	C15H22O3	[M - H2O + H]+	C15H21O2+	KQEADOUDJYBGFC	InChI=1S/C15H22O3/c1-9-8-14-13(11(3)15(17)18-14)7-6-12(9)5-4-10(2)16/h6,9-10,13-14,16H,3-5,7-8H2,1-2H3	4H-Tomentosin	CC1CC2C(CC=C1CCC(C)O)C(=C)C(=O)O2	2.400	51692995;51692996;51692997;23928111;162867809;162867810;15109105;56931701;26183545;26183546;26183547;26183548;122181904;57399823	COCONUT:(CNP0131604);TeroMol:(TKC135316 TKC135314 TKC135310 TKC146097 TKC135308 TKC135317 TKC135307 TKC135311 TKC040153 TKC135309 TKC135315 TKC135318);CHEBI:(181864);SUPERNATURAL:(SN0192404);PUBCHEM:(51692995 51692996 51692997 23928111 162867809 162867810 15109105 56931701 26183545 26183546 26183547 26183548 122181904 57399823);public_spectra_2506;LOTUS:(Q105144502 Q105144505 Q105144498 Q115949866 Q105144500 Q105144503 Q105144499 Q105144504);GNPS:(CCMSLIB00000856091);PUBMED:(null);KNAPSACK:(KQEADOUDJYBGFC-UHFFFAOYSA-N)	8869908594	233.154	554	9.233	857322988171899552	857316088394313719	857316088394313718	11812	
1	1	0.403	0.403	-73.203		1.000	66.045	C14H31NO3	[M + H]+	C14H32NO3+	CHGRVRCHXOZULD	InChI=1S/C14H31NO3/c1-2-3-4-5-6-7-8-15(9-11-16)10-13-18-14-12-17/h16-17H,2-14H2,1H3	PEG-3 caprylamine	CCCCCCCCN(CCO)CCOCCO	2.200	13802587	PUBCHEM:(13802587);DSSTox:(DTXSID10152483)	137438953474	262.238	562	9.359	857322989455356609	857316088545308675	857316088545308674	11942	
1	1	0.208	0.534	-187.216		0.991	31.180	C20H37NO4	[M + H]+	C20H38NO4+	BOHJDNPJNLTHQF	InChI=1S/C20H37NO4/c1-5-6-7-8-9-10-11-12-13-14-15-20(24)25-18(16-19(22)23)17-21(2,3)4/h10-11,18H,5-9,12-17H2,1-4H3/p+1	Tridec-6-enoylcarnitine	CCCCCCC=CCCCCC(=O)OC(CC(=O)O)C[N+](C)(C)C	4.500	156961944;156961945	HMDB:(HMDB0241315);PUBCHEM:(156961944 156961945)	10	356.280	565	9.419	857322991523148505	857316088595640327	857316088595640326	12012	
1	3	0.601	0.601	-27.771		0.003	61.064	C8H19O3P	[M + H]+	C8H20O3P+	KEOJOAVYGLGAIM	InChI=1S/C8H19O3P/c1-4-7-8-12(9,10-5-2)11-6-3/h4-8H2,1-3H3	Diethyl butylphosphonate	CCCCP(=O)(OCC)OCC	1.500	102385353;2773687	PUBCHEM:(102385353 2773687);DSSTox:(DTXSID10378641)	137438953474	195.115	566	9.440	857322990013199047	857316088645971979	857316088641777674	12039	
1	1	0.454	0.510	-87.549		1.000	58.213	C14H31N	[M + H]+	C14H32N+	PLZVEHJLHYMBBY	InChI=1S/C14H31N/c1-2-3-4-5-6-7-8-9-10-11-12-13-14-15/h2-15H2,1H3	Armeen 14	CCCCCCCCCCCCCCN	5.029	15687967;16217;71308881	PUBCHEMANNOTATIONBIO:(null);HMDB:(HMDB0258887);PUBCHEMANNOTATIONSAFETYANDTOXIC:(null);BloodExposome:(16217);SUPERNATURAL:(SN0289089);MESH:(16217);PUBCHEM:(15687967 16217 71308881);public_spectra_2506;COCONUT:(CNP0079841);NORMAN:(NS00009560 NS00082347);CHEBI:(165595);DSSTox:(DTXSID20745683 DTXSID70939757 DTXSID9040768);LOTUS:(Q27284979);PUBMED:(null)	146388811886	214.253	568	9.469	857322984736764575	857316088700497935	857316088696303630	12067	
1	1	0.259	0.259	-119.350		1.000	58.543	C14H29NO3	[M + H]+	C14H30NO3+	VEBGFUBFVLALEP	InChI=1S/C14H29NO3/c1-3-4-5-6-7-8-9-10-15(11-12-18-2)13-14(16)17/h3-13H2,1-2H3,(H,16,17)	2-[2-Methoxyethyl(nonyl)amino]acetic acid	CCCCCCCCCN(CCOC)CC(=O)O	1.400	61535168	PUBCHEM:(61535168)	2	260.222	571	9.512	857323067360359424	857316088755023891	857316088750829586	12087	
1	1	0.144	0.144	-54.260		1.000	63.176	C9H14	[M + H]+	C9H15+	SAHSJXXPSDEEQZ	InChI=1S/C9H14/c1-2-6-9-7-4-3-5-8-9/h4-5,7-9H,2-3,6H2,1H3	3-Propylcyclohexa-1,4-diene	CCCC1C=CCC=C1	3.600	42626953	PUBCHEMANNOTATIONBIO:(null);PUBCHEM:(42626953)	16777218	123.117	573	9.544	857323029393519348	857316088805355543	857316088801161238	12180	
1	1	0.643	0.872	-50.329		1.000	15.391	C12H27N	[M + H]+	C12H28N+	PXSXRABJBXYMFT	InChI=1S/C12H27N/c1-3-5-7-9-11-13-12-10-8-6-4-2/h13H,3-12H2,1-2H3	dihexylazanium	CCCCCCNCCCCCC	4.500	102212925;3256679;8920	COCONUT:(CNP0462839);NORMAN:(NS00020745);PUBCHEMANNOTATIONSAFETYANDTOXIC:(null);SUPERNATURAL:(SN0297990);PUBCHEM:(102212925 3256679 8920);public_spectra_2506;DSSTox:(DTXSID1022009 DTXSID20334218);PUBMED:(null)	146099404866	186.222	576	9.597	857323157416261109	857316088855687195	857316088855687194	12217	
1	1	0.187	0.187	-163.853		1.000	58.334	C10H17NO3	[M + H]+	C10H18NO3+	HXXJDJHHLXEVBZ	InChI=1S/C10H17NO3/c1-2-3-4-5-8-11-9(12)6-7-10(13)14/h6-7H,2-5,8H2,1H3,(H,11,12)(H,13,14)	N-Hexylmaleamidic acid	CCCCCCNC(=O)C=CC(=O)O	1.600	4157007;6023637;6023638;13054840;2731432	SUPERNATURAL:(SN0138469);PUBCHEM:(4157007 6023637 6023638 13054840 2731432);PUBMED:(null)	1048642	200.128	577	9.613	857323178563942929	857316088910213151	857316088910213150	12250	
1	1	0.166	0.166	-120.426		0.997	121.572	C10H8N4O4	[M + H]+	C10H9N4O4+	NMTBSNPBIGRZBL	InChI=1S/C10H8N4O4/c1-7-11-10(14(17)18)6-12(7)8-2-4-9(5-3-8)13(15)16/h2-6H,1H3	Nitrefazole	CC1=NC(=CN1C2=CC=C(C=C2)[N+](=O)[O-])[N+](=O)[O-]	2.100	71900	PUBCHEMANNOTATIONBIO:(null);NORMAN:(NS00004018);HMDB:(HMDB0255633);PUBCHEMANNOTATIONSAFETYANDTOXIC:(null);BloodExposome:(71900);CHEBI:(135009);MESH:(71900);PUBCHEM:(71900);DSSTox:(DTXSID2048826);PUBMED:(null)	137527296110	249.062	593	9.881	857323226362247400	857316088964739107	857316088960544802	12500	
1	2	0.390	0.390	-72.870		0.500	133.556	C10H20O3	[M - H2O + H]+	C10H19O2+	FYSSBMZUBSBFJL	InChI=1S/C10H20O3/c1-2-3-4-5-6-7-9(11)8-10(12)13/h9,11H,2-8H2,1H3,(H,12,13)	Myrmicacin	CCCCCCCC(CC(=O)O)O	2.500	21976318;5312798;5312799;163570251;10877926;10899442;123164526;26612;49859605	PUBCHEMANNOTATIONBIO:(null);HMDB:(HMDB0002203 HMDB0010725);MiMeDB:(MMDBc0047810);PUBCHEMANNOTATIONSAFETYANDTOXIC:(null);BloodExposome:(26612 5312798);LIPIDMAPS:(LMFA01050153 LMFA01050245 LMFA01050246);SUPERNATURAL:(SN0099109);MESH:(26612 5312798);FooDB:(FDB027873);PUBCHEM:(21976318 5312798 5312799 163570251 10877926 10899442 123164526 26612 49859605);public_spectra_2506;GNPS:(CCMSLIB00003135649);COCONUT:(CNP0310989);NORMAN:(NS00014718);METACYC:(Release-factor-L-glutamine Glyco-CT-Stemtype-GAL Omega-1-Hydroxy-Long-Chain-Fatty-Acids CPD-11933 ADP-RIBOSE-P-OR-NOP Benzoin CPD-21098 Iodoaromtic-Compounds PROCOLLAGEN-5-HYDROXY-L-LYSINE 4a-Hydroxytetrahydrobiopterins S-ubiquitinyl-HECT-E3-UCP-L-cysteine Phosphorus-Molecular-Entities CPD-19347 Indoles GALACTOSYLCERAMIDE-SULFATE Carotenoid-phi-end-group N1-Methylguanine-containing-23S-rRNAs CPD-14022 6-Dimethylallyladenosine37-tRNAs Oligodeoxyribonucleotides Inositol-Phosphates CPD-12779 Branched-Alkanes GlcCer-42-0-3s 23S-rRNA-Adenines Cerebroside-3-sulfates 5-Phospho-DNA);CHEBI:(167572 37371 171760 132979 132983);DSSTox:(DTXSID40864486 DTXSID70415602);LOTUS:(Q27289079 Q15425812);PUBCHEMANNOTATIONDRUG:(null);PUBMED:(null)	150180468846	171.138	600	9.997	857323182527560231	857316089015070759	857316089015070758	12586	
1	1	0.158	0.158	-115.577		0.902	79.492	C12H9NO	[M + H]+	C12H10NO+	BATAIOGYFWEXQV	InChI=1S/C12H9NO/c14-7-3-4-10-8-11-5-1-2-6-12(11)13-9-10/h1-2,5-6,8-9,14H,7H2	3-(quinolin-3-yl)prop-2-yn-1-ol	C1=CC=C2C(=C1)C=C(C=N2)C#CCO	2.025	650142	COCONUT:(CNP0253570);SUPERNATURAL:(SN0020506);PUBCHEM:(650142);DSSTox:(DTXSID10349497);PUBMED:(null)	137442099266	184.076	602	10.029	857323181386709531	857316089069596715	857316089069596714	12638	
1	1	0.361	0.361	-124.075		1.000	48.088	C11H24N2O2	[M + H]+	C11H25N2O2+	RVZPDKXEHIRFPM	InChI=1S/C11H24N2O2/c1-11(2,3)15-10(14)13-9-7-5-4-6-8-12/h4-9,12H2,1-3H3,(H,13,14)	tert-butyl N-(6-aminohexyl)carbamate	CC(C)(C)OC(=O)NCCCCCCN	1.400	7004957;2733170	COCONUT:(CNP0224312);NORMAN:(NS00056475);PUBCHEMANNOTATIONSAFETYANDTOXIC:(null);PUBCHEM:(7004957 2733170);DSSTox:(DTXSID70369777 DTXSID80984394);PUBMED:(null)	137508421698	217.191	602	10.040	857323174411581965	857316089124122671	857316089124122670	12647	
1	8	0.125	0.125	-229.772		0.002	18.129	C18H16N2O3S	[M + Na]+	C18H16N2NaO3S+	DVGLRZUUFBURLC	InChI=1S/C18H16N2O3S/c1-22-13-8-9-14-16(11-13)24-18(19-14)20-17(21)10-7-12-5-3-4-6-15(12)23-2/h3-11H,1-2H3,(H,19,20,21)	N-(6-methoxy-1,3-benzothiazol-2-yl)-3-(2-methoxyphenyl)prop-2-enamide	COC1=CC2=C(C=C1)N=C(S2)NC(=O)C=CC3=CC=CC=C3OC	3.900	746961;3655630	SUPERNATURAL:(SN0076408);PUBCHEM:(746961 3655630)	1048578	363.076	604	10.073	857323190685481524	857316089178648627	857316089174454322	12656	
1	1	0.286	0.404	-66.524		1.000	82.162	C14H8O3	[M + H]+	C14H9O3+	BJCTXUUKONLPPK	InChI=1S/C14H8O3/c15-13-11-4-2-1-3-9(11)10-6-5-8(14(16)17)7-12(10)13/h1-7H,(H,16,17)	9-Fluorenone-2-carboxylic acid	C1=CC=C2C(=C1)C3=C(C2=O)C=C(C=C3)C(=O)O	2.540	6931216;69913	NORMAN:(NS00037987);PUBCHEM:(6931216 69913);DSSTox:(DTXSID50229062)	137439215618	225.055	604	10.074	857323191562091072	857316089233174583	857316089233174582	12699	
1	2	0.045	0.045	-169.259		0.001	41.764	C14H15FN2O2S	[M + Na]+	C14H15FN2NaO2S+	HJBOAKIXVXWKPR	InChI=1S/C14H15FN2O2S/c1-8-4-5-11(6-12(8)15)17-13(18)7-20-14-16-9(2)10(3)19-14/h4-6H,7H2,1-3H3,(H,17,18)	2-[(4,5-dimethyl-1,3-oxazol-2-yl)sulfanyl]-N-(3-fluoro-4-methylphenyl)acetamide	CC1=C(C=C(C=C1)NC(=O)CSC2=NC(=C(O2)C)C)F	3.400	9422950	PUBCHEM:(9422950)	2	317.071	606	10.093	857323229478615285	857316089325449279	857316089325449278	12679	
1	1	0.322	0.322	-35.328		0.441	33.063	C10H20Cl4O8P2	[M + H]+	C10H21Cl4O8P2+	CJWBPEYRTPGWPF	InChI=1S/C10H20Cl4O8P2/c11-1-5-17-23(15,18-6-2-12)21-9-10-22-24(16,19-7-3-13)20-8-4-14/h1-10H2	Phosphoric acid, 1,2-ethanediyl tetrakis(2-chloroethyl) ester	C(COP(=O)(OCCCl)OCCCl)OP(=O)(OCCCl)OCCCl	1.200	94445	NORMAN:(NS00029420);PUBCHEM:(94445);DSSTox:(DTXSID5027980)	137439215618	470.946	606	10.098	857323224772604595	857316089371586627	857316089371586626	12685	
1	1	0.091	0.091	-75.979		1.000	114.077	C10H18O	[M + H]+	C10H19O+	RNTNGQCWAKHVKO	InChI=1S/C10H18O/c1-2-3-4-5-6-7-8-9-10-11/h11H,2-4,7-10H2,1H3	5-Decyn-1-ol	CCCCC#CCCCCO	2.900	109957	NORMAN:(NS00060177);PUBCHEMANNOTATIONSAFETYANDTOXIC:(null);PUBCHEM:(109957);DSSTox:(DTXSID7071365)	137506324482	155.143	606	10.105	857323659419941289	857316089526775887	857316089526775886	12734	
1	1	0.052	0.052	-172.334		0.969	23.598	C17H29N	[M + H]+	C17H30N+	IDOFMGSESVXXQI	InChI=1S/C17H29N/c1-15(2,3)12-10-13(16(4,5)6)18-14(11-12)17(7,8)9/h10-11H,1-9H3	2,4,6-Tritert-butylpyridin-1-ium	CC(C)(C)C1=CC(=NC(=C1)C(C)(C)C)C(C)(C)C	5.900	1551437;140675	PUBCHEMANNOTATIONSAFETYANDTOXIC:(null);MESH:(140675);PUBCHEM:(1551437 140675);DSSTox:(DTXSID50174245);PUBMED:(null)	137506062406	248.237	607	10.116	857323661391264446	857316089585496147	857316089581301842	12752	
1	1	0.041	0.041	-148.766		1.000	32.878	C11H14N2OS2	[M + H]+	C11H15N2OS2+	WUADAEPFNATZCE	InChI=1S/C11H14N2OS2/c1-3-8-6-9(16-7(8)2)10(14)13-11-12-4-5-15-11/h6H,3-5H2,1-2H3,(H,12,13,14)	N-(4,5-dihydro-1,3-thiazol-2-yl)-4-ethyl-5-methylthiophene-2-carboxamide	CCC1=C(SC(=C1)C(=O)NC2=NCCS2)C	2.800	7536228	PUBCHEM:(7536228)	2	255.062	610	10.175	857323688884929322	857316089635827799	857316089631633494	12809	
1	1	0.577	0.577	-195.945		1.000	113.284	C13H25NO2	[M + H]+	C13H26NO2+	DQQHRVKXFNWOFO	InChI=1S/C13H25NO2/c1-3-4-5-7-11-8-6-9-12(14-11)10-13(15)16-2/h11-12,14H,3-10H2,1-2H3	methyl 2-(6-pentylpiperidin-2-yl)acetate	CCCCCC1CCCC(N1)CC(=O)OC	2.900	163003349;85157719;10489491;10633070	COCONUT:(CNP0277387);SUPERNATURAL:(SN0072828);PUBCHEM:(163003349 85157719 10489491 10633070)	3145730	228.196	610	10.175	857323683059038931	857316089686159451	857316089686159450	12761	
1	1	0.042	0.042	-141.865		0.997	29.786	C14H28S	[M + H]+	C14H29S+	JIHBDFISBDNMMA	InChI=1S/C14H28S/c1-2-3-4-5-6-7-8-9-10-11-12-13-14-15/h14H,2-13H2,1H3	Tetradecanethial	CCCCCCCCCCCCCC=S	6.600	53956909	PUBCHEMANNOTATIONBIO:(null);PUBCHEM:(53956909)	16777218	229.199	611	10.177	857323729431275580	857316089732296799	857316089732296798	12788	
1	3	0.096	0.096	-127.646		0.079	6.774	C15H30N6	[M + Na]+	C15H30N6Na+	XYKRYUFUYDCUFM	InChI=1S/C15H30N6/c1-13(2,3)19-10-16-11(20-14(4,5)6)18-12(17-10)21-15(7,8)9/h1-9H3,(H3,16,17,18,19,20,21)	N2,N4,N6-tri-tert-butyl-1,3,5-triazine-2,4,6-triamine	CC(C)(C)NC1=NC(=NC(=N1)NC(C)(C)C)NC(C)(C)C	3.900	85354	COCONUT:(CNP0057438);NORMAN:(NS00053574);PUBCHEM:(85354);DSSTox:(DTXSID90936723)	137441312770	317.243	611	10.180	857323741179521224	857316089774239843	857316089774239842	12796	
1	1	0.077	0.077	-168.339		1.000	33.349	C13H18O3	[M + H]+	C13H19O3+	NCZFBVMGEJVRDI	InChI=1S/C13H18O3/c1-5-13(3,4)16-15-12(14)11-9-7-6-8-10(11)2/h6-9H,5H2,1-4H3	Benzenecarboperoxoic acid, 2-methyl-, 1,1-dimethylpropyl ester	CCC(C)(C)OOC(=O)C1=CC=CC=C1C	3.952	116894	NORMAN:(NS00037117);PUBCHEM:(116894);DSSTox:(DTXSID8072168)	137439215618	223.133	611	10.182	857323740546181308	857316089820377191	857316089816182886	12811	
1	1	0.431	0.431	-137.302		0.999	15.175	C15H32N2O2	[M + H]+	C15H33N2O2+	MPXCYFACEXGWMI	InChI=1S/C15H32N2O2/c1-4-5-6-7-8-9-10-12-15(18)16-13-11-14-17(2,3)19/h4-14H2,1-3H3,(H,16,18)	Capramidopropylamine oxide	CCCCCCCCCC(=O)NCCC[N+](C)(C)[O-]	3.500	21151256	PUBCHEM:(21151256);DSSTox:(DTXSID00888421)	137438953474	273.254	614	10.232	857323753561106682	857316089858125931	857316089858125930	12869	
1	1	0.343	0.343	-211.253		1.000	123.612	C14H25NO2	[M + H]+	C14H26NO2+	OKDZSBOUVNBQMR	InChI=1S/C14H25NO2/c1-11(2)14(16)17-10-12-6-5-9-15-8-4-3-7-13(12)15/h11-13H,3-10H2,1-2H3	(octahydro-1H-quinolizin-1-yl)methyl 2-methylpropanoate	CC(C)C(=O)OCC1CCCN2C1CCCC2	2.900	6540969;6919851;6919852;7079279;673393;3695649;11859133;11874171;11874172	COCONUT:(CNP0208785);SUPERNATURAL:(SN0267706);PUBCHEM:(6540969 6919851 6919852 7079279 673393 3695649 11859133 11874171 11874172);PUBMED:(null)	3145794	240.196	616	10.272	857323741833832656	857316089904263279	857316089904263278	12929	
1	1	0.152	0.152	-260.590		1.000	44.168	C12H25NO3	[M + H]+	C12H26NO3+	FZQAYFWUOCXLKJ	InChI=1S/C12H25NO3/c1-2-3-4-5-6-7-12(16)13(8-10-14)9-11-15/h14-15H,2-11H2,1H3	N,N-Bis(2-hydroxyethyl)octanamide	CCCCCCCC(=O)N(CCO)CCO	1.300	76499	PUBCHEMANNOTATIONBIO:(null);NORMAN:(NS00014530);PUBCHEMANNOTATIONSAFETYANDTOXIC:(null);PUBCHEM:(76499);DSSTox:(DTXSID6062832)	137523101698	232.191	620	10.334	857323729796180032	857316089950400627	857316089950400626	13083	
1	11	0.713	0.713	-9.719		0.000	10.428	C18H15OP	[M + H]+	C18H16OP+	FIQMHBFVRAXMOP	InChI=1S/C18H15OP/c19-20(16-10-4-1-5-11-16,17-12-6-2-7-13-17)18-14-8-3-9-15-18/h1-15H	Triphenylphosphanoxid	C1=CC=C(C=C1)P(=O)(C2=CC=CC=C2)C3=CC=CC=C3	4.654	21770933;129802666;129805660;84220568;13097;12218502;71309051	PUBCHEMANNOTATIONBIO;COCONUT:(CNP0335903);NORMAN:(NS00010696);PUBCHEMANNOTATIONSAFETYANDTOXIC;CHEBI:(36601);SUPERNATURAL:(SN0086771);MESH:(13097);PUBCHEM:(21770933 129802666 129805660 84220568 13097 12218502 71309051);public_spectra_2506;DSSTox:(DTXSID2022121 DTXSID80745745);GNPS:(CCMSLIB00003137741 CCMSLIB00003139711);MACONDA:(CON00119);PUBMED	146116187238	279.094	620	10.335	857323777095347473	857316089992343671	857316089992343670	12974	
1	2	0.162	0.162	-95.443		0.500	67.065	C18H36O4	[M + C2H3N + H]+	C20H40NO4+	CJKWEXKSSFUTCE	InChI=1S/C18H36O4/c1-2-3-4-8-11-16(19)14-15-17(20)12-9-6-5-7-10-13-18(21)22/h16-17,19-20H,2-15H2,1H3,(H,21,22)	9,12-Dihydroxy stearic acid	CCCCCCC(CCC(CCCCCCCC(=O)O)O)O	4.800	316306;122379728;122379729	CHEBI:(185269);LIPIDMAPS:(LMFA02000143);PUBCHEM:(316306 122379728 122379729);DSSTox:(DTXSID80311560)	139586437154	358.295	622	10.364	857323758585883495	857316090038481019	857316090038481018	13100	
1	1	0.150	0.150	-52.804		1.000	109.549	C10H16O	[M + H]+	C10H17O+	OMMQGBRSPZHNDM	InChI=1S/C10H16O/c1-7(2)4-9-5-10(6-9)8(3)11/h4,9-10H,5-6H2,1-3H3	1-[3-(2-Methylprop-1-enyl)cyclobutyl]ethanone	CC(=CC1CC(C1)C(=O)C)C	2.200	130037300	PUBCHEM:(130037300)	2	153.127	634	10.572	857323732010772551	857316090084618367	857316090080424062	13339	
1	7	0.049	0.049	-213.029		0.000	56.805	C8H14O5S	[M + H]+	C8H15O5S+	BSVQJWUUZCXSOL	InChI=1S/C8H14O5S/c1-7(9)12-13-14(10,11)8-5-3-2-4-6-8/h8H,2-6H2,1H3	Peroxide, acetyl cyclohexylsulfonyl	CC(=O)OOS(=O)(=O)C1CCCCC1	1.500	5463864	NORMAN:(NS00045689);PUBCHEMANNOTATIONSAFETYANDTOXIC:(null);PUBCHEM:(5463864);DSSTox:(DTXSID20863119)	137506324482	223.064	635	10.589	857323762847296472	857316090130755715	857316090130755714	13332	
1	1	0.544	0.544	-121.003		1.000	69.042	C11H23NO2	[M + H]+	C11H24NO2+	CZOIUKWGJCDTGF	InChI=1S/C11H23NO2/c1-2-3-4-5-6-7-9-12-10-8-11(13)14/h12H,2-10H2,1H3,(H,13,14)	N-Octyl-beta-alanine	CCCCCCCCNCCC(=O)O	0.400	157738962;13765821	NORMAN:(NS00051088 NS00102552);PUBCHEM:(157738962 13765821)	262146	202.180	635	10.589	857323731838806084	857316090172698759	857316090172698758	13423	
1	1	0.392	0.422	-72.452		0.500	238.861	C13H22O2	[M + H]+	C13H23O2+	YVYOMBCUIUHEQW	InChI=1S/C13H22O2/c14-12(15)13(8-4-1-5-9-13)10-11-6-2-3-7-11/h11H,1-10H2,(H,14,15)	1-(Cyclopentylmethyl)cyclohexanecarboxylic acid	C1CCC(CC1)(CC2CCCC2)C(=O)O	4.200	53485734	PUBCHEMANNOTATIONSAFETYANDTOXIC:(null);PUBCHEM:(53485734)	67108866	211.169	636	10.599	857323745428351191	857316090218836107	857316090218836106	13450	
1	1	0.346	0.346	-22.872		1.000	49.106	C7H10	[M + H]+	C7H11+	QIJZMTMZIBEDOS	InChI=1S/C7H10/c1-2-3-4-7-5-6-7/h2,4,7H,5-6H2,1H3	(Buta-1,2-dien-1-yl)cyclopropane	CC=C=CC1CC1	1.800	53813971	PUBCHEM:(53813971);DSSTox:(DTXSID10706864)	137438953474	95.086	636	10.607	857323731960440902	857316090264973455	857316090260779150	13462	
1	1	-Infinity	-Infinity	-158.276		0.500	146.450	C11H22N3O2	[M + H]+	C11H23N3O2+	DDZKWJGBZJJOFJ	InChI=1S/C11H21N3O2/c1-9(2,3)13(15)8-12-10(4,5)11(6,7)14(8)16/h1-7H3/q-1	[2-(Oxylato tert-butylamino)-4,4,5,5-tetramethyl-2-imidazoline-1-yloxy]radical	CC1(C(N(C(=N1)N(C(C)(C)C)[O-])[O])(C)C)C	1.100	102126422	PUBCHEM:(102126422)	2	229.180	636	10.608	857323766160796905	857316090311110803	857316090311110802	13487	
1	1	0.082	0.082	-76.522		0.333	138.400	C13H18	[M + H]+	C13H19+	XOFDOXJFXCEFDE	InChI=1S/C13H18/c1-10-6-7-11-12(2,3)8-5-9-13(10,11)4/h5-7,9H,8H2,1-4H3	3,3a,7,7-tetramethyl-6,7-dihydro-3aH-indene	CC1=CC=C2C1(C=CCC2(C)C)C	3.700	101599337;162944927;528761	PUBCHEMANNOTATIONBIO:(null);COCONUT:(CNP0215359);HMDB:(HMDB0036683);TeroMol:(TKC028642);CHEBI:(191488);SUPERNATURAL:(SN0435552);FooDB:(FDB015613);PUBCHEM:(101599337 162944927 528761);DSSTox:(DTXSID70336060);LOTUS:(Q105337723 Q105337724);PUBCHEMANNOTATIONDRUG:(null);KNAPSACK:(XOFDOXJFXCEFDE-UHFFFAOYSA-N)	138306125882	175.148	637	10.609	857323746468538589	857316090357248151	857316090357248150	13473	
1	1	0.277	0.277	-49.175		0.333	214.182	C13H20O	[M + H]+	C13H21O+	DMGPXLFAXQJGKK	InChI=1S/C13H20O/c1-9(2)12-7-5-10(3)13(12)8-6-11(4)14/h12H,1,5-8H2,2-4H3	4-[2-methyl-5-(prop-1-en-2-yl)cyclopent-1-en-1-yl]butan-2-one	CC1=C(C(CC1)C(=C)C)CCC(=O)C	2.500	1761700;1761699;3775692	COCONUT:(CNP0215490);TeroMol:(TKC177329 TKC177328);SUPERNATURAL:(SN0069525);PUBCHEM:(1761700 1761699 3775692);DSSTox:(DTXSID30396266)	137450487810	193.159	637	10.610	857323751916939500	857316090457911451	857316090457911450	13468	
1	1	0.039	0.039	-132.072		0.863	145.175	C13H28OSi	[M + H]+	C13H29OSi+	GIHFSHYTNPSBQF	InChI=1S/C13H28OSi/c1-12(2)8-7-9-13(3)10-11-14-15(4,5)6/h8,13H,7,9-11H2,1-6H3	Silane, [(3,7-dimethyl-6-octenyl)oxy]trimethyl-	CC(CCC=C(C)C)CCO[Si](C)(C)C	5.072	557338	TeroMol:(TKC067889);PUBCHEM:(557338);DSSTox:(DTXSID40339624)	137447342082	229.199	637	10.611	857323746636310757	857316090512437407	857316090512437406	13460	
1	1	0.171	0.171	-214.315		1.000	167.477	C13H25NO2	[M + H]+	C13H26NO2+	DQQHRVKXFNWOFO	InChI=1S/C13H25NO2/c1-3-4-5-7-11-8-6-9-12(14-11)10-13(15)16-2/h11-12,14H,3-10H2,1-2H3	methyl 2-(6-pentylpiperidin-2-yl)acetate	CCCCCC1CCCC(N1)CC(=O)OC	2.900	163003349;85157719;10489491;10633070	COCONUT:(CNP0277387);SUPERNATURAL:(SN0072828);PUBCHEM:(163003349 85157719 10489491 10633070)	3145730	228.196	637	10.612	857323736603535546	857316090617295011	857316090617295010	13474	
1	2	0.061	0.061	-22.400		0.500	34.353	C6H14Si	[M + C2H3N + H]+	C8H18NSi+	HYWCXWRMUZYRPH	InChI=1S/C6H14Si/c1-5-6-7(2,3)4/h5H,1,6H2,2-4H3	Allyltrimethylsilane	C[Si](C)(C)CC=C	2.798	69808	NORMAN:(NS00042048);PUBCHEMANNOTATIONSAFETYANDTOXIC:(null);MESH:(69808);PUBCHEM:(69808);DSSTox:(DTXSID10460055 DTXSID40455070 DTXSID5061089 DTXSID70804052);PUBMED:(null)	137506324550	156.120	641	10.680	857323748003653866	857316090684403879	857316090684403878	13535	
1	8	0.124	0.124	-18.233		0.000	162.462	C6H18O3Si3	[M + H]+	C6H19O3Si3+	HTDJPCNNEPUOOQ	InChI=1S/C6H18O3Si3/c1-10(2)7-11(3,4)9-12(5,6)8-10/h1-6H3	Hexamethylcyclotrisiloxane	C[Si]1(O[Si](O[Si](O1)(C)C)(C)C)C	3.657	53895032;88595826;10914	PUBCHEMANNOTATIONBIO:(null);COCONUT:(CNP0080063);NORMAN:(NS00043163);PUBCHEMANNOTATIONSAFETYANDTOXIC:(null);BloodExposome:(10914);CHEBI:(189167);SUPERNATURAL:(SN0134740);MESH:(10914);PUBCHEM:(53895032 88595826 10914);DSSTox:(DTXSID501337639);PUBMED:(null)	137530441830	223.064	643	10.708	857323799249664360	857316090743124139	857316090743124138	13573	
1	1	0.006	0.006	-34.187		0.910	6.635	C6H13NSi	[M + H]+	C6H14NSi+	BQRDINPZTZTCFM	InChI=1S/C6H13NSi/c1-4-5-8(2,3)6-7/h4-7H,1-3H3	[Dimethyl(prop-1-enyl)silyl]methanimine	CC=C[Si](C)(C)C=N	2.083	153980069	PUBCHEM:(153980069)	2	128.089	645	10.754	857323820774832513	857316090793455791	857316090793455790	13660	
1	1	0.037	0.037	-334.767		1.000	17.588	C7H13FO	[M + H]+	C7H14FO+	CLRVUZYFZVVVBC	InChI=1S/C7H13FO/c8-7(6-9)4-2-1-3-5-7/h9H,1-6H2	(1-Fluorocyclohexyl)methanol	C1CCC(CC1)(CO)F	1.500	18342450	PUBCHEMANNOTATIONSAFETYANDTOXIC:(null);PUBCHEM:(18342450);DSSTox:(DTXSID00592950)	137506062338	133.104	647	10.791	857323768174062852	857316090843787443	857316090843787442	13693	
1	1	0.031	0.031	-134.565		1.000	169.364	C16H24O4	[M + H]+	C16H25O4+	QHFBQOOZYQFIPQ	InChI=1S/C16H24O4/c1-10(2)8-12(17)14-13(18)9-11(15(14)19)6-7-16(3,4)20-5/h9-10,14H,6-8H2,1-5H3	4-(3-methoxy-3-methylbutyl)-2-(3-methylbutanoyl)cyclopent-4-ene-1,3-dione	CC(C)CC(=O)C1C(=O)C=C(C1=O)CCC(C)(C)OC	2.300	163081290;163081291	COCONUT:(CNP0387978);SUPERNATURAL:(SN0305315);PUBCHEM:(163081290 163081291)	3145730	281.175	649	10.825	857323803272001911	857316090889924791	857316090889924790	13727	
1	1	0.018	0.018	-46.794		1.000	19.213	C4H9NSi	[M + H]+	C4H10NSi+	LEIMLDGFXIOXMT	InChI=1S/C4H9NSi/c1-6(2,3)4-5/h1-3H3	Trimethylsilyl cyanide	C[Si](C)(C)C#N	1.496	82115;12430936;71309700	PUBCHEMANNOTATIONBIO:(null);NORMAN:(NS00044807);PUBCHEMANNOTATIONSAFETYANDTOXIC:(null);MESH:(82115);PUBCHEM:(82115 12430936 71309700);DSSTox:(DTXSID20497978 DTXSID30745972 DTXSID9064766);PUBCHEMANNOTATIONDRUG:(null);PUBMED:(null)	137556656198	100.058	650	10.828	857323842543270276	857316090940256443	857316090940256442	13728	
1	1	0.770	0.770	-29.007		1.000	28.748	C14H31NO	[M + H]+	C14H32NO+	HCYSJBICYOIBLS	InChI=1S/C14H31NO/c1-2-3-4-5-6-7-8-9-10-11-12-15-13-14-16/h15-16H,2-14H2,1H3	2-(Dodecylamino)ethanol	CCCCCCCCCCCCNCCO	4.700	101936510;85512	NORMAN:(NS00052555);PUBCHEM:(101936510 85512);DSSTox:(DTXSID00174775 DTXSID50877663);PUBMED:(null)	137439215682	230.248	650	10.832	857323936021723530	857316090982199487	857316090982199486	13621	
1	1	0.524	0.764	-89.776		1.000	13.811	C12H27N	[M + H]+	C12H28N+	PXSXRABJBXYMFT	InChI=1S/C12H27N/c1-3-5-7-9-11-13-12-10-8-6-4-2/h13H,3-12H2,1-2H3	dihexylazanium	CCCCCCNCCCCCC	4.500	102212925;3256679;8920	COCONUT:(CNP0462839);NORMAN:(NS00020745);PUBCHEMANNOTATIONSAFETYANDTOXIC:(null);SUPERNATURAL:(SN0297990);PUBCHEM:(102212925 3256679 8920);public_spectra_2506;DSSTox:(DTXSID1022009 DTXSID20334218);PUBMED:(null)	146099404866	186.222	653	10.880	857323880858237321	857316091028336835	857316091028336834	13792	
1	1	0.092	0.092	-161.571		1.000	29.803	C12H25NO2	[M + H]+	C12H26NO2+	MQEMKUTWMALMCC	InChI=1S/C12H25NO2/c1-2-3-4-5-6-7-8-9-10-11-12-13(14)15/h2-12H2,1H3	1-Nitrododecane	CCCCCCCCCCCC[N+](=O)[O-]	5.060	85629	NORMAN:(NS00052736);PUBCHEM:(85629);DSSTox:(DTXSID70168626);PUBMED:(null)	137439215682	216.196	653	10.881	857323862441048455	857316091082862791	857316091082862790	13848	
1	1	0.926	0.926	-61.743		1.000	29.810	C20H43NO4	[M + H]+	C20H44NO4+	NUSMTFFYLONGGV	InChI=1S/C20H43NO4/c1-2-3-4-5-6-7-8-9-10-11-12-21(13-17-24-19-15-22)14-18-25-20-16-23/h22-23H,2-20H2,1H3	2,2'-[(Dodecylimino)bis(ethyleneoxy)]diethanol	CCCCCCCCCCCCN(CCOCCO)CCOCCO	4.200	4551027	PUBCHEM:(4551027);DSSTox:(DTXSID701014182)	137438953474	362.326	656	10.936	857324067857090503	857316091124805835	857316091124805834	13857	
1	1	0.686	0.686	-68.264		1.000	69.476	C16H35NO3	[M + H]+	C16H36NO3+	CNHOQYUFYNZEBZ	InChI=1S/C16H35NO3/c1-2-3-4-5-6-7-8-9-10-17(11-13-18)12-15-20-16-14-19/h18-19H,2-16H2,1H3	Peg-3 capramine	CCCCCCCCCCN(CCO)CCOCCO	3.200	13802588	PUBCHEM:(13802588)	2	290.269	657	10.950	857324099796715480	857316091170943183	857316091170943182	13882	
1	1	0.695	0.687	-91.545		1.000	47.320	C14H29NO3	[M + H]+	C14H30NO3+	BPXGKRUSMCVZAF	InChI=1S/C14H29NO3/c1-2-3-4-5-6-7-8-9-14(18)15(10-12-16)11-13-17/h16-17H,2-13H2,1H3	N,N-Bis(2-hydroxyethyl)decanamide	CCCCCCCCCC(=O)N(CCO)CCO	2.400	61081	PUBCHEMANNOTATIONBIO:(null);NORMAN:(NS00013429);PUBCHEMANNOTATIONSAFETYANDTOXIC:(null);PUBCHEM:(61081);DSSTox:(DTXSID3042184)	137523101698	260.222	658	10.974	857324096386746323	857316091217080531	857316091212886226	13913	
1	1	0.178	0.178	-284.921		1.000	101.043	C14H25NO2	[M + H]+	C14H26NO2+	OKDZSBOUVNBQMR	InChI=1S/C14H25NO2/c1-11(2)14(16)17-10-12-6-5-9-15-8-4-3-7-13(12)15/h11-13H,3-10H2,1-2H3	(octahydro-1H-quinolizin-1-yl)methyl 2-methylpropanoate	CC(C)C(=O)OCC1CCCN2C1CCCC2	2.900	6540969;6919851;6919852;7079279;673393;3695649;11859133;11874171;11874172	COCONUT:(CNP0208785);SUPERNATURAL:(SN0267706);PUBCHEM:(6540969 6919851 6919852 7079279 673393 3695649 11859133 11874171 11874172);PUBMED:(null)	3145794	240.196	659	10.985	857324112761310022	857316091263217879	857316091263217878	13916	
1	6	0.396	0.396	-19.072		0.000	20.432	C12H27OP	[M + H]+	C12H28OP+	MNZAKDODWSQONA	InChI=1S/C12H27OP/c1-4-7-10-14(13,11-8-5-2)12-9-6-3/h4-12H2,1-3H3	Butyphos	CCCCP(=O)(CCCC)CCCC	3.100	13138	PUBCHEMANNOTATIONBIO;COCONUT:(CNP0457039);NORMAN:(NS00000666);HMDB:(HMDB0259167);PUBCHEMANNOTATIONSAFETYANDTOXIC;BloodExposome:(13138);SUPERNATURAL:(SN0230733);MESH:(13138);PUBCHEM:(13138);public_spectra_2506;DSSTox:(DTXSID2061149);PUBCHEMANNOTATIONDRUG;PUBMED	146153930830	219.187	665	11.081	857324117148552018	857316091305160923	857316091305160922	14025	
1	1	0.839	0.861	-66.619		1.000	19.816	C13H29N	[M + H]+	C13H30N+	ABVVEAHYODGCLZ	InChI=1S/C13H29N/c1-2-3-4-5-6-7-8-9-10-11-12-13-14/h2-14H2,1H3	Tridecylamine	CCCCCCCCCCCCCN	4.580	4555949;40761	NORMAN:(NS00019560);PUBCHEMANNOTATIONSAFETYANDTOXIC:(null);SUPERNATURAL:(SN0001434);PUBCHEM:(4555949 40761);DSSTox:(DTXSID0022199 DTXSID50173995);LOTUS:(Q27262797);PUBMED:(null)	137775808578	200.237	666	11.103	857324123892993244	857316091351298271	857316091351298270	14072	
1	1	0.063	0.063	-268.323		1.000	44.309	C16H33NO3	[M + H]+	C16H34NO3+	HLHMUTMSDLTZMC	InChI=1S/C16H33NO3/c1-2-3-4-5-6-7-8-9-14-20-15-10-12-17-13-11-16(18)19/h17H,2-15H2,1H3,(H,18,19)		CCCCCCCCCCOCCCNCCC(=O)O	3.883		NORMAN:(NS00102548)	262144	288.253	666	11.108	857324170458159554	857316091443572967	857316091443572966	14130	
1	1	0.607	0.607	-94.360		1.000	78.006	C11H10N4O4	[M + H]+	C11H11N4O4+	UMBVNCGCAYHVJO	InChI=1S/C11H10N4O4/c1-7-5-8(2)13(12-7)10-4-3-9(14(16)17)6-11(10)15(18)19/h3-6H,1-2H3	1-(2,4-Dinitrophenyl)-3,5-dimethylpyrazole	CC1=CC(=NN1C2=C(C=C(C=C2)[N+](=O)[O-])[N+](=O)[O-])C	2.300	344769	PUBCHEMANNOTATIONSAFETYANDTOXIC:(null);PUBCHEM:(344769);DSSTox:(DTXSID70322701);PUBMED:(null)	137506062402	263.077	668	11.127	857324199751189630	857316091489710315	857316091489710314	14125	
1	1	0.464	0.464	-61.228		0.999	54.162	C14H10O	[M + H]+	C14H11O+	MNQGEQSXFDKAPY	InChI=1S/C14H10O/c15-9-10-5-6-14-12(7-10)8-11-3-1-2-4-13(11)14/h1-7,9H,8H2	Fluorene-2-carboxaldehyde	C1C2=CC=CC=C2C3=C1C=C(C=C3)C=O	3.478	34804	NORMAN:(NS00050256);PUBCHEMANNOTATIONSAFETYANDTOXIC:(null);MESH:(34804);PUBCHEM:(34804);DSSTox:(DTXSID10184168);PUBMED:(null)	137506324550	195.081	676	11.268	857324197658228480	857316091540041967	857316091540041966	14268	
1	19	0.450	0.450	-96.423		0.006	22.854	C20H13N5	[M + Na]+	C20H13N5Na+	PYHJWHYHRSDRDJ	InChI=1S/C20H13N5/c1-2-19-18(17(5-8-22-19)13-3-6-21-7-4-13)10-14(1)15-9-16-12-24-25-20(16)23-11-15/h1-12H,(H,23,24,25)	6-(1H-pyrazolo[3,4-b]pyridin-5-yl)-4-pyridin-4-ylquinoline	C1=CC2=NC=CC(=C2C=C1C3=CN=C4C(=C3)C=NN4)C5=CC=NC=C5	3.300	46174165	PUBCHEMANNOTATIONBIO:(null);PUBCHEM:(46174165)	16777218	346.107	676	11.272	857324219384734415	857316091586179315	857316091586179314	14274	
1	1	0.277	0.330	-60.005		0.500	56.907	C9H10O	[M + H]+	C9H11O+	DPHNJPUOMLRELT	InChI=1S/C9H10O/c10-9-6-2-4-7-3-1-5-8(7)9/h2,4,6,10H,1,3,5H2	2,3-dihydro-1H-inden-4-ol	C1CC2=C(C1)C(=CC=C2)O	2.400	20718209;74233	COCONUT:(CNP0204315);NORMAN:(NS00025364);SUPERNATURAL:(SN0071827);PUBCHEM:(20718209 74233);DSSTox:(DTXSID00167708)	137442361346	135.081	677	11.288	857324226313724710	857316091682648315	857316091678454010	14287	
1	1	0.220	0.220	-69.208		1.000	79.897	C11H20O	[M + H]+	C11H21O+	SEOQXPNFTOMJOJ	InChI=1S/C11H20O/c1-4-5-6-7-8-10(2)9-11(3)12/h2,4-9H2,1,3H3	4-Methylidenedecan-2-one	CCCCCCC(=C)CC(=O)C	3.900	10702270	PUBCHEM:(10702270)	2	169.159	678	11.298	857324219502174929	857316091749757183	857316091749757182	14308	
1	1	0.031	0.031	-61.612		0.983	74.121	C7H8	[M + H]+	C7H9+	RSPZSDWVQWRAEF	InChI=1S/C7H8/c1-3-5-7-6-4-2/h1-2H,5-7H2	1,6-Heptadiyne	C#CCCCC#C	1.900	337121	NORMAN:(NS00027518);PUBCHEMANNOTATIONSAFETYANDTOXIC:(null);PUBCHEM:(337121);DSSTox:(DTXSID2062373);PUBMED:(null)	137506324546	93.070	678	11.299	857324223268659990	857316091795894531	857316091795894530	14318	
1	1	0.661	0.708	-65.925		1.000	43.158	C14H31N	[M + H]+	C14H32N+	PLZVEHJLHYMBBY	InChI=1S/C14H31N/c1-2-3-4-5-6-7-8-9-10-11-12-13-14-15/h2-15H2,1H3	Armeen 14	CCCCCCCCCCCCCCN	5.029	15687967;16217;71308881	PUBCHEMANNOTATIONBIO:(null);HMDB:(HMDB0258887);PUBCHEMANNOTATIONSAFETYANDTOXIC:(null);BloodExposome:(16217);SUPERNATURAL:(SN0289089);MESH:(16217);PUBCHEM:(15687967 16217 71308881);public_spectra_2506;COCONUT:(CNP0079841);NORMAN:(NS00009560 NS00082347);CHEBI:(165595);DSSTox:(DTXSID20745683 DTXSID70939757 DTXSID9040768);LOTUS:(Q27284979);PUBMED:(null)	146388811886	214.253	678	11.299	857324221037290244	857316091846226183	857316091842031878	14303	
1	3	0.021	0.021	-297.060		0.000	62.355	C12H13FN2O3	[M + K]+	C12H13FKN2O3+	HVADSRDRNLXETI	InChI=1S/C12H13FN2O3/c1-2-18-12(16)15-6-5-10(14-17)9-7-8(13)3-4-11(9)15/h3-4,7,17H,2,5-6H2,1H3	Ethyl 6-fluoro-3,4-dihydro-4-(hydroxyimino)-1(2H)-quinolinecarboxylate	CCOC(=O)N1CCC(=NO)C2=C1C=CC(=C2)F	1.900	6510080;5747046;3067736	PUBCHEMANNOTATIONSAFETYANDTOXIC:(null);PUBCHEM:(6510080 5747046 3067736)	67108866	291.055	679	11.319	857324249478865822	857316091892363531	857316091888169226	14294	
1	1	0.193	0.193	-96.956		0.500	178.147	C19H36O3S	[M + H]+	C19H37O3S+	AWSMZIAWBUVKQM	InChI=1S/C19H36O3S/c20-17-11-7-9-15-19(16-10-8-12-17)23(21,22)18-13-5-3-1-2-4-6-14-18/h17-20H,1-16H2	6-Cyclononylsulfonylcyclodecan-1-ol	C1CCCCC(CCC1)S(=O)(=O)C2CCCCC(CCCC2)O	5.100	154322833	PUBCHEM:(154322833)	2	345.246	681	11.345	857324307284763691	857316091942695183	857316091942695182	14363	
1	2	0.067	0.078	-176.716		0.394	43.724	C20H32O6	[M + H3N + H]+	C20H36NO6+	ROUDCKODIMKLNO	InChI=1S/C20H32O6/c1-2-3-4-7-14(21)10-11-16-17(19(24)13-18(16)23)12-15(22)8-5-6-9-20(25)26/h10-11,14,16-18,21,23H,2-9,12-13H2,1H3,(H,25,26)	7-[3-hydroxy-2-(3-hydroxyoct-1-en-1-yl)-5-oxocyclopentyl]-6-oxoheptanoic acid	CCCCCC(C=CC1C(CC(=O)C1CC(=O)CCCCC(=O)O)O)O	2.604	4045015;40473160;5280889;124351411;5996581;10429122;129370142;129370143;71684375;54278015;59941503;123819;35021486;35021492;35021499	PUBCHEMANNOTATIONBIO:(null);HMDB:(HMDB0004241);PUBCHEMANNOTATIONSAFETYANDTOXIC:(null);BloodExposome:(5280889);LIPIDMAPS:(LMFA03010012);SUPERNATURAL:(SN0331192);MESH:(5280889);PUBCHEM:(4045015 40473160 5280889 124351411 5996581 10429122 129370142 129370143 71684375 54278015 59941503 123819 35021486 35021492 35021499);COCONUT:(CNP0331343);METACYC:(CPD-24690);CHEBI:(28269 134577);KEGG:(C05962);DSSTox:(DTXSID701318279);PUBCHEMANNOTATIONDRUG:(null);PUBMED:(null)	139711220078	386.254	682	11.373	857324233288852312	857316091984638227	857316091984638226	14399	
1	3	0.142	0.142	-273.023		0.018	8.010	C23H35N5O2	[M + H]+	C23H36N5O2+	WEXCGGWTIDNVNT	InChI=1S/C23H35N5O2/c1-29-20-16-18-19(17-21(20)30-2)25-23(28-14-8-9-15-28)26-22(18)24-10-4-3-5-11-27-12-6-7-13-27/h16-17H,3-15H2,1-2H3,(H,24,25,26)	6,7-Dimethoxy-2-(pyrrolidin-1-yl)-N-(5-(pyrrolidin-1-yl)pentyl)quinazolin-4-amine	COC1=C(C=C2C(=C1)C(=NC(=N2)N3CCCC3)NCCCCCN4CCCC4)OC	4.300	78357767	PUBCHEMANNOTATIONBIO:(null);MESH:(78357767);PUBCHEM:(78357767);public_spectra_2506;PUBMED:(null)	8606711878	414.285	682	11.374	857324228503151430	857316092026581271	857316092022386966	14401	
1	1	0.148	0.148	-71.042		0.989	51.728	C15H14OS	[M + H]+	C15H15OS+	XTVFTVFNWYPQJI	InChI=1S/C15H14OS/c1-12(13-7-3-2-4-8-13)17-15-10-6-5-9-14(15)11-16/h2-10,16H,1,11H2	[2-(1-Phenylethenylsulfanyl)phenyl]methanol	C=C(C1=CC=CC=C1)SC2=CC=CC=C2CO	3.700	143310136	PUBCHEM:(143310136)	2	243.084	683	11.387	857324248203797394	857316092068524315	857316092068524314	14419	
1	2	0.875	0.875	-26.172		0.216	87.545	C16H10N2O2	[M + H]+	C16H11N2O2+	COHYTHOBJLSHDF	InChI=1S/C16H10N2O2/c19-15-9-5-1-3-7-11(9)17-13(15)14-16(20)10-6-2-4-8-12(10)18-14/h1-8,17-18H	Indigo	C1=CC=C2C(=C1)C(=O)C(=C3C(=O)C4=CC=CC=C4N3)N2	2.726	129678358	COCONUT:(CNP0122392);NORMAN:(NS00002041 NS00076533);HMDB:(HMDB0240742);METACYC:(CPD-10525);PLANTCYC:(CPD-10525);SUPERNATURAL:(SN0051239);PUBCHEM:(129678358);public_spectra_2506;DSSTox:(DTXSID3026279);LOTUS:(Q104967020 Q422662)	146300864522	263.082	688	11.473	857324352834905183	857316092110467359	857316092110467358	14572	
1	1	0.496	0.592	-49.225		1.000	23.654	C14H31NO	[M + H]+	C14H32NO+	SYELZBGXAIXKHU	InChI=1S/C14H31NO/c1-4-5-6-7-8-9-10-11-12-13-14-15(2,3)16/h4-14H2,1-3H3	Admox 12	CCCCCCCCCCCC[N+](C)(C)[O-]	5.300	112758481;15433	PUBCHEMANNOTATIONBIO:(null);PUBCHEMANNOTATIONSAFETYANDTOXIC:(null);SUPERNATURAL:(SN0358505);HSDB:(1643-20-5);MESH:(15433);PUBCHEM:(112758481 15433);public_spectra_2506;NORMAN:(NS00001592);METACYC:(CPD-14531);CHEBI:(131762);DSSTox:(DTXSID1020514);LOTUS:(Q6501952);PUBCHEMANNOTATIONDRUG:(null);PUBMED:(null)	146416077414	230.248	690	11.493	857324226099815204	857316092156604707	857316092156604706	14591	
1	2	0.037	0.037	-49.176		0.500	133.432	C12H18	[M + CH2O2 + H]+	C13H21O2+	VCVMWFDNPLLHKP	InChI=1S/C12H18/c1-11(2,3)9-7-8-10-12(4,5)6/h1-6H3	2,2,7,7-Tetramethylocta-3,5-diyne	CC(C)(C)C#CC#CC(C)(C)C	4.400	138671	PUBCHEMANNOTATIONSAFETYANDTOXIC:(null);PUBCHEM:(138671);DSSTox:(DTXSID30210211);PUBMED:(null)	137506062402	209.154	695	11.585	857324235197260642	857316092202742055	857316092202742054	14709	
1	1	0.018	0.018	-153.942		1.000	184.474	C19H34O3S	[M + H]+	C19H35O3S+	OTJXYZYTYBGFAD	InChI=1S/C19H34O3S/c1-2-3-4-5-8-14-23-18-12-9-10-16(18)15-17(20)11-6-7-13-19(21)22/h16,18H,2-15H2,1H3,(H,21,22)	7-[(1R,2S)-2-heptylsulfanylcyclopentyl]-6-oxoheptanoic acid	CCCCCCCSC1CCCC1CC(=O)CCCCC(=O)O	4.700	22840733	PUBCHEM:(22840733)	2	343.230	697	11.612	857324313714631739	857316092248879403	857316092248879402	14717	
1	1	0.019	0.019	-60.047		0.850	80.828	C7H8	[M + H]+	C7H9+	RSPZSDWVQWRAEF	InChI=1S/C7H8/c1-3-5-7-6-4-2/h1-2H,5-7H2	1,6-Heptadiyne	C#CCCCC#C	1.900	337121	NORMAN:(NS00027518);PUBCHEMANNOTATIONSAFETYANDTOXIC:(null);PUBCHEM:(337121);DSSTox:(DTXSID2062373);PUBMED:(null)	137506324546	93.070	698	11.639	857324296530568200	857316092290822447	857316092290822446	14775	
1	2	0.367	0.367	-83.119		0.500	197.415	C11H22O3	[M - H2O + H]+	C11H21O2+	FARPMBPKLYEDIL	InChI=1S/C11H22O3/c1-2-3-4-5-6-7-8-10(12)9-11(13)14/h10,12H,2-9H2,1H3,(H,13,14)	3-hydroxyundecanoic acid	CCCCCCCCC(CC(=O)O)O	3.100	22183162;5312873;3083221;11041825	PUBCHEMANNOTATIONBIO:(null);COCONUT:(CNP0274681);HMDB:(HMDB0061654);BloodExposome:(3083221);CHEBI:(179317 172064);LIPIDMAPS:(LMFA01050162 LMFA01050327);SUPERNATURAL:(SN0080609);PUBCHEM:(22183162 5312873 3083221 11041825);PUBMED:(null)	2171601002	185.154	702	11.700	857324229056799568	857316092332765491	857316092332765490	14861	
1	1	0.509	0.681	-120.328		1.000	23.499	C16H33NO2	[M + H]+	C16H34NO2+	DVEKCXOJTLDBFE	InChI=1S/C16H33NO2/c1-4-5-6-7-8-9-10-11-12-13-14-17(2,3)15-16(18)19/h4-15H2,1-3H3/p+1	Carboxymethyl-dodecyl-dimethylazanium	CCCCCCCCCCCC[N+](C)(C)CC(=O)O	5.500	4292413;12687	PUBCHEMANNOTATIONBIO:(null);NORMAN:(NS00013827 NS00089195);PUBCHEMANNOTATIONSAFETYANDTOXIC:(null);BloodExposome:(4292413 12686);MESH:(12687 4292413);PUBCHEM:(4292413 12687);DSSTox:(DTXSID00970491 DTXSID101020488 DTXSID20200641 DTXSID50149650 DTXSID6041266 DTXSID80453217);PUBMED:(null)	137527296070	272.259	709	11.816	857324250590356402	857316092383097143	857316092378902838	15066	
1	1	0.043	0.043	-208.413		0.954	108.205	C15H20N2O3	[M + H]+	C15H21N2O3+	PEEKCTXVTSQPFG	InChI=1S/C15H20N2O3/c1-5-7-13(18)16-11-8-6-9-12(10-11)20-14(19)17-15(2,3)4/h5-10H,1-4H3,(H,16,18)(H,17,19)	[3-(but-2-enoylamino)phenyl] N-tert-butylcarbamate	CC=CC(=O)NC1=CC(=CC=C1)OC(=O)NC(C)(C)C	3.081	5966811;92258898;28807	PUBCHEMANNOTATIONSAFETYANDTOXIC:(null);PUBCHEM:(5966811 92258898 28807)	67108866	277.155	711	11.852	857324298183123980	857316092420845883	857316092420845882	15098	
1	1	0.060	0.060	-81.776		1.000	109.589	C15H22OS	[M + H]+	C15H23OS+	WCMMNVMHRSGFIU	InChI=1S/C15H22OS/c1-4-5-10-17-11-15(16)14-8-6-13(7-9-14)12(2)3/h6-9,12H,4-5,10-11H2,1-3H3	2-Butylsulfanyl-1-(4-propan-2-ylphenyl)ethanone	CCCCSCC(=O)C1=CC=C(C=C1)C(C)C	4.700	43801402	PUBCHEM:(43801402)	2	251.147	717	11.950	857324249705358248	857316092479566143	857316092475371838	15209	
1	1	0.150	0.150	-124.005		1.000	230.528	C16H28O2	[M + H]+	C16H29O2+	MECFGCCEVOFCNS	InChI=1S/C16H28O2/c1-2-3-4-5-6-7-8-9-10-11-12-13-14-15-16(17)18/h2-13H2,1H3,(H,17,18)	2-Hexadecynoic acid	CCCCCCCCCCCCCC#CC(=O)O	7.200	19914126;151047	PUBCHEMANNOTATIONBIO:(null);BloodExposome:(151047);LIPIDMAPS:(LMFA01030494);MESH:(151047);PUBCHEM:(19914126 151047);DSSTox:(DTXSID00182577);PUBMED:(null)	139607408710	253.216	726	12.103	857324245141955444	857316092571840839	857316092571840838	15364	
1	1	0.037	0.037	-221.109		1.000	88.825	C17H26O5	[M + H]+	C17H27O5+	YQQIXQNYUDVOFB	InChI=1S/C17H26O5/c1-3-4-5-6-7-8-9-10-12-17(20-2)13-11-15(21-22-17)14-16(18)19/h5-8,11,13,15H,3-4,9-10,12,14H2,1-2H3,(H,18,19)		CCCC=CC=CCCCC1(C=CC(OO1)CC(=O)O)OC	3.400	85094082;10018279	COCONUT:(CNP0436287);SUPERNATURAL:(SN0457691);PUBCHEM:(85094082 10018279)	3145730	311.185	736	12.262	857324260623131573	857316092655726927	857316092655726926	15630	
1	3	0.051	0.051	-210.572		0.000	113.870	C15H14N2O2	[M + Na]+	C15H14N2NaO2+	NIGRIMOLDFBQPY	InChI=1S/C15H14N2O2/c18-10-16-14-5-1-12(2-6-14)9-13-3-7-15(8-4-13)17-11-19/h1-8,10-11H,9H2,(H,16,18)(H,17,19)	Formamide, N,N'-(methylenedi-4,1-phenylene)bis-	C1=CC(=CC=C1CC2=CC=C(C=C2)NC=O)NC=O	2.200	4208213;154389792	PUBCHEMANNOTATIONSAFETYANDTOXIC:(null);PUBCHEM:(4208213 154389792);DSSTox:(DTXSID90400858)	137506062338	277.093	736	12.264	857324323747406930	857316092701864275	857316092697669970	15612	
1	1	0.921	0.962	-18.285		1.000	75.037	C13H10O	[M + H]+	C13H11O+	RWCCWEUUXYIKHB	InChI=1S/C13H10O/c14-13(11-7-3-1-4-8-11)12-9-5-2-6-10-12/h1-10H	Benzophenone	C1=CC=C(C=C1)C(=O)C2=CC=CC=C2	3.263	58819169;101647624;102491682;3035154;54288876;54288877;11063075;11171364;11446765;3102;13265062;450717;12210015;12210016;12210018;117065503;18648701;72735856;151788398;151788399	PUBCHEMANNOTATIONBIO:(null);HMDB:(HMDB0032049);MiMeDB:(MMDBc0014480);PUBCHEMANNOTATIONSAFETYANDTOXIC:(null);BloodExposome:(3102);SUPERNATURAL:(SN0336828);HSDB:(119-61-9);MESH:(3102);PUBCHEM:(58819169 101647624 102491682 3035154 54288876 54288877 11063075 11171364 11446765 3102 13265062 450717 12210015 12210016 12210018 117065503 18648701 72735856 151788398 151788399);public_spectra_2506;GNPS:(CCMSLIB00003135709 CCMSLIB00003139776);MACONDA:(CON00031);COCONUT:(CNP0150241);NORMAN:(NS00010632 NS00102822);CHEBI:(41308);KEGG:(C06354);DSSTox:(DTXSID0021961 DTXSID20457552 DTXSID50177110 DTXSID80480588);LOTUS:(Q409482);YMDB:(YMDB02308);PUBCHEMANNOTATIONDRUG:(null);PUBCHEMANNOTATIONFOOD:(null);PUBMED:(null)	147630397294	183.081	739	12.319	857324261747205055	857316092748001623	857316092743807318	15670	
1	1	0.426	0.426	-87.716		1.000	150.305	C12H22O	[M + H]+	C12H23O+	JNPDIGDNCHJQRP	InChI=1S/C12H22O/c1-2-3-4-5-6-7-8-9-10-11-12-13/h11H,2-10H2,1H3	Decylketene	CCCCCCCCCCC=C=O	5.800	23496809	BloodExposome:(23496809);PUBCHEM:(23496809);PUBMED:(null)	4194370	183.174	741	12.355	857324229451064147	857316092789944667	857316092789944666	15705	
1	5	0.089	0.089	-317.480		0.023	8.838	C31H44N4O	[M + H]+	C31H45N4O+	BJMKFBQFDITXJA	InChI=1S/C31H44N4O/c1-22(2)24-13-11-14-25(23(3)4)29(24)33-30(36)32-21-31(16-9-10-17-31)27-20-35(19-18-34(5)6)28-15-8-7-12-26(27)28/h7-8,11-15,20,22-23H,9-10,16-19,21H2,1-6H3,(H2,32,33,36)	Urea, N-(2,6-bis(1-methylethyl)phenyl)-N'-((1-(1-(2-(dimethylamino)ethyl)-1H-indol-3-yl)cyclopentyl)methyl)-	CC(C)C1=C(C(=CC=C1)C(C)C)NC(=O)NCC2(CCCC2)C3=CN(C4=CC=CC=C43)CCN(C)C	6.600	3072920	PUBCHEMANNOTATIONSAFETYANDTOXIC:(null);PUBCHEM:(3072920);DSSTox:(DTXSID00162910)	137506062338	489.357	746	12.427	857324226800263998	857316092836082015	857316092836082014	15833	
1	1	0.724	0.724	-62.756		0.930	48.202	C13H10N2S	[M + H]+	C13H11N2S+	WMUQKQNUCODDCB	InChI=1S/C13H10N2S/c14-13-15(10-6-2-1-3-7-10)11-8-4-5-9-12(11)16-13/h1-9,14H	2(3H)-Benzothiazolimine, 3-phenyl-	C1=CC=C(C=C1)N2C3=CC=CC=C3SC2=N	3.500	736970	NORMAN:(NS00017857);PUBCHEM:(736970);DSSTox:(DTXSID00353149);PUBMED:(null)	137439215682	227.064	748	12.464	857324245808849786	857316092878025059	857316092878025058	15868	
1	1	0.416	0.416	-99.281		1.000	149.012	C13H20O2	[M + H]+	C13H21O2+	NUIWGACHQJGHHS	InChI=1S/C13H20O2/c1-10(2)8-13(15)9-11(3)6-5-7-12(4)14/h6,8H,5,7,9H2,1-4H3	6,10-dimethylundeca-5,9-diene-2,8-dione	CC(=CC(=O)CC(=CCCC(=O)C)C)C	2.500	21775089;73836599	COCONUT:(CNP0179349);TeroMol:(TKC031400);SUPERNATURAL:(SN0255494);PUBCHEM:(21775089 73836599);LOTUS:(Q105185893 Q105185892)	279969794	209.154	750	12.499	857324294219506686	857316092919968103	857316092919968102	15881	
1	2	0.015	0.015	-106.187		0.005	40.735	C10H18O6	[M + Na]+	C10H18NaO6+	RYEILTDATRIIDL	InChI=1S/C10H18O6/c11-1-3-13-5-7-15-9-10-16-8-6-14-4-2-12/h11-12H,1,3,5-10H2	2-[2-[2-[2-(2-Hydroxyethynoxy)ethoxy]ethoxy]ethoxy]ethanol	C(COCCOCCOCCOC#CO)O	-0.400	46850848	PUBCHEMANNOTATIONBIO:(null);PUBCHEM:(46850848)	16777218	257.100	752	12.540	857324360833442922	857316092966105451	857316092966105450	15973	
1	1	0.775	0.639	-73.717		1.000	83.573	C15H33N	[M + H]+	C15H34N+	JPZYXGPCHFZBHO	InChI=1S/C15H33N/c1-2-3-4-5-6-7-8-9-10-11-12-13-14-15-16/h2-16H2,1H3	pentadecylamine	CCCCCCCCCCCCCCCN	5.478	22590748;17386	PUBCHEMANNOTATIONBIO:(null);HMDB:(HMDB0243828);PUBCHEMANNOTATIONSAFETYANDTOXIC:(null);BloodExposome:(17386);SUPERNATURAL:(SN0172146);HSDB:(2570-26-5);MESH:(17386);PUBCHEM:(22590748 17386);COCONUT:(CNP0430437);NORMAN:(NS00027944);CHEBI:(87551);DSSTox:(DTXSID00171481 DTXSID8062529);LOTUS:(Q7164947);PUBMED:(null)	137798877806	228.269	757	12.609	857324292017497085	857316093008048495	857316093008048494	15937	
1	1	0.116	0.116	-291.303		1.000	119.786	C15H29NO2	[M + H]+	C15H30NO2+	PICLSMCDEFZQTO	InChI=1S/C15H29NO2/c1-2-3-4-5-6-7-8-9-14-18-15(17)10-11-16-12-13-16/h2-14H2,1H3	Propionic acid, 3-(1-aziridinyl)-, decyl ester	CCCCCCCCCCOC(=O)CCN1CC1	4.400	97120	PUBCHEMANNOTATIONSAFETYANDTOXIC:(null);PUBCHEM:(97120);DSSTox:(DTXSID00193769);PUBMED:(null)	137506062402	256.227	760	12.660	857324238015832944	857316093054185843	857316093054185842	16086	
1	1	0.219	0.219	-86.041		1.000	32.189	C14H29NO3	[M + H]+	C14H30NO3+	IKSLLOAIAPGRIX	InChI=1S/C14H29NO3/c1-2-3-4-5-6-7-8-10-15(12-13-16)11-9-14(17)18/h16H,2-13H2,1H3,(H,17,18)	3-[2-Hydroxyethyl(nonyl)amino]propanoic acid	CCCCCCCCCN(CCC(=O)O)CCO	0.800	82330304	PUBCHEM:(82330304)	2	260.222	760	12.666	857324246664487820	857316093096128887	857316093096128886	16094	
1	1	0.082	0.082	-220.805		0.998	51.574	C13H25NO5	[M + H]+	C13H26NO5+	NDDJIMSGSZNACM	InChI=1S/C13H25NO5/c1-2-3-4-5-6-7-10(16)8-12(17)14-11(9-15)13(18)19/h10-11,15-16H,2-9H2,1H3,(H,14,17)(H,18,19)	Serratamic Acid	CCCCCCCC(CC(=O)NC(CO)C(=O)O)O	1.200	42607281;21126063;193310;12315482	COCONUT:(CNP0234060);CHEBI:(137783);LIPIDMAPS:(LMFA00000002);SUPERNATURAL:(SN0242253);MESH:(193310);PUBCHEM:(42607281 21126063 193310 12315482);DSSTox:(DTXSID80968972);PUBMED:(null)	139589582950	276.179	765	12.752	857324285948339176	857316093180014975	857316093180014974	16328	
1	1	0.975	0.975	-38.137		0.914	66.185	C10H15NO2	[M + H]+	C10H16NO2+	FBPVUBVZRPURIU	InChI=1S/C10H15NO2/c1-2-3-4-5-8-11-9(12)6-7-10(11)13/h6-7H,2-5,8H2,1H3	1-Hexylpyrrole-2,5-dione	CCCCCCN1C(=O)C=CC1=O	1.913	464134	PUBCHEM:(464134);DSSTox:(DTXSID30332760)	137438953474	182.118	765	12.754	857324272132301790	857316093221958019	857316093221958018	16324	
1	1	0.886	0.720	-41.772		1.000	7.616	C16H35N	[M + H]+	C16H36N+	FJLUATLTXUNBOT	InChI=1S/C16H35N/c1-2-3-4-5-6-7-8-9-10-11-12-13-14-15-16-17/h2-17H2,1H3	Hexadecylamine	CCCCCCCCCCCCCCCCN	5.927	162343678;8926;117668646;3701362	PUBCHEMANNOTATIONBIO:(null);NORMAN:(NS00013449 NS00081336 NS00102500);HMDB:(HMDB0243891);PUBCHEMANNOTATIONSAFETYANDTOXIC:(null);BloodExposome:(8926);CHEBI:(165594);MESH:(8926);PUBCHEM:(162343678 8926 117668646 3701362);DSSTox:(DTXSID30936247 DTXSID7025390 DTXSID90797311);LOTUS:(Q27285236);PUBMED:(null)	137795731566	242.284	768	12.798	857324226607326009	857316093263901063	857316093263901062	16398	
1	4	0.052	0.075	-384.522		0.015	55.305	C24H39NO6	[M + Na]+	C24H39NNaO6+	AUFPYCWNRDFSAE	InChI=1S/C24H39NO6/c1-5-25-10-22(11-29-2)7-6-15(31-4)24-13-8-12-14(30-3)9-23(28,16(13)18(12)26)17(21(24)25)19(27)20(22)24/h12-21,26-28H,5-11H2,1-4H3	Foresticine	CCN1CC2(CCC(C34C2C(C(C31)C5(CC(C6CC4C5C6O)OC)O)O)OC)COC	-0.100	101228826;14707731;5317074;162947039;162947040;162947041;20055982;146030049	COCONUT:(CNP0217588);TeroMol:(TKC177628 TKC177630 TKC177627 TKC177629);CHEBI:(132642);SUPERNATURAL:(SN0015551);PUBCHEM:(101228826 14707731 5317074 162947039 162947040 162947041 20055982 146030049);LOTUS:(Q104918891 Q104918889);KNAPSACK:(AUFPYCWNRDFSAE-UHFFFAOYSA-N)	279969842	460.269	772	12.867	857324316285740105	857316093310038411	857316093310038410	16484	
1	1	0.359	0.359	-224.894		0.514	71.225	C24H30O6	[M + H3N + H]+	C24H34NO6+	YWEWWNPYDDHZDI	InChI=1S/C24H30O6/c1-13-5-7-17(9-15(13)3)23-27-12-20-22(30-23)21(19(26)11-25)29-24(28-20)18-8-6-14(2)16(4)10-18/h5-10,19-26H,11-12H2,1-4H3	(1R)-1-[(2R,4S,4aR,6R,8aR)-2,6-bis(3,4-dimethylphenyl)-4,4a,8,8a-tetrahydro-[1,3]dioxino[5,4-d][1,3]dioxin-4-yl]ethane-1,2-diol	CC1=C(C=C(C=C1)C2OCC3C(O2)C(OC(O3)C4=CC(=C(C=C4)C)C)C(CO)O)C	2.800	76959163;76959164;76959165;76959166;134692573;137532627;137532628;137547921;137704511;29922409;93077267;93077268;93077269;93077270;98047440;98047442;98047444;11502517;18666587	NORMAN:(NS00077688);PUBCHEMANNOTATIONSAFETYANDTOXIC:(null);PUBCHEM:(76959163 76959164 76959165 76959166 134692573 137532627 137532628 137547921 137704511 29922409 93077267 93077268 93077269 93077270 98047440 98047442 98047444 11502517 18666587);DSSTox:(DTXSID4051297);PUBCHEMANNOTATIONFOOD:(null)	137640542210	432.238	772	12.867	857324299911177238	857316093356175759	857316093356175758	16485	
1	2	0.245	0.245	-148.770		0.337	69.782	C24H30O6	[M + H]+	C24H31O6+	YWEWWNPYDDHZDI	InChI=1S/C24H30O6/c1-13-5-7-17(9-15(13)3)23-27-12-20-22(30-23)21(19(26)11-25)29-24(28-20)18-8-6-14(2)16(4)10-18/h5-10,19-26H,11-12H2,1-4H3	(1R)-1-[(2R,4S,4aR,6R,8aR)-2,6-bis(3,4-dimethylphenyl)-4,4a,8,8a-tetrahydro-[1,3]dioxino[5,4-d][1,3]dioxin-4-yl]ethane-1,2-diol	CC1=C(C=C(C=C1)C2OCC3C(O2)C(OC(O3)C4=CC(=C(C=C4)C)C)C(CO)O)C	2.800	76959163;76959164;76959165;76959166;134692573;137532627;137532628;137547921;137704511;29922409;93077267;93077268;93077269;93077270;98047440;98047442;98047444;11502517;18666587	NORMAN:(NS00077688);PUBCHEMANNOTATIONSAFETYANDTOXIC:(null);PUBCHEM:(76959163 76959164 76959165 76959166 134692573 137532627 137532628 137547921 137704511 29922409 93077267 93077268 93077269 93077270 98047440 98047442 98047444 11502517 18666587);DSSTox:(DTXSID4051297);PUBCHEMANNOTATIONFOOD:(null)	137640542210	415.211	772	12.870	857324286887863284	857316093402313107	857316093398118802	16486	
1	1	0.287	0.287	-169.169		0.998	185.102	C12H14N2O2	[M + H]+	C12H15N2O2+	WHFGEAVJRDAMNU	InChI=1S/C12H14N2O2/c1-8-12(2,3)10-7-9(14(15)16)5-6-11(10)13(8)4/h5-7H,1H2,2-4H3	1,3,3-Trimethyl-2-methylene-5-nitroindoline	CC1(C(=C)N(C2=C1C=C(C=C2)[N+](=O)[O-])C)C	3.200	118971	NORMAN:(NS00030041);PUBCHEM:(118971);DSSTox:(DTXSID50189950)	137439215618	219.113	774	12.904	857324263945020361	857316093448450455	857316093448450454	16545	
1	1	0.359	0.359	-154.095		1.000	33.874	C13H27NO2	[M + H]+	C13H28NO2+	QZVLLXPELCRVPR	InChI=1S/C13H27NO2/c1-2-3-4-5-6-7-8-9-10-11-14-12-13(15)16/h14H,2-12H2,1H3,(H,15,16)	N-Undecylglycine	CCCCCCCCCCCNCC(=O)O	2.200	3019755	NORMAN:(NS00038459);PUBCHEM:(3019755);DSSTox:(DTXSID20233116)	137439215618	230.212	775	12.923	857324230252176213	857316093494587803	857316093494587802	16623	
1	1	0.025	0.025	-733.934		0.796	28.720	C22H25ClN2O6	[M + H]+	C22H26ClN2O6+	AWTBFKCVPLJOGH	InChI=1S/C22H25ClN2O6/c1-12-9-13(24-6-8-25-7-4-5-17(25)27)10-16(26)22(12)21(28)18-14(29-2)11-15(30-3)19(23)20(18)31-22/h10-12,24H,4-9H2,1-3H3	7-chloro-4,6-dimethoxy-6'-methyl-4'-{[2-(2-oxopyrrolidin-1-yl)ethyl]amino}-3H-spiro[1-benzofuran-2,1'-cyclohexan]-3'-ene-2',3-dione	CC1CC(=CC(=O)C12C(=O)C3=C(O2)C(=C(C=C3OC)OC)Cl)NCCN4CCCC4=O	2.500	127253412;162866450	COCONUT:(CNP0130021);SUPERNATURAL:(SN0017431);PUBCHEM:(127253412 162866450)	3145730	449.149	782	13.032	857324265085871059	857316093544919455	857316093544919454	16742	
1	2	0.095	0.095	-140.794		0.500	22.641	C13H24O2	[M + H3N + H]+	C13H28NO2+	LUUDAJQADHSYHX	InChI=1S/C13H24O2/c14-12-10-8-6-4-2-1-3-5-7-9-11-13-15/h12-13H,1-11H2	tridecanedial	C(CCCCCC=O)CCCCCC=O	3.600	544162	COCONUT:(CNP0157180);SUPERNATURAL:(SN0215979);PUBCHEM:(544162);DSSTox:(DTXSID50873105)	137442099202	230.212	784	13.068	857324324896646235	857316093595251107	857316093595251106	16787	
1	2	0.076	0.076	-195.869		0.208	68.680	C23H28N4O2	[M + Na]+	C23H28N4NaO2+	AFJNUAGVGAAHGZ	InChI=1S/C23H28N4O2/c28-22(9-11-26-13-14-26)24-20-5-1-18(2-6-20)17-19-3-7-21(8-4-19)25-23(29)10-12-27-15-16-27/h1-8H,9-17H2,(H,24,28)(H,25,29)	1-AZIRIDINEPROPIONAMIDE, N,N'-(METHYLENEDI-p-PHENYLENE)BIS-	C1CN1CCC(=O)NC2=CC=C(C=C2)CC3=CC=C(C=C3)NC(=O)CCN4CC4	1.700	57559	PUBCHEMANNOTATIONSAFETYANDTOXIC:(null);PUBCHEM:(57559);DSSTox:(DTXSID10244296)	137506062338	415.211	803	13.386	857325352551459075	857316093645582759	857316093645582758	17206	
1	2	0.024	0.024	-378.954		0.036	28.341	C27H33N5O2	[M + H]+	C27H34N5O2+	WQSTTZVZUNIDBE	InChI=1S/C27H33N5O2/c33-26(9-15-31-11-1-2-12-31)28-22-7-5-20-17-21-6-8-23(19-25(21)30-24(20)18-22)29-27(34)10-16-32-13-3-4-14-32/h5-8,17-19H,1-4,9-16H2,(H,28,33)(H,29,34)	3-Pyrrolidin-1-YL-N-[6-(3-pyrrolidin-1-YL-propionylamino)-acridin-3-YL]-propionamide	C1CCN(C1)CCC(=O)NC2=CC3=C(C=C2)C=C4C=CC(=CC4=N3)NC(=O)CCN5CCCC5	2.800	446848;44360047	PUBCHEMANNOTATIONBIO:(null);PUBCHEM:(446848 44360047);PUBMED:(null)	16777282	460.269	807	13.444	857325361028147474	857316093750440367	857316093746246062	17281	
1	8	0.007	0.007	-279.530		0.011	7.251	C33H48N4O2	[M + H]+	C33H49N4O2+	AWBWQBMGIDKGBV	InChI=1S/C33H48N4O2/c38-33(39)22-35-14-12-23(13-15-35)19-32-34-30-10-3-4-11-31(30)37(32)29-20-26-8-5-9-27(21-29)36(26)28-17-24-6-1-2-7-25(16-24)18-28/h3-4,10-11,23-29H,1-2,5-9,12-22H2,(H,38,39)	2-[4-[[1-[9-(8-Bicyclo[4.3.1]decanyl)-9-azabicyclo[3.3.1]nonan-3-yl]benzimidazol-2-yl]methyl]piperidin-1-yl]acetic acid	C1CCC2CC(C1)CC(C2)N3C4CCCC3CC(C4)N5C6=CC=CC=C6N=C5CC7CCN(CC7)CC(=O)O	4.900	123926839;90257217	PUBCHEM:(123926839 90257217)	2	533.383	812	13.525	857325449783827770	857316093842715063	857316093838520758	17359	
1	1	0.291	0.291	-118.331		0.999	27.553	C15H32O4	[M + H]+	C15H33O4+	OEBYXLDOBFHUCT	InChI=1S/C15H32O4/c1-14(6-10-16,7-11-17)4-3-5-15(2,8-12-18)9-13-19/h16-19H,3-13H2,1-2H3	3,7-Bis(2-hydroxyethyl)-3,7-dimethylnonane-1,9-diol	CC(CCCC(C)(CCO)CCO)(CCO)CCO	1.800	129291503	PUBCHEM:(129291503)	2	277.237	812	13.530	857325447883808044	857316093888852411	857316093884658106	17387	
1	3	-Infinity	-Infinity	-99.730		0.001	40.058	C10H18N2P2	[M + H]+	C10H19N2P2+	FXRVOBGGTIKICS	InChI=1S/C10H18N2P2/c1-11(2)13-9-7-5-6-8-10(9)14-12(3)4/h5-8,13-14H,1-4H3	N-[2-(dimethylaminophosphanyl)phenyl]phosphanyl-N-methylmethanamine	CN(C)PC1=CC=CC=C1PN(C)C	1.500	53406134	PUBCHEM:(53406134)	2	229.097	814	13.564	857325459401366849	857316093934989759	857316093934989758	17438	
1	1	0.261	0.349	-108.090		1.000	214.422	C18H32O2	[M + H]+	C18H33O2+	DZIILFGADWDKMF	InChI=1S/C18H32O2/c1-2-3-4-5-6-7-8-9-10-11-12-13-14-15-16-17-18(19)20/h1H,3-17H2,(H,19,20)	Tocris-0607	C#CCCCCCCCCCCCCCCCC(=O)O	6.559	1449	PUBCHEMANNOTATIONBIO:(null);COCONUT:(CNP0289980);NORMAN:(NS00096067);HMDB:(HMDB0244776);BloodExposome:(1449);CHEBI:(142447);LIPIDMAPS:(LMFA01030575);SUPERNATURAL:(SN0079558);MESH:(1449);PUBCHEM:(1449);public_spectra_2506;DSSTox:(DTXSID50188024);PUBMED:(null)	148200751214	281.239	821	13.679	857325464384200030	857316093993710019	857316093989515714	17554	
1	1	0.381	0.381	-10.167		0.999	119.375	C6H18O3Si3	[M + H]+	C6H19O3Si3+	POWRUCTWJZZACU	InChI=1S/C6H18O3Si3/c1-10(2)7-8-12(5,6)9-11(3)4/h1-6H3		C[Si](C)OO[Si](C)(C)O[Si](C)C	3.602	88039270	PUBCHEM:(88039270)	2	223.064	822	13.694	857325462198967625	857316094044041671	857316094044041670	17582	
1	1	-Infinity	-Infinity	-26.682		1.000	241.059	C8H26O5Si4	[M - H2O + H]+	C8H25O4Si4+	VERNMKKMBJGSQB	InChI=1S/C8H26O5Si4/c1-14(2,9)11-16(5,6)13-17(7,8)12-15(3,4)10/h9-10H,1-8H3	Octamethyltetrasiloxane-1,7-Diol	C[Si](C)(O)O[Si](C)(C)O[Si](C)(C)O[Si](C)(C)O	4.257	76504	COCONUT:(CNP0081957);CHEBI:(132282);SUPERNATURAL:(SN0388279);PUBCHEM:(76504);DSSTox:(DTXSID6062834)	137442099234	297.082	822	13.694	857325441198087466	857316094094373323	857316094094373322	17586	
1	4	0.087	0.087	-167.813		0.006	48.061	C18H14N2O4S2	[M + Na]+	C18H14N2NaO4S2+	QJZLJVRWNUTSIU	InChI=1S/C18H14N2O4S2/c1-24-18(23)15-8-7-14(26-15)17(22)20-12-5-2-4-11(10-12)19-16(21)13-6-3-9-25-13/h2-10H,1H3,(H,19,21)(H,20,22)	Methyl 5-[[3-(thiophene-2-carbonylamino)phenyl]carbamoyl]thiophene-2-carboxylate	COC(=O)C1=CC=C(S1)C(=O)NC2=CC=CC(=C2)NC(=O)C3=CC=CS3	3.800	35192991	PUBCHEM:(35192991)	2	409.031	822	13.694	857325535590899061	857316094140510671	857316094140510670	17581	
1	7	0.008	0.008	-281.194		0.044	8.565	C33H48N4O2	[M + H]+	C33H49N4O2+	AWBWQBMGIDKGBV	InChI=1S/C33H48N4O2/c38-33(39)22-35-14-12-23(13-15-35)19-32-34-30-10-3-4-11-31(30)37(32)29-20-26-8-5-9-27(21-29)36(26)28-17-24-6-1-2-7-25(16-24)18-28/h3-4,10-11,23-29H,1-2,5-9,12-22H2,(H,38,39)	2-[4-[[1-[9-(8-Bicyclo[4.3.1]decanyl)-9-azabicyclo[3.3.1]nonan-3-yl]benzimidazol-2-yl]methyl]piperidin-1-yl]acetic acid	C1CCC2CC(C1)CC(C2)N3C4CCCC3CC(C4)N5C6=CC=CC=C6N=C5CC7CCN(CC7)CC(=O)O	4.900	123926839;90257217	PUBCHEM:(123926839 90257217)	2	533.383	822	13.706	857325464249982298	857316094186648019	857316094186648018	17630	
1	1	0.255	0.357	-87.180		1.000	70.344	C13H24O	[M + H]+	C13H25O+	VMUNAKQXJLHODT	InChI=1S/C13H24O/c1-2-3-4-5-6-7-8-9-10-11-12-13-14/h11-13H,2-10H2,1H3	tridec-2-enal	CCCCCCCCCCC=CC=O	5.300	5283363;12533611;62653	PUBCHEMANNOTATIONBIO:(null);HMDB:(HMDB0037275);PUBCHEMANNOTATIONSAFETYANDTOXIC:(null);LIPIDMAPS:(LMFA06000075);SUPERNATURAL:(SN0394494);FooDB:(FDB016293);PUBCHEM:(5283363 12533611 62653);COCONUT:(CNP0146353);NORMAN:(NS00013251 NS00080820 NS00081699);CHEBI:(184224);DSSTox:(DTXSID0052883 DTXSID00859999 DTXSID8052518);LOTUS:(Q27275342 Q105289306);PUBCHEMANNOTATIONDRUG:(null);PUBCHEMANNOTATIONFOOD:(null);PUBMED:(null)	140646809706	197.190	823	13.709	857325451264417085	857316094232785367	857316094232785366	17632	
1	3	0.195	0.195	-172.235		0.000	160.147	C16H26O9	[M + H3N + H]+	C16H30NO9+	IVUFRBWVXKXZMM	InChI=1S/C16H26O9/c1-7-2-3-8(9(4-17)15(22)23)10(7)6-24-16-14(21)13(20)12(19)11(5-18)25-16/h8-9,11-14,16-21H,2-6H2,1H3,(H,22,23)	CHEBI:182266	CC1=C(C(CC1)C(CO)C(=O)O)COC2C(C(C(C(O2)CO)O)O)O	-2.500	124905069;124905070;124905071;124905072;52326091;52326095;52326099;52326101;51136579	COCONUT:(CNP0237682);TeroMol:(TKC180665 TKC180662 TKC180664 TKC180668 TKC180661 TKC180667 TKC180666 TKC180663);CHEBI:(182266);SUPERNATURAL:(SN0156569);PUBCHEM:(124905069 124905070 124905071 124905072 52326091 52326095 52326099 52326101 51136579);public_spectra_2506;GNPS:(CCMSLIB00000854915);PUBMED:(null)	8601473122	380.192	825	13.753	857325498710383978	857316094270534107	857316094270534106	17676	
1	1	0.086	0.086	-337.359		1.000	77.866	C19H27NO3	[M + H]+	C19H28NO3+	RQHKZUBCUZVZEF	InChI=1S/C19H27NO3/c21-18(23-16-13-20-11-14-22-15-12-20)19(9-5-2-6-10-19)17-7-3-1-4-8-17/h1,3-4,7-8H,2,5-6,9-16H2	Tocris-0589	C1CCC(CC1)(C2=CC=CC=C2)C(=O)OCCN3CCOCC3	3.300	126402	PUBCHEMANNOTATIONBIO:(null);COCONUT:(CNP0349866);NORMAN:(NS00018418);HMDB:(HMDB0256738);BloodExposome:(11314197 126402);CHEBI:(93007);SUPERNATURAL:(SN0332348);MESH:(126402);PUBCHEM:(126402);public_spectra_2506;DSSTox:(DTXSID40160819 DTXSID801017460);PUBMED:(null)	146053267566	318.206	829	13.819	857325942203516432	857316094312477151	857316094312477150	17751	
1	1	0.174	0.174	-214.931		1.000	35.558	C16H24O4	[M + H]+	C16H25O4+	QHFBQOOZYQFIPQ	InChI=1S/C16H24O4/c1-10(2)8-12(17)14-13(18)9-11(15(14)19)6-7-16(3,4)20-5/h9-10,14H,6-8H2,1-5H3	4-(3-methoxy-3-methylbutyl)-2-(3-methylbutanoyl)cyclopent-4-ene-1,3-dione	CC(C)CC(=O)C1C(=O)C=C(C1=O)CCC(C)(C)OC	2.300	163081290;163081291	COCONUT:(CNP0387978);SUPERNATURAL:(SN0305315);PUBCHEM:(163081290 163081291)	3145730	281.175	831	13.847	857326001510983207	857316094400557543	857316094400557542	17786	
1	1	0.022	0.022	-61.593		1.000	24.910	C6H13N	[M + H]+	C6H14N+	BBFMJBUMAHUJAH	InChI=1S/C6H13N/c1-4-7-5-6(2)3/h5-6H,4H2,1-3H3	Isobutylidene(ethyl)amine	CCN=CC(C)C	1.200	74452	NORMAN:(NS00046789);PUBCHEM:(74452);DSSTox:(DTXSID101299166)	137439215618	100.112	832	13.867	857325995362133531	857316094358614499	857316094358614498	17774	
1	1	0.735	0.698	-21.213		0.997	27.532	C17H10O	[M + H]+	C17H11O+	HUKPVYBUJRAUAG	InChI=1S/C17H10O/c18-17-14-8-2-1-7-12(14)13-9-3-5-11-6-4-10-15(17)16(11)13/h1-10H	Benzoanthrone	C1=CC=C2C(=C1)C3=CC=CC4=C3C(=CC=C4)C2=O	4.300	6697	PUBCHEMANNOTATIONBIO:(null);HMDB:(HMDB0248974);PUBCHEMANNOTATIONSAFETYANDTOXIC:(null);BloodExposome:(6697);HSDB:(82-05-3);MESH:(6697);PUBCHEM:(6697);public_spectra_2506;GNPS:(CCMSLIB00000579892);COCONUT:(CNP0022363);NORMAN:(NS00003051);CHEBI:(93350);DSSTox:(DTXSID8052566);PUBCHEMANNOTATIONDRUG:(null);PUBMED:(null)	146152886894	231.081	833	13.880	857326002354039630	857316094442500587	857316094442500586	17832	
1	1	0.708	0.713	-36.913		1.000	21.268	C17H37N	[M + H]+	C17H38N+	KAJZYANLDWUIES	InChI=1S/C17H37N/c1-2-3-4-5-6-7-8-9-10-11-12-13-14-15-16-17-18/h2-18H2,1H3	Heptadecylazanium	CCCCCCCCCCCCCCCCCN	6.377	53984280;18179241;15791	NORMAN:(NS00022169);PUBCHEMANNOTATIONSAFETYANDTOXIC:(null);PUBCHEM:(53984280 18179241 15791);DSSTox:(DTXSID1063350 DTXSID30939758)	137506324482	256.300	839	13.985	857326002949630827	857316094530580979	857316094530580978	17969	
1	2	0.208	0.208	-332.204		0.278	22.601	C27H33N5O2	[M + H]+	C27H34N5O2+	UCRPVICLPLVRAG	InChI=1S/C27H33N5O2/c1-6-17-9-8-10-18(7-2)23(17)28-26(34)32-15-21-22(16-32)30-31-24(21)29-25(33)19-11-13-20(14-12-19)27(3,4)5/h8-14H,6-7,15-16H2,1-5H3,(H,28,34)(H2,29,30,31,33)		CCC1=C(C(=CC=C1)CC)NC(=O)N2CC3=C(C2)NN=C3NC(=O)C4=CC=C(C=C4)C(C)(C)C	4.900	11167062	PUBCHEMANNOTATIONBIO:(null);PUBCHEM:(11167062);PUBMED:(null)	16777282	460.269	843	14.052	857326004384083151	857316094568329719	857316094568329718	18059	
1	2	0.074	0.074	-188.205		0.086	33.752	C23H28N4O2	[M + Na]+	C23H28N4NaO2+	AFJNUAGVGAAHGZ	InChI=1S/C23H28N4O2/c28-22(9-11-26-13-14-26)24-20-5-1-18(2-6-20)17-19-3-7-21(8-4-19)25-23(29)10-12-27-15-16-27/h1-8H,9-17H2,(H,24,28)(H,25,29)	1-AZIRIDINEPROPIONAMIDE, N,N'-(METHYLENEDI-p-PHENYLENE)BIS-	C1CN1CCC(=O)NC2=CC=C(C=C2)CC3=CC=C(C=C3)NC(=O)CCN4CC4	1.700	57559	PUBCHEMANNOTATIONSAFETYANDTOXIC:(null);PUBCHEM:(57559);DSSTox:(DTXSID10244296)	137506062338	415.211	844	14.061	857326013259230542	857316094606078459	857316094606078458	18064	
1	1	0.406	0.406	-302.673		1.000	69.603	C19H27NO3	[M + H]+	C19H28NO3+	OELFLUMRDSZNSF	InChI=1S/C19H27NO3/c1-13(2)15-8-10-16(11-9-15)18(21)20-17(19(22)23)12-14-6-4-3-5-7-14/h3-7,13,15-17H,8-12H2,1-2H3,(H,20,21)(H,22,23)	Starlix	CC(C)C1CCC(CC1)C(=O)NC(CC2=CC=CC=C2)C(=O)O	4.034	5311309;46196530;46218718;46218719;46218834;46218835;46218957;46218958;46218959;46218960;46219080;46219081;46219082;46219083;46219206;46219207;46219208;46219209;46219336;46219337;46219338;46219339;46219340;46219467;46219468;46219469;46219470;46219471;46219587;46219588;46219589;46219590;46219591;46219592;46219705;46219706;46219707;46219708;46219709;46219710;46219828;46219829;46219830;46219831;46219832;46219833;46219941;46219942;46219943;46219944;46219945;46220053;46220054;46220055;46220056;46220057;46220156;46220157;46220267;89062596;89062597;89062598;89062599;89062600;89062603;89062604;89062605;89062606;89062607;89062608;89062609;89062610;89062611;89062612;89062613;89062614;89062615;89062616;89062617;44513474;44513798;44513799;45040004;45359040;4443;60026	PUBCHEMANNOTATIONBIO:(null);HMDB:(HMDB0014869);PUBCHEMANNOTATIONSAFETYANDTOXIC:(null);BloodExposome:(60026 5311309);SUPERNATURAL:(SN0263232);MESH:(5311309);PUBCHEM:(5311309 46196530 46218718 46218719 46218834 46218835 46218957 46218958 46218959 46218960 46219080 46219081 46219082 46219083 46219206 46219207 46219208 46219209 46219336 46219337 46219338 46219339 46219340 46219467 46219468 46219469 46219470 46219471 46219587 46219588 46219589 46219590 46219591 46219592 46219705 46219706 46219707 46219708 46219709 46219710 46219828 46219829 46219830 46219831 46219832 46219833 46219941 46219942 46219943 46219944 46219945 46220053 46220054 46220055 46220056 46220057 46220156 46220157 46220267 89062596 89062597 89062598 89062599 89062600 89062603 89062604 89062605 89062606 89062607 89062608 89062609 89062610 89062611 89062612 89062613 89062614 89062615 89062616 89062617 44513474 44513798 44513799 45040004 45359040 4443 60026);public_spectra_2506;GNPS:(CCMSLIB00000078488);COCONUT:(CNP0326011);NORMAN:(NS00000602 NS00073312);CHEBI:(181175 31897 93476 94617);KEGG:(C12508);DSSTox:(DTXSID30861181 DTXSID9040687);PUBCHEMANNOTATIONDRUG:(null);PUBMED:(null)	146153935214	318.206	849	14.150	857326015889059187	857316094698353155	857316094698353154	18198	
1	1	0.094	0.094	-233.483		1.000	63.609	C23H47NO4	[M + H]+	C23H48NO4+	FQTHQAYXTJLXFZ	InChI=1S/C23H47NO4/c1-2-3-4-5-6-7-8-9-10-11-12-13-14-15-16-22(26)21-24(19-20-25)18-17-23(27)28/h22,25-26H,2-21H2,1H3,(H,27,28)	N-(2-Hydroxyethyl)-N-(2-hydroxyoctadecyl)-beta-alanine	CCCCCCCCCCCCCCCCC(CN(CCC(=O)O)CCO)O	4.500	44145442;99119526;99119527	NORMAN:(NS00062752 NS00091306);PUBCHEM:(44145442 99119526 99119527);DSSTox:(DTXSID30990728 DTXSID90990724)	137439215618	402.358	850	14.158	857326007739526392	857316094744490503	857316094740296198	18056	
1	1	0.886	0.943	-40.474		1.000	7.257	C18H39N	[M + H]+	C18H40N+	REYJJPSVUYRZGE	InChI=1S/C18H39N/c1-2-3-4-5-6-7-8-9-10-11-12-13-14-15-16-17-18-19/h2-19H2,1H3	Amine AB	CCCCCCCCCCCCCCCCCCN	6.826	101893967;88193345;88306490;15793;3956611	PUBCHEMANNOTATIONBIO:(null);HMDB:(HMDB0029586);PUBCHEMANNOTATIONSAFETYANDTOXIC:(null);BloodExposome:(519552 15792 15793);SUPERNATURAL:(SN0323503);HSDB:(124-30-1);MESH:(15793);PUBCHEM:(101893967 88193345 88306490 15793 3956611);public_spectra_2506;COCONUT:(CNP0122357);NORMAN:(NS00009570 NS00082020 NS00102485 NS00103404);CHEBI:(63866);DSSTox:(DTXSID00883759 DTXSID1025801 DTXSID80678564);PUBCHEMANNOTATIONDRUG:(null);PUBCHEMANNOTATIONFOOD:(null);PUBMED:(null)	146288149102	270.316	850	14.167	857326011053026608	857316094782239243	857316094782239242	18220	
1	1	0.332	0.332	-68.234		1.000	20.149	C18H39NO	[M + H]+	C18H40NO+	RZUHCHKFXYIFHQ	InChI=1S/C18H39NO/c1-3-4-5-6-7-8-9-10-11-12-13-14-15-16-19(2)17-18-20/h20H,3-18H2,1-2H3	2-[Methyl(pentadecyl)amino]ethanol	CCCCCCCCCCCCCCCN(C)CCO	6.800	18358602	PUBCHEM:(18358602)	2	286.311	856	14.267	857326012193877314	857316094836765199	857316094836765198	18323	
1	1	0.688	0.494	-56.615		1.000	26.100	C19H41N	[M]+	C19H42N+	RLGQACBPNDBWTB	InChI=1S/C19H42N/c1-5-6-7-8-9-10-11-12-13-14-15-16-17-18-19-20(2,3)4/h5-19H2,1-4H3/q+1	bmse000717	CCCCCCCCCCCCCCCC[N+](C)(C)C	6.553	101442264;101442266;101442267;102601106;87220697;131698528;121494049;121494051;10926646;2681	PUBCHEMANNOTATIONBIO:(null);PUBCHEMANNOTATIONSAFETYANDTOXIC:(null);BloodExposome:(5974 8154 2681);SUPERNATURAL:(SN0328474);HSDB:(112-02-7);MESH:(2681);PUBCHEM:(101442264 101442266 101442267 102601106 87220697 131698528 121494049 121494051 10926646 2681);public_spectra_2506;NORMAN:(NS00006894 NS00075623 NS00077218 NS00080338);METACYC:(CPD-13595);CHEBI:(53581 39561 3567);DSSTox:(DTXSID3047978 DTXSID30992621 DTXSID40883410 DTXSID5037028 DTXSID6026901);LOTUS:(Q5065700);PUBCHEMANNOTATIONDRUG:(null);PUBMED:(null)	146420271718	284.331	856	14.268	857326006233771249	857316094962594323	857316094962594322	18190	
1	1	0.554	0.648	-45.650		1.000	71.606	C16H34O4	[M + H3N + H]+	C16H38NO4+	UKODLHVFJRCQME	InChI=1S/C16H34O4/c1-2-3-4-5-6-7-8-9-11-18-13-15-20-16-14-19-12-10-17/h17H,2-16H2,1H3	2-[2-[2-(1,1-Dideuteriodecoxy)ethoxy]ethoxy]ethanol	CCCCCCCCCCOCCOCCOCCO	3.514	112758435;526723	PUBCHEMANNOTATIONBIO:(null);NORMAN:(NS00076618);PUBCHEM:(112758435 526723);DSSTox:(DTXSID50335738);PUBMED:(null)	137455992898	308.280	857	14.292	857326028367113733	857316095059063319	857316095059063318	18343	
1	1	0.181	0.181	-166.545		1.000	60.998	C16H34O4	[M + H]+	C16H35O4+	UKODLHVFJRCQME	InChI=1S/C16H34O4/c1-2-3-4-5-6-7-8-9-11-18-13-15-20-16-14-19-12-10-17/h17H,2-16H2,1H3	2-[2-[2-(1,1-Dideuteriodecoxy)ethoxy]ethoxy]ethanol	CCCCCCCCCCOCCOCCOCCO	3.514	112758435;526723	PUBCHEMANNOTATIONBIO:(null);NORMAN:(NS00076618);PUBCHEM:(112758435 526723);DSSTox:(DTXSID50335738);PUBMED:(null)	137455992898	291.253	858	14.294	857326022058880467	857316095109394971	857316095109394970	18347	
1	1	0.852	0.852	-12.352		0.992	18.590	C13H9NS	[M + H]+	C13H10NS+	XBHOUXSGHYZCNH	InChI=1S/C13H9NS/c1-2-6-10(7-3-1)13-14-11-8-4-5-9-12(11)15-13/h1-9H	2-Phenylbenzothiazole	C1=CC=C(C=C1)C2=NC3=CC=CC=C3S2	3.732	13439;133565035;122210028;122401316;164783741	NORMAN:(NS00039263);PUBCHEMANNOTATIONSAFETYANDTOXIC:(null);MESH:(13439);PUBCHEM:(13439 133565035 122210028 122401316 164783741);DSSTox:(DTXSID80236946);PUBMED:(null)	137506324550	212.053	858	14.306	857326010411298070	857316095247807015	857316095247807014	18368	
1	1	0.605	0.605	-21.562		1.000	62.330	C18H38O5	[M + H]+	C18H39O5+	ASMWIUUCZFNLHL	InChI=1S/C18H38O5/c1-2-3-4-5-6-7-8-9-11-20-13-15-22-17-18-23-16-14-21-12-10-19/h19H,2-18H2,1H3	3,6,9,12-Tetraoxadocosan-1-ol	CCCCCCCCCCOCCOCCOCCOCCO	3.413	526715	PUBCHEMANNOTATIONBIO:(null);NORMAN:(NS00076620);MESH:(526715);PUBCHEM:(526715);DSSTox:(DTXSID10205645);PUBMED:(null)	137455992902	335.279	861	14.348	857326029164031502	857316095298138667	857316095298138666	18447	
1	1	0.592	0.592	-27.816		1.000	52.254	C18H38O5	[M + H3N + H]+	C18H42NO5+	ASMWIUUCZFNLHL	InChI=1S/C18H38O5/c1-2-3-4-5-6-7-8-9-11-20-13-15-22-17-18-23-16-14-21-12-10-19/h19H,2-18H2,1H3	3,6,9,12-Tetraoxadocosan-1-ol	CCCCCCCCCCOCCOCCOCCOCCO	3.413	526715	PUBCHEMANNOTATIONBIO:(null);NORMAN:(NS00076620);MESH:(526715);PUBCHEM:(526715);DSSTox:(DTXSID10205645);PUBMED:(null)	137455992902	352.306	861	14.350	857326016803417486	857316095340081711	857316095340081710	18450	
1	1	0.323	0.323	-236.669		1.000	89.077	C23H45NO2	[M + H]+	C23H46NO2+	XLKVHEHEFPYLAG	InChI=1S/C23H45NO2/c1-5-6-7-8-9-10-11-12-13-14-15-16-17-18-19-21(20-25)24-22(26)23(2,3)4/h18-19,21,25H,5-17,20H2,1-4H3,(H,24,26)	N-[(2R)-1-hydroxyoctadec-3-en-2-yl]-2,2-dimethylpropanamide	CCCCCCCCCCCCCCC=CC(CO)NC(=O)C(C)(C)C	8.100	91251471;24740780;24741858	MESH:(24741858);PUBCHEM:(91251471 24740780 24741858);PUBMED:(null)	70	368.352	861	14.351	857326019890425267	857316095390413363	857316095390413362	18388	
1	2	0.013	0.013	-260.415		0.000	243.606	C18H36O3Si	[M + H]+	C18H37O3Si+	VHCRYLAOSJLICW	InChI=1S/C18H36O3Si/c1-7-16(21-22(8-2,9-3)10-4)15(5)12-11-13-18(6)17(14-19)20-18/h11-12,15-17,19H,7-10,13-14H2,1-6H3	(3-methyl-3-{4-methyl-5-[(triethylsilyl)oxy]hept-2-en-1-yl}oxiran-2-yl)methanol	CCC(C(C)C=CCC1(C(O1)CO)C)O[Si](CC)(CC)CC	5.015	163057974;89041738	COCONUT:(CNP0345149);SUPERNATURAL:(SN0390191);PUBCHEM:(163057974 89041738)	3145730	329.251	872	14.527	857326041386233389	857316095482688059	857316095482688058	18722	
1	5	0.107	0.107	-198.998		0.000	100.656	C19H23N9O	[M + H]+	C19H24N9O+	TXGKRVFSSHPBAJ	InChI=1S/C19H23N9O/c20-15-6-1-2-7-16(15)26-19-22-11-14(17(21)29)18(27-19)25-12-4-3-5-13(10-12)28-23-8-9-24-28/h3-5,8-11,15-16H,1-2,6-7,20H2,(H2,21,29)(H2,22,25,26,27)	HMS3673K21	C1CCC(C(C1)N)NC2=NC=C(C(=N2)NC3=CC(=CC=C3)N4N=CC=N4)C(=O)N	2.200	161012148;66836031;70952829;71576959;57472063;57472064;44462758	PUBCHEMANNOTATIONBIO:(null);HMDB:(HMDB0256879);BloodExposome:(66836031 44462758);MESH:(44462758);PUBCHEM:(161012148 66836031 70952829 71576959 57472063 57472064 44462758);public_spectra_2506;PUBCHEMANNOTATIONDRUG:(null);PUBMED:(null)	8644460622	394.208	874	14.573	857326031064051238	857316095528825407	857316095528825406	18753	
1	1	0.573	0.669	-49.923		1.000	28.540	C16H34O4	[M + H3N + H]+	C16H38NO4+	UKODLHVFJRCQME	InChI=1S/C16H34O4/c1-2-3-4-5-6-7-8-9-11-18-13-15-20-16-14-19-12-10-17/h17H,2-16H2,1H3	2-[2-[2-(1,1-Dideuteriodecoxy)ethoxy]ethoxy]ethanol	CCCCCCCCCCOCCOCCOCCO	3.514	112758435;526723	PUBCHEMANNOTATIONBIO:(null);NORMAN:(NS00076618);PUBCHEM:(112758435 526723);DSSTox:(DTXSID50335738);PUBMED:(null)	137455992898	308.280	881	14.684	857326012562976068	857316095612711495	857316095612711494	18901	
1	1	0.301	0.397	-87.097		1.000	70.452	C16H34O4	[M + H]+	C16H35O4+	UKODLHVFJRCQME	InChI=1S/C16H34O4/c1-2-3-4-5-6-7-8-9-11-18-13-15-20-16-14-19-12-10-17/h17H,2-16H2,1H3	2-[2-[2-(1,1-Dideuteriodecoxy)ethoxy]ethoxy]ethanol	CCCCCCCCCCOCCOCCOCCO	3.514	112758435;526723	PUBCHEMANNOTATIONBIO:(null);NORMAN:(NS00076618);PUBCHEM:(112758435 526723);DSSTox:(DTXSID50335738);PUBMED:(null)	137455992898	291.253	881	14.684	857326016526593415	857316095658848843	857316095654654538	18900	
1	1	0.568	0.568	-51.593		1.000	29.460	C18H38O5	[M + H]+	C18H39O5+	ASMWIUUCZFNLHL	InChI=1S/C18H38O5/c1-2-3-4-5-6-7-8-9-11-20-13-15-22-17-18-23-16-14-21-12-10-19/h19H,2-18H2,1H3	3,6,9,12-Tetraoxadocosan-1-ol	CCCCCCCCCCOCCOCCOCCOCCO	3.413	526715	PUBCHEMANNOTATIONBIO:(null);NORMAN:(NS00076620);MESH:(526715);PUBCHEM:(526715);DSSTox:(DTXSID10205645);PUBMED:(null)	137455992902	335.279	884	14.726	857326028308393467	857316095696597583	857316095696597582	18944	
1	2	-Infinity	-Infinity	-233.081		0.129	14.253	C16H41N7O3	[M + H]+	C16H42N7O3+	UYTRJTLZIHJHSV	InChI=1S/C16H41N7O3/c1-6-25-16(24)22(5)8-7-21(4)9-10-26-15(3)23(11-17)13-19-12-20-14(2)18/h14-16,19-20,24H,6-13,17-18H2,1-5H3	[2-[2-[(1R)-1-[[(1-aminoethylamino)methylamino]methyl-(aminomethyl)amino]ethoxy]ethyl-methylamino]ethyl-methylamino]-ethoxymethanol	CCOC(N(C)CCN(C)CCOC(C)N(CN)CNCNC(C)N)O	-1.400	118617362	PUBCHEM:(118617362)	2	380.337	884	14.728	857326017948462489	857316095734346323	857316095734346322	18945	
1	1	0.168	0.244	-70.244		0.333	87.728	C14H26O	[M + H]+	C14H27O+	UOXURTMIDUSQLL	InChI=1S/C14H26O/c1-2-3-4-5-6-7-8-9-10-11-12-13-14-15/h15H,2-12H2,1H3	tetradec-1-yn-1-ol	CCCCCCCCCCCCC#CO	6.700	57508015	COCONUT:(CNP0075343);SUPERNATURAL:(SN0376213);PUBCHEM:(57508015);LOTUS:(Q105276626)	271581186	211.206	890	14.829	857326021412957643	857316095784677975	857316095780483670	19062	
1	1	0.687	0.687	-14.972		1.000	86.130	C22H42O8	[M + H3N + H]+	C22H46NO8+	SCABKEBYDRTODC	InChI=1S/C22H42O8/c1-3-5-11-25-13-15-27-17-19-29-21(23)9-7-8-10-22(24)30-20-18-28-16-14-26-12-6-4-2/h3-20H2,1-2H3	Wareflex	CCCCOCCOCCOC(=O)CCCCC(=O)OCCOCCOCCCC	2.500	8836	COCONUT:(CNP0466647);NORMAN:(NS00003080);PUBCHEMANNOTATIONSAFETYANDTOXIC:(null);SUPERNATURAL:(SN0341398);HSDB:(141-17-3);PUBCHEM:(8836);public_spectra_2506;DSSTox:(DTXSID3027085);PUBCHEMANNOTATIONFOOD:(null)	146233623042	452.322	890	14.833	857326023392669147	857316095826621019	857316095826621018	19073	
1	2	0.062	0.062	-259.416		0.440	7.995	C25H45N5O4	[M + H]+	C25H46N5O4+	XUTNYLNNHUJKKF	InChI=1S/C25H45N5O4/c1-6-11-16-26-21(31)25(28(22(26)32)18-13-8-3)29(19-14-9-4)23(33)27(17-12-7-2)24(34)30(25)20-15-10-5/h6-20H2,1-5H3	1,3,6,8,10-Pentabutyl-1,3,6,8,10-pentazaspiro[4.5]decane-2,4,7,9-tetrone	CCCCN1C(=O)C2(N(C1=O)CCCC)N(C(=O)N(C(=O)N2CCCC)CCCC)CCCC	4.700	13485224	PUBCHEM:(13485224)	2	480.353	890	14.833	857326019009621411	857316095876952671	857316095872758366	19075	
1	1	0.721	0.748	-6.373		1.000	34.723	C23H48N2O	[M + H]+	C23H49N2O+	WWVIUVHFPSALDO	InChI=1S/C23H48N2O/c1-4-5-6-7-8-9-10-11-12-13-14-15-16-17-18-20-23(26)24-21-19-22-25(2)3/h4-22H2,1-3H3,(H,24,26)	Octadecanamide, N-[3-(dimethylamino)propyl]-	CCCCCCCCCCCCCCCCCC(=O)NCCCN(C)C	8.300	58803888;154387274;102492796;62109	NORMAN:(NS00003937 NS00089512 NS00102445 NS00102450);PUBCHEMANNOTATIONSAFETYANDTOXIC:(null);MESH:(62109);PUBCHEM:(58803888 154387274 102492796 62109);DSSTox:(DTXSID801003598 DTXSID9064762);PUBMED:(null)	137506324550	369.384	892	14.861	857326013582191959	857316095927284323	857316095927284322	19114	
1	1	0.582	0.677	-50.460		1.000	32.768	C16H34O4	[M + H3N + H]+	C16H38NO4+	UKODLHVFJRCQME	InChI=1S/C16H34O4/c1-2-3-4-5-6-7-8-9-11-18-13-15-20-16-14-19-12-10-17/h17H,2-16H2,1H3	2-[2-[2-(1,1-Dideuteriodecoxy)ethoxy]ethoxy]ethanol	CCCCCCCCCCOCCOCCOCCO	3.514	112758435;526723	PUBCHEMANNOTATIONBIO:(null);NORMAN:(NS00076618);PUBCHEM:(112758435 526723);DSSTox:(DTXSID50335738);PUBMED:(null)	137455992898	308.280	894	14.895	857326024789372393	857316095977615975	857316095973421670	19174	
1	1	0.336	0.439	-76.917		1.000	67.271	C16H34O4	[M + H]+	C16H35O4+	UKODLHVFJRCQME	InChI=1S/C16H34O4/c1-2-3-4-5-6-7-8-9-11-18-13-15-20-16-14-19-12-10-17/h17H,2-16H2,1H3	2-[2-[2-(1,1-Dideuteriodecoxy)ethoxy]ethoxy]ethanol	CCCCCCCCCCOCCOCCOCCO	3.514	112758435;526723	PUBCHEMANNOTATIONBIO:(null);NORMAN:(NS00076618);PUBCHEM:(112758435 526723);DSSTox:(DTXSID50335738);PUBMED:(null)	137455992898	291.253	894	14.896	857326019122867628	857316096027947627	857316096023753322	19173	
1	1	0.321	0.321	-128.433		1.000	84.592	C23H48N2O2	[M + H]+	C23H49N2O2+	ZHXQBNMVWBJMFB	InChI=1S/C23H48N2O2/c1-4-5-6-7-8-9-10-11-12-13-14-15-16-17-18-20-23(26)24-21-19-22-25(2,3)27/h4-22H2,1-3H3,(H,24,26)	Octadecanamide, N-[3-(dimethyloxidoamino)propyl]-	CCCCCCCCCCCCCCCCCC(=O)NCCC[N+](C)(C)[O-]	7.800	90706	NORMAN:(NS00014115);PUBCHEM:(90706);DSSTox:(DTXSID6067048)	137439215618	385.379	894	14.896	857326023564635621	857316096128610931	857316096128610930	19175	
1	7	0.103	0.103	-279.263		0.001	96.048	C21H25N9O	[M + H]+	C21H26N9O+	ZXKCKRXMZFAGCD	InChI=1S/C21H25N9O/c1-5-30-17(8-9-24-30)27-20(31)14-7-6-13(4)16(10-14)26-19-15(11-22)18(25-12(2)3)28-21(23)29-19/h6-10,12H,5H2,1-4H3,(H,27,31)(H4,23,25,26,28,29)	3-({2-amino-5-cyano-6-[(1-methylethyl)amino]pyrimidin-4-yl}amino)-N-(1-ethyl-1H-pyrazol-5-yl)-4-methylbenzamide	CCN1C(=CC=N1)NC(=O)C2=CC(=C(C=C2)C)NC3=C(C(=NC(=N3)N)NC(C)C)C#N	3.300	11538995	PUBCHEMANNOTATIONBIO:(null);PUBCHEM:(11538995);PUBMED:(null)	16777282	420.224	894	14.908	857326045869944380	857316096178942583	857316096178942582	19191	
1	1	0.626	0.626	-29.931		1.000	36.154	C18H38O5	[M + H3N + H]+	C18H42NO5+	ASMWIUUCZFNLHL	InChI=1S/C18H38O5/c1-2-3-4-5-6-7-8-9-11-20-13-15-22-17-18-23-16-14-21-12-10-19/h19H,2-18H2,1H3	3,6,9,12-Tetraoxadocosan-1-ol	CCCCCCCCCCOCCOCCOCCOCCO	3.413	526715	PUBCHEMANNOTATIONBIO:(null);NORMAN:(NS00076620);MESH:(526715);PUBCHEM:(526715);DSSTox:(DTXSID10205645);PUBMED:(null)	137455992902	352.306	896	14.930	857326011522788657	857316096225079931	857316096220885626	19226	
1	2	-Infinity	-Infinity	-232.079		0.030	22.815	C16H41N7O3	[M + H]+	C16H42N7O3+	UYTRJTLZIHJHSV	InChI=1S/C16H41N7O3/c1-6-25-16(24)22(5)8-7-21(4)9-10-26-15(3)23(11-17)13-19-12-20-14(2)18/h14-16,19-20,24H,6-13,17-18H2,1-5H3	[2-[2-[(1R)-1-[[(1-aminoethylamino)methylamino]methyl-(aminomethyl)amino]ethoxy]ethyl-methylamino]ethyl-methylamino]-ethoxymethanol	CCOC(N(C)CCN(C)CCOC(C)N(CN)CNCNC(C)N)O	-1.400	118617362	PUBCHEM:(118617362)	2	380.337	896	14.932	857326014211337562	857316096275411583	857316096275411582	19230	
1	1	0.617	0.617	-28.172		1.000	41.829	C18H38O5	[M + H]+	C18H39O5+	ASMWIUUCZFNLHL	InChI=1S/C18H38O5/c1-2-3-4-5-6-7-8-9-11-20-13-15-22-17-18-23-16-14-21-12-10-19/h19H,2-18H2,1H3	3,6,9,12-Tetraoxadocosan-1-ol	CCCCCCCCCCOCCOCCOCCOCCO	3.413	526715	PUBCHEMANNOTATIONBIO:(null);NORMAN:(NS00076620);MESH:(526715);PUBCHEM:(526715);DSSTox:(DTXSID10205645);PUBMED:(null)	137455992902	335.279	896	14.932	857326016358821245	857316096321548931	857316096321548930	19232	
1	1	0.418	0.516	-64.440		1.000	84.423	C16H34O4	[M + H]+	C16H35O4+	UKODLHVFJRCQME	InChI=1S/C16H34O4/c1-2-3-4-5-6-7-8-9-11-18-13-15-20-16-14-19-12-10-17/h17H,2-16H2,1H3	2-[2-[2-(1,1-Dideuteriodecoxy)ethoxy]ethoxy]ethanol	CCCCCCCCCCOCCOCCOCCO	3.514	112758435;526723	PUBCHEMANNOTATIONBIO:(null);NORMAN:(NS00076618);PUBCHEM:(112758435 526723);DSSTox:(DTXSID50335738);PUBMED:(null)	137455992898	291.253	903	15.051	857326010780396833	857316096371880583	857316096371880582	19432	
1	1	0.588	0.682	-51.473		1.000	33.126	C16H34O4	[M + H3N + H]+	C16H38NO4+	UKODLHVFJRCQME	InChI=1S/C16H34O4/c1-2-3-4-5-6-7-8-9-11-18-13-15-20-16-14-19-12-10-17/h17H,2-16H2,1H3	2-[2-[2-(1,1-Dideuteriodecoxy)ethoxy]ethoxy]ethanol	CCCCCCCCCCOCCOCCOCCO	3.514	112758435;526723	PUBCHEMANNOTATIONBIO:(null);NORMAN:(NS00076618);PUBCHEM:(112758435 526723);DSSTox:(DTXSID50335738);PUBMED:(null)	137455992898	308.280	903	15.052	857326027511475698	857316096468349583	857316096468349582	19434	
1	1	-Infinity	-Infinity	-227.593		0.666	14.550	C16H41N7O3	[M + H]+	C16H42N7O3+	UYTRJTLZIHJHSV	InChI=1S/C16H41N7O3/c1-6-25-16(24)22(5)8-7-21(4)9-10-26-15(3)23(11-17)13-19-12-20-14(2)18/h14-16,19-20,24H,6-13,17-18H2,1-5H3	[2-[2-[(1R)-1-[[(1-aminoethylamino)methylamino]methyl-(aminomethyl)amino]ethoxy]ethyl-methylamino]ethyl-methylamino]-ethoxymethanol	CCOC(N(C)CCN(C)CCOC(C)N(CN)CNCNC(C)N)O	-1.400	118617362	PUBCHEM:(118617362)	2	380.337	905	15.087	857326021249379777	857316096518681235	857316096518681234	19493	
1	1	0.472	0.630	-106.849		1.000	40.767	C15H31NO2	[M + H]+	C15H32NO2+	AEDQNOLIADXSBB	InChI=1S/C15H31NO2/c1-2-3-4-5-6-7-8-9-10-11-13-16-14-12-15(17)18/h16H,2-14H2,1H3,(H,17,18)	beta-Alanine, N-dodecyl-	CCCCCCCCCCCCNCCC(=O)O	2.600	22023815;59269989;15099;122367196	NORMAN:(NS00013545 NS00083434 NS00102512);PUBCHEMANNOTATIONSAFETYANDTOXIC:(null);PUBCHEM:(22023815 59269989 15099 122367196);DSSTox:(DTXSID4061709 DTXSID6063068);PUBMED:(null)	137506324546	258.243	908	15.133	857326708855189100	857316096569012887	857316096564818582	19581	
1	4	0.018	0.036	-308.141		0.000	170.671	C20H25N9O	[M + H]+	C20H26N9O+	IQXMBYIANGCMSO	InChI=1S/C20H25N9O/c1-20(2,3)15-9-16(28-29(15)4)24-17-12-10-22-27-18(12)26-19(25-17)23-14(11-30)13-7-5-6-8-21-13/h5-10,14,30H,11H2,1-4H3,(H3,22,23,24,25,26,27,28)	(R)-2-((4-((5-(tert-butyl)-1-methyl-1H-pyrazol-3-yl)amino)-1H-pyrazolo[3,4-d]pyrimidin-6-yl)amino)-2-(pyridin-2-yl)ethanol (14)	CC(C)(C)C1=CC(=NN1C)NC2=NC(=NC3=C2C=NN3)NC(CO)C4=CC=CC=N4	2.500	86765997	PUBCHEMANNOTATIONBIO:(null);PUBCHEM:(86765997)	16777218	408.224	919	15.323	857326743269458705	857316096652898975	857316096652898974	19815	
1	5	0.066	0.066	-356.068		0.005	48.242	C24H38N4O3	[M + Na]+	C24H38N4NaO3+	QCCOGVDURJXZER	InChI=1S/C24H38N4O3/c1-15(2)14-21(25)24(31)28-12-10-19(11-13-28)23(30)26-17(5)22(29)27-20-8-6-18(7-9-20)16(3)4/h6-9,15-17,19,21H,10-14,25H2,1-5H3,(H,26,30)(H,27,29)	2-{[1-(2-amino-4-methylpentanoyl)piperidin-4-yl]formamido}-N-[4-(propan-2-yl)phenyl]propanamide	CC(C)CC(C(=O)N1CCC(CC1)C(=O)NC(C)C(=O)NC2=CC=C(C=C2)C(C)C)N	2.700	4835870;7093621;7093622	COCONUT:(CNP0300268);SUPERNATURAL:(SN0301348);PUBCHEM:(4835870 7093621 7093622)	3145730	453.282	921	15.351	857326741524627499	857316096694842019	857316096690647714	19849	
1	1	0.100	0.100	-189.448		1.000	65.860	C25H51NO4	[M + H]+	C25H52NO4+	WDPKUNZQWOXFQL	InChI=1S/C25H51NO4/c1-2-3-4-5-6-7-8-9-10-11-12-13-14-15-16-17-18-19-20-21-22-25(29,30)26-23-24(27)28/h26,29-30H,2-23H2,1H3,(H,27,28)	2-(1,1-Dihydroxytricosylamino)acetic acid	CCCCCCCCCCCCCCCCCCCCCCC(NCC(=O)O)(O)O	7.400	129115105	PUBCHEM:(129115105)	2	430.389	923	15.388	857326729340171272	857316096732590759	857316096732590758	19925	
1	1	0.049	0.049	-485.187		0.999	29.495	C24H45NO5	[M + H]+	C24H46NO5+	HYHKJBUKZOXUSV	InChI=1S/C24H45NO5/c1-2-3-4-5-6-7-8-9-10-11-12-13-14-15-16-17-22(26)25(20-18-23(27)28)21-19-24(29)30/h2-21H2,1H3,(H,27,28)(H,29,30)	N-(2-Carboxyethyl)-N-(1-oxooctadecyl)-beta-alanine	CCCCCCCCCCCCCCCCCC(=O)N(CCC(=O)O)CCC(=O)O	7.100	6452240	NORMAN:(NS00032125);PUBCHEM:(6452240);DSSTox:(DTXSID70198746)	137439215618	428.337	924	15.403	857326734100707835	857316096774533803	857316096774533802	19963	
1	1	0.885	0.684	-45.389		1.000	8.742	C20H43N	[M + H]+	C20H44N+	BUHXFUSLEBPCEB	InChI=1S/C20H43N/c1-2-3-4-5-6-7-8-9-10-11-12-13-14-15-16-17-18-19-20-21/h2-21H2,1H3	1-Eicosanamine	CCCCCCCCCCCCCCCCCCCCN	7.724	19764366;82700	PUBCHEMANNOTATIONBIO:(null);PUBCHEM:(19764366 82700);DSSTox:(DTXSID9065108);PUBMED:(null)	137455730754	298.347	926	15.440	857326730430690316	857316096816476847	857316096816476846	20028	
1	1	0.144	0.523	-70.078		0.500	147.605	C18H32O2	[M + H]+	C18H33O2+	HLBSMZODWAXZCR	InChI=1S/C18H32O2/c1-2-3-4-5-6-7-8-9-10-11-12-13-14-15-16-17-18(19)20/h4-17H2,1H3,(H,19,20)	16-Octadecynoic acid	CC#CCCCCCCCCCCCCCCC(=O)O	6.546	5312699	LIPIDMAPS:(LMFA01030574);PUBCHEM:(5312699)	2147483650	281.248	927	15.445	857326748646556440	857316096862614195	857316096862614194	20021	
1	1	0.113	0.113	-630.638		1.000	26.389	C26H45NO6	[M + H]+	C26H46NO6+	XHJMSYVAXZRKDC	InChI=1S/C26H45NO6/c1-2-3-4-5-6-7-8-9-10-11-12-13-14-15-16-17-25(30)32-20-22(28)21-33-26(31)23-18-19-24(29)27-23/h9-10,22-23,28H,2-8,11-21H2,1H3,(H,27,29)	(2-hydroxy-3-octadec-9-enoyloxypropyl) (2S)-5-oxopyrrolidine-2-carboxylate	CCCCCCCCC=CCCCCCCCC(=O)OCC(COC(=O)C1CCC(=O)N1)O	6.300	14153849;54469612;44149160;68971069	NORMAN:(NS00059611);PUBCHEM:(14153849 54469612 44149160 68971069);DSSTox:(DTXSID101020307)	137439215618	468.332	930	15.498	857326757148410939	857316096904557239	857316096904557238	20085	
1	2	0.400	0.551	-34.633		0.500	177.954	C15H24O2	[M - H2O + H]+	C15H23O+	HNURKXXMYARGAY	InChI=1S/C15H24O2/c1-14(2,3)11-7-10(9-16)8-12(13(11)17)15(4,5)6/h7-8,16-17H,9H2,1-6H3	Ionox 100	CC(C)(C)C1=CC(=CC(=C1O)C(C)(C)C)CO	4.000	6929	PUBCHEMANNOTATIONBIO;HMDB:(HMDB0032048);PUBCHEMANNOTATIONSAFETYANDTOXIC;BloodExposome:(6929);SUPERNATURAL:(SN0130651);MESH:(6929);FooDB:(FDB008752);PUBCHEM:(6929);public_spectra_2506;COCONUT:(CNP0257352);NORMAN:(NS00015217);CHEBI:(173703);DSSTox:(DTXSID7020211);PUBCHEMANNOTATIONDRUG;PUBCHEMANNOTATIONFOOD;PUBMED	146825019502	219.174	931	15.519	857326760768095304	857316096946500283	857316096946500282	20120	
1	1	0.430	0.447	-55.318		1.000	11.525	C21H45N	[M + H]+	C21H46N+	PDSVZUAJOIQXRK	InChI=1S/C21H46N/c1-5-6-7-8-9-10-11-12-13-14-15-16-17-18-19-20-21-22(2,3)4/h5-21H2,1-4H3/q+1	Stearyltrimethylammonium	CCCCCCCCCCCCCCCCCC[N+](C)(C)C	7.451	8156	NORMAN:(NS00005124 NS00075624 NS00081375);BloodExposome:(8156 8155);CHEBI:(81710);MESH:(8156);PUBCHEM:(8156);DSSTox:(DTXSID1026902 DTXSID40883652 DTXSID70431741 DTXSID8048078);PUBMED:(null)	137443410022	312.363	932	15.528	857326767835497601	857316096996831935	857316096996831934	20142	
1	1	0.824	0.824	-170.114		0.998	47.111	C19H34O6	[M - H2O + H]+	C19H33O5+	NBMAHNZMRSQCPG	InChI=1S/C19H34O6/c1-4-5-6-7-8-9-10-11-12-13-19(22)24-15-18(25-17(3)21)14-23-16(2)20/h18H,4-15H2,1-3H3	Dodecanoic acid, ester with 1,2,3-propanetriol diacetate	CCCCCCCCCCCC(=O)OCC(COC(=O)C)OC(=O)C	4.452	97041697;97041698;169212	NORMAN:(NS00049247);PUBCHEM:(97041697 97041698 169212)	262146	341.232	941	15.685	857326766078084208	857316097080718023	857316097080718022	20337	
1	1	0.443	0.443	-265.220		0.971	79.429	C17H25NO3	[M + H]+	C17H26NO3+	GUJGMSVEFHXZDF	InChI=1S/C17H25NO3/c1-2-3-4-5-6-10-13-21-16(19)14-18-17(20)15-11-8-7-9-12-15/h7-9,11-12H,2-6,10,13-14H2,1H3,(H,18,20)	octyl 2-(phenylformamido)acetate	CCCCCCCCOC(=O)CNC(=O)C1=CC=CC=C1	4.136	102335401	COCONUT:(CNP0108002);SUPERNATURAL:(SN0115578);PUBCHEM:(102335401);LOTUS:(Q115951353)	271581186	292.191	946	15.766	857326763565696090	857316097122661067	857316097122661066	20495	
1	2	0.861	0.861	-43.492		0.440	23.292	C18H32O7	[M + H3N + H]+	C18H36NO7+	ZFOZVQLOBQUTQQ	InChI=1S/C18H32O7/c1-4-7-10-23-15(19)13-18(22,17(21)25-12-9-6-3)14-16(20)24-11-8-5-2/h22H,4-14H2,1-3H3	Citroflex 4	CCCCOC(=O)CC(CC(=O)OCCCC)(C(=O)OCCCC)O	2.700	6507	PUBCHEMANNOTATIONBIO:(null);PUBCHEMANNOTATIONSAFETYANDTOXIC:(null);BloodExposome:(6507);SUPERNATURAL:(SN0469069);MESH:(6507);PUBCHEM:(6507);public_spectra_2506;COCONUT:(CNP0188526);NORMAN:(NS00009811);CHEBI:(176825);DSSTox:(DTXSID5051442);LOTUS:(Q1954892);PUBCHEMANNOTATIONFOOD:(null);PUBMED:(null)	146523029606	378.249	950	15.840	857326770582766723	857316097164604111	857316097160409806	20615	
1	1	0.877	0.877	-33.459		0.993	57.054	C18H32O7	[M + H]+	C18H33O7+	ZFOZVQLOBQUTQQ	InChI=1S/C18H32O7/c1-4-7-10-23-15(19)13-18(22,17(21)25-12-9-6-3)14-16(20)24-11-8-5-2/h22H,4-14H2,1-3H3	Citroflex 4	CCCCOC(=O)CC(CC(=O)OCCCC)(C(=O)OCCCC)O	2.700	6507	PUBCHEMANNOTATIONBIO:(null);PUBCHEMANNOTATIONSAFETYANDTOXIC:(null);BloodExposome:(6507);SUPERNATURAL:(SN0469069);MESH:(6507);PUBCHEM:(6507);public_spectra_2506;COCONUT:(CNP0188526);NORMAN:(NS00009811);CHEBI:(176825);DSSTox:(DTXSID5051442);LOTUS:(Q1954892);PUBCHEMANNOTATIONFOOD:(null);PUBMED:(null)	146523029606	361.222	950	15.841	857326771450987660	857316097202352851	857316097198158546	20616	
1	1	0.039	0.039	-272.288		0.969	30.036	C20H39NO7	[M + H]+	C20H40NO7+	YEORAKSIIBPYQU	InChI=1S/C20H39NO7/c1-17(2)16-18(22)6-8-24-10-12-26-14-15-27-13-11-25-9-7-21-19(23)28-20(3,4)5/h17H,6-16H2,1-5H3,(H,21,23)	tert-butyl N-[2-[2-[2-[2-(5-methyl-3-oxohexoxy)ethoxy]ethoxy]ethoxy]ethyl]carbamate	CC(C)CC(=O)CCOCCOCCOCCOCCNC(=O)OC(C)(C)C	1.300	159536574	PUBCHEM:(159536574)	2	406.280	950	15.842	857326777511756950	857316097244295895	857316097240101590	20620	
1	1	-Infinity	-Infinity	-13.247		1.000	44.402	C10H32O6Si5	[M - H2O + H]+	C10H31O5Si5+	MHQYXFZBMMHEST	InChI=1S/C10H32O6Si5/c1-17(2,11)13-19(5,6)15-21(9,10)16-20(7,8)14-18(3,4)12/h11-12H,1-10H3	Decamethylpentasiloxane-1,9-diol	C[Si](C)(O)O[Si](C)(C)O[Si](C)(C)O[Si](C)(C)O[Si](C)(C)O	5.476	14251801	PUBCHEMANNOTATIONSAFETYANDTOXIC:(null);PUBCHEM:(14251801);DSSTox:(DTXSID70558028)	137506062338	371.101	956	15.935	857326815084332842	857316097286238939	857316097286238938	20767	
1	1	0.376	0.376	-9.849		1.000	130.579	C6H18O3Si3	[M + H]+	C6H19O3Si3+	POWRUCTWJZZACU	InChI=1S/C6H18O3Si3/c1-10(2)7-8-12(5,6)9-11(3)4/h1-6H3		C[Si](C)OO[Si](C)(C)O[Si](C)C	3.602	88039270	PUBCHEM:(88039270)	2	223.064	956	15.940	857326810915194652	857316097328181983	857316097328181982	20773	
1	2	0.092	0.092	-34.408		0.000	207.341	C8H24O4Si4	[M + H]+	C8H25O4Si4+	HMMGMWAXVFQUOA	InChI=1S/C8H24O4Si4/c1-13(2)9-14(3,4)11-16(7,8)12-15(5,6)10-13/h1-8H3	Octamethylcyclotetrasiloxane	C[Si]1(O[Si](O[Si](O[Si](O1)(C)C)(C)C)(C)C)C	4.875	22883047;102403696;100931388;11169	PUBCHEMANNOTATIONBIO:(null);COCONUT:(CNP0347848);NORMAN:(NS00043628);PUBCHEMANNOTATIONSAFETYANDTOXIC:(null);BloodExposome:(11169);CHEBI:(25640);SUPERNATURAL:(SN0129642);HSDB:(556-67-2);MESH:(11169);PUBCHEM:(22883047 102403696 100931388 11169);DSSTox:(DTXSID7027205);PUBCHEMANNOTATIONDRUG:(null);PUBMED:(null)	137563996774	297.082	956	15.940	857326798588134612	857316097374319331	857316097370125026	20781	
1	4	0.083	0.083	-208.934		0.074	30.923	C18H20N4O2S2	[M + H]+	C18H21N4O2S2+	QTNFNLLXNFNYTK	InChI=1S/C18H20N4O2S2/c1-3-22-17(15-10-7-11-25-15)20-21-18(22)26-12-16(23)19-13-8-5-6-9-14(13)24-4-2/h5-11H,3-4,12H2,1-2H3,(H,19,23)	N-(2-Ethoxyphenyl)-2-((4-ethyl-5-(thiophen-2-yl)-4H-1,2,4-triazol-3-yl)thio)acetamide	CCN1C(=NN=C1SCC(=O)NC2=CC=CC=C2OCC)C3=CC=CS3	3.200	1994936	PUBCHEMANNOTATIONSAFETYANDTOXIC:(null);PUBCHEM:(1994936)	67108866	389.112	957	15.943	857326820054583098	857316097416262375	857316097416262374	20783	
1	2	0.267	0.267	-255.054		0.211	13.408	C18H20N4O2S2	[M + H3N + H]+	C18H24N5O2S2+	MARJNZAHBYICJS	InChI=1S/C18H20N4O2S2/c1-25-15-7-3-5-13(11-15)21-17(23)19-9-10-20-18(24)22-14-6-4-8-16(12-14)26-2/h3-12H,1-2H3,(H2,19,21,23)(H2,20,22,24)	1-(3-Methylsulfanylphenyl)-3-[2-[(3-methylsulfanylphenyl)carbamoylamino]ethenyl]urea	CSC1=CC=CC(=C1)NC(=O)NC=CNC(=O)NC2=CC(=CC=C2)SC	2.700	3038297;213121	PUBCHEMANNOTATIONSAFETYANDTOXIC:(null);PUBCHEM:(3038297 213121)	67108866	406.138	957	15.951	857326804292388071	857316097458205419	857316097458205418	20800	
1	2	0.047	0.047	-332.697		0.117	19.090	C23H29N3OS	[M + K]+	C23H29KN3OS+	RZQMVNZAKMZKOC	InChI=1S/C23H29N3OS/c1-23(2)18-8-4-6-10-20(18)26(21-11-7-5-9-19(21)23)22(27)28-17-16-25-14-12-24(3)13-15-25/h4-11H,12-17H2,1-3H3	10(9H)-Acridinecarbothioic acid, 9,9-dimethyl-, S-(2-(4-methyl-1-piperazinyl)ethyl) ester	CC1(C2=CC=CC=C2N(C3=CC=CC=C31)C(=O)SCCN4CCN(CC4)C)C	4.500	217046	PUBCHEMANNOTATIONSAFETYANDTOXIC:(null);PUBCHEM:(217046);DSSTox:(DTXSID40959008)	137506062338	434.170	957	15.958	857326793844376778	857316097508537071	857316097504342766	20807	
1	1	0.351	0.351	-78.270		1.000	31.009	C17H36O4	[M + H]+	C17H37O4+	ASULYNFXTCGEAN	InChI=1S/C17H36O4/c1-2-3-4-5-6-7-8-9-10-12-19-14-16-21-17-15-20-13-11-18/h18H,2-17H2,1H3		CCCCCCCCCCCOCCOCCOCCO	3.963	10040734	NORMAN:(NS00076672);PUBCHEM:(10040734);DSSTox:(DTXSID30434657)	137439215618	305.269	960	15.999	857326800987276508	857316097550480115	857316097550480114	20877	
1	1	0.141	0.141	-179.556		0.977	26.907	C20H39N5	[M + H]+	C20H40N5+	YZVJFFKAKLWXOE	InChI=1S/C20H39N5/c1-2-3-4-5-6-7-8-9-10-11-12-13-14-15-16-17-18-23-19(21)25-20(22)24-18/h2-17H2,1H3,(H4,21,22,23,24,25)	6-Heptadecyl-1,3,5-triazine-2,4-diamine	CCCCCCCCCCCCCCCCCC1=NC(=NC(=N1)N)N	8.100	17329	NORMAN:(NS00027864);PUBCHEM:(17329);DSSTox:(DTXSID30179970)	137439215618	350.326	960	16.006	857326810470598397	857316097588228855	857316097588228854	20890	
1	1	0.296	0.296	-73.940		1.000	18.917	C15H32O3	[M + H]+	C15H33O3+	JHLNZBMSRRDBRC	InChI=1S/C15H32O3/c1-2-3-4-5-6-7-8-9-10-12-17-14-15-18-13-11-16/h16H,2-15H2,1H3	2-(2-(Undecyloxy)ethoxy)ethanol	CCCCCCCCCCCOCCOCCO	4.064	14974009	NORMAN:(NS00076845);PUBCHEM:(14974009);DSSTox:(DTXSID101025438)	137439215618	261.243	971	16.184	857326815956748084	857316097625977595	857316097625977594	21202	
1	1	0.236	0.236	-96.420		1.000	25.095	C17H36O4	[M + H]+	C17H37O4+	ASULYNFXTCGEAN	InChI=1S/C17H36O4/c1-2-3-4-5-6-7-8-9-10-12-19-14-16-21-17-15-20-13-11-18/h18H,2-17H2,1H3		CCCCCCCCCCCOCCOCCOCCO	3.963	10040734	NORMAN:(NS00076672);PUBCHEM:(10040734);DSSTox:(DTXSID30434657)	137439215618	305.269	972	16.201	857326917479876420	857316097663726335	857316097663726334	21236	
1	1	0.456	0.456	-95.586		1.000	151.695	C20H39NO	[M + H]+	C20H40NO+	LBHQTVBKPMHICN	InChI=1S/C20H39NO/c1-2-3-4-5-6-7-8-9-10-11-12-13-14-15-16-17-18-19-20(21)22/h9-10H,2-8,11-19H2,1H3,(H2,21,22)	trans-11-icosenamide	CCCCCCCCC=CCCCCCCCCCC(=O)N	7.700	5365373;5365374;547891	COCONUT:(CNP0454498);NORMAN:(NS00112928);CHEBI:(146167);SUPERNATURAL:(SN0200912);PUBCHEM:(5365373 5365374 547891);DSSTox:(DTXSID80338252);LOTUS:(Q105149280);PUBCHEMANNOTATIONDRUG:(null);PUBMED:(null)	137744351330	310.310	980	16.331	857327268320823200	857316097747612423	857316097747612422	21379	
1	2	0.483	0.733	-59.390		0.500	112.084	C18H36O3	[M - H2O + H]+	C18H35O2+	LXKCZUOSRQSRHW	InChI=1S/C18H36O3/c1-2-3-4-5-6-7-8-9-10-11-14-17(19)15-12-13-16-18(20)21/h17,19H,2-16H2,1H3,(H,20,21)	(6R)-6-Hydroxystearic acid	CCCCCCCCCCCCC(CCCCC(=O)O)O	6.300	98093442;10685651;102607	PUBCHEMANNOTATIONBIO:(null);HMDB:(HMDB0112193);LIPIDMAPS:(LMFA02000124);PUBCHEM:(98093442 10685651 102607);DSSTox:(DTXSID00862640)	139603214346	283.263	983	16.378	857327266865399706	857316097797944075	857316097797944074	21507	
1	8	0.090	0.090	-259.325		0.000	80.074	C40H56O5	[M + H3N + H]+	C40H60NO5+	OWWSPDNLRSCPIS	InChI=1S/C40H56O5/c1-29(16-12-17-31(3)20-21-35-36(4,5)24-33(42)26-38(35,8)44)14-10-11-15-30(2)18-13-19-32(28-41)22-23-40-37(6,7)25-34(43)27-39(40,9)45-40/h10-20,22-23,33-34,41-44H,24-28H2,1-9H3	Vaucheriaxanthin	CC(=CC=CC=C(C)C=CC=C(CO)C=CC12C(CC(CC1(O2)C)O)(C)C)C=CC=C(C)C=C=C3C(CC(CC3(C)O)O)(C)C	7.500	163026410;163026411;163026412;102060377	COCONUT:(CNP0304117);TeroMol:(TKC047173 TKC190522);LIPIDMAPS:(LMPR01070740);SUPERNATURAL:(SN0277351);PUBCHEM:(163026410 163026411 163026412 102060377);KNAPSACK:(OWWSPDNLRSCPIS-UHFFFAOYSA-N)	2159018002	634.452	988	16.465	857327282241719357	857316097848275727	857316097848275726	21649	
1	1	0.059	0.059	-399.696		1.000	64.926	C31H59NO9	[M + H]+	C31H60NO9+	VUEASJZTVGKYOB	InChI=1S/C31H59NO9/c1-2-3-4-5-6-7-8-9-10-11-12-13-16-19-22-28(35)40-26-31(38,30(37)39-25-24-32)41-29(36)23-20-17-14-15-18-21-27(33)34/h30,37-38H,2-26,32H2,1H3,(H,33,34)	9-[1-(2-Aminoethoxy)-3-heptadecanoyloxy-1,2-dihydroxypropan-2-yl]oxy-9-oxononanoic acid	CCCCCCCCCCCCCCCCC(=O)OCC(C(O)OCCN)(O)OC(=O)CCCCCCCC(=O)O	5.100	137481984	PUBCHEM:(137481984)	2	590.426	990	16.506	857327289023908956	857316097902801683	857316097898607378	21711	
1	2	0.352	0.746	-59.961		0.500	106.578	C16H32O3	[M - H2O + H]+	C16H31O2+	QUFMVAWAOYDYFV	InChI=1S/C16H32O3/c1-2-3-4-9-12-15(17)13-10-7-5-6-8-11-14-16(18)19/h15,17H,2-14H2,1H3,(H,18,19)	10-hydroxyhexadecanoic acid	CCCCCCC(CCCCCCCCC(=O)O)O	5.218	15569771;154409767;121488262;121488263	PUBCHEMANNOTATIONBIO:(null);COCONUT:(CNP0409239);HMDB:(HMDB0112188);SUPERNATURAL:(SN0315323);PUBCHEM:(15569771 154409767 121488262 121488263);DSSTox:(DTXSID20574511);PUBMED:(null)	137458876490	255.232	991	16.521	857327300155591794	857316097953133335	857316097948939030	21748	
1	3	0.072	0.072	-274.455		0.031	22.965	C25H23N3O3	[M + H]+	C25H24N3O3+	IHBWGZIDOBEOLC	InChI=1S/C25H23N3O3/c1-3-28-22-7-5-4-6-21(22)27-23(25(28)30)18-10-12-19(13-11-18)24(29)26-16-17-8-14-20(31-2)15-9-17/h4-15H,3,16H2,1-2H3,(H,26,29)	6-(isobutyrylamino)-N-(3-methylbutyl)chromane-3-carboxamide	CCN1C2=CC=CC=C2N=C(C1=O)C3=CC=C(C=C3)C(=O)NCC4=CC=C(C=C4)OC	3.600	46395208	SUPERNATURAL:(SN0145451);PUBCHEM:(46395208)	1048578	414.183	993	16.555	857327291020397673	857316098062185247	857316098062185246	21786	
1	1	0.163	0.163	-255.286		0.929	88.324	C22H21ClO3	[M + H]+	C22H22ClO3+	OBFCMKPFILBCSQ	InChI=1S/C22H21ClO3/c1-24-19-10-4-16(5-11-19)22(23,17-6-12-20(25-2)13-7-17)18-8-14-21(26-3)15-9-18/h4-15H,1-3H3	4,4',4''-Trimethoxytrityl chloride	COC1=CC=C(C=C1)C(C2=CC=C(C=C2)OC)(C3=CC=C(C=C3)OC)Cl	5.400	630505	NORMAN:(NS00057917);PUBCHEMANNOTATIONSAFETYANDTOXIC:(null);PUBCHEM:(630505);DSSTox:(DTXSID70198029)	137506324482	369.125	993	16.555	857327310062537987	857316098112516899	857316098112516898	21790	
1	1	0.666	0.666	-130.116		1.000	63.718	C20H37NO2	[M + H]+	C20H38NO2+	KQXDGUVSAAQARU	InChI=1S/C20H37NO2/c1-2-3-4-5-6-7-8-9-10-11-12-13-14-15-16-17-20(23)21-18-19-22/h6-7,9-10,22H,2-5,8,11-19H2,1H3,(H,21,23)	Linoleamide MEA	CCCCCC=CCC=CCCCCCCCC(=O)NCCO	5.600	5283446;5353406;71684713;44600493;2183	PUBCHEMANNOTATIONBIO:(null);HMDB:(HMDB0012252 HMDB0247196);MiMeDB:(MMDBc0000839);BloodExposome:(2183 5353406 5283446);LIPIDMAPS:(LMFA08040004);SUPERNATURAL:(SN0192986);MESH:(5283446);FooDB:(FDB028893);PUBCHEM:(5283446 5353406 71684713 44600493 2183);public_spectra_2506;GNPS:(CCMSLIB00003139269);COCONUT:(CNP0187671);NORMAN:(NS00003368);METACYC:(CPD6666-4);CHEBI:(93530 64032);DSSTox:(DTXSID10887223);LOTUS:(Q27132980);PUBCHEMANNOTATIONDRUG:(null);PUBMED:(null)	150113359982	324.290	1007	16.782	857327314588192885	857316098167042855	857316098167042854	22112	
1	2	0.190	0.190	-158.355		0.150	26.802	C25H29NO2	[M + K]+	C25H29KNO2+	ZOZKYTAYGKJIOI	InChI=1S/C25H29NO2/c1-4-24(19-11-15-23(16-12-19)28-18-17-26(2)3)25(20-7-5-6-8-20)21-9-13-22(27)14-10-21/h5-16,20,27H,4,17-18H2,1-3H3	4-[(E)-1-cyclopenta-2,4-dien-1-yl-2-[4-[2-(dimethylamino)ethoxy]phenyl]but-1-enyl]phenol	CCC(=C(C1C=CC=C1)C2=CC=C(C=C2)O)C3=CC=C(C=C3)OCCN(C)C	6.600	136479975	PUBCHEM:(136479975)	2	414.183	1008	16.801	857327304781909110	857316098204791595	857316098204791594	22145	
1	1	0.300	0.300	-222.260		0.998	35.257	C20H28O5	[M + H]+	C20H29O5+	PVNBHQQUIKOOKJ	InChI=1S/C20H28O5/c1-2-3-4-5-8-13-24-19(21)17-11-6-7-12-18(17)20(22)25-15-16-10-9-14-23-16/h6-7,11-12,16H,2-5,8-10,13-15H2,1H3	Phthalic acid, furfuryl heptyl ester	CCCCCCCOC(=O)C1=CC=CC=C1C(=O)OCC2CCCO2	4.900	6421090	PUBCHEM:(6421090)	2	349.201	1008	16.804	857327284351454280	857316098246734639	857316098242540334	22151	
1	11	0.431	0.431	-33.512		0.000	82.560	C21H21O4P	[M + H]+	C21H22O4P+	RMLPZKRPSQVRAB	InChI=1S/C21H21O4P/c1-16-7-4-10-19(13-16)23-26(22,24-20-11-5-8-17(2)14-20)25-21-12-6-9-18(3)15-21/h4-15H,1-3H3	Tri-m-tolyl phosphate	CC1=CC(=CC=C1)OP(=O)(OC2=CC=CC(=C2)C)OC3=CC=CC(=C3)C	6.100	11232	NORMAN:(NS00009117);PUBCHEMANNOTATIONSAFETYANDTOXIC;HSDB:(563-04-2);PUBCHEM:(11232);public_spectra_2506;DSSTox:(DTXSID4026216);PUBCHEMANNOTATIONDRUG	146129814018	369.125	1008	16.805	857327388961593392	857316098284483379	857316098284483378	22142	
1	4	0.046	0.046	-360.812		0.022	7.438	C21H33N5O	[M + Na]+	C21H33N5NaO+	SWUOOCSEWWUPBO	InChI=1S/C21H33N5O/c1-24-9-11-25(12-10-24)15-18-16-26-8-7-17(18)13-20(26)14-22-21(27)23-19-5-3-2-4-6-19/h2-6,17-18,20H,7-16H2,1H3,(H2,22,23,27)	1-({5-[(4-methylpiperazin-1-yl)methyl]-1-azabicyclo[2.2.2]octan-2-yl}methyl)-3-phenylurea	CN1CCN(CC1)CC2CN3CCC2CC3CNC(=O)NC4=CC=CC=C4	1.700	75061402;162796469;44716394	COCONUT:(CNP0012059);SUPERNATURAL:(SN0357443);PUBCHEM:(75061402 162796469 44716394);PUBMED:(null)	3145794	394.259	1008	16.805	857327286964505685	857316098326426423	857316098326426422	22150	
1	1	0.115	0.115	-85.905		0.995	22.426	C16H30O4	[M + H]+	C16H31O4+	ORYMLNQJKLGLPK	InChI=1S/C16H30O4/c1-15(2,3)13(17)19-11-9-7-8-10-12-20-14(18)16(4,5)6/h7-12H2,1-6H3	6-(2,2-Dimethylpropanoyloxy)hexyl 2,2-dimethylpropanoate	CC(C)(C)C(=O)OCCCCCCOC(=O)C(C)(C)C	4.200	160081241	PUBCHEM:(160081241)	2	287.222	1012	16.869	857327358179596316	857316098364175163	857316098364175162	22264	
1	1	0.062	0.062	-38.410		0.333	19.520	C8H14	[M + H]+	C8H15+	GZTNBKQTTZSQNS	InChI=1S/C8H14/c1-3-5-7-8-6-4-2/h3-6H2,1-2H3	oct-4-yne	CCCC#CCCC	3.400	16029	COCONUT:(CNP0381743);NORMAN:(NS00026328);PUBCHEMANNOTATIONSAFETYANDTOXIC:(null);SUPERNATURAL:(SN0119698);PUBCHEM:(16029);DSSTox:(DTXSID6074338);PUBMED:(null)	137509470274	111.117	1013	16.877	857327392447060017	857316098414506815	857316098414506814	22291	
1	6	0.012	0.012	-310.284		0.001	38.116	C23H18FN5O3	[M + H]+	C23H19FN5O3+	NTVMMWOPXWEEBI	InChI=1S/C23H18FN5O3/c24-20-13-25-23(28-17-7-11-19(31)12-8-17)29-21(20)26-15-3-1-14(2-4-15)22(32)27-16-5-9-18(30)10-6-16/h1-13,30-31H,(H,27,32)(H2,25,26,28,29)		C1=CC(=CC=C1C(=O)NC2=CC=C(C=C2)O)NC3=NC(=NC=C3F)NC4=CC=C(C=C4)O	4.200	44224070	PUBCHEMANNOTATIONBIO:(null);PUBCHEM:(44224070);PUBMED:(null)	16777282	432.144	1013	16.879	857327335933007895	857316098456449859	857316098456449858	22290	
1	1	0.320	0.336	-92.776		1.000	86.214	C12H22O2	[M + H]+	C12H23O2+	VTUFOIHYMMMNOM	InChI=1S/C12H22O2/c1-3-4-5-6-7-8-9-10-11-14-12(2)13/h6-7H,3-5,8-11H2,1-2H3	dec-5-en-1-yl acetate	CCCCC=CCCCCOC(=O)C	3.700	5363095;5363513;38027	COCONUT:(CNP0154646);NORMAN:(NS00022130 NS00087224);PUBCHEMANNOTATIONSAFETYANDTOXIC:(null);CHEBI:(179186 179184);LIPIDMAPS:(LMFA07010203 LMFA07010208);SUPERNATURAL:(SN0399890);MESH:(38027 5363095);PUBCHEM:(5363095 5363513 38027);DSSTox:(DTXSID0035295 DTXSID401015024);PUBMED:(null)	139656953958	199.169	1013	16.879	857327326428715024	857316098498392903	857316098498392902	22286	
1	2	0.147	0.147	-189.406		0.040	69.341	C19H34O3	[M + Na]+	C19H34NaO3+	NKCUSUZBSTZOHV	InChI=1S/C19H34O3/c1-4-5-11-14-17(20)15-12-9-7-6-8-10-13-16-19(2,3)18(21)22/h1,17,20H,5-16H2,2-3H3,(H,21,22)	(12R)-12-hydroxy-2,2-dimethylheptadec-16-ynoic acid	CC(C)(CCCCCCCCCC(CCCC#C)O)C(=O)O	5.600	124351641;124351642;3025818	MESH:(3025818);PUBCHEM:(124351641 124351642 3025818);DSSTox:(DTXSID20933280);PUBMED:(null)	137438953542	333.242	1015	16.919	857328077410459765	857316098540335947	857316098540335946	22356	
1	1	0.117	0.117	-240.863		0.863	16.280	C23H45N5O	[M + H]+	C23H46N5O+	WALXNLXRWGHOGB	InChI=1S/C23H45N5O/c1-3-5-6-7-8-9-10-11-12-13-14-15-16-17-18-21-26-22(29-27-21)20-28(19-4-2)23(24)25/h3-20H2,1-2H3,(H3,24,25)	1-[(3-Hexadecyl-1,2,4-oxadiazol-5-yl)methyl]-1-propylguanidine	CCCCCCCCCCCCCCCCC1=NOC(=N1)CN(CCC)C(=N)N	8.100	145623072	PUBCHEM:(145623072)	2	408.368	1017	16.955	857328067746783026	857316098590667599	857316098586473294	22442	
1	1	0.154	0.154	-119.967		1.000	85.123	C17H16O	[M + H]+	C17H17O+	AAOLGDRTKZMLIG	InChI=1S/C17H16O/c1-13(12-14(2)18)15-8-10-17(11-9-15)16-6-4-3-5-7-16/h3-12H,1-2H3	4-{[1,1'-biphenyl]-4-yl}pent-3-en-2-one	CC(=CC(=O)C)C1=CC=C(C=C1)C2=CC=CC=C2	4.300	20528562;5705661;2753077	COCONUT:(CNP0024448);PUBCHEM:(20528562 5705661 2753077);DSSTox:(DTXSID901023979)	137441050626	237.128	1017	16.957	857328084020682888	857316098640999251	857316098636804946	22416	
1	1	0.330	0.455	-54.071		0.500	101.301	C16H30O	[M + H]+	C16H31O+	LXJDKGYSHYYKFJ	InChI=1S/C16H30O/c17-16-14-12-10-8-6-4-2-1-3-5-7-9-11-13-15-16/h1-15H2	Cyclohexadecanone	C1CCCCCCCC(=O)CCCCCCC1	6.400	75695	NORMAN:(NS00019516);PUBCHEMANNOTATIONSAFETYANDTOXIC:(null);MESH:(75695);PUBCHEM:(75695);DSSTox:(DTXSID9062514);PUBMED:(null)	137506324550	239.237	1018	16.972	857328063703473277	857316098691330903	857316098691330902	22480	
1	1	0.686	0.686	-111.324		1.000	47.913	C20H37NO2	[M + H]+	C20H38NO2+	KQXDGUVSAAQARU	InChI=1S/C20H37NO2/c1-2-3-4-5-6-7-8-9-10-11-12-13-14-15-16-17-20(23)21-18-19-22/h6-7,9-10,22H,2-5,8,11-19H2,1H3,(H,21,23)	Linoleamide MEA	CCCCCC=CCC=CCCCCCCCC(=O)NCCO	5.600	5283446;5353406;71684713;44600493;2183	PUBCHEMANNOTATIONBIO:(null);HMDB:(HMDB0012252 HMDB0247196);MiMeDB:(MMDBc0000839);BloodExposome:(2183 5353406 5283446);LIPIDMAPS:(LMFA08040004);SUPERNATURAL:(SN0192986);MESH:(5283446);FooDB:(FDB028893);PUBCHEM:(5283446 5353406 71684713 44600493 2183);public_spectra_2506;GNPS:(CCMSLIB00003139269);COCONUT:(CNP0187671);NORMAN:(NS00003368);METACYC:(CPD6666-4);CHEBI:(93530 64032);DSSTox:(DTXSID10887223);LOTUS:(Q27132980);PUBCHEMANNOTATIONDRUG:(null);PUBMED:(null)	150113359982	324.290	1023	17.048	857328068224933976	857316098745856859	857316098741662554	22579	
1	1	0.116	0.116	-241.574		0.491	15.294	C21H41N5	[M + H]+	C21H42N5+	CKRZZHPNUCLRBE	InChI=1S/C21H41N5/c1-5-6-7-8-9-10-11-12-13-14-15-22-20-18-19(2)24-21(25-20)23-16-17-26(3)4/h18H,5-17H2,1-4H3,(H2,22,23,24,25)	N2-(2-(Dimethylamino)ethyl)-N4-dodecyl-6-methylpyrimidine-2,4-diamine	CCCCCCCCCCCCNC1=NC(=NC(=C1)C)NCCN(C)C	6.900	137657584	MESH:(137657584);PUBCHEM:(137657584);PUBMED:(null)	70	364.342	1025	17.077	857328079981568126	857316098800382815	857316098800382814	22640	
1	1	0.085	0.085	-221.400		0.814	18.390	C22H43N5	[M + H]+	C22H44N5+	KVTOOFXLYHKXCK	InChI=1S/C22H43N5/c1-2-3-4-5-6-7-8-9-10-11-12-13-14-15-16-17-18-19-20(23)26-22(25)27-21(19)24/h2-18H2,1H3,(H6,23,24,25,26,27)	5-Octadecylpyrimidine-2,4,6-triamine	CCCCCCCCCCCCCCCCCCC1=C(N=C(N=C1N)N)N	8.600	3023451	NORMAN:(NS00039996);PUBCHEM:(3023451);DSSTox:(DTXSID70240451)	137439215618	378.358	1025	17.082	857328089364226195	857316098854908771	857316098850714466	22645	
1	1	0.214	0.214	-81.756		0.998	26.975	C19H40O4	[M + H]+	C19H41O4+	KLFVDTRVIFNWIH	InChI=1S/C19H40O4/c1-2-3-4-5-6-7-8-9-10-11-12-14-21-16-18-23-19-17-22-15-13-20/h20H,2-19H2,1H3	Triethylene glycol monotridecyl ether	CCCCCCCCCCCCCOCCOCCOCCO	4.862	78116	NORMAN:(NS00048572);PUBCHEM:(78116);DSSTox:(DTXSID0063442)	137439215618	333.300	1026	17.093	857328146914271589	857316098901046119	857316098901046118	22742	
1	1	0.435	0.435	-83.014		1.000	124.653	C16H30O4	[M + H]+	C16H31O4+	XEYHWMQDXTVNJW	InChI=1S/C16H30O4/c1-3-5-7-9-13-19-15(17)11-12-16(18)20-14-10-8-6-4-2/h3-14H2,1-2H3	Dihexyl succinate	CCCCCCOC(=O)CCC(=O)OCCCCCC	4.743	101308	NORMAN:(NS00025140);PUBCHEM:(101308);DSSTox:(DTXSID80166355)	137439215618	287.222	1027	17.109	857328109027123546	857316099010098031	857316099010098030	22674	
1	1	0.204	0.204	-72.134		1.000	32.242	C17H36O3	[M + H]+	C17H37O3+	RTRMBXZHMWADJB	InChI=1S/C17H36O3/c1-2-3-4-5-6-7-8-9-10-11-12-14-19-16-17-20-15-13-18/h18H,2-17H2,1H3	Ethanol, 2-(2-(tridecyloxy)ethoxy)-	CCCCCCCCCCCCCOCCOCCO	4.963	84582	NORMAN:(NS00076863);PUBCHEM:(84582);DSSTox:(DTXSID0065804)	137439215618	289.274	1027	17.114	857328304917900699	857316098955572075	857316098955572074	22620	
1	1	0.786	0.786	-65.884		0.404	19.019	C20H34O8	[M + H3N + H]+	C20H38NO8+	QZCLKYGREBVARF	InChI=1S/C20H34O8/c1-5-8-11-25-17(22)14-20(28-16(4)21,19(24)27-13-10-7-3)15-18(23)26-12-9-6-2/h5-15H2,1-4H3	Blo-trol	CCCCOC(=O)CC(CC(=O)OCCCC)(C(=O)OCCCC)OC(=O)C	3.300	71752690;6505	PUBCHEMANNOTATIONBIO:(null);HMDB:(HMDB0034159);PUBCHEMANNOTATIONSAFETYANDTOXIC:(null);BloodExposome:(6505);SUPERNATURAL:(SN0319099);HSDB:(77-90-7);MESH:(6505);FooDB:(FDB012444);PUBCHEM:(71752690 6505);public_spectra_2506;COCONUT:(CNP0120807);NORMAN:(NS00010307);CHEBI:(168067);DSSTox:(DTXSID2026446);PUBCHEMANNOTATIONDRUG:(null);PUBCHEMANNOTATIONFOOD:(null);PUBMED:(null)	146825020014	420.259	1029	17.154	857328388913032745	857316099056235379	857316099056235378	22761	
1	1	0.378	0.378	-115.171		1.000	81.429	C16H24O7	[M + H]+	C16H25O7+	OYZQTPGGTUFMAS	InChI=1S/C16H24O7/c1-5-15(4,8-6-7-11(2)3)23-13(19)10-16(22,14(20)21)9-12(17)18/h5,7,22H,1,6,8-10H2,2-4H3,(H,17,18)(H,20,21)	2-[2-(3,7-Dimethylocta-1,6-dien-3-yloxy)-2-oxoethyl]-2-hydroxybutanedioic acid	CC(=CCCC(C)(C=C)OC(=O)CC(CC(=O)O)(C(=O)O)O)C	1.500	54176851	PUBCHEM:(54176851)	2	329.159	1029	17.155	857328395871383173	857316099114955639	857316099114955638	22772	
1	1	0.868	0.868	-33.502		0.496	56.936	C18H32O7	[M + H]+	C18H33O7+	ZFOZVQLOBQUTQQ	InChI=1S/C18H32O7/c1-4-7-10-23-15(19)13-18(22,17(21)25-12-9-6-3)14-16(20)24-11-8-5-2/h22H,4-14H2,1-3H3	Citroflex 4	CCCCOC(=O)CC(CC(=O)OCCCC)(C(=O)OCCCC)O	2.700	6507	PUBCHEMANNOTATIONBIO:(null);PUBCHEMANNOTATIONSAFETYANDTOXIC:(null);BloodExposome:(6507);SUPERNATURAL:(SN0469069);MESH:(6507);PUBCHEM:(6507);public_spectra_2506;COCONUT:(CNP0188526);NORMAN:(NS00009811);CHEBI:(176825);DSSTox:(DTXSID5051442);LOTUS:(Q1954892);PUBCHEMANNOTATIONFOOD:(null);PUBMED:(null)	146523029606	361.222	1029	17.155	857328435872462376	857316099169481595	857316099169481594	22777	
1	1	0.923	0.923	-16.591		1.000	57.132	C20H34O8	[M + H]+	C20H35O8+	QZCLKYGREBVARF	InChI=1S/C20H34O8/c1-5-8-11-25-17(22)14-20(28-16(4)21,19(24)27-13-10-7-3)15-18(23)26-12-9-6-2/h5-15H2,1-4H3	Blo-trol	CCCCOC(=O)CC(CC(=O)OCCCC)(C(=O)OCCCC)OC(=O)C	3.300	71752690;6505	PUBCHEMANNOTATIONBIO:(null);HMDB:(HMDB0034159);PUBCHEMANNOTATIONSAFETYANDTOXIC:(null);BloodExposome:(6505);SUPERNATURAL:(SN0319099);HSDB:(77-90-7);MESH:(6505);FooDB:(FDB012444);PUBCHEM:(71752690 6505);public_spectra_2506;COCONUT:(CNP0120807);NORMAN:(NS00010307);CHEBI:(168067);DSSTox:(DTXSID2026446);PUBCHEMANNOTATIONDRUG:(null);PUBCHEMANNOTATIONFOOD:(null);PUBMED:(null)	146825020014	403.232	1029	17.155	857328445922014799	857316099232396159	857316099232396158	22781	
1	1	0.211	0.320	-360.072		1.000	46.917	C21H32N2O5	[M + K]+	C21H32KN2O5+	WCQZHMYXJPCKJF	InChI=1S/C21H32N2O5/c1-6-7-8-9-10-11-12-13-14-16(2)19(24)22-17(3)20(25)23-18(15-27-4)21(26)28-5/h12-15H,3,6-11H2,1-2,4-5H3,(H,22,24)(H,23,25)	Cyrmenin B1	CCCCCCCC=CC=C(C)C(=O)NC(=C)C(=O)NC(=COC)C(=O)OC	4.700	101262518;102038893;11269372;11440766;72777258	COCONUT:(CNP0324787);CHEBI:(188564);SUPERNATURAL:(SN0406722);MESH:(11269372);PUBCHEM:(101262518 102038893 11269372 11440766 72777258);LOTUS:(Q77386941);PUBMED:(null);KNAPSACK:(WCQZHMYXJPCKJF-UHFFFAOYSA-N)	271581302	431.192	1029	17.157	857328457703814745	857316099291116419	857316099291116418	22778	
1	3	0.215	0.215	-234.009		0.124	9.535	C21H44O4	[M + H3N + H]+	C21H48NO4+	OEYRUWHOSZDOCS	InChI=1S/C21H44O4/c1-2-3-4-5-6-7-8-9-10-11-12-13-14-16-23-18-20-25-21-19-24-17-15-22/h22H,2-21H2,1H3		CCCCCCCCCCCCCCCOCCOCCOCCO	5.760	14973999	NORMAN:(NS00076684);PUBCHEM:(14973999);DSSTox:(DTXSID001016820)	137439215618	378.358	1034	17.233	857328439248877111	857316099349836679	857316099349836678	22864	
1	1	0.188	0.188	-87.491		1.000	26.381	C17H36O3	[M + H]+	C17H37O3+	RTRMBXZHMWADJB	InChI=1S/C17H36O3/c1-2-3-4-5-6-7-8-9-10-11-12-14-19-16-17-20-15-13-18/h18H,2-17H2,1H3	Ethanol, 2-(2-(tridecyloxy)ethoxy)-	CCCCCCCCCCCCCOCCOCCO	4.963	84582	NORMAN:(NS00076863);PUBCHEM:(84582);DSSTox:(DTXSID0065804)	137439215618	289.274	1035	17.255	857328440331007557	857316099404362635	857316099400168330	22820	
1	1	0.626	0.687	-124.795		1.000	21.644	C15H31NO	[M + H]+	C15H32NO+	GMXKHKFLSPARRX	InChI=1S/C15H31NO/c1-3-4-5-6-7-8-9-10-11-12-13-14-16-15(2)17/h3-14H2,1-2H3,(H,16,17)	N-tridecylacetamide	CCCCCCCCCCCCCNC(=O)C	5.700	20224450	SUPERNATURAL:(SN0109985);PUBCHEM:(20224450);LOTUS:(Q105107059)	269484034	242.248	1036	17.266	857328426888263206	857316099454694287	857316099454694286	22896	
1	1	0.425	0.425	-84.114		1.000	74.100	C16H30O4	[M + H]+	C16H31O4+	XEYHWMQDXTVNJW	InChI=1S/C16H30O4/c1-3-5-7-9-13-19-15(17)11-12-16(18)20-14-10-8-6-4-2/h3-14H2,1-2H3	Dihexyl succinate	CCCCCCOC(=O)CCC(=O)OCCCCCC	4.743	101308	NORMAN:(NS00025140);PUBCHEM:(101308);DSSTox:(DTXSID80166355)	137439215618	287.222	1038	17.300	857328416624801307	857316099521803155	857316099517608850	22939	
1	1	0.463	0.463	-84.435		1.000	81.093	C16H30O4	[M + H]+	C16H31O4+	XEYHWMQDXTVNJW	InChI=1S/C16H30O4/c1-3-5-7-9-13-19-15(17)11-12-16(18)20-14-10-8-6-4-2/h3-14H2,1-2H3	Dihexyl succinate	CCCCCCOC(=O)CCC(=O)OCCCCCC	4.743	101308	NORMAN:(NS00025140);PUBCHEM:(101308);DSSTox:(DTXSID80166355)	137439215618	287.222	1049	17.477	857328513450310718	857316099618272155	857316099618272154	23257	
1	2	0.029	0.029	-386.021		0.302	17.960	C25H35N5O	[M + H]+	C25H36N5O+	PISRNDJXDSKAFL	InChI=1S/C25H35N5O/c1-29-24(14-23(28-29)19-9-5-6-10-19)22-17-30-12-11-20(22)13-21(30)16-27-25(31)26-15-18-7-3-2-4-8-18/h2-4,7-8,14,19-22H,5-6,9-13,15-17H2,1H3,(H2,26,27,31)	1-benzyl-3-{[5-(3-cyclopentyl-1-methyl-1H-pyrazol-5-yl)-1-azabicyclo[2.2.2]octan-2-yl]methyl}urea	CN1C(=CC(=N1)C2CCCC2)C3CN4CCC3CC4CNC(=O)NCC5=CC=CC=C5	3.200	74450939;162796104;25389092	COCONUT:(CNP0011366);SUPERNATURAL:(SN0286508);PUBCHEM:(74450939 162796104 25389092)	3145730	422.290	1051	17.522	857328642341274043	857316099672798111	857316099668603806	23445	
1	1	0.188	0.188	-82.168		1.000	22.158	C17H36O3	[M + H]+	C17H37O3+	RTRMBXZHMWADJB	InChI=1S/C17H36O3/c1-2-3-4-5-6-7-8-9-10-11-12-14-19-16-17-20-15-13-18/h18H,2-17H2,1H3	Ethanol, 2-(2-(tridecyloxy)ethoxy)-	CCCCCCCCCCCCCOCCOCCO	4.963	84582	NORMAN:(NS00076863);PUBCHEM:(84582);DSSTox:(DTXSID0065804)	137439215618	289.274	1058	17.639	857328640994902221	857316099777655719	857316099777655718	23492	
1	1	0.296	0.296	-189.905		1.000	36.268	C24H46O5	[M + H3N + H]+	C24H50NO5+	PMWHJUYDRMLASR	InChI=1S/C24H46O5/c1-3-5-7-9-10-11-12-14-16-18-22(20-23(26)27)29-24(28)19-21(25)17-15-13-8-6-4-2/h21-22,25H,3-20H2,1-2H3,(H,26,27)	3-(3'-Hydroxydecanoyloxy)Tetradenenoic Acid	CCCCCCCCCCCC(CC(=O)O)OC(=O)CC(CCCCCCC)O	8.000	162938683;139584018	COCONUT:(CNP0208922);MiMeDB:(MMDBc0004044);CHEBI:(189276);SUPERNATURAL:(SN0289761);PUBCHEM:(162938683 139584018);LOTUS:(Q77278539)	1345323042	432.368	1059	17.657	857328652252414412	857316099832181675	857316099832181674	23569	
1	1	0.154	0.154	-104.045		1.000	82.517	C22H42O5	[M + H]+	C22H43O5+	QZBUYHFIGVOWNN	InChI=1S/C22H42O5/c1-4-7-8-9-10-11-12-13-14-15-16-26-21(23)18-25-19-22(24)27-17-20(5-2)6-3/h20H,4-19H2,1-3H3	Diglycolic acid, dodecyl 2-ethylbutyl ester	CCCCCCCCCCCCOC(=O)COCC(=O)OCC(CC)CC	7.500	91714974	PUBCHEM:(91714974)	2	387.310	1059	17.657	857328652290163149	857316099878319023	857316099878319022	23573	
1	1	0.093	0.093	-151.911		1.000	230.900	C22H40O	[M + H3N + H]+	C22H44NO+	FEAQSNKVLXILNQ	InChI=1S/C22H40O/c1-3-5-6-7-8-9-10-11-12-13-14-15-16-17-18-19-20-21-22(23)4-2/h2,9-10,22-23H,3,5-8,11-21H2,1H3		CCCCCCC=CCCCCCCCCCCCC(C#C)O	8.318		LIPIDMAPS:(LMFA05000770)	2147483648	338.342	1062	17.693	857328649295430090	857316099932844979	857316099932844978	23594	
1	2	0.067	0.067	-409.694		0.001	37.646	C22H37N3O4	[M + H]+	C22H38N3O4+	OQNZDNMJCYTCHW	InChI=1S/C22H37N3O4/c23-21(28)16-6-10-24(11-7-16)12-8-19-15-25(13-9-18(19)14-20(26)27)22(29)17-4-2-1-3-5-17/h16-19H,1-15H2,(H2,23,28)(H,26,27)		C1CCC(CC1)C(=O)N2CCC(C(C2)CCN3CCC(CC3)C(=O)N)CC(=O)O	-0.600	28959786;28959787;74576852	COCONUT:(CNP0460665);PUBCHEM:(28959786 28959787 74576852)	2097154	408.282	1065	17.752	857328696082891237	857316099983176631	857316099983176630	23694	
1	1	0.471	0.471	-125.007		0.976	71.062	C24H38O5	[M + H]+	C24H39O5+	CBNOOIGQPLRPML	InChI=1S/C24H38O5/c1-4-5-6-7-8-9-12-17-28-23(25)21-13-10-11-14-22(21)24(26)29-19-16-20(2)15-18-27-3/h10-11,13-14,20H,4-9,12,15-19H2,1-3H3	Phthalic acid, 5-methoxy-3-methylpentyl nonyl ester	CCCCCCCCCOC(=O)C1=CC=CC=C1C(=O)OCCC(C)CCOC	6.666	6423710	PUBCHEM:(6423710)	2	407.279	1065	17.753	857328666907312599	857316100033508283	857316100033508282	23706	
1	1	0.760	0.760	-8.785		1.000	41.001	C10H30O5Si5	[M + H]+	C10H31O5Si5+	XMSXQFUHVRWGNA	InChI=1S/C10H30O5Si5/c1-16(2)11-17(3,4)13-19(7,8)15-20(9,10)14-18(5,6)12-16/h1-10H3	decamethyl-1,3,5,7,9,2,4,6,8,10-pentaoxapentasilecane	C[Si]1(O[Si](O[Si](O[Si](O[Si](O1)(C)C)(C)C)(C)C)(C)C)C	6.094	22883046;100931387;10913	PUBCHEMANNOTATIONBIO:(null);PUBCHEMANNOTATIONSAFETYANDTOXIC:(null);BloodExposome:(10913);SUPERNATURAL:(SN0434476);HSDB:(541-02-6);MESH:(10913);PUBCHEM:(22883046 100931387 10913);MACONDA:(CON00018);COCONUT:(CNP0346952);NORMAN:(NS00043162);CHEBI:(191092);DSSTox:(DTXSID1027184);PUBCHEMANNOTATIONDRUG:(null);PUBMED:(null)	137563997798	371.101	1077	17.947	857328720367912448	857316100088034239	857316100088034238	23964	
1	1	-Infinity	-Infinity	-14.719		0.994	40.390	C12H38O7Si6	[M - H2O + H]+	C12H37O6Si6+	ACOILBOPXXVUQP	InChI=1S/C12H38O7Si6/c1-20(2,13)15-22(5,6)17-24(9,10)19-25(11,12)18-23(7,8)16-21(3,4)14/h13-14H,1-12H3	Dodecamethylhexasiloxane-1,11-diol	C[Si](C)(O)O[Si](C)(C)O[Si](C)(C)O[Si](C)(C)O[Si](C)(C)O[Si](C)(C)O	6.695	15635648	PUBCHEM:(15635648);DSSTox:(DTXSID90576082)	137438953474	445.120	1077	17.948	857328798277109261	857316100150948803	857316100150948802	24018	
1	1	0.313	0.313	-22.999		0.945	96.861	C8H24O4Si4	[M + H]+	C8H25O4Si4+	HMMGMWAXVFQUOA	InChI=1S/C8H24O4Si4/c1-13(2)9-14(3,4)11-16(7,8)12-15(5,6)10-13/h1-8H3	Octamethylcyclotetrasiloxane	C[Si]1(O[Si](O[Si](O[Si](O1)(C)C)(C)C)(C)C)C	4.875	22883047;102403696;100931388;11169	PUBCHEMANNOTATIONBIO:(null);COCONUT:(CNP0347848);NORMAN:(NS00043628);PUBCHEMANNOTATIONSAFETYANDTOXIC:(null);BloodExposome:(11169);CHEBI:(25640);SUPERNATURAL:(SN0129642);HSDB:(556-67-2);MESH:(11169);PUBCHEM:(22883047 102403696 100931388 11169);DSSTox:(DTXSID7027205);PUBCHEMANNOTATIONDRUG:(null);PUBMED:(null)	137563996774	297.082	1077	17.949	857328911884029685	857316100218057671	857316100213863366	24026	
1	10	0.450	0.450	-207.906		0.020	18.712	C23H33N5O2S3	[M + H]+	C23H34N5O2S3+	KVDOTKVBELDEKJ	InChI=1S/C23H33N5O2S3/c29-18(13-16-5-1-2-6-16)15-22-27-25-20(32-22)9-11-31-12-10-21-26-28-23(33-21)24-19(30)14-17-7-3-4-8-17/h16-17H,1-15H2,(H,24,28,30)	2-cyclopentyl-N-[5-[2-[2-[5-(3-cyclopentyl-2-oxopropyl)-1,3,4-thiadiazol-2-yl]ethylsulfanyl]ethyl]-1,3,4-thiadiazol-2-yl]acetamide	C1CCC(C1)CC(=O)CC2=NN=C(S2)CCSCCC3=NN=C(S3)NC(=O)CC4CCCC4	5.200	89976547	PUBCHEM:(89976547)	2	508.188	1077	17.949	857328893634612155	857316100280972235	857316100280972234	24023	
1	3	0.027	0.027	-525.895		0.102	39.462	C21H26N4O2S3	[M + H]+	C21H27N4O2S3+	NPFDMJWSPHYAKU	InChI=1S/C21H26N4O2S3/c1-12-19(30-11-23-12)16-6-4-15(5-7-16)9-22-20(28)18-8-17(27)10-25(18)21(29)13(2)24-14(3)26/h4-7,11,13,17-18,27H,8-10H2,1-3H3,(H,22,28)(H,24,26)	Ac-thionoAla-thionoHyp-Unk	CC1=C(SC=N1)C2=CC=C(C=C2)CNC(=S)C3CC(CN3C(=S)C(C)NC(=O)C)O	2.200	132990909	PUBCHEMANNOTATIONBIO:(null);PUBCHEM:(132990909);PUBMED:(null)	16777282	463.131	1077	17.950	857328898156071882	857316100356469711	857316100352275406	24019	
1	1	0.288	0.288	-8.188		1.000	90.924	C6H18O3Si3	[M + H]+	C6H19O3Si3+	POWRUCTWJZZACU	InChI=1S/C6H18O3Si3/c1-10(2)7-8-12(5,6)9-11(3)4/h1-6H3		C[Si](C)OO[Si](C)(C)O[Si](C)C	3.602	88039270	PUBCHEM:(88039270)	2	223.064	1077	17.953	857328884012878030	857316100452938711	857316100452938710	24048	
1	4	0.067	0.067	-48.866		0.007	44.434	C6H15NO2Si2	[M + H]+	C6H16NO2Si2+	GPCRRFCVAQYZBJ	InChI=1S/C6H15NO2Si2/c1-6-7-10(2,3)9-11(4,5)8-6/h1-5H3	2,2,4,4,6-Pentamethyl-2H,4H-1,3,5,2,4-dioxazadisiline	CC1=N[Si](O[Si](O1)(C)C)(C)C	2.511	13093054	PUBCHEM:(13093054);DSSTox:(DTXSID60517942)	137438953474	190.071	1077	17.953	857328903436700852	857316100503270363	857316100503270362	24030	
1	1	0.231	0.254	-82.633		0.999	28.827	C19H40O4	[M + H]+	C19H41O4+	KLFVDTRVIFNWIH	InChI=1S/C19H40O4/c1-2-3-4-5-6-7-8-9-10-11-12-14-21-16-18-23-19-17-22-15-13-20/h20H,2-19H2,1H3	Triethylene glycol monotridecyl ether	CCCCCCCCCCCCCOCCOCCOCCO	4.862	78116	NORMAN:(NS00048572);PUBCHEM:(78116);DSSTox:(DTXSID0063442)	137439215618	333.300	1088	18.126	857328903910657211	857316100595545059	857316100595545058	24311	
1	1	0.104	0.104	-130.381		1.000	37.570	C20H42OSi	[M + H]+	C20H43OSi+	MLGLFLPHDZIAQK	InChI=1S/C20H42OSi/c1-3-4-5-6-7-8-9-10-11-12-13-16-19-22(2)20-17-14-15-18-21-20/h20,22H,3-19H2,1-2H3	Methyl-(oxan-2-yl)-tetradecylsilane	CCCCCCCCCCCCCC[SiH](C)C1CCCCO1	7.579	123709430	BloodExposome:(123709430);PUBCHEM:(123709430);PUBMED:(null)	4194370	327.308	1089	18.154	857328899259173842	857316100650071015	857316100650071014	24382	
1	2	0.204	0.204	-305.944		0.138	38.175	C22H25N5O3	[M + K]+	C22H25KN5O3+	DUJWKHCSHDYNGS	InChI=1S/C22H25N5O3/c1-3-18-6-4-5-7-20(18)30-14-22(29)26(13-21(28)23-2)12-17-8-10-19(11-9-17)27-16-24-15-25-27/h4-11,15-16H,3,12-14H2,1-2H3,(H,23,28)	2-[2-(2-ethylphenoxy)ethanoyl-[[4-(1,2,4-triazol-1-yl)phenyl]methyl]amino]-~{N}-methyl-ethanamide	CCC1=CC=CC=C1OCC(=O)N(CC2=CC=C(C=C2)N3C=NC=N3)CC(=O)NC	2.800	156613428	PUBCHEMANNOTATIONBIO:(null);PUBCHEM:(156613428)	16777218	446.162	1090	18.169	857329012274708519	857316100700402667	857316100696208362	24431	
1	1	0.480	0.480	-120.142		0.999	43.193	C24H38O5	[M + H]+	C24H39O5+	CBNOOIGQPLRPML	InChI=1S/C24H38O5/c1-4-5-6-7-8-9-12-17-28-23(25)21-13-10-11-14-22(21)24(26)29-19-16-20(2)15-18-27-3/h10-11,13-14,20H,4-9,12,15-19H2,1-3H3	Phthalic acid, 5-methoxy-3-methylpentyl nonyl ester	CCCCCCCCCOC(=O)C1=CC=CC=C1C(=O)OCCC(C)CCOC	6.666	6423710	PUBCHEM:(6423710)	2	407.279	1093	18.219	857328897933773758	857316100746540015	857316100742345710	24494	
1	1	0.037	0.027	-514.924		0.999	37.227	C26H45NO5	[M + H]+	C26H46NO5+	GAQILHLPWHHDJD	InChI=1S/C26H45NO5/c1-7-8-9-12-15-23-20(2)21(3)24(32-23)16-13-10-11-14-17-26(30)31-22(18-25(28)29)19-27(4,5)6/h22H,7-19H2,1-6H3/p+1	7-(5-Hexyl-3,4-dimethylfuran-2-yl)heptanoylcarnitine	CCCCCCC1=C(C(=C(O1)CCCCCCC(=O)OC(CC(=O)O)C[N+](C)(C)C)C)C	6.100	156962917;156962918	PUBCHEMANNOTATIONBIO:(null);HMDB:(HMDB0241850);PUBCHEM:(156962917 156962918);PUBCHEMANNOTATIONDRUG:(null)	50331658	452.337	1093	18.222	857328903159876775	857316100792677363	857316100792677362	24490	
1	2	0.439	0.605	-27.844		0.497	49.058	C8H6O4	[M - H2O + H]+	C8H5O3+	XNGIFLGASWRNHJ	InChI=1S/C8H6O4/c9-7(10)5-3-1-2-4-6(5)8(11)12/h1-4H,(H,9,10)(H,11,12)	phthalate	C1=CC=C(C(=C1)C(=O)O)C(=O)O	0.794	102602051;67674448;161758025;161758026;155891950;87368857;87368858;16212019;16213470;129656035;4645224;66995640;10419661;19108268;164099464;153897023;18183610;54478425;54478426;131853778;139040938;10678810;1017;181977;18655973;71309871	PUBCHEMANNOTATIONBIO:(null);HMDB:(HMDB0002107);MiMeDB:(MMDBc0054638);PUBCHEMANNOTATIONSAFETYANDTOXIC:(null);BloodExposome:(4645224 85215 1017 181977 23676735 78125 23668795);SUPERNATURAL:(SN0434861 SN0434862 SN0434863);HSDB:(88-99-3);MESH:(1017 181977);FooDB:(FDB010566);PUBCHEM:(102602051 67674448 161758025 161758026 155891950 87368857 87368858 16212019 16213470 129656035 4645224 66995640 10419661 19108268 164099464 153897023 18183610 54478425 54478426 131853778 139040938 10678810 1017 181977 18655973 71309871);public_spectra_2506;MACONDA:(CON00080);COCONUT:(CNP0324589);NORMAN:(NS00081016 NS00084511 NS00087384 NS00078185 NS00082195 NS00080644 NS00083215 NS00008610 NS00080044);METACYC:(PHTHALATE);CHEBI:(17563 29069 30800);KEGG:(C01606);DSSTox:(DTXSID0042167 DTXSID10166707 DTXSID10185812 DTXSID10583975 DTXSID20889435 DTXSID30583538 DTXSID40966671 DTXSID60174413 DTXSID60889651 DTXSID8021484 DTXSID8061185 DTXSID80973506 DTXSID90952241);LOTUS:(Q423876);PUBCHEMANNOTATIONDRUG:(null);PUBCHEMANNOTATIONFOOD:(null);PUBMED:(null)	148167200622	149.023	1094	18.239	857328908071406793	857316100843009015	857316100838814710	24525	
1	3	0.106	0.106	-270.466		0.000	76.391	C24H45NO5	[M + Na]+	C24H45NNaO5+	HYHKJBUKZOXUSV	InChI=1S/C24H45NO5/c1-2-3-4-5-6-7-8-9-10-11-12-13-14-15-16-17-22(26)25(20-18-23(27)28)21-19-24(29)30/h2-21H2,1H3,(H,27,28)(H,29,30)	N-(2-Carboxyethyl)-N-(1-oxooctadecyl)-beta-alanine	CCCCCCCCCCCCCCCCCC(=O)N(CCC(=O)O)CCC(=O)O	7.100	6452240	NORMAN:(NS00032125);PUBCHEM:(6452240);DSSTox:(DTXSID70198746)	137439215618	450.321	1095	18.254	857328913884712715	857316100889146363	857316100889146362	24544	
1	1	0.096	0.096	-252.539		0.992	97.819	C24H36O5	[M + H]+	C24H37O5+	WQNIEVFAUJDIHE	InChI=1S/C24H36O5/c1-16(2)22-12-10-17(3)8-7-9-18(4)23(27)13-11-21(15-28-19(5)25)14-24(22)29-20(6)26/h8,14,22-24,27H,1,4,7,9-13,15H2,2-3,5-6H3	[3-(acetyloxy)-12-hydroxy-7-methyl-11-methylidene-4-(prop-1-en-2-yl)cyclotetradeca-1,7-dien-1-yl]methyl acetate	CC1=CCCC(=C)C(CCC(=CC(C(CC1)C(=C)C)OC(=O)C)COC(=O)C)O	3.500	75033992;162818902;44480983	COCONUT:(CNP0077636);TeroMol:(TKC207100 TKC156341);SUPERNATURAL:(SN0417292);PUBCHEM:(75033992 162818902 44480983);LOTUS:(Q105310874);PUBMED:(null)	279969858	405.263	1095	18.254	857328918636859165	857316100939478015	857316100939478014	24542	
1	1	0.098	0.098	-241.535		0.878	77.422	C24H36O5	[M + H3N + H]+	C24H40NO5+	YVVTVCSKOONIRE	InChI=1S/C24H36O5/c1-19(2)10-7-11-20(3)12-8-13-21(4)14-9-15-24(18-25,29-23(6)27)16-17-28-22(5)26/h10,12,14,16-18H,7-9,11,13,15H2,1-6H3	2-[2-(acetyloxy)ethenyl]-6,10,14-trimethyl-1-oxopentadeca-5,9,13-trien-2-yl acetate	CC(=CCCC(=CCCC(=CCCC(C=COC(=O)C)(C=O)OC(=O)C)C)C)C	5.700	21778092;162978156;73837892	COCONUT:(CNP0250168);TeroMol:(TKC002283);SUPERNATURAL:(SN0461673);PUBCHEM:(21778092 162978156 73837892);LOTUS:(Q105366075)	279969794	422.290	1096	18.259	857328915017174803	857316100985615363	857316100985615362	24554	
1	1	0.048	0.048	-383.891		0.999	45.455	C21H30ClN3O3	[M + K]+	C21H30ClKN3O3+	GLTCQSXRISSAQQ	InChI=1S/C21H30ClN3O3/c1-20(2,3)19(28)23-9-10-25-17(11-23)12-24(13-21(25,4)14-26)18(27)15-5-7-16(22)8-6-15/h5-8,17,26H,9-14H2,1-4H3	1-[8-(4-chlorobenzoyl)-6-(hydroxymethyl)-6-methyl-octahydro-1H-[1,4]diazino[1,2-a]pyrazin-2-yl]-2,2-dimethylpropan-1-one	CC1(CN(CC2N1CCN(C2)C(=O)C(C)(C)C)C(=O)C3=CC=C(C=C3)Cl)CO	2.100	162799476;125417216	COCONUT:(CNP0016341);SUPERNATURAL:(SN0109086);PUBCHEM:(162799476 125417216)	3145730	446.162	1098	18.294	857328913867935487	857316101031752711	857316101031752710	24627	
1	1	0.415	0.415	-166.779		1.000	128.679	C22H45NO2	[M + H]+	C22H46NO2+	AUJVQJHODMISJP	InChI=1S/C22H45NO2/c1-2-3-4-5-6-7-8-9-10-11-12-13-14-15-16-17-18-19-22(25)23-20-21-24/h24H,2-21H2,1H3,(H,23,25)	Eicosanoyl-EA	CCCCCCCCCCCCCCCCCCCC(=O)NCCO	8.300	3787294	PUBCHEMANNOTATIONBIO:(null);COCONUT:(CNP0438285);NORMAN:(NS00015207);HMDB:(HMDB0248559);BloodExposome:(3787294);CHEBI:(85253);LIPIDMAPS:(LMFA08040038);SUPERNATURAL:(SN0015679);PUBCHEM:(3787294);public_spectra_2506;DSSTox:(DTXSID10396406);PUBCHEMANNOTATIONDRUG:(null);PUBMED:(null)	148234305642	356.352	1100	18.332	857328905311554757	857316101073695755	857316101073695754	24643	
1	2	0.072	0.072	-276.132		0.317	26.787	C22H49N5O	[M + Na]+	C22H49N5NaO+	XEBAOWPFXXTTNB	InChI=1S/C22H49N5O/c1-2-3-4-5-6-7-8-9-10-11-12-13-22(28)27-21-20-26-19-18-25-17-16-24-15-14-23/h24-26H,2-21,23H2,1H3,(H,27,28)	Tetradecanamide, N-[2-[[2-[[2-[(2-aminoethyl)amino]ethyl]amino]ethyl]amino]ethyl]-	CCCCCCCCCCCCCC(=O)NCCNCCNCCNCCN	3.600	173238	NORMAN:(NS00037590);PUBCHEM:(173238);DSSTox:(DTXSID9072781)	137439215618	422.384	1105	18.410	857328924768931744	857316101115638799	857316101115638798	24750	
1	1	0.105	0.105	-162.591		1.000	43.743	C19H39NO2S	[M + H]+	C19H40NO2S+	HJPQJEVRQIAHGC	InChI=1S/C19H39NO2S/c1-3-5-7-9-11-12-14-16-18(22-19(20)21)23-17-15-13-10-8-6-4-2/h18H,3-17H2,1-2H3,(H2,20,21)	1-Octylsulfanyldecyl carbamate	CCCCCCCCCC(OC(=O)N)SCCCCCCCC	8.300	88327662	PUBCHEM:(88327662)	2	346.277	1108	18.459	857329011171606555	857316101153387539	857316101153387538	24823	
1	1	0.459	0.459	-165.529		1.000	119.689	C22H45NO2	[M + H]+	C22H46NO2+	AUJVQJHODMISJP	InChI=1S/C22H45NO2/c1-2-3-4-5-6-7-8-9-10-11-12-13-14-15-16-17-18-19-22(25)23-20-21-24/h24H,2-21H2,1H3,(H,23,25)	Eicosanoyl-EA	CCCCCCCCCCCCCCCCCCCC(=O)NCCO	8.300	3787294	PUBCHEMANNOTATIONBIO:(null);COCONUT:(CNP0438285);NORMAN:(NS00015207);HMDB:(HMDB0248559);BloodExposome:(3787294);CHEBI:(85253);LIPIDMAPS:(LMFA08040038);SUPERNATURAL:(SN0015679);PUBCHEM:(3787294);public_spectra_2506;DSSTox:(DTXSID10396406);PUBCHEMANNOTATIONDRUG:(null);PUBMED:(null)	148234305642	356.352	1108	18.462	857329100187320546	857316101195330583	857316101195330582	24829	
1	2	0.707	0.707	-98.557		0.500	52.814	C16H33NO	[M + C2H3N + H]+	C18H37N2O+	HSEMFIZWXHQJAE	InChI=1S/C16H33NO/c1-2-3-4-5-6-7-8-9-10-11-12-13-14-15-16(17)18/h2-15H2,1H3,(H2,17,18)	Amide 16	CCCCCCCCCCCCCCCC(=O)N	5.677	87611917;154103955;69421	PUBCHEMANNOTATIONBIO:(null);HMDB:(HMDB0012273);PUBCHEMANNOTATIONSAFETYANDTOXIC:(null);BloodExposome:(69421);LIPIDMAPS:(LMFA08010009);SUPERNATURAL:(SN0134001);MESH:(69421);FooDB:(FDB011671);PUBCHEM:(87611917 154103955 69421);public_spectra_2506;GNPS:(CCMSLIB00003137708);COCONUT:(CNP0243925);NORMAN:(NS00014846);METACYC:(CPD6666-3);CHEBI:(74475);DSSTox:(DTXSID8044707);LOTUS:(Q18651888);PUBCHEMANNOTATIONDRUG:(null);PUBCHEMANNOTATIONFOOD:(null);PUBMED:(null);KNAPSACK:(HSEMFIZWXHQJAE-UHFFFAOYSA-N)	149240944766	297.290	1109	18.482	857329129086075111	857316101233079323	857316101233079322	24856	
1	1	0.037	0.029	-440.875		0.999	22.702	C26H45NO5	[M + H]+	C26H46NO5+	GAQILHLPWHHDJD	InChI=1S/C26H45NO5/c1-7-8-9-12-15-23-20(2)21(3)24(32-23)16-13-10-11-14-17-26(30)31-22(18-25(28)29)19-27(4,5)6/h22H,7-19H2,1-6H3/p+1	7-(5-Hexyl-3,4-dimethylfuran-2-yl)heptanoylcarnitine	CCCCCCC1=C(C(=C(O1)CCCCCCC(=O)OC(CC(=O)O)C[N+](C)(C)C)C)C	6.100	156962917;156962918	PUBCHEMANNOTATIONBIO:(null);HMDB:(HMDB0241850);PUBCHEM:(156962917 156962918);PUBCHEMANNOTATIONDRUG:(null)	50331658	452.337	1111	18.512	857329364399114447	857316101270828063	857316101270828062	24876	
1	2	0.337	0.738	-62.873		0.500	105.472	C16H32O3	[M - H2O + H]+	C16H31O2+	QUFMVAWAOYDYFV	InChI=1S/C16H32O3/c1-2-3-4-9-12-15(17)13-10-7-5-6-8-11-14-16(18)19/h15,17H,2-14H2,1H3,(H,18,19)	10-hydroxyhexadecanoic acid	CCCCCCC(CCCCCCCCC(=O)O)O	5.218	15569771;154409767;121488262;121488263	PUBCHEMANNOTATIONBIO:(null);COCONUT:(CNP0409239);HMDB:(HMDB0112188);SUPERNATURAL:(SN0315323);PUBCHEM:(15569771 154409767 121488262 121488263);DSSTox:(DTXSID20574511);PUBMED:(null)	137458876490	255.232	1111	18.513	857329364973734106	857316101308576803	857316101308576802	24888	
1	3	0.215	0.215	-220.498		0.006	60.308	C26H22N2O3	[M + H]+	C26H23N2O3+	NIMGPZIXKRVLEM	InChI=1S/C26H22N2O3/c1-19-24(26(30)28(27(19)2)21-9-5-3-6-10-21)17-18-25(29)20-13-15-23(16-14-20)31-22-11-7-4-8-12-22/h3-18H,1-2H3	1,5-Dimethyl-4-[3-oxo-3-(4-phenoxyphenyl)prop-1-enyl]-2-phenylpyrazol-3-one	CC1=C(C(=O)N(N1C)C2=CC=CC=C2)C=CC(=O)C3=CC=C(C=C3)OC4=CC=CC=C4	5.587	6433988;33504	PUBCHEMANNOTATIONSAFETYANDTOXIC:(null);PUBCHEM:(6433988 33504)	67108866	411.172	1111	18.520	857329421747837032	857316101346325543	857316101346325542	24906	
1	1	0.107	0.107	-202.805		0.802	24.998	C28H35NO2	[M + K]+	C28H35KNO2+	WLWIJELAOISGAY	InChI=1S/C28H35NO2/c1-21(2)29(22(3)4)18-17-26(24-13-9-6-10-14-24)27-19-25(30)15-16-28(27)31-20-23-11-7-5-8-12-23/h5-16,19,21-22,26,30H,17-18,20H2,1-4H3	4-(Benzyloxy)-3-[(1R)-3-(diisopropylamino)-1-phenylpropyl]phenol	CC(C)N(CCC(C1=CC=CC=C1)C2=C(C=CC(=C2)O)OCC3=CC=CC=C3)C(C)C	6.700	76651608;57933185	PUBCHEM:(76651608 57933185)	2	456.230	1111	18.522	857329406782560034	857316101384074283	857316101384074282	24912	
1	1	0.368	0.368	-125.756		0.998	24.760	C24H38O5	[M + H]+	C24H39O5+	CBNOOIGQPLRPML	InChI=1S/C24H38O5/c1-4-5-6-7-8-9-12-17-28-23(25)21-13-10-11-14-22(21)24(26)29-19-16-20(2)15-18-27-3/h10-11,13-14,20H,4-9,12,15-19H2,1-3H3	Phthalic acid, 5-methoxy-3-methylpentyl nonyl ester	CCCCCCCCCOC(=O)C1=CC=CC=C1C(=O)OCCC(C)CCOC	6.666	6423710	PUBCHEM:(6423710)	2	407.279	1117	18.623	857329392291236562	857316101463766067	857316101463766066	25055	
1	2	0.216	0.216	-384.567		0.180	18.378	C21H40N2O3	[M + K]+	C21H40KN2O3+	SLIROHHSMZWNFO	InChI=1S/C21H40N2O3/c1-2-3-4-5-6-7-8-9-10-11-12-13-14-20-22-15-16-23(20,17-18-24)19-21(25)26/h24H,2-19H2,1H3/p+1	2-[1-(2-Hydroxyethyl)-2-tetradecyl-4,5-dihydroimidazol-1-ium-1-yl]acetic acid	CCCCCCCCCCCCCCC1=NCC[N+]1(CCO)CC(=O)O	5.400	139597111	NORMAN:(NS00095751);PUBCHEM:(139597111)	262146	407.269	1117	18.624	857329394631658214	857316101501514807	857316101501514806	25052	
1	1	0.212	0.212	-151.366		1.000	66.782	C24H38O5	[M - H2O + H]+	C24H37O4+	HQGCVKKCSUMHQE	InChI=1S/C24H38O5/c1-4-6-8-12-20(15-18-27-3)16-19-29-24(26)22-14-10-9-13-21(22)23(25)28-17-11-7-5-2/h9-10,13-14,20H,4-8,11-12,15-19H2,1-3H3	Phthalic acid, 3-(2-methoxyethyl)octyl pentyl ester	CCCCCC(CCOC)CCOC(=O)C1=CC=CC=C1C(=O)OCCCCC	6.666	6424094	PUBCHEM:(6424094)	2	389.269	1118	18.628	857329395063671536	857316101539263547	857316101539263546	25064	
1	1	0.026	0.042	-409.675		1.000	48.107	C26H45NO5	[M + H]+	C26H46NO5+	GAQILHLPWHHDJD	InChI=1S/C26H45NO5/c1-7-8-9-12-15-23-20(2)21(3)24(32-23)16-13-10-11-14-17-26(30)31-22(18-25(28)29)19-27(4,5)6/h22H,7-19H2,1-6H3/p+1	7-(5-Hexyl-3,4-dimethylfuran-2-yl)heptanoylcarnitine	CCCCCCC1=C(C(=C(O1)CCCCCCC(=O)OC(CC(=O)O)C[N+](C)(C)C)C)C	6.100	156962917;156962918	PUBCHEMANNOTATIONBIO:(null);HMDB:(HMDB0241850);PUBCHEM:(156962917 156962918);PUBCHEMANNOTATIONDRUG:(null)	50331658	452.337	1118	18.631	857329406476375304	857316101581206591	857316101581206590	25065	
1	1	0.150	0.150	-75.903		0.987	13.637	C20H43NOS	[M + K]+	C20H43KNOS+	MDBNULFEVONURY	InChI=1S/C20H43NOS/c1-2-3-4-5-6-7-8-9-10-11-12-13-14-15-16-17-18-19-20-23(21)22/h2-21H2,1H3	Icosane-1-sulfinamide	CCCCCCCCCCCCCCCCCCCCS(=O)N	9.000	154213736	PUBCHEM:(154213736)	2	384.270	1119	18.656	857329406421849341	857316101623149635	857316101623149634	25083	
1	1	0.761	0.761	-87.669		0.462	18.444	C16H35O3PS	[M + H]+	C16H36O3PS+	TVRJUOAQXLUUGW	InChI=1S/C16H35O3PS/c1-5-9-11-15(7-3)13-18-20(17,21)19-14-16(8-4)12-10-6-2/h15-16H,5-14H2,1-4H3,(H,17,21)	O,O-Bis(2-ethylhexyl) hydrogen thiophosphate	CCCCC(CC)COP(=S)(O)OCC(CC)CCCC	7.000	154057199;86594	NORMAN:(NS00053420);PUBCHEM:(154057199 86594);DSSTox:(DTXSID101274883)	137439215618	339.212	1119	18.658	857329424356694128	857316101660898375	857316101656704070	25093	
1	2	0.476	0.620	-101.602		0.500	123.843	C19H36O4	[M - H2O + H]+	C19H35O3+	MFLWBVVCOWPUBA	InChI=1S/C19H36O4/c1-3-4-5-6-7-8-9-10-11-12-13-14-19(23-17(2)21)15-18(22)16-20/h3,18-20,22H,1,4-16H2,2H3	Avocadene 4-acetate	CC(=O)OC(CCCCCCCCCCCC=C)CC(CO)O	5.400	26500334;26500336;26500338;26500339;45360076	PUBCHEMANNOTATIONBIO;COCONUT:(CNP0296553);HMDB:(HMDB0031045);CHEBI:(175193);LIPIDMAPS:(LMFA05000642);SUPERNATURAL:(SN0224223);FooDB:(FDB003040);PUBCHEM:(26500334 26500336 26500338 26500339 45360076);public_spectra_2506;LOTUS:(Q105162830);GNPS:(CCMSLIB00000847592);PUBCHEMANNOTATIONDRUG	11596206122	311.258	1120	18.662	857329457323925908	857316101698647115	857316101694452810	25105	
1	1	0.660	0.660	-62.108		0.999	22.178	C24H46O7	[M + H3N + H]+	C24H50NO7+	GYHPTPQZVBYHLC	InChI=1S/C24H46O7/c1-5-9-11-21(7-3)23(25)30-19-17-28-15-13-27-14-16-29-18-20-31-24(26)22(8-4)12-10-6-2/h21-22H,5-20H2,1-4H3	Flexol 4GO	CCCCC(CC)C(=O)OCCOCCOCCOCCOC(=O)C(CC)CCCC	5.200	92843808;92843809;92843810;28999	COCONUT:(CNP0447289);NORMAN:(NS00017691);PUBCHEMANNOTATIONSAFETYANDTOXIC;SUPERNATURAL:(SN0118584);PUBCHEM:(92843808 92843809 92843810 28999);public_spectra_2506;DSSTox:(DTXSID8027797);PUBCHEMANNOTATIONFOOD	146233622530	464.358	1120	18.669	857329443772128993	857316101774144595	857316101774144594	25104	
1	1	0.305	0.305	-148.954		1.000	21.703	C17H35NO	[M + H]+	C17H36NO+	GNXLDJDDRKNQNQ	InChI=1S/C17H35NO/c1-2-3-4-5-6-7-8-9-10-11-12-13-14-15-16-17-18-19/h17,19H,2-16H2,1H3	N-heptadecylidenehydroxylamine	CCCCCCCCCCCCCCCCC=NO	7.900	87866968;149437008	COCONUT:(CNP0234975);SUPERNATURAL:(SN0110748);PUBCHEM:(87866968 149437008)	3145730	270.279	1122	18.694	857329432057436602	857316101816087639	857316101816087638	25150	
1	2	0.038	0.038	-316.259		0.135	46.098	C27H39N5O	[M + H]+	C27H40N5O+	PCJWBNXYAHSWBA	InChI=1S/C27H39N5O/c1-30(2)22-11-9-20(10-12-22)27(33)28-17-23-15-21-13-14-32(23)18-24(21)26-16-25(29-31(26)3)19-7-5-4-6-8-19/h9-12,16,19,21,23-24H,4-8,13-15,17-18H2,1-3H3,(H,28,33)	N-{[5-(3-cyclohexyl-1-methyl-1H-pyrazol-5-yl)-1-azabicyclo[2.2.2]octan-2-yl]methyl}-4-(dimethylamino)benzamide	CN1C(=CC(=N1)C2CCCCC2)C3CN4CCC3CC4CNC(=O)C5=CC=C(C=C5)N(C)C	4.200	163069009;74736603;40780503	COCONUT:(CNP0361540);SUPERNATURAL:(SN0281600);PUBCHEM:(163069009 74736603 40780503);PUBMED:(null)	3145794	450.321	1126	18.765	857329428995594421	857316101899973727	857316101899973726	25232	
1	1	0.166	0.375	-248.744		0.444	12.390	C24H36O5	[M + H3N + H]+	C24H40NO5+	VEMVDCAUWIBDLU	InChI=1S/C24H36O5/c1-16(2)22-12-10-17(3)8-7-9-18(4)23(27)13-11-21(15-28-19(5)25)14-24(22)29-20(6)26/h8-9,14,22-24,27H,1,7,10-13,15H2,2-6H3	[3-(acetyloxy)-12-hydroxy-7,11-dimethyl-4-(prop-1-en-2-yl)cyclotetradeca-1,7,10-trien-1-yl]methyl acetate	CC1=CCC=C(C(CCC(=CC(C(CC1)C(=C)C)OC(=O)C)COC(=O)C)O)C	3.500	75034053;163187119;162835641;162835642;46882736;44481241;44481509	COCONUT:(CNP0097266);TeroMol:(TKC207015 TKC159657 TKC207016 TKC159658);SUPERNATURAL:(SN0388147);PUBCHEM:(75034053 163187119 162835641 162835642 46882736 44481241 44481509);LOTUS:(Q105284708 Q105284709 Q105284710);PUBMED:(null)	279969858	422.290	1126	18.766	857329443977650307	857316101941916771	857316101941916770	25239	
1	1	0.704	0.704	-95.952		1.000	35.335	C24H36O4	[M + H]+	C24H37O4+	XRMAOQFWJGRCOF	InChI=1S/C24H36O4/c1-3-5-11-19(4-2)18-28-24(26)22-15-10-9-14-21(22)23(25)27-17-16-20-12-7-6-8-13-20/h9-10,14-15,19-20H,3-8,11-13,16-18H2,1-2H3	Phthalic acid, 2-cyclohexylethyl 2-ethylhexyl ester	CCCCC(CC)COC(=O)C1=CC=CC=C1C(=O)OCCC2CCCCC2	7.162	6423707	PUBCHEM:(6423707)	2	389.269	1126	18.767	857329445756035463	857316101858030683	857316101858030682	25225	
1	1	0.567	0.567	-68.217		0.500	115.780	C18H34O	[M + H]+	C18H35O+	JXNPEDYJTDQORS	InChI=1S/C18H34O/c1-2-3-4-5-6-7-8-9-10-11-12-13-14-15-16-17-18-19/h6-7,9-10,19H,2-5,8,11-18H2,1H3	Linoleyl alcohol	CCCCCC=CCC=CCCCCCCCCO	6.616	87497740;5365682;5462912;92449674;68168;12125636	PUBCHEMANNOTATIONBIO:(null);BloodExposome:(5365682 68168);LIPIDMAPS:(LMFA05000217 LMFA05000557);SUPERNATURAL:(SN0177975);MESH:(5365682 5462912);PUBCHEM:(87497740 5365682 5462912 92449674 68168 12125636);public_spectra_2506;COCONUT:(CNP0360054);NORMAN:(NS00042886);CHEBI:(73534);DSSTox:(DTXSID00862069 DTXSID50881240);LOTUS:(Q6554721 Q105136671);PUBCHEMANNOTATIONDRUG:(null);PUBMED:(null)	148502741094	267.268	1129	18.809	857329460687757730	857316102025802859	857316102025802858	25281	
1	2	0.203	0.350	-92.912		0.333	135.334	C19H38O3	[M - H2O + H]+	C19H37O2+	QYZRHSWCWOUGKB	InChI=1S/C19H38O3/c1-18(20)16-14-12-10-8-6-4-2-3-5-7-9-11-13-15-17-19(21)22/h18,20H,2-17H2,1H3,(H,21,22)	18-hydroxynonadecanoic acid	CC(CCCCCCCCCCCCCCCCC(=O)O)O	7.000	86289724;162949472;57221903	COCONUT:(CNP0220104);CHEBI:(79011);SUPERNATURAL:(SN0319000);PUBCHEM:(86289724 162949472 57221903)	3145762	297.279	1135	18.917	857329444032176270	857316102071940207	857316102071940206	25429	
1	2	0.055	0.055	-462.453		0.001	42.867	C25H49N5O	[M + H]+	C25H50N5O+	PYPSNQCVVFXSJL	InChI=1S/C25H49N5O/c1-22(2)14-9-6-4-3-5-7-10-16-25(31)17-15-23-29(20-13-21-30(23)25)19-12-8-11-18-28-24(26)27/h15,17,22-23,31H,3-14,16,18-21H2,1-2H3,(H4,26,27,28)		CC(C)CCCCCCCCCC1(C=CC2N1CCCN2CCCCCN=C(N)N)O	5.400	163158177;163158178	COCONUT:(CNP0462894);PUBCHEM:(163158177 163158178)	2097154	436.400	1138	18.966	857329432250375020	857316102118077555	857316102118077554	25503	
1	1	0.203	0.203	-151.121		1.000	29.468	C17H35NO	[M + H]+	C17H36NO+	GNXLDJDDRKNQNQ	InChI=1S/C17H35NO/c1-2-3-4-5-6-7-8-9-10-11-12-13-14-15-16-17-18-19/h17,19H,2-16H2,1H3	N-heptadecylidenehydroxylamine	CCCCCCCCCCCCCCCCC=NO	7.900	87866968;149437008	COCONUT:(CNP0234975);SUPERNATURAL:(SN0110748);PUBCHEM:(87866968 149437008)	3145730	270.279	1140	18.994	857329486851826092	857316102164214903	857316102164214902	25544	
1	1	0.190	0.452	-55.175		1.000	22.646	C6H13N	[M + H]+	C6H14N+	PAMIQIKDUOTOBW	InChI=1S/C6H13N/c1-7-5-3-2-4-6-7/h2-6H2,1H3	1-methylpiperidine	CN1CCCCC1	1.254	101040242;157022771;157545235;59090922;59114469;156686460;160150521;145744006;145744007;159129721;637968;68365884;88538495;12291;57712370	PUBCHEMANNOTATIONBIO:(null);COCONUT:(CNP0325316 CNP0475557);NORMAN:(NS00007867 NS00102940);HMDB:(HMDB0243944);PUBCHEMANNOTATIONSAFETYANDTOXIC:(null);BloodExposome:(12291);SUPERNATURAL:(SN0280102 SN0447295);MESH:(12291);PUBCHEM:(101040242 157022771 157545235 59090922 59114469 156686460 160150521 145744006 145744007 159129721 637968 68365884 88538495 12291 57712370);DSSTox:(DTXSID00170535 DTXSID30448315 DTXSID30523277 DTXSID8060822);PUBMED:(null)	137530441806	100.112	1143	19.054	857329451934245266	857316102218740859	857316102214546554	25627	
1	2	0.365	0.365	-261.193		0.500	45.432	C24H42O5	[M + C2H3N + H]+	C26H46NO5+	RRDGKBOYQLLJSW	InChI=1S/C24H42O5/c1-5-9-11-17(7-3)15-27-23(25)19-13-21-22(29-21)14-20(19)24(26)28-16-18(8-4)12-10-6-2/h17-22H,5-16H2,1-4H3	Bis(2-ethylhexyl)-4,5-epoxycyclohexane-1,2-dicarboxylate	CCCCC(CC)COC(=O)C1CC2C(O2)CC1C(=O)OCC(CC)CCCC	6.400	202332	NORMAN:(NS00002993);PUBCHEMANNOTATIONSAFETYANDTOXIC:(null);PUBCHEM:(202332);DSSTox:(DTXSID60906099)	137506324482	452.337	1145	19.089	857329962716586423	857316102264878207	857316102264878206	25698	
1	1	0.268	0.268	-137.053		1.000	70.502	C24H38O5	[M - H2O + H]+	C24H37O4+	CBNOOIGQPLRPML	InChI=1S/C24H38O5/c1-4-5-6-7-8-9-12-17-28-23(25)21-13-10-11-14-22(21)24(26)29-19-16-20(2)15-18-27-3/h10-11,13-14,20H,4-9,12,15-19H2,1-3H3	Phthalic acid, 5-methoxy-3-methylpentyl nonyl ester	CCCCCCCCCOC(=O)C1=CC=CC=C1C(=O)OCCC(C)CCOC	6.666	6423710	PUBCHEM:(6423710)	2	389.269	1146	19.092	857329968181764574	857316102311015555	857316102306821250	25703	
1	1	0.855	0.855	-29.467		0.998	38.363	C8H4O3	[M + H]+	C8H5O3+	LGRFSURHDFAFJT	InChI=1S/C8H4O3/c9-7-5-3-1-2-4-6(5)8(10)11-7/h1-4H	Wiltrol P	C1=CC=C2C(=C1)C(=O)OC2=O	1.300	16212996;23560834;141744202;71751657;123741998;6811;71309648	PUBCHEMANNOTATIONBIO:(null);HMDB:(HMDB0256501);PUBCHEMANNOTATIONSAFETYANDTOXIC:(null);BloodExposome:(6811);SUPERNATURAL:(SN0204975);HSDB:(85-44-9);MESH:(6811);PUBCHEM:(16212996 23560834 141744202 71751657 123741998 6811 71309648);public_spectra_2506;MACONDA:(CON00081);COCONUT:(CNP0332462);NORMAN:(NS00004500);CHEBI:(36605);DSSTox:(DTXSID2021159 DTXSID40583761);LOTUS:(Q410882);PUBCHEMANNOTATIONDRUG:(null);PUBCHEMANNOTATIONFOOD:(null);PUBMED:(null)	146556585582	149.023	1146	19.103	857329972598367196	857316102348764295	857316102348764294	25723	
1	1	0.227	0.227	-248.572		0.991	67.278	C24H36O5	[M + H]+	C24H37O5+	OZYGFOJCBYKRAP	InChI=1S/C24H36O5/c1-3-5-7-9-11-15-19-28-23(26)20-16-13-14-17-21(20)24(27)29-22(25)18-12-10-8-6-4-2/h13-14,16-17H,3-12,15,18-19H2,1-2H3	2-O-octanoyl 1-O-octyl benzene-1,2-dicarboxylate	CCCCCCCCOC(=O)C1=CC=CC=C1C(=O)OC(=O)CCCCCCC	7.800	146276538	PUBCHEM:(146276538)	2	405.263	1146	19.103	857329978822714371	857316102386513035	857316102386513034	25756	
1	1	0.045	0.056	-383.341		0.999	21.888	C26H43NO5	[M + H]+	C26H44NO5+	GHCZAUBVMUEKKP	InChI=1S/C26H43NO5/c1-15(4-7-22(30)27-14-23(31)32)18-5-6-19-24-20(9-11-26(18,19)3)25(2)10-8-17(28)12-16(25)13-21(24)29/h15-21,24,28-29H,4-14H2,1-3H3,(H,27,30)(H,31,32)	Gudca	CC(CCC(=O)NCC(=O)O)C1CCC2C1(CCC3C2C(CC4C3(CCC(C4)O)C)O)C	4.300	118554507;154731432;86310766;86310768;86312246;86312248;86328252;86331068;86331070;17753896;124784355;124899320;124899321;124899323;124902784;124902786;124902792;124905412;9548796;9933432;159623905;53391261;53477907;163025202;155908804;163198935;94029808;163337735;16213700;126482406;134555903;134692575;22808055;22808456;22833540;58104997;137349097;124335016;124350391;124350392;124422684;162642210;97629473;119081205;76329458;56606329;126963422;126968461;92131216;92450270;91746178;91798922;10095257;3462523;10389035;133109218;99564957;99564958;99564959;99566017;129010197;129317599;142492682;131632351;131708878;139024238;45039362;45039364;45052109;139291853;139291854;70420975;10994028;12544;27929;93353;25796450;440686;46839357;12310284;12310285;12310287;12310288;12310290;12310291;133612048;133688432;133688440;122361926;49874127;90474429;71317152;44312819;57696971	PUBCHEMANNOTATIONBIO:(null);HMDB:(HMDB0000637 HMDB0000708 HMDB0006898 HMDB0242392);MiMeDB:(MMDBc0057237 MMDBc0000128 MMDBc0000365);TeroMol:(TKC109621 TKC206670);BloodExposome:(133612048 23664011 126968461 22808055 137795027 27929 90474429 91746178 12310288 9548796 93353 440686 12544);LIPIDMAPS:(LMST05030008 LMST05030016);SUPERNATURAL:(SN0105607);MESH:(12544 27929 93353 12310288 90474429 126968461 129317599);FooDB:(FDB022157 FDB024145);PUBCHEM:(118554507 154731432 86310766 86310768 86312246 86312248 86328252 86331068 86331070 17753896 124784355 124899320 124899321 124899323 124902784 124902786 124902792 124905412 9548796 9933432 159623905 53391261 53477907 163025202 155908804 163198935 94029808 163337735 16213700 126482406 134555903 134692575 22808055 22808456 22833540 58104997 137349097 124335016 124350391 124350392 124422684 162642210 97629473 119081205 76329458 56606329 126963422 126968461 92131216 92450270 91746178 91798922 10095257 3462523 10389035 133109218 99564957 99564958 99564959 99566017 129010197 129317599 142492682 131632351 131708878 139024238 45039362 45039364 45052109 139291853 139291854 70420975 10994028 12544 27929 93353 25796450 440686 46839357 12310284 12310285 12310287 12310288 12310290 12310291 133612048 133688432 133688440 122361926 49874127 90474429 71317152 44312819 57696971);public_spectra_2506;GNPS:(CCMSLIB00003137703);COCONUT:(CNP0302660);NORMAN:(NS00015130 NS00069559);METACYC:(CPD-25857 GLYCOCHENODEOXYCHOLIC_ACID);CHEBI:(89929 87818 36252 190405 132030 180956 36274 180948);KEGG:(C05466);DSSTox:(DTXSID201036173 DTXSID20862344 DTXSID301020165 DTXSID401167643 DTXSID60945403);LOTUS:(Q115966196 Q5572600 Q27077819);PUBCHEMANNOTATIONDRUG:(null);PUBMED:(null)	150121748846	450.321	1147	19.112	857329984631825476	857316102424261775	857316102424261774	25574	
1	1	0.742	0.858	-100.441		0.999	63.989	C19H38O4	[M + H]+	C19H39O4+	QHZLMUACJMDIAE	InChI=1S/C19H38O4/c1-2-3-4-5-6-7-8-9-10-11-12-13-14-15-19(22)23-17-18(21)16-20/h18,20-21H,2-17H2,1H3	Monopalmitin	CCCCCCCCCCCCCCCC(=O)OCC(CO)O	5.566	3084463;54229153;11359451;14900;57694152	PUBCHEMANNOTATIONBIO:(null);HMDB:(HMDB0011564 HMDB0245964);MiMeDB:(MMDBc0000667 MMDBc0034221);PUBCHEMANNOTATIONSAFETYANDTOXIC:(null);BloodExposome:(14900 11359451 3084463);LIPIDMAPS:(LMGL01010001 LMGL01010009);SUPERNATURAL:(SN0305940);MESH:(14900 3084463 11359451);FooDB:(FDB003076 FDB028277);PUBCHEM:(3084463 54229153 11359451 14900 57694152);public_spectra_2506;GNPS:(CCMSLIB00000849056);COCONUT:(CNP0138044);NORMAN:(NS00010577 NS00087852);METACYC:(CPD-8508);CHEBI:(69081 75542 64757 75811);DSSTox:(DTXSID00891470 DTXSID701313712);LOTUS:(Q27887716 Q27105048 Q27133404);YMDB:(YMDB02313);PUBCHEMANNOTATIONDRUG:(null);PUBCHEMANNOTATIONFOOD:(null);PUBMED:(null);KNAPSACK:(QHZLMUACJMDIAE-UHFFFAOYSA-N)	150314752126	331.284	1148	19.139	857329981704201229	857316102466204819	857316102466204818	25802	
1	4	0.044	0.044	-142.692		0.000	72.676	C12H16N3O2	[M + H]+	C12H17N3O2+	CVMJCZOEMPYFAJ	InChI=1S/C12H16N3O2/c1-11(2)7-9(12(3,4)15(11)17)5-6-10(16)8-14-13/h5-8H,1-4H3/p+1		CC1(C=C(C(N1[O])(C)C)C=CC(=C[N+]#N)O)C	1.900	6913123;136114744;135754260	MESH:(135754260);PUBCHEM:(6913123 136114744 135754260);PUBMED:(null)	70	235.132	1148	19.140	857330005662065745	857316102592033943	857316102592033942	25806	
1	1	0.023	0.024	-403.875		1.000	59.921	C28H49NO5	[M + H]+	C28H50NO5+	DUIRYWVENKTFSY	InChI=1S/C28H49NO5/c1-7-8-14-17-25-22(2)23(3)26(34-25)18-15-12-10-9-11-13-16-19-28(32)33-24(20-27(30)31)21-29(4,5)6/h24H,7-21H2,1-6H3/p+1	10-(3,4-Dimethyl-5-pentylfuran-2-yl)decanoylcarnitine	CCCCCC1=C(C(=C(O1)CCCCCCCCCC(=O)OC(CC(=O)O)C[N+](C)(C)C)C)C	7.100	156962871;156962872	PUBCHEMANNOTATIONBIO:(null);HMDB:(HMDB0241827);PUBCHEM:(156962871 156962872);PUBCHEMANNOTATIONDRUG:(null)	50331658	480.368	1155	19.244	857330128316101220	857316102688502943	857316102688502942	25919	
1	1	0.287	0.287	-142.493		1.000	23.948	C16H33NO	[M + H]+	C16H34NO+	OVFJYDPLMRSSML	InChI=1S/C16H33NO/c1-2-3-4-5-6-7-8-9-10-11-12-13-14-15-16-17-18-16/h16-17H,2-15H2,1H3	(3R)-3-pentadecyloxaziridine	CCCCCCCCCCCCCCCC1NO1	7.500	129900320;156905879	PUBCHEMANNOTATIONBIO:(null);PUBCHEM:(129900320 156905879)	16777218	256.264	1157	19.289	857330124151157204	857316102726251683	857316102726251682	26018	
1	3	0.488	0.488	-244.599		0.008	8.898	C25H47NO5	[M + Na]+	C25H47NNaO5+	GXDXIJJGYLXXEQ	InChI=1S/C25H47NO5/c1-5-6-7-8-9-10-11-12-13-14-15-16-17-18-22(27)19-25(30)31-23(20-24(28)29)21-26(2,3)4/h23H,5-21H2,1-4H3/p+1	[3-Carboxy-2-(3-oxooctadecanoyloxy)propyl]-trimethylazanium	CCCCCCCCCCCCCCCC(=O)CC(=O)OC(CC(=O)O)C[N+](C)(C)C	6.900	156962414;91452472	PUBCHEMANNOTATIONBIO:(null);HMDB:(HMDB0241559);PUBCHEM:(156962414 91452472);PUBCHEMANNOTATIONDRUG:(null)	50331658	464.337	1157	19.290	857330116437831961	857316102768194727	857316102768194726	26012	
1	1	0.188	0.188	-209.496		0.983	20.129	C17H32N2O7	[M + H]+	C17H33N2O7+	GCDAQPYNLQZJEG	InChI=1S/C17H32N2O7/c1-16(2,3)25-13(20)18-9-7-11-23-15(22)24-12-8-10-19-14(21)26-17(4,5)6/h7-12H2,1-6H3,(H,18,20)(H,19,21)	Bis[3-[(2-methylpropan-2-yl)oxycarbonylamino]propyl] carbonate	CC(C)(C)OC(=O)NCCCOC(=O)OCCCNC(=O)OC(C)(C)C	2.600	88065656	PUBCHEM:(88065656)	2	377.229	1157	19.291	857330138415986151	857316102805943467	857316102805943466	26013	
1	3	0.282	0.282	-195.831		0.026	30.714	C20H26N6O2	[M + H]+	C20H27N6O2+	HISDWWLNHMDWCQ	InChI=1S/C20H26N6O2/c1-22-18-17(19(27)23(2)20(22)28)26(15-21-18)13-12-24-8-10-25(11-9-24)14-16-6-4-3-5-7-16/h3-7,15H,8-14H2,1-2H3	Theophylline, 7-(2-(4-benzyl-1-piperazinyl)ethyl)-	CN1C2=C(C(=O)N(C1=O)C)N(C=N2)CCN3CCN(CC3)CC4=CC=CC=C4	0.999	209500	PUBCHEMANNOTATIONSAFETYANDTOXIC:(null);PUBCHEM:(209500);DSSTox:(DTXSID00173768)	137506062338	383.222	1158	19.300	857330132418130544	857316102843692207	857316102843692206	26024	
1	3	0.099	0.099	-351.166		0.000	50.966	C24H45NO5	[M + Na]+	C24H45NNaO5+	HYHKJBUKZOXUSV	InChI=1S/C24H45NO5/c1-2-3-4-5-6-7-8-9-10-11-12-13-14-15-16-17-22(26)25(20-18-23(27)28)21-19-24(29)30/h2-21H2,1H3,(H,27,28)(H,29,30)	N-(2-Carboxyethyl)-N-(1-oxooctadecyl)-beta-alanine	CCCCCCCCCCCCCCCCCC(=O)N(CCC(=O)O)CCC(=O)O	7.100	6452240	NORMAN:(NS00032125);PUBCHEM:(6452240);DSSTox:(DTXSID70198746)	137439215618	450.321	1165	19.419	857330148863997444	857316103007270079	857316103007270078	26187	
1	1	0.403	0.403	-43.614		1.000	60.516	C18H38O3	[M + H]+	C18H39O3+	WNRNXKWTIJWZFQ	InChI=1S/C18H38O3/c1-2-3-4-5-6-7-8-9-10-11-12-13-15-20-17-18-21-16-14-19/h19H,2-18H2,1H3	2-(2-Tetradecyloxyethoxy)ethanol	CCCCCCCCCCCCCCOCCOCCO	5.412	4412728	NORMAN:(NS00076619);PUBCHEM:(4412728);DSSTox:(DTXSID70402996)	137439215618	303.289	1167	19.450	857330157248411148	857316103086961863	857316103086961862	26237	
1	1	0.432	0.432	-136.667		1.000	20.583	C17H35NO	[M + H]+	C17H36NO+	REEPJBYQLCWOAR	InChI=1S/C17H35NO/c1-2-3-4-5-6-7-8-9-10-11-12-13-14-15-16-17(18)19/h2-16H2,1H3,(H2,18,19)	heptadecanamide	CCCCCCCCCCCCCCCCC(=O)N	6.127	12791129;153794900	COCONUT:(CNP0176457);SUPERNATURAL:(SN0322932);PUBCHEM:(12791129 153794900);DSSTox:(DTXSID40509966);PUBMED:(null)	137442099266	270.279	1170	19.507	857330453139781215	857316103128904907	857316103128904906	26338	
1	4	0.196	0.196	-255.065		0.009	26.075	C26H49NO5	[M + Na]+	C26H49NNaO5+	AYZNUQMPFNKBHP	InChI=1S/C26H49NO5/c1-3-5-7-9-11-13-15-17-19-21-25(29)31-23-24(28)27-32-26(30)22-20-18-16-14-12-10-8-6-4-2/h3-23H2,1-2H3,(H,27,28)	[2-(Dodecanoyloxyamino)-2-oxoethyl] dodecanoate	CCCCCCCCCCCC(=O)OCC(=O)NOC(=O)CCCCCCCCCCC	9.900	88035688	PUBCHEM:(88035688)	2	478.353	1172	19.539	857330164408088126	857316103179236559	857316103179236558	26362	
1	1	0.155	0.155	-134.262		1.000	74.684	C27H46O5	[M + H3N + H]+	C27H50NO5+	WBWHYIVWEJTPNY	InChI=1S/C27H46O5/c1-2-3-4-5-6-7-8-9-10-11-12-13-14-15-16-17-18-32-26-24(21-28)19-23(27(30)31)20-25(26)22-29/h19-20,28-29H,2-18,21-22H2,1H3,(H,30,31)	3,5-Bis(hydroxymethyl)-4-(octadecyloxy)benzoic acid	CCCCCCCCCCCCCCCCCCOC1=C(C=C(C=C1CO)C(=O)O)CO	8.500	102172305	PUBCHEM:(102172305)	2	468.368	1174	19.572	857330253939701322	857316103258928343	857316103254734038	26430	
1	3	0.040	0.149	-152.512		0.000	101.253	C23H44O5	[M + Na]+	C23H44NaO5+	SDSQQMDKEPBOSD	InChI=1S/C23H44O5/c1-3-5-6-7-8-9-10-11-12-13-14-15-16-18-23(26)28-21(19-24)20-27-22(25)17-4-2/h21,24H,3-20H2,1-2H3	1-O-Butyryl-2-O-palmitoylglycerin	CCCCCCCCCCCCCCCC(=O)OC(CO)COC(=O)CCC	7.500	101657903;101657904;54300334	BloodExposome:(54300334);PUBCHEM:(101657903 101657904 54300334);PUBMED:(null)	4194370	423.311	1175	19.578	857330343936882253	857316103296677083	857316103296677082	26441	
1	1	0.024	0.025	-410.961		1.000	30.809	C28H49NO5	[M + H]+	C28H50NO5+	DUIRYWVENKTFSY	InChI=1S/C28H49NO5/c1-7-8-14-17-25-22(2)23(3)26(34-25)18-15-12-10-9-11-13-16-19-28(32)33-24(20-27(30)31)21-29(4,5)6/h24H,7-21H2,1-6H3/p+1	10-(3,4-Dimethyl-5-pentylfuran-2-yl)decanoylcarnitine	CCCCCC1=C(C(=C(O1)CCCCCCCCCC(=O)OC(CC(=O)O)C[N+](C)(C)C)C)C	7.100	156962871;156962872	PUBCHEMANNOTATIONBIO:(null);HMDB:(HMDB0241827);PUBCHEM:(156962871 156962872);PUBCHEMANNOTATIONDRUG:(null)	50331658	480.368	1176	19.599	857330426325595733	857316103384757475	857316103384757474	26456	
1	1	0.224	0.224	-140.538		0.811	80.826	C29H50O2	[M + H]+	C29H51O2+	QOWIDEISEJHLMS	InChI=1S/C29H50O2/c1-18(2)23(20(4)30)9-7-19(3)25-11-12-26-24-10-8-21-17-22(31)13-15-28(21,5)27(24)14-16-29(25,26)6/h8,18-20,22-27,30-31H,7,9-17H2,1-6H3	(3S,10R,13R,17R)-17-[(2R)-5-[(1R)-1-hydroxyethyl]-6-methylheptan-2-yl]-10,13-dimethyl-2,3,4,7,8,9,11,12,14,15,16,17-dodecahydro-1H-cyclopenta[a]phenanthren-3-ol	CC(C)C(CCC(C)C1CCC2C1(CCC3C2CC=C4C3(CCC(C4)O)C)C)C(C)O	7.800	146615858;146615866;146616050;5492120;137455376;137455527;137455531	MESH:(5492120);PUBCHEM:(146615858 146615866 146616050 5492120 137455376 137455527 137455531);DSSTox:(DTXSID20968259)	137438953478	431.384	1178	19.630	857330550141451437	857316103426700519	857316103422506214	26479	
1	1	0.359	0.359	-118.840		1.000	163.624	C13H20O2	[M + H3N + H]+	C13H24NO2+	YZSDPXWUIKTOJR	InChI=1S/C13H20O2/c14-12(15)13(9-5-2-6-10-13)11-7-3-1-4-8-11/h7H,1-6,8-10H2,(H,14,15)		C1CCC(CC1)(C2=CCCCC2)C(=O)O	3.400	7055956;2753329	COCONUT:(CNP0477083);SUPERNATURAL:(SN0464595);PUBCHEM:(7055956 2753329)	3145730	226.180	1178	19.635	857330552553176245	857316103464449259	857316103464449258	26481	
1	1	0.759	0.759	-8.488		0.994	36.389	C10H30O5Si5	[M + H]+	C10H31O5Si5+	XMSXQFUHVRWGNA	InChI=1S/C10H30O5Si5/c1-16(2)11-17(3,4)13-19(7,8)15-20(9,10)14-18(5,6)12-16/h1-10H3	decamethyl-1,3,5,7,9,2,4,6,8,10-pentaoxapentasilecane	C[Si]1(O[Si](O[Si](O[Si](O[Si](O1)(C)C)(C)C)(C)C)(C)C)C	6.094	22883046;100931387;10913	PUBCHEMANNOTATIONBIO:(null);PUBCHEMANNOTATIONSAFETYANDTOXIC:(null);BloodExposome:(10913);SUPERNATURAL:(SN0434476);HSDB:(541-02-6);MESH:(10913);PUBCHEM:(22883046 100931387 10913);MACONDA:(CON00018);COCONUT:(CNP0346952);NORMAN:(NS00043162);CHEBI:(191092);DSSTox:(DTXSID1027184);PUBCHEMANNOTATIONDRUG:(null);PUBMED:(null)	137563997798	371.101	1186	19.767	857330614385607641	857316103686747391	857316103686747390	26716	
1	2	0.312	0.312	-208.760		0.007	61.139	C26H49NO5	[M + Na]+	C26H49NNaO5+	AYZNUQMPFNKBHP	InChI=1S/C26H49NO5/c1-3-5-7-9-11-13-15-17-19-21-25(29)31-23-24(28)27-32-26(30)22-20-18-16-14-12-10-8-6-4-2/h3-23H2,1-2H3,(H,27,28)	[2-(Dodecanoyloxyamino)-2-oxoethyl] dodecanoate	CCCCCCCCCCCC(=O)OCC(=O)NOC(=O)CCCCCCCCCCC	9.900	88035688	PUBCHEM:(88035688)	2	478.353	1187	19.776	857330598183011086	857316103825159435	857316103825159434	26686	
1	2	0.098	0.135	-156.482		0.500	153.097	C19H36O3	[M + C2H3N + H]+	C21H40NO3+	QJTGGJRVQKZYMO	InChI=1S/C19H36O3/c1-3-4-5-9-12-15-18(20)16-13-10-7-6-8-11-14-17-19(21)22-2/h3-17H2,1-2H3	methyl 11-oxooctadecanoate	CCCCCCCC(=O)CCCCCCCCCC(=O)OC	6.100	14454482	COCONUT:(CNP0413254);SUPERNATURAL:(SN0307364);PUBCHEM:(14454482)	3145730	354.300	1190	19.837	857330629657068534	857316103867102479	857316103867102478	26884	
1	1	0.216	0.216	-171.601		1.000	63.726	C25H40O3	[M + H]+	C25H41O3+	ZRCLVHHSVPKEBE	InChI=1S/C25H40O3/c1-2-3-4-5-6-7-10-14-19-24(27)20-15-11-8-9-12-16-21-25(28)22-17-13-18-23-26/h24-28H,2-12,15-16,20-21,23H2,1H3		CCCCCCCCC#CC(CCCCCCCCC(C#CC#CCO)O)O	6.600	163116316;122363686	COCONUT:(CNP0436676);SUPERNATURAL:(SN0478062);PUBCHEM:(163116316 122363686)	3145730	389.305	1192	19.868	857330618340836329	857316103909045523	857316103909045522	26920	
1	4	0.073	0.073	-110.885		0.250	153.444	C12H23NO	[M + CH2O2 + H]+	C13H26NO3+	JXAYHHMVMJVFPQ	InChI=1S/C12H23NO/c1-2-3-4-5-6-7-8-9-10-11-13-12-14/h2-11H2,1H3	Undecyl isocyanate	CCCCCCCCCCCN=C=O	6.000	350245	PUBCHEMANNOTATIONSAFETYANDTOXIC:(null);PUBCHEM:(350245);DSSTox:(DTXSID60325483);PUBMED:(null)	137506062402	244.191	1195	19.909	857330666894100136	857316103950988567	857316103950988566	26960	
1	1	0.554	0.554	-54.953		1.000	68.778	C12H20O	[M + H3N + H]+	C12H24NO+	JAPZZAUIIPKQJW	InChI=1S/C12H20O/c1-3-4-5-6-7-11-10(2)8-9-12(11)13/h3-9H2,1-2H3	2-hexyl-3-methylcyclopent-2-en-1-one	CCCCCCC1=C(CCC1=O)C	3.400	11137732	PUBCHEMANNOTATIONBIO:(null);COCONUT:(CNP0061034);HMDB:(HMDB0031181);CHEBI:(171895);SUPERNATURAL:(SN0160331);PUBCHEM:(11137732);DSSTox:(DTXSID00456543);PUBCHEMANNOTATIONDRUG:(null)	137492430890	198.185	1195	19.910	857330669058361191	857316103988737307	857316103988737306	26956	
1	1	0.114	0.114	-170.443		1.000	165.618	C13H22O3	[M - H2O + H]+	C13H21O2+	RMJNPRBXWLMAGR	InChI=1S/C13H22O3/c14-12(15)11-8-4-5-9-13(11,16)10-6-2-1-3-7-10/h10-11,16H,1-9H2,(H,14,15)	(1R,2R)-1-Hydroxy-1,1'-bicyclohexane-2-carboxylic acid	C1CCC(CC1)C2(CCCCC2C(=O)O)O	3.300	102532516;154203040;20059465;45113499;18645071	PUBCHEMANNOTATIONSAFETYANDTOXIC:(null);PUBCHEM:(102532516 154203040 20059465 45113499 18645071);DSSTox:(DTXSID101207373)	137506062338	209.154	1195	19.910	857330684833139847	857316104030680351	857316104030680350	26968	
1	1	0.051	0.051	-162.128		0.679	137.299	C29H50O2	[M + H]+	C29H51O2+	GZRWOTDTVHIODH	InChI=1S/C29H50O2/c1-24(2)14-8-15-25(3)19(24)11-17-27(5)20(25)9-10-21-26(4)16-13-23(30)29(7,31)22(26)12-18-28(21,27)6/h19-23,30-31H,8-18H2,1-7H3	4,6a,6b,9,9,12a,14b-heptamethyl-docosahydropicene-3,4-diol	CC1(CCCC2(C1CCC3(C2CCC4C3(CCC5C4(CCC(C5(C)O)O)C)C)C)C)C	8.300	162936911;162936912;162936913;162936914;10365424;73082459;11743441	COCONUT:(CNP0207089);TeroMol:(TKC058369);SUPERNATURAL:(SN0119652);PUBCHEM:(162936911 162936912 162936913 162936914 10365424 73082459 11743441);LOTUS:(Q105024551 Q105024552)	279969794	431.384	1195	19.910	857330697843870936	857316104072623395	857316104068429090	26961	
1	1	0.396	0.396	-105.143		1.000	187.967	C13H20O2	[M + H3N + H]+	C13H24NO2+	YZSDPXWUIKTOJR	InChI=1S/C13H20O2/c14-12(15)13(9-5-2-6-10-13)11-7-3-1-4-8-11/h7H,1-6,8-10H2,(H,14,15)		C1CCC(CC1)(C2=CCCCC2)C(=O)O	3.400	7055956;2753329	COCONUT:(CNP0477083);SUPERNATURAL:(SN0464595);PUBCHEM:(7055956 2753329)	3145730	226.180	1195	19.913	857330690990378171	857316104114566439	857316104114566438	26965	
1	1	0.498	0.498	-227.527		1.000	119.126	C13H25NO2	[M + H]+	C13H26NO2+	DQQHRVKXFNWOFO	InChI=1S/C13H25NO2/c1-3-4-5-7-11-8-6-9-12(14-11)10-13(15)16-2/h11-12,14H,3-10H2,1-2H3	methyl 2-(6-pentylpiperidin-2-yl)acetate	CCCCCC1CCCC(N1)CC(=O)OC	2.900	163003349;85157719;10489491;10633070	COCONUT:(CNP0277387);SUPERNATURAL:(SN0072828);PUBCHEM:(163003349 85157719 10489491 10633070)	3145730	228.196	1195	19.915	857330701522275584	857316104156509483	857316104152315178	26970	
1	1	0.585	0.585	-164.083		1.000	29.937	C22H43NO2	[M + H]+	C22H44NO2+	YDKRGMXLBRWZJR	InChI=1S/C22H43NO2/c1-2-3-4-5-6-7-8-9-10-11-12-13-14-15-16-17-18-19-22(25)23-20-21-24/h9-10,24H,2-8,11-21H2,1H3,(H,23,25)	N-cis-11-eicosaenoylethanolamine	CCCCCCCCC=CCCCCCCCCCC(=O)NCCO	7.400	5283452;101930500	CHEBI:(73725);LIPIDMAPS:(LMFA08040010);PUBCHEM:(5283452 101930500);LOTUS:(Q27144070);PUBMED:(null)	2415919202	354.337	1197	19.955	857330690818411703	857316104194258223	857316104194258222	27038	
1	1	0.255	0.255	-181.199		0.999	31.871	C23H42O4	[M + H]+	C23H43O4+	LQMSDKIOQPKZRS	InChI=1S/C23H42O4/c1-5-7-8-9-10-11-14-17-26-22(24)19-15-12-13-16-20(19)23(25)27-21(6-2)18(3)4/h18-21H,5-17H2,1-4H3	1,2-Cyclohexanedicarboxylic acid, 2-methylpent-3-yl nonyl ester	CCCCCCCCCOC(=O)C1CCCCC1C(=O)OC(CC)C(C)C	7.800	91722039	CHEBI:(183263);PUBCHEM:(91722039)	34	383.316	1200	19.998	857330699106356457	857316104236201267	857316104236201266	27073	
1	1	0.241	0.241	-110.052		1.000	69.969	C24H38O5	[M + H]+	C24H39O5+	FSKDHBOWHXSFON	InChI=1S/C24H38O5/c1-4-6-8-9-12-17-28-23(25)21-14-10-11-15-22(21)24(26)29-19-20(13-7-5-2)16-18-27-3/h10-11,14-15,20H,4-9,12-13,16-19H2,1-3H3	Phthalic acid, heptyl 2-(2-methoxyethyl)hexyl ester	CCCCCCCOC(=O)C1=CC=CC=C1C(=O)OCC(CCCC)CCOC	6.666	6423414	PUBCHEM:(6423414)	2	407.279	1203	20.056	857330692299001027	857316104282338615	857316104278144310	27164	
1	3	0.185	0.185	-220.804		0.013	34.004	C26H49NO5	[M + Na]+	C26H49NNaO5+	AYZNUQMPFNKBHP	InChI=1S/C26H49NO5/c1-3-5-7-9-11-13-15-17-19-21-25(29)31-23-24(28)27-32-26(30)22-20-18-16-14-12-10-8-6-4-2/h3-23H2,1-2H3,(H,27,28)	[2-(Dodecanoyloxyamino)-2-oxoethyl] dodecanoate	CCCCCCCCCCCC(=O)OCC(=O)NOC(=O)CCCCCCCCCCC	9.900	88035688	PUBCHEM:(88035688)	2	478.353	1213	20.208	857330696354893008	857316104374613311	857316104370419006	27446	
1	2	0.052	0.165	-372.842		0.024	66.348	C36H68O10	[M + Na]+	C36H68NaO10+	GPHBIKSOSHPEAL	InChI=1S/C36H68O10/c1-3-5-7-9-11-13-15-17-19-21-23-25-32(39)45-29(28-44-36-35(42)34(41)33(40)30(26-37)46-36)27-43-31(38)24-22-20-18-16-14-12-10-8-6-4-2/h29-30,33-37,40-42H,3-28H2,1-2H3	[(2S)-1-tridecanoyloxy-3-[(2R,3R,4S,5R,6R)-3,4,5-trihydroxy-6-(hydroxymethyl)oxan-2-yl]oxypropan-2-yl] tetradecanoate	CCCCCCCCCCCCCC(=O)OC(COC1C(C(C(C(O1)CO)O)O)O)COC(=O)CCCCCCCCCCCC	9.700	134733232;133017668;153835362	PUBCHEMANNOTATIONBIO:(null);PUBCHEM:(134733232 133017668 153835362)	16777218	683.472	1213	20.213	857330708791004419	857316104416556355	857316104416556354	27322	
1	2	0.069	0.069	-160.522		0.441	23.936	C24H47N5	[M + H]+	C24H48N5+	IECJTEKWPSVUAI	InChI=1S/C24H47N5/c1-4-7-8-9-10-11-12-13-14-15-16-17-18-19-20-21-22-27-23(25-5-2)29-24(28-22)26-6-3/h4-21H2,1-3H3,(H2,25,26,27,28,29)	2-Heptadecyl-4,6-bis(ethylamino)-1,3,5-triazine	CCCCCCCCCCCCCCCCCC1=NC(=NC(=N1)NCC)NCC	10.100	33433	PUBCHEM:(33433)	2	406.389	1213	20.220	857330701388057853	857316104466888007	857316104462693702	27433	
1	1	0.193	0.193	-142.365		1.000	73.534	C21H44O4	[M + H]+	C21H45O4+	WSTMDVJUMOTWRD	InChI=1S/C21H44O4/c1-2-3-4-5-6-7-8-9-10-11-12-13-14-15-16-20(23)18-25-19-21(24)17-22/h20-24H,2-19H2,1H3	3-(2-Hydroxyoctadecoxy)propane-1,2-diol	CCCCCCCCCCCCCCCCC(COCC(CO)O)O	6.500	58426147;137323865	CHEBI:(169574);LIPIDMAPS:(LMGL01020064);PUBCHEM:(58426147 137323865)	2147483682	361.331	1213	20.220	857330699299294451	857316104504636747	857316104504636746	27439	
1	1	0.064	0.104	-314.810		0.903	59.919	C36H62O10	[M + H]+	C36H63O10+	INOJAJBWNLFTAQ	InChI=1S/C36H62O10/c1-3-5-7-9-11-12-13-14-15-16-17-18-19-21-22-24-31(38)43-27-29(45-32(39)25-23-20-10-8-6-4-2)28-44-36-35(42)34(41)33(40)30(26-37)46-36/h5,7,11-12,14-15,29-30,33-37,40-42H,3-4,6,8-10,13,16-28H2,1-2H3	[(2S)-2-nonanoyloxy-3-[(2R,3R,4S,5R,6R)-3,4,5-trihydroxy-6-(hydroxymethyl)oxan-2-yl]oxypropyl] (9Z,12E,15E)-octadeca-9,12,15-trienoate	CCCCCCCCC(=O)OC(COC1C(C(C(C(O1)CO)O)O)O)COC(=O)CCCCCCCC=CCC=CCC=CCC	7.400	145915912	PUBCHEMANNOTATIONBIO:(null);PUBCHEM:(145915912)	16777218	655.441	1220	20.328	857330777988632911	857316104592717139	857316104592717138	27527	
1	2	0.532	0.784	-42.784		0.500	90.433	C18H36O3	[M - H2O + H]+	C18H35O2+	ULQISTXYYBZJSJ	InChI=1S/C18H36O3/c1-2-3-4-11-14-17(19)15-12-9-7-5-6-8-10-13-16-18(20)21/h17,19H,2-16H2,1H3,(H,20,21)	Harwax A	CCCCCCC(CCCCCCCCCCC(=O)O)O	6.116	21884720;40467779;40467780;5312335;23616451;139024069;7789	PUBCHEMANNOTATIONBIO:(null);HMDB:(HMDB0061706);MiMeDB:(MMDBc0000681);PUBCHEMANNOTATIONSAFETYANDTOXIC:(null);BloodExposome:(7789);LIPIDMAPS:(LMFA02000130 LMFA02000232);SUPERNATURAL:(SN0373707);HSDB:(106-14-9);MESH:(7789);PUBCHEM:(21884720 40467779 40467780 5312335 23616451 139024069 7789);public_spectra_2506;COCONUT:(CNP0162893);NORMAN:(NS00008165 NS00082153 NS00082639 NS00085356 NS00085584);CHEBI:(84201 85208);DSSTox:(DTXSID001298610 DTXSID201300231 DTXSID301036245 DTXSID30884592 DTXSID8026725 DTXSID9027655);LOTUS:(Q10843743);PUBCHEMANNOTATIONDRUG:(null);PUBCHEMANNOTATIONFOOD:(null);PUBMED:(null)	149777810030	283.263	1224	20.395	857330758980047178	857316104680797531	857316104680797530	27683	
1	1	0.940	0.967	-12.267		0.999	56.307	C21H26O3	[M + H]+	C21H27O3+	QUAMTGJKVDWJEQ	InChI=1S/C21H26O3/c1-2-3-4-5-6-10-15-24-18-13-14-19(20(22)16-18)21(23)17-11-8-7-9-12-17/h7-9,11-14,16,22H,2-6,10,15H2,1H3	Benzon OO	CCCCCCCCOC1=CC(=C(C=C1)C(=O)C2=CC=CC=C2)O	6.800	21418574;15797	PUBCHEMANNOTATIONBIO:(null);PUBCHEMANNOTATIONSAFETYANDTOXIC:(null);SUPERNATURAL:(SN0315174);HSDB:(1843-05-6);MESH:(15797);PUBCHEM:(21418574 15797);public_spectra_2506;COCONUT:(CNP0243778);NORMAN:(NS00005821);CHEBI:(135390);DSSTox:(DTXSID9027441);LOTUS:(Q7076680);PUBCHEMANNOTATIONDRUG:(null);PUBCHEMANNOTATIONFOOD:(null);PUBMED:(null)	146552390246	327.195	1225	20.422	857330798666551643	857316104718546271	857316104718546270	27731	
1	2	0.050	0.162	-363.369		0.032	65.069	C36H68O10	[M + Na]+	C36H68NaO10+	GPHBIKSOSHPEAL	InChI=1S/C36H68O10/c1-3-5-7-9-11-13-15-17-19-21-23-25-32(39)45-29(28-44-36-35(42)34(41)33(40)30(26-37)46-36)27-43-31(38)24-22-20-18-16-14-12-10-8-6-4-2/h29-30,33-37,40-42H,3-28H2,1-2H3	[(2S)-1-tridecanoyloxy-3-[(2R,3R,4S,5R,6R)-3,4,5-trihydroxy-6-(hydroxymethyl)oxan-2-yl]oxypropan-2-yl] tetradecanoate	CCCCCCCCCCCCCC(=O)OC(COC1C(C(C(C(O1)CO)O)O)O)COC(=O)CCCCCCCCCCCC	9.700	134733232;133017668;153835362	PUBCHEMANNOTATIONBIO:(null);PUBCHEM:(134733232 133017668 153835362)	16777218	683.472	1226	20.436	857331053176918809	857316104764683619	857316104764683618	27707	
1	1	0.124	0.124	-88.518		1.000	27.165	C18H40Si	[M + H]+	C18H41Si+	IBNSYFQZHBBNLR	InChI=1S/C18H40Si/c1-4-7-10-13-16-19(17-14-11-8-5-2)18-15-12-9-6-3/h19H,4-18H2,1-3H3		CCCCCC[SiH](CCCCCC)CCCCCC	7.942	100941885;76231	NORMAN:(NS00048968);PUBCHEM:(100941885 76231);DSSTox:(DTXSID20883913)	137439215618	285.298	1228	20.469	857331044960277020	857316104810820967	857316104806626662	27862	
1	1	0.043	0.092	-307.373		0.946	64.415	C36H62O10	[M + H]+	C36H63O10+	INOJAJBWNLFTAQ	InChI=1S/C36H62O10/c1-3-5-7-9-11-12-13-14-15-16-17-18-19-21-22-24-31(38)43-27-29(45-32(39)25-23-20-10-8-6-4-2)28-44-36-35(42)34(41)33(40)30(26-37)46-36/h5,7,11-12,14-15,29-30,33-37,40-42H,3-4,6,8-10,13,16-28H2,1-2H3	[(2S)-2-nonanoyloxy-3-[(2R,3R,4S,5R,6R)-3,4,5-trihydroxy-6-(hydroxymethyl)oxan-2-yl]oxypropyl] (9Z,12E,15E)-octadeca-9,12,15-trienoate	CCCCCCCCC(=O)OC(COC1C(C(C(C(O1)CO)O)O)O)COC(=O)CCCCCCCC=CCC=CCC=CCC	7.400	145915912	PUBCHEMANNOTATIONBIO:(null);PUBCHEM:(145915912)	16777218	655.441	1229	20.485	857331090237793920	857316104856958315	857316104856958314	27797	
1	2	0.053	0.167	-374.324		0.019	72.294	C36H68O10	[M + Na]+	C36H68NaO10+	GPHBIKSOSHPEAL	InChI=1S/C36H68O10/c1-3-5-7-9-11-13-15-17-19-21-23-25-32(39)45-29(28-44-36-35(42)34(41)33(40)30(26-37)46-36)27-43-31(38)24-22-20-18-16-14-12-10-8-6-4-2/h29-30,33-37,40-42H,3-28H2,1-2H3	[(2S)-1-tridecanoyloxy-3-[(2R,3R,4S,5R,6R)-3,4,5-trihydroxy-6-(hydroxymethyl)oxan-2-yl]oxypropan-2-yl] tetradecanoate	CCCCCCCCCCCCCC(=O)OC(COC1C(C(C(C(O1)CO)O)O)O)COC(=O)CCCCCCCCCCCC	9.700	134733232;133017668;153835362	PUBCHEMANNOTATIONBIO:(null);PUBCHEM:(134733232 133017668 153835362)	16777218	683.472	1234	20.564	857331090309097101	857316104949233011	857316104949233010	27935	
1	1	0.426	0.426	-122.983		1.000	133.503	C20H39NO	[M + H]+	C20H40NO+	LBHQTVBKPMHICN	InChI=1S/C20H39NO/c1-2-3-4-5-6-7-8-9-10-11-12-13-14-15-16-17-18-19-20(21)22/h9-10H,2-8,11-19H2,1H3,(H2,21,22)	trans-11-icosenamide	CCCCCCCCC=CCCCCCCCCCC(=O)N	7.700	5365373;5365374;547891	COCONUT:(CNP0454498);NORMAN:(NS00112928);CHEBI:(146167);SUPERNATURAL:(SN0200912);PUBCHEM:(5365373 5365374 547891);DSSTox:(DTXSID80338252);LOTUS:(Q105149280);PUBCHEMANNOTATIONDRUG:(null);PUBMED:(null)	137744351330	310.310	1235	20.580	857331090250376842	857316104995370359	857316104991176054	27963	
1	1	0.378	0.479	-95.950		1.000	55.062	C20H41NO	[M + H]+	C20H42NO+	OOCSVLHOTKHEFZ	InChI=1S/C20H41NO/c1-2-3-4-5-6-7-8-9-10-11-12-13-14-15-16-17-18-19-20(21)22/h2-19H2,1H3,(H2,21,22)	Icosanamide	CCCCCCCCCCCCCCCCCCCC(=O)N	7.474	3016647;148548140	NORMAN:(NS00056045);PUBCHEM:(3016647 148548140);DSSTox:(DTXSID90199376);LOTUS:(Q83072296);PUBMED:(null)	137707651138	312.326	1239	20.649	857331099205216578	857316105079256447	857316105079256446	28051	
1	3	0.074	0.074	-275.112		0.028	4.952	C28H58N3O4P	[M + H]+	C28H59N3O4P+	IZAQLBRYNUWPGP	InChI=1S/C28H58N3O4P/c1-20(2)31(21(3)4)36(34-15)35-22(16-29-23(32)27(11,12)18-25(5,6)7)17-30-24(33)28(13,14)19-26(8,9)10/h20-22H,16-19H2,1-15H3,(H,29,32)(H,30,33)	N-[2-[[di(propan-2-yl)amino]-methoxyphosphanyl]oxy-3-(2,2,4,4-tetramethylpentanoylamino)propyl]-2,2,4,4-tetramethylpentanamide	CC(C)N(C(C)C)P(OC)OC(CNC(=O)C(C)(C)CC(C)(C)C)CNC(=O)C(C)(C)CC(C)(C)C	6.400	135293023	PUBCHEM:(135293023)	2	532.421	1241	20.689	857331105798662483	857316105125393795	857316105125393794	28117	
1	2	0.056	0.169	-371.713		0.028	68.534	C36H68O10	[M + Na]+	C36H68NaO10+	GPHBIKSOSHPEAL	InChI=1S/C36H68O10/c1-3-5-7-9-11-13-15-17-19-21-23-25-32(39)45-29(28-44-36-35(42)34(41)33(40)30(26-37)46-36)27-43-31(38)24-22-20-18-16-14-12-10-8-6-4-2/h29-30,33-37,40-42H,3-28H2,1-2H3	[(2S)-1-tridecanoyloxy-3-[(2R,3R,4S,5R,6R)-3,4,5-trihydroxy-6-(hydroxymethyl)oxan-2-yl]oxypropan-2-yl] tetradecanoate	CCCCCCCCCCCCCC(=O)OC(COC1C(C(C(C(O1)CO)O)O)O)COC(=O)CCCCCCCCCCCC	9.700	134733232;133017668;153835362	PUBCHEMANNOTATIONBIO:(null);PUBCHEM:(134733232 133017668 153835362)	16777218	683.472	1244	20.729	857331123884501558	857316105171531143	857316105171531142	28166	
1	1	0.030	0.039	-313.718		0.845	66.676	C36H62O10	[M + H]+	C36H63O10+	INOJAJBWNLFTAQ	InChI=1S/C36H62O10/c1-3-5-7-9-11-12-13-14-15-16-17-18-19-21-22-24-31(38)43-27-29(45-32(39)25-23-20-10-8-6-4-2)28-44-36-35(42)34(41)33(40)30(26-37)46-36/h5,7,11-12,14-15,29-30,33-37,40-42H,3-4,6,8-10,13,16-28H2,1-2H3	[(2S)-2-nonanoyloxy-3-[(2R,3R,4S,5R,6R)-3,4,5-trihydroxy-6-(hydroxymethyl)oxan-2-yl]oxypropyl] (9Z,12E,15E)-octadeca-9,12,15-trienoate	CCCCCCCCC(=O)OC(COC1C(C(C(C(O1)CO)O)O)O)COC(=O)CCCCCCCC=CCC=CCC=CCC	7.400	145915912	PUBCHEMANNOTATIONBIO:(null);PUBCHEM:(145915912)	16777218	655.441	1245	20.747	857331126405278370	857316105263805839	857316105263805838	28164	
1	1	0.097	0.097	-151.127		1.000	237.897	C22H40O	[M + H3N + H]+	C22H44NO+	FEAQSNKVLXILNQ	InChI=1S/C22H40O/c1-3-5-6-7-8-9-10-11-12-13-14-15-16-17-18-19-20-21-22(23)4-2/h2,9-10,22-23H,3,5-8,11-21H2,1H3		CCCCCCC=CCCCCCCCCCCCC(C#C)O	8.318		LIPIDMAPS:(LMFA05000770)	2147483648	338.342	1246	20.766	857331101692438852	857316105309943187	857316105305748882	28269	
1	2	0.288	0.288	-68.835		0.073	33.652	C22H39O4P	[M + H]+	C22H40O4P+	ZXZYMQCBRZBVIC	InChI=1S/C22H39O4P/c1-5-9-14-20(7-3)18-24-27(23,26-22-16-12-11-13-17-22)25-19-21(8-4)15-10-6-2/h11-13,16-17,20-21H,5-10,14-15,18-19H2,1-4H3	Bis(2-ethylhexyl) phenyl phosphate	CCCCC(CC)COP(=O)(OCC(CC)CCCC)OC1=CC=CC=C1	7.376	92267134;92267135;92267155;85990	NORMAN:(NS00020155);PUBCHEMANNOTATIONSAFETYANDTOXIC:(null);PUBCHEM:(92267134 92267135 92267155 85990);DSSTox:(DTXSID6051770)	137506324482	399.266	1247	20.777	857331104355821895	857316105368663447	857316105364469142	28237	
1	1	0.520	0.520	-144.368		0.885	27.872	C26H47NO2	[M + K]+	C26H47KNO2+	KYJVVBVZVHTAEN	InChI=1S/C26H47NO2/c1-2-3-4-5-6-7-8-9-10-11-12-13-14-15-16-17-21-27-22-20-24-18-19-25(28)26(29)23-24/h18-19,23,27-29H,2-17,20-22H2,1H3	4-[2-(Octadecylamino)ethyl]benzene-1,2-diol	CCCCCCCCCCCCCCCCCCNCCC1=CC(=C(C=C1)O)O	8.747	54020206	PUBCHEM:(54020206)	2	444.324	1247	20.777	857331140355536424	857316105406412187	857316105406412186	28234	
1	1	0.053	0.053	-254.810		0.998	102.983	C44H86N2O2	[M + H]+	C44H87N2O2+	CTZFDSSRQSJXBF	InChI=1S/C44H86N2O2/c1-3-5-7-9-11-13-15-17-19-21-23-25-27-29-31-33-35-37-39-41(43(45)47)42(44(46)48)40-38-36-34-32-30-28-26-24-22-20-18-16-14-12-10-8-6-4-2/h17,19,41-42H,3-16,18,20-40H2,1-2H3,(H2,45,47)(H2,46,48)	2-[(Z)-icos-11-enyl]-3-icosylbutanediamide	CCCCCCCCCCCCCCCCCCCCC(C(CCCCCCCCCCC=CCCCCCCCC)C(=O)N)C(=O)N	18.300	141416035	PUBCHEM:(141416035)	2	675.675	1248	20.802	857331202255075839	857316105557407143	857316105557407142	28271	
1	2	0.053	0.164	-375.897		0.028	62.697	C36H68O10	[M + Na]+	C36H68NaO10+	GPHBIKSOSHPEAL	InChI=1S/C36H68O10/c1-3-5-7-9-11-13-15-17-19-21-23-25-32(39)45-29(28-44-36-35(42)34(41)33(40)30(26-37)46-36)27-43-31(38)24-22-20-18-16-14-12-10-8-6-4-2/h29-30,33-37,40-42H,3-28H2,1-2H3	[(2S)-1-tridecanoyloxy-3-[(2R,3R,4S,5R,6R)-3,4,5-trihydroxy-6-(hydroxymethyl)oxan-2-yl]oxypropan-2-yl] tetradecanoate	CCCCCCCCCCCCCC(=O)OC(COC1C(C(C(C(O1)CO)O)O)O)COC(=O)CCCCCCCCCCCC	9.700	134733232;133017668;153835362	PUBCHEMANNOTATIONBIO:(null);PUBCHEM:(134733232 133017668 153835362)	16777218	683.472	1252	20.858	857331167417186796	857316105666459055	857316105666459054	28402	
1	1	0.052	0.052	-233.363		0.970	43.532	C30H54O8	[M + H]+	C30H55O8+	DHTLVXVGJKYARR	InChI=1S/C30H54O8/c1-5-9-12-15-19-27(32)36-23-30(22-35-26(31)18-8-4,24-37-28(33)20-16-13-10-6-2)25-38-29(34)21-17-14-11-7-3/h5-25H2,1-4H3	2-((1-Oxobutoxy)methyl)-2-(((1-oxoheptyl)oxy)methyl)propane-1,3-diyl bisheptanoate	CCCCCCC(=O)OCC(COC(=O)CCC)(COC(=O)CCCCCC)COC(=O)CCCCCC	8.100	122952	NORMAN:(NS00029336);PUBCHEM:(122952);DSSTox:(DTXSID10186425)	137439215618	543.390	1252	20.871	857331214154316306	857316105704207795	857316105704207794	28377	
1	1	0.105	0.105	-159.234		1.000	52.552	C30H54O8	[M + H3N + H]+	C30H58NO8+	XQWNHSRDCHUGHR	InChI=1S/C30H54O8/c1-7-9-19-23-29(3,4)37-35-27(31)33-25-21-17-15-13-11-12-14-16-18-22-26-34-28(32)36-38-30(5,6)24-20-10-8-2/h7-10,13-26H2,1-6H3	2-Methylheptan-2-yloxy 12-(2-methylheptan-2-ylperoxycarbonyloxy)dodec-6-ynyl carbonate	CCCCCC(C)(C)OOC(=O)OCCCCCC#CCCCCCOC(=O)OOC(C)(C)CCCCC	10.300	22750604	PUBCHEM:(22750604)	2	560.416	1252	20.872	857331198350178805	857316105741956535	857316105741956534	28385	
1	1	0.068	0.068	-243.368		0.940	31.098	C32H61NO8	[M + H]+	C32H62NO8+	LCEXEEHGNKGJES	InChI=1S/C32H61NO8/c1-3-5-7-9-10-11-12-13-14-15-16-18-19-21-26(35)25(33-28(36)22-20-17-8-6-4-2)24-40-32-31(39)30(38)29(37)27(23-34)41-32/h19,21,25-27,29-32,34-35,37-39H,3-18,20,22-24H2,1-2H3,(H,33,36)	N-[3-hydroxy-1-[(3R,4S,5S,6R)-3,4,5-trihydroxy-6-(hydroxymethyl)oxan-2-yl]oxyoctadec-4-en-2-yl]octanamide	CCCCCCCCCCCCCC=CC(C(COC1C(C(C(C(O1)CO)O)O)O)NC(=O)CCCCCCC)O	6.900	101070341;101255687;101255689;22457506;163734206;58312002;136212667;136212680;136212681;70678688;56927988;54025975;123866964;59819279;46891731;46891732;11721259;57370092;24970285	CHEBI:(65222 64109);PUBCHEM:(101070341 101255687 101255689 22457506 163734206 58312002 136212667 136212680 136212681 70678688 56927988 54025975 123866964 59819279 46891731 46891732 11721259 57370092 24970285);DSSTox:(DTXSID30677047 DTXSID70677046);PUBCHEMANNOTATIONDRUG:(null)	137472507938	588.447	1252	20.874	857331212635978245	857316105783899579	857316105783899578	28380	
1	1	0.151	0.185	-153.738		1.000	20.185	C19H39NO	[M + H]+	C19H40NO+	HNUFCQUTJXHEPI	InChI=1S/C19H39NO/c1-3-4-5-6-7-8-9-10-11-12-13-14-15-16-17-18-19(21)20-2/h3-18H2,1-2H3,(H,20,21)	1-Hydroxyoctadecylidene(methyl)azanium	CCCCCCCCCCCCCCCCCC(=O)NC	6.925	154426896;519746;158534640	NORMAN:(NS00103384);PUBCHEM:(154426896 519746 158534640);DSSTox:(DTXSID90334129)	137439215618	298.310	1253	20.883	857331213856520720	857316105830036927	857316105830036926	28387	
1	1	0.029	0.037	-315.882		0.813	67.684	C36H62O10	[M + H]+	C36H63O10+	INOJAJBWNLFTAQ	InChI=1S/C36H62O10/c1-3-5-7-9-11-12-13-14-15-16-17-18-19-21-22-24-31(38)43-27-29(45-32(39)25-23-20-10-8-6-4-2)28-44-36-35(42)34(41)33(40)30(26-37)46-36/h5,7,11-12,14-15,29-30,33-37,40-42H,3-4,6,8-10,13,16-28H2,1-2H3	[(2S)-2-nonanoyloxy-3-[(2R,3R,4S,5R,6R)-3,4,5-trihydroxy-6-(hydroxymethyl)oxan-2-yl]oxypropyl] (9Z,12E,15E)-octadeca-9,12,15-trienoate	CCCCCCCCC(=O)OC(COC1C(C(C(C(O1)CO)O)O)O)COC(=O)CCCCCCCC=CCC=CCC=CCC	7.400	145915912	PUBCHEMANNOTATIONBIO:(null);PUBCHEM:(145915912)	16777218	655.441	1254	20.893	857331609182256641	857316105922311623	857316105922311622	28431	
1	4	0.302	0.302	-123.504		0.003	35.151	C11H22N4	[M + K]+	C11H22KN4+	HPOHZMMRYYDGAM	InChI=1S/C11H22N4/c1-2-3-4-5-6-7-8-9-10-13-11(12)15-14-10/h2-9H2,1H3,(H3,12,13,14,15)	5-nonyl-1H-1,2,4-triazol-1-ium-3-amine	CCCCCCCCCC1=NC(=NN1)N	4.100	154056389;566934	NORMAN:(NS00064499);PUBCHEM:(154056389 566934);DSSTox:(DTXSID30234871);PUBMED:(null)	137439215682	249.148	1259	20.980	857331608326618618	857316106056529363	857316106052335058	28556	
1	1	0.720	0.720	-15.289		1.000	179.268	C24H47NO	[M + H]+	C24H48NO+	FXUDPARCGRIVON	InChI=1S/C24H47NO/c1-2-3-4-5-6-7-8-9-10-11-12-13-14-15-16-17-18-19-20-21-22-23-24(25)26/h9-10H,2-8,11-23H2,1H3,(H2,25,26)	Nervonamide	CCCCCCCCC=CCCCCCCCCCCCCCC(=O)N	9.900	17868995;53824061;11963502	PUBCHEMANNOTATIONBIO:(null);CHEBI:(146166);PUBCHEM:(17868995 53824061 11963502);PUBCHEMANNOTATIONDRUG:(null);PUBMED:(null)	50331746	366.373	1264	21.062	857331604941815284	857316106140415451	857316106140415450	28688	
1	1	0.034	0.034	-535.624		1.000	52.763	C28H44N4O3	[M + H3N + H]+	C28H48N5O3+	XAZNYOKLCQXNOJ	InChI=1S/C28H44N4O3/c1-2-3-4-5-6-7-8-9-10-11-12-13-14-15-16-17-18-19-20-23-26(33)32-25(27(34)35)22-21-24-31-28(29)30/h3-4,6-7,9-10,12-13,15-16,18-19,25H,2,5,8,11,14,17,20-24H2,1H3,(H,32,33)(H,34,35)(H4,29,30,31)	Arg-C22:6	CCC=CCC=CCC=CCC=CCC=CCC=CCCC(=O)NC(CCCN=C(N)N)C(=O)O	4.700	156963070	HMDB:(HMDB0242008);PUBCHEM:(156963070);public_spectra_2506	8589934602	502.374	1264	21.063	857331638626270985	857316106178164191	857316106178164190	28694	
1	2	0.017	0.017	-228.723		0.500	54.851	C28H53NO5	[M + CH2O2 + H]+	C29H56NO7+	CPRASPDNWVLSAM	InChI=1S/C28H53NO5/c1-3-5-7-9-11-13-15-17-19-21-25(31)27(33)24(23-30)29-28(34)26(32)22-20-18-16-14-12-10-8-6-4-2/h10,12-13,15,24-27,30-33H,3-9,11,14,16-23H2,1-2H3,(H,29,34)	(Z)-2-hydroxy-N-[(E)-1,3,4-trihydroxypentadec-8-en-2-yl]tridec-8-enamide	CCCCCCC=CCCCC(C(C(CO)NC(=O)C(CCCCCC=CCCCC)O)O)O	6.400	138137562	PUBCHEM:(138137562)	2	530.405	1264	21.065	857331616048332300	857316106224301539	857316106224301538	28697	
1	1	0.060	0.060	-174.206		1.000	30.515	C18H37NO	[M + H]+	C18H38NO+	LYRFLYHAGKPMFH	InChI=1S/C18H37NO/c1-2-3-4-5-6-7-8-9-10-11-12-13-14-15-16-17-18(19)20/h2-17H2,1H3,(H2,19,20)	Adogen 42	CCCCCCCCCCCCCCCCCC(=O)N	6.576	149251719;31292;57432293	PUBCHEMANNOTATIONBIO:(null);HMDB:(HMDB0034146);PUBCHEMANNOTATIONSAFETYANDTOXIC:(null);BloodExposome:(31292);LIPIDMAPS:(LMFA08010003);SUPERNATURAL:(SN0218991);HSDB:(124-26-5);MESH:(31292);FooDB:(FDB012421);PUBCHEM:(149251719 31292 57432293);public_spectra_2506;GNPS:(CCMSLIB00003139741);MACONDA:(CON00105);COCONUT:(CNP0310603);NORMAN:(NS00003249 NS00102453);CHEBI:(34900);KEGG:(C13846);DSSTox:(DTXSID9027025);LOTUS:(Q27116315);PUBCHEMANNOTATIONDRUG:(null);PUBCHEMANNOTATIONFOOD:(null);PUBMED:(null);KNAPSACK:(LYRFLYHAGKPMFH-UHFFFAOYSA-N)	149240944510	284.295	1271	21.188	857331666212208405	857316106358519279	857316106358519278	28929	
1	1	0.240	0.240	-109.176		1.000	69.077	C20H41NO	[M + H]+	C20H42NO+	MEBZVMXZXFKHJS	InChI=1S/C20H41NO/c1-4-7-8-9-10-11-12-13-14-15-16-17-18-19-20(22)21(5-2)6-3/h4-19H2,1-3H3	N,N-Diethylhexadecan-1-amide	CCCCCCCCCCCCCCCC(=O)N(CC)CC	7.800	93626	NORMAN:(NS00033678);PUBCHEM:(93626);DSSTox:(DTXSID70205924);PUBMED:(null)	137439215682	312.326	1274	21.232	857331640618565395	857316106408850931	857316106408850930	28969	
1	6	0.073	0.073	-485.331		0.006	40.308	C33H35F2N3O7S	[M + H]+	C33H36F2N3O7S+	IYYNBGFAAGBIAX	InChI=1S/C33H35F2N3O7S/c1-19(2)30-32(46(44,45)37-25-13-7-22(8-14-25)33(36)43)29(20-3-9-23(34)10-4-20)31(21-5-11-24(35)12-6-21)38(30)16-15-26(39)17-27(40)18-28(41)42/h3-14,19,26-27,37,39-40H,15-18H2,1-2H3,(H2,36,43)(H,41,42)	sodium; (3R,5R)-7-[3-(4-carbamoyl-phenylsulfamoyl)-4,5-bis-(4-fluoro-phenyl)-2-isopropyl-pyrrol-1-yl]-3,5-dihydroxy-heptanoate	CC(C)C1=C(C(=C(N1CCC(CC(CC(=O)O)O)O)C2=CC=C(C=C2)F)C3=CC=C(C=C3)F)S(=O)(=O)NC4=CC=C(C=C4)C(=O)N	3.600	44629675;11592691	PUBCHEMANNOTATIONBIO:(null);PUBCHEM:(44629675 11592691);PUBMED:(null)	16777282	656.226	1279	21.310	857331875793195173	857316106463376887	857316106459182582	29071	
1	1	0.203	0.818	-7.994		0.499	39.005	C10H30O5Si5	[M + H]+	C10H31O5Si5+	XMSXQFUHVRWGNA	InChI=1S/C10H30O5Si5/c1-16(2)11-17(3,4)13-19(7,8)15-20(9,10)14-18(5,6)12-16/h1-10H3	decamethyl-1,3,5,7,9,2,4,6,8,10-pentaoxapentasilecane	C[Si]1(O[Si](O[Si](O[Si](O[Si](O1)(C)C)(C)C)(C)C)(C)C)C	6.094	22883046;100931387;10913	PUBCHEMANNOTATIONBIO:(null);PUBCHEMANNOTATIONSAFETYANDTOXIC:(null);BloodExposome:(10913);SUPERNATURAL:(SN0434476);HSDB:(541-02-6);MESH:(10913);PUBCHEM:(22883046 100931387 10913);MACONDA:(CON00018);COCONUT:(CNP0346952);NORMAN:(NS00043162);CHEBI:(191092);DSSTox:(DTXSID1027184);PUBCHEMANNOTATIONDRUG:(null);PUBMED:(null)	137563997798	371.101	1279	21.314	857331802778751046	857316106513708539	857316106513708538	29072	
1	11	0.148	0.330	-117.851		0.000	18.226	C27H30O16	[M + H3N + H]+	C27H34NO16+	QCVPRHKLLVFRHV	InChI=1S/C27H30O16/c28-7-17-20(34)22(36)24(38)26(41-17)43-25-23(37)21(35)18(8-29)42-27(25)39-10-4-13(32)19-14(33)6-15(40-16(19)5-10)9-1-2-11(30)12(31)3-9/h1-6,17-18,20-32,34-38H,7-8H2	Luteolin 7-Allosyl-(1->2)-Glucoside	C1=CC(=C(C=C1C2=CC(=O)C3=C(C=C(C=C3O2)OC4C(C(C(C(O4)CO)O)O)OC5C(C(C(C(O5)CO)O)O)O)O)O)O	-1.100	5488494;102148768;162847833;162847834;162847835;162847836;162847837;162847838;25104522;44258086	COCONUT:(CNP0109417);LIPIDMAPS:(LMPK12110662);SUPERNATURAL:(SN0301904);PUBCHEM:(5488494 102148768 162847833 162847834 162847835 162847836 162847837 162847838 25104522 44258086);DSSTox:(DTXSID00988233);LOTUS:(Q105218619 Q105218620 Q105218621);PUBMED;KNAPSACK:(QCVPRHKLLVFRHV-UHFFFAOYSA-N)	139858018386	628.194	1279	21.314	857332798812705739	857316106568234495	857316106568234494	29086	
1	1	0.361	0.361	-11.305		0.500	90.359	C6H18O3Si3	[M + H]+	C6H19O3Si3+	POWRUCTWJZZACU	InChI=1S/C6H18O3Si3/c1-10(2)7-8-12(5,6)9-11(3)4/h1-6H3		C[Si](C)OO[Si](C)(C)O[Si](C)C	3.602	88039270	PUBCHEM:(88039270)	2	223.064	1279	21.316	857331706276203075	857316106622760451	857316106618566146	29090	
1	1	0.200	0.200	-227.486		1.000	57.092	C29H55NO7	[M + H]+	C29H56NO7+	HQFYITNKWFLNIW	InChI=1S/C29H55NO7/c1-6-8-10-12-14-16-18-20-28(32)37-25(23-35-22-21-26(29(33)34)30(3,4)5)24-36-27(31)19-17-15-13-11-9-7-2/h25-26H,6-24H2,1-5H3/p+1	4-(2-Decanoyloxy-3-nonanoyloxypropoxy)-2-(trimethylazaniumyl)butanoate	CCCCCCCCCC(=O)OC(COCCC(C(=O)O)[N+](C)(C)C)COC(=O)CCCCCCCC	7.600	138171253;138171254	PUBCHEM:(138171253 138171254)	2	530.405	1279	21.317	857331772474903529	857316106673092103	857316106673092102	29104	
1	1	-Infinity	-Infinity	-220.001		0.877	30.219	C22H47NO3Si2	[M + H]+	C22H48NO3Si2+	IAAADWMWODDUTJ	InChI=1S/C22H47NO3Si2/c1-12-13-14-15-16-17-19(25-27(8,9)21(2,3)4)23-18-20(24)26-28(10,11)22(5,6)7/h12-18H2,1-11H3	Octanoylglycine TBDMS	CCCCCCCC(=NCC(=O)O[Si](C)(C)C(C)(C)C)O[Si](C)(C)C(C)(C)C	8.005	6430571	PUBCHEM:(6430571)	2	430.316	1284	21.396	857331744989629386	857316106710840843	857316106710840842	29274	
1	1	0.188	0.273	-75.353		1.000	165.741	C22H43NO	[M + H]+	C22H44NO+	UAUDZVJPLUQNMU	InChI=1S/C22H43NO/c1-2-3-4-5-6-7-8-9-10-11-12-13-14-15-16-17-18-19-20-21-22(23)24/h9-10H,2-8,11-21H2,1H3,(H2,23,24)	Erucylamide	CCCCCCCCC=CCCCCCCCCCCCC(=O)N	8.800	5365369;5365371;8214	PUBCHEMANNOTATIONBIO:(null);HMDB:(HMDB0244507);PUBCHEMANNOTATIONSAFETYANDTOXIC:(null);BloodExposome:(8214 5365371);LIPIDMAPS:(LMFA08010028);SUPERNATURAL:(SN0365364);HSDB:(112-84-5);MESH:(5365369 5365371);PUBCHEM:(5365369 5365371 8214);public_spectra_2506;GNPS:(CCMSLIB00000424809);MACONDA:(CON00035);COCONUT:(CNP0107414);NORMAN:(NS00010726 NS00077279);METACYC:(CPD-23010);CHEBI:(156290 142245 156280);DSSTox:(DTXSID20274488 DTXSID4026929);LOTUS:(Q27231146);PUBCHEMANNOTATIONDRUG:(null);PUBCHEMANNOTATIONFOOD:(null);PUBMED:(null)	148704075374	338.342	1291	21.511	857331755840293844	857316106756978191	857316106756978190	29420	
1	1	0.832	0.832	-80.989		1.000	92.218	C22H42O4	[M + H]+	C22H43O4+	SAOKZLXYCUGLFA	InChI=1S/C22H42O4/c1-5-9-13-19(7-3)17-25-21(23)15-11-12-16-22(24)26-18-20(8-4)14-10-6-2/h19-20H,5-18H2,1-4H3	Mollan S	CCCCC(CC)COC(=O)CCCCC(=O)OCC(CC)CCCC	6.800	154790032;40468165;40468166;25021586;10474929;129318096;131869150;7641	PUBCHEMANNOTATIONBIO:(null);HMDB:(HMDB0040270);PUBCHEMANNOTATIONSAFETYANDTOXIC:(null);BloodExposome:(7641);LIPIDMAPS:(LMFA07020005);SUPERNATURAL:(SN0340260);HSDB:(103-23-1);MESH:(7641);FooDB:(FDB019988);PUBCHEM:(154790032 40468165 40468166 25021586 10474929 129318096 131869150 7641);public_spectra_2506;MACONDA:(CON00008);COCONUT:(CNP0163215);NORMAN:(NS00008424 NS00102309);METACYC:(CPD-25450);CHEBI:(34675);KEGG:(C14240);DSSTox:(DTXSID0020606);LOTUS:(Q412835 Q105249002);PUBCHEMANNOTATIONDRUG:(null);PUBCHEMANNOTATIONFOOD:(null);PUBMED:(null)	149240942446	371.316	1298	21.632	857331725419006553	857316106798921235	857316106798921234	29582	
1	2	0.344	0.344	-170.554		0.333	175.088	C23H45NO2	[M - H2O + H]+	C23H44NO+	FCFWNUVBSVWFHR	InChI=1S/C23H45NO2/c1-4-5-6-7-8-9-10-11-12-13-14-15-16-17-18-19-23(26)24-22(20-25)21(2)3/h11-12,21-22,25H,4-10,13-20H2,1-3H3,(H,24,26)	Elaidoyl-L-Valinolamide	CCCCCCCCC=CCCCCCCCC(=O)NC(CO)C(C)C	7.700	58361148;74949753;71583469;71583470;123910660;123368365;44201124;44218907	MESH:(44201124);PUBCHEM:(58361148 74949753 71583469 71583470 123910660 123368365 44201124 44218907);PUBMED:(null)	70	350.342	1304	21.737	857331769526307809	857316106920556063	857316106920556062	29660	
1	1	0.770	0.824	-44.735		1.000	64.932	C14H26O4	[M + H]+	C14H27O4+	XTJFFFGAUHQWII	InChI=1S/C14H26O4/c1-3-5-11-17-13(15)9-7-8-10-14(16)18-12-6-4-2/h3-12H2,1-2H3	Cetiol B	CCCCOC(=O)CCCCC(=O)OCCCC	3.100	7784	PUBCHEMANNOTATIONBIO:(null);HMDB:(HMDB0251172);PUBCHEMANNOTATIONSAFETYANDTOXIC:(null);BloodExposome:(7784);SUPERNATURAL:(SN0439588);MESH:(7784);PUBCHEM:(7784);public_spectra_2506;COCONUT:(CNP0050189);NORMAN:(NS00011516 NS00102579);CHEBI:(34686);KEGG:(C14253);DSSTox:(DTXSID2021866);PUBMED:(null)	146120376686	259.191	1309	21.811	857331779517139958	857316106962499107	857316106962499106	29738	
1	1	0.083	0.097	-346.773		1.000	58.967	C24H49NO4	[M + H]+	C24H50NO4+	IBQAJPHETRMPLD	InChI=1S/C24H49NO4/c1-3-5-7-8-9-10-11-12-13-14-15-16-17-19-22(27)21(20-26)25-24(29)23(28)18-6-4-2/h21-23,26-28H,3-20H2,1-2H3,(H,25,29)	(2R)-N-[(2S,3R)-1,3-dihydroxyoctadecan-2-yl]-2-hydroxyhexanamide	CCCCCCCCCCCCCCCC(C(CO)NC(=O)C(CCCC)O)O	7.200	86290084;22974282;49843566;18625175	CHEBI:(83248);PUBCHEM:(86290084 22974282 49843566 18625175);PUBCHEMANNOTATIONDRUG:(null);PUBMED:(null)	33554530	416.373	1309	21.817	857331786282553384	857316107004442151	857316107000247846	29791	
1	1	0.875	0.875	-40.618		1.000	83.161	C22H42O4	[M + H3N + H]+	C22H46NO4+	SAOKZLXYCUGLFA	InChI=1S/C22H42O4/c1-5-9-13-19(7-3)17-25-21(23)15-11-12-16-22(24)26-18-20(8-4)14-10-6-2/h19-20H,5-18H2,1-4H3	Mollan S	CCCCC(CC)COC(=O)CCCCC(=O)OCC(CC)CCCC	6.800	154790032;40468165;40468166;25021586;10474929;129318096;131869150;7641	PUBCHEMANNOTATIONBIO:(null);HMDB:(HMDB0040270);PUBCHEMANNOTATIONSAFETYANDTOXIC:(null);BloodExposome:(7641);LIPIDMAPS:(LMFA07020005);SUPERNATURAL:(SN0340260);HSDB:(103-23-1);MESH:(7641);FooDB:(FDB019988);PUBCHEM:(154790032 40468165 40468166 25021586 10474929 129318096 131869150 7641);public_spectra_2506;MACONDA:(CON00008);COCONUT:(CNP0163215);NORMAN:(NS00008424 NS00102309);METACYC:(CPD-25450);CHEBI:(34675);KEGG:(C14240);DSSTox:(DTXSID0020606);LOTUS:(Q412835 Q105249002);PUBCHEMANNOTATIONDRUG:(null);PUBCHEMANNOTATIONFOOD:(null);PUBMED:(null)	149240942446	388.342	1309	21.817	857331795057037372	857316107042190891	857316107042190890	29780	
1	1	0.873	0.873	-41.178		1.000	102.491	C22H42O4	[M + H]+	C22H43O4+	SAOKZLXYCUGLFA	InChI=1S/C22H42O4/c1-5-9-13-19(7-3)17-25-21(23)15-11-12-16-22(24)26-18-20(8-4)14-10-6-2/h19-20H,5-18H2,1-4H3	Mollan S	CCCCC(CC)COC(=O)CCCCC(=O)OCC(CC)CCCC	6.800	154790032;40468165;40468166;25021586;10474929;129318096;131869150;7641	PUBCHEMANNOTATIONBIO:(null);HMDB:(HMDB0040270);PUBCHEMANNOTATIONSAFETYANDTOXIC:(null);BloodExposome:(7641);LIPIDMAPS:(LMFA07020005);SUPERNATURAL:(SN0340260);HSDB:(103-23-1);MESH:(7641);FooDB:(FDB019988);PUBCHEM:(154790032 40468165 40468166 25021586 10474929 129318096 131869150 7641);public_spectra_2506;MACONDA:(CON00008);COCONUT:(CNP0163215);NORMAN:(NS00008424 NS00102309);METACYC:(CPD-25450);CHEBI:(34675);KEGG:(C14240);DSSTox:(DTXSID0020606);LOTUS:(Q412835 Q105249002);PUBCHEMANNOTATIONDRUG:(null);PUBCHEMANNOTATIONFOOD:(null);PUBMED:(null)	149240942446	371.315	1309	21.818	857331788320985138	857316107109299759	857316107109299758	29793	
1	2	0.012	0.012	-249.103		0.006	64.529	C20H41N3O3	[M + H]+	C20H42N3O3+	QIPQJMHWAXYDBI	InChI=1S/C20H41N3O3/c1-5-9-11-17(7-3)13-22(14-18(8-4)12-10-6-2)19(24)15-23(21)16-20(25)26/h17-18H,5-16,21H2,1-4H3,(H,25,26)	2-[Amino-[2-[bis(2-ethylhexyl)amino]-2-oxoethyl]amino]acetic acid	CCCCC(CC)CN(CC(CC)CCCC)C(=O)CN(CC(=O)O)N	2.600	118281459	PUBCHEM:(118281459)	2	372.319	1309	21.818	857332114566533405	857316107197380147	857316107197380146	29701	
1	1	0.339	0.339	-100.535		1.000	41.611	C22H45NO	[M + H]+	C22H46NO+	ORAWFNKFUWGRJG	InChI=1S/C22H45NO/c1-2-3-4-5-6-7-8-9-10-11-12-13-14-15-16-17-18-19-20-21-22(23)24/h2-21H2,1H3,(H2,23,24)	docosanamide	CCCCCCCCCCCCCCCCCCCCCC(=O)N	8.373	76468;148248488	PUBCHEMANNOTATIONBIO:(null);COCONUT:(CNP0376948);NORMAN:(NS00006203);HMDB:(HMDB0000583);BloodExposome:(76468);CHEBI:(165591);LIPIDMAPS:(LMFA08010020);SUPERNATURAL:(SN0272995);FooDB:(FDB022129);PUBCHEM:(76468 148248488);DSSTox:(DTXSID7062821);PUBCHEMANNOTATIONDRUG:(null);PUBCHEMANNOTATIONFOOD:(null)	140315459626	340.357	1310	21.829	857332121629741351	857316107348375095	857316107348375094	29816	
1	1	0.433	0.468	-127.019		1.000	75.408	C21H40O2	[M + H]+	C21H41O2+	XPPKEJVYULBQRI	InChI=1S/C21H40O2/c1-3-5-7-8-9-10-13-17-20(16-12-6-4-2)18-14-11-15-19-21(22)23/h10,13,20H,3-9,11-12,14-19H2,1-2H3,(H,22,23)	7-pentylhexadec-9-enoic acid	CCCCCCC=CCC(CCCCC)CCCCCC(=O)O	8.600	163042034;163042033	COCONUT:(CNP0323229);SUPERNATURAL:(SN0436607);PUBCHEM:(163042034 163042033)	3145730	325.310	1322	22.030	857332063798677785	857316107402901051	857316107402901050	30020	
1	1	0.094	0.094	-150.255		1.000	225.663	C22H40O	[M + H3N + H]+	C22H44NO+	FEAQSNKVLXILNQ	InChI=1S/C22H40O/c1-3-5-6-7-8-9-10-11-12-13-14-15-16-17-18-19-20-21-22(23)4-2/h2,9-10,22-23H,3,5-8,11-21H2,1H3		CCCCCCC=CCCCCCCCCCCCC(C#C)O	8.318		LIPIDMAPS:(LMFA05000770)	2147483648	338.342	1331	22.178	857332380393132483	857316107495175743	857316107495175742	30216	
1	1	0.718	0.718	-17.666		1.000	239.750	C24H47NO	[M + H]+	C24H48NO+	FXUDPARCGRIVON	InChI=1S/C24H47NO/c1-2-3-4-5-6-7-8-9-10-11-12-13-14-15-16-17-18-19-20-21-22-23-24(25)26/h9-10H,2-8,11-23H2,1H3,(H2,25,26)	Nervonamide	CCCCCCCCC=CCCCCCCCCCCCCCC(=O)N	9.900	17868995;53824061;11963502	PUBCHEMANNOTATIONBIO:(null);CHEBI:(146166);PUBCHEM:(17868995 53824061 11963502);PUBCHEMANNOTATIONDRUG:(null);PUBMED:(null)	50331746	366.373	1334	22.231	857332498886415232	857316107549701699	857316107549701698	30283	
1	2	0.005	0.005	-142.958		0.280	25.403	C19H29NS3	[M + H]+	C19H30NS3+	TWOCIDRRKYSCDG	InChI=1S/C19H29NS3/c1-17(2,3)21-14-11-16(23-19(7,8)9)15(10-13(14)12-20)22-18(4,5)6/h10-11H,1-9H3	2,4,5-Tris(tert-butylthio)benzonitrile	CC(C)(C)SC1=CC(=C(C=C1C#N)SC(C)(C)C)SC(C)(C)C	6.100	101467290	PUBCHEM:(101467290)	2	368.153	1334	22.236	857332493354128247	857316107595839047	857316107595839046	30274	
1	1	0.563	0.563	-178.988		1.000	75.769	C29H52O7	[M + H3N + H]+	C29H56NO7+	WRGYWYWCFVWMSA	InChI=1S/C29H52O7/c1-4-7-10-13-16-19-26(30)34-24-22-33-23-25(35-27(31)20-17-14-11-8-5-2)29(24)36-28(32)21-18-15-12-9-6-3/h24-25,29H,4-23H2,1-3H3	[(3S,5R)-4,5-di(octanoyloxy)oxan-3-yl] octanoate	CCCCCCCC(=O)OC1COCC(C1OC(=O)CCCCCCC)OC(=O)CCCCCCC	8.700	142744692	PUBCHEM:(142744692)	2	530.406	1337	22.290	857332508147438477	857316107633587787	857316107633587786	30325	
1	3	0.158	0.158	-259.180		0.011	53.974	C26H52BN5O6	[M + H3N + H]+	C26H56BN6O6+	WUULCLNBEOIIRJ	InChI=1S/C26H52BN5O6/c1-4-5-6-7-8-9-10-11-12-13-14-17-23(33)20-22(16-15-18-29-26(28)31-32(37)38)25(34)30-24(27(35)36)19-21(2)3/h21-22,24,35-36H,4-20H2,1-3H3,(H,30,34)(H3,28,29,31)	[(1R)-1-[[(2R)-2-[3-[[amino(nitramido)methylidene]amino]propyl]-4-oxoheptadecanoyl]amino]-3-methylbutyl]boronic acid	B(C(CC(C)C)NC(=O)C(CCCN=C(N)N[N+](=O)[O-])CC(=O)CCCCCCCCCCCCC)(O)O	6.143	58301802	PUBCHEM:(58301802)	2	558.436	1339	22.316	857332498940941189	857316107671336527	857316107671336526	30380	
1	2	0.679	0.679	-239.128		0.028	11.083	C26H51NO4	[M + Na]+	C26H51NNaO4+	OBPINUBELRNMIF	InChI=1S/C26H51NO4/c1-4-6-8-9-10-11-12-13-14-15-16-17-18-19-20-21-23-30-25(28)24(3)27-26(29)31-22-7-5-2/h24H,4-23H2,1-3H3,(H,27,29)	Octadecyl N-(butoxycarbonyl)alaninate	CCCCCCCCCCCCCCCCCCOC(=O)C(C)NC(=O)OCCCC	10.400	20837024;6423185	CHEBI:(189314);PUBCHEM:(20837024 6423185)	34	464.373	1357	22.617	857332798200337335	857316107713279571	857316107709085266	30622	
1	1	0.618	0.618	-34.618		1.000	38.901	C26H42O4	[M + H]+	C26H43O4+	HBGGXOJOCNVPFY	InChI=1S/C26H42O4/c1-21(2)15-9-5-7-13-19-29-25(27)23-17-11-12-18-24(23)26(28)30-20-14-8-6-10-16-22(3)4/h11-12,17-18,21-22H,5-10,13-16,19-20H2,1-4H3	Palatinol N-d4	CC(C)CCCCCCOC(=O)C1=CC=CC=C1C(=O)OCCCCCCC(C)C	8.326	590836;71316285	PUBCHEMANNOTATIONBIO:(null);HMDB:(HMDB0251352);PUBCHEMANNOTATIONSAFETYANDTOXIC:(null);BloodExposome:(590836);MESH:(590836);PUBCHEM:(590836 71316285);public_spectra_2506;NORMAN:(NS00010511);CHEBI:(35459);KEGG:(C15221);DSSTox:(DTXSID40747689 DTXSID60860420);PUBCHEMANNOTATIONDRUG:(null);PUBCHEMANNOTATIONFOOD:(null);PUBMED:(null)	146285003118	419.315	1361	22.676	857333152107323034	857316107893634659	857316107893634658	30715	
1	1	0.222	0.222	-97.498		1.000	29.232	C22H45NO	[M + H]+	C22H46NO+	ORAWFNKFUWGRJG	InChI=1S/C22H45NO/c1-2-3-4-5-6-7-8-9-10-11-12-13-14-15-16-17-18-19-20-21-22(23)24/h2-21H2,1H3,(H2,23,24)	docosanamide	CCCCCCCCCCCCCCCCCCCCCC(=O)N	8.373	76468;148248488	PUBCHEMANNOTATIONBIO:(null);COCONUT:(CNP0376948);NORMAN:(NS00006203);HMDB:(HMDB0000583);BloodExposome:(76468);CHEBI:(165591);LIPIDMAPS:(LMFA08010020);SUPERNATURAL:(SN0272995);FooDB:(FDB022129);PUBCHEM:(76468 148248488);DSSTox:(DTXSID7062821);PUBCHEMANNOTATIONDRUG:(null);PUBCHEMANNOTATIONFOOD:(null)	140315459626	340.357	1368	22.793	857333149901119128	857316107931383399	857316107931383398	30795	
1	1	0.604	0.604	-35.109		0.995	67.890	C26H42O4	[M + H]+	C26H43O4+	HBGGXOJOCNVPFY	InChI=1S/C26H42O4/c1-21(2)15-9-5-7-13-19-29-25(27)23-17-11-12-18-24(23)26(28)30-20-14-8-6-10-16-22(3)4/h11-12,17-18,21-22H,5-10,13-16,19-20H2,1-4H3	Palatinol N-d4	CC(C)CCCCCCOC(=O)C1=CC=CC=C1C(=O)OCCCCCCC(C)C	8.326	590836;71316285	PUBCHEMANNOTATIONBIO:(null);HMDB:(HMDB0251352);PUBCHEMANNOTATIONSAFETYANDTOXIC:(null);BloodExposome:(590836);MESH:(590836);PUBCHEM:(590836 71316285);public_spectra_2506;NORMAN:(NS00010511);CHEBI:(35459);KEGG:(C15221);DSSTox:(DTXSID40747689 DTXSID60860420);PUBCHEMANNOTATIONDRUG:(null);PUBCHEMANNOTATIONFOOD:(null);PUBMED:(null)	146285003118	419.315	1371	22.853	857333158025485998	857316107985909355	857316107985909354	30836	
1	1	0.014	0.014	-435.723		0.999	17.541	C28H49NO4	[M + H]+	C28H50NO4+	IGENMVDLKGZRKB	InChI=1S/C28H49NO4/c1-18(6-9-25(32)29-14-5-15-33-4)21-7-8-22-26-23(11-13-28(21,22)3)27(2)12-10-20(30)16-19(27)17-24(26)31/h18-24,26,30-31H,5-17H2,1-4H3,(H,29,32)	4-{4,7-dihydroxy-9a,11a-dimethyl-hexadecahydro-1H-cyclopenta[a]phenanthren-1-yl}-N-(3-methoxypropyl)pentanamide	CC(CCC(=O)NCCCOC)C1CCC2C1(CCC3C2C(CC4C3(CCC(C4)O)C)O)C	4.900	75269527;133141937;49652480	COCONUT:(CNP0221348);SUPERNATURAL:(SN0144818);PUBCHEM:(75269527 133141937 49652480)	3145730	464.373	1375	22.911	857333155093667492	857316108032046703	857316108032046702	30868	
1	1	0.600	0.600	-35.132		0.995	67.842	C26H42O4	[M + H]+	C26H43O4+	HBGGXOJOCNVPFY	InChI=1S/C26H42O4/c1-21(2)15-9-5-7-13-19-29-25(27)23-17-11-12-18-24(23)26(28)30-20-14-8-6-10-16-22(3)4/h11-12,17-18,21-22H,5-10,13-16,19-20H2,1-4H3	Palatinol N-d4	CC(C)CCCCCCOC(=O)C1=CC=CC=C1C(=O)OCCCCCCC(C)C	8.326	590836;71316285	PUBCHEMANNOTATIONBIO:(null);HMDB:(HMDB0251352);PUBCHEMANNOTATIONSAFETYANDTOXIC:(null);BloodExposome:(590836);MESH:(590836);PUBCHEM:(590836 71316285);public_spectra_2506;NORMAN:(NS00010511);CHEBI:(35459);KEGG:(C15221);DSSTox:(DTXSID40747689 DTXSID60860420);PUBCHEMANNOTATIONDRUG:(null);PUBCHEMANNOTATIONFOOD:(null);PUBMED:(null)	146285003118	419.315	1378	22.963	857333203776954073	857316108111738487	857316108111738486	30934	
1	1	0.555	0.555	-34.528		1.000	158.823	C24H47NO	[M + H]+	C24H48NO+	FXUDPARCGRIVON	InChI=1S/C24H47NO/c1-2-3-4-5-6-7-8-9-10-11-12-13-14-15-16-17-18-19-20-21-22-23-24(25)26/h9-10H,2-8,11-23H2,1H3,(H2,25,26)	Nervonamide	CCCCCCCCC=CCCCCCCCCCCCCCC(=O)N	9.900	17868995;53824061;11963502	PUBCHEMANNOTATIONBIO:(null);CHEBI:(146166);PUBCHEM:(17868995 53824061 11963502);PUBCHEMANNOTATIONDRUG:(null);PUBMED:(null)	50331746	366.373	1386	23.100	857333242746234205	857316108157875835	857316108153681530	31082	
1	1	0.448	0.448	-33.475		1.000	30.817	C26H42O4	[M + H]+	C26H43O4+	FEDPFYJRECQFHW	InChI=1S/C26H42O4/c1-5-21(3)15-9-7-13-19-29-25(27)23-17-11-12-18-24(23)26(28)30-20-14-8-10-16-22(4)6-2/h11-12,17-18,21-22H,5-10,13-16,19-20H2,1-4H3	Bis(6-methyloctyl) phthalate	CCC(C)CCCCCOC(=O)C1=CC=CC=C1C(=O)OCCCCCC(C)CC	8.326	3020639	NORMAN:(NS00064040);PUBCHEM:(3020639);DSSTox:(DTXSID1058684)	137439215618	419.316	1398	23.292	857333249075438945	857316108195624575	857316108195624574	31261	
1	1	0.509	0.509	-54.363		1.000	53.536	C27H44O4	[M + H]+	C27H45O4+	KCQILOGVXGLBNG	InChI=1S/C27H44O4/c1-22(2)16-10-6-5-8-14-20-30-26(28)24-18-12-13-19-25(24)27(29)31-21-15-9-7-11-17-23(3)4/h12-13,18-19,22-23H,5-11,14-17,20-21H2,1-4H3	Isodecyl isononyl phthalate	CC(C)CCCCCCCOC(=O)C1=CC=CC=C1C(=O)OCCCCCCC(C)C	8.775	44146763	NORMAN:(NS00038816);PUBCHEM:(44146763);DSSTox:(DTXSID30234316)	137439215618	433.331	1399	23.313	857333249750721899	857316108233373315	857316108233373314	31268	
1	1	0.677	0.677	-57.798		1.000	86.777	C25H48O4	[M + H]+	C25H49O4+	ZDWGXBPVPXVXMQ	InChI=1S/C25H48O4/c1-5-9-16-22(7-3)20-28-24(26)18-14-12-11-13-15-19-25(27)29-21-23(8-4)17-10-6-2/h22-23H,5-21H2,1-4H3	Emery 2958	CCCCC(CC)COC(=O)CCCCCCCC(=O)OCC(CC)CCCC	8.500	40468167;163322046;25021538;25113357;7642	NORMAN:(NS00006986);PUBCHEMANNOTATIONSAFETYANDTOXIC:(null);HSDB:(103-24-2);PUBCHEM:(40468167 163322046 25021538 25113357 7642);public_spectra_2506;DSSTox:(DTXSID3026697);PUBCHEMANNOTATIONFOOD:(null)	146230477314	413.363	1411	23.519	857333253877917045	857316108275316359	857316108275316358	31452	
1	2	0.305	0.305	-285.306		0.037	15.739	C31H55NO	[M + Na]+	C31H55NNaO+	CDEYCNHJOZECQY	InChI=1S/C31H55NO/c1-2-3-4-5-6-7-8-9-10-11-12-13-14-15-16-17-18-19-20-21-25-28-31(33)32-29-30-26-23-22-24-27-30/h22-24,26-27H,2-21,25,28-29H2,1H3,(H,32,33)	N-benzyltetracosanamide	CCCCCCCCCCCCCCCCCCCCCCCC(=O)NCC1=CC=CC=C1	12.700	102235523	COCONUT:(CNP0126504);LIPIDMAPS:(LMFA08020306);SUPERNATURAL:(SN0042538);PUBCHEM:(102235523)	2150629378	480.418	1421	23.675	857333339492050512	857316108317259403	857316108317259402	31572	
1	1	0.038	0.038	-203.244		0.999	13.728	C31H46O	[M + H]+	C31H47O+	DVAFCHATXHTYBT	InChI=1S/C31H46O/c1-20-7-6-8-21(2)25(20)11-9-22(3)27-13-14-28-26-12-10-23-19-24(32)15-17-30(23,4)29(26)16-18-31(27,28)5/h6-8,10,22,24,26-29,32H,9,11-19H2,1-5H3	(3S,8S,9S,10R,13R,14S,17R)-17-[(2R)-4-(2,6-dimethylphenyl)butan-2-yl]-10,13-dimethyl-2,3,4,7,8,9,11,12,14,15,16,17-dodecahydro-1H-cyclopenta[a]phenanthren-3-ol	CC1=C(C(=CC=C1)C)CCC(C)C2CCC3C2(CCC4C3CC=C5C4(CCC(C5)O)C)C	8.800	139376963	PUBCHEM:(139376963)	2	435.360	1421	23.681	857333344760097038	857316108359202447	857316108359202446	31578	
1	1	0.006	0.056	-22.594		1.000	27.134	C2H4O2	[M + K]+	C2H4KO2+	JMCRDEBJJPRTPV	InChI=1S/C2H4O2/c3-1-2-4/h1-4H	1,2-Ethenediol	C(=CO)O	-0.200	21352980;3036308;3036388;137088;57694167	PUBCHEMANNOTATIONBIO:(null);CHEBI:(183265 131198);SUPERNATURAL:(SN0169177);PUBCHEM:(21352980 3036308 3036388 137088 57694167);DSSTox:(DTXSID701314922);PUBCHEMANNOTATIONDRUG:(null)	137490333730	98.984	1421	23.681	857333341522093756	857316108401145491	857316108396951186	31580	
1	1	0.523	0.523	-42.266		0.993	59.133	C28H46O4	[M + H]+	C28H47O4+	RYGBVOASDMNHGN	InChI=1S/C28H46O4/c1-23(2)17-11-7-5-6-9-15-21-31-27(29)25-19-13-14-20-26(25)28(30)32-22-16-10-8-12-18-24(3)4/h13-14,19-20,23-24H,5-12,15-18,21-22H2,1-4H3	Isononyl isoundecyl phthalate	CC(C)CCCCCCCCOC(=O)C1=CC=CC=C1C(=O)OCCCCCCC(C)C	9.224	44153542	NORMAN:(NS00038820);PUBCHEM:(44153542);DSSTox:(DTXSID20234320)	137439215618	447.347	1434	23.899	857333345422797074	857316108438894231	857316108438894230	31730	
1	1	0.738	0.738	-117.236		1.000	87.331	C26H50O4	[M + H3N + H]+	C26H54NO4+	VJHINFRRDQUWOJ	InChI=1S/C26H50O4/c1-5-9-17-23(7-3)21-29-25(27)19-15-13-11-12-14-16-20-26(28)30-22-24(8-4)18-10-6-2/h23-24H,5-22H2,1-4H3	1,10-bis(2-ethylhexyl) decanedioate	CCCCC(CC)COC(=O)CCCCCCCCC(=O)OCC(CC)CCCC	9.000	42580095;40488289;40488290;31218	COCONUT:(CNP0314638);NORMAN:(NS00013580);PUBCHEMANNOTATIONSAFETYANDTOXIC:(null);BloodExposome:(31218);SUPERNATURAL:(SN0391829);HSDB:(122-62-3);MESH:(31218);PUBCHEM:(42580095 40488289 40488290 31218);DSSTox:(DTXSID7025055);PUBCHEMANNOTATIONDRUG:(null);PUBCHEMANNOTATIONFOOD:(null);PUBMED:(null)	137681437254	444.405	1455	24.255	857333360614567173	857316108560529059	857316108560529058	32010	
1	1	0.211	0.211	-113.443		1.000	43.765	C26H48O4	[M + H]+	C26H49O4+	HORIEOQXBKUKGQ	InChI=1S/C26H48O4/c1-21(2)15-9-5-7-13-19-29-25(27)23-17-11-12-18-24(23)26(28)30-20-14-8-6-10-16-22(3)4/h21-24H,5-20H2,1-4H3	Hexamoll DINCH	CC(C)CCCCCCOC(=O)C1CCCCC1C(=O)OCCCCCCC(C)C	8.900	86333316;86333317;86333318;162641171;131708781;11524680	PUBCHEMANNOTATIONBIO:(null);HMDB:(HMDB0244746);PUBCHEMANNOTATIONSAFETYANDTOXIC:(null);BloodExposome:(11524680);SUPERNATURAL:(SN0131339);HSDB:(166412-78-8);MESH:(11524680);PUBCHEM:(86333316 86333317 86333318 162641171 131708781 11524680);public_spectra_2506;COCONUT:(CNP0448385);NORMAN:(NS00002037);DSSTox:(DTXSID20274044);PUBCHEMANNOTATIONDRUG:(null);PUBMED:(null)	146153931342	425.363	1463	24.379	857333361369541899	857316108602472103	857316108602472102	32121	
1	1	0.411	0.411	-22.889		0.998	44.905	C28H46O4	[M + H]+	C28H47O4+	HUALTRQOTJFLAA	InChI=1S/C28H46O4/c1-4-5-6-7-9-12-17-22-31-27(29)25-20-15-16-21-26(25)28(30)32-23-18-13-10-8-11-14-19-24(2)3/h15-16,20-21,24H,4-14,17-19,22-23H2,1-3H3	Isoundecyl nonyl phthalate	CCCCCCCCCOC(=O)C1=CC=CC=C1C(=O)OCCCCCCCCC(C)C	9.444	44151435	NORMAN:(NS00040483);PUBCHEM:(44151435);DSSTox:(DTXSID60242287)	137439215618	447.347	1470	24.500	857333368210451772	857316108686358191	857316108682163886	32226	
1	2	0.053	0.053	-423.455		0.174	18.330	C30H53NO4	[M + H]+	C30H54NO4+	ZTDWWZPFGMYANP	InChI=1S/C30H53NO4/c1-5-6-7-8-9-10-11-12-13-14-15-16-17-18-19-20-21-22-23-24-25-30(34)35-28(26-29(32)33)27-31(2,3)4/h13-14,16-17,19-20,28H,5-12,15,18,21-27H2,1-4H3/p+1	(7Z,10Z,13E)-Tricosa-7,10,13-trienoylcarnitine	CCCCCCCCCC=CCC=CCC=CCCCCCC(=O)OC(CC(=O)O)C[N+](C)(C)C	8.500	156962535;156962536	HMDB:(HMDB0241630);PUBCHEM:(156962535 156962536)	10	492.405	1470	24.503	857333366134271279	857316108724106931	857316108724106930	32227	
1	1	0.583	0.583	-114.493		0.997	40.556	C26H48O4	[M + H]+	C26H49O4+	HORIEOQXBKUKGQ	InChI=1S/C26H48O4/c1-21(2)15-9-5-7-13-19-29-25(27)23-17-11-12-18-24(23)26(28)30-20-14-8-6-10-16-22(3)4/h21-24H,5-20H2,1-4H3	Hexamoll DINCH	CC(C)CCCCCCOC(=O)C1CCCCC1C(=O)OCCCCCCC(C)C	8.900	86333316;86333317;86333318;162641171;131708781;11524680	PUBCHEMANNOTATIONBIO:(null);HMDB:(HMDB0244746);PUBCHEMANNOTATIONSAFETYANDTOXIC:(null);BloodExposome:(11524680);SUPERNATURAL:(SN0131339);HSDB:(166412-78-8);MESH:(11524680);PUBCHEM:(86333316 86333317 86333318 162641171 131708781 11524680);public_spectra_2506;COCONUT:(CNP0448385);NORMAN:(NS00002037);DSSTox:(DTXSID20274044);PUBCHEMANNOTATIONDRUG:(null);PUBMED:(null)	146153931342	425.363	1471	24.512	857333377538584128	857316108766049975	857316108766049974	32229	
1	1	0.247	0.247	-109.796		1.000	51.327	C26H48O4	[M + H]+	C26H49O4+	HORIEOQXBKUKGQ	InChI=1S/C26H48O4/c1-21(2)15-9-5-7-13-19-29-25(27)23-17-11-12-18-24(23)26(28)30-20-14-8-6-10-16-22(3)4/h21-24H,5-20H2,1-4H3	Hexamoll DINCH	CC(C)CCCCCCOC(=O)C1CCCCC1C(=O)OCCCCCCC(C)C	8.900	86333316;86333317;86333318;162641171;131708781;11524680	PUBCHEMANNOTATIONBIO:(null);HMDB:(HMDB0244746);PUBCHEMANNOTATIONSAFETYANDTOXIC:(null);BloodExposome:(11524680);SUPERNATURAL:(SN0131339);HSDB:(166412-78-8);MESH:(11524680);PUBCHEM:(86333316 86333317 86333318 162641171 131708781 11524680);public_spectra_2506;COCONUT:(CNP0448385);NORMAN:(NS00002037);DSSTox:(DTXSID20274044);PUBCHEMANNOTATIONDRUG:(null);PUBMED:(null)	146153931342	425.363	1479	24.658	857333363726740758	857316108812187323	857316108812187322	32314	
1	1	0.567	0.567	-30.414		0.949	46.932	C29H54O6	[M + H3N + H]+	C29H58NO6+	OXBFEJBBKCRANO	InChI=1S/C29H54O6/c1-4-7-10-13-14-17-19-22-28(31)34-25-26(35-29(32)23-20-16-12-9-6-3)24-33-27(30)21-18-15-11-8-5-2/h26H,4-25H2,1-3H3	Glyceryl 1-caprate dicaprylate	CCCCCCCCCC(=O)OCC(COC(=O)CCCCCCC)OC(=O)CCCCCCC	10.000	10278570;73416181;73416182	PUBCHEMANNOTATIONBIO:(null);HMDB:(HMDB0072193 HMDB0072251);CHEBI:(180791);SUPERNATURAL:(SN0277496);FooDB:(FDB044194 FDB044252);PUBCHEM:(10278570 73416181 73416182);PUBCHEMANNOTATIONDRUG:(null)	588251178	516.426	1488	24.797	857333370009808198	857316108849936063	857316108849936062	32437	
1	1	0.159	0.159	-191.002		0.998	25.460	C19H34O4	[M + H]+	C19H35O4+	DJOHXRVQHUODRQ	InChI=1S/C19H34O4/c1-3-4-5-9-12-17(20)15-16-18(21)13-10-7-6-8-11-14-19(22)23-2/h3-16H2,1-2H3	Octadecanoic acid, 9,12-dioxo-, methyl ester	CCCCCCC(=O)CCC(=O)CCCCCCCC(=O)OC	4.100	10806067	MESH:(10806067);PUBCHEM:(10806067);DSSTox:(DTXSID60445216);PUBMED:(null)	137438953542	327.253	1488	24.798	857333377630858826	857316108887684803	857316108887684802	32461	
1	1	0.420	0.420	-183.883		1.000	78.624	C21H38O4	[M + H]+	C21H39O4+	LUEXONQWCUYSSK	InChI=1S/C21H38O4/c1-2-3-4-5-6-7-8-9-10-11-12-13-14-15-16-17-21(24)25-19-20(23)18-22/h8-11,20,22-23H,2-7,12-19H2,1H3	[(2R)-2,3-dihydroxypropyl] (8Z,10E)-octadeca-8,10-dienoate	CCCCCCCC=CC=CCCCCCCC(=O)OCC(CO)O	5.671	56684128	PUBCHEMANNOTATIONBIO:(null);PUBCHEM:(56684128)	16777218	355.284	1488	24.807	857333375550483787	857316108925433543	857316108925433542	32460	
1	1	0.106	0.106	-69.255		0.500	59.399	C7H12N4	[M + H]+	C7H13N4+	DKRJNDYSGMPAAB	InChI=1S/C7H12N4/c8-5-7-10-9-6-3-1-2-4-11(6)7/h1-5,8H2	(5,6,7,8-Tetrahydro-[1,2,4]triazolo[4,3-A]pyridin-3-YL)methanamine	C1CCN2C(=NN=C2CN)C1	-1.000	16767493	PUBCHEMANNOTATIONSAFETYANDTOXIC:(null);PUBCHEM:(16767493);DSSTox:(DTXSID401176903)	137506062338	153.113	1564	26.072	857333377463086649	857316109000931023	857316109000931022	33766	
1	1	0.110	0.110	-120.303		0.999	42.857	C7H10N4	[M + H]+	C7H11N4+	YRXPELGWPRNBCO	InChI=1S/C7H10N4/c1-5-6-8-10-11(9-6)7(2,3)4/h1H,2-4H3	2-Tert-butyl-5-ethynyltetrazole	CC(C)(C)N1N=C(N=N1)C#C	1.300	145875178	PUBCHEMANNOTATIONSAFETYANDTOXIC:(null);PUBCHEM:(145875178)	67108866	151.098	1566	26.093	857333379577016240	857316109042874067	857316109042874066	33789	
1	1	-Infinity	-Infinity	-12.796		1.000	45.245	C14H42O7Si7	[M + H]+	C14H43O7Si7+	GSANOGQCVHBHIF	InChI=1S/C14H42O7Si7/c1-22(2)15-23(3,4)17-25(7,8)19-27(11,12)21-28(13,14)20-26(9,10)18-24(5,6)16-22/h1-14H3	tetradecamethylcycloheptasiloxane	C[Si]1(O[Si](O[Si](O[Si](O[Si](O[Si](O[Si](O1)(C)C)(C)C)(C)C)(C)C)(C)C)(C)C)C	8.532	89586194;7874	COCONUT:(CNP0082269);NORMAN:(NS00041292);PUBCHEMANNOTATIONSAFETYANDTOXIC:(null);CHEBI:(87988);SUPERNATURAL:(SN0113817);PUBCHEM:(89586194 7874);DSSTox:(DTXSID8059348);MACONDA:(CON00110);PUBMED:(null)	137509471330	519.139	1572	26.199	857333626713798226	857316109089011415	857316109084817110	33890	
1	10	-Infinity	-Infinity	-124.848		0.006	29.307	C19H34O10S3	[M + H3N + H]+	C19H38NO10S3+	HYMMQMDWJFDISZ	InChI=1S/C19H34O10S3/c20-7-18(8-21,12-27-15(23)1-4-30)10-26-11-19(9-22,13-28-16(24)2-5-31)14-29-17(25)3-6-32/h20-22,30-32H,1-14H2	[2,2-Bis(hydroxymethyl)-3-[2-(hydroxymethyl)-3-(3-sulfanylpropanoyloxy)-2-(3-sulfanylpropanoyloxymethyl)propoxy]propyl] 3-sulfanylpropanoate	C(CS)C(=O)OCC(CO)(CO)COCC(CO)(COC(=O)CCS)COC(=O)CCS	-1.400	122692481	PUBCHEM:(122692481)	2	536.166	1572	26.199	857333679050325043	857316109130954459	857316109126760154	33970	
1	1	0.204	0.204	-66.783		1.000	23.522	C6H10N2	[M + H3N + H]+	C6H14N3+	MBAJKEJMOVVLRP	InChI=1S/C6H10N2/c1-5-3-8-6(2)4-7-5/h3-4H2,1-2H3	2,5-Dihydro-3,6-dimethylpyrazine	CC1=NCC(=NC1)C	-0.200	10486813	MESH:(10486813);PUBCHEM:(10486813);PUBMED:(null)	70	128.118	1652	27.535	857333595822747918	857316109336475375	857316109336475374	35443	
1	1	0.232	0.232	-65.996		0.333	97.728	C7H12N4	[M + H]+	C7H13N4+	DKRJNDYSGMPAAB	InChI=1S/C7H12N4/c8-5-7-10-9-6-3-1-2-4-11(6)7/h1-5,8H2	(5,6,7,8-Tetrahydro-[1,2,4]triazolo[4,3-A]pyridin-3-YL)methanamine	C1CCN2C(=NN=C2CN)C1	-1.000	16767493	PUBCHEMANNOTATIONSAFETYANDTOXIC:(null);PUBCHEM:(16767493);DSSTox:(DTXSID401176903)	137506062338	153.113	1653	27.548	857333594778366198	857316109470693107	857316109466498802	35455	
1	2	0.109	0.145	-25.867		0.250	32.443	C5H6N2	[M + H3N + H]+	C5H10N3+	MXDRPNGTQDRKQM	InChI=1S/C5H6N2/c1-5-3-2-4-6-7-5/h2-4H,1H3	Ambap1632-76-4	CC1=NN=CC=C1	0.980	23288728;59140938;59374799;132494958;74208;12440032	COCONUT:(CNP0457678);NORMAN:(NS00014377);PUBCHEMANNOTATIONSAFETYANDTOXIC:(null);SUPERNATURAL:(SN0237764);MESH:(74208);PUBCHEM:(23288728 59140938 59374799 132494958 74208 12440032);public_spectra_2506;DSSTox:(DTXSID80167529);GNPS:(CCMSLIB00000579464);PUBMED:(null)	146099408966	112.087	1656	27.592	857333595759833349	857316109516830455	857316109512636150	35502	
1	1	0.245	0.245	-67.335		1.000	94.846	C7H12N4	[M + H]+	C7H13N4+	DKRJNDYSGMPAAB	InChI=1S/C7H12N4/c8-5-7-10-9-6-3-1-2-4-11(6)7/h1-5,8H2	(5,6,7,8-Tetrahydro-[1,2,4]triazolo[4,3-A]pyridin-3-YL)methanamine	C1CCN2C(=NN=C2CN)C1	-1.000	16767493	PUBCHEMANNOTATIONSAFETYANDTOXIC:(null);PUBCHEM:(16767493);DSSTox:(DTXSID401176903)	137506062338	153.113	1679	27.985	857333603439604287	857316109961426723	857316109961426722	35968	
1	1	0.600	0.647	-48.130		1.000	80.183	C6H9N3	[M + H]+	C6H10N3+	UXKNAXNFIYFMIB	InChI=1S/C6H9N3/c1-4-3-8-5(2)9-6(4)7/h3H,1-2H3,(H2,7,8,9)	2,5-Dimethylpyrimidin-4-amine	CC1=CN=C(N=C1N)C	0.600	101218198;101392707;101392708;101392711;136729074;445779	PUBCHEMANNOTATIONBIO:(null);NORMAN:(NS00069139);PUBCHEM:(101218198 101392707 101392708 101392711 136729074 445779);DSSTox:(DTXSID90332201);PUBMED:(null)	137455992898	124.089	1718	28.626	857333615586308750	857316110095644463	857316110095644462	36809	
1	2	0.053	0.053	-43.921		0.489	25.401	C5H8N2	[M + C2H3N + H]+	C7H12N3+	QKMFIWVMUXSTNF	InChI=1S/C5H8N2/c6-4-2-1-3-5-7/h2,5-7H,1,3H2		C(CC=N)C=C=N	0.600	139916501	PUBCHEM:(139916501)	2	138.103	1774	29.574	857333626416002637	857316110452160339	857316110447966034	37956	
1	1	0.227	0.312	-53.903		0.999	20.949	C6H9N3	[M + H]+	C6H10N3+	SWBUHQQTIPEPMK	InChI=1S/C6H9N3/c1-3-9-4-2-8-6(9)5-7-1/h2,4,7H,1,3,5H2	5,6,7,8-tetrahydro-1H-imidazo[1,2-a]pyrazin-4-ium	C1CN2C=CN=C2CN1	-0.900	37818927;13247046	PUBCHEMANNOTATIONSAFETYANDTOXIC:(null);PUBCHEM:(37818927 13247046);DSSTox:(DTXSID10531779 DTXSID40656808)	137506062338	124.089	1830	30.507	857333634863330909	857316110460548951	857316110460548950	39158	
